"model_id","draw_id","sample_index","date","segment","value"
"exdqlm_univar_synth","draw_001",1,"2021-10-25","history","0.479449968022125"
"exdqlm_univar_synth","draw_001",1,"2021-10-26","history","-0.144106894400393"
"exdqlm_univar_synth","draw_001",1,"2021-10-27","history","-0.0526811191130485"
"exdqlm_univar_synth","draw_001",1,"2021-10-28","history","-0.710671354611728"
"exdqlm_univar_synth","draw_001",1,"2021-10-29","history","-0.782652299183823"
"exdqlm_univar_synth","draw_001",1,"2021-10-30","history","-0.569227513572536"
"exdqlm_univar_synth","draw_001",1,"2021-10-31","history","-0.391222841595790"
"exdqlm_univar_synth","draw_001",1,"2021-11-01","history","-0.295873459874505"
"exdqlm_univar_synth","draw_001",1,"2021-11-02","history","-0.134864964208218"
"exdqlm_univar_synth","draw_001",1,"2021-11-03","history","-0.336944798771423"
"exdqlm_univar_synth","draw_001",1,"2021-11-04","history","-0.120332935907570"
"exdqlm_univar_synth","draw_001",1,"2021-11-05","history","-0.323124123001422"
"exdqlm_univar_synth","draw_001",1,"2021-11-06","history","-0.538188624949897"
"exdqlm_univar_synth","draw_001",1,"2021-11-07","history","-0.550131850794952"
"exdqlm_univar_synth","draw_001",1,"2021-11-08","history","-0.629678001840717"
"exdqlm_univar_synth","draw_001",1,"2021-11-09","history","-0.0919181639002491"
"exdqlm_univar_synth","draw_001",1,"2021-11-10","history","-0.0882659856203608"
"exdqlm_univar_synth","draw_001",1,"2021-11-11","history","-0.0425709324470154"
"exdqlm_univar_synth","draw_001",1,"2021-11-12","history","-0.306900868846010"
"exdqlm_univar_synth","draw_002",17,"2021-10-25","history","1.53703151248170"
"exdqlm_univar_synth","draw_002",17,"2021-10-26","history","-0.132796828350876"
"exdqlm_univar_synth","draw_002",17,"2021-10-27","history","-0.0275213231013271"
"exdqlm_univar_synth","draw_002",17,"2021-10-28","history","-0.384115071657676"
"exdqlm_univar_synth","draw_002",17,"2021-10-29","history","-0.567895320383322"
"exdqlm_univar_synth","draw_002",17,"2021-10-30","history","-0.302995588329472"
"exdqlm_univar_synth","draw_002",17,"2021-10-31","history","-0.481275001730823"
"exdqlm_univar_synth","draw_002",17,"2021-11-01","history","-0.664583889466053"
"exdqlm_univar_synth","draw_002",17,"2021-11-02","history","-0.257884008702805"
"exdqlm_univar_synth","draw_002",17,"2021-11-03","history","-0.459652722654324"
"exdqlm_univar_synth","draw_002",17,"2021-11-04","history","-0.527876845687802"
"exdqlm_univar_synth","draw_002",17,"2021-11-05","history","-0.622743298645613"
"exdqlm_univar_synth","draw_002",17,"2021-11-06","history","-0.244153571272223"
"exdqlm_univar_synth","draw_002",17,"2021-11-07","history","-0.402276320051587"
"exdqlm_univar_synth","draw_002",17,"2021-11-08","history","-0.508980556577548"
"exdqlm_univar_synth","draw_002",17,"2021-11-09","history","0.106639490486835"
"exdqlm_univar_synth","draw_002",17,"2021-11-10","history","-0.0923348132757593"
"exdqlm_univar_synth","draw_002",17,"2021-11-11","history","-0.105356506150634"
"exdqlm_univar_synth","draw_002",17,"2021-11-12","history","-0.537406320999391"
"exdqlm_univar_synth","draw_003",32,"2021-10-25","history","0.939470383644741"
"exdqlm_univar_synth","draw_003",32,"2021-10-26","history","-0.123719767433192"
"exdqlm_univar_synth","draw_003",32,"2021-10-27","history","-0.00413966071789741"
"exdqlm_univar_synth","draw_003",32,"2021-10-28","history","-0.631473702013061"
"exdqlm_univar_synth","draw_003",32,"2021-10-29","history","-0.758136845919664"
"exdqlm_univar_synth","draw_003",32,"2021-10-30","history","-0.471855703116865"
"exdqlm_univar_synth","draw_003",32,"2021-10-31","history","-0.519307703832658"
"exdqlm_univar_synth","draw_003",32,"2021-11-01","history","-0.312952821544695"
"exdqlm_univar_synth","draw_003",32,"2021-11-02","history","-0.152738202734115"
"exdqlm_univar_synth","draw_003",32,"2021-11-03","history","-0.308792792108098"
"exdqlm_univar_synth","draw_003",32,"2021-11-04","history","-0.180989726875930"
"exdqlm_univar_synth","draw_003",32,"2021-11-05","history","0.0780001661311938"
"exdqlm_univar_synth","draw_003",32,"2021-11-06","history","-0.697467404352301"
"exdqlm_univar_synth","draw_003",32,"2021-11-07","history","-0.345082600217425"
"exdqlm_univar_synth","draw_003",32,"2021-11-08","history","-0.611643877576562"
"exdqlm_univar_synth","draw_003",32,"2021-11-09","history","0.0708497163983911"
"exdqlm_univar_synth","draw_003",32,"2021-11-10","history","-0.0262834997946454"
"exdqlm_univar_synth","draw_003",32,"2021-11-11","history","-0.251700440396733"
"exdqlm_univar_synth","draw_003",32,"2021-11-12","history","-0.417723290299919"
"exdqlm_univar_synth","draw_004",48,"2021-10-25","history","0.548805041096670"
"exdqlm_univar_synth","draw_004",48,"2021-10-26","history","0.135319877107701"
"exdqlm_univar_synth","draw_004",48,"2021-10-27","history","-0.0514791121147847"
"exdqlm_univar_synth","draw_004",48,"2021-10-28","history","-0.542185805686143"
"exdqlm_univar_synth","draw_004",48,"2021-10-29","history","-0.775573639405049"
"exdqlm_univar_synth","draw_004",48,"2021-10-30","history","-0.541460230643605"
"exdqlm_univar_synth","draw_004",48,"2021-10-31","history","-0.579446257907594"
"exdqlm_univar_synth","draw_004",48,"2021-11-01","history","-0.465768559702945"
"exdqlm_univar_synth","draw_004",48,"2021-11-02","history","-0.0106002725299358"
"exdqlm_univar_synth","draw_004",48,"2021-11-03","history","-0.430300635339521"
"exdqlm_univar_synth","draw_004",48,"2021-11-04","history","-0.489739394122412"
"exdqlm_univar_synth","draw_004",48,"2021-11-05","history","-0.240424807606276"
"exdqlm_univar_synth","draw_004",48,"2021-11-06","history","-0.534681458134602"
"exdqlm_univar_synth","draw_004",48,"2021-11-07","history","-0.531345519266207"
"exdqlm_univar_synth","draw_004",48,"2021-11-08","history","-0.492675884478365"
"exdqlm_univar_synth","draw_004",48,"2021-11-09","history","0.346241866179725"
"exdqlm_univar_synth","draw_004",48,"2021-11-10","history","-0.165194365445191"
"exdqlm_univar_synth","draw_004",48,"2021-11-11","history","-0.228714616525386"
"exdqlm_univar_synth","draw_004",48,"2021-11-12","history","-0.430633522222371"
"exdqlm_univar_synth","draw_005",64,"2021-10-25","history","1.47699915834195"
"exdqlm_univar_synth","draw_005",64,"2021-10-26","history","0.0811403450878091"
"exdqlm_univar_synth","draw_005",64,"2021-10-27","history","-0.00590715820271464"
"exdqlm_univar_synth","draw_005",64,"2021-10-28","history","-0.607916738873726"
"exdqlm_univar_synth","draw_005",64,"2021-10-29","history","-0.347891309635606"
"exdqlm_univar_synth","draw_005",64,"2021-10-30","history","-0.727247874224802"
"exdqlm_univar_synth","draw_005",64,"2021-10-31","history","-0.642101446271718"
"exdqlm_univar_synth","draw_005",64,"2021-11-01","history","-0.895604634516247"
"exdqlm_univar_synth","draw_005",64,"2021-11-02","history","-0.0550540148780780"
"exdqlm_univar_synth","draw_005",64,"2021-11-03","history","-0.465262202362085"
"exdqlm_univar_synth","draw_005",64,"2021-11-04","history","-0.530442258288834"
"exdqlm_univar_synth","draw_005",64,"2021-11-05","history","-0.498192306635329"
"exdqlm_univar_synth","draw_005",64,"2021-11-06","history","-0.310258947236363"
"exdqlm_univar_synth","draw_005",64,"2021-11-07","history","-0.485029914600091"
"exdqlm_univar_synth","draw_005",64,"2021-11-08","history","-0.613326440362778"
"exdqlm_univar_synth","draw_005",64,"2021-11-09","history","0.338198752792580"
"exdqlm_univar_synth","draw_005",64,"2021-11-10","history","-0.132874514249558"
"exdqlm_univar_synth","draw_005",64,"2021-11-11","history","-0.350240969390939"
"exdqlm_univar_synth","draw_005",64,"2021-11-12","history","-0.157298977287569"
"exdqlm_univar_synth","draw_006",80,"2021-10-25","history","1.43526915439199"
"exdqlm_univar_synth","draw_006",80,"2021-10-26","history","0.487503705365354"
"exdqlm_univar_synth","draw_006",80,"2021-10-27","history","0.144075045682469"
"exdqlm_univar_synth","draw_006",80,"2021-10-28","history","-0.628404763255727"
"exdqlm_univar_synth","draw_006",80,"2021-10-29","history","-0.664835998180912"
"exdqlm_univar_synth","draw_006",80,"2021-10-30","history","-0.275747622598634"
"exdqlm_univar_synth","draw_006",80,"2021-10-31","history","-0.826376894115163"
"exdqlm_univar_synth","draw_006",80,"2021-11-01","history","-0.644457648996850"
"exdqlm_univar_synth","draw_006",80,"2021-11-02","history","0.168388647561449"
"exdqlm_univar_synth","draw_006",80,"2021-11-03","history","-0.416351132560925"
"exdqlm_univar_synth","draw_006",80,"2021-11-04","history","-0.200755320926016"
"exdqlm_univar_synth","draw_006",80,"2021-11-05","history","-0.594411104585875"
"exdqlm_univar_synth","draw_006",80,"2021-11-06","history","0.0264783000029983"
"exdqlm_univar_synth","draw_006",80,"2021-11-07","history","-0.366459983446095"
"exdqlm_univar_synth","draw_006",80,"2021-11-08","history","-0.484320607548062"
"exdqlm_univar_synth","draw_006",80,"2021-11-09","history","0.0268584546840780"
"exdqlm_univar_synth","draw_006",80,"2021-11-10","history","-0.00539474019363856"
"exdqlm_univar_synth","draw_006",80,"2021-11-11","history","-0.109952981706345"
"exdqlm_univar_synth","draw_006",80,"2021-11-12","history","-0.453538903548484"
"exdqlm_univar_synth","draw_007",95,"2021-10-25","history","0.508773272200372"
"exdqlm_univar_synth","draw_007",95,"2021-10-26","history","0.0919244638883133"
"exdqlm_univar_synth","draw_007",95,"2021-10-27","history","-0.213210693415074"
"exdqlm_univar_synth","draw_007",95,"2021-10-28","history","-0.538904479949659"
"exdqlm_univar_synth","draw_007",95,"2021-10-29","history","-0.792519532845659"
"exdqlm_univar_synth","draw_007",95,"2021-10-30","history","-0.301469366800322"
"exdqlm_univar_synth","draw_007",95,"2021-10-31","history","-0.332273236066276"
"exdqlm_univar_synth","draw_007",95,"2021-11-01","history","-0.707112647800191"
"exdqlm_univar_synth","draw_007",95,"2021-11-02","history","0.194062346135989"
"exdqlm_univar_synth","draw_007",95,"2021-11-03","history","-0.517859963756750"
"exdqlm_univar_synth","draw_007",95,"2021-11-04","history","-0.260644729956184"
"exdqlm_univar_synth","draw_007",95,"2021-11-05","history","-0.444918956556063"
"exdqlm_univar_synth","draw_007",95,"2021-11-06","history","-0.453826954272909"
"exdqlm_univar_synth","draw_007",95,"2021-11-07","history","-0.407261739441766"
"exdqlm_univar_synth","draw_007",95,"2021-11-08","history","-0.475978857477252"
"exdqlm_univar_synth","draw_007",95,"2021-11-09","history","0.189576526005535"
"exdqlm_univar_synth","draw_007",95,"2021-11-10","history","-0.149966302792102"
"exdqlm_univar_synth","draw_007",95,"2021-11-11","history","-0.327851404158423"
"exdqlm_univar_synth","draw_007",95,"2021-11-12","history","-0.407435726743287"
"exdqlm_univar_synth","draw_008",111,"2021-10-25","history","1.35395089672077"
"exdqlm_univar_synth","draw_008",111,"2021-10-26","history","0.0486775486037540"
"exdqlm_univar_synth","draw_008",111,"2021-10-27","history","-0.177275821668476"
"exdqlm_univar_synth","draw_008",111,"2021-10-28","history","-0.693705255429935"
"exdqlm_univar_synth","draw_008",111,"2021-10-29","history","-0.508747256855900"
"exdqlm_univar_synth","draw_008",111,"2021-10-30","history","-0.690946105015499"
"exdqlm_univar_synth","draw_008",111,"2021-10-31","history","-0.483981647945616"
"exdqlm_univar_synth","draw_008",111,"2021-11-01","history","-0.204633957074677"
"exdqlm_univar_synth","draw_008",111,"2021-11-02","history","0.342044710066161"
"exdqlm_univar_synth","draw_008",111,"2021-11-03","history","-0.321903873891656"
"exdqlm_univar_synth","draw_008",111,"2021-11-04","history","-0.232305559408929"
"exdqlm_univar_synth","draw_008",111,"2021-11-05","history","-0.242079001517900"
"exdqlm_univar_synth","draw_008",111,"2021-11-06","history","-0.239997010634211"
"exdqlm_univar_synth","draw_008",111,"2021-11-07","history","-0.527397648243337"
"exdqlm_univar_synth","draw_008",111,"2021-11-08","history","-0.580005726607578"
"exdqlm_univar_synth","draw_008",111,"2021-11-09","history","0.0357569326705202"
"exdqlm_univar_synth","draw_008",111,"2021-11-10","history","-0.0417517512355166"
"exdqlm_univar_synth","draw_008",111,"2021-11-11","history","-0.102137577941515"
"exdqlm_univar_synth","draw_008",111,"2021-11-12","history","-0.404544238967610"
"exdqlm_univar_synth","draw_009",127,"2021-10-25","history","1.04514350935560"
"exdqlm_univar_synth","draw_009",127,"2021-10-26","history","0.577874930235592"
"exdqlm_univar_synth","draw_009",127,"2021-10-27","history","-0.0498107116575104"
"exdqlm_univar_synth","draw_009",127,"2021-10-28","history","-0.913431289298606"
"exdqlm_univar_synth","draw_009",127,"2021-10-29","history","-0.554401591913630"
"exdqlm_univar_synth","draw_009",127,"2021-10-30","history","-0.302844681092940"
"exdqlm_univar_synth","draw_009",127,"2021-10-31","history","-0.308816789839727"
"exdqlm_univar_synth","draw_009",127,"2021-11-01","history","-0.398878588805371"
"exdqlm_univar_synth","draw_009",127,"2021-11-02","history","-0.144277614518725"
"exdqlm_univar_synth","draw_009",127,"2021-11-03","history","-0.452307722568787"
"exdqlm_univar_synth","draw_009",127,"2021-11-04","history","-0.398520160543619"
"exdqlm_univar_synth","draw_009",127,"2021-11-05","history","-0.362141882916887"
"exdqlm_univar_synth","draw_009",127,"2021-11-06","history","-0.468277022400445"
"exdqlm_univar_synth","draw_009",127,"2021-11-07","history","-0.211246446809425"
"exdqlm_univar_synth","draw_009",127,"2021-11-08","history","-0.569328504694154"
"exdqlm_univar_synth","draw_009",127,"2021-11-09","history","-0.0812021407153967"
"exdqlm_univar_synth","draw_009",127,"2021-11-10","history","0.230391837462781"
"exdqlm_univar_synth","draw_009",127,"2021-11-11","history","-0.0323581570992213"
"exdqlm_univar_synth","draw_009",127,"2021-11-12","history","-0.165945515966906"
"exdqlm_univar_synth","draw_010",143,"2021-10-25","history","1.25911140276342"
"exdqlm_univar_synth","draw_010",143,"2021-10-26","history","0.340979776022207"
"exdqlm_univar_synth","draw_010",143,"2021-10-27","history","0.0223426613978006"
"exdqlm_univar_synth","draw_010",143,"2021-10-28","history","-0.328863119289275"
"exdqlm_univar_synth","draw_010",143,"2021-10-29","history","-0.584874471765409"
"exdqlm_univar_synth","draw_010",143,"2021-10-30","history","-0.772723647421968"
"exdqlm_univar_synth","draw_010",143,"2021-10-31","history","-0.256102703362976"
"exdqlm_univar_synth","draw_010",143,"2021-11-01","history","-0.331781256228456"
"exdqlm_univar_synth","draw_010",143,"2021-11-02","history","-0.233560473489087"
"exdqlm_univar_synth","draw_010",143,"2021-11-03","history","-0.222126201407170"
"exdqlm_univar_synth","draw_010",143,"2021-11-04","history","-0.322855159699555"
"exdqlm_univar_synth","draw_010",143,"2021-11-05","history","-0.633598855356487"
"exdqlm_univar_synth","draw_010",143,"2021-11-06","history","-0.624885897088193"
"exdqlm_univar_synth","draw_010",143,"2021-11-07","history","-0.441777701149499"
"exdqlm_univar_synth","draw_010",143,"2021-11-08","history","-0.564546220341655"
"exdqlm_univar_synth","draw_010",143,"2021-11-09","history","0.493909768723291"
"exdqlm_univar_synth","draw_010",143,"2021-11-10","history","-0.0152604613283061"
"exdqlm_univar_synth","draw_010",143,"2021-11-11","history","-0.110670579749165"
"exdqlm_univar_synth","draw_010",143,"2021-11-12","history","-0.381707983530044"
"exdqlm_univar_synth","draw_011",158,"2021-10-25","history","1.33140384271165"
"exdqlm_univar_synth","draw_011",158,"2021-10-26","history","0.130466199813127"
"exdqlm_univar_synth","draw_011",158,"2021-10-27","history","-0.176835540623773"
"exdqlm_univar_synth","draw_011",158,"2021-10-28","history","-0.626868921427985"
"exdqlm_univar_synth","draw_011",158,"2021-10-29","history","-0.736383446129852"
"exdqlm_univar_synth","draw_011",158,"2021-10-30","history","-0.467938730397834"
"exdqlm_univar_synth","draw_011",158,"2021-10-31","history","-0.695092803964189"
"exdqlm_univar_synth","draw_011",158,"2021-11-01","history","-0.511222695743692"
"exdqlm_univar_synth","draw_011",158,"2021-11-02","history","0.248818767948627"
"exdqlm_univar_synth","draw_011",158,"2021-11-03","history","-0.506600899441118"
"exdqlm_univar_synth","draw_011",158,"2021-11-04","history","-0.135358583889289"
"exdqlm_univar_synth","draw_011",158,"2021-11-05","history","-0.544081037357783"
"exdqlm_univar_synth","draw_011",158,"2021-11-06","history","-0.369120239048896"
"exdqlm_univar_synth","draw_011",158,"2021-11-07","history","-0.248590603326010"
"exdqlm_univar_synth","draw_011",158,"2021-11-08","history","-0.347354781551562"
"exdqlm_univar_synth","draw_011",158,"2021-11-09","history","0.415606641895243"
"exdqlm_univar_synth","draw_011",158,"2021-11-10","history","-0.0827091776745718"
"exdqlm_univar_synth","draw_011",158,"2021-11-11","history","-0.184350138130890"
"exdqlm_univar_synth","draw_011",158,"2021-11-12","history","-0.0999950037510111"
"exdqlm_univar_synth","draw_012",174,"2021-10-25","history","0.914008265891002"
"exdqlm_univar_synth","draw_012",174,"2021-10-26","history","0.109286752613198"
"exdqlm_univar_synth","draw_012",174,"2021-10-27","history","-0.213834415895520"
"exdqlm_univar_synth","draw_012",174,"2021-10-28","history","-0.621708314678584"
"exdqlm_univar_synth","draw_012",174,"2021-10-29","history","-0.778852192580595"
"exdqlm_univar_synth","draw_012",174,"2021-10-30","history","-0.510714820894994"
"exdqlm_univar_synth","draw_012",174,"2021-10-31","history","-0.338677604493359"
"exdqlm_univar_synth","draw_012",174,"2021-11-01","history","-0.625129813449783"
"exdqlm_univar_synth","draw_012",174,"2021-11-02","history","-0.192796831724837"
"exdqlm_univar_synth","draw_012",174,"2021-11-03","history","-0.517663405595123"
"exdqlm_univar_synth","draw_012",174,"2021-11-04","history","-0.137574875618237"
"exdqlm_univar_synth","draw_012",174,"2021-11-05","history","-0.384598380182397"
"exdqlm_univar_synth","draw_012",174,"2021-11-06","history","-0.621440021036893"
"exdqlm_univar_synth","draw_012",174,"2021-11-07","history","-0.388697258246114"
"exdqlm_univar_synth","draw_012",174,"2021-11-08","history","-0.476047932503336"
"exdqlm_univar_synth","draw_012",174,"2021-11-09","history","-0.0257098487881999"
"exdqlm_univar_synth","draw_012",174,"2021-11-10","history","-0.0992965109907061"
"exdqlm_univar_synth","draw_012",174,"2021-11-11","history","-0.219922985669191"
"exdqlm_univar_synth","draw_012",174,"2021-11-12","history","-0.484431771782032"
"exdqlm_univar_synth","draw_013",190,"2021-10-25","history","1.56351138016147"
"exdqlm_univar_synth","draw_013",190,"2021-10-26","history","-0.0459838852679917"
"exdqlm_univar_synth","draw_013",190,"2021-10-27","history","-0.139559875185326"
"exdqlm_univar_synth","draw_013",190,"2021-10-28","history","-0.498787999620673"
"exdqlm_univar_synth","draw_013",190,"2021-10-29","history","-0.372968746476160"
"exdqlm_univar_synth","draw_013",190,"2021-10-30","history","-0.669935474699852"
"exdqlm_univar_synth","draw_013",190,"2021-10-31","history","-0.875213279124346"
"exdqlm_univar_synth","draw_013",190,"2021-11-01","history","-0.452678743933704"
"exdqlm_univar_synth","draw_013",190,"2021-11-02","history","0.131130743888155"
"exdqlm_univar_synth","draw_013",190,"2021-11-03","history","-0.555532461550324"
"exdqlm_univar_synth","draw_013",190,"2021-11-04","history","-0.505723403946260"
"exdqlm_univar_synth","draw_013",190,"2021-11-05","history","-0.455166361185409"
"exdqlm_univar_synth","draw_013",190,"2021-11-06","history","-0.382751018287069"
"exdqlm_univar_synth","draw_013",190,"2021-11-07","history","-0.491753413313016"
"exdqlm_univar_synth","draw_013",190,"2021-11-08","history","-0.315729205116001"
"exdqlm_univar_synth","draw_013",190,"2021-11-09","history","0.351215731994108"
"exdqlm_univar_synth","draw_013",190,"2021-11-10","history","-0.0755641552375787"
"exdqlm_univar_synth","draw_013",190,"2021-11-11","history","-0.0410872236472512"
"exdqlm_univar_synth","draw_013",190,"2021-11-12","history","-0.0814236015101611"
"exdqlm_univar_synth","draw_014",206,"2021-10-25","history","0.861940320864509"
"exdqlm_univar_synth","draw_014",206,"2021-10-26","history","0.0581167121940924"
"exdqlm_univar_synth","draw_014",206,"2021-10-27","history","-0.218946266246770"
"exdqlm_univar_synth","draw_014",206,"2021-10-28","history","-0.785951025834956"
"exdqlm_univar_synth","draw_014",206,"2021-10-29","history","-0.742339539634639"
"exdqlm_univar_synth","draw_014",206,"2021-10-30","history","-0.552656441248873"
"exdqlm_univar_synth","draw_014",206,"2021-10-31","history","-0.493509184998835"
"exdqlm_univar_synth","draw_014",206,"2021-11-01","history","-0.699180440117482"
"exdqlm_univar_synth","draw_014",206,"2021-11-02","history","-0.287499787691045"
"exdqlm_univar_synth","draw_014",206,"2021-11-03","history","-0.507219587261490"
"exdqlm_univar_synth","draw_014",206,"2021-11-04","history","-0.161580506702786"
"exdqlm_univar_synth","draw_014",206,"2021-11-05","history","-0.456978269923978"
"exdqlm_univar_synth","draw_014",206,"2021-11-06","history","-0.182126676433076"
"exdqlm_univar_synth","draw_014",206,"2021-11-07","history","-0.468725499228568"
"exdqlm_univar_synth","draw_014",206,"2021-11-08","history","-0.616777338410787"
"exdqlm_univar_synth","draw_014",206,"2021-11-09","history","-0.0674807780091960"
"exdqlm_univar_synth","draw_014",206,"2021-11-10","history","-0.196617713724404"
"exdqlm_univar_synth","draw_014",206,"2021-11-11","history","-0.344708385686544"
"exdqlm_univar_synth","draw_014",206,"2021-11-12","history","-0.493852733980040"
"exdqlm_univar_synth","draw_015",221,"2021-10-25","history","1.52301932757044"
"exdqlm_univar_synth","draw_015",221,"2021-10-26","history","0.181081244966715"
"exdqlm_univar_synth","draw_015",221,"2021-10-27","history","-0.253235671937261"
"exdqlm_univar_synth","draw_015",221,"2021-10-28","history","-0.545622208989420"
"exdqlm_univar_synth","draw_015",221,"2021-10-29","history","-0.734220944805273"
"exdqlm_univar_synth","draw_015",221,"2021-10-30","history","-0.677617832662512"
"exdqlm_univar_synth","draw_015",221,"2021-10-31","history","-0.604951054319346"
"exdqlm_univar_synth","draw_015",221,"2021-11-01","history","-0.656191386577151"
"exdqlm_univar_synth","draw_015",221,"2021-11-02","history","-0.115058113107914"
"exdqlm_univar_synth","draw_015",221,"2021-11-03","history","-0.228248807467313"
"exdqlm_univar_synth","draw_015",221,"2021-11-04","history","-0.485264025346017"
"exdqlm_univar_synth","draw_015",221,"2021-11-05","history","-0.501696737318221"
"exdqlm_univar_synth","draw_015",221,"2021-11-06","history","-0.635318411070767"
"exdqlm_univar_synth","draw_015",221,"2021-11-07","history","-0.309621461001874"
"exdqlm_univar_synth","draw_015",221,"2021-11-08","history","-0.290437797932409"
"exdqlm_univar_synth","draw_015",221,"2021-11-09","history","-0.144342885916282"
"exdqlm_univar_synth","draw_015",221,"2021-11-10","history","-0.101564207165655"
"exdqlm_univar_synth","draw_015",221,"2021-11-11","history","-0.335931553414905"
"exdqlm_univar_synth","draw_015",221,"2021-11-12","history","-0.271182985156429"
"exdqlm_univar_synth","draw_016",237,"2021-10-25","history","1.69094176691473"
"exdqlm_univar_synth","draw_016",237,"2021-10-26","history","0.320885233707298"
"exdqlm_univar_synth","draw_016",237,"2021-10-27","history","0.0927098410954592"
"exdqlm_univar_synth","draw_016",237,"2021-10-28","history","-0.380697765105059"
"exdqlm_univar_synth","draw_016",237,"2021-10-29","history","-0.378541035850826"
"exdqlm_univar_synth","draw_016",237,"2021-10-30","history","-0.740637616554383"
"exdqlm_univar_synth","draw_016",237,"2021-10-31","history","-0.720111837939191"
"exdqlm_univar_synth","draw_016",237,"2021-11-01","history","-0.584398732296180"
"exdqlm_univar_synth","draw_016",237,"2021-11-02","history","0.277859961967111"
"exdqlm_univar_synth","draw_016",237,"2021-11-03","history","-0.446617230890626"
"exdqlm_univar_synth","draw_016",237,"2021-11-04","history","-0.354605954211418"
"exdqlm_univar_synth","draw_016",237,"2021-11-05","history","-0.588204909760566"
"exdqlm_univar_synth","draw_016",237,"2021-11-06","history","-0.449928379167723"
"exdqlm_univar_synth","draw_016",237,"2021-11-07","history","-0.259425529106983"
"exdqlm_univar_synth","draw_016",237,"2021-11-08","history","-0.416210505057053"
"exdqlm_univar_synth","draw_016",237,"2021-11-09","history","0.325172679352129"
"exdqlm_univar_synth","draw_016",237,"2021-11-10","history","-0.128260367131576"
"exdqlm_univar_synth","draw_016",237,"2021-11-11","history","-0.144797407479140"
"exdqlm_univar_synth","draw_016",237,"2021-11-12","history","-0.297366020181520"
"exdqlm_univar_synth","draw_017",253,"2021-10-25","history","0.545064135378922"
"exdqlm_univar_synth","draw_017",253,"2021-10-26","history","0.156442963754667"
"exdqlm_univar_synth","draw_017",253,"2021-10-27","history","0.00797803318054774"
"exdqlm_univar_synth","draw_017",253,"2021-10-28","history","-0.604622185505640"
"exdqlm_univar_synth","draw_017",253,"2021-10-29","history","-0.791586302753019"
"exdqlm_univar_synth","draw_017",253,"2021-10-30","history","-0.694798692168925"
"exdqlm_univar_synth","draw_017",253,"2021-10-31","history","-0.724436472328113"
"exdqlm_univar_synth","draw_017",253,"2021-11-01","history","-0.513168835138619"
"exdqlm_univar_synth","draw_017",253,"2021-11-02","history","0.304025201624221"
"exdqlm_univar_synth","draw_017",253,"2021-11-03","history","-0.690575390686439"
"exdqlm_univar_synth","draw_017",253,"2021-11-04","history","-0.418541618696375"
"exdqlm_univar_synth","draw_017",253,"2021-11-05","history","-0.627570223666418"
"exdqlm_univar_synth","draw_017",253,"2021-11-06","history","-0.471494005361338"
"exdqlm_univar_synth","draw_017",253,"2021-11-07","history","-0.575410612976531"
"exdqlm_univar_synth","draw_017",253,"2021-11-08","history","-0.497696893859604"
"exdqlm_univar_synth","draw_017",253,"2021-11-09","history","0.0326006610220471"
"exdqlm_univar_synth","draw_017",253,"2021-11-10","history","-0.197939277454446"
"exdqlm_univar_synth","draw_017",253,"2021-11-11","history","-0.0549460389427616"
"exdqlm_univar_synth","draw_017",253,"2021-11-12","history","-0.197240134611232"
"exdqlm_univar_synth","draw_018",269,"2021-10-25","history","0.667968391415447"
"exdqlm_univar_synth","draw_018",269,"2021-10-26","history","0.199309227055395"
"exdqlm_univar_synth","draw_018",269,"2021-10-27","history","0.263344558863482"
"exdqlm_univar_synth","draw_018",269,"2021-10-28","history","-0.700485723291784"
"exdqlm_univar_synth","draw_018",269,"2021-10-29","history","-0.554157028819033"
"exdqlm_univar_synth","draw_018",269,"2021-10-30","history","-0.686004654588027"
"exdqlm_univar_synth","draw_018",269,"2021-10-31","history","-0.314151114301418"
"exdqlm_univar_synth","draw_018",269,"2021-11-01","history","-0.493008040368527"
"exdqlm_univar_synth","draw_018",269,"2021-11-02","history","-0.184740769091713"
"exdqlm_univar_synth","draw_018",269,"2021-11-03","history","-0.371999927716624"
"exdqlm_univar_synth","draw_018",269,"2021-11-04","history","-0.408391658521483"
"exdqlm_univar_synth","draw_018",269,"2021-11-05","history","-0.172048480452974"
"exdqlm_univar_synth","draw_018",269,"2021-11-06","history","-0.601814173522062"
"exdqlm_univar_synth","draw_018",269,"2021-11-07","history","-0.368273855465365"
"exdqlm_univar_synth","draw_018",269,"2021-11-08","history","-0.563002833209486"
"exdqlm_univar_synth","draw_018",269,"2021-11-09","history","0.315820140479049"
"exdqlm_univar_synth","draw_018",269,"2021-11-10","history","-0.132326865844644"
"exdqlm_univar_synth","draw_018",269,"2021-11-11","history","-0.212749303199964"
"exdqlm_univar_synth","draw_018",269,"2021-11-12","history","-0.365796290837561"
"exdqlm_univar_synth","draw_019",284,"2021-10-25","history","1.15382119821529"
"exdqlm_univar_synth","draw_019",284,"2021-10-26","history","0.388219423750989"
"exdqlm_univar_synth","draw_019",284,"2021-10-27","history","0.131680821798786"
"exdqlm_univar_synth","draw_019",284,"2021-10-28","history","-0.768442007867750"
"exdqlm_univar_synth","draw_019",284,"2021-10-29","history","-0.392888434461813"
"exdqlm_univar_synth","draw_019",284,"2021-10-30","history","-0.683168672341820"
"exdqlm_univar_synth","draw_019",284,"2021-10-31","history","-0.679568629646352"
"exdqlm_univar_synth","draw_019",284,"2021-11-01","history","-0.500865834854746"
"exdqlm_univar_synth","draw_019",284,"2021-11-02","history","-0.0595596512627160"
"exdqlm_univar_synth","draw_019",284,"2021-11-03","history","-0.290076003297673"
"exdqlm_univar_synth","draw_019",284,"2021-11-04","history","-0.0829530323414816"
"exdqlm_univar_synth","draw_019",284,"2021-11-05","history","-0.246557465481496"
"exdqlm_univar_synth","draw_019",284,"2021-11-06","history","-0.546205854862809"
"exdqlm_univar_synth","draw_019",284,"2021-11-07","history","-0.628806198944461"
"exdqlm_univar_synth","draw_019",284,"2021-11-08","history","-0.625056201317448"
"exdqlm_univar_synth","draw_019",284,"2021-11-09","history","0.319142801784635"
"exdqlm_univar_synth","draw_019",284,"2021-11-10","history","-0.214745819301410"
"exdqlm_univar_synth","draw_019",284,"2021-11-11","history","-0.170484940789396"
"exdqlm_univar_synth","draw_019",284,"2021-11-12","history","-0.314411644903164"
"exdqlm_univar_synth","draw_020",300,"2021-10-25","history","1.43702296713831"
"exdqlm_univar_synth","draw_020",300,"2021-10-26","history","-0.107725098178750"
"exdqlm_univar_synth","draw_020",300,"2021-10-27","history","0.357663556017300"
"exdqlm_univar_synth","draw_020",300,"2021-10-28","history","-0.834066066565449"
"exdqlm_univar_synth","draw_020",300,"2021-10-29","history","-0.691994896098156"
"exdqlm_univar_synth","draw_020",300,"2021-10-30","history","-0.578140468162684"
"exdqlm_univar_synth","draw_020",300,"2021-10-31","history","-0.734473834750213"
"exdqlm_univar_synth","draw_020",300,"2021-11-01","history","-0.386779256760517"
"exdqlm_univar_synth","draw_020",300,"2021-11-02","history","0.0236471338720893"
"exdqlm_univar_synth","draw_020",300,"2021-11-03","history","-0.166303523523226"
"exdqlm_univar_synth","draw_020",300,"2021-11-04","history","-0.303748638714117"
"exdqlm_univar_synth","draw_020",300,"2021-11-05","history","-0.0988630505809225"
"exdqlm_univar_synth","draw_020",300,"2021-11-06","history","-0.425233602964807"
"exdqlm_univar_synth","draw_020",300,"2021-11-07","history","-0.336627651859845"
"exdqlm_univar_synth","draw_020",300,"2021-11-08","history","-0.479860989183491"
"exdqlm_univar_synth","draw_020",300,"2021-11-09","history","0.0274394693117485"
"exdqlm_univar_synth","draw_020",300,"2021-11-10","history","-0.258715755602900"
"exdqlm_univar_synth","draw_020",300,"2021-11-11","history","-0.253734988653869"
"exdqlm_univar_synth","draw_020",300,"2021-11-12","history","-0.308738774790514"
"exdqlm_univar_synth","draw_021",316,"2021-10-25","history","0.767536833448607"
"exdqlm_univar_synth","draw_021",316,"2021-10-26","history","0.0903486757404692"
"exdqlm_univar_synth","draw_021",316,"2021-10-27","history","-0.199401975101274"
"exdqlm_univar_synth","draw_021",316,"2021-10-28","history","-0.726081476993149"
"exdqlm_univar_synth","draw_021",316,"2021-10-29","history","-0.508101064053544"
"exdqlm_univar_synth","draw_021",316,"2021-10-30","history","-0.334577672380023"
"exdqlm_univar_synth","draw_021",316,"2021-10-31","history","-0.217069876793185"
"exdqlm_univar_synth","draw_021",316,"2021-11-01","history","-0.692964379191226"
"exdqlm_univar_synth","draw_021",316,"2021-11-02","history","-0.283584262989481"
"exdqlm_univar_synth","draw_021",316,"2021-11-03","history","-0.453247781541650"
"exdqlm_univar_synth","draw_021",316,"2021-11-04","history","-0.438121859283253"
"exdqlm_univar_synth","draw_021",316,"2021-11-05","history","-0.439544324954636"
"exdqlm_univar_synth","draw_021",316,"2021-11-06","history","-0.278268742239472"
"exdqlm_univar_synth","draw_021",316,"2021-11-07","history","-0.527003130013982"
"exdqlm_univar_synth","draw_021",316,"2021-11-08","history","-0.531433535149360"
"exdqlm_univar_synth","draw_021",316,"2021-11-09","history","0.233027440310380"
"exdqlm_univar_synth","draw_021",316,"2021-11-10","history","-0.0221494518930998"
"exdqlm_univar_synth","draw_021",316,"2021-11-11","history","-0.0746375200234087"
"exdqlm_univar_synth","draw_021",316,"2021-11-12","history","-0.301184008389108"
"exdqlm_univar_synth","draw_022",332,"2021-10-25","history","1.67472012652428"
"exdqlm_univar_synth","draw_022",332,"2021-10-26","history","-0.169991070458382"
"exdqlm_univar_synth","draw_022",332,"2021-10-27","history","0.305295659948629"
"exdqlm_univar_synth","draw_022",332,"2021-10-28","history","-0.732062236188705"
"exdqlm_univar_synth","draw_022",332,"2021-10-29","history","-0.704932941225973"
"exdqlm_univar_synth","draw_022",332,"2021-10-30","history","-0.333268233219254"
"exdqlm_univar_synth","draw_022",332,"2021-10-31","history","-0.595479344208712"
"exdqlm_univar_synth","draw_022",332,"2021-11-01","history","-0.513083438980240"
"exdqlm_univar_synth","draw_022",332,"2021-11-02","history","-0.164580398286429"
"exdqlm_univar_synth","draw_022",332,"2021-11-03","history","-0.100187120640760"
"exdqlm_univar_synth","draw_022",332,"2021-11-04","history","-0.328975709488081"
"exdqlm_univar_synth","draw_022",332,"2021-11-05","history","-0.604933119034761"
"exdqlm_univar_synth","draw_022",332,"2021-11-06","history","-0.451149668701002"
"exdqlm_univar_synth","draw_022",332,"2021-11-07","history","-0.541072772842063"
"exdqlm_univar_synth","draw_022",332,"2021-11-08","history","-0.301549335656169"
"exdqlm_univar_synth","draw_022",332,"2021-11-09","history","0.142316813666640"
"exdqlm_univar_synth","draw_022",332,"2021-11-10","history","0.243746554505489"
"exdqlm_univar_synth","draw_022",332,"2021-11-11","history","-0.146617617370850"
"exdqlm_univar_synth","draw_022",332,"2021-11-12","history","-0.496569771788241"
"exdqlm_univar_synth","draw_023",347,"2021-10-25","history","0.886192460047170"
"exdqlm_univar_synth","draw_023",347,"2021-10-26","history","0.441960357439212"
"exdqlm_univar_synth","draw_023",347,"2021-10-27","history","0.217335838386682"
"exdqlm_univar_synth","draw_023",347,"2021-10-28","history","-0.346586419443910"
"exdqlm_univar_synth","draw_023",347,"2021-10-29","history","-0.877697224381278"
"exdqlm_univar_synth","draw_023",347,"2021-10-30","history","-0.786063644620664"
"exdqlm_univar_synth","draw_023",347,"2021-10-31","history","-0.752697357365768"
"exdqlm_univar_synth","draw_023",347,"2021-11-01","history","-0.407886560157151"
"exdqlm_univar_synth","draw_023",347,"2021-11-02","history","-0.0826623408326808"
"exdqlm_univar_synth","draw_023",347,"2021-11-03","history","-0.357886296923015"
"exdqlm_univar_synth","draw_023",347,"2021-11-04","history","-0.449754698467995"
"exdqlm_univar_synth","draw_023",347,"2021-11-05","history","-0.683171140360254"
"exdqlm_univar_synth","draw_023",347,"2021-11-06","history","-0.453779176048811"
"exdqlm_univar_synth","draw_023",347,"2021-11-07","history","-0.323556610811833"
"exdqlm_univar_synth","draw_023",347,"2021-11-08","history","-0.649030771945963"
"exdqlm_univar_synth","draw_023",347,"2021-11-09","history","0.181210220227200"
"exdqlm_univar_synth","draw_023",347,"2021-11-10","history","-0.214695406570356"
"exdqlm_univar_synth","draw_023",347,"2021-11-11","history","-0.114460995609519"
"exdqlm_univar_synth","draw_023",347,"2021-11-12","history","-0.131327452188691"
"exdqlm_univar_synth","draw_024",363,"2021-10-25","history","0.958884110458768"
"exdqlm_univar_synth","draw_024",363,"2021-10-26","history","0.230414206638413"
"exdqlm_univar_synth","draw_024",363,"2021-10-27","history","-0.332972854386061"
"exdqlm_univar_synth","draw_024",363,"2021-10-28","history","-0.798862292330140"
"exdqlm_univar_synth","draw_024",363,"2021-10-29","history","-0.577115397457448"
"exdqlm_univar_synth","draw_024",363,"2021-10-30","history","-0.544386391912163"
"exdqlm_univar_synth","draw_024",363,"2021-10-31","history","-0.674251745962454"
"exdqlm_univar_synth","draw_024",363,"2021-11-01","history","-0.501325009286506"
"exdqlm_univar_synth","draw_024",363,"2021-11-02","history","-0.0308676824042532"
"exdqlm_univar_synth","draw_024",363,"2021-11-03","history","-0.376023903201384"
"exdqlm_univar_synth","draw_024",363,"2021-11-04","history","-0.537534337319013"
"exdqlm_univar_synth","draw_024",363,"2021-11-05","history","-0.114246852827560"
"exdqlm_univar_synth","draw_024",363,"2021-11-06","history","-0.516984528794461"
"exdqlm_univar_synth","draw_024",363,"2021-11-07","history","-0.374378138291863"
"exdqlm_univar_synth","draw_024",363,"2021-11-08","history","-0.296224958022089"
"exdqlm_univar_synth","draw_024",363,"2021-11-09","history","-0.0713406057119133"
"exdqlm_univar_synth","draw_024",363,"2021-11-10","history","0.100697912691149"
"exdqlm_univar_synth","draw_024",363,"2021-11-11","history","-0.134277932895462"
"exdqlm_univar_synth","draw_024",363,"2021-11-12","history","-0.479200982675603"
"exdqlm_univar_synth","draw_025",379,"2021-10-25","history","0.754077635149921"
"exdqlm_univar_synth","draw_025",379,"2021-10-26","history","0.396775900962525"
"exdqlm_univar_synth","draw_025",379,"2021-10-27","history","-0.241176388539628"
"exdqlm_univar_synth","draw_025",379,"2021-10-28","history","-0.668302046061930"
"exdqlm_univar_synth","draw_025",379,"2021-10-29","history","-0.649091886640099"
"exdqlm_univar_synth","draw_025",379,"2021-10-30","history","-0.783920845748171"
"exdqlm_univar_synth","draw_025",379,"2021-10-31","history","-0.305647087079075"
"exdqlm_univar_synth","draw_025",379,"2021-11-01","history","-0.697306236620850"
"exdqlm_univar_synth","draw_025",379,"2021-11-02","history","-0.279611649267048"
"exdqlm_univar_synth","draw_025",379,"2021-11-03","history","-0.223311398096272"
"exdqlm_univar_synth","draw_025",379,"2021-11-04","history","-0.532069785264926"
"exdqlm_univar_synth","draw_025",379,"2021-11-05","history","-0.282192307444350"
"exdqlm_univar_synth","draw_025",379,"2021-11-06","history","-0.404126030926218"
"exdqlm_univar_synth","draw_025",379,"2021-11-07","history","-0.631872320707331"
"exdqlm_univar_synth","draw_025",379,"2021-11-08","history","-0.640719584903605"
"exdqlm_univar_synth","draw_025",379,"2021-11-09","history","0.0765945858327964"
"exdqlm_univar_synth","draw_025",379,"2021-11-10","history","-0.0546852756473235"
"exdqlm_univar_synth","draw_025",379,"2021-11-11","history","-0.306044012156923"
"exdqlm_univar_synth","draw_025",379,"2021-11-12","history","-0.417418672648565"
"exdqlm_univar_synth","draw_026",395,"2021-10-25","history","1.59973847120070"
"exdqlm_univar_synth","draw_026",395,"2021-10-26","history","0.420596260158382"
"exdqlm_univar_synth","draw_026",395,"2021-10-27","history","-0.231465562173929"
"exdqlm_univar_synth","draw_026",395,"2021-10-28","history","-0.376233681892811"
"exdqlm_univar_synth","draw_026",395,"2021-10-29","history","-0.513040459814081"
"exdqlm_univar_synth","draw_026",395,"2021-10-30","history","-0.476136887724019"
"exdqlm_univar_synth","draw_026",395,"2021-10-31","history","-0.581222988607745"
"exdqlm_univar_synth","draw_026",395,"2021-11-01","history","-0.297937734966973"
"exdqlm_univar_synth","draw_026",395,"2021-11-02","history","-0.0725627574903134"
"exdqlm_univar_synth","draw_026",395,"2021-11-03","history","-0.0978348691796246"
"exdqlm_univar_synth","draw_026",395,"2021-11-04","history","-0.311194781695907"
"exdqlm_univar_synth","draw_026",395,"2021-11-05","history","-0.356777000471826"
"exdqlm_univar_synth","draw_026",395,"2021-11-06","history","-0.513322939031424"
"exdqlm_univar_synth","draw_026",395,"2021-11-07","history","-0.354032203267264"
"exdqlm_univar_synth","draw_026",395,"2021-11-08","history","-0.388146786167628"
"exdqlm_univar_synth","draw_026",395,"2021-11-09","history","0.183679335562980"
"exdqlm_univar_synth","draw_026",395,"2021-11-10","history","-0.00812665789122965"
"exdqlm_univar_synth","draw_026",395,"2021-11-11","history","0.0671953093867436"
"exdqlm_univar_synth","draw_026",395,"2021-11-12","history","-0.218631540261702"
"exdqlm_univar_synth","draw_027",410,"2021-10-25","history","1.33669817299796"
"exdqlm_univar_synth","draw_027",410,"2021-10-26","history","0.462757248821703"
"exdqlm_univar_synth","draw_027",410,"2021-10-27","history","0.195424165859595"
"exdqlm_univar_synth","draw_027",410,"2021-10-28","history","-0.588839040952805"
"exdqlm_univar_synth","draw_027",410,"2021-10-29","history","-0.428248401572869"
"exdqlm_univar_synth","draw_027",410,"2021-10-30","history","-0.727577020832622"
"exdqlm_univar_synth","draw_027",410,"2021-10-31","history","-0.425944201121882"
"exdqlm_univar_synth","draw_027",410,"2021-11-01","history","-0.477830468534029"
"exdqlm_univar_synth","draw_027",410,"2021-11-02","history","0.0372794036280114"
"exdqlm_univar_synth","draw_027",410,"2021-11-03","history","-0.293176051851547"
"exdqlm_univar_synth","draw_027",410,"2021-11-04","history","-0.375458549490501"
"exdqlm_univar_synth","draw_027",410,"2021-11-05","history","-0.635406352247146"
"exdqlm_univar_synth","draw_027",410,"2021-11-06","history","-0.649187424054544"
"exdqlm_univar_synth","draw_027",410,"2021-11-07","history","-0.295531276490333"
"exdqlm_univar_synth","draw_027",410,"2021-11-08","history","-0.186657356835674"
"exdqlm_univar_synth","draw_027",410,"2021-11-09","history","0.0938954509199677"
"exdqlm_univar_synth","draw_027",410,"2021-11-10","history","-0.170793625266178"
"exdqlm_univar_synth","draw_027",410,"2021-11-11","history","-0.338784180633498"
"exdqlm_univar_synth","draw_027",410,"2021-11-12","history","-0.302850693186240"
"exdqlm_univar_synth","draw_028",426,"2021-10-25","history","0.858931694579373"
"exdqlm_univar_synth","draw_028",426,"2021-10-26","history","0.148516253965600"
"exdqlm_univar_synth","draw_028",426,"2021-10-27","history","-0.108476681160165"
"exdqlm_univar_synth","draw_028",426,"2021-10-28","history","-0.530469907223149"
"exdqlm_univar_synth","draw_028",426,"2021-10-29","history","-0.692373259018213"
"exdqlm_univar_synth","draw_028",426,"2021-10-30","history","-0.448769266386667"
"exdqlm_univar_synth","draw_028",426,"2021-10-31","history","-0.732003155343328"
"exdqlm_univar_synth","draw_028",426,"2021-11-01","history","-0.317993960275799"
"exdqlm_univar_synth","draw_028",426,"2021-11-02","history","0.0735003749814059"
"exdqlm_univar_synth","draw_028",426,"2021-11-03","history","-0.150101874971463"
"exdqlm_univar_synth","draw_028",426,"2021-11-04","history","-0.320519211043123"
"exdqlm_univar_synth","draw_028",426,"2021-11-05","history","-0.613936735068808"
"exdqlm_univar_synth","draw_028",426,"2021-11-06","history","-0.525904411139185"
"exdqlm_univar_synth","draw_028",426,"2021-11-07","history","-0.552219501849159"
"exdqlm_univar_synth","draw_028",426,"2021-11-08","history","-0.622652872950722"
"exdqlm_univar_synth","draw_028",426,"2021-11-09","history","0.304836755193291"
"exdqlm_univar_synth","draw_028",426,"2021-11-10","history","-0.125486899290521"
"exdqlm_univar_synth","draw_028",426,"2021-11-11","history","-0.189158800425949"
"exdqlm_univar_synth","draw_028",426,"2021-11-12","history","-0.0910704038820379"
"exdqlm_univar_synth","draw_029",442,"2021-10-25","history","1.05448743364168"
"exdqlm_univar_synth","draw_029",442,"2021-10-26","history","-0.185917987552926"
"exdqlm_univar_synth","draw_029",442,"2021-10-27","history","-0.237294056139313"
"exdqlm_univar_synth","draw_029",442,"2021-10-28","history","-0.642559900462592"
"exdqlm_univar_synth","draw_029",442,"2021-10-29","history","-0.468357307937057"
"exdqlm_univar_synth","draw_029",442,"2021-10-30","history","-0.349931762061381"
"exdqlm_univar_synth","draw_029",442,"2021-10-31","history","-0.326964039291218"
"exdqlm_univar_synth","draw_029",442,"2021-11-01","history","-0.408975882370486"
"exdqlm_univar_synth","draw_029",442,"2021-11-02","history","-0.154863099600610"
"exdqlm_univar_synth","draw_029",442,"2021-11-03","history","-0.464347852028449"
"exdqlm_univar_synth","draw_029",442,"2021-11-04","history","-0.479294945093103"
"exdqlm_univar_synth","draw_029",442,"2021-11-05","history","-0.580988387306563"
"exdqlm_univar_synth","draw_029",442,"2021-11-06","history","-0.531935945624961"
"exdqlm_univar_synth","draw_029",442,"2021-11-07","history","-0.624630373497876"
"exdqlm_univar_synth","draw_029",442,"2021-11-08","history","-0.607212795710632"
"exdqlm_univar_synth","draw_029",442,"2021-11-09","history","0.362671662013618"
"exdqlm_univar_synth","draw_029",442,"2021-11-10","history","-0.0272731020179989"
"exdqlm_univar_synth","draw_029",442,"2021-11-11","history","-0.145316724651693"
"exdqlm_univar_synth","draw_029",442,"2021-11-12","history","-0.459317134498075"
"exdqlm_univar_synth","draw_030",457,"2021-10-25","history","1.42605819652219"
"exdqlm_univar_synth","draw_030",457,"2021-10-26","history","-0.00233810842841094"
"exdqlm_univar_synth","draw_030",457,"2021-10-27","history","0.375620282141397"
"exdqlm_univar_synth","draw_030",457,"2021-10-28","history","-0.596457705531861"
"exdqlm_univar_synth","draw_030",457,"2021-10-29","history","-0.407092831605249"
"exdqlm_univar_synth","draw_030",457,"2021-10-30","history","-0.754833442923792"
"exdqlm_univar_synth","draw_030",457,"2021-10-31","history","-0.443568565614176"
"exdqlm_univar_synth","draw_030",457,"2021-11-01","history","-0.503365659031740"
"exdqlm_univar_synth","draw_030",457,"2021-11-02","history","0.184068195997525"
"exdqlm_univar_synth","draw_030",457,"2021-11-03","history","-0.334027235428215"
"exdqlm_univar_synth","draw_030",457,"2021-11-04","history","-0.505503026665701"
"exdqlm_univar_synth","draw_030",457,"2021-11-05","history","-0.671724768525235"
"exdqlm_univar_synth","draw_030",457,"2021-11-06","history","-0.402389997220738"
"exdqlm_univar_synth","draw_030",457,"2021-11-07","history","-0.514568371722095"
"exdqlm_univar_synth","draw_030",457,"2021-11-08","history","-0.651933931142884"
"exdqlm_univar_synth","draw_030",457,"2021-11-09","history","0.0197084516271808"
"exdqlm_univar_synth","draw_030",457,"2021-11-10","history","0.0577467200502307"
"exdqlm_univar_synth","draw_030",457,"2021-11-11","history","-0.306116650006788"
"exdqlm_univar_synth","draw_030",457,"2021-11-12","history","-0.219682623280592"
"exdqlm_univar_synth","draw_031",473,"2021-10-25","history","1.32602810231163"
"exdqlm_univar_synth","draw_031",473,"2021-10-26","history","0.388408637075714"
"exdqlm_univar_synth","draw_031",473,"2021-10-27","history","0.397286840512763"
"exdqlm_univar_synth","draw_031",473,"2021-10-28","history","-0.637656356519374"
"exdqlm_univar_synth","draw_031",473,"2021-10-29","history","-0.369832126108359"
"exdqlm_univar_synth","draw_031",473,"2021-10-30","history","-0.809436497646837"
"exdqlm_univar_synth","draw_031",473,"2021-10-31","history","-0.838651897640017"
"exdqlm_univar_synth","draw_031",473,"2021-11-01","history","-0.699913806297802"
"exdqlm_univar_synth","draw_031",473,"2021-11-02","history","-0.164424584792628"
"exdqlm_univar_synth","draw_031",473,"2021-11-03","history","-0.261055763428189"
"exdqlm_univar_synth","draw_031",473,"2021-11-04","history","-0.479656634475679"
"exdqlm_univar_synth","draw_031",473,"2021-11-05","history","-0.282734025153847"
"exdqlm_univar_synth","draw_031",473,"2021-11-06","history","-0.414607986942698"
"exdqlm_univar_synth","draw_031",473,"2021-11-07","history","-0.363461535339093"
"exdqlm_univar_synth","draw_031",473,"2021-11-08","history","-0.461312988109976"
"exdqlm_univar_synth","draw_031",473,"2021-11-09","history","0.533916505113730"
"exdqlm_univar_synth","draw_031",473,"2021-11-10","history","-0.167826902619107"
"exdqlm_univar_synth","draw_031",473,"2021-11-11","history","-0.275847009094128"
"exdqlm_univar_synth","draw_031",473,"2021-11-12","history","-0.181136459974687"
"exdqlm_univar_synth","draw_032",489,"2021-10-25","history","0.888674591189732"
"exdqlm_univar_synth","draw_032",489,"2021-10-26","history","0.0780854830098369"
"exdqlm_univar_synth","draw_032",489,"2021-10-27","history","-0.603120324306462"
"exdqlm_univar_synth","draw_032",489,"2021-10-28","history","-0.614390780639274"
"exdqlm_univar_synth","draw_032",489,"2021-10-29","history","-0.575165685061364"
"exdqlm_univar_synth","draw_032",489,"2021-10-30","history","-0.773866727018363"
"exdqlm_univar_synth","draw_032",489,"2021-10-31","history","-0.769220186682465"
"exdqlm_univar_synth","draw_032",489,"2021-11-01","history","-0.509944844260901"
"exdqlm_univar_synth","draw_032",489,"2021-11-02","history","-0.0235948815369568"
"exdqlm_univar_synth","draw_032",489,"2021-11-03","history","-0.433538287449184"
"exdqlm_univar_synth","draw_032",489,"2021-11-04","history","-0.512039531259710"
"exdqlm_univar_synth","draw_032",489,"2021-11-05","history","-0.602770208474022"
"exdqlm_univar_synth","draw_032",489,"2021-11-06","history","-0.300310532909887"
"exdqlm_univar_synth","draw_032",489,"2021-11-07","history","-0.292424216123336"
"exdqlm_univar_synth","draw_032",489,"2021-11-08","history","-0.381689109384362"
"exdqlm_univar_synth","draw_032",489,"2021-11-09","history","0.615447200921747"
"exdqlm_univar_synth","draw_032",489,"2021-11-10","history","0.0740347634071324"
"exdqlm_univar_synth","draw_032",489,"2021-11-11","history","0.0387773905860939"
"exdqlm_univar_synth","draw_032",489,"2021-11-12","history","-0.184698978537288"
"exdqlm_univar_synth","draw_033",505,"2021-10-25","history","0.675816353385098"
"exdqlm_univar_synth","draw_033",505,"2021-10-26","history","0.140793800678890"
"exdqlm_univar_synth","draw_033",505,"2021-10-27","history","0.226032469462258"
"exdqlm_univar_synth","draw_033",505,"2021-10-28","history","-0.483094987253953"
"exdqlm_univar_synth","draw_033",505,"2021-10-29","history","-0.667016376681292"
"exdqlm_univar_synth","draw_033",505,"2021-10-30","history","-0.621057559565653"
"exdqlm_univar_synth","draw_033",505,"2021-10-31","history","-0.527558088912395"
"exdqlm_univar_synth","draw_033",505,"2021-11-01","history","-0.687808413257975"
"exdqlm_univar_synth","draw_033",505,"2021-11-02","history","-0.150376383498087"
"exdqlm_univar_synth","draw_033",505,"2021-11-03","history","-0.165344477589646"
"exdqlm_univar_synth","draw_033",505,"2021-11-04","history","-0.179367741955246"
"exdqlm_univar_synth","draw_033",505,"2021-11-05","history","-0.584944948883100"
"exdqlm_univar_synth","draw_033",505,"2021-11-06","history","-0.378553481349821"
"exdqlm_univar_synth","draw_033",505,"2021-11-07","history","-0.494920638130650"
"exdqlm_univar_synth","draw_033",505,"2021-11-08","history","-0.440038406339760"
"exdqlm_univar_synth","draw_033",505,"2021-11-09","history","0.0787194503755105"
"exdqlm_univar_synth","draw_033",505,"2021-11-10","history","-0.221661105241853"
"exdqlm_univar_synth","draw_033",505,"2021-11-11","history","-0.120307317241431"
"exdqlm_univar_synth","draw_033",505,"2021-11-12","history","-0.00897706226252709"
"exdqlm_univar_synth","draw_034",520,"2021-10-25","history","0.781754276794036"
"exdqlm_univar_synth","draw_034",520,"2021-10-26","history","0.237500405251067"
"exdqlm_univar_synth","draw_034",520,"2021-10-27","history","0.195592638718622"
"exdqlm_univar_synth","draw_034",520,"2021-10-28","history","-0.587596680704563"
"exdqlm_univar_synth","draw_034",520,"2021-10-29","history","-0.355333562258796"
"exdqlm_univar_synth","draw_034",520,"2021-10-30","history","-0.755068435620720"
"exdqlm_univar_synth","draw_034",520,"2021-10-31","history","-0.440657709867854"
"exdqlm_univar_synth","draw_034",520,"2021-11-01","history","-0.508830102970209"
"exdqlm_univar_synth","draw_034",520,"2021-11-02","history","0.471560322932442"
"exdqlm_univar_synth","draw_034",520,"2021-11-03","history","-0.475896560577496"
"exdqlm_univar_synth","draw_034",520,"2021-11-04","history","-0.617862160079716"
"exdqlm_univar_synth","draw_034",520,"2021-11-05","history","-0.404847471077428"
"exdqlm_univar_synth","draw_034",520,"2021-11-06","history","-0.614546791809145"
"exdqlm_univar_synth","draw_034",520,"2021-11-07","history","-0.456332684492298"
"exdqlm_univar_synth","draw_034",520,"2021-11-08","history","-0.366948125204131"
"exdqlm_univar_synth","draw_034",520,"2021-11-09","history","0.0703269234564663"
"exdqlm_univar_synth","draw_034",520,"2021-11-10","history","-0.156860123386346"
"exdqlm_univar_synth","draw_034",520,"2021-11-11","history","-0.135295199228792"
"exdqlm_univar_synth","draw_034",520,"2021-11-12","history","-0.639114919074126"
"exdqlm_univar_synth","draw_035",536,"2021-10-25","history","1.55508554853123"
"exdqlm_univar_synth","draw_035",536,"2021-10-26","history","0.0969286903397902"
"exdqlm_univar_synth","draw_035",536,"2021-10-27","history","0.101684806373500"
"exdqlm_univar_synth","draw_035",536,"2021-10-28","history","-0.741385003660716"
"exdqlm_univar_synth","draw_035",536,"2021-10-29","history","-0.779515940538619"
"exdqlm_univar_synth","draw_035",536,"2021-10-30","history","-0.752426563868118"
"exdqlm_univar_synth","draw_035",536,"2021-10-31","history","-0.435374128757462"
"exdqlm_univar_synth","draw_035",536,"2021-11-01","history","-0.508709903388283"
"exdqlm_univar_synth","draw_035",536,"2021-11-02","history","-0.142022445125886"
"exdqlm_univar_synth","draw_035",536,"2021-11-03","history","-0.435749711728933"
"exdqlm_univar_synth","draw_035",536,"2021-11-04","history","-0.467970605712324"
"exdqlm_univar_synth","draw_035",536,"2021-11-05","history","-0.602242285451945"
"exdqlm_univar_synth","draw_035",536,"2021-11-06","history","-0.545255981534587"
"exdqlm_univar_synth","draw_035",536,"2021-11-07","history","-0.337380830868498"
"exdqlm_univar_synth","draw_035",536,"2021-11-08","history","-0.616910800371025"
"exdqlm_univar_synth","draw_035",536,"2021-11-09","history","0.224940225660920"
"exdqlm_univar_synth","draw_035",536,"2021-11-10","history","-0.214635714527732"
"exdqlm_univar_synth","draw_035",536,"2021-11-11","history","-0.282884648949865"
"exdqlm_univar_synth","draw_035",536,"2021-11-12","history","-0.0908602353531234"
"exdqlm_univar_synth","draw_036",552,"2021-10-25","history","0.817759121025014"
"exdqlm_univar_synth","draw_036",552,"2021-10-26","history","0.169431351168123"
"exdqlm_univar_synth","draw_036",552,"2021-10-27","history","-0.0423280810052273"
"exdqlm_univar_synth","draw_036",552,"2021-10-28","history","-0.381964296387577"
"exdqlm_univar_synth","draw_036",552,"2021-10-29","history","-0.775163590970393"
"exdqlm_univar_synth","draw_036",552,"2021-10-30","history","-0.693586814046557"
"exdqlm_univar_synth","draw_036",552,"2021-10-31","history","-0.356952170246850"
"exdqlm_univar_synth","draw_036",552,"2021-11-01","history","-0.455544354827155"
"exdqlm_univar_synth","draw_036",552,"2021-11-02","history","0.122903910570913"
"exdqlm_univar_synth","draw_036",552,"2021-11-03","history","-0.487056568390090"
"exdqlm_univar_synth","draw_036",552,"2021-11-04","history","-0.344846004363493"
"exdqlm_univar_synth","draw_036",552,"2021-11-05","history","-0.420874619697618"
"exdqlm_univar_synth","draw_036",552,"2021-11-06","history","-0.495364899074984"
"exdqlm_univar_synth","draw_036",552,"2021-11-07","history","-0.614425195108837"
"exdqlm_univar_synth","draw_036",552,"2021-11-08","history","-0.568422159812553"
"exdqlm_univar_synth","draw_036",552,"2021-11-09","history","0.0615940071628699"
"exdqlm_univar_synth","draw_036",552,"2021-11-10","history","0.0296262333531591"
"exdqlm_univar_synth","draw_036",552,"2021-11-11","history","-0.172283447523893"
"exdqlm_univar_synth","draw_036",552,"2021-11-12","history","-0.397302106755439"
"exdqlm_univar_synth","draw_037",568,"2021-10-25","history","0.795773980818911"
"exdqlm_univar_synth","draw_037",568,"2021-10-26","history","0.435329154806929"
"exdqlm_univar_synth","draw_037",568,"2021-10-27","history","-0.0631232467496375"
"exdqlm_univar_synth","draw_037",568,"2021-10-28","history","-0.613561513419732"
"exdqlm_univar_synth","draw_037",568,"2021-10-29","history","-0.315869659448864"
"exdqlm_univar_synth","draw_037",568,"2021-10-30","history","-0.730248035697145"
"exdqlm_univar_synth","draw_037",568,"2021-10-31","history","-0.439399040894958"
"exdqlm_univar_synth","draw_037",568,"2021-11-01","history","-0.416483660319348"
"exdqlm_univar_synth","draw_037",568,"2021-11-02","history","0.204650043632890"
"exdqlm_univar_synth","draw_037",568,"2021-11-03","history","-0.491045814627674"
"exdqlm_univar_synth","draw_037",568,"2021-11-04","history","-0.465283762359586"
"exdqlm_univar_synth","draw_037",568,"2021-11-05","history","-0.492887364209758"
"exdqlm_univar_synth","draw_037",568,"2021-11-06","history","-0.464739346181142"
"exdqlm_univar_synth","draw_037",568,"2021-11-07","history","-0.512803664892478"
"exdqlm_univar_synth","draw_037",568,"2021-11-08","history","-0.513645901109158"
"exdqlm_univar_synth","draw_037",568,"2021-11-09","history","0.210376205514473"
"exdqlm_univar_synth","draw_037",568,"2021-11-10","history","-0.0535362864303040"
"exdqlm_univar_synth","draw_037",568,"2021-11-11","history","0.00594142484552523"
"exdqlm_univar_synth","draw_037",568,"2021-11-12","history","-0.497787015219215"
"exdqlm_univar_synth","draw_038",583,"2021-10-25","history","0.873323727897683"
"exdqlm_univar_synth","draw_038",583,"2021-10-26","history","0.221734785066247"
"exdqlm_univar_synth","draw_038",583,"2021-10-27","history","-0.101392033785210"
"exdqlm_univar_synth","draw_038",583,"2021-10-28","history","-0.400573210210096"
"exdqlm_univar_synth","draw_038",583,"2021-10-29","history","-0.906397226018278"
"exdqlm_univar_synth","draw_038",583,"2021-10-30","history","-0.236221016982101"
"exdqlm_univar_synth","draw_038",583,"2021-10-31","history","-0.523669757900680"
"exdqlm_univar_synth","draw_038",583,"2021-11-01","history","-0.712808959669296"
"exdqlm_univar_synth","draw_038",583,"2021-11-02","history","-0.272393704709243"
"exdqlm_univar_synth","draw_038",583,"2021-11-03","history","-0.568223108031636"
"exdqlm_univar_synth","draw_038",583,"2021-11-04","history","-0.433270200116505"
"exdqlm_univar_synth","draw_038",583,"2021-11-05","history","-0.577370182609276"
"exdqlm_univar_synth","draw_038",583,"2021-11-06","history","-0.517503239090697"
"exdqlm_univar_synth","draw_038",583,"2021-11-07","history","-0.576977101365754"
"exdqlm_univar_synth","draw_038",583,"2021-11-08","history","-0.282992165873290"
"exdqlm_univar_synth","draw_038",583,"2021-11-09","history","-0.0156882102386197"
"exdqlm_univar_synth","draw_038",583,"2021-11-10","history","-0.0376593465024861"
"exdqlm_univar_synth","draw_038",583,"2021-11-11","history","-0.294378769611812"
"exdqlm_univar_synth","draw_038",583,"2021-11-12","history","-0.476013621106246"
"exdqlm_univar_synth","draw_039",599,"2021-10-25","history","1.54330910265752"
"exdqlm_univar_synth","draw_039",599,"2021-10-26","history","0.492995800596187"
"exdqlm_univar_synth","draw_039",599,"2021-10-27","history","-0.261661653648780"
"exdqlm_univar_synth","draw_039",599,"2021-10-28","history","-0.738692312250930"
"exdqlm_univar_synth","draw_039",599,"2021-10-29","history","-0.753222633695308"
"exdqlm_univar_synth","draw_039",599,"2021-10-30","history","-0.667981677998093"
"exdqlm_univar_synth","draw_039",599,"2021-10-31","history","-0.682723248579360"
"exdqlm_univar_synth","draw_039",599,"2021-11-01","history","-0.646805650309501"
"exdqlm_univar_synth","draw_039",599,"2021-11-02","history","-0.252057613556271"
"exdqlm_univar_synth","draw_039",599,"2021-11-03","history","-0.398054985526835"
"exdqlm_univar_synth","draw_039",599,"2021-11-04","history","-0.456505421920594"
"exdqlm_univar_synth","draw_039",599,"2021-11-05","history","-0.336635793736240"
"exdqlm_univar_synth","draw_039",599,"2021-11-06","history","-0.616306461105230"
"exdqlm_univar_synth","draw_039",599,"2021-11-07","history","-0.491166519687234"
"exdqlm_univar_synth","draw_039",599,"2021-11-08","history","-0.551336630337137"
"exdqlm_univar_synth","draw_039",599,"2021-11-09","history","-0.0468997366952138"
"exdqlm_univar_synth","draw_039",599,"2021-11-10","history","0.0983487395324066"
"exdqlm_univar_synth","draw_039",599,"2021-11-11","history","-0.0432018272340409"
"exdqlm_univar_synth","draw_039",599,"2021-11-12","history","-0.424439067858714"
"exdqlm_univar_synth","draw_040",615,"2021-10-25","history","1.42098240790773"
"exdqlm_univar_synth","draw_040",615,"2021-10-26","history","0.130027033894510"
"exdqlm_univar_synth","draw_040",615,"2021-10-27","history","0.0625324229584195"
"exdqlm_univar_synth","draw_040",615,"2021-10-28","history","-0.606738598937391"
"exdqlm_univar_synth","draw_040",615,"2021-10-29","history","-0.248498575011638"
"exdqlm_univar_synth","draw_040",615,"2021-10-30","history","-0.456975437166478"
"exdqlm_univar_synth","draw_040",615,"2021-10-31","history","-0.405517781015040"
"exdqlm_univar_synth","draw_040",615,"2021-11-01","history","-0.606418422013080"
"exdqlm_univar_synth","draw_040",615,"2021-11-02","history","-0.415367199697400"
"exdqlm_univar_synth","draw_040",615,"2021-11-03","history","-0.175896339304331"
"exdqlm_univar_synth","draw_040",615,"2021-11-04","history","-0.303969046374510"
"exdqlm_univar_synth","draw_040",615,"2021-11-05","history","-0.549876033720479"
"exdqlm_univar_synth","draw_040",615,"2021-11-06","history","-0.244615978843733"
"exdqlm_univar_synth","draw_040",615,"2021-11-07","history","-0.501872936929354"
"exdqlm_univar_synth","draw_040",615,"2021-11-08","history","-0.573074060197756"
"exdqlm_univar_synth","draw_040",615,"2021-11-09","history","0.0828504996726161"
"exdqlm_univar_synth","draw_040",615,"2021-11-10","history","-0.125163160332018"
"exdqlm_univar_synth","draw_040",615,"2021-11-11","history","-0.0829717007537326"
"exdqlm_univar_synth","draw_040",615,"2021-11-12","history","-0.176098734840925"
"exdqlm_univar_synth","draw_041",631,"2021-10-25","history","1.58729013426348"
"exdqlm_univar_synth","draw_041",631,"2021-10-26","history","0.147056975850618"
"exdqlm_univar_synth","draw_041",631,"2021-10-27","history","-0.0543396065659224"
"exdqlm_univar_synth","draw_041",631,"2021-10-28","history","-0.726806503302667"
"exdqlm_univar_synth","draw_041",631,"2021-10-29","history","-0.709331835540822"
"exdqlm_univar_synth","draw_041",631,"2021-10-30","history","-0.314096278981562"
"exdqlm_univar_synth","draw_041",631,"2021-10-31","history","-0.445530918469228"
"exdqlm_univar_synth","draw_041",631,"2021-11-01","history","-0.553939791270575"
"exdqlm_univar_synth","draw_041",631,"2021-11-02","history","0.284037373107691"
"exdqlm_univar_synth","draw_041",631,"2021-11-03","history","-0.522106083039224"
"exdqlm_univar_synth","draw_041",631,"2021-11-04","history","-0.375223184965682"
"exdqlm_univar_synth","draw_041",631,"2021-11-05","history","-0.574310070651184"
"exdqlm_univar_synth","draw_041",631,"2021-11-06","history","-0.605309296566406"
"exdqlm_univar_synth","draw_041",631,"2021-11-07","history","-0.559517777508173"
"exdqlm_univar_synth","draw_041",631,"2021-11-08","history","-0.298239254670032"
"exdqlm_univar_synth","draw_041",631,"2021-11-09","history","-0.139084663986530"
"exdqlm_univar_synth","draw_041",631,"2021-11-10","history","-0.0942950973084771"
"exdqlm_univar_synth","draw_041",631,"2021-11-11","history","-0.175926570319407"
"exdqlm_univar_synth","draw_041",631,"2021-11-12","history","-0.345499204008758"
"exdqlm_univar_synth","draw_042",646,"2021-10-25","history","1.37713571800142"
"exdqlm_univar_synth","draw_042",646,"2021-10-26","history","-0.0146911252524655"
"exdqlm_univar_synth","draw_042",646,"2021-10-27","history","-0.248912290404749"
"exdqlm_univar_synth","draw_042",646,"2021-10-28","history","-0.513526448981601"
"exdqlm_univar_synth","draw_042",646,"2021-10-29","history","-0.454811944681812"
"exdqlm_univar_synth","draw_042",646,"2021-10-30","history","-0.575394272623319"
"exdqlm_univar_synth","draw_042",646,"2021-10-31","history","-0.769088590096134"
"exdqlm_univar_synth","draw_042",646,"2021-11-01","history","-0.282753791847684"
"exdqlm_univar_synth","draw_042",646,"2021-11-02","history","0.372921232674671"
"exdqlm_univar_synth","draw_042",646,"2021-11-03","history","-0.448515673972520"
"exdqlm_univar_synth","draw_042",646,"2021-11-04","history","-0.344239404955144"
"exdqlm_univar_synth","draw_042",646,"2021-11-05","history","-0.445251562342155"
"exdqlm_univar_synth","draw_042",646,"2021-11-06","history","-0.218234605061097"
"exdqlm_univar_synth","draw_042",646,"2021-11-07","history","-0.649172156157742"
"exdqlm_univar_synth","draw_042",646,"2021-11-08","history","-0.412588855538363"
"exdqlm_univar_synth","draw_042",646,"2021-11-09","history","0.220125357633764"
"exdqlm_univar_synth","draw_042",646,"2021-11-10","history","0.173689364856838"
"exdqlm_univar_synth","draw_042",646,"2021-11-11","history","-0.335800907681719"
"exdqlm_univar_synth","draw_042",646,"2021-11-12","history","-0.493857549634811"
"exdqlm_univar_synth","draw_043",662,"2021-10-25","history","1.36512473373207"
"exdqlm_univar_synth","draw_043",662,"2021-10-26","history","0.00396094425559224"
"exdqlm_univar_synth","draw_043",662,"2021-10-27","history","0.0759284388248487"
"exdqlm_univar_synth","draw_043",662,"2021-10-28","history","-0.853420479270656"
"exdqlm_univar_synth","draw_043",662,"2021-10-29","history","-0.793547801377984"
"exdqlm_univar_synth","draw_043",662,"2021-10-30","history","-0.765450775322215"
"exdqlm_univar_synth","draw_043",662,"2021-10-31","history","-0.242384787360409"
"exdqlm_univar_synth","draw_043",662,"2021-11-01","history","-0.525525663546132"
"exdqlm_univar_synth","draw_043",662,"2021-11-02","history","-0.0135953424643883"
"exdqlm_univar_synth","draw_043",662,"2021-11-03","history","-0.416379138633407"
"exdqlm_univar_synth","draw_043",662,"2021-11-04","history","-0.430722595385188"
"exdqlm_univar_synth","draw_043",662,"2021-11-05","history","-0.459717271610547"
"exdqlm_univar_synth","draw_043",662,"2021-11-06","history","-0.515324556325929"
"exdqlm_univar_synth","draw_043",662,"2021-11-07","history","-0.553469954036784"
"exdqlm_univar_synth","draw_043",662,"2021-11-08","history","-0.394498735645800"
"exdqlm_univar_synth","draw_043",662,"2021-11-09","history","0.00582385816648434"
"exdqlm_univar_synth","draw_043",662,"2021-11-10","history","0.200293431484152"
"exdqlm_univar_synth","draw_043",662,"2021-11-11","history","-0.112417604598729"
"exdqlm_univar_synth","draw_043",662,"2021-11-12","history","-0.480979249597268"
"exdqlm_univar_synth","draw_044",678,"2021-10-25","history","0.704400980194908"
"exdqlm_univar_synth","draw_044",678,"2021-10-26","history","-0.329967497402877"
"exdqlm_univar_synth","draw_044",678,"2021-10-27","history","-0.0254275030948250"
"exdqlm_univar_synth","draw_044",678,"2021-10-28","history","-0.628244952769246"
"exdqlm_univar_synth","draw_044",678,"2021-10-29","history","-0.689351753240849"
"exdqlm_univar_synth","draw_044",678,"2021-10-30","history","-0.335996724047942"
"exdqlm_univar_synth","draw_044",678,"2021-10-31","history","-0.781548483718880"
"exdqlm_univar_synth","draw_044",678,"2021-11-01","history","-0.403229106332333"
"exdqlm_univar_synth","draw_044",678,"2021-11-02","history","0.242257484229765"
"exdqlm_univar_synth","draw_044",678,"2021-11-03","history","-0.237378487100194"
"exdqlm_univar_synth","draw_044",678,"2021-11-04","history","-0.256025161827813"
"exdqlm_univar_synth","draw_044",678,"2021-11-05","history","-0.322002295015725"
"exdqlm_univar_synth","draw_044",678,"2021-11-06","history","-0.589521863380486"
"exdqlm_univar_synth","draw_044",678,"2021-11-07","history","-0.440625081276380"
"exdqlm_univar_synth","draw_044",678,"2021-11-08","history","-0.455934467360452"
"exdqlm_univar_synth","draw_044",678,"2021-11-09","history","-0.103929383839877"
"exdqlm_univar_synth","draw_044",678,"2021-11-10","history","0.223304603037597"
"exdqlm_univar_synth","draw_044",678,"2021-11-11","history","-0.191354008416748"
"exdqlm_univar_synth","draw_044",678,"2021-11-12","history","-0.496800580608345"
"exdqlm_univar_synth","draw_045",694,"2021-10-25","history","1.19079138981715"
"exdqlm_univar_synth","draw_045",694,"2021-10-26","history","0.184469122472244"
"exdqlm_univar_synth","draw_045",694,"2021-10-27","history","-0.299555732597541"
"exdqlm_univar_synth","draw_045",694,"2021-10-28","history","-0.663184040241770"
"exdqlm_univar_synth","draw_045",694,"2021-10-29","history","-0.735673487915746"
"exdqlm_univar_synth","draw_045",694,"2021-10-30","history","-0.598910601036689"
"exdqlm_univar_synth","draw_045",694,"2021-10-31","history","-0.759805071503921"
"exdqlm_univar_synth","draw_045",694,"2021-11-01","history","-0.618068968941051"
"exdqlm_univar_synth","draw_045",694,"2021-11-02","history","-0.119541978835587"
"exdqlm_univar_synth","draw_045",694,"2021-11-03","history","-0.413624304920005"
"exdqlm_univar_synth","draw_045",694,"2021-11-04","history","-0.401585237386915"
"exdqlm_univar_synth","draw_045",694,"2021-11-05","history","-0.325361129076225"
"exdqlm_univar_synth","draw_045",694,"2021-11-06","history","-0.505736249427447"
"exdqlm_univar_synth","draw_045",694,"2021-11-07","history","-0.418420540087190"
"exdqlm_univar_synth","draw_045",694,"2021-11-08","history","-0.456033227544764"
"exdqlm_univar_synth","draw_045",694,"2021-11-09","history","-0.000820264963295966"
"exdqlm_univar_synth","draw_045",694,"2021-11-10","history","-0.0440354172785557"
"exdqlm_univar_synth","draw_045",694,"2021-11-11","history","-0.143538301022755"
"exdqlm_univar_synth","draw_045",694,"2021-11-12","history","-0.133066373514776"
"exdqlm_univar_synth","draw_046",709,"2021-10-25","history","0.392597231094275"
"exdqlm_univar_synth","draw_046",709,"2021-10-26","history","0.466515912938746"
"exdqlm_univar_synth","draw_046",709,"2021-10-27","history","-0.0522153146369909"
"exdqlm_univar_synth","draw_046",709,"2021-10-28","history","-0.835645451158319"
"exdqlm_univar_synth","draw_046",709,"2021-10-29","history","-0.636202871262267"
"exdqlm_univar_synth","draw_046",709,"2021-10-30","history","-0.405225245189667"
"exdqlm_univar_synth","draw_046",709,"2021-10-31","history","-0.334982711835588"
"exdqlm_univar_synth","draw_046",709,"2021-11-01","history","-0.232475982122512"
"exdqlm_univar_synth","draw_046",709,"2021-11-02","history","0.167005483868421"
"exdqlm_univar_synth","draw_046",709,"2021-11-03","history","-0.443005961124227"
"exdqlm_univar_synth","draw_046",709,"2021-11-04","history","-0.529359623917849"
"exdqlm_univar_synth","draw_046",709,"2021-11-05","history","-0.469187263602708"
"exdqlm_univar_synth","draw_046",709,"2021-11-06","history","-0.525260723169061"
"exdqlm_univar_synth","draw_046",709,"2021-11-07","history","-0.391468864113683"
"exdqlm_univar_synth","draw_046",709,"2021-11-08","history","-0.277690241035733"
"exdqlm_univar_synth","draw_046",709,"2021-11-09","history","0.197208425572474"
"exdqlm_univar_synth","draw_046",709,"2021-11-10","history","0.189000685780000"
"exdqlm_univar_synth","draw_046",709,"2021-11-11","history","-0.433803824791389"
"exdqlm_univar_synth","draw_046",709,"2021-11-12","history","-0.269689266744626"
"exdqlm_univar_synth","draw_047",725,"2021-10-25","history","0.521776828595701"
"exdqlm_univar_synth","draw_047",725,"2021-10-26","history","0.496480356506921"
"exdqlm_univar_synth","draw_047",725,"2021-10-27","history","0.0148571407466819"
"exdqlm_univar_synth","draw_047",725,"2021-10-28","history","-0.569225808360494"
"exdqlm_univar_synth","draw_047",725,"2021-10-29","history","-0.322918498685119"
"exdqlm_univar_synth","draw_047",725,"2021-10-30","history","-0.652199929827293"
"exdqlm_univar_synth","draw_047",725,"2021-10-31","history","-0.724584614482523"
"exdqlm_univar_synth","draw_047",725,"2021-11-01","history","-0.659992537880285"
"exdqlm_univar_synth","draw_047",725,"2021-11-02","history","0.176229084128097"
"exdqlm_univar_synth","draw_047",725,"2021-11-03","history","-0.372280088051971"
"exdqlm_univar_synth","draw_047",725,"2021-11-04","history","-0.404785863924838"
"exdqlm_univar_synth","draw_047",725,"2021-11-05","history","-0.598379730099487"
"exdqlm_univar_synth","draw_047",725,"2021-11-06","history","-0.262599670354578"
"exdqlm_univar_synth","draw_047",725,"2021-11-07","history","-0.426556491509044"
"exdqlm_univar_synth","draw_047",725,"2021-11-08","history","-0.632697032566093"
"exdqlm_univar_synth","draw_047",725,"2021-11-09","history","0.0843823225556229"
"exdqlm_univar_synth","draw_047",725,"2021-11-10","history","-0.189261650835021"
"exdqlm_univar_synth","draw_047",725,"2021-11-11","history","-0.288721535357280"
"exdqlm_univar_synth","draw_047",725,"2021-11-12","history","-0.346525919580728"
"exdqlm_univar_synth","draw_048",741,"2021-10-25","history","0.605394622107613"
"exdqlm_univar_synth","draw_048",741,"2021-10-26","history","0.00767378732654061"
"exdqlm_univar_synth","draw_048",741,"2021-10-27","history","0.153829713077412"
"exdqlm_univar_synth","draw_048",741,"2021-10-28","history","-0.558142701692599"
"exdqlm_univar_synth","draw_048",741,"2021-10-29","history","-0.763325133013917"
"exdqlm_univar_synth","draw_048",741,"2021-10-30","history","-0.678032266116486"
"exdqlm_univar_synth","draw_048",741,"2021-10-31","history","-0.736440077548215"
"exdqlm_univar_synth","draw_048",741,"2021-11-01","history","-0.691163113076805"
"exdqlm_univar_synth","draw_048",741,"2021-11-02","history","-0.156665836987564"
"exdqlm_univar_synth","draw_048",741,"2021-11-03","history","-0.512401112848695"
"exdqlm_univar_synth","draw_048",741,"2021-11-04","history","-0.160522179693788"
"exdqlm_univar_synth","draw_048",741,"2021-11-05","history","-0.330136564003726"
"exdqlm_univar_synth","draw_048",741,"2021-11-06","history","-0.695615428810602"
"exdqlm_univar_synth","draw_048",741,"2021-11-07","history","-0.376582583572051"
"exdqlm_univar_synth","draw_048",741,"2021-11-08","history","-0.634589118741091"
"exdqlm_univar_synth","draw_048",741,"2021-11-09","history","0.00201219421906375"
"exdqlm_univar_synth","draw_048",741,"2021-11-10","history","0.0120945978856519"
"exdqlm_univar_synth","draw_048",741,"2021-11-11","history","-0.0691054932225957"
"exdqlm_univar_synth","draw_048",741,"2021-11-12","history","-0.299951770399905"
"exdqlm_univar_synth","draw_049",757,"2021-10-25","history","1.49734540152783"
"exdqlm_univar_synth","draw_049",757,"2021-10-26","history","0.500199432960830"
"exdqlm_univar_synth","draw_049",757,"2021-10-27","history","-0.0242711119199764"
"exdqlm_univar_synth","draw_049",757,"2021-10-28","history","-0.492665260831939"
"exdqlm_univar_synth","draw_049",757,"2021-10-29","history","-0.555703825697172"
"exdqlm_univar_synth","draw_049",757,"2021-10-30","history","-0.784120473283552"
"exdqlm_univar_synth","draw_049",757,"2021-10-31","history","-0.561105047966417"
"exdqlm_univar_synth","draw_049",757,"2021-11-01","history","-0.705835929804743"
"exdqlm_univar_synth","draw_049",757,"2021-11-02","history","-0.127557502379596"
"exdqlm_univar_synth","draw_049",757,"2021-11-03","history","-0.243975367647311"
"exdqlm_univar_synth","draw_049",757,"2021-11-04","history","-0.0954348361073363"
"exdqlm_univar_synth","draw_049",757,"2021-11-05","history","-0.515767630932911"
"exdqlm_univar_synth","draw_049",757,"2021-11-06","history","-0.210586102125036"
"exdqlm_univar_synth","draw_049",757,"2021-11-07","history","-0.693415848603928"
"exdqlm_univar_synth","draw_049",757,"2021-11-08","history","-0.363319531971944"
"exdqlm_univar_synth","draw_049",757,"2021-11-09","history","-0.151532589401619"
"exdqlm_univar_synth","draw_049",757,"2021-11-10","history","0.0632332570242464"
"exdqlm_univar_synth","draw_049",757,"2021-11-11","history","-0.151954701849736"
"exdqlm_univar_synth","draw_049",757,"2021-11-12","history","-0.426751868566752"
"exdqlm_univar_synth","draw_050",772,"2021-10-25","history","1.58214910950138"
"exdqlm_univar_synth","draw_050",772,"2021-10-26","history","-0.0635259570559515"
"exdqlm_univar_synth","draw_050",772,"2021-10-27","history","-0.212136032442407"
"exdqlm_univar_synth","draw_050",772,"2021-10-28","history","-0.443648940368760"
"exdqlm_univar_synth","draw_050",772,"2021-10-29","history","-0.667804654691055"
"exdqlm_univar_synth","draw_050",772,"2021-10-30","history","-0.662086770104341"
"exdqlm_univar_synth","draw_050",772,"2021-10-31","history","-0.729874853640356"
"exdqlm_univar_synth","draw_050",772,"2021-11-01","history","-0.641912529573666"
"exdqlm_univar_synth","draw_050",772,"2021-11-02","history","-0.0136352004277956"
"exdqlm_univar_synth","draw_050",772,"2021-11-03","history","-0.461110286811257"
"exdqlm_univar_synth","draw_050",772,"2021-11-04","history","-0.530214231460194"
"exdqlm_univar_synth","draw_050",772,"2021-11-05","history","-0.215824168651176"
"exdqlm_univar_synth","draw_050",772,"2021-11-06","history","-0.621730021572006"
"exdqlm_univar_synth","draw_050",772,"2021-11-07","history","-0.570442154982898"
"exdqlm_univar_synth","draw_050",772,"2021-11-08","history","-0.637588460224455"
"exdqlm_univar_synth","draw_050",772,"2021-11-09","history","0.337516498547152"
"exdqlm_univar_synth","draw_050",772,"2021-11-10","history","0.00516292954078642"
"exdqlm_univar_synth","draw_050",772,"2021-11-11","history","-0.328543753494865"
"exdqlm_univar_synth","draw_050",772,"2021-11-12","history","-0.333676870264079"
"exdqlm_univar_synth","draw_051",788,"2021-10-25","history","0.543999680656701"
"exdqlm_univar_synth","draw_051",788,"2021-10-26","history","0.441377890847867"
"exdqlm_univar_synth","draw_051",788,"2021-10-27","history","-0.145301811897627"
"exdqlm_univar_synth","draw_051",788,"2021-10-28","history","-0.709764412449074"
"exdqlm_univar_synth","draw_051",788,"2021-10-29","history","-0.780665750732842"
"exdqlm_univar_synth","draw_051",788,"2021-10-30","history","-0.587548574783795"
"exdqlm_univar_synth","draw_051",788,"2021-10-31","history","-0.668973025289518"
"exdqlm_univar_synth","draw_051",788,"2021-11-01","history","-0.232376531915716"
"exdqlm_univar_synth","draw_051",788,"2021-11-02","history","-0.0640579898261505"
"exdqlm_univar_synth","draw_051",788,"2021-11-03","history","-0.334822816198857"
"exdqlm_univar_synth","draw_051",788,"2021-11-04","history","-0.523978010380233"
"exdqlm_univar_synth","draw_051",788,"2021-11-05","history","-0.540909594193724"
"exdqlm_univar_synth","draw_051",788,"2021-11-06","history","-0.418256553681714"
"exdqlm_univar_synth","draw_051",788,"2021-11-07","history","-0.384784317021278"
"exdqlm_univar_synth","draw_051",788,"2021-11-08","history","-0.373332595646742"
"exdqlm_univar_synth","draw_051",788,"2021-11-09","history","0.310257796944975"
"exdqlm_univar_synth","draw_051",788,"2021-11-10","history","0.400315117761817"
"exdqlm_univar_synth","draw_051",788,"2021-11-11","history","-0.233530205307503"
"exdqlm_univar_synth","draw_051",788,"2021-11-12","history","-0.437647803566827"
"exdqlm_univar_synth","draw_052",804,"2021-10-25","history","1.64163859825270"
"exdqlm_univar_synth","draw_052",804,"2021-10-26","history","0.591478332921202"
"exdqlm_univar_synth","draw_052",804,"2021-10-27","history","0.276849901972034"
"exdqlm_univar_synth","draw_052",804,"2021-10-28","history","-0.752290840184164"
"exdqlm_univar_synth","draw_052",804,"2021-10-29","history","-0.822432708613530"
"exdqlm_univar_synth","draw_052",804,"2021-10-30","history","-0.401669339480910"
"exdqlm_univar_synth","draw_052",804,"2021-10-31","history","-0.498165949566619"
"exdqlm_univar_synth","draw_052",804,"2021-11-01","history","-0.538365086950366"
"exdqlm_univar_synth","draw_052",804,"2021-11-02","history","-0.252249295549015"
"exdqlm_univar_synth","draw_052",804,"2021-11-03","history","-0.232077781484398"
"exdqlm_univar_synth","draw_052",804,"2021-11-04","history","-0.507531894348856"
"exdqlm_univar_synth","draw_052",804,"2021-11-05","history","-0.561138206793631"
"exdqlm_univar_synth","draw_052",804,"2021-11-06","history","-0.660940893281763"
"exdqlm_univar_synth","draw_052",804,"2021-11-07","history","-0.513529495190984"
"exdqlm_univar_synth","draw_052",804,"2021-11-08","history","-0.571914053004258"
"exdqlm_univar_synth","draw_052",804,"2021-11-09","history","0.0823924978827352"
"exdqlm_univar_synth","draw_052",804,"2021-11-10","history","0.0587698574233962"
"exdqlm_univar_synth","draw_052",804,"2021-11-11","history","-0.448718613563328"
"exdqlm_univar_synth","draw_052",804,"2021-11-12","history","-0.502771789671291"
"exdqlm_univar_synth","draw_053",819,"2021-10-25","history","0.780123261795714"
"exdqlm_univar_synth","draw_053",819,"2021-10-26","history","0.443140256653838"
"exdqlm_univar_synth","draw_053",819,"2021-10-27","history","0.183159426856377"
"exdqlm_univar_synth","draw_053",819,"2021-10-28","history","-0.581216163555266"
"exdqlm_univar_synth","draw_053",819,"2021-10-29","history","-0.582698057414368"
"exdqlm_univar_synth","draw_053",819,"2021-10-30","history","-0.779001422164982"
"exdqlm_univar_synth","draw_053",819,"2021-10-31","history","-0.422700601554441"
"exdqlm_univar_synth","draw_053",819,"2021-11-01","history","-0.695779238990751"
"exdqlm_univar_synth","draw_053",819,"2021-11-02","history","-0.206544435521102"
"exdqlm_univar_synth","draw_053",819,"2021-11-03","history","-0.474463043864894"
"exdqlm_univar_synth","draw_053",819,"2021-11-04","history","-0.391369906216068"
"exdqlm_univar_synth","draw_053",819,"2021-11-05","history","-0.678247958526049"
"exdqlm_univar_synth","draw_053",819,"2021-11-06","history","-0.586731284131559"
"exdqlm_univar_synth","draw_053",819,"2021-11-07","history","-0.120998186009344"
"exdqlm_univar_synth","draw_053",819,"2021-11-08","history","-0.509620462414267"
"exdqlm_univar_synth","draw_053",819,"2021-11-09","history","0.0310885370009115"
"exdqlm_univar_synth","draw_053",819,"2021-11-10","history","0.0583796089213061"
"exdqlm_univar_synth","draw_053",819,"2021-11-11","history","-0.228211029862157"
"exdqlm_univar_synth","draw_053",819,"2021-11-12","history","-0.718781875768850"
"exdqlm_univar_synth","draw_054",835,"2021-10-25","history","0.672324916170803"
"exdqlm_univar_synth","draw_054",835,"2021-10-26","history","0.0808980599077651"
"exdqlm_univar_synth","draw_054",835,"2021-10-27","history","0.197599277206173"
"exdqlm_univar_synth","draw_054",835,"2021-10-28","history","-0.637415249483374"
"exdqlm_univar_synth","draw_054",835,"2021-10-29","history","-0.289380850052650"
"exdqlm_univar_synth","draw_054",835,"2021-10-30","history","-0.768569381509840"
"exdqlm_univar_synth","draw_054",835,"2021-10-31","history","-0.676684795444379"
"exdqlm_univar_synth","draw_054",835,"2021-11-01","history","-0.310299385992516"
"exdqlm_univar_synth","draw_054",835,"2021-11-02","history","-0.340463943068533"
"exdqlm_univar_synth","draw_054",835,"2021-11-03","history","-0.305004241252593"
"exdqlm_univar_synth","draw_054",835,"2021-11-04","history","-0.505798111332575"
"exdqlm_univar_synth","draw_054",835,"2021-11-05","history","0.0896297472343986"
"exdqlm_univar_synth","draw_054",835,"2021-11-06","history","-0.435380558580575"
"exdqlm_univar_synth","draw_054",835,"2021-11-07","history","-0.531543701292574"
"exdqlm_univar_synth","draw_054",835,"2021-11-08","history","-0.282935165928949"
"exdqlm_univar_synth","draw_054",835,"2021-11-09","history","-0.0596650316324168"
"exdqlm_univar_synth","draw_054",835,"2021-11-10","history","-0.344047217782501"
"exdqlm_univar_synth","draw_054",835,"2021-11-11","history","-0.173123036089252"
"exdqlm_univar_synth","draw_054",835,"2021-11-12","history","-0.419315397643907"
"exdqlm_univar_synth","draw_055",851,"2021-10-25","history","0.430191083414023"
"exdqlm_univar_synth","draw_055",851,"2021-10-26","history","-0.0456660714746698"
"exdqlm_univar_synth","draw_055",851,"2021-10-27","history","-0.262530927354050"
"exdqlm_univar_synth","draw_055",851,"2021-10-28","history","-0.365593042392548"
"exdqlm_univar_synth","draw_055",851,"2021-10-29","history","-0.601083343678301"
"exdqlm_univar_synth","draw_055",851,"2021-10-30","history","-0.705824638182432"
"exdqlm_univar_synth","draw_055",851,"2021-10-31","history","-0.478918270868931"
"exdqlm_univar_synth","draw_055",851,"2021-11-01","history","-0.510501720930187"
"exdqlm_univar_synth","draw_055",851,"2021-11-02","history","-0.259728114122750"
"exdqlm_univar_synth","draw_055",851,"2021-11-03","history","-0.523370577806998"
"exdqlm_univar_synth","draw_055",851,"2021-11-04","history","-0.104347772442216"
"exdqlm_univar_synth","draw_055",851,"2021-11-05","history","-0.000180161904590478"
"exdqlm_univar_synth","draw_055",851,"2021-11-06","history","-0.614207813439129"
"exdqlm_univar_synth","draw_055",851,"2021-11-07","history","-0.341976423249652"
"exdqlm_univar_synth","draw_055",851,"2021-11-08","history","-0.552734385352272"
"exdqlm_univar_synth","draw_055",851,"2021-11-09","history","-0.229668361969007"
"exdqlm_univar_synth","draw_055",851,"2021-11-10","history","-0.0587934751685008"
"exdqlm_univar_synth","draw_055",851,"2021-11-11","history","-0.240196077628265"
"exdqlm_univar_synth","draw_055",851,"2021-11-12","history","-0.501716222303972"
"exdqlm_univar_synth","draw_056",867,"2021-10-25","history","0.526146660241507"
"exdqlm_univar_synth","draw_056",867,"2021-10-26","history","0.410073507683906"
"exdqlm_univar_synth","draw_056",867,"2021-10-27","history","-0.467828256092718"
"exdqlm_univar_synth","draw_056",867,"2021-10-28","history","-0.768188328030703"
"exdqlm_univar_synth","draw_056",867,"2021-10-29","history","-0.372481374552866"
"exdqlm_univar_synth","draw_056",867,"2021-10-30","history","-0.373865605742265"
"exdqlm_univar_synth","draw_056",867,"2021-10-31","history","-0.842642882888748"
"exdqlm_univar_synth","draw_056",867,"2021-11-01","history","-0.654196777327897"
"exdqlm_univar_synth","draw_056",867,"2021-11-02","history","-0.252054551636742"
"exdqlm_univar_synth","draw_056",867,"2021-11-03","history","-0.506584669523347"
"exdqlm_univar_synth","draw_056",867,"2021-11-04","history","-0.505682846739824"
"exdqlm_univar_synth","draw_056",867,"2021-11-05","history","-0.535110781259611"
"exdqlm_univar_synth","draw_056",867,"2021-11-06","history","-0.538276063395457"
"exdqlm_univar_synth","draw_056",867,"2021-11-07","history","-0.488457464787005"
"exdqlm_univar_synth","draw_056",867,"2021-11-08","history","-0.632340003144063"
"exdqlm_univar_synth","draw_056",867,"2021-11-09","history","0.177242000981453"
"exdqlm_univar_synth","draw_056",867,"2021-11-10","history","-0.126904938266130"
"exdqlm_univar_synth","draw_056",867,"2021-11-11","history","-0.294560620150120"
"exdqlm_univar_synth","draw_056",867,"2021-11-12","history","-0.296572981015267"
"exdqlm_univar_synth","draw_057",882,"2021-10-25","history","1.09538842259870"
"exdqlm_univar_synth","draw_057",882,"2021-10-26","history","0.481703134752099"
"exdqlm_univar_synth","draw_057",882,"2021-10-27","history","0.0226453810084531"
"exdqlm_univar_synth","draw_057",882,"2021-10-28","history","-0.704034826242232"
"exdqlm_univar_synth","draw_057",882,"2021-10-29","history","-0.461504655313532"
"exdqlm_univar_synth","draw_057",882,"2021-10-30","history","-0.896411187587634"
"exdqlm_univar_synth","draw_057",882,"2021-10-31","history","-0.290604246087981"
"exdqlm_univar_synth","draw_057",882,"2021-11-01","history","-0.635855931842064"
"exdqlm_univar_synth","draw_057",882,"2021-11-02","history","-0.214430913999717"
"exdqlm_univar_synth","draw_057",882,"2021-11-03","history","-0.442566301863110"
"exdqlm_univar_synth","draw_057",882,"2021-11-04","history","-0.395357954300202"
"exdqlm_univar_synth","draw_057",882,"2021-11-05","history","-0.606276888857565"
"exdqlm_univar_synth","draw_057",882,"2021-11-06","history","-0.353186029560240"
"exdqlm_univar_synth","draw_057",882,"2021-11-07","history","-0.516268408095215"
"exdqlm_univar_synth","draw_057",882,"2021-11-08","history","-0.533578697583336"
"exdqlm_univar_synth","draw_057",882,"2021-11-09","history","-0.0473937931156227"
"exdqlm_univar_synth","draw_057",882,"2021-11-10","history","-0.00586846860696749"
"exdqlm_univar_synth","draw_057",882,"2021-11-11","history","-0.0640478887651608"
"exdqlm_univar_synth","draw_057",882,"2021-11-12","history","-0.185605436227207"
"exdqlm_univar_synth","draw_058",898,"2021-10-25","history","1.20784312130874"
"exdqlm_univar_synth","draw_058",898,"2021-10-26","history","-0.0100314011763898"
"exdqlm_univar_synth","draw_058",898,"2021-10-27","history","-0.00524580666430047"
"exdqlm_univar_synth","draw_058",898,"2021-10-28","history","-0.373220484827662"
"exdqlm_univar_synth","draw_058",898,"2021-10-29","history","-0.593629186046027"
"exdqlm_univar_synth","draw_058",898,"2021-10-30","history","-0.464451329291067"
"exdqlm_univar_synth","draw_058",898,"2021-10-31","history","-0.697187274196534"
"exdqlm_univar_synth","draw_058",898,"2021-11-01","history","-0.644954572716640"
"exdqlm_univar_synth","draw_058",898,"2021-11-02","history","0.0452411039820428"
"exdqlm_univar_synth","draw_058",898,"2021-11-03","history","-0.254100835921438"
"exdqlm_univar_synth","draw_058",898,"2021-11-04","history","-0.502436754857121"
"exdqlm_univar_synth","draw_058",898,"2021-11-05","history","-0.171613591791595"
"exdqlm_univar_synth","draw_058",898,"2021-11-06","history","-0.571078247891080"
"exdqlm_univar_synth","draw_058",898,"2021-11-07","history","-0.660884517432884"
"exdqlm_univar_synth","draw_058",898,"2021-11-08","history","-0.619445366604021"
"exdqlm_univar_synth","draw_058",898,"2021-11-09","history","0.0509401126450110"
"exdqlm_univar_synth","draw_058",898,"2021-11-10","history","0.115421581804912"
"exdqlm_univar_synth","draw_058",898,"2021-11-11","history","-0.171900650739156"
"exdqlm_univar_synth","draw_058",898,"2021-11-12","history","-0.232697998627724"
"exdqlm_univar_synth","draw_059",914,"2021-10-25","history","1.48153571318537"
"exdqlm_univar_synth","draw_059",914,"2021-10-26","history","0.0134071277780945"
"exdqlm_univar_synth","draw_059",914,"2021-10-27","history","0.0432182765332762"
"exdqlm_univar_synth","draw_059",914,"2021-10-28","history","-0.506015935489635"
"exdqlm_univar_synth","draw_059",914,"2021-10-29","history","-0.787746010138464"
"exdqlm_univar_synth","draw_059",914,"2021-10-30","history","-0.605753298234777"
"exdqlm_univar_synth","draw_059",914,"2021-10-31","history","-0.706523465260032"
"exdqlm_univar_synth","draw_059",914,"2021-11-01","history","-0.504636903334441"
"exdqlm_univar_synth","draw_059",914,"2021-11-02","history","-0.206056771612833"
"exdqlm_univar_synth","draw_059",914,"2021-11-03","history","-0.232776855407758"
"exdqlm_univar_synth","draw_059",914,"2021-11-04","history","-0.481203390352308"
"exdqlm_univar_synth","draw_059",914,"2021-11-05","history","-0.544072575289731"
"exdqlm_univar_synth","draw_059",914,"2021-11-06","history","-0.182692277185644"
"exdqlm_univar_synth","draw_059",914,"2021-11-07","history","-0.332850830912724"
"exdqlm_univar_synth","draw_059",914,"2021-11-08","history","-0.580658430231156"
"exdqlm_univar_synth","draw_059",914,"2021-11-09","history","-0.00599401805086201"
"exdqlm_univar_synth","draw_059",914,"2021-11-10","history","0.0635567753267875"
"exdqlm_univar_synth","draw_059",914,"2021-11-11","history","-0.262390105246103"
"exdqlm_univar_synth","draw_059",914,"2021-11-12","history","-0.406990091295289"
"exdqlm_univar_synth","draw_060",930,"2021-10-25","history","1.25168881253438"
"exdqlm_univar_synth","draw_060",930,"2021-10-26","history","0.104172676537865"
"exdqlm_univar_synth","draw_060",930,"2021-10-27","history","-0.275809648134590"
"exdqlm_univar_synth","draw_060",930,"2021-10-28","history","-0.727625571366710"
"exdqlm_univar_synth","draw_060",930,"2021-10-29","history","-0.773887363790801"
"exdqlm_univar_synth","draw_060",930,"2021-10-30","history","-0.446060580995465"
"exdqlm_univar_synth","draw_060",930,"2021-10-31","history","-0.730708048413485"
"exdqlm_univar_synth","draw_060",930,"2021-11-01","history","-0.303950878995140"
"exdqlm_univar_synth","draw_060",930,"2021-11-02","history","-0.254711961490172"
"exdqlm_univar_synth","draw_060",930,"2021-11-03","history","-0.296983559980148"
"exdqlm_univar_synth","draw_060",930,"2021-11-04","history","-0.357455706356326"
"exdqlm_univar_synth","draw_060",930,"2021-11-05","history","-0.515065858082737"
"exdqlm_univar_synth","draw_060",930,"2021-11-06","history","-0.566726976884820"
"exdqlm_univar_synth","draw_060",930,"2021-11-07","history","-0.557383087560996"
"exdqlm_univar_synth","draw_060",930,"2021-11-08","history","-0.755406279212351"
"exdqlm_univar_synth","draw_060",930,"2021-11-09","history","-0.0468812694223665"
"exdqlm_univar_synth","draw_060",930,"2021-11-10","history","-0.156740116235341"
"exdqlm_univar_synth","draw_060",930,"2021-11-11","history","-0.256292437835917"
"exdqlm_univar_synth","draw_060",930,"2021-11-12","history","-0.108834096633991"
"exdqlm_univar_synth","draw_061",945,"2021-10-25","history","0.827316621250661"
"exdqlm_univar_synth","draw_061",945,"2021-10-26","history","0.177444402407161"
"exdqlm_univar_synth","draw_061",945,"2021-10-27","history","-0.0405234512891746"
"exdqlm_univar_synth","draw_061",945,"2021-10-28","history","-0.792766608153712"
"exdqlm_univar_synth","draw_061",945,"2021-10-29","history","-0.377946934883266"
"exdqlm_univar_synth","draw_061",945,"2021-10-30","history","-0.593486548764042"
"exdqlm_univar_synth","draw_061",945,"2021-10-31","history","-0.698933598692015"
"exdqlm_univar_synth","draw_061",945,"2021-11-01","history","-0.387086218258878"
"exdqlm_univar_synth","draw_061",945,"2021-11-02","history","-0.152354121643460"
"exdqlm_univar_synth","draw_061",945,"2021-11-03","history","-0.423001629558578"
"exdqlm_univar_synth","draw_061",945,"2021-11-04","history","-0.393726305214506"
"exdqlm_univar_synth","draw_061",945,"2021-11-05","history","-0.439200582414678"
"exdqlm_univar_synth","draw_061",945,"2021-11-06","history","-0.467640102877325"
"exdqlm_univar_synth","draw_061",945,"2021-11-07","history","-0.546655277004632"
"exdqlm_univar_synth","draw_061",945,"2021-11-08","history","-0.287805694493316"
"exdqlm_univar_synth","draw_061",945,"2021-11-09","history","-0.110730296553572"
"exdqlm_univar_synth","draw_061",945,"2021-11-10","history","0.244023861012170"
"exdqlm_univar_synth","draw_061",945,"2021-11-11","history","-0.0691869874350926"
"exdqlm_univar_synth","draw_061",945,"2021-11-12","history","-0.424220256676848"
"exdqlm_univar_synth","draw_062",961,"2021-10-25","history","1.23175666817219"
"exdqlm_univar_synth","draw_062",961,"2021-10-26","history","0.173537447602397"
"exdqlm_univar_synth","draw_062",961,"2021-10-27","history","-0.116167112527321"
"exdqlm_univar_synth","draw_062",961,"2021-10-28","history","-0.394892480675974"
"exdqlm_univar_synth","draw_062",961,"2021-10-29","history","-0.720133020985733"
"exdqlm_univar_synth","draw_062",961,"2021-10-30","history","-0.750385236264277"
"exdqlm_univar_synth","draw_062",961,"2021-10-31","history","-0.709839136951337"
"exdqlm_univar_synth","draw_062",961,"2021-11-01","history","-0.754913322934500"
"exdqlm_univar_synth","draw_062",961,"2021-11-02","history","-0.149689261335732"
"exdqlm_univar_synth","draw_062",961,"2021-11-03","history","-0.367690518475923"
"exdqlm_univar_synth","draw_062",961,"2021-11-04","history","-0.416082371679251"
"exdqlm_univar_synth","draw_062",961,"2021-11-05","history","-0.405543863415693"
"exdqlm_univar_synth","draw_062",961,"2021-11-06","history","-0.328097549036775"
"exdqlm_univar_synth","draw_062",961,"2021-11-07","history","-0.254645959296733"
"exdqlm_univar_synth","draw_062",961,"2021-11-08","history","-0.455997750259232"
"exdqlm_univar_synth","draw_062",961,"2021-11-09","history","-0.0809220910817530"
"exdqlm_univar_synth","draw_062",961,"2021-11-10","history","-0.0142088723181526"
"exdqlm_univar_synth","draw_062",961,"2021-11-11","history","-0.0407483372174638"
"exdqlm_univar_synth","draw_062",961,"2021-11-12","history","-0.619725261373261"
"exdqlm_univar_synth","draw_063",977,"2021-10-25","history","0.642145343403194"
"exdqlm_univar_synth","draw_063",977,"2021-10-26","history","0.0458500326675592"
"exdqlm_univar_synth","draw_063",977,"2021-10-27","history","0.252538498476876"
"exdqlm_univar_synth","draw_063",977,"2021-10-28","history","-0.343484494830876"
"exdqlm_univar_synth","draw_063",977,"2021-10-29","history","-0.457892893277555"
"exdqlm_univar_synth","draw_063",977,"2021-10-30","history","-0.668062558086858"
"exdqlm_univar_synth","draw_063",977,"2021-10-31","history","-0.719734511484484"
"exdqlm_univar_synth","draw_063",977,"2021-11-01","history","-0.645865664155028"
"exdqlm_univar_synth","draw_063",977,"2021-11-02","history","-0.244073705711853"
"exdqlm_univar_synth","draw_063",977,"2021-11-03","history","-0.388623017903446"
"exdqlm_univar_synth","draw_063",977,"2021-11-04","history","-0.395013191287075"
"exdqlm_univar_synth","draw_063",977,"2021-11-05","history","-0.563236193486688"
"exdqlm_univar_synth","draw_063",977,"2021-11-06","history","-0.469279298155289"
"exdqlm_univar_synth","draw_063",977,"2021-11-07","history","-0.684886200515861"
"exdqlm_univar_synth","draw_063",977,"2021-11-08","history","-0.378854952207290"
"exdqlm_univar_synth","draw_063",977,"2021-11-09","history","-0.164084902877721"
"exdqlm_univar_synth","draw_063",977,"2021-11-10","history","0.0160266137528182"
"exdqlm_univar_synth","draw_063",977,"2021-11-11","history","-0.0780978180953190"
"exdqlm_univar_synth","draw_063",977,"2021-11-12","history","-0.251559428997381"
"exdqlm_univar_synth","draw_064",993,"2021-10-25","history","0.569785729693244"
"exdqlm_univar_synth","draw_064",993,"2021-10-26","history","-0.0563377198771792"
"exdqlm_univar_synth","draw_064",993,"2021-10-27","history","-0.0101566674546461"
"exdqlm_univar_synth","draw_064",993,"2021-10-28","history","-0.328163274693210"
"exdqlm_univar_synth","draw_064",993,"2021-10-29","history","-0.802637911967218"
"exdqlm_univar_synth","draw_064",993,"2021-10-30","history","-0.536505884788900"
"exdqlm_univar_synth","draw_064",993,"2021-10-31","history","-0.677083995555514"
"exdqlm_univar_synth","draw_064",993,"2021-11-01","history","-0.356499997976132"
"exdqlm_univar_synth","draw_064",993,"2021-11-02","history","-0.129280223040996"
"exdqlm_univar_synth","draw_064",993,"2021-11-03","history","-0.319148199174712"
"exdqlm_univar_synth","draw_064",993,"2021-11-04","history","-0.216843749536951"
"exdqlm_univar_synth","draw_064",993,"2021-11-05","history","-0.339033910936311"
"exdqlm_univar_synth","draw_064",993,"2021-11-06","history","-0.542828672060486"
"exdqlm_univar_synth","draw_064",993,"2021-11-07","history","-0.528873235134427"
"exdqlm_univar_synth","draw_064",993,"2021-11-08","history","-0.535663476143759"
"exdqlm_univar_synth","draw_064",993,"2021-11-09","history","-0.126136463150305"
"exdqlm_univar_synth","draw_064",993,"2021-11-10","history","-0.141505625758759"
"exdqlm_univar_synth","draw_064",993,"2021-11-11","history","-0.264009185812755"
"exdqlm_univar_synth","draw_064",993,"2021-11-12","history","-0.410011783491101"
"exdqlm_univar_synth","draw_065",1008,"2021-10-25","history","0.820505436241180"
"exdqlm_univar_synth","draw_065",1008,"2021-10-26","history","-0.0774492043963782"
"exdqlm_univar_synth","draw_065",1008,"2021-10-27","history","0.156546609390120"
"exdqlm_univar_synth","draw_065",1008,"2021-10-28","history","-0.599984721473012"
"exdqlm_univar_synth","draw_065",1008,"2021-10-29","history","-0.713694212386687"
"exdqlm_univar_synth","draw_065",1008,"2021-10-30","history","-0.580955067775351"
"exdqlm_univar_synth","draw_065",1008,"2021-10-31","history","-0.687712322410331"
"exdqlm_univar_synth","draw_065",1008,"2021-11-01","history","-0.645066005877268"
"exdqlm_univar_synth","draw_065",1008,"2021-11-02","history","-0.141620732741520"
"exdqlm_univar_synth","draw_065",1008,"2021-11-03","history","-0.215916893285953"
"exdqlm_univar_synth","draw_065",1008,"2021-11-04","history","-0.373894995471540"
"exdqlm_univar_synth","draw_065",1008,"2021-11-05","history","-0.477072757077568"
"exdqlm_univar_synth","draw_065",1008,"2021-11-06","history","-0.308470373732394"
"exdqlm_univar_synth","draw_065",1008,"2021-11-07","history","-0.396997187795266"
"exdqlm_univar_synth","draw_065",1008,"2021-11-08","history","-0.283222574421048"
"exdqlm_univar_synth","draw_065",1008,"2021-11-09","history","0.517709874000797"
"exdqlm_univar_synth","draw_065",1008,"2021-11-10","history","-0.0511503770017498"
"exdqlm_univar_synth","draw_065",1008,"2021-11-11","history","-0.0382201038747564"
"exdqlm_univar_synth","draw_065",1008,"2021-11-12","history","-0.426087621264785"
"exdqlm_univar_synth","draw_066",1024,"2021-10-25","history","1.52240766044335"
"exdqlm_univar_synth","draw_066",1024,"2021-10-26","history","0.483175237765304"
"exdqlm_univar_synth","draw_066",1024,"2021-10-27","history","-0.00551944952128653"
"exdqlm_univar_synth","draw_066",1024,"2021-10-28","history","-0.713557909151454"
"exdqlm_univar_synth","draw_066",1024,"2021-10-29","history","-0.587651695048313"
"exdqlm_univar_synth","draw_066",1024,"2021-10-30","history","-0.781741418579344"
"exdqlm_univar_synth","draw_066",1024,"2021-10-31","history","-0.558847702745143"
"exdqlm_univar_synth","draw_066",1024,"2021-11-01","history","-0.902279337468066"
"exdqlm_univar_synth","draw_066",1024,"2021-11-02","history","-0.303123373399654"
"exdqlm_univar_synth","draw_066",1024,"2021-11-03","history","-0.211390097847029"
"exdqlm_univar_synth","draw_066",1024,"2021-11-04","history","-0.272352199055546"
"exdqlm_univar_synth","draw_066",1024,"2021-11-05","history","-0.389277690644930"
"exdqlm_univar_synth","draw_066",1024,"2021-11-06","history","-0.628742366259695"
"exdqlm_univar_synth","draw_066",1024,"2021-11-07","history","-0.625337100231173"
"exdqlm_univar_synth","draw_066",1024,"2021-11-08","history","-0.789987279946579"
"exdqlm_univar_synth","draw_066",1024,"2021-11-09","history","0.0487050519402888"
"exdqlm_univar_synth","draw_066",1024,"2021-11-10","history","-0.191347771524675"
"exdqlm_univar_synth","draw_066",1024,"2021-11-11","history","0.0167738773781279"
"exdqlm_univar_synth","draw_066",1024,"2021-11-12","history","-0.376431538118492"
"exdqlm_univar_synth","draw_067",1040,"2021-10-25","history","1.39054974195062"
"exdqlm_univar_synth","draw_067",1040,"2021-10-26","history","0.512178948867372"
"exdqlm_univar_synth","draw_067",1040,"2021-10-27","history","0.0103675050971909"
"exdqlm_univar_synth","draw_067",1040,"2021-10-28","history","-0.400708755951368"
"exdqlm_univar_synth","draw_067",1040,"2021-10-29","history","-0.535360788269768"
"exdqlm_univar_synth","draw_067",1040,"2021-10-30","history","-0.722776539382106"
"exdqlm_univar_synth","draw_067",1040,"2021-10-31","history","-0.458875127126340"
"exdqlm_univar_synth","draw_067",1040,"2021-11-01","history","-0.549193826410503"
"exdqlm_univar_synth","draw_067",1040,"2021-11-02","history","0.128073050749173"
"exdqlm_univar_synth","draw_067",1040,"2021-11-03","history","-0.511388356014709"
"exdqlm_univar_synth","draw_067",1040,"2021-11-04","history","-0.141601688791751"
"exdqlm_univar_synth","draw_067",1040,"2021-11-05","history","-0.309099565051601"
"exdqlm_univar_synth","draw_067",1040,"2021-11-06","history","-0.343672960010203"
"exdqlm_univar_synth","draw_067",1040,"2021-11-07","history","-0.613651477209324"
"exdqlm_univar_synth","draw_067",1040,"2021-11-08","history","-0.652411222066703"
"exdqlm_univar_synth","draw_067",1040,"2021-11-09","history","0.0308916436010589"
"exdqlm_univar_synth","draw_067",1040,"2021-11-10","history","-0.0990938877915730"
"exdqlm_univar_synth","draw_067",1040,"2021-11-11","history","-0.153733361656614"
"exdqlm_univar_synth","draw_067",1040,"2021-11-12","history","-0.331520198579510"
"exdqlm_univar_synth","draw_068",1056,"2021-10-25","history","0.613596216909953"
"exdqlm_univar_synth","draw_068",1056,"2021-10-26","history","0.407192764237897"
"exdqlm_univar_synth","draw_068",1056,"2021-10-27","history","-0.298711845616569"
"exdqlm_univar_synth","draw_068",1056,"2021-10-28","history","-0.797341322972344"
"exdqlm_univar_synth","draw_068",1056,"2021-10-29","history","-0.685626278775735"
"exdqlm_univar_synth","draw_068",1056,"2021-10-30","history","-0.334906842939811"
"exdqlm_univar_synth","draw_068",1056,"2021-10-31","history","-0.862349628359691"
"exdqlm_univar_synth","draw_068",1056,"2021-11-01","history","-0.546167650505192"
"exdqlm_univar_synth","draw_068",1056,"2021-11-02","history","-0.0616711267020217"
"exdqlm_univar_synth","draw_068",1056,"2021-11-03","history","-0.528421907689452"
"exdqlm_univar_synth","draw_068",1056,"2021-11-04","history","-0.173493519333452"
"exdqlm_univar_synth","draw_068",1056,"2021-11-05","history","-0.549526532669993"
"exdqlm_univar_synth","draw_068",1056,"2021-11-06","history","-0.345266312749409"
"exdqlm_univar_synth","draw_068",1056,"2021-11-07","history","-0.257768726832828"
"exdqlm_univar_synth","draw_068",1056,"2021-11-08","history","-0.338944772999969"
"exdqlm_univar_synth","draw_068",1056,"2021-11-09","history","0.405814570466880"
"exdqlm_univar_synth","draw_068",1056,"2021-11-10","history","-0.228304751895185"
"exdqlm_univar_synth","draw_068",1056,"2021-11-11","history","-0.241664604117249"
"exdqlm_univar_synth","draw_068",1056,"2021-11-12","history","-0.0542202550254229"
"exdqlm_univar_synth","draw_069",1071,"2021-10-25","history","1.10096644640809"
"exdqlm_univar_synth","draw_069",1071,"2021-10-26","history","0.0849756041646698"
"exdqlm_univar_synth","draw_069",1071,"2021-10-27","history","0.0753590984585909"
"exdqlm_univar_synth","draw_069",1071,"2021-10-28","history","-0.621956475221211"
"exdqlm_univar_synth","draw_069",1071,"2021-10-29","history","-0.690949368924791"
"exdqlm_univar_synth","draw_069",1071,"2021-10-30","history","-0.754921403339125"
"exdqlm_univar_synth","draw_069",1071,"2021-10-31","history","-0.679570461946247"
"exdqlm_univar_synth","draw_069",1071,"2021-11-01","history","-0.670116271962712"
"exdqlm_univar_synth","draw_069",1071,"2021-11-02","history","-0.0124743465973435"
"exdqlm_univar_synth","draw_069",1071,"2021-11-03","history","-0.398359021293346"
"exdqlm_univar_synth","draw_069",1071,"2021-11-04","history","-0.203157775143580"
"exdqlm_univar_synth","draw_069",1071,"2021-11-05","history","-0.677903137860780"
"exdqlm_univar_synth","draw_069",1071,"2021-11-06","history","-0.434522283630559"
"exdqlm_univar_synth","draw_069",1071,"2021-11-07","history","-0.449790985937054"
"exdqlm_univar_synth","draw_069",1071,"2021-11-08","history","-0.570847911274389"
"exdqlm_univar_synth","draw_069",1071,"2021-11-09","history","0.319660291362653"
"exdqlm_univar_synth","draw_069",1071,"2021-11-10","history","-0.0943227900532228"
"exdqlm_univar_synth","draw_069",1071,"2021-11-11","history","-0.0831975894321382"
"exdqlm_univar_synth","draw_069",1071,"2021-11-12","history","-0.326622412396785"
"exdqlm_univar_synth","draw_070",1087,"2021-10-25","history","0.827078283762222"
"exdqlm_univar_synth","draw_070",1087,"2021-10-26","history","0.189173565272394"
"exdqlm_univar_synth","draw_070",1087,"2021-10-27","history","0.282251189284183"
"exdqlm_univar_synth","draw_070",1087,"2021-10-28","history","-0.786014907367695"
"exdqlm_univar_synth","draw_070",1087,"2021-10-29","history","-0.749640567994691"
"exdqlm_univar_synth","draw_070",1087,"2021-10-30","history","-0.453771166817896"
"exdqlm_univar_synth","draw_070",1087,"2021-10-31","history","-0.411309413108646"
"exdqlm_univar_synth","draw_070",1087,"2021-11-01","history","-0.795610203754002"
"exdqlm_univar_synth","draw_070",1087,"2021-11-02","history","-0.283574737253647"
"exdqlm_univar_synth","draw_070",1087,"2021-11-03","history","-0.492422381940305"
"exdqlm_univar_synth","draw_070",1087,"2021-11-04","history","-0.391910791244989"
"exdqlm_univar_synth","draw_070",1087,"2021-11-05","history","-0.304214586970312"
"exdqlm_univar_synth","draw_070",1087,"2021-11-06","history","-0.464434402093249"
"exdqlm_univar_synth","draw_070",1087,"2021-11-07","history","-0.398037830290400"
"exdqlm_univar_synth","draw_070",1087,"2021-11-08","history","-0.138785525951350"
"exdqlm_univar_synth","draw_070",1087,"2021-11-09","history","0.211708434994947"
"exdqlm_univar_synth","draw_070",1087,"2021-11-10","history","-0.0488267813865772"
"exdqlm_univar_synth","draw_070",1087,"2021-11-11","history","-0.328682614331341"
"exdqlm_univar_synth","draw_070",1087,"2021-11-12","history","-0.123674161661086"
"exdqlm_univar_synth","draw_071",1103,"2021-10-25","history","0.751566544342880"
"exdqlm_univar_synth","draw_071",1103,"2021-10-26","history","0.338741329349322"
"exdqlm_univar_synth","draw_071",1103,"2021-10-27","history","0.142015549993037"
"exdqlm_univar_synth","draw_071",1103,"2021-10-28","history","-0.643605678318954"
"exdqlm_univar_synth","draw_071",1103,"2021-10-29","history","-0.172140251086591"
"exdqlm_univar_synth","draw_071",1103,"2021-10-30","history","-0.646907058580690"
"exdqlm_univar_synth","draw_071",1103,"2021-10-31","history","-0.804305280491287"
"exdqlm_univar_synth","draw_071",1103,"2021-11-01","history","-0.340873902567955"
"exdqlm_univar_synth","draw_071",1103,"2021-11-02","history","-0.256622034380386"
"exdqlm_univar_synth","draw_071",1103,"2021-11-03","history","-0.486770528006159"
"exdqlm_univar_synth","draw_071",1103,"2021-11-04","history","-0.307998073713405"
"exdqlm_univar_synth","draw_071",1103,"2021-11-05","history","-0.259721015887267"
"exdqlm_univar_synth","draw_071",1103,"2021-11-06","history","-0.374523714377071"
"exdqlm_univar_synth","draw_071",1103,"2021-11-07","history","-0.321896655301414"
"exdqlm_univar_synth","draw_071",1103,"2021-11-08","history","-0.527359848168430"
"exdqlm_univar_synth","draw_071",1103,"2021-11-09","history","-0.0226273942224519"
"exdqlm_univar_synth","draw_071",1103,"2021-11-10","history","-0.00000689045946717260"
"exdqlm_univar_synth","draw_071",1103,"2021-11-11","history","-0.101977315908600"
"exdqlm_univar_synth","draw_071",1103,"2021-11-12","history","-0.243562354479324"
"exdqlm_univar_synth","draw_072",1119,"2021-10-25","history","1.25278808151494"
"exdqlm_univar_synth","draw_072",1119,"2021-10-26","history","0.160000989597132"
"exdqlm_univar_synth","draw_072",1119,"2021-10-27","history","0.0647620902879971"
"exdqlm_univar_synth","draw_072",1119,"2021-10-28","history","-0.798451362757004"
"exdqlm_univar_synth","draw_072",1119,"2021-10-29","history","-0.643012664887524"
"exdqlm_univar_synth","draw_072",1119,"2021-10-30","history","-0.462004341067311"
"exdqlm_univar_synth","draw_072",1119,"2021-10-31","history","-0.661411852814202"
"exdqlm_univar_synth","draw_072",1119,"2021-11-01","history","-0.652277761790800"
"exdqlm_univar_synth","draw_072",1119,"2021-11-02","history","-0.277001528497837"
"exdqlm_univar_synth","draw_072",1119,"2021-11-03","history","-0.212391592023083"
"exdqlm_univar_synth","draw_072",1119,"2021-11-04","history","-0.210806788596471"
"exdqlm_univar_synth","draw_072",1119,"2021-11-05","history","-0.464263102164042"
"exdqlm_univar_synth","draw_072",1119,"2021-11-06","history","-0.487926975252756"
"exdqlm_univar_synth","draw_072",1119,"2021-11-07","history","-0.508650524151319"
"exdqlm_univar_synth","draw_072",1119,"2021-11-08","history","-0.310591890554761"
"exdqlm_univar_synth","draw_072",1119,"2021-11-09","history","0.0504111627466933"
"exdqlm_univar_synth","draw_072",1119,"2021-11-10","history","0.0611162874660499"
"exdqlm_univar_synth","draw_072",1119,"2021-11-11","history","-0.0327969000183340"
"exdqlm_univar_synth","draw_072",1119,"2021-11-12","history","-0.470108699047946"
"exdqlm_univar_synth","draw_073",1134,"2021-10-25","history","0.808401199837996"
"exdqlm_univar_synth","draw_073",1134,"2021-10-26","history","0.206333280313417"
"exdqlm_univar_synth","draw_073",1134,"2021-10-27","history","0.0782158593486339"
"exdqlm_univar_synth","draw_073",1134,"2021-10-28","history","-0.703502685603462"
"exdqlm_univar_synth","draw_073",1134,"2021-10-29","history","-1.06047867217654"
"exdqlm_univar_synth","draw_073",1134,"2021-10-30","history","-0.734592528735819"
"exdqlm_univar_synth","draw_073",1134,"2021-10-31","history","-0.724268864530226"
"exdqlm_univar_synth","draw_073",1134,"2021-11-01","history","-0.295361307145549"
"exdqlm_univar_synth","draw_073",1134,"2021-11-02","history","-0.00790808662506331"
"exdqlm_univar_synth","draw_073",1134,"2021-11-03","history","-0.517839910655386"
"exdqlm_univar_synth","draw_073",1134,"2021-11-04","history","-0.255763160332140"
"exdqlm_univar_synth","draw_073",1134,"2021-11-05","history","-0.599170767181096"
"exdqlm_univar_synth","draw_073",1134,"2021-11-06","history","-0.525253264236447"
"exdqlm_univar_synth","draw_073",1134,"2021-11-07","history","-0.515307626500836"
"exdqlm_univar_synth","draw_073",1134,"2021-11-08","history","-0.255993558989743"
"exdqlm_univar_synth","draw_073",1134,"2021-11-09","history","0.198800788140269"
"exdqlm_univar_synth","draw_073",1134,"2021-11-10","history","0.287785684847358"
"exdqlm_univar_synth","draw_073",1134,"2021-11-11","history","-0.0678003219324723"
"exdqlm_univar_synth","draw_073",1134,"2021-11-12","history","-0.271390423843826"
"exdqlm_univar_synth","draw_074",1150,"2021-10-25","history","1.55954150478878"
"exdqlm_univar_synth","draw_074",1150,"2021-10-26","history","-0.0837905616241465"
"exdqlm_univar_synth","draw_074",1150,"2021-10-27","history","-0.278536253680555"
"exdqlm_univar_synth","draw_074",1150,"2021-10-28","history","-0.563237287028957"
"exdqlm_univar_synth","draw_074",1150,"2021-10-29","history","-0.537299237115064"
"exdqlm_univar_synth","draw_074",1150,"2021-10-30","history","-0.600499341454259"
"exdqlm_univar_synth","draw_074",1150,"2021-10-31","history","-0.643700489794230"
"exdqlm_univar_synth","draw_074",1150,"2021-11-01","history","-0.687682555816686"
"exdqlm_univar_synth","draw_074",1150,"2021-11-02","history","-0.293072883088600"
"exdqlm_univar_synth","draw_074",1150,"2021-11-03","history","-0.156334050277528"
"exdqlm_univar_synth","draw_074",1150,"2021-11-04","history","-0.185315352677353"
"exdqlm_univar_synth","draw_074",1150,"2021-11-05","history","-0.554355478708366"
"exdqlm_univar_synth","draw_074",1150,"2021-11-06","history","-0.442596792073883"
"exdqlm_univar_synth","draw_074",1150,"2021-11-07","history","-0.551416375687929"
"exdqlm_univar_synth","draw_074",1150,"2021-11-08","history","-0.255960525449308"
"exdqlm_univar_synth","draw_074",1150,"2021-11-09","history","0.0643097890984282"
"exdqlm_univar_synth","draw_074",1150,"2021-11-10","history","0.0284130933304330"
"exdqlm_univar_synth","draw_074",1150,"2021-11-11","history","-0.313955332641192"
"exdqlm_univar_synth","draw_074",1150,"2021-11-12","history","-0.350607967098503"
"exdqlm_univar_synth","draw_075",1166,"2021-10-25","history","1.32446793907103"
"exdqlm_univar_synth","draw_075",1166,"2021-10-26","history","0.164761450353903"
"exdqlm_univar_synth","draw_075",1166,"2021-10-27","history","-0.103034841875858"
"exdqlm_univar_synth","draw_075",1166,"2021-10-28","history","-0.704076080082303"
"exdqlm_univar_synth","draw_075",1166,"2021-10-29","history","-0.580195491215493"
"exdqlm_univar_synth","draw_075",1166,"2021-10-30","history","-0.565024907011439"
"exdqlm_univar_synth","draw_075",1166,"2021-10-31","history","-0.566471765330818"
"exdqlm_univar_synth","draw_075",1166,"2021-11-01","history","-0.551890259400309"
"exdqlm_univar_synth","draw_075",1166,"2021-11-02","history","-0.0409256506319530"
"exdqlm_univar_synth","draw_075",1166,"2021-11-03","history","-0.133834122690017"
"exdqlm_univar_synth","draw_075",1166,"2021-11-04","history","-0.532136877068377"
"exdqlm_univar_synth","draw_075",1166,"2021-11-05","history","-0.468771788911284"
"exdqlm_univar_synth","draw_075",1166,"2021-11-06","history","-0.429612090290007"
"exdqlm_univar_synth","draw_075",1166,"2021-11-07","history","-0.345768291489192"
"exdqlm_univar_synth","draw_075",1166,"2021-11-08","history","-0.317523829234452"
"exdqlm_univar_synth","draw_075",1166,"2021-11-09","history","0.349531173359896"
"exdqlm_univar_synth","draw_075",1166,"2021-11-10","history","0.176236030475459"
"exdqlm_univar_synth","draw_075",1166,"2021-11-11","history","-0.105652215928283"
"exdqlm_univar_synth","draw_075",1166,"2021-11-12","history","-0.473379513986172"
"exdqlm_univar_synth","draw_076",1182,"2021-10-25","history","0.748433034882781"
"exdqlm_univar_synth","draw_076",1182,"2021-10-26","history","0.227497470672813"
"exdqlm_univar_synth","draw_076",1182,"2021-10-27","history","0.0149496343802911"
"exdqlm_univar_synth","draw_076",1182,"2021-10-28","history","-0.664163618966319"
"exdqlm_univar_synth","draw_076",1182,"2021-10-29","history","-0.657675394959436"
"exdqlm_univar_synth","draw_076",1182,"2021-10-30","history","-0.662473008664882"
"exdqlm_univar_synth","draw_076",1182,"2021-10-31","history","-0.335669499685364"
"exdqlm_univar_synth","draw_076",1182,"2021-11-01","history","-0.708257487322771"
"exdqlm_univar_synth","draw_076",1182,"2021-11-02","history","-0.0767028618497557"
"exdqlm_univar_synth","draw_076",1182,"2021-11-03","history","-0.346026153809265"
"exdqlm_univar_synth","draw_076",1182,"2021-11-04","history","-0.395233322947280"
"exdqlm_univar_synth","draw_076",1182,"2021-11-05","history","-0.634266882892332"
"exdqlm_univar_synth","draw_076",1182,"2021-11-06","history","-0.590394134198001"
"exdqlm_univar_synth","draw_076",1182,"2021-11-07","history","-0.507942479929910"
"exdqlm_univar_synth","draw_076",1182,"2021-11-08","history","-0.694489908399148"
"exdqlm_univar_synth","draw_076",1182,"2021-11-09","history","0.0211468255630579"
"exdqlm_univar_synth","draw_076",1182,"2021-11-10","history","0.217560879792894"
"exdqlm_univar_synth","draw_076",1182,"2021-11-11","history","-0.293234596735113"
"exdqlm_univar_synth","draw_076",1182,"2021-11-12","history","-0.401774598269845"
"exdqlm_univar_synth","draw_077",1197,"2021-10-25","history","1.23542688142008"
"exdqlm_univar_synth","draw_077",1197,"2021-10-26","history","0.589545270335314"
"exdqlm_univar_synth","draw_077",1197,"2021-10-27","history","-0.0990123809996103"
"exdqlm_univar_synth","draw_077",1197,"2021-10-28","history","-0.732521646881563"
"exdqlm_univar_synth","draw_077",1197,"2021-10-29","history","-0.507506147363544"
"exdqlm_univar_synth","draw_077",1197,"2021-10-30","history","-0.438774713836285"
"exdqlm_univar_synth","draw_077",1197,"2021-10-31","history","-0.847815251116719"
"exdqlm_univar_synth","draw_077",1197,"2021-11-01","history","-0.633735036026749"
"exdqlm_univar_synth","draw_077",1197,"2021-11-02","history","-0.191016274871242"
"exdqlm_univar_synth","draw_077",1197,"2021-11-03","history","-0.106187349440148"
"exdqlm_univar_synth","draw_077",1197,"2021-11-04","history","-0.492668271280693"
"exdqlm_univar_synth","draw_077",1197,"2021-11-05","history","-0.578584081006076"
"exdqlm_univar_synth","draw_077",1197,"2021-11-06","history","-0.334297722240331"
"exdqlm_univar_synth","draw_077",1197,"2021-11-07","history","-0.466853671094967"
"exdqlm_univar_synth","draw_077",1197,"2021-11-08","history","-0.563205617347616"
"exdqlm_univar_synth","draw_077",1197,"2021-11-09","history","-0.122017949502509"
"exdqlm_univar_synth","draw_077",1197,"2021-11-10","history","0.172770458715872"
"exdqlm_univar_synth","draw_077",1197,"2021-11-11","history","-0.103791764222149"
"exdqlm_univar_synth","draw_077",1197,"2021-11-12","history","-0.213969579173748"
"exdqlm_univar_synth","draw_078",1213,"2021-10-25","history","0.832020062550578"
"exdqlm_univar_synth","draw_078",1213,"2021-10-26","history","-0.162623633404169"
"exdqlm_univar_synth","draw_078",1213,"2021-10-27","history","0.302442838972785"
"exdqlm_univar_synth","draw_078",1213,"2021-10-28","history","-0.571335355385426"
"exdqlm_univar_synth","draw_078",1213,"2021-10-29","history","-0.791098095497934"
"exdqlm_univar_synth","draw_078",1213,"2021-10-30","history","-0.487713982256581"
"exdqlm_univar_synth","draw_078",1213,"2021-10-31","history","-0.697374218479889"
"exdqlm_univar_synth","draw_078",1213,"2021-11-01","history","-0.640764661667500"
"exdqlm_univar_synth","draw_078",1213,"2021-11-02","history","-0.248950828282205"
"exdqlm_univar_synth","draw_078",1213,"2021-11-03","history","-0.417206194091421"
"exdqlm_univar_synth","draw_078",1213,"2021-11-04","history","-0.279164464504495"
"exdqlm_univar_synth","draw_078",1213,"2021-11-05","history","-0.599581630676063"
"exdqlm_univar_synth","draw_078",1213,"2021-11-06","history","-0.578741709021051"
"exdqlm_univar_synth","draw_078",1213,"2021-11-07","history","-0.401080237471112"
"exdqlm_univar_synth","draw_078",1213,"2021-11-08","history","-0.627808344793347"
"exdqlm_univar_synth","draw_078",1213,"2021-11-09","history","0.468071766587633"
"exdqlm_univar_synth","draw_078",1213,"2021-11-10","history","-0.0537631004003109"
"exdqlm_univar_synth","draw_078",1213,"2021-11-11","history","-0.0377562818825751"
"exdqlm_univar_synth","draw_078",1213,"2021-11-12","history","-0.191400446074837"
"exdqlm_univar_synth","draw_079",1229,"2021-10-25","history","1.35652313175000"
"exdqlm_univar_synth","draw_079",1229,"2021-10-26","history","0.253185343557696"
"exdqlm_univar_synth","draw_079",1229,"2021-10-27","history","0.227447543978907"
"exdqlm_univar_synth","draw_079",1229,"2021-10-28","history","-0.637396456543555"
"exdqlm_univar_synth","draw_079",1229,"2021-10-29","history","-0.791005561329123"
"exdqlm_univar_synth","draw_079",1229,"2021-10-30","history","-0.712939047454545"
"exdqlm_univar_synth","draw_079",1229,"2021-10-31","history","-0.600291918649560"
"exdqlm_univar_synth","draw_079",1229,"2021-11-01","history","-0.534436407175391"
"exdqlm_univar_synth","draw_079",1229,"2021-11-02","history","-0.254070731905541"
"exdqlm_univar_synth","draw_079",1229,"2021-11-03","history","-0.159978661631550"
"exdqlm_univar_synth","draw_079",1229,"2021-11-04","history","-0.394536901198322"
"exdqlm_univar_synth","draw_079",1229,"2021-11-05","history","-0.483583845240752"
"exdqlm_univar_synth","draw_079",1229,"2021-11-06","history","-0.290642736737697"
"exdqlm_univar_synth","draw_079",1229,"2021-11-07","history","-0.532480465364498"
"exdqlm_univar_synth","draw_079",1229,"2021-11-08","history","-0.467729017788530"
"exdqlm_univar_synth","draw_079",1229,"2021-11-09","history","0.478724892353764"
"exdqlm_univar_synth","draw_079",1229,"2021-11-10","history","0.0620212358858616"
"exdqlm_univar_synth","draw_079",1229,"2021-11-11","history","-0.214903304056234"
"exdqlm_univar_synth","draw_079",1229,"2021-11-12","history","-0.206327816548174"
"exdqlm_univar_synth","draw_080",1244,"2021-10-25","history","0.739162085466397"
"exdqlm_univar_synth","draw_080",1244,"2021-10-26","history","0.553808825466680"
"exdqlm_univar_synth","draw_080",1244,"2021-10-27","history","0.0255741516210736"
"exdqlm_univar_synth","draw_080",1244,"2021-10-28","history","-0.276604986301413"
"exdqlm_univar_synth","draw_080",1244,"2021-10-29","history","-0.569683964097230"
"exdqlm_univar_synth","draw_080",1244,"2021-10-30","history","-0.528801983676548"
"exdqlm_univar_synth","draw_080",1244,"2021-10-31","history","-0.558167951484742"
"exdqlm_univar_synth","draw_080",1244,"2021-11-01","history","-0.627130916332492"
"exdqlm_univar_synth","draw_080",1244,"2021-11-02","history","-0.254270400623621"
"exdqlm_univar_synth","draw_080",1244,"2021-11-03","history","-0.366755541104984"
"exdqlm_univar_synth","draw_080",1244,"2021-11-04","history","-0.271086540986107"
"exdqlm_univar_synth","draw_080",1244,"2021-11-05","history","-0.350105301476004"
"exdqlm_univar_synth","draw_080",1244,"2021-11-06","history","-0.345937230347250"
"exdqlm_univar_synth","draw_080",1244,"2021-11-07","history","-0.312411103931278"
"exdqlm_univar_synth","draw_080",1244,"2021-11-08","history","-0.634153835426256"
"exdqlm_univar_synth","draw_080",1244,"2021-11-09","history","-0.115216334371968"
"exdqlm_univar_synth","draw_080",1244,"2021-11-10","history","-0.137583609078930"
"exdqlm_univar_synth","draw_080",1244,"2021-11-11","history","-0.177854077849497"
"exdqlm_univar_synth","draw_080",1244,"2021-11-12","history","-0.251881003403428"
"exdqlm_univar_synth","draw_081",1260,"2021-10-25","history","0.813003955636870"
"exdqlm_univar_synth","draw_081",1260,"2021-10-26","history","0.378350687979216"
"exdqlm_univar_synth","draw_081",1260,"2021-10-27","history","-0.282677925327975"
"exdqlm_univar_synth","draw_081",1260,"2021-10-28","history","-0.337405061245452"
"exdqlm_univar_synth","draw_081",1260,"2021-10-29","history","-0.787297120676630"
"exdqlm_univar_synth","draw_081",1260,"2021-10-30","history","-0.679381640036058"
"exdqlm_univar_synth","draw_081",1260,"2021-10-31","history","-0.461363027743059"
"exdqlm_univar_synth","draw_081",1260,"2021-11-01","history","-0.705572097131698"
"exdqlm_univar_synth","draw_081",1260,"2021-11-02","history","-0.265800134346284"
"exdqlm_univar_synth","draw_081",1260,"2021-11-03","history","-0.418020315157455"
"exdqlm_univar_synth","draw_081",1260,"2021-11-04","history","-0.460279497768211"
"exdqlm_univar_synth","draw_081",1260,"2021-11-05","history","-0.543380382699276"
"exdqlm_univar_synth","draw_081",1260,"2021-11-06","history","-0.222075911059436"
"exdqlm_univar_synth","draw_081",1260,"2021-11-07","history","-0.619922051540713"
"exdqlm_univar_synth","draw_081",1260,"2021-11-08","history","-0.533088751322335"
"exdqlm_univar_synth","draw_081",1260,"2021-11-09","history","-0.118108360597650"
"exdqlm_univar_synth","draw_081",1260,"2021-11-10","history","-0.0760451943247168"
"exdqlm_univar_synth","draw_081",1260,"2021-11-11","history","-0.222309559467060"
"exdqlm_univar_synth","draw_081",1260,"2021-11-12","history","-0.289375791447096"
"exdqlm_univar_synth","draw_082",1276,"2021-10-25","history","1.42942743011829"
"exdqlm_univar_synth","draw_082",1276,"2021-10-26","history","0.305164317539836"
"exdqlm_univar_synth","draw_082",1276,"2021-10-27","history","-0.0964947616784863"
"exdqlm_univar_synth","draw_082",1276,"2021-10-28","history","-0.772501688472077"
"exdqlm_univar_synth","draw_082",1276,"2021-10-29","history","-0.662145031974179"
"exdqlm_univar_synth","draw_082",1276,"2021-10-30","history","-0.455073407723600"
"exdqlm_univar_synth","draw_082",1276,"2021-10-31","history","-0.451103391024081"
"exdqlm_univar_synth","draw_082",1276,"2021-11-01","history","-0.536574912801426"
"exdqlm_univar_synth","draw_082",1276,"2021-11-02","history","-0.243952523073897"
"exdqlm_univar_synth","draw_082",1276,"2021-11-03","history","-0.534622171857262"
"exdqlm_univar_synth","draw_082",1276,"2021-11-04","history","-0.439549390355444"
"exdqlm_univar_synth","draw_082",1276,"2021-11-05","history","-0.483996197734307"
"exdqlm_univar_synth","draw_082",1276,"2021-11-06","history","-0.306329272277279"
"exdqlm_univar_synth","draw_082",1276,"2021-11-07","history","-0.435797519567090"
"exdqlm_univar_synth","draw_082",1276,"2021-11-08","history","-0.323155632435827"
"exdqlm_univar_synth","draw_082",1276,"2021-11-09","history","0.136023504007292"
"exdqlm_univar_synth","draw_082",1276,"2021-11-10","history","0.316976983945554"
"exdqlm_univar_synth","draw_082",1276,"2021-11-11","history","-0.233624626844818"
"exdqlm_univar_synth","draw_082",1276,"2021-11-12","history","-0.238335235089421"
"exdqlm_univar_synth","draw_083",1292,"2021-10-25","history","0.775379735359401"
"exdqlm_univar_synth","draw_083",1292,"2021-10-26","history","-0.0481997312441615"
"exdqlm_univar_synth","draw_083",1292,"2021-10-27","history","-0.00498758348489845"
"exdqlm_univar_synth","draw_083",1292,"2021-10-28","history","-0.706884040294667"
"exdqlm_univar_synth","draw_083",1292,"2021-10-29","history","-0.494554160057401"
"exdqlm_univar_synth","draw_083",1292,"2021-10-30","history","-0.614837213414280"
"exdqlm_univar_synth","draw_083",1292,"2021-10-31","history","-0.672536615248567"
"exdqlm_univar_synth","draw_083",1292,"2021-11-01","history","-0.694399478471352"
"exdqlm_univar_synth","draw_083",1292,"2021-11-02","history","-0.229798126975090"
"exdqlm_univar_synth","draw_083",1292,"2021-11-03","history","-0.335327448911316"
"exdqlm_univar_synth","draw_083",1292,"2021-11-04","history","-0.434696442920878"
"exdqlm_univar_synth","draw_083",1292,"2021-11-05","history","-0.555229721690303"
"exdqlm_univar_synth","draw_083",1292,"2021-11-06","history","-0.148201411141729"
"exdqlm_univar_synth","draw_083",1292,"2021-11-07","history","-0.507227612448124"
"exdqlm_univar_synth","draw_083",1292,"2021-11-08","history","-0.470821658302516"
"exdqlm_univar_synth","draw_083",1292,"2021-11-09","history","-0.151512857336141"
"exdqlm_univar_synth","draw_083",1292,"2021-11-10","history","-0.0940279164568750"
"exdqlm_univar_synth","draw_083",1292,"2021-11-11","history","-0.262646769999331"
"exdqlm_univar_synth","draw_083",1292,"2021-11-12","history","-0.250212442223757"
"exdqlm_univar_synth","draw_084",1307,"2021-10-25","history","1.17537256903088"
"exdqlm_univar_synth","draw_084",1307,"2021-10-26","history","0.126856819960978"
"exdqlm_univar_synth","draw_084",1307,"2021-10-27","history","0.0477275722094327"
"exdqlm_univar_synth","draw_084",1307,"2021-10-28","history","-0.798151479282771"
"exdqlm_univar_synth","draw_084",1307,"2021-10-29","history","-0.503186409559244"
"exdqlm_univar_synth","draw_084",1307,"2021-10-30","history","-0.625631612123389"
"exdqlm_univar_synth","draw_084",1307,"2021-10-31","history","-0.462766316989993"
"exdqlm_univar_synth","draw_084",1307,"2021-11-01","history","-0.344895275089899"
"exdqlm_univar_synth","draw_084",1307,"2021-11-02","history","-0.00937400665920820"
"exdqlm_univar_synth","draw_084",1307,"2021-11-03","history","-0.519518657587981"
"exdqlm_univar_synth","draw_084",1307,"2021-11-04","history","-0.123411654125967"
"exdqlm_univar_synth","draw_084",1307,"2021-11-05","history","-0.566781010091272"
"exdqlm_univar_synth","draw_084",1307,"2021-11-06","history","-0.292296670702266"
"exdqlm_univar_synth","draw_084",1307,"2021-11-07","history","-0.548877752826606"
"exdqlm_univar_synth","draw_084",1307,"2021-11-08","history","-0.538535191642278"
"exdqlm_univar_synth","draw_084",1307,"2021-11-09","history","0.00467669009325894"
"exdqlm_univar_synth","draw_084",1307,"2021-11-10","history","0.232438327996927"
"exdqlm_univar_synth","draw_084",1307,"2021-11-11","history","-0.182695141700782"
"exdqlm_univar_synth","draw_084",1307,"2021-11-12","history","-0.304794883166572"
"exdqlm_univar_synth","draw_085",1323,"2021-10-25","history","1.17471999055761"
"exdqlm_univar_synth","draw_085",1323,"2021-10-26","history","-0.00649123080014385"
"exdqlm_univar_synth","draw_085",1323,"2021-10-27","history","-0.116775249397327"
"exdqlm_univar_synth","draw_085",1323,"2021-10-28","history","-0.560946270821771"
"exdqlm_univar_synth","draw_085",1323,"2021-10-29","history","-0.335527063592122"
"exdqlm_univar_synth","draw_085",1323,"2021-10-30","history","-0.711072987165767"
"exdqlm_univar_synth","draw_085",1323,"2021-10-31","history","-0.436394539030176"
"exdqlm_univar_synth","draw_085",1323,"2021-11-01","history","-0.142164311024815"
"exdqlm_univar_synth","draw_085",1323,"2021-11-02","history","-0.265783861213315"
"exdqlm_univar_synth","draw_085",1323,"2021-11-03","history","-0.348164783238155"
"exdqlm_univar_synth","draw_085",1323,"2021-11-04","history","-0.123416486951008"
"exdqlm_univar_synth","draw_085",1323,"2021-11-05","history","-0.501747415286532"
"exdqlm_univar_synth","draw_085",1323,"2021-11-06","history","-0.428087006295731"
"exdqlm_univar_synth","draw_085",1323,"2021-11-07","history","-0.584164128613855"
"exdqlm_univar_synth","draw_085",1323,"2021-11-08","history","-0.316661995055733"
"exdqlm_univar_synth","draw_085",1323,"2021-11-09","history","-0.0204521886336213"
"exdqlm_univar_synth","draw_085",1323,"2021-11-10","history","-0.181352820999128"
"exdqlm_univar_synth","draw_085",1323,"2021-11-11","history","-0.231194983275094"
"exdqlm_univar_synth","draw_085",1323,"2021-11-12","history","-0.521610646269654"
"exdqlm_univar_synth","draw_086",1339,"2021-10-25","history","0.715274786514016"
"exdqlm_univar_synth","draw_086",1339,"2021-10-26","history","0.113064766818752"
"exdqlm_univar_synth","draw_086",1339,"2021-10-27","history","0.0990941068711450"
"exdqlm_univar_synth","draw_086",1339,"2021-10-28","history","-0.847744566362312"
"exdqlm_univar_synth","draw_086",1339,"2021-10-29","history","-0.784257939684093"
"exdqlm_univar_synth","draw_086",1339,"2021-10-30","history","-0.685092465869621"
"exdqlm_univar_synth","draw_086",1339,"2021-10-31","history","-0.772137573040997"
"exdqlm_univar_synth","draw_086",1339,"2021-11-01","history","-0.612883334324035"
"exdqlm_univar_synth","draw_086",1339,"2021-11-02","history","0.182562154794968"
"exdqlm_univar_synth","draw_086",1339,"2021-11-03","history","-0.171966878794133"
"exdqlm_univar_synth","draw_086",1339,"2021-11-04","history","-0.512692109744186"
"exdqlm_univar_synth","draw_086",1339,"2021-11-05","history","-0.543842981452154"
"exdqlm_univar_synth","draw_086",1339,"2021-11-06","history","-0.620810346967973"
"exdqlm_univar_synth","draw_086",1339,"2021-11-07","history","-0.266680362914136"
"exdqlm_univar_synth","draw_086",1339,"2021-11-08","history","-0.640743451365146"
"exdqlm_univar_synth","draw_086",1339,"2021-11-09","history","0.487222024695478"
"exdqlm_univar_synth","draw_086",1339,"2021-11-10","history","0.126403624941673"
"exdqlm_univar_synth","draw_086",1339,"2021-11-11","history","-0.138667656806917"
"exdqlm_univar_synth","draw_086",1339,"2021-11-12","history","-0.0247186256195184"
"exdqlm_univar_synth","draw_087",1355,"2021-10-25","history","0.396616084000369"
"exdqlm_univar_synth","draw_087",1355,"2021-10-26","history","0.0822565932095845"
"exdqlm_univar_synth","draw_087",1355,"2021-10-27","history","-0.207216935287480"
"exdqlm_univar_synth","draw_087",1355,"2021-10-28","history","-0.830250335391620"
"exdqlm_univar_synth","draw_087",1355,"2021-10-29","history","-0.624002889744086"
"exdqlm_univar_synth","draw_087",1355,"2021-10-30","history","-0.403479066146533"
"exdqlm_univar_synth","draw_087",1355,"2021-10-31","history","-0.428393693002243"
"exdqlm_univar_synth","draw_087",1355,"2021-11-01","history","-0.758752300963793"
"exdqlm_univar_synth","draw_087",1355,"2021-11-02","history","0.245773794654638"
"exdqlm_univar_synth","draw_087",1355,"2021-11-03","history","-0.184392971695154"
"exdqlm_univar_synth","draw_087",1355,"2021-11-04","history","-0.426230410388209"
"exdqlm_univar_synth","draw_087",1355,"2021-11-05","history","-0.549007176846809"
"exdqlm_univar_synth","draw_087",1355,"2021-11-06","history","-0.323601707671139"
"exdqlm_univar_synth","draw_087",1355,"2021-11-07","history","-0.601894894592000"
"exdqlm_univar_synth","draw_087",1355,"2021-11-08","history","-0.498879218724432"
"exdqlm_univar_synth","draw_087",1355,"2021-11-09","history","-0.115924070160974"
"exdqlm_univar_synth","draw_087",1355,"2021-11-10","history","-0.0522350186753354"
"exdqlm_univar_synth","draw_087",1355,"2021-11-11","history","0.00618501086698855"
"exdqlm_univar_synth","draw_087",1355,"2021-11-12","history","-0.440492041267159"
"exdqlm_univar_synth","draw_088",1370,"2021-10-25","history","0.913553323831225"
"exdqlm_univar_synth","draw_088",1370,"2021-10-26","history","-0.131095837518245"
"exdqlm_univar_synth","draw_088",1370,"2021-10-27","history","-0.0171880137702770"
"exdqlm_univar_synth","draw_088",1370,"2021-10-28","history","-0.555027837652135"
"exdqlm_univar_synth","draw_088",1370,"2021-10-29","history","-0.780730833354958"
"exdqlm_univar_synth","draw_088",1370,"2021-10-30","history","-0.842997714392113"
"exdqlm_univar_synth","draw_088",1370,"2021-10-31","history","-0.671662272443479"
"exdqlm_univar_synth","draw_088",1370,"2021-11-01","history","-0.573855143669387"
"exdqlm_univar_synth","draw_088",1370,"2021-11-02","history","-0.141609908275194"
"exdqlm_univar_synth","draw_088",1370,"2021-11-03","history","-0.488678231772575"
"exdqlm_univar_synth","draw_088",1370,"2021-11-04","history","-0.256882759026721"
"exdqlm_univar_synth","draw_088",1370,"2021-11-05","history","-0.506882316410857"
"exdqlm_univar_synth","draw_088",1370,"2021-11-06","history","-0.593928936146122"
"exdqlm_univar_synth","draw_088",1370,"2021-11-07","history","-0.436102167237278"
"exdqlm_univar_synth","draw_088",1370,"2021-11-08","history","-0.488525739309506"
"exdqlm_univar_synth","draw_088",1370,"2021-11-09","history","0.267769784793979"
"exdqlm_univar_synth","draw_088",1370,"2021-11-10","history","-0.0207308071359543"
"exdqlm_univar_synth","draw_088",1370,"2021-11-11","history","-0.0456580895084042"
"exdqlm_univar_synth","draw_088",1370,"2021-11-12","history","-0.354404657065633"
"exdqlm_univar_synth","draw_089",1386,"2021-10-25","history","0.695036961234952"
"exdqlm_univar_synth","draw_089",1386,"2021-10-26","history","0.136736771429032"
"exdqlm_univar_synth","draw_089",1386,"2021-10-27","history","0.0373603949453102"
"exdqlm_univar_synth","draw_089",1386,"2021-10-28","history","-0.270030948509622"
"exdqlm_univar_synth","draw_089",1386,"2021-10-29","history","-0.547858805637924"
"exdqlm_univar_synth","draw_089",1386,"2021-10-30","history","-0.428004186820871"
"exdqlm_univar_synth","draw_089",1386,"2021-10-31","history","-0.585922266574685"
"exdqlm_univar_synth","draw_089",1386,"2021-11-01","history","-0.656212653843147"
"exdqlm_univar_synth","draw_089",1386,"2021-11-02","history","-0.176140865442298"
"exdqlm_univar_synth","draw_089",1386,"2021-11-03","history","-0.370510731578818"
"exdqlm_univar_synth","draw_089",1386,"2021-11-04","history","0.0597571959198048"
"exdqlm_univar_synth","draw_089",1386,"2021-11-05","history","-0.295789369085700"
"exdqlm_univar_synth","draw_089",1386,"2021-11-06","history","-0.382962294067676"
"exdqlm_univar_synth","draw_089",1386,"2021-11-07","history","-0.627751437303010"
"exdqlm_univar_synth","draw_089",1386,"2021-11-08","history","-0.536446038886958"
"exdqlm_univar_synth","draw_089",1386,"2021-11-09","history","0.382763876315091"
"exdqlm_univar_synth","draw_089",1386,"2021-11-10","history","-0.196897100472202"
"exdqlm_univar_synth","draw_089",1386,"2021-11-11","history","-0.123019813989232"
"exdqlm_univar_synth","draw_089",1386,"2021-11-12","history","-0.256355442470846"
"exdqlm_univar_synth","draw_090",1402,"2021-10-25","history","1.47736233789016"
"exdqlm_univar_synth","draw_090",1402,"2021-10-26","history","0.324495033806224"
"exdqlm_univar_synth","draw_090",1402,"2021-10-27","history","-0.0392488477534616"
"exdqlm_univar_synth","draw_090",1402,"2021-10-28","history","-0.627922956251625"
"exdqlm_univar_synth","draw_090",1402,"2021-10-29","history","-0.386122686749765"
"exdqlm_univar_synth","draw_090",1402,"2021-10-30","history","-0.724052699408786"
"exdqlm_univar_synth","draw_090",1402,"2021-10-31","history","-0.799780984735238"
"exdqlm_univar_synth","draw_090",1402,"2021-11-01","history","-0.206513334718950"
"exdqlm_univar_synth","draw_090",1402,"2021-11-02","history","0.206419467552588"
"exdqlm_univar_synth","draw_090",1402,"2021-11-03","history","-0.323961088149615"
"exdqlm_univar_synth","draw_090",1402,"2021-11-04","history","-0.311504292093776"
"exdqlm_univar_synth","draw_090",1402,"2021-11-05","history","-0.272535914401824"
"exdqlm_univar_synth","draw_090",1402,"2021-11-06","history","-0.377425921192293"
"exdqlm_univar_synth","draw_090",1402,"2021-11-07","history","-0.570364778112784"
"exdqlm_univar_synth","draw_090",1402,"2021-11-08","history","-0.525647559713921"
"exdqlm_univar_synth","draw_090",1402,"2021-11-09","history","-0.0669565657267440"
"exdqlm_univar_synth","draw_090",1402,"2021-11-10","history","-0.118748247111027"
"exdqlm_univar_synth","draw_090",1402,"2021-11-11","history","-0.000278921651964785"
"exdqlm_univar_synth","draw_090",1402,"2021-11-12","history","-0.336755096164473"
"exdqlm_univar_synth","draw_091",1418,"2021-10-25","history","1.37529935920074"
"exdqlm_univar_synth","draw_091",1418,"2021-10-26","history","0.146722404644792"
"exdqlm_univar_synth","draw_091",1418,"2021-10-27","history","-0.000509769261824160"
"exdqlm_univar_synth","draw_091",1418,"2021-10-28","history","-0.800269401335816"
"exdqlm_univar_synth","draw_091",1418,"2021-10-29","history","-0.608478288347521"
"exdqlm_univar_synth","draw_091",1418,"2021-10-30","history","-0.783579783895672"
"exdqlm_univar_synth","draw_091",1418,"2021-10-31","history","-0.672203349100277"
"exdqlm_univar_synth","draw_091",1418,"2021-11-01","history","-0.507537610728142"
"exdqlm_univar_synth","draw_091",1418,"2021-11-02","history","-0.0135390826024002"
"exdqlm_univar_synth","draw_091",1418,"2021-11-03","history","-0.322328185667988"
"exdqlm_univar_synth","draw_091",1418,"2021-11-04","history","-0.472952098038829"
"exdqlm_univar_synth","draw_091",1418,"2021-11-05","history","-0.461113061322343"
"exdqlm_univar_synth","draw_091",1418,"2021-11-06","history","-0.598656243593052"
"exdqlm_univar_synth","draw_091",1418,"2021-11-07","history","-0.329649636729257"
"exdqlm_univar_synth","draw_091",1418,"2021-11-08","history","-0.505011674819239"
"exdqlm_univar_synth","draw_091",1418,"2021-11-09","history","0.0754019145565115"
"exdqlm_univar_synth","draw_091",1418,"2021-11-10","history","0.0110287266877625"
"exdqlm_univar_synth","draw_091",1418,"2021-11-11","history","-0.0107707995908232"
"exdqlm_univar_synth","draw_091",1418,"2021-11-12","history","-0.377095471622783"
"exdqlm_univar_synth","draw_092",1433,"2021-10-25","history","0.711359711606566"
"exdqlm_univar_synth","draw_092",1433,"2021-10-26","history","0.421438852903589"
"exdqlm_univar_synth","draw_092",1433,"2021-10-27","history","-0.129603991283458"
"exdqlm_univar_synth","draw_092",1433,"2021-10-28","history","-0.677676485256428"
"exdqlm_univar_synth","draw_092",1433,"2021-10-29","history","-0.756048169397978"
"exdqlm_univar_synth","draw_092",1433,"2021-10-30","history","-0.155118064170797"
"exdqlm_univar_synth","draw_092",1433,"2021-10-31","history","-0.359199579365534"
"exdqlm_univar_synth","draw_092",1433,"2021-11-01","history","-0.687858543628866"
"exdqlm_univar_synth","draw_092",1433,"2021-11-02","history","0.257897982505187"
"exdqlm_univar_synth","draw_092",1433,"2021-11-03","history","-0.286303630285796"
"exdqlm_univar_synth","draw_092",1433,"2021-11-04","history","-0.455803403838474"
"exdqlm_univar_synth","draw_092",1433,"2021-11-05","history","-0.546465691698004"
"exdqlm_univar_synth","draw_092",1433,"2021-11-06","history","-0.472571766402521"
"exdqlm_univar_synth","draw_092",1433,"2021-11-07","history","-0.544625936389536"
"exdqlm_univar_synth","draw_092",1433,"2021-11-08","history","-0.371867101988408"
"exdqlm_univar_synth","draw_092",1433,"2021-11-09","history","0.0261712064497155"
"exdqlm_univar_synth","draw_092",1433,"2021-11-10","history","0.279587314749214"
"exdqlm_univar_synth","draw_092",1433,"2021-11-11","history","-0.334722945133415"
"exdqlm_univar_synth","draw_092",1433,"2021-11-12","history","-0.0916427810037989"
"exdqlm_univar_synth","draw_093",1449,"2021-10-25","history","1.56747732013417"
"exdqlm_univar_synth","draw_093",1449,"2021-10-26","history","0.130373353932490"
"exdqlm_univar_synth","draw_093",1449,"2021-10-27","history","-0.0111165929731962"
"exdqlm_univar_synth","draw_093",1449,"2021-10-28","history","-0.626064873864072"
"exdqlm_univar_synth","draw_093",1449,"2021-10-29","history","-0.795022709365208"
"exdqlm_univar_synth","draw_093",1449,"2021-10-30","history","-0.757541798300396"
"exdqlm_univar_synth","draw_093",1449,"2021-10-31","history","-0.368525664036230"
"exdqlm_univar_synth","draw_093",1449,"2021-11-01","history","-0.696414832674969"
"exdqlm_univar_synth","draw_093",1449,"2021-11-02","history","-0.194414125299583"
"exdqlm_univar_synth","draw_093",1449,"2021-11-03","history","-0.360516832701790"
"exdqlm_univar_synth","draw_093",1449,"2021-11-04","history","-0.531171388119744"
"exdqlm_univar_synth","draw_093",1449,"2021-11-05","history","-0.346744739038986"
"exdqlm_univar_synth","draw_093",1449,"2021-11-06","history","-0.289571333813589"
"exdqlm_univar_synth","draw_093",1449,"2021-11-07","history","-0.512741069784178"
"exdqlm_univar_synth","draw_093",1449,"2021-11-08","history","-0.455321538483138"
"exdqlm_univar_synth","draw_093",1449,"2021-11-09","history","-0.115666809478533"
"exdqlm_univar_synth","draw_093",1449,"2021-11-10","history","-0.338599525649192"
"exdqlm_univar_synth","draw_093",1449,"2021-11-11","history","0.00959059747206487"
"exdqlm_univar_synth","draw_093",1449,"2021-11-12","history","-0.185656630223104"
"exdqlm_univar_synth","draw_094",1465,"2021-10-25","history","0.703814583826114"
"exdqlm_univar_synth","draw_094",1465,"2021-10-26","history","0.398252707420623"
"exdqlm_univar_synth","draw_094",1465,"2021-10-27","history","-0.315486606852197"
"exdqlm_univar_synth","draw_094",1465,"2021-10-28","history","-0.694111574238728"
"exdqlm_univar_synth","draw_094",1465,"2021-10-29","history","-0.697471721371359"
"exdqlm_univar_synth","draw_094",1465,"2021-10-30","history","-0.674846244570123"
"exdqlm_univar_synth","draw_094",1465,"2021-10-31","history","-0.305365763163337"
"exdqlm_univar_synth","draw_094",1465,"2021-11-01","history","-0.618743595579922"
"exdqlm_univar_synth","draw_094",1465,"2021-11-02","history","-0.283277433147217"
"exdqlm_univar_synth","draw_094",1465,"2021-11-03","history","-0.247573352074846"
"exdqlm_univar_synth","draw_094",1465,"2021-11-04","history","-0.172533506998954"
"exdqlm_univar_synth","draw_094",1465,"2021-11-05","history","-0.689818226158853"
"exdqlm_univar_synth","draw_094",1465,"2021-11-06","history","-0.359010628890168"
"exdqlm_univar_synth","draw_094",1465,"2021-11-07","history","-0.731513338486968"
"exdqlm_univar_synth","draw_094",1465,"2021-11-08","history","-0.633088649612558"
"exdqlm_univar_synth","draw_094",1465,"2021-11-09","history","0.0473113851978187"
"exdqlm_univar_synth","draw_094",1465,"2021-11-10","history","0.0620035369756708"
"exdqlm_univar_synth","draw_094",1465,"2021-11-11","history","-0.115779347667504"
"exdqlm_univar_synth","draw_094",1465,"2021-11-12","history","-0.346856997758594"
"exdqlm_univar_synth","draw_095",1481,"2021-10-25","history","1.36086245460110"
"exdqlm_univar_synth","draw_095",1481,"2021-10-26","history","0.151519691406200"
"exdqlm_univar_synth","draw_095",1481,"2021-10-27","history","-0.0509255141435209"
"exdqlm_univar_synth","draw_095",1481,"2021-10-28","history","-0.476997339406095"
"exdqlm_univar_synth","draw_095",1481,"2021-10-29","history","-0.584176631494857"
"exdqlm_univar_synth","draw_095",1481,"2021-10-30","history","-0.683468485696286"
"exdqlm_univar_synth","draw_095",1481,"2021-10-31","history","-0.329062129849619"
"exdqlm_univar_synth","draw_095",1481,"2021-11-01","history","-0.653188956480499"
"exdqlm_univar_synth","draw_095",1481,"2021-11-02","history","-0.178683959986149"
"exdqlm_univar_synth","draw_095",1481,"2021-11-03","history","-0.464283587284957"
"exdqlm_univar_synth","draw_095",1481,"2021-11-04","history","-0.399598878779663"
"exdqlm_univar_synth","draw_095",1481,"2021-11-05","history","-0.487979740979101"
"exdqlm_univar_synth","draw_095",1481,"2021-11-06","history","-0.199385812507886"
"exdqlm_univar_synth","draw_095",1481,"2021-11-07","history","-0.472270173016512"
"exdqlm_univar_synth","draw_095",1481,"2021-11-08","history","-0.612417220573567"
"exdqlm_univar_synth","draw_095",1481,"2021-11-09","history","0.343601695877562"
"exdqlm_univar_synth","draw_095",1481,"2021-11-10","history","-0.191335588661999"
"exdqlm_univar_synth","draw_095",1481,"2021-11-11","history","-0.191937385432524"
"exdqlm_univar_synth","draw_095",1481,"2021-11-12","history","-0.361904864278728"
"exdqlm_univar_synth","draw_096",1496,"2021-10-25","history","1.47815090753355"
"exdqlm_univar_synth","draw_096",1496,"2021-10-26","history","0.00688032694139349"
"exdqlm_univar_synth","draw_096",1496,"2021-10-27","history","-0.343392529578660"
"exdqlm_univar_synth","draw_096",1496,"2021-10-28","history","-0.673133178519816"
"exdqlm_univar_synth","draw_096",1496,"2021-10-29","history","-0.485558067967370"
"exdqlm_univar_synth","draw_096",1496,"2021-10-30","history","-0.737564802452976"
"exdqlm_univar_synth","draw_096",1496,"2021-10-31","history","-0.656022500565376"
"exdqlm_univar_synth","draw_096",1496,"2021-11-01","history","-0.238822020272375"
"exdqlm_univar_synth","draw_096",1496,"2021-11-02","history","-0.120108286352550"
"exdqlm_univar_synth","draw_096",1496,"2021-11-03","history","-0.357540913421038"
"exdqlm_univar_synth","draw_096",1496,"2021-11-04","history","-0.210614333699205"
"exdqlm_univar_synth","draw_096",1496,"2021-11-05","history","-0.622025530033325"
"exdqlm_univar_synth","draw_096",1496,"2021-11-06","history","-0.528317186918591"
"exdqlm_univar_synth","draw_096",1496,"2021-11-07","history","-0.294810863302597"
"exdqlm_univar_synth","draw_096",1496,"2021-11-08","history","-0.419252046337474"
"exdqlm_univar_synth","draw_096",1496,"2021-11-09","history","0.275972887345484"
"exdqlm_univar_synth","draw_096",1496,"2021-11-10","history","-0.0933921345753942"
"exdqlm_univar_synth","draw_096",1496,"2021-11-11","history","-0.236164357493486"
"exdqlm_univar_synth","draw_096",1496,"2021-11-12","history","-0.390579173838766"
"exdqlm_univar_synth","draw_097",1512,"2021-10-25","history","1.39296914009274"
"exdqlm_univar_synth","draw_097",1512,"2021-10-26","history","0.305843788320532"
"exdqlm_univar_synth","draw_097",1512,"2021-10-27","history","-0.0897630292010177"
"exdqlm_univar_synth","draw_097",1512,"2021-10-28","history","-0.780373410351351"
"exdqlm_univar_synth","draw_097",1512,"2021-10-29","history","-0.665326437524719"
"exdqlm_univar_synth","draw_097",1512,"2021-10-30","history","-0.654507284427524"
"exdqlm_univar_synth","draw_097",1512,"2021-10-31","history","-0.597749298091699"
"exdqlm_univar_synth","draw_097",1512,"2021-11-01","history","-0.534424490822634"
"exdqlm_univar_synth","draw_097",1512,"2021-11-02","history","-0.210748348109984"
"exdqlm_univar_synth","draw_097",1512,"2021-11-03","history","-0.155099988559729"
"exdqlm_univar_synth","draw_097",1512,"2021-11-04","history","-0.221695710423397"
"exdqlm_univar_synth","draw_097",1512,"2021-11-05","history","-0.598612857008758"
"exdqlm_univar_synth","draw_097",1512,"2021-11-06","history","-0.262272013653964"
"exdqlm_univar_synth","draw_097",1512,"2021-11-07","history","-0.425522202580283"
"exdqlm_univar_synth","draw_097",1512,"2021-11-08","history","-0.309782976843406"
"exdqlm_univar_synth","draw_097",1512,"2021-11-09","history","-0.0774671853286499"
"exdqlm_univar_synth","draw_097",1512,"2021-11-10","history","-0.244290183425880"
"exdqlm_univar_synth","draw_097",1512,"2021-11-11","history","-0.317123754358452"
"exdqlm_univar_synth","draw_097",1512,"2021-11-12","history","-0.450180895436862"
"exdqlm_univar_synth","draw_098",1528,"2021-10-25","history","0.817069288140844"
"exdqlm_univar_synth","draw_098",1528,"2021-10-26","history","0.285948771724338"
"exdqlm_univar_synth","draw_098",1528,"2021-10-27","history","-0.0951108745158384"
"exdqlm_univar_synth","draw_098",1528,"2021-10-28","history","-0.737393041717839"
"exdqlm_univar_synth","draw_098",1528,"2021-10-29","history","-0.608211925899523"
"exdqlm_univar_synth","draw_098",1528,"2021-10-30","history","-0.765578354798516"
"exdqlm_univar_synth","draw_098",1528,"2021-10-31","history","-0.422161428132361"
"exdqlm_univar_synth","draw_098",1528,"2021-11-01","history","-0.692940583239559"
"exdqlm_univar_synth","draw_098",1528,"2021-11-02","history","-0.140971094771298"
"exdqlm_univar_synth","draw_098",1528,"2021-11-03","history","-0.401185222753235"
"exdqlm_univar_synth","draw_098",1528,"2021-11-04","history","-0.359879151038166"
"exdqlm_univar_synth","draw_098",1528,"2021-11-05","history","-0.413374888889352"
"exdqlm_univar_synth","draw_098",1528,"2021-11-06","history","-0.623465911476745"
"exdqlm_univar_synth","draw_098",1528,"2021-11-07","history","-0.381612221493378"
"exdqlm_univar_synth","draw_098",1528,"2021-11-08","history","-0.627511490380593"
"exdqlm_univar_synth","draw_098",1528,"2021-11-09","history","0.0973604052747974"
"exdqlm_univar_synth","draw_098",1528,"2021-11-10","history","-0.214851414955149"
"exdqlm_univar_synth","draw_098",1528,"2021-11-11","history","-0.131828207422378"
"exdqlm_univar_synth","draw_098",1528,"2021-11-12","history","-0.373886825249706"
"exdqlm_univar_synth","draw_099",1544,"2021-10-25","history","0.619256369667174"
"exdqlm_univar_synth","draw_099",1544,"2021-10-26","history","0.311247380125427"
"exdqlm_univar_synth","draw_099",1544,"2021-10-27","history","-0.0144094615995024"
"exdqlm_univar_synth","draw_099",1544,"2021-10-28","history","-0.602987236299213"
"exdqlm_univar_synth","draw_099",1544,"2021-10-29","history","-0.783653972296269"
"exdqlm_univar_synth","draw_099",1544,"2021-10-30","history","-0.624459385316984"
"exdqlm_univar_synth","draw_099",1544,"2021-10-31","history","-0.544167160957755"
"exdqlm_univar_synth","draw_099",1544,"2021-11-01","history","-0.588926986799785"
"exdqlm_univar_synth","draw_099",1544,"2021-11-02","history","-0.0332147479314132"
"exdqlm_univar_synth","draw_099",1544,"2021-11-03","history","-0.391350287172614"
"exdqlm_univar_synth","draw_099",1544,"2021-11-04","history","-0.644789875458425"
"exdqlm_univar_synth","draw_099",1544,"2021-11-05","history","-0.598328181595677"
"exdqlm_univar_synth","draw_099",1544,"2021-11-06","history","-0.338419431103031"
"exdqlm_univar_synth","draw_099",1544,"2021-11-07","history","-0.309050700650038"
"exdqlm_univar_synth","draw_099",1544,"2021-11-08","history","-0.471821756811117"
"exdqlm_univar_synth","draw_099",1544,"2021-11-09","history","0.212318958336082"
"exdqlm_univar_synth","draw_099",1544,"2021-11-10","history","-0.165101673123176"
"exdqlm_univar_synth","draw_099",1544,"2021-11-11","history","-0.132865371093182"
"exdqlm_univar_synth","draw_099",1544,"2021-11-12","history","-0.442802938139474"
"exdqlm_univar_synth","draw_100",1559,"2021-10-25","history","0.733950209497256"
"exdqlm_univar_synth","draw_100",1559,"2021-10-26","history","0.380256316645230"
"exdqlm_univar_synth","draw_100",1559,"2021-10-27","history","-0.261984655581480"
"exdqlm_univar_synth","draw_100",1559,"2021-10-28","history","-0.772716751723819"
"exdqlm_univar_synth","draw_100",1559,"2021-10-29","history","-0.741938471429720"
"exdqlm_univar_synth","draw_100",1559,"2021-10-30","history","-0.429353616710137"
"exdqlm_univar_synth","draw_100",1559,"2021-10-31","history","-0.684130215335635"
"exdqlm_univar_synth","draw_100",1559,"2021-11-01","history","-0.363154503174904"
"exdqlm_univar_synth","draw_100",1559,"2021-11-02","history","0.293077172923283"
"exdqlm_univar_synth","draw_100",1559,"2021-11-03","history","-0.0289192387817090"
"exdqlm_univar_synth","draw_100",1559,"2021-11-04","history","-0.340020860627081"
"exdqlm_univar_synth","draw_100",1559,"2021-11-05","history","-0.460433284410737"
"exdqlm_univar_synth","draw_100",1559,"2021-11-06","history","-0.409756009268250"
"exdqlm_univar_synth","draw_100",1559,"2021-11-07","history","-0.626506679123537"
"exdqlm_univar_synth","draw_100",1559,"2021-11-08","history","-0.583639353421841"
"exdqlm_univar_synth","draw_100",1559,"2021-11-09","history","0.00307165375092469"
"exdqlm_univar_synth","draw_100",1559,"2021-11-10","history","-0.165406453206704"
"exdqlm_univar_synth","draw_100",1559,"2021-11-11","history","-0.237597643186680"
"exdqlm_univar_synth","draw_100",1559,"2021-11-12","history","-0.471601781897112"
"exdqlm_univar_synth","draw_101",1575,"2021-10-25","history","1.54734049066572"
"exdqlm_univar_synth","draw_101",1575,"2021-10-26","history","0.0591772372476963"
"exdqlm_univar_synth","draw_101",1575,"2021-10-27","history","-0.181686474203753"
"exdqlm_univar_synth","draw_101",1575,"2021-10-28","history","-0.488099496884807"
"exdqlm_univar_synth","draw_101",1575,"2021-10-29","history","-0.734179489076764"
"exdqlm_univar_synth","draw_101",1575,"2021-10-30","history","-0.723600283089757"
"exdqlm_univar_synth","draw_101",1575,"2021-10-31","history","-0.691815683965060"
"exdqlm_univar_synth","draw_101",1575,"2021-11-01","history","-0.400010212321646"
"exdqlm_univar_synth","draw_101",1575,"2021-11-02","history","0.0246590602302563"
"exdqlm_univar_synth","draw_101",1575,"2021-11-03","history","-0.0834284042954049"
"exdqlm_univar_synth","draw_101",1575,"2021-11-04","history","-0.363190077013314"
"exdqlm_univar_synth","draw_101",1575,"2021-11-05","history","-0.601316904353675"
"exdqlm_univar_synth","draw_101",1575,"2021-11-06","history","-0.305405827642535"
"exdqlm_univar_synth","draw_101",1575,"2021-11-07","history","-0.525393559832398"
"exdqlm_univar_synth","draw_101",1575,"2021-11-08","history","-0.422417393536176"
"exdqlm_univar_synth","draw_101",1575,"2021-11-09","history","-0.0917051977263094"
"exdqlm_univar_synth","draw_101",1575,"2021-11-10","history","-0.181865221318721"
"exdqlm_univar_synth","draw_101",1575,"2021-11-11","history","0.0939347501824932"
"exdqlm_univar_synth","draw_101",1575,"2021-11-12","history","-0.211818299160736"
"exdqlm_univar_synth","draw_102",1591,"2021-10-25","history","1.07481422017547"
"exdqlm_univar_synth","draw_102",1591,"2021-10-26","history","-0.0460156146079569"
"exdqlm_univar_synth","draw_102",1591,"2021-10-27","history","0.129667520479425"
"exdqlm_univar_synth","draw_102",1591,"2021-10-28","history","-0.703646874618713"
"exdqlm_univar_synth","draw_102",1591,"2021-10-29","history","-0.789497938229767"
"exdqlm_univar_synth","draw_102",1591,"2021-10-30","history","-0.668179264013407"
"exdqlm_univar_synth","draw_102",1591,"2021-10-31","history","-0.706399382224954"
"exdqlm_univar_synth","draw_102",1591,"2021-11-01","history","-0.417097082664944"
"exdqlm_univar_synth","draw_102",1591,"2021-11-02","history","-0.252225607074815"
"exdqlm_univar_synth","draw_102",1591,"2021-11-03","history","-0.390267673123842"
"exdqlm_univar_synth","draw_102",1591,"2021-11-04","history","-0.200889910350581"
"exdqlm_univar_synth","draw_102",1591,"2021-11-05","history","-0.533193443007761"
"exdqlm_univar_synth","draw_102",1591,"2021-11-06","history","-0.621107112845439"
"exdqlm_univar_synth","draw_102",1591,"2021-11-07","history","-0.301033527433881"
"exdqlm_univar_synth","draw_102",1591,"2021-11-08","history","-0.311115514147477"
"exdqlm_univar_synth","draw_102",1591,"2021-11-09","history","-0.0193609753570896"
"exdqlm_univar_synth","draw_102",1591,"2021-11-10","history","0.241414291000786"
"exdqlm_univar_synth","draw_102",1591,"2021-11-11","history","-0.360686819578767"
"exdqlm_univar_synth","draw_102",1591,"2021-11-12","history","-0.488862008988442"
"exdqlm_univar_synth","draw_103",1606,"2021-10-25","history","0.793369505974021"
"exdqlm_univar_synth","draw_103",1606,"2021-10-26","history","-0.226388130385370"
"exdqlm_univar_synth","draw_103",1606,"2021-10-27","history","-0.0200615813695052"
"exdqlm_univar_synth","draw_103",1606,"2021-10-28","history","-0.703448680584451"
"exdqlm_univar_synth","draw_103",1606,"2021-10-29","history","-0.723077812718640"
"exdqlm_univar_synth","draw_103",1606,"2021-10-30","history","-0.645924530320693"
"exdqlm_univar_synth","draw_103",1606,"2021-10-31","history","-0.486724157617309"
"exdqlm_univar_synth","draw_103",1606,"2021-11-01","history","-0.101834403435418"
"exdqlm_univar_synth","draw_103",1606,"2021-11-02","history","0.0575482533348456"
"exdqlm_univar_synth","draw_103",1606,"2021-11-03","history","-0.373357262738991"
"exdqlm_univar_synth","draw_103",1606,"2021-11-04","history","-0.507023193045813"
"exdqlm_univar_synth","draw_103",1606,"2021-11-05","history","-0.599425506373852"
"exdqlm_univar_synth","draw_103",1606,"2021-11-06","history","-0.575780625794294"
"exdqlm_univar_synth","draw_103",1606,"2021-11-07","history","-0.488901855644807"
"exdqlm_univar_synth","draw_103",1606,"2021-11-08","history","-0.477289201768987"
"exdqlm_univar_synth","draw_103",1606,"2021-11-09","history","-0.215196208968434"
"exdqlm_univar_synth","draw_103",1606,"2021-11-10","history","-0.143934857149582"
"exdqlm_univar_synth","draw_103",1606,"2021-11-11","history","-0.243130797860618"
"exdqlm_univar_synth","draw_103",1606,"2021-11-12","history","-0.193622106015735"
"exdqlm_univar_synth","draw_104",1622,"2021-10-25","history","0.817666010529373"
"exdqlm_univar_synth","draw_104",1622,"2021-10-26","history","0.148662908513458"
"exdqlm_univar_synth","draw_104",1622,"2021-10-27","history","-0.145914636285624"
"exdqlm_univar_synth","draw_104",1622,"2021-10-28","history","-0.627936477510870"
"exdqlm_univar_synth","draw_104",1622,"2021-10-29","history","-0.619516350134241"
"exdqlm_univar_synth","draw_104",1622,"2021-10-30","history","-0.666260814824950"
"exdqlm_univar_synth","draw_104",1622,"2021-10-31","history","-0.773119448811773"
"exdqlm_univar_synth","draw_104",1622,"2021-11-01","history","-0.668290079416408"
"exdqlm_univar_synth","draw_104",1622,"2021-11-02","history","-0.198781729142144"
"exdqlm_univar_synth","draw_104",1622,"2021-11-03","history","-0.541837034839448"
"exdqlm_univar_synth","draw_104",1622,"2021-11-04","history","-0.278574469827758"
"exdqlm_univar_synth","draw_104",1622,"2021-11-05","history","-0.585581467065073"
"exdqlm_univar_synth","draw_104",1622,"2021-11-06","history","-0.699042557639959"
"exdqlm_univar_synth","draw_104",1622,"2021-11-07","history","-0.613998148265673"
"exdqlm_univar_synth","draw_104",1622,"2021-11-08","history","-0.344503569557561"
"exdqlm_univar_synth","draw_104",1622,"2021-11-09","history","0.514547615361117"
"exdqlm_univar_synth","draw_104",1622,"2021-11-10","history","-0.115285917620567"
"exdqlm_univar_synth","draw_104",1622,"2021-11-11","history","-0.410623761844126"
"exdqlm_univar_synth","draw_104",1622,"2021-11-12","history","-0.296787459816285"
"exdqlm_univar_synth","draw_105",1638,"2021-10-25","history","1.51340438089002"
"exdqlm_univar_synth","draw_105",1638,"2021-10-26","history","0.244833394393247"
"exdqlm_univar_synth","draw_105",1638,"2021-10-27","history","-0.0151463727610891"
"exdqlm_univar_synth","draw_105",1638,"2021-10-28","history","-0.680278335523530"
"exdqlm_univar_synth","draw_105",1638,"2021-10-29","history","-0.440238141158732"
"exdqlm_univar_synth","draw_105",1638,"2021-10-30","history","-0.277992687218742"
"exdqlm_univar_synth","draw_105",1638,"2021-10-31","history","-0.266011383646096"
"exdqlm_univar_synth","draw_105",1638,"2021-11-01","history","-0.469042438155286"
"exdqlm_univar_synth","draw_105",1638,"2021-11-02","history","-0.309068716969205"
"exdqlm_univar_synth","draw_105",1638,"2021-11-03","history","-0.151247079979281"
"exdqlm_univar_synth","draw_105",1638,"2021-11-04","history","-0.162436121502427"
"exdqlm_univar_synth","draw_105",1638,"2021-11-05","history","-0.539034629710160"
"exdqlm_univar_synth","draw_105",1638,"2021-11-06","history","-0.299334908941718"
"exdqlm_univar_synth","draw_105",1638,"2021-11-07","history","-0.299799000220989"
"exdqlm_univar_synth","draw_105",1638,"2021-11-08","history","-0.265184560012623"
"exdqlm_univar_synth","draw_105",1638,"2021-11-09","history","-0.0954941392609684"
"exdqlm_univar_synth","draw_105",1638,"2021-11-10","history","0.233586316087349"
"exdqlm_univar_synth","draw_105",1638,"2021-11-11","history","-0.104760458842630"
"exdqlm_univar_synth","draw_105",1638,"2021-11-12","history","-0.384171590570847"
"exdqlm_univar_synth","draw_106",1654,"2021-10-25","history","1.13097624422520"
"exdqlm_univar_synth","draw_106",1654,"2021-10-26","history","-0.0345594243727027"
"exdqlm_univar_synth","draw_106",1654,"2021-10-27","history","0.132967782683559"
"exdqlm_univar_synth","draw_106",1654,"2021-10-28","history","-0.608338978557735"
"exdqlm_univar_synth","draw_106",1654,"2021-10-29","history","-0.768931582383919"
"exdqlm_univar_synth","draw_106",1654,"2021-10-30","history","-0.444033828085423"
"exdqlm_univar_synth","draw_106",1654,"2021-10-31","history","-0.398456817675186"
"exdqlm_univar_synth","draw_106",1654,"2021-11-01","history","-0.296298952233120"
"exdqlm_univar_synth","draw_106",1654,"2021-11-02","history","-0.272182201346800"
"exdqlm_univar_synth","draw_106",1654,"2021-11-03","history","-0.502939456521140"
"exdqlm_univar_synth","draw_106",1654,"2021-11-04","history","-0.558480556540522"
"exdqlm_univar_synth","draw_106",1654,"2021-11-05","history","-0.460291414879139"
"exdqlm_univar_synth","draw_106",1654,"2021-11-06","history","-0.538609043026238"
"exdqlm_univar_synth","draw_106",1654,"2021-11-07","history","-0.439040780747050"
"exdqlm_univar_synth","draw_106",1654,"2021-11-08","history","-0.434661235631847"
"exdqlm_univar_synth","draw_106",1654,"2021-11-09","history","0.0308870363272832"
"exdqlm_univar_synth","draw_106",1654,"2021-11-10","history","-0.215202519247550"
"exdqlm_univar_synth","draw_106",1654,"2021-11-11","history","-0.224281407783323"
"exdqlm_univar_synth","draw_106",1654,"2021-11-12","history","-0.190111099409717"
"exdqlm_univar_synth","draw_107",1669,"2021-10-25","history","0.885475615087457"
"exdqlm_univar_synth","draw_107",1669,"2021-10-26","history","-0.0813759192482137"
"exdqlm_univar_synth","draw_107",1669,"2021-10-27","history","-0.0448302105413759"
"exdqlm_univar_synth","draw_107",1669,"2021-10-28","history","-0.662234273300279"
"exdqlm_univar_synth","draw_107",1669,"2021-10-29","history","-0.749145667440294"
"exdqlm_univar_synth","draw_107",1669,"2021-10-30","history","-0.670069155539301"
"exdqlm_univar_synth","draw_107",1669,"2021-10-31","history","-0.724366917103363"
"exdqlm_univar_synth","draw_107",1669,"2021-11-01","history","-0.506405499571769"
"exdqlm_univar_synth","draw_107",1669,"2021-11-02","history","-0.268084295846030"
"exdqlm_univar_synth","draw_107",1669,"2021-11-03","history","-0.459045486101109"
"exdqlm_univar_synth","draw_107",1669,"2021-11-04","history","-0.332984475970024"
"exdqlm_univar_synth","draw_107",1669,"2021-11-05","history","-0.617156933293523"
"exdqlm_univar_synth","draw_107",1669,"2021-11-06","history","-0.587347430827860"
"exdqlm_univar_synth","draw_107",1669,"2021-11-07","history","-0.461930360675281"
"exdqlm_univar_synth","draw_107",1669,"2021-11-08","history","-0.629830103765648"
"exdqlm_univar_synth","draw_107",1669,"2021-11-09","history","-0.191345138139767"
"exdqlm_univar_synth","draw_107",1669,"2021-11-10","history","-0.0308480203300852"
"exdqlm_univar_synth","draw_107",1669,"2021-11-11","history","-0.346327738371965"
"exdqlm_univar_synth","draw_107",1669,"2021-11-12","history","-0.285659073166558"
"exdqlm_univar_synth","draw_108",1685,"2021-10-25","history","1.46490580042115"
"exdqlm_univar_synth","draw_108",1685,"2021-10-26","history","-0.133006761466231"
"exdqlm_univar_synth","draw_108",1685,"2021-10-27","history","-0.263173812927225"
"exdqlm_univar_synth","draw_108",1685,"2021-10-28","history","-0.642451040240011"
"exdqlm_univar_synth","draw_108",1685,"2021-10-29","history","-0.607095278993836"
"exdqlm_univar_synth","draw_108",1685,"2021-10-30","history","-0.578117722732335"
"exdqlm_univar_synth","draw_108",1685,"2021-10-31","history","-0.642933252784420"
"exdqlm_univar_synth","draw_108",1685,"2021-11-01","history","-0.638057449445496"
"exdqlm_univar_synth","draw_108",1685,"2021-11-02","history","-0.231188088744460"
"exdqlm_univar_synth","draw_108",1685,"2021-11-03","history","-0.488692343480986"
"exdqlm_univar_synth","draw_108",1685,"2021-11-04","history","-0.240430274115589"
"exdqlm_univar_synth","draw_108",1685,"2021-11-05","history","-0.533606284158544"
"exdqlm_univar_synth","draw_108",1685,"2021-11-06","history","-0.317318476222871"
"exdqlm_univar_synth","draw_108",1685,"2021-11-07","history","-0.421788573649492"
"exdqlm_univar_synth","draw_108",1685,"2021-11-08","history","-0.623568257913685"
"exdqlm_univar_synth","draw_108",1685,"2021-11-09","history","0.423099856978472"
"exdqlm_univar_synth","draw_108",1685,"2021-11-10","history","0.0793534009661807"
"exdqlm_univar_synth","draw_108",1685,"2021-11-11","history","-0.321158434774186"
"exdqlm_univar_synth","draw_108",1685,"2021-11-12","history","-0.405052699462149"
"exdqlm_univar_synth","draw_109",1701,"2021-10-25","history","0.778800711703275"
"exdqlm_univar_synth","draw_109",1701,"2021-10-26","history","0.00410647651556008"
"exdqlm_univar_synth","draw_109",1701,"2021-10-27","history","-0.0745884424266636"
"exdqlm_univar_synth","draw_109",1701,"2021-10-28","history","-0.783293312440959"
"exdqlm_univar_synth","draw_109",1701,"2021-10-29","history","-0.449503796292237"
"exdqlm_univar_synth","draw_109",1701,"2021-10-30","history","-0.601873714476147"
"exdqlm_univar_synth","draw_109",1701,"2021-10-31","history","-0.711667812732078"
"exdqlm_univar_synth","draw_109",1701,"2021-11-01","history","-0.492729704954159"
"exdqlm_univar_synth","draw_109",1701,"2021-11-02","history","0.237037196287740"
"exdqlm_univar_synth","draw_109",1701,"2021-11-03","history","-0.393447770530947"
"exdqlm_univar_synth","draw_109",1701,"2021-11-04","history","-0.156473650755058"
"exdqlm_univar_synth","draw_109",1701,"2021-11-05","history","-0.637400761087057"
"exdqlm_univar_synth","draw_109",1701,"2021-11-06","history","-0.204886204600414"
"exdqlm_univar_synth","draw_109",1701,"2021-11-07","history","-0.488508356926813"
"exdqlm_univar_synth","draw_109",1701,"2021-11-08","history","-0.564184887013976"
"exdqlm_univar_synth","draw_109",1701,"2021-11-09","history","-0.0403351972058943"
"exdqlm_univar_synth","draw_109",1701,"2021-11-10","history","-0.198026449135517"
"exdqlm_univar_synth","draw_109",1701,"2021-11-11","history","-0.206985816235993"
"exdqlm_univar_synth","draw_109",1701,"2021-11-12","history","-0.385925351636883"
"exdqlm_univar_synth","draw_110",1717,"2021-10-25","history","1.70520481364692"
"exdqlm_univar_synth","draw_110",1717,"2021-10-26","history","-0.132925119145000"
"exdqlm_univar_synth","draw_110",1717,"2021-10-27","history","0.131060276959993"
"exdqlm_univar_synth","draw_110",1717,"2021-10-28","history","-0.679176197990094"
"exdqlm_univar_synth","draw_110",1717,"2021-10-29","history","-0.747426344121973"
"exdqlm_univar_synth","draw_110",1717,"2021-10-30","history","-0.639425116629975"
"exdqlm_univar_synth","draw_110",1717,"2021-10-31","history","-0.534567257442228"
"exdqlm_univar_synth","draw_110",1717,"2021-11-01","history","-0.893177614722545"
"exdqlm_univar_synth","draw_110",1717,"2021-11-02","history","-0.0971527292282194"
"exdqlm_univar_synth","draw_110",1717,"2021-11-03","history","-0.153516553867200"
"exdqlm_univar_synth","draw_110",1717,"2021-11-04","history","-0.518859345603685"
"exdqlm_univar_synth","draw_110",1717,"2021-11-05","history","-0.000184695503666780"
"exdqlm_univar_synth","draw_110",1717,"2021-11-06","history","-0.328391695734065"
"exdqlm_univar_synth","draw_110",1717,"2021-11-07","history","-0.821294914219315"
"exdqlm_univar_synth","draw_110",1717,"2021-11-08","history","-0.442529938084706"
"exdqlm_univar_synth","draw_110",1717,"2021-11-09","history","-0.0853608312545067"
"exdqlm_univar_synth","draw_110",1717,"2021-11-10","history","-0.0206758829434039"
"exdqlm_univar_synth","draw_110",1717,"2021-11-11","history","-0.280720769171273"
"exdqlm_univar_synth","draw_110",1717,"2021-11-12","history","-0.315872013121690"
"exdqlm_univar_synth","draw_111",1732,"2021-10-25","history","1.18401130497511"
"exdqlm_univar_synth","draw_111",1732,"2021-10-26","history","0.196607662185410"
"exdqlm_univar_synth","draw_111",1732,"2021-10-27","history","-0.355209695806117"
"exdqlm_univar_synth","draw_111",1732,"2021-10-28","history","-0.499120993004970"
"exdqlm_univar_synth","draw_111",1732,"2021-10-29","history","-0.533641432075258"
"exdqlm_univar_synth","draw_111",1732,"2021-10-30","history","-0.359759847234047"
"exdqlm_univar_synth","draw_111",1732,"2021-10-31","history","-0.375476562383715"
"exdqlm_univar_synth","draw_111",1732,"2021-11-01","history","-0.376507374844561"
"exdqlm_univar_synth","draw_111",1732,"2021-11-02","history","-0.0658164335665063"
"exdqlm_univar_synth","draw_111",1732,"2021-11-03","history","-0.511112791697664"
"exdqlm_univar_synth","draw_111",1732,"2021-11-04","history","-0.513799609120888"
"exdqlm_univar_synth","draw_111",1732,"2021-11-05","history","-0.385055198297887"
"exdqlm_univar_synth","draw_111",1732,"2021-11-06","history","-0.563859090701375"
"exdqlm_univar_synth","draw_111",1732,"2021-11-07","history","-0.549083945752086"
"exdqlm_univar_synth","draw_111",1732,"2021-11-08","history","-0.282129620090982"
"exdqlm_univar_synth","draw_111",1732,"2021-11-09","history","0.240890949417591"
"exdqlm_univar_synth","draw_111",1732,"2021-11-10","history","0.264039353944205"
"exdqlm_univar_synth","draw_111",1732,"2021-11-11","history","-0.0624542021937734"
"exdqlm_univar_synth","draw_111",1732,"2021-11-12","history","-0.384040174691601"
"exdqlm_univar_synth","draw_112",1748,"2021-10-25","history","1.56594540478447"
"exdqlm_univar_synth","draw_112",1748,"2021-10-26","history","0.583408019839561"
"exdqlm_univar_synth","draw_112",1748,"2021-10-27","history","-0.239458676606269"
"exdqlm_univar_synth","draw_112",1748,"2021-10-28","history","-0.559740092843948"
"exdqlm_univar_synth","draw_112",1748,"2021-10-29","history","-0.794668849541037"
"exdqlm_univar_synth","draw_112",1748,"2021-10-30","history","-0.729149498950127"
"exdqlm_univar_synth","draw_112",1748,"2021-10-31","history","-0.256631761284649"
"exdqlm_univar_synth","draw_112",1748,"2021-11-01","history","-0.727640830456996"
"exdqlm_univar_synth","draw_112",1748,"2021-11-02","history","0.320805903005892"
"exdqlm_univar_synth","draw_112",1748,"2021-11-03","history","-0.506590443204873"
"exdqlm_univar_synth","draw_112",1748,"2021-11-04","history","-0.495821380072458"
"exdqlm_univar_synth","draw_112",1748,"2021-11-05","history","-0.598156514857372"
"exdqlm_univar_synth","draw_112",1748,"2021-11-06","history","-0.487121954476820"
"exdqlm_univar_synth","draw_112",1748,"2021-11-07","history","-0.447542300488503"
"exdqlm_univar_synth","draw_112",1748,"2021-11-08","history","-0.531333636211115"
"exdqlm_univar_synth","draw_112",1748,"2021-11-09","history","-0.0391511642809556"
"exdqlm_univar_synth","draw_112",1748,"2021-11-10","history","-0.000222785488319326"
"exdqlm_univar_synth","draw_112",1748,"2021-11-11","history","-0.357113300989710"
"exdqlm_univar_synth","draw_112",1748,"2021-11-12","history","-0.114282670995531"
"exdqlm_univar_synth","draw_113",1764,"2021-10-25","history","0.840028480362403"
"exdqlm_univar_synth","draw_113",1764,"2021-10-26","history","0.338130155919178"
"exdqlm_univar_synth","draw_113",1764,"2021-10-27","history","-0.249458007683907"
"exdqlm_univar_synth","draw_113",1764,"2021-10-28","history","-0.636943250531463"
"exdqlm_univar_synth","draw_113",1764,"2021-10-29","history","-0.793405751559835"
"exdqlm_univar_synth","draw_113",1764,"2021-10-30","history","-0.600984302400813"
"exdqlm_univar_synth","draw_113",1764,"2021-10-31","history","-0.716450278241647"
"exdqlm_univar_synth","draw_113",1764,"2021-11-01","history","-0.603467877434979"
"exdqlm_univar_synth","draw_113",1764,"2021-11-02","history","-0.255412975785713"
"exdqlm_univar_synth","draw_113",1764,"2021-11-03","history","-0.239425733727620"
"exdqlm_univar_synth","draw_113",1764,"2021-11-04","history","-0.203734336520496"
"exdqlm_univar_synth","draw_113",1764,"2021-11-05","history","-0.439227687421603"
"exdqlm_univar_synth","draw_113",1764,"2021-11-06","history","-0.596571043646796"
"exdqlm_univar_synth","draw_113",1764,"2021-11-07","history","-0.551495176009034"
"exdqlm_univar_synth","draw_113",1764,"2021-11-08","history","-0.613181546112594"
"exdqlm_univar_synth","draw_113",1764,"2021-11-09","history","0.138582949355841"
"exdqlm_univar_synth","draw_113",1764,"2021-11-10","history","0.231936486744742"
"exdqlm_univar_synth","draw_113",1764,"2021-11-11","history","-0.360735158921198"
"exdqlm_univar_synth","draw_113",1764,"2021-11-12","history","-0.496496108480306"
"exdqlm_univar_synth","draw_114",1780,"2021-10-25","history","0.523356099741779"
"exdqlm_univar_synth","draw_114",1780,"2021-10-26","history","0.450800642304688"
"exdqlm_univar_synth","draw_114",1780,"2021-10-27","history","-0.282992091614318"
"exdqlm_univar_synth","draw_114",1780,"2021-10-28","history","-0.694885413100134"
"exdqlm_univar_synth","draw_114",1780,"2021-10-29","history","-0.556214218091444"
"exdqlm_univar_synth","draw_114",1780,"2021-10-30","history","-0.609516676199698"
"exdqlm_univar_synth","draw_114",1780,"2021-10-31","history","-0.610867090159601"
"exdqlm_univar_synth","draw_114",1780,"2021-11-01","history","-0.797309723016993"
"exdqlm_univar_synth","draw_114",1780,"2021-11-02","history","-0.287674523559802"
"exdqlm_univar_synth","draw_114",1780,"2021-11-03","history","-0.586659541665678"
"exdqlm_univar_synth","draw_114",1780,"2021-11-04","history","-0.245534527234767"
"exdqlm_univar_synth","draw_114",1780,"2021-11-05","history","-0.630051675417046"
"exdqlm_univar_synth","draw_114",1780,"2021-11-06","history","-0.507211470870277"
"exdqlm_univar_synth","draw_114",1780,"2021-11-07","history","-0.386543318445176"
"exdqlm_univar_synth","draw_114",1780,"2021-11-08","history","-0.439190237084286"
"exdqlm_univar_synth","draw_114",1780,"2021-11-09","history","0.287540099103495"
"exdqlm_univar_synth","draw_114",1780,"2021-11-10","history","0.125150952696887"
"exdqlm_univar_synth","draw_114",1780,"2021-11-11","history","-0.292181678756224"
"exdqlm_univar_synth","draw_114",1780,"2021-11-12","history","-0.502366911078576"
"exdqlm_univar_synth","draw_115",1795,"2021-10-25","history","1.59593219125037"
"exdqlm_univar_synth","draw_115",1795,"2021-10-26","history","-0.0599891470350824"
"exdqlm_univar_synth","draw_115",1795,"2021-10-27","history","-0.327622972763117"
"exdqlm_univar_synth","draw_115",1795,"2021-10-28","history","-0.730967960039900"
"exdqlm_univar_synth","draw_115",1795,"2021-10-29","history","-0.489436915476347"
"exdqlm_univar_synth","draw_115",1795,"2021-10-30","history","-0.814591135933531"
"exdqlm_univar_synth","draw_115",1795,"2021-10-31","history","-0.311813224332532"
"exdqlm_univar_synth","draw_115",1795,"2021-11-01","history","-0.449539052932332"
"exdqlm_univar_synth","draw_115",1795,"2021-11-02","history","-0.263993807521571"
"exdqlm_univar_synth","draw_115",1795,"2021-11-03","history","-0.530595046522100"
"exdqlm_univar_synth","draw_115",1795,"2021-11-04","history","-0.331357015959278"
"exdqlm_univar_synth","draw_115",1795,"2021-11-05","history","-0.363405608583897"
"exdqlm_univar_synth","draw_115",1795,"2021-11-06","history","-0.559736679079261"
"exdqlm_univar_synth","draw_115",1795,"2021-11-07","history","-0.518641227876075"
"exdqlm_univar_synth","draw_115",1795,"2021-11-08","history","-0.447860263753160"
"exdqlm_univar_synth","draw_115",1795,"2021-11-09","history","-0.215154280640064"
"exdqlm_univar_synth","draw_115",1795,"2021-11-10","history","-0.0705523974068869"
"exdqlm_univar_synth","draw_115",1795,"2021-11-11","history","-0.0253211604618671"
"exdqlm_univar_synth","draw_115",1795,"2021-11-12","history","-0.347663753483748"
"exdqlm_univar_synth","draw_116",1811,"2021-10-25","history","1.58664556371257"
"exdqlm_univar_synth","draw_116",1811,"2021-10-26","history","0.595743480744495"
"exdqlm_univar_synth","draw_116",1811,"2021-10-27","history","-0.248396084473911"
"exdqlm_univar_synth","draw_116",1811,"2021-10-28","history","-0.737123828205130"
"exdqlm_univar_synth","draw_116",1811,"2021-10-29","history","-0.794984371099533"
"exdqlm_univar_synth","draw_116",1811,"2021-10-30","history","-0.769174127711222"
"exdqlm_univar_synth","draw_116",1811,"2021-10-31","history","-0.591347589872937"
"exdqlm_univar_synth","draw_116",1811,"2021-11-01","history","-0.531806342228086"
"exdqlm_univar_synth","draw_116",1811,"2021-11-02","history","-0.350704536048070"
"exdqlm_univar_synth","draw_116",1811,"2021-11-03","history","-0.360386546389600"
"exdqlm_univar_synth","draw_116",1811,"2021-11-04","history","-0.411318733201791"
"exdqlm_univar_synth","draw_116",1811,"2021-11-05","history","-0.224987203533766"
"exdqlm_univar_synth","draw_116",1811,"2021-11-06","history","-0.442089696742815"
"exdqlm_univar_synth","draw_116",1811,"2021-11-07","history","-0.624782203240119"
"exdqlm_univar_synth","draw_116",1811,"2021-11-08","history","-0.111064361678555"
"exdqlm_univar_synth","draw_116",1811,"2021-11-09","history","0.210665262735107"
"exdqlm_univar_synth","draw_116",1811,"2021-11-10","history","0.0217210836625639"
"exdqlm_univar_synth","draw_116",1811,"2021-11-11","history","-0.122193765327834"
"exdqlm_univar_synth","draw_116",1811,"2021-11-12","history","-0.166381821105790"
"exdqlm_univar_synth","draw_117",1827,"2021-10-25","history","0.841614012427063"
"exdqlm_univar_synth","draw_117",1827,"2021-10-26","history","0.592734326533308"
"exdqlm_univar_synth","draw_117",1827,"2021-10-27","history","0.0146561201802569"
"exdqlm_univar_synth","draw_117",1827,"2021-10-28","history","-0.592270139045032"
"exdqlm_univar_synth","draw_117",1827,"2021-10-29","history","-0.802607124281602"
"exdqlm_univar_synth","draw_117",1827,"2021-10-30","history","-0.685601088720390"
"exdqlm_univar_synth","draw_117",1827,"2021-10-31","history","-0.777637416334281"
"exdqlm_univar_synth","draw_117",1827,"2021-11-01","history","-0.641343464696709"
"exdqlm_univar_synth","draw_117",1827,"2021-11-02","history","-0.259915071532256"
"exdqlm_univar_synth","draw_117",1827,"2021-11-03","history","-0.147891877218424"
"exdqlm_univar_synth","draw_117",1827,"2021-11-04","history","-0.179629586054960"
"exdqlm_univar_synth","draw_117",1827,"2021-11-05","history","-0.558159421413078"
"exdqlm_univar_synth","draw_117",1827,"2021-11-06","history","-0.474385455983798"
"exdqlm_univar_synth","draw_117",1827,"2021-11-07","history","-0.200661580078753"
"exdqlm_univar_synth","draw_117",1827,"2021-11-08","history","-0.285241224537186"
"exdqlm_univar_synth","draw_117",1827,"2021-11-09","history","-0.100437450888301"
"exdqlm_univar_synth","draw_117",1827,"2021-11-10","history","-0.123316974863270"
"exdqlm_univar_synth","draw_117",1827,"2021-11-11","history","-0.344428581685055"
"exdqlm_univar_synth","draw_117",1827,"2021-11-12","history","-0.191286870096469"
"exdqlm_univar_synth","draw_118",1843,"2021-10-25","history","1.51164283599454"
"exdqlm_univar_synth","draw_118",1843,"2021-10-26","history","-0.0525339547805853"
"exdqlm_univar_synth","draw_118",1843,"2021-10-27","history","-0.0454720142798410"
"exdqlm_univar_synth","draw_118",1843,"2021-10-28","history","-0.695678352078703"
"exdqlm_univar_synth","draw_118",1843,"2021-10-29","history","-0.427203237300584"
"exdqlm_univar_synth","draw_118",1843,"2021-10-30","history","-0.662282154335881"
"exdqlm_univar_synth","draw_118",1843,"2021-10-31","history","-0.543996869523218"
"exdqlm_univar_synth","draw_118",1843,"2021-11-01","history","-0.692035123399013"
"exdqlm_univar_synth","draw_118",1843,"2021-11-02","history","-0.258745728006150"
"exdqlm_univar_synth","draw_118",1843,"2021-11-03","history","-0.188747485202073"
"exdqlm_univar_synth","draw_118",1843,"2021-11-04","history","-0.159874857705435"
"exdqlm_univar_synth","draw_118",1843,"2021-11-05","history","-0.501787625115286"
"exdqlm_univar_synth","draw_118",1843,"2021-11-06","history","-0.454526406404177"
"exdqlm_univar_synth","draw_118",1843,"2021-11-07","history","-0.413091938355971"
"exdqlm_univar_synth","draw_118",1843,"2021-11-08","history","-0.654271418973234"
"exdqlm_univar_synth","draw_118",1843,"2021-11-09","history","0.106678852962399"
"exdqlm_univar_synth","draw_118",1843,"2021-11-10","history","-0.102409376762614"
"exdqlm_univar_synth","draw_118",1843,"2021-11-11","history","-0.244451183866596"
"exdqlm_univar_synth","draw_118",1843,"2021-11-12","history","-0.199660651482769"
"exdqlm_univar_synth","draw_119",1858,"2021-10-25","history","0.795239896212588"
"exdqlm_univar_synth","draw_119",1858,"2021-10-26","history","0.343965599728412"
"exdqlm_univar_synth","draw_119",1858,"2021-10-27","history","0.188293734610695"
"exdqlm_univar_synth","draw_119",1858,"2021-10-28","history","-0.545027582465172"
"exdqlm_univar_synth","draw_119",1858,"2021-10-29","history","-0.241942468775715"
"exdqlm_univar_synth","draw_119",1858,"2021-10-30","history","-0.640835580038324"
"exdqlm_univar_synth","draw_119",1858,"2021-10-31","history","-0.575900583698157"
"exdqlm_univar_synth","draw_119",1858,"2021-11-01","history","-0.492735306169396"
"exdqlm_univar_synth","draw_119",1858,"2021-11-02","history","0.0389368297027937"
"exdqlm_univar_synth","draw_119",1858,"2021-11-03","history","-0.165801488541908"
"exdqlm_univar_synth","draw_119",1858,"2021-11-04","history","-0.339548798260675"
"exdqlm_univar_synth","draw_119",1858,"2021-11-05","history","-0.414120867140093"
"exdqlm_univar_synth","draw_119",1858,"2021-11-06","history","-0.488712699305724"
"exdqlm_univar_synth","draw_119",1858,"2021-11-07","history","-0.613863233302886"
"exdqlm_univar_synth","draw_119",1858,"2021-11-08","history","-0.242700017001132"
"exdqlm_univar_synth","draw_119",1858,"2021-11-09","history","-0.0700238195061703"
"exdqlm_univar_synth","draw_119",1858,"2021-11-10","history","-0.0797199842718639"
"exdqlm_univar_synth","draw_119",1858,"2021-11-11","history","-0.458214896211690"
"exdqlm_univar_synth","draw_119",1858,"2021-11-12","history","-0.189530198995949"
"exdqlm_univar_synth","draw_120",1874,"2021-10-25","history","1.55206575010409"
"exdqlm_univar_synth","draw_120",1874,"2021-10-26","history","0.417801679644662"
"exdqlm_univar_synth","draw_120",1874,"2021-10-27","history","0.0945058019897429"
"exdqlm_univar_synth","draw_120",1874,"2021-10-28","history","-0.427973855497660"
"exdqlm_univar_synth","draw_120",1874,"2021-10-29","history","-0.632712743696830"
"exdqlm_univar_synth","draw_120",1874,"2021-10-30","history","-0.443229145602412"
"exdqlm_univar_synth","draw_120",1874,"2021-10-31","history","-0.709486960147905"
"exdqlm_univar_synth","draw_120",1874,"2021-11-01","history","-0.641185620875828"
"exdqlm_univar_synth","draw_120",1874,"2021-11-02","history","-0.210071111012147"
"exdqlm_univar_synth","draw_120",1874,"2021-11-03","history","-0.449579389261427"
"exdqlm_univar_synth","draw_120",1874,"2021-11-04","history","-0.122268438787255"
"exdqlm_univar_synth","draw_120",1874,"2021-11-05","history","-0.602973024739613"
"exdqlm_univar_synth","draw_120",1874,"2021-11-06","history","-0.524924211207825"
"exdqlm_univar_synth","draw_120",1874,"2021-11-07","history","-0.461466985174154"
"exdqlm_univar_synth","draw_120",1874,"2021-11-08","history","-0.641087516996610"
"exdqlm_univar_synth","draw_120",1874,"2021-11-09","history","0.437939483622055"
"exdqlm_univar_synth","draw_120",1874,"2021-11-10","history","-0.214210152580387"
"exdqlm_univar_synth","draw_120",1874,"2021-11-11","history","-0.0103296304380936"
"exdqlm_univar_synth","draw_120",1874,"2021-11-12","history","-0.436166060697738"
"exdqlm_univar_synth","draw_121",1890,"2021-10-25","history","0.709800578465588"
"exdqlm_univar_synth","draw_121",1890,"2021-10-26","history","0.0641773880404449"
"exdqlm_univar_synth","draw_121",1890,"2021-10-27","history","-0.0160351116189153"
"exdqlm_univar_synth","draw_121",1890,"2021-10-28","history","-0.707581963328235"
"exdqlm_univar_synth","draw_121",1890,"2021-10-29","history","-0.767279739710742"
"exdqlm_univar_synth","draw_121",1890,"2021-10-30","history","-0.417480933926332"
"exdqlm_univar_synth","draw_121",1890,"2021-10-31","history","-0.635080331410092"
"exdqlm_univar_synth","draw_121",1890,"2021-11-01","history","-0.114208082612663"
"exdqlm_univar_synth","draw_121",1890,"2021-11-02","history","0.136555811444580"
"exdqlm_univar_synth","draw_121",1890,"2021-11-03","history","-0.550657645664337"
"exdqlm_univar_synth","draw_121",1890,"2021-11-04","history","-0.346303131183391"
"exdqlm_univar_synth","draw_121",1890,"2021-11-05","history","-0.265401166100254"
"exdqlm_univar_synth","draw_121",1890,"2021-11-06","history","-0.660178338036995"
"exdqlm_univar_synth","draw_121",1890,"2021-11-07","history","-0.625317880295270"
"exdqlm_univar_synth","draw_121",1890,"2021-11-08","history","-0.580630378879408"
"exdqlm_univar_synth","draw_121",1890,"2021-11-09","history","0.386533064502836"
"exdqlm_univar_synth","draw_121",1890,"2021-11-10","history","-0.00496374759014569"
"exdqlm_univar_synth","draw_121",1890,"2021-11-11","history","-0.470397462748494"
"exdqlm_univar_synth","draw_121",1890,"2021-11-12","history","-0.292423365401581"
"exdqlm_univar_synth","draw_122",1906,"2021-10-25","history","1.58109849423943"
"exdqlm_univar_synth","draw_122",1906,"2021-10-26","history","-0.241698077396373"
"exdqlm_univar_synth","draw_122",1906,"2021-10-27","history","0.108892272583811"
"exdqlm_univar_synth","draw_122",1906,"2021-10-28","history","-0.641191325842226"
"exdqlm_univar_synth","draw_122",1906,"2021-10-29","history","-0.762307319379865"
"exdqlm_univar_synth","draw_122",1906,"2021-10-30","history","-0.713855194305083"
"exdqlm_univar_synth","draw_122",1906,"2021-10-31","history","-0.513637305213110"
"exdqlm_univar_synth","draw_122",1906,"2021-11-01","history","-0.514133522734964"
"exdqlm_univar_synth","draw_122",1906,"2021-11-02","history","-0.0799870914957685"
"exdqlm_univar_synth","draw_122",1906,"2021-11-03","history","-0.368916319963173"
"exdqlm_univar_synth","draw_122",1906,"2021-11-04","history","-0.435891857694174"
"exdqlm_univar_synth","draw_122",1906,"2021-11-05","history","-0.641117194512506"
"exdqlm_univar_synth","draw_122",1906,"2021-11-06","history","-0.212298284822557"
"exdqlm_univar_synth","draw_122",1906,"2021-11-07","history","-0.332199584230688"
"exdqlm_univar_synth","draw_122",1906,"2021-11-08","history","-0.302636890086948"
"exdqlm_univar_synth","draw_122",1906,"2021-11-09","history","0.468703429781146"
"exdqlm_univar_synth","draw_122",1906,"2021-11-10","history","0.128966087697257"
"exdqlm_univar_synth","draw_122",1906,"2021-11-11","history","-0.0979134625317267"
"exdqlm_univar_synth","draw_122",1906,"2021-11-12","history","-0.484506812778599"
"exdqlm_univar_synth","draw_123",1921,"2021-10-25","history","0.682153569802763"
"exdqlm_univar_synth","draw_123",1921,"2021-10-26","history","0.620057740130664"
"exdqlm_univar_synth","draw_123",1921,"2021-10-27","history","-0.207108224599735"
"exdqlm_univar_synth","draw_123",1921,"2021-10-28","history","-0.718878799759459"
"exdqlm_univar_synth","draw_123",1921,"2021-10-29","history","-0.289815928029186"
"exdqlm_univar_synth","draw_123",1921,"2021-10-30","history","-0.486528746490473"
"exdqlm_univar_synth","draw_123",1921,"2021-10-31","history","-0.667795207881605"
"exdqlm_univar_synth","draw_123",1921,"2021-11-01","history","-0.575639388425582"
"exdqlm_univar_synth","draw_123",1921,"2021-11-02","history","0.127775554202374"
"exdqlm_univar_synth","draw_123",1921,"2021-11-03","history","-0.362815136211863"
"exdqlm_univar_synth","draw_123",1921,"2021-11-04","history","-0.122107873374560"
"exdqlm_univar_synth","draw_123",1921,"2021-11-05","history","-0.483980002961078"
"exdqlm_univar_synth","draw_123",1921,"2021-11-06","history","-0.611301786547216"
"exdqlm_univar_synth","draw_123",1921,"2021-11-07","history","-0.619465453369749"
"exdqlm_univar_synth","draw_123",1921,"2021-11-08","history","-0.578949720682858"
"exdqlm_univar_synth","draw_123",1921,"2021-11-09","history","0.413386933091223"
"exdqlm_univar_synth","draw_123",1921,"2021-11-10","history","-0.112944337598197"
"exdqlm_univar_synth","draw_123",1921,"2021-11-11","history","-0.197984767554009"
"exdqlm_univar_synth","draw_123",1921,"2021-11-12","history","-0.425326890629057"
"exdqlm_univar_synth","draw_124",1937,"2021-10-25","history","0.914798874919615"
"exdqlm_univar_synth","draw_124",1937,"2021-10-26","history","-0.146365112118340"
"exdqlm_univar_synth","draw_124",1937,"2021-10-27","history","-0.0102953712976234"
"exdqlm_univar_synth","draw_124",1937,"2021-10-28","history","-0.763870160947277"
"exdqlm_univar_synth","draw_124",1937,"2021-10-29","history","-0.593912205632652"
"exdqlm_univar_synth","draw_124",1937,"2021-10-30","history","-0.656752203683486"
"exdqlm_univar_synth","draw_124",1937,"2021-10-31","history","-0.627037910121307"
"exdqlm_univar_synth","draw_124",1937,"2021-11-01","history","-0.533035333103443"
"exdqlm_univar_synth","draw_124",1937,"2021-11-02","history","-0.152755316684462"
"exdqlm_univar_synth","draw_124",1937,"2021-11-03","history","-0.379300011702222"
"exdqlm_univar_synth","draw_124",1937,"2021-11-04","history","-0.422420327997092"
"exdqlm_univar_synth","draw_124",1937,"2021-11-05","history","-0.515621586323075"
"exdqlm_univar_synth","draw_124",1937,"2021-11-06","history","-0.518391209938427"
"exdqlm_univar_synth","draw_124",1937,"2021-11-07","history","-0.276361098753010"
"exdqlm_univar_synth","draw_124",1937,"2021-11-08","history","-0.556546729175640"
"exdqlm_univar_synth","draw_124",1937,"2021-11-09","history","0.226118377266359"
"exdqlm_univar_synth","draw_124",1937,"2021-11-10","history","0.0574489129500850"
"exdqlm_univar_synth","draw_124",1937,"2021-11-11","history","-0.217281131617650"
"exdqlm_univar_synth","draw_124",1937,"2021-11-12","history","-0.470252576746455"
"exdqlm_univar_synth","draw_125",1953,"2021-10-25","history","0.702658769068275"
"exdqlm_univar_synth","draw_125",1953,"2021-10-26","history","-0.0900323896959477"
"exdqlm_univar_synth","draw_125",1953,"2021-10-27","history","-0.0452659424702857"
"exdqlm_univar_synth","draw_125",1953,"2021-10-28","history","-0.482243486872452"
"exdqlm_univar_synth","draw_125",1953,"2021-10-29","history","-0.688410234298745"
"exdqlm_univar_synth","draw_125",1953,"2021-10-30","history","-0.664210730383612"
"exdqlm_univar_synth","draw_125",1953,"2021-10-31","history","-0.716454394916931"
"exdqlm_univar_synth","draw_125",1953,"2021-11-01","history","-0.675717308827814"
"exdqlm_univar_synth","draw_125",1953,"2021-11-02","history","-0.175796410241100"
"exdqlm_univar_synth","draw_125",1953,"2021-11-03","history","-0.265276079688805"
"exdqlm_univar_synth","draw_125",1953,"2021-11-04","history","-0.450297565593242"
"exdqlm_univar_synth","draw_125",1953,"2021-11-05","history","-0.328366375566831"
"exdqlm_univar_synth","draw_125",1953,"2021-11-06","history","-0.404850172773129"
"exdqlm_univar_synth","draw_125",1953,"2021-11-07","history","-0.536399558636841"
"exdqlm_univar_synth","draw_125",1953,"2021-11-08","history","-0.612103027820145"
"exdqlm_univar_synth","draw_125",1953,"2021-11-09","history","0.238488014927105"
"exdqlm_univar_synth","draw_125",1953,"2021-11-10","history","-0.213116451587129"
"exdqlm_univar_synth","draw_125",1953,"2021-11-11","history","-0.375979833441443"
"exdqlm_univar_synth","draw_125",1953,"2021-11-12","history","-0.379001330646068"
"exdqlm_univar_synth","draw_126",1969,"2021-10-25","history","1.70443795305350"
"exdqlm_univar_synth","draw_126",1969,"2021-10-26","history","0.322334715178504"
"exdqlm_univar_synth","draw_126",1969,"2021-10-27","history","0.0605533854141584"
"exdqlm_univar_synth","draw_126",1969,"2021-10-28","history","-0.793647706953467"
"exdqlm_univar_synth","draw_126",1969,"2021-10-29","history","-0.612293032105649"
"exdqlm_univar_synth","draw_126",1969,"2021-10-30","history","-0.543033748434011"
"exdqlm_univar_synth","draw_126",1969,"2021-10-31","history","-0.767419979129926"
"exdqlm_univar_synth","draw_126",1969,"2021-11-01","history","-0.655488751480294"
"exdqlm_univar_synth","draw_126",1969,"2021-11-02","history","0.176482963771360"
"exdqlm_univar_synth","draw_126",1969,"2021-11-03","history","-0.103748243752205"
"exdqlm_univar_synth","draw_126",1969,"2021-11-04","history","-0.461663299809302"
"exdqlm_univar_synth","draw_126",1969,"2021-11-05","history","-0.278479024274970"
"exdqlm_univar_synth","draw_126",1969,"2021-11-06","history","-0.176728230747888"
"exdqlm_univar_synth","draw_126",1969,"2021-11-07","history","-0.529619784260519"
"exdqlm_univar_synth","draw_126",1969,"2021-11-08","history","-0.243803815370684"
"exdqlm_univar_synth","draw_126",1969,"2021-11-09","history","0.217207250772903"
"exdqlm_univar_synth","draw_126",1969,"2021-11-10","history","-0.214715372289937"
"exdqlm_univar_synth","draw_126",1969,"2021-11-11","history","-0.201008962773748"
"exdqlm_univar_synth","draw_126",1969,"2021-11-12","history","-0.151126941127325"
"exdqlm_univar_synth","draw_127",1984,"2021-10-25","history","0.788131475070040"
"exdqlm_univar_synth","draw_127",1984,"2021-10-26","history","-0.200237786116183"
"exdqlm_univar_synth","draw_127",1984,"2021-10-27","history","0.109242101931814"
"exdqlm_univar_synth","draw_127",1984,"2021-10-28","history","-0.367238265011597"
"exdqlm_univar_synth","draw_127",1984,"2021-10-29","history","-0.774436336871359"
"exdqlm_univar_synth","draw_127",1984,"2021-10-30","history","-0.723200478096730"
"exdqlm_univar_synth","draw_127",1984,"2021-10-31","history","-0.723947417713440"
"exdqlm_univar_synth","draw_127",1984,"2021-11-01","history","-0.520140525518034"
"exdqlm_univar_synth","draw_127",1984,"2021-11-02","history","-0.211509824256445"
"exdqlm_univar_synth","draw_127",1984,"2021-11-03","history","-0.494570840618610"
"exdqlm_univar_synth","draw_127",1984,"2021-11-04","history","-0.413440212098539"
"exdqlm_univar_synth","draw_127",1984,"2021-11-05","history","-0.0857022449425091"
"exdqlm_univar_synth","draw_127",1984,"2021-11-06","history","-0.166316036063319"
"exdqlm_univar_synth","draw_127",1984,"2021-11-07","history","-0.467396163023438"
"exdqlm_univar_synth","draw_127",1984,"2021-11-08","history","-0.580098581716617"
"exdqlm_univar_synth","draw_127",1984,"2021-11-09","history","-0.318041547627121"
"exdqlm_univar_synth","draw_127",1984,"2021-11-10","history","-0.0265149082750499"
"exdqlm_univar_synth","draw_127",1984,"2021-11-11","history","0.0221793126024977"
"exdqlm_univar_synth","draw_127",1984,"2021-11-12","history","-0.409036689963542"
"exdqlm_univar_synth","draw_128",2000,"2021-10-25","history","0.671176450266554"
"exdqlm_univar_synth","draw_128",2000,"2021-10-26","history","-0.194718321403344"
"exdqlm_univar_synth","draw_128",2000,"2021-10-27","history","-0.000439746371307946"
"exdqlm_univar_synth","draw_128",2000,"2021-10-28","history","-0.745196018782447"
"exdqlm_univar_synth","draw_128",2000,"2021-10-29","history","-0.341319645946260"
"exdqlm_univar_synth","draw_128",2000,"2021-10-30","history","-0.869518830407777"
"exdqlm_univar_synth","draw_128",2000,"2021-10-31","history","-0.539025540951408"
"exdqlm_univar_synth","draw_128",2000,"2021-11-01","history","-0.459645700684927"
"exdqlm_univar_synth","draw_128",2000,"2021-11-02","history","0.0986976536077676"
"exdqlm_univar_synth","draw_128",2000,"2021-11-03","history","-0.523562774674039"
"exdqlm_univar_synth","draw_128",2000,"2021-11-04","history","-0.493354696356077"
"exdqlm_univar_synth","draw_128",2000,"2021-11-05","history","-0.696111872928847"
"exdqlm_univar_synth","draw_128",2000,"2021-11-06","history","-0.436649494786174"
"exdqlm_univar_synth","draw_128",2000,"2021-11-07","history","-0.324314505909456"
"exdqlm_univar_synth","draw_128",2000,"2021-11-08","history","-0.319323430361302"
"exdqlm_univar_synth","draw_128",2000,"2021-11-09","history","0.137002710676751"
"exdqlm_univar_synth","draw_128",2000,"2021-11-10","history","-0.240065131184970"
"exdqlm_univar_synth","draw_128",2000,"2021-11-11","history","-0.501769243058208"
"exdqlm_univar_synth","draw_128",2000,"2021-11-12","history","-0.289173402144645"
"exdqlm_univar_synth","draw_001",1,"2021-11-13","forecast","-0.621740512092455"
"exdqlm_univar_synth","draw_001",1,"2021-11-14","forecast","-0.793572569727799"
"exdqlm_univar_synth","draw_001",1,"2021-11-15","forecast","-0.787095735054056"
"exdqlm_univar_synth","draw_001",1,"2021-11-16","forecast","-0.702343466113002"
"exdqlm_univar_synth","draw_001",1,"2021-11-17","forecast","-0.944906319541250"
"exdqlm_univar_synth","draw_001",1,"2021-11-18","forecast","-0.905346441107371"
"exdqlm_univar_synth","draw_001",1,"2021-11-19","forecast","-0.774431134076271"
"exdqlm_univar_synth","draw_001",1,"2021-11-20","forecast","-0.733148356557133"
"exdqlm_univar_synth","draw_001",1,"2021-11-21","forecast","-0.731018296930509"
"exdqlm_univar_synth","draw_001",1,"2021-11-22","forecast","-1.31265689541774"
"exdqlm_univar_synth","draw_001",1,"2021-11-23","forecast","-1.12540484898851"
"exdqlm_univar_synth","draw_001",1,"2021-11-24","forecast","-0.839143106987981"
"exdqlm_univar_synth","draw_001",1,"2021-11-25","forecast","-0.984859617751504"
"exdqlm_univar_synth","draw_001",1,"2021-11-26","forecast","-0.725881003280832"
"exdqlm_univar_synth","draw_001",1,"2021-11-27","forecast","-1.02469660949551"
"exdqlm_univar_synth","draw_001",1,"2021-11-28","forecast","-1.11441682713672"
"exdqlm_univar_synth","draw_001",1,"2021-11-29","forecast","-1.51021104018111"
"exdqlm_univar_synth","draw_001",1,"2021-11-30","forecast","-1.00305235508520"
"exdqlm_univar_synth","draw_001",1,"2021-12-01","forecast","-1.40357799877585"
"exdqlm_univar_synth","draw_001",1,"2021-12-02","forecast","-1.10141317211090"
"exdqlm_univar_synth","draw_001",1,"2021-12-03","forecast","-1.03356215794240"
"exdqlm_univar_synth","draw_001",1,"2021-12-04","forecast","-1.01993942931670"
"exdqlm_univar_synth","draw_001",1,"2021-12-05","forecast","-0.994608052663315"
"exdqlm_univar_synth","draw_001",1,"2021-12-06","forecast","-1.30039829967287"
"exdqlm_univar_synth","draw_001",1,"2021-12-07","forecast","-1.50650169939077"
"exdqlm_univar_synth","draw_001",1,"2021-12-08","forecast","-1.41270533722631"
"exdqlm_univar_synth","draw_001",1,"2021-12-09","forecast","-0.719311708445437"
"exdqlm_univar_synth","draw_001",1,"2021-12-10","forecast","-0.964192997875184"
"exdqlm_univar_synth","draw_002",17,"2021-11-13","forecast","-1.09186888564559"
"exdqlm_univar_synth","draw_002",17,"2021-11-14","forecast","-0.422763120182403"
"exdqlm_univar_synth","draw_002",17,"2021-11-15","forecast","-0.708922387361026"
"exdqlm_univar_synth","draw_002",17,"2021-11-16","forecast","-0.693963343528531"
"exdqlm_univar_synth","draw_002",17,"2021-11-17","forecast","-0.617683644584776"
"exdqlm_univar_synth","draw_002",17,"2021-11-18","forecast","-0.886535004962914"
"exdqlm_univar_synth","draw_002",17,"2021-11-19","forecast","-1.01923365045927"
"exdqlm_univar_synth","draw_002",17,"2021-11-20","forecast","-0.926465738312698"
"exdqlm_univar_synth","draw_002",17,"2021-11-21","forecast","-0.787736278219338"
"exdqlm_univar_synth","draw_002",17,"2021-11-22","forecast","-0.929942749056465"
"exdqlm_univar_synth","draw_002",17,"2021-11-23","forecast","-1.07134400970162"
"exdqlm_univar_synth","draw_002",17,"2021-11-24","forecast","-0.981765722569988"
"exdqlm_univar_synth","draw_002",17,"2021-11-25","forecast","-1.17682176980199"
"exdqlm_univar_synth","draw_002",17,"2021-11-26","forecast","-0.769634416509529"
"exdqlm_univar_synth","draw_002",17,"2021-11-27","forecast","-1.40668225774728"
"exdqlm_univar_synth","draw_002",17,"2021-11-28","forecast","-1.02695863288588"
"exdqlm_univar_synth","draw_002",17,"2021-11-29","forecast","-1.10247041730800"
"exdqlm_univar_synth","draw_002",17,"2021-11-30","forecast","-0.998681609489181"
"exdqlm_univar_synth","draw_002",17,"2021-12-01","forecast","-1.39248246089187"
"exdqlm_univar_synth","draw_002",17,"2021-12-02","forecast","-0.992565662716589"
"exdqlm_univar_synth","draw_002",17,"2021-12-03","forecast","-1.31244617702128"
"exdqlm_univar_synth","draw_002",17,"2021-12-04","forecast","-0.997512042604482"
"exdqlm_univar_synth","draw_002",17,"2021-12-05","forecast","-1.21768675098866"
"exdqlm_univar_synth","draw_002",17,"2021-12-06","forecast","-1.36269739927100"
"exdqlm_univar_synth","draw_002",17,"2021-12-07","forecast","-1.26488478085817"
"exdqlm_univar_synth","draw_002",17,"2021-12-08","forecast","-1.03399523893615"
"exdqlm_univar_synth","draw_002",17,"2021-12-09","forecast","-1.11529375958446"
"exdqlm_univar_synth","draw_002",17,"2021-12-10","forecast","-1.48185126386018"
"exdqlm_univar_synth","draw_003",32,"2021-11-13","forecast","-0.532105826010214"
"exdqlm_univar_synth","draw_003",32,"2021-11-14","forecast","-0.587609890223298"
"exdqlm_univar_synth","draw_003",32,"2021-11-15","forecast","-0.435800270676127"
"exdqlm_univar_synth","draw_003",32,"2021-11-16","forecast","-0.803597443074182"
"exdqlm_univar_synth","draw_003",32,"2021-11-17","forecast","-0.613754304987362"
"exdqlm_univar_synth","draw_003",32,"2021-11-18","forecast","-0.569877546719827"
"exdqlm_univar_synth","draw_003",32,"2021-11-19","forecast","-0.777902293910849"
"exdqlm_univar_synth","draw_003",32,"2021-11-20","forecast","-0.746284317221343"
"exdqlm_univar_synth","draw_003",32,"2021-11-21","forecast","-0.892658007950172"
"exdqlm_univar_synth","draw_003",32,"2021-11-22","forecast","-1.27901699307617"
"exdqlm_univar_synth","draw_003",32,"2021-11-23","forecast","-0.756388825578708"
"exdqlm_univar_synth","draw_003",32,"2021-11-24","forecast","-1.15079268133881"
"exdqlm_univar_synth","draw_003",32,"2021-11-25","forecast","-1.35809215091398"
"exdqlm_univar_synth","draw_003",32,"2021-11-26","forecast","-1.08111740967969"
"exdqlm_univar_synth","draw_003",32,"2021-11-27","forecast","-1.01865913970048"
"exdqlm_univar_synth","draw_003",32,"2021-11-28","forecast","-0.931299972589891"
"exdqlm_univar_synth","draw_003",32,"2021-11-29","forecast","-1.35106365862824"
"exdqlm_univar_synth","draw_003",32,"2021-11-30","forecast","-1.00137083698656"
"exdqlm_univar_synth","draw_003",32,"2021-12-01","forecast","-1.01374623659675"
"exdqlm_univar_synth","draw_003",32,"2021-12-02","forecast","-1.25292584413346"
"exdqlm_univar_synth","draw_003",32,"2021-12-03","forecast","-1.04252786591146"
"exdqlm_univar_synth","draw_003",32,"2021-12-04","forecast","-1.54195493950348"
"exdqlm_univar_synth","draw_003",32,"2021-12-05","forecast","-0.992913867857946"
"exdqlm_univar_synth","draw_003",32,"2021-12-06","forecast","-1.58977461393608"
"exdqlm_univar_synth","draw_003",32,"2021-12-07","forecast","-1.09839966668978"
"exdqlm_univar_synth","draw_003",32,"2021-12-08","forecast","-1.15213452160276"
"exdqlm_univar_synth","draw_003",32,"2021-12-09","forecast","-0.745689231359008"
"exdqlm_univar_synth","draw_003",32,"2021-12-10","forecast","-1.36908584445432"
"exdqlm_univar_synth","draw_004",48,"2021-11-13","forecast","-0.595483297179206"
"exdqlm_univar_synth","draw_004",48,"2021-11-14","forecast","-0.673410627292403"
"exdqlm_univar_synth","draw_004",48,"2021-11-15","forecast","-0.813422725942009"
"exdqlm_univar_synth","draw_004",48,"2021-11-16","forecast","-0.569358020992653"
"exdqlm_univar_synth","draw_004",48,"2021-11-17","forecast","-0.619763055015431"
"exdqlm_univar_synth","draw_004",48,"2021-11-18","forecast","-0.766678654168960"
"exdqlm_univar_synth","draw_004",48,"2021-11-19","forecast","-0.787058391511426"
"exdqlm_univar_synth","draw_004",48,"2021-11-20","forecast","-0.735125833879145"
"exdqlm_univar_synth","draw_004",48,"2021-11-21","forecast","-1.07780921883220"
"exdqlm_univar_synth","draw_004",48,"2021-11-22","forecast","-0.925596629645233"
"exdqlm_univar_synth","draw_004",48,"2021-11-23","forecast","-0.752710838387061"
"exdqlm_univar_synth","draw_004",48,"2021-11-24","forecast","-0.834105971263074"
"exdqlm_univar_synth","draw_004",48,"2021-11-25","forecast","-0.998530808490701"
"exdqlm_univar_synth","draw_004",48,"2021-11-26","forecast","-0.932021588366205"
"exdqlm_univar_synth","draw_004",48,"2021-11-27","forecast","-1.04448081835271"
"exdqlm_univar_synth","draw_004",48,"2021-11-28","forecast","-0.930219698160067"
"exdqlm_univar_synth","draw_004",48,"2021-11-29","forecast","-1.08693144532944"
"exdqlm_univar_synth","draw_004",48,"2021-11-30","forecast","-1.38081774993759"
"exdqlm_univar_synth","draw_004",48,"2021-12-01","forecast","-1.02549149885496"
"exdqlm_univar_synth","draw_004",48,"2021-12-02","forecast","-1.43872720090192"
"exdqlm_univar_synth","draw_004",48,"2021-12-03","forecast","-1.28555373912599"
"exdqlm_univar_synth","draw_004",48,"2021-12-04","forecast","-1.35207866387830"
"exdqlm_univar_synth","draw_004",48,"2021-12-05","forecast","-1.27048454705274"
"exdqlm_univar_synth","draw_004",48,"2021-12-06","forecast","-1.17335960060590"
"exdqlm_univar_synth","draw_004",48,"2021-12-07","forecast","-1.11444432578254"
"exdqlm_univar_synth","draw_004",48,"2021-12-08","forecast","-1.34647700903262"
"exdqlm_univar_synth","draw_004",48,"2021-12-09","forecast","-1.22629249300421"
"exdqlm_univar_synth","draw_004",48,"2021-12-10","forecast","-1.17456205774837"
"exdqlm_univar_synth","draw_005",64,"2021-11-13","forecast","-0.713141227695163"
"exdqlm_univar_synth","draw_005",64,"2021-11-14","forecast","-0.803660125231657"
"exdqlm_univar_synth","draw_005",64,"2021-11-15","forecast","-0.766920630210828"
"exdqlm_univar_synth","draw_005",64,"2021-11-16","forecast","-0.899840913970110"
"exdqlm_univar_synth","draw_005",64,"2021-11-17","forecast","-0.809594963395753"
"exdqlm_univar_synth","draw_005",64,"2021-11-18","forecast","-0.595351088954985"
"exdqlm_univar_synth","draw_005",64,"2021-11-19","forecast","-0.790731534540449"
"exdqlm_univar_synth","draw_005",64,"2021-11-20","forecast","-0.735953334457671"
"exdqlm_univar_synth","draw_005",64,"2021-11-21","forecast","-0.978074810445275"
"exdqlm_univar_synth","draw_005",64,"2021-11-22","forecast","-0.944647282580708"
"exdqlm_univar_synth","draw_005",64,"2021-11-23","forecast","-0.859954148274412"
"exdqlm_univar_synth","draw_005",64,"2021-11-24","forecast","-0.839827773030514"
"exdqlm_univar_synth","draw_005",64,"2021-11-25","forecast","-1.22851164620189"
"exdqlm_univar_synth","draw_005",64,"2021-11-26","forecast","-1.16440294539593"
"exdqlm_univar_synth","draw_005",64,"2021-11-27","forecast","-1.01907367932615"
"exdqlm_univar_synth","draw_005",64,"2021-11-28","forecast","-1.06078495044920"
"exdqlm_univar_synth","draw_005",64,"2021-11-29","forecast","-1.40635669092232"
"exdqlm_univar_synth","draw_005",64,"2021-11-30","forecast","-1.08452543484577"
"exdqlm_univar_synth","draw_005",64,"2021-12-01","forecast","-1.01266057980873"
"exdqlm_univar_synth","draw_005",64,"2021-12-02","forecast","-1.13449348626726"
"exdqlm_univar_synth","draw_005",64,"2021-12-03","forecast","-1.05905989794260"
"exdqlm_univar_synth","draw_005",64,"2021-12-04","forecast","-1.05283318340801"
"exdqlm_univar_synth","draw_005",64,"2021-12-05","forecast","-1.36037844837998"
"exdqlm_univar_synth","draw_005",64,"2021-12-06","forecast","-1.17566311773189"
"exdqlm_univar_synth","draw_005",64,"2021-12-07","forecast","-1.50881552135855"
"exdqlm_univar_synth","draw_005",64,"2021-12-08","forecast","-1.05656989787867"
"exdqlm_univar_synth","draw_005",64,"2021-12-09","forecast","-0.718163137806219"
"exdqlm_univar_synth","draw_005",64,"2021-12-10","forecast","-1.39497194716715"
"exdqlm_univar_synth","draw_006",80,"2021-11-13","forecast","-0.456123307704756"
"exdqlm_univar_synth","draw_006",80,"2021-11-14","forecast","-0.522004606350577"
"exdqlm_univar_synth","draw_006",80,"2021-11-15","forecast","-0.660722343022302"
"exdqlm_univar_synth","draw_006",80,"2021-11-16","forecast","-0.738256007705959"
"exdqlm_univar_synth","draw_006",80,"2021-11-17","forecast","-0.936270074969665"
"exdqlm_univar_synth","draw_006",80,"2021-11-18","forecast","-0.608399237350543"
"exdqlm_univar_synth","draw_006",80,"2021-11-19","forecast","-1.07513162867586"
"exdqlm_univar_synth","draw_006",80,"2021-11-20","forecast","-0.734288850601325"
"exdqlm_univar_synth","draw_006",80,"2021-11-21","forecast","-0.789241551441240"
"exdqlm_univar_synth","draw_006",80,"2021-11-22","forecast","-1.07449891601094"
"exdqlm_univar_synth","draw_006",80,"2021-11-23","forecast","-0.756656197702427"
"exdqlm_univar_synth","draw_006",80,"2021-11-24","forecast","-1.08863362127834"
"exdqlm_univar_synth","draw_006",80,"2021-11-25","forecast","-0.990661225092399"
"exdqlm_univar_synth","draw_006",80,"2021-11-26","forecast","-0.802066474746979"
"exdqlm_univar_synth","draw_006",80,"2021-11-27","forecast","-1.02392354339658"
"exdqlm_univar_synth","draw_006",80,"2021-11-28","forecast","-1.70045360904524"
"exdqlm_univar_synth","draw_006",80,"2021-11-29","forecast","-1.62727343018074"
"exdqlm_univar_synth","draw_006",80,"2021-11-30","forecast","-1.30560500438117"
"exdqlm_univar_synth","draw_006",80,"2021-12-01","forecast","-1.42981059687832"
"exdqlm_univar_synth","draw_006",80,"2021-12-02","forecast","-1.37020561806432"
"exdqlm_univar_synth","draw_006",80,"2021-12-03","forecast","-1.02817746794650"
"exdqlm_univar_synth","draw_006",80,"2021-12-04","forecast","-1.02881539188991"
"exdqlm_univar_synth","draw_006",80,"2021-12-05","forecast","-0.988850285017642"
"exdqlm_univar_synth","draw_006",80,"2021-12-06","forecast","-1.22140136776162"
"exdqlm_univar_synth","draw_006",80,"2021-12-07","forecast","-1.36685832393770"
"exdqlm_univar_synth","draw_006",80,"2021-12-08","forecast","-1.05639850416653"
"exdqlm_univar_synth","draw_006",80,"2021-12-09","forecast","-0.705603052563961"
"exdqlm_univar_synth","draw_006",80,"2021-12-10","forecast","-1.12094890117967"
"exdqlm_univar_synth","draw_007",95,"2021-11-13","forecast","-0.441152022113502"
"exdqlm_univar_synth","draw_007",95,"2021-11-14","forecast","-0.699987665214313"
"exdqlm_univar_synth","draw_007",95,"2021-11-15","forecast","-0.793479743955731"
"exdqlm_univar_synth","draw_007",95,"2021-11-16","forecast","-0.504474848042032"
"exdqlm_univar_synth","draw_007",95,"2021-11-17","forecast","-0.837786819205720"
"exdqlm_univar_synth","draw_007",95,"2021-11-18","forecast","-0.928043769588930"
"exdqlm_univar_synth","draw_007",95,"2021-11-19","forecast","-0.776974750635690"
"exdqlm_univar_synth","draw_007",95,"2021-11-20","forecast","-1.10400178852045"
"exdqlm_univar_synth","draw_007",95,"2021-11-21","forecast","-1.46315781502156"
"exdqlm_univar_synth","draw_007",95,"2021-11-22","forecast","-0.922568837702013"
"exdqlm_univar_synth","draw_007",95,"2021-11-23","forecast","-0.816285432111940"
"exdqlm_univar_synth","draw_007",95,"2021-11-24","forecast","-1.12176646188254"
"exdqlm_univar_synth","draw_007",95,"2021-11-25","forecast","-1.22620988964194"
"exdqlm_univar_synth","draw_007",95,"2021-11-26","forecast","-1.12931451606302"
"exdqlm_univar_synth","draw_007",95,"2021-11-27","forecast","-1.02185094287239"
"exdqlm_univar_synth","draw_007",95,"2021-11-28","forecast","-0.928583405796676"
"exdqlm_univar_synth","draw_007",95,"2021-11-29","forecast","-1.29641670637920"
"exdqlm_univar_synth","draw_007",95,"2021-11-30","forecast","-0.997692860650423"
"exdqlm_univar_synth","draw_007",95,"2021-12-01","forecast","-1.03626054101629"
"exdqlm_univar_synth","draw_007",95,"2021-12-02","forecast","-1.12672212574487"
"exdqlm_univar_synth","draw_007",95,"2021-12-03","forecast","-1.03651676810621"
"exdqlm_univar_synth","draw_007",95,"2021-12-04","forecast","-1.34797141131667"
"exdqlm_univar_synth","draw_007",95,"2021-12-05","forecast","-0.924772346549285"
"exdqlm_univar_synth","draw_007",95,"2021-12-06","forecast","-1.17335334045733"
"exdqlm_univar_synth","draw_007",95,"2021-12-07","forecast","-1.42696118126496"
"exdqlm_univar_synth","draw_007",95,"2021-12-08","forecast","-1.05312513262340"
"exdqlm_univar_synth","draw_007",95,"2021-12-09","forecast","-0.766145548569863"
"exdqlm_univar_synth","draw_007",95,"2021-12-10","forecast","-1.49404316310288"
"exdqlm_univar_synth","draw_008",111,"2021-11-13","forecast","-0.447367176107941"
"exdqlm_univar_synth","draw_008",111,"2021-11-14","forecast","-0.625812272236274"
"exdqlm_univar_synth","draw_008",111,"2021-11-15","forecast","-0.505854079550785"
"exdqlm_univar_synth","draw_008",111,"2021-11-16","forecast","-0.542503536824777"
"exdqlm_univar_synth","draw_008",111,"2021-11-17","forecast","-0.614573716060290"
"exdqlm_univar_synth","draw_008",111,"2021-11-18","forecast","-0.422542939189778"
"exdqlm_univar_synth","draw_008",111,"2021-11-19","forecast","-0.781525496221321"
"exdqlm_univar_synth","draw_008",111,"2021-11-20","forecast","-0.824865782368860"
"exdqlm_univar_synth","draw_008",111,"2021-11-21","forecast","-0.788494364379355"
"exdqlm_univar_synth","draw_008",111,"2021-11-22","forecast","-0.924740097746266"
"exdqlm_univar_synth","draw_008",111,"2021-11-23","forecast","-0.944343779992055"
"exdqlm_univar_synth","draw_008",111,"2021-11-24","forecast","-0.814089079613877"
"exdqlm_univar_synth","draw_008",111,"2021-11-25","forecast","-1.34095400584182"
"exdqlm_univar_synth","draw_008",111,"2021-11-26","forecast","-0.801494739706724"
"exdqlm_univar_synth","draw_008",111,"2021-11-27","forecast","-1.02283892279029"
"exdqlm_univar_synth","draw_008",111,"2021-11-28","forecast","-0.929242952966232"
"exdqlm_univar_synth","draw_008",111,"2021-11-29","forecast","-1.09746482819949"
"exdqlm_univar_synth","draw_008",111,"2021-11-30","forecast","-0.999809398312987"
"exdqlm_univar_synth","draw_008",111,"2021-12-01","forecast","-1.25127106380787"
"exdqlm_univar_synth","draw_008",111,"2021-12-02","forecast","-1.35572882565665"
"exdqlm_univar_synth","draw_008",111,"2021-12-03","forecast","-1.46950274084962"
"exdqlm_univar_synth","draw_008",111,"2021-12-04","forecast","-0.990333993163847"
"exdqlm_univar_synth","draw_008",111,"2021-12-05","forecast","-0.996818815213620"
"exdqlm_univar_synth","draw_008",111,"2021-12-06","forecast","-1.42243697129251"
"exdqlm_univar_synth","draw_008",111,"2021-12-07","forecast","-1.58735674812232"
"exdqlm_univar_synth","draw_008",111,"2021-12-08","forecast","-1.40713526618774"
"exdqlm_univar_synth","draw_008",111,"2021-12-09","forecast","-0.705710698749620"
"exdqlm_univar_synth","draw_008",111,"2021-12-10","forecast","-1.31327871287745"
"exdqlm_univar_synth","draw_009",127,"2021-11-13","forecast","-0.545811856428848"
"exdqlm_univar_synth","draw_009",127,"2021-11-14","forecast","-0.735001213594068"
"exdqlm_univar_synth","draw_009",127,"2021-11-15","forecast","-0.486431019565697"
"exdqlm_univar_synth","draw_009",127,"2021-11-16","forecast","-0.788179706168103"
"exdqlm_univar_synth","draw_009",127,"2021-11-17","forecast","-0.770880582660130"
"exdqlm_univar_synth","draw_009",127,"2021-11-18","forecast","-0.688958414594014"
"exdqlm_univar_synth","draw_009",127,"2021-11-19","forecast","-1.07973839832737"
"exdqlm_univar_synth","draw_009",127,"2021-11-20","forecast","-1.10619582217517"
"exdqlm_univar_synth","draw_009",127,"2021-11-21","forecast","-0.947595862672400"
"exdqlm_univar_synth","draw_009",127,"2021-11-22","forecast","-1.17264041889048"
"exdqlm_univar_synth","draw_009",127,"2021-11-23","forecast","-0.756684698712256"
"exdqlm_univar_synth","draw_009",127,"2021-11-24","forecast","-1.03842316773360"
"exdqlm_univar_synth","draw_009",127,"2021-11-25","forecast","-1.39494631576890"
"exdqlm_univar_synth","draw_009",127,"2021-11-26","forecast","-1.18291468154534"
"exdqlm_univar_synth","draw_009",127,"2021-11-27","forecast","-1.39347695696743"
"exdqlm_univar_synth","draw_009",127,"2021-11-28","forecast","-1.38779503588524"
"exdqlm_univar_synth","draw_009",127,"2021-11-29","forecast","-1.08785324704825"
"exdqlm_univar_synth","draw_009",127,"2021-11-30","forecast","-1.33488123608968"
"exdqlm_univar_synth","draw_009",127,"2021-12-01","forecast","-1.02558535747047"
"exdqlm_univar_synth","draw_009",127,"2021-12-02","forecast","-0.978158658645978"
"exdqlm_univar_synth","draw_009",127,"2021-12-03","forecast","-1.02772917035061"
"exdqlm_univar_synth","draw_009",127,"2021-12-04","forecast","-1.01482880986884"
"exdqlm_univar_synth","draw_009",127,"2021-12-05","forecast","-1.13265453639354"
"exdqlm_univar_synth","draw_009",127,"2021-12-06","forecast","-1.18479066891500"
"exdqlm_univar_synth","draw_009",127,"2021-12-07","forecast","-1.40373818206636"
"exdqlm_univar_synth","draw_009",127,"2021-12-08","forecast","-1.05643768192951"
"exdqlm_univar_synth","draw_009",127,"2021-12-09","forecast","-0.726753409796735"
"exdqlm_univar_synth","draw_009",127,"2021-12-10","forecast","-0.915957769132866"
"exdqlm_univar_synth","draw_010",143,"2021-11-13","forecast","-0.302485355931471"
"exdqlm_univar_synth","draw_010",143,"2021-11-14","forecast","-0.535901977332021"
"exdqlm_univar_synth","draw_010",143,"2021-11-15","forecast","-0.731966812135527"
"exdqlm_univar_synth","draw_010",143,"2021-11-16","forecast","-0.668550805103078"
"exdqlm_univar_synth","draw_010",143,"2021-11-17","forecast","-0.609241322556894"
"exdqlm_univar_synth","draw_010",143,"2021-11-18","forecast","-0.559526299926039"
"exdqlm_univar_synth","draw_010",143,"2021-11-19","forecast","-0.812522219868743"
"exdqlm_univar_synth","draw_010",143,"2021-11-20","forecast","-0.841625967390490"
"exdqlm_univar_synth","draw_010",143,"2021-11-21","forecast","-0.733779884000719"
"exdqlm_univar_synth","draw_010",143,"2021-11-22","forecast","-1.30860238269150"
"exdqlm_univar_synth","draw_010",143,"2021-11-23","forecast","-0.963076403797059"
"exdqlm_univar_synth","draw_010",143,"2021-11-24","forecast","-0.849006401690768"
"exdqlm_univar_synth","draw_010",143,"2021-11-25","forecast","-0.992683742190867"
"exdqlm_univar_synth","draw_010",143,"2021-11-26","forecast","-1.30246812314112"
"exdqlm_univar_synth","draw_010",143,"2021-11-27","forecast","-1.03241157860214"
"exdqlm_univar_synth","draw_010",143,"2021-11-28","forecast","-0.925482625009629"
"exdqlm_univar_synth","draw_010",143,"2021-11-29","forecast","-1.18899705389708"
"exdqlm_univar_synth","draw_010",143,"2021-11-30","forecast","-0.997363785508271"
"exdqlm_univar_synth","draw_010",143,"2021-12-01","forecast","-1.30824520218683"
"exdqlm_univar_synth","draw_010",143,"2021-12-02","forecast","-1.40657799108002"
"exdqlm_univar_synth","draw_010",143,"2021-12-03","forecast","-1.03070173888598"
"exdqlm_univar_synth","draw_010",143,"2021-12-04","forecast","-1.12713479318994"
"exdqlm_univar_synth","draw_010",143,"2021-12-05","forecast","-0.992035105427863"
"exdqlm_univar_synth","draw_010",143,"2021-12-06","forecast","-1.17486073141763"
"exdqlm_univar_synth","draw_010",143,"2021-12-07","forecast","-1.07089897343011"
"exdqlm_univar_synth","draw_010",143,"2021-12-08","forecast","-1.05638683572449"
"exdqlm_univar_synth","draw_010",143,"2021-12-09","forecast","-0.790245755312265"
"exdqlm_univar_synth","draw_010",143,"2021-12-10","forecast","-0.982277603839586"
"exdqlm_univar_synth","draw_011",158,"2021-11-13","forecast","-0.447314800427738"
"exdqlm_univar_synth","draw_011",158,"2021-11-14","forecast","-0.493238257818639"
"exdqlm_univar_synth","draw_011",158,"2021-11-15","forecast","-0.399218626457356"
"exdqlm_univar_synth","draw_011",158,"2021-11-16","forecast","-0.624698136339669"
"exdqlm_univar_synth","draw_011",158,"2021-11-17","forecast","-0.605250757920255"
"exdqlm_univar_synth","draw_011",158,"2021-11-18","forecast","-0.570351299417469"
"exdqlm_univar_synth","draw_011",158,"2021-11-19","forecast","-0.888930683514443"
"exdqlm_univar_synth","draw_011",158,"2021-11-20","forecast","-0.806087289628593"
"exdqlm_univar_synth","draw_011",158,"2021-11-21","forecast","-0.722615121032122"
"exdqlm_univar_synth","draw_011",158,"2021-11-22","forecast","-1.19293611794214"
"exdqlm_univar_synth","draw_011",158,"2021-11-23","forecast","-1.14558131023414"
"exdqlm_univar_synth","draw_011",158,"2021-11-24","forecast","-0.854855809456144"
"exdqlm_univar_synth","draw_011",158,"2021-11-25","forecast","-1.27223637162369"
"exdqlm_univar_synth","draw_011",158,"2021-11-26","forecast","-0.944047631539752"
"exdqlm_univar_synth","draw_011",158,"2021-11-27","forecast","-1.12827937249101"
"exdqlm_univar_synth","draw_011",158,"2021-11-28","forecast","-0.929576731281912"
"exdqlm_univar_synth","draw_011",158,"2021-11-29","forecast","-1.46417180804235"
"exdqlm_univar_synth","draw_011",158,"2021-11-30","forecast","-1.08894264535358"
"exdqlm_univar_synth","draw_011",158,"2021-12-01","forecast","-0.969615173305394"
"exdqlm_univar_synth","draw_011",158,"2021-12-02","forecast","-1.07999778912050"
"exdqlm_univar_synth","draw_011",158,"2021-12-03","forecast","-1.40353523913172"
"exdqlm_univar_synth","draw_011",158,"2021-12-04","forecast","-1.16884793390307"
"exdqlm_univar_synth","draw_011",158,"2021-12-05","forecast","-1.06315974891909"
"exdqlm_univar_synth","draw_011",158,"2021-12-06","forecast","-1.17282810476731"
"exdqlm_univar_synth","draw_011",158,"2021-12-07","forecast","-1.07086310722446"
"exdqlm_univar_synth","draw_011",158,"2021-12-08","forecast","-1.81561931181167"
"exdqlm_univar_synth","draw_011",158,"2021-12-09","forecast","-0.719961047173880"
"exdqlm_univar_synth","draw_011",158,"2021-12-10","forecast","-1.53132396740956"
"exdqlm_univar_synth","draw_012",174,"2021-11-13","forecast","-0.715663731245770"
"exdqlm_univar_synth","draw_012",174,"2021-11-14","forecast","-0.610360667620152"
"exdqlm_univar_synth","draw_012",174,"2021-11-15","forecast","-0.292823197841937"
"exdqlm_univar_synth","draw_012",174,"2021-11-16","forecast","-0.463920658313077"
"exdqlm_univar_synth","draw_012",174,"2021-11-17","forecast","-0.868499597081471"
"exdqlm_univar_synth","draw_012",174,"2021-11-18","forecast","-0.911773382959409"
"exdqlm_univar_synth","draw_012",174,"2021-11-19","forecast","-0.782967873260227"
"exdqlm_univar_synth","draw_012",174,"2021-11-20","forecast","-0.848823128469682"
"exdqlm_univar_synth","draw_012",174,"2021-11-21","forecast","-0.915673847120954"
"exdqlm_univar_synth","draw_012",174,"2021-11-22","forecast","-1.07184102530812"
"exdqlm_univar_synth","draw_012",174,"2021-11-23","forecast","-0.669550147023056"
"exdqlm_univar_synth","draw_012",174,"2021-11-24","forecast","-1.00355591116926"
"exdqlm_univar_synth","draw_012",174,"2021-11-25","forecast","-0.989853374086766"
"exdqlm_univar_synth","draw_012",174,"2021-11-26","forecast","-0.855040923289438"
"exdqlm_univar_synth","draw_012",174,"2021-11-27","forecast","-1.02226619196298"
"exdqlm_univar_synth","draw_012",174,"2021-11-28","forecast","-1.07024719084592"
"exdqlm_univar_synth","draw_012",174,"2021-11-29","forecast","-1.09881108016068"
"exdqlm_univar_synth","draw_012",174,"2021-11-30","forecast","-0.987872383020773"
"exdqlm_univar_synth","draw_012",174,"2021-12-01","forecast","-1.02427587772578"
"exdqlm_univar_synth","draw_012",174,"2021-12-02","forecast","-0.225405184348425"
"exdqlm_univar_synth","draw_012",174,"2021-12-03","forecast","-1.35843390954356"
"exdqlm_univar_synth","draw_012",174,"2021-12-04","forecast","-1.35259315093961"
"exdqlm_univar_synth","draw_012",174,"2021-12-05","forecast","-1.34464432880198"
"exdqlm_univar_synth","draw_012",174,"2021-12-06","forecast","-1.61671750131159"
"exdqlm_univar_synth","draw_012",174,"2021-12-07","forecast","-1.15004791334233"
"exdqlm_univar_synth","draw_012",174,"2021-12-08","forecast","-1.05369084412508"
"exdqlm_univar_synth","draw_012",174,"2021-12-09","forecast","-0.776606161695874"
"exdqlm_univar_synth","draw_012",174,"2021-12-10","forecast","-0.959144664498306"
"exdqlm_univar_synth","draw_013",190,"2021-11-13","forecast","-0.748031200535125"
"exdqlm_univar_synth","draw_013",190,"2021-11-14","forecast","-0.616019981959631"
"exdqlm_univar_synth","draw_013",190,"2021-11-15","forecast","-0.720522363798251"
"exdqlm_univar_synth","draw_013",190,"2021-11-16","forecast","-0.730250487444693"
"exdqlm_univar_synth","draw_013",190,"2021-11-17","forecast","-0.614699215352628"
"exdqlm_univar_synth","draw_013",190,"2021-11-18","forecast","-0.590920544488899"
"exdqlm_univar_synth","draw_013",190,"2021-11-19","forecast","-1.02027125064976"
"exdqlm_univar_synth","draw_013",190,"2021-11-20","forecast","-0.968402014120555"
"exdqlm_univar_synth","draw_013",190,"2021-11-21","forecast","-0.729519101134990"
"exdqlm_univar_synth","draw_013",190,"2021-11-22","forecast","-1.25882388113699"
"exdqlm_univar_synth","draw_013",190,"2021-11-23","forecast","-0.735398270382414"
"exdqlm_univar_synth","draw_013",190,"2021-11-24","forecast","-0.864919261852695"
"exdqlm_univar_synth","draw_013",190,"2021-11-25","forecast","-1.02405682991503"
"exdqlm_univar_synth","draw_013",190,"2021-11-26","forecast","-1.05985925996350"
"exdqlm_univar_synth","draw_013",190,"2021-11-27","forecast","-1.03302396385950"
"exdqlm_univar_synth","draw_013",190,"2021-11-28","forecast","-1.08218966312069"
"exdqlm_univar_synth","draw_013",190,"2021-11-29","forecast","-1.08561770664191"
"exdqlm_univar_synth","draw_013",190,"2021-11-30","forecast","-1.00413522940171"
"exdqlm_univar_synth","draw_013",190,"2021-12-01","forecast","-1.02045531218884"
"exdqlm_univar_synth","draw_013",190,"2021-12-02","forecast","-1.53758544490470"
"exdqlm_univar_synth","draw_013",190,"2021-12-03","forecast","-1.03640157234635"
"exdqlm_univar_synth","draw_013",190,"2021-12-04","forecast","-1.07379365761543"
"exdqlm_univar_synth","draw_013",190,"2021-12-05","forecast","-1.26186296465802"
"exdqlm_univar_synth","draw_013",190,"2021-12-06","forecast","-1.51467245901041"
"exdqlm_univar_synth","draw_013",190,"2021-12-07","forecast","-1.07096630095864"
"exdqlm_univar_synth","draw_013",190,"2021-12-08","forecast","-1.64536411026084"
"exdqlm_univar_synth","draw_013",190,"2021-12-09","forecast","-1.22010579560096"
"exdqlm_univar_synth","draw_013",190,"2021-12-10","forecast","-1.25574915587909"
"exdqlm_univar_synth","draw_014",206,"2021-11-13","forecast","-0.502310884344795"
"exdqlm_univar_synth","draw_014",206,"2021-11-14","forecast","-0.473975032962567"
"exdqlm_univar_synth","draw_014",206,"2021-11-15","forecast","-0.636551606257114"
"exdqlm_univar_synth","draw_014",206,"2021-11-16","forecast","-0.457981036378207"
"exdqlm_univar_synth","draw_014",206,"2021-11-17","forecast","-0.701947596691845"
"exdqlm_univar_synth","draw_014",206,"2021-11-18","forecast","-0.776208360548717"
"exdqlm_univar_synth","draw_014",206,"2021-11-19","forecast","-1.01717465336500"
"exdqlm_univar_synth","draw_014",206,"2021-11-20","forecast","-0.965179704269879"
"exdqlm_univar_synth","draw_014",206,"2021-11-21","forecast","-0.818084269926365"
"exdqlm_univar_synth","draw_014",206,"2021-11-22","forecast","-0.922787822425424"
"exdqlm_univar_synth","draw_014",206,"2021-11-23","forecast","-0.926082979286183"
"exdqlm_univar_synth","draw_014",206,"2021-11-24","forecast","-0.832444365257830"
"exdqlm_univar_synth","draw_014",206,"2021-11-25","forecast","-0.989690507018497"
"exdqlm_univar_synth","draw_014",206,"2021-11-26","forecast","-0.800925100868271"
"exdqlm_univar_synth","draw_014",206,"2021-11-27","forecast","-1.02066691585718"
"exdqlm_univar_synth","draw_014",206,"2021-11-28","forecast","-0.926039628860859"
"exdqlm_univar_synth","draw_014",206,"2021-11-29","forecast","-1.34821889666719"
"exdqlm_univar_synth","draw_014",206,"2021-11-30","forecast","-1.31291237563499"
"exdqlm_univar_synth","draw_014",206,"2021-12-01","forecast","-1.02852592928962"
"exdqlm_univar_synth","draw_014",206,"2021-12-02","forecast","-0.978028854136008"
"exdqlm_univar_synth","draw_014",206,"2021-12-03","forecast","-1.15652613892003"
"exdqlm_univar_synth","draw_014",206,"2021-12-04","forecast","-0.993473422795943"
"exdqlm_univar_synth","draw_014",206,"2021-12-05","forecast","-1.00109523626124"
"exdqlm_univar_synth","draw_014",206,"2021-12-06","forecast","-1.17505066601896"
"exdqlm_univar_synth","draw_014",206,"2021-12-07","forecast","-1.11534910975416"
"exdqlm_univar_synth","draw_014",206,"2021-12-08","forecast","-1.23666782809374"
"exdqlm_univar_synth","draw_014",206,"2021-12-09","forecast","-0.720771560676472"
"exdqlm_univar_synth","draw_014",206,"2021-12-10","forecast","-0.950310940575261"
"exdqlm_univar_synth","draw_015",221,"2021-11-13","forecast","-0.644746208247229"
"exdqlm_univar_synth","draw_015",221,"2021-11-14","forecast","-0.588210083111193"
"exdqlm_univar_synth","draw_015",221,"2021-11-15","forecast","-0.532028285527512"
"exdqlm_univar_synth","draw_015",221,"2021-11-16","forecast","-0.545270390205675"
"exdqlm_univar_synth","draw_015",221,"2021-11-17","forecast","-0.623766733639661"
"exdqlm_univar_synth","draw_015",221,"2021-11-18","forecast","-0.872404499095648"
"exdqlm_univar_synth","draw_015",221,"2021-11-19","forecast","-0.968548488347100"
"exdqlm_univar_synth","draw_015",221,"2021-11-20","forecast","-0.736541280644429"
"exdqlm_univar_synth","draw_015",221,"2021-11-21","forecast","-1.02720028106429"
"exdqlm_univar_synth","draw_015",221,"2021-11-22","forecast","-1.05310396792363"
"exdqlm_univar_synth","draw_015",221,"2021-11-23","forecast","-1.20407047586797"
"exdqlm_univar_synth","draw_015",221,"2021-11-24","forecast","-1.15020567012807"
"exdqlm_univar_synth","draw_015",221,"2021-11-25","forecast","-1.24459185621907"
"exdqlm_univar_synth","draw_015",221,"2021-11-26","forecast","-0.799063184979824"
"exdqlm_univar_synth","draw_015",221,"2021-11-27","forecast","-1.35139207008552"
"exdqlm_univar_synth","draw_015",221,"2021-11-28","forecast","-1.18466693567462"
"exdqlm_univar_synth","draw_015",221,"2021-11-29","forecast","-0.986815169472270"
"exdqlm_univar_synth","draw_015",221,"2021-11-30","forecast","-1.31231587182892"
"exdqlm_univar_synth","draw_015",221,"2021-12-01","forecast","-1.02375803718758"
"exdqlm_univar_synth","draw_015",221,"2021-12-02","forecast","-0.980169597214738"
"exdqlm_univar_synth","draw_015",221,"2021-12-03","forecast","-1.08425359365910"
"exdqlm_univar_synth","draw_015",221,"2021-12-04","forecast","-0.991085409767608"
"exdqlm_univar_synth","draw_015",221,"2021-12-05","forecast","-0.998525543532224"
"exdqlm_univar_synth","draw_015",221,"2021-12-06","forecast","-1.40180175550745"
"exdqlm_univar_synth","draw_015",221,"2021-12-07","forecast","-1.45597032929290"
"exdqlm_univar_synth","draw_015",221,"2021-12-08","forecast","-1.64862536375329"
"exdqlm_univar_synth","draw_015",221,"2021-12-09","forecast","-0.877294408764390"
"exdqlm_univar_synth","draw_015",221,"2021-12-10","forecast","-0.960661740404975"
"exdqlm_univar_synth","draw_016",237,"2021-11-13","forecast","-0.516242783299160"
"exdqlm_univar_synth","draw_016",237,"2021-11-14","forecast","-0.784189656879442"
"exdqlm_univar_synth","draw_016",237,"2021-11-15","forecast","-0.443319728227393"
"exdqlm_univar_synth","draw_016",237,"2021-11-16","forecast","-0.672221015482048"
"exdqlm_univar_synth","draw_016",237,"2021-11-17","forecast","-0.652410371754365"
"exdqlm_univar_synth","draw_016",237,"2021-11-18","forecast","-0.561952910998912"
"exdqlm_univar_synth","draw_016",237,"2021-11-19","forecast","-0.839619598130650"
"exdqlm_univar_synth","draw_016",237,"2021-11-20","forecast","-0.581338683381953"
"exdqlm_univar_synth","draw_016",237,"2021-11-21","forecast","-0.854780179882103"
"exdqlm_univar_synth","draw_016",237,"2021-11-22","forecast","-1.02446649242180"
"exdqlm_univar_synth","draw_016",237,"2021-11-23","forecast","-0.795651358487767"
"exdqlm_univar_synth","draw_016",237,"2021-11-24","forecast","-0.839557045269098"
"exdqlm_univar_synth","draw_016",237,"2021-11-25","forecast","-0.992966609289486"
"exdqlm_univar_synth","draw_016",237,"2021-11-26","forecast","-1.30572267745516"
"exdqlm_univar_synth","draw_016",237,"2021-11-27","forecast","-1.35169125711611"
"exdqlm_univar_synth","draw_016",237,"2021-11-28","forecast","-1.41032955268927"
"exdqlm_univar_synth","draw_016",237,"2021-11-29","forecast","-1.09864109497397"
"exdqlm_univar_synth","draw_016",237,"2021-11-30","forecast","-1.26477278557211"
"exdqlm_univar_synth","draw_016",237,"2021-12-01","forecast","-1.22571565145065"
"exdqlm_univar_synth","draw_016",237,"2021-12-02","forecast","-1.01914700795529"
"exdqlm_univar_synth","draw_016",237,"2021-12-03","forecast","-1.44457863330553"
"exdqlm_univar_synth","draw_016",237,"2021-12-04","forecast","-1.51484345287628"
"exdqlm_univar_synth","draw_016",237,"2021-12-05","forecast","-1.52324182153453"
"exdqlm_univar_synth","draw_016",237,"2021-12-06","forecast","-1.40389177481072"
"exdqlm_univar_synth","draw_016",237,"2021-12-07","forecast","-1.34129851570310"
"exdqlm_univar_synth","draw_016",237,"2021-12-08","forecast","-1.07078928414554"
"exdqlm_univar_synth","draw_016",237,"2021-12-09","forecast","-0.721684413882396"
"exdqlm_univar_synth","draw_016",237,"2021-12-10","forecast","-0.988419596078406"
"exdqlm_univar_synth","draw_017",253,"2021-11-13","forecast","-0.709063553882678"
"exdqlm_univar_synth","draw_017",253,"2021-11-14","forecast","-0.520323234587091"
"exdqlm_univar_synth","draw_017",253,"2021-11-15","forecast","-0.418661056319522"
"exdqlm_univar_synth","draw_017",253,"2021-11-16","forecast","-0.719637166600708"
"exdqlm_univar_synth","draw_017",253,"2021-11-17","forecast","-0.689493249204565"
"exdqlm_univar_synth","draw_017",253,"2021-11-18","forecast","-0.749218695501340"
"exdqlm_univar_synth","draw_017",253,"2021-11-19","forecast","-0.789998523234936"
"exdqlm_univar_synth","draw_017",253,"2021-11-20","forecast","-1.12256946705939"
"exdqlm_univar_synth","draw_017",253,"2021-11-21","forecast","-1.03050713862519"
"exdqlm_univar_synth","draw_017",253,"2021-11-22","forecast","-0.920609198858424"
"exdqlm_univar_synth","draw_017",253,"2021-11-23","forecast","-1.01960866238045"
"exdqlm_univar_synth","draw_017",253,"2021-11-24","forecast","-0.805115803237227"
"exdqlm_univar_synth","draw_017",253,"2021-11-25","forecast","-1.30086468570767"
"exdqlm_univar_synth","draw_017",253,"2021-11-26","forecast","-1.03619502819369"
"exdqlm_univar_synth","draw_017",253,"2021-11-27","forecast","-1.31142194366663"
"exdqlm_univar_synth","draw_017",253,"2021-11-28","forecast","-1.08531834534346"
"exdqlm_univar_synth","draw_017",253,"2021-11-29","forecast","-1.10852283684657"
"exdqlm_univar_synth","draw_017",253,"2021-11-30","forecast","-1.00771730633456"
"exdqlm_univar_synth","draw_017",253,"2021-12-01","forecast","-1.27577854753072"
"exdqlm_univar_synth","draw_017",253,"2021-12-02","forecast","-0.991616019713414"
"exdqlm_univar_synth","draw_017",253,"2021-12-03","forecast","-1.22381151500007"
"exdqlm_univar_synth","draw_017",253,"2021-12-04","forecast","-0.993187008083302"
"exdqlm_univar_synth","draw_017",253,"2021-12-05","forecast","-1.42441249311274"
"exdqlm_univar_synth","draw_017",253,"2021-12-06","forecast","-1.17575386071913"
"exdqlm_univar_synth","draw_017",253,"2021-12-07","forecast","-1.11051190994361"
"exdqlm_univar_synth","draw_017",253,"2021-12-08","forecast","-1.05651005505657"
"exdqlm_univar_synth","draw_017",253,"2021-12-09","forecast","-1.18680009555968"
"exdqlm_univar_synth","draw_017",253,"2021-12-10","forecast","-0.963544077365521"
"exdqlm_univar_synth","draw_018",269,"2021-11-13","forecast","-0.721962596916608"
"exdqlm_univar_synth","draw_018",269,"2021-11-14","forecast","-0.343523767285995"
"exdqlm_univar_synth","draw_018",269,"2021-11-15","forecast","-0.458439944608795"
"exdqlm_univar_synth","draw_018",269,"2021-11-16","forecast","-0.488180231970835"
"exdqlm_univar_synth","draw_018",269,"2021-11-17","forecast","-0.781699525619633"
"exdqlm_univar_synth","draw_018",269,"2021-11-18","forecast","-0.815963859340667"
"exdqlm_univar_synth","draw_018",269,"2021-11-19","forecast","-0.908216571644928"
"exdqlm_univar_synth","draw_018",269,"2021-11-20","forecast","-0.732946833511218"
"exdqlm_univar_synth","draw_018",269,"2021-11-21","forecast","-0.731765056808306"
"exdqlm_univar_synth","draw_018",269,"2021-11-22","forecast","-0.947032788025237"
"exdqlm_univar_synth","draw_018",269,"2021-11-23","forecast","-0.759324736788275"
"exdqlm_univar_synth","draw_018",269,"2021-11-24","forecast","-1.17708464955768"
"exdqlm_univar_synth","draw_018",269,"2021-11-25","forecast","-1.11505056906003"
"exdqlm_univar_synth","draw_018",269,"2021-11-26","forecast","-1.19018195777541"
"exdqlm_univar_synth","draw_018",269,"2021-11-27","forecast","-1.01691432392533"
"exdqlm_univar_synth","draw_018",269,"2021-11-28","forecast","-1.38746923874400"
"exdqlm_univar_synth","draw_018",269,"2021-11-29","forecast","-1.44913267640881"
"exdqlm_univar_synth","draw_018",269,"2021-11-30","forecast","-1.02636268146657"
"exdqlm_univar_synth","draw_018",269,"2021-12-01","forecast","-1.26798961981841"
"exdqlm_univar_synth","draw_018",269,"2021-12-02","forecast","-1.08677264544913"
"exdqlm_univar_synth","draw_018",269,"2021-12-03","forecast","-1.03784236341025"
"exdqlm_univar_synth","draw_018",269,"2021-12-04","forecast","-1.15587072943442"
"exdqlm_univar_synth","draw_018",269,"2021-12-05","forecast","-1.39780053025132"
"exdqlm_univar_synth","draw_018",269,"2021-12-06","forecast","-1.19006938993022"
"exdqlm_univar_synth","draw_018",269,"2021-12-07","forecast","-1.09359758298336"
"exdqlm_univar_synth","draw_018",269,"2021-12-08","forecast","-1.05578276629875"
"exdqlm_univar_synth","draw_018",269,"2021-12-09","forecast","-0.720699035346301"
"exdqlm_univar_synth","draw_018",269,"2021-12-10","forecast","-0.988265730919487"
"exdqlm_univar_synth","draw_019",284,"2021-11-13","forecast","-0.716685240051363"
"exdqlm_univar_synth","draw_019",284,"2021-11-14","forecast","-0.655976991088787"
"exdqlm_univar_synth","draw_019",284,"2021-11-15","forecast","-0.652249759457512"
"exdqlm_univar_synth","draw_019",284,"2021-11-16","forecast","-0.668825682353981"
"exdqlm_univar_synth","draw_019",284,"2021-11-17","forecast","-0.626288790638116"
"exdqlm_univar_synth","draw_019",284,"2021-11-18","forecast","-0.903793893190893"
"exdqlm_univar_synth","draw_019",284,"2021-11-19","forecast","-1.15974181245059"
"exdqlm_univar_synth","draw_019",284,"2021-11-20","forecast","-0.745794803750341"
"exdqlm_univar_synth","draw_019",284,"2021-11-21","forecast","-0.758893128884159"
"exdqlm_univar_synth","draw_019",284,"2021-11-22","forecast","-0.921473404418580"
"exdqlm_univar_synth","draw_019",284,"2021-11-23","forecast","-0.998859632662244"
"exdqlm_univar_synth","draw_019",284,"2021-11-24","forecast","-1.00594607011117"
"exdqlm_univar_synth","draw_019",284,"2021-11-25","forecast","-1.03386621928961"
"exdqlm_univar_synth","draw_019",284,"2021-11-26","forecast","-1.25237989214619"
"exdqlm_univar_synth","draw_019",284,"2021-11-27","forecast","-1.01969858657135"
"exdqlm_univar_synth","draw_019",284,"2021-11-28","forecast","-0.925663786932385"
"exdqlm_univar_synth","draw_019",284,"2021-11-29","forecast","-1.27568557874056"
"exdqlm_univar_synth","draw_019",284,"2021-11-30","forecast","-1.56489885235197"
"exdqlm_univar_synth","draw_019",284,"2021-12-01","forecast","-1.01135035971893"
"exdqlm_univar_synth","draw_019",284,"2021-12-02","forecast","-1.34757590719401"
"exdqlm_univar_synth","draw_019",284,"2021-12-03","forecast","-1.03198458147755"
"exdqlm_univar_synth","draw_019",284,"2021-12-04","forecast","-0.993370654149244"
"exdqlm_univar_synth","draw_019",284,"2021-12-05","forecast","-1.32639604023059"
"exdqlm_univar_synth","draw_019",284,"2021-12-06","forecast","-1.17613006246038"
"exdqlm_univar_synth","draw_019",284,"2021-12-07","forecast","-1.06904828446728"
"exdqlm_univar_synth","draw_019",284,"2021-12-08","forecast","-1.01025114494941"
"exdqlm_univar_synth","draw_019",284,"2021-12-09","forecast","-0.781666338314758"
"exdqlm_univar_synth","draw_019",284,"2021-12-10","forecast","-1.45753312194966"
"exdqlm_univar_synth","draw_020",300,"2021-11-13","forecast","-0.474095318364827"
"exdqlm_univar_synth","draw_020",300,"2021-11-14","forecast","-0.693693433948303"
"exdqlm_univar_synth","draw_020",300,"2021-11-15","forecast","-0.312104442650970"
"exdqlm_univar_synth","draw_020",300,"2021-11-16","forecast","-0.605354037731103"
"exdqlm_univar_synth","draw_020",300,"2021-11-17","forecast","-0.967133436883754"
"exdqlm_univar_synth","draw_020",300,"2021-11-18","forecast","-0.765290028718394"
"exdqlm_univar_synth","draw_020",300,"2021-11-19","forecast","-1.11499913733457"
"exdqlm_univar_synth","draw_020",300,"2021-11-20","forecast","-0.735556005399047"
"exdqlm_univar_synth","draw_020",300,"2021-11-21","forecast","-0.776693698750722"
"exdqlm_univar_synth","draw_020",300,"2021-11-22","forecast","-1.26692413235540"
"exdqlm_univar_synth","draw_020",300,"2021-11-23","forecast","-0.757470514793406"
"exdqlm_univar_synth","draw_020",300,"2021-11-24","forecast","-0.971484705691302"
"exdqlm_univar_synth","draw_020",300,"2021-11-25","forecast","-1.38906658821049"
"exdqlm_univar_synth","draw_020",300,"2021-11-26","forecast","-1.00043759371637"
"exdqlm_univar_synth","draw_020",300,"2021-11-27","forecast","-1.33966488538162"
"exdqlm_univar_synth","draw_020",300,"2021-11-28","forecast","-1.35256664399379"
"exdqlm_univar_synth","draw_020",300,"2021-11-29","forecast","-1.16954625625905"
"exdqlm_univar_synth","draw_020",300,"2021-11-30","forecast","-0.998660283069350"
"exdqlm_univar_synth","draw_020",300,"2021-12-01","forecast","-1.02247665890328"
"exdqlm_univar_synth","draw_020",300,"2021-12-02","forecast","-0.981715024805614"
"exdqlm_univar_synth","draw_020",300,"2021-12-03","forecast","-1.02748284311697"
"exdqlm_univar_synth","draw_020",300,"2021-12-04","forecast","-0.994821443150709"
"exdqlm_univar_synth","draw_020",300,"2021-12-05","forecast","-1.15496969460839"
"exdqlm_univar_synth","draw_020",300,"2021-12-06","forecast","-1.18365982775835"
"exdqlm_univar_synth","draw_020",300,"2021-12-07","forecast","-1.25836054920407"
"exdqlm_univar_synth","draw_020",300,"2021-12-08","forecast","-1.25441818683241"
"exdqlm_univar_synth","draw_020",300,"2021-12-09","forecast","-0.760864907072100"
"exdqlm_univar_synth","draw_020",300,"2021-12-10","forecast","-0.957570598154191"
"exdqlm_univar_synth","draw_021",316,"2021-11-13","forecast","-0.549834924776957"
"exdqlm_univar_synth","draw_021",316,"2021-11-14","forecast","-0.681655886109733"
"exdqlm_univar_synth","draw_021",316,"2021-11-15","forecast","-0.436778871524377"
"exdqlm_univar_synth","draw_021",316,"2021-11-16","forecast","-0.497961697591900"
"exdqlm_univar_synth","draw_021",316,"2021-11-17","forecast","-0.706530565569771"
"exdqlm_univar_synth","draw_021",316,"2021-11-18","forecast","-0.529024675971001"
"exdqlm_univar_synth","draw_021",316,"2021-11-19","forecast","-0.953018798994170"
"exdqlm_univar_synth","draw_021",316,"2021-11-20","forecast","-0.736448468080226"
"exdqlm_univar_synth","draw_021",316,"2021-11-21","forecast","-0.726382817159095"
"exdqlm_univar_synth","draw_021",316,"2021-11-22","forecast","-1.30849909007663"
"exdqlm_univar_synth","draw_021",316,"2021-11-23","forecast","-0.891347408104119"
"exdqlm_univar_synth","draw_021",316,"2021-11-24","forecast","-1.10330789390518"
"exdqlm_univar_synth","draw_021",316,"2021-11-25","forecast","-1.15989292258871"
"exdqlm_univar_synth","draw_021",316,"2021-11-26","forecast","-1.25602291996996"
"exdqlm_univar_synth","draw_021",316,"2021-11-27","forecast","-1.03318343701053"
"exdqlm_univar_synth","draw_021",316,"2021-11-28","forecast","-1.13422711000449"
"exdqlm_univar_synth","draw_021",316,"2021-11-29","forecast","-1.09283652530324"
"exdqlm_univar_synth","draw_021",316,"2021-11-30","forecast","-1.00494695764840"
"exdqlm_univar_synth","draw_021",316,"2021-12-01","forecast","-1.01782968747732"
"exdqlm_univar_synth","draw_021",316,"2021-12-02","forecast","-1.27281248189623"
"exdqlm_univar_synth","draw_021",316,"2021-12-03","forecast","-1.03764793343791"
"exdqlm_univar_synth","draw_021",316,"2021-12-04","forecast","-1.38660588428936"
"exdqlm_univar_synth","draw_021",316,"2021-12-05","forecast","-1.08348172585348"
"exdqlm_univar_synth","draw_021",316,"2021-12-06","forecast","-1.52095260682818"
"exdqlm_univar_synth","draw_021",316,"2021-12-07","forecast","-1.11064463953317"
"exdqlm_univar_synth","draw_021",316,"2021-12-08","forecast","-1.05508805062699"
"exdqlm_univar_synth","draw_021",316,"2021-12-09","forecast","-0.721762313854498"
"exdqlm_univar_synth","draw_021",316,"2021-12-10","forecast","-0.956168273442612"
"exdqlm_univar_synth","draw_022",332,"2021-11-13","forecast","-0.437200992916888"
"exdqlm_univar_synth","draw_022",332,"2021-11-14","forecast","-0.416162928554864"
"exdqlm_univar_synth","draw_022",332,"2021-11-15","forecast","-0.397178419923791"
"exdqlm_univar_synth","draw_022",332,"2021-11-16","forecast","-0.830408332486659"
"exdqlm_univar_synth","draw_022",332,"2021-11-17","forecast","-0.619024940054743"
"exdqlm_univar_synth","draw_022",332,"2021-11-18","forecast","-0.885140174751204"
"exdqlm_univar_synth","draw_022",332,"2021-11-19","forecast","-0.938347598010855"
"exdqlm_univar_synth","draw_022",332,"2021-11-20","forecast","-0.910319230572117"
"exdqlm_univar_synth","draw_022",332,"2021-11-21","forecast","-1.01561818611030"
"exdqlm_univar_synth","draw_022",332,"2021-11-22","forecast","-0.907631943708763"
"exdqlm_univar_synth","draw_022",332,"2021-11-23","forecast","-0.793664423628569"
"exdqlm_univar_synth","draw_022",332,"2021-11-24","forecast","-0.832792592940047"
"exdqlm_univar_synth","draw_022",332,"2021-11-25","forecast","-1.27663945510489"
"exdqlm_univar_synth","draw_022",332,"2021-11-26","forecast","-0.800501770636540"
"exdqlm_univar_synth","draw_022",332,"2021-11-27","forecast","-1.23390033765288"
"exdqlm_univar_synth","draw_022",332,"2021-11-28","forecast","-0.925412388926068"
"exdqlm_univar_synth","draw_022",332,"2021-11-29","forecast","-1.33112410374417"
"exdqlm_univar_synth","draw_022",332,"2021-11-30","forecast","-1.01339959992018"
"exdqlm_univar_synth","draw_022",332,"2021-12-01","forecast","-1.01879618027492"
"exdqlm_univar_synth","draw_022",332,"2021-12-02","forecast","-0.979035601000938"
"exdqlm_univar_synth","draw_022",332,"2021-12-03","forecast","-1.03458858279366"
"exdqlm_univar_synth","draw_022",332,"2021-12-04","forecast","-1.41309784582413"
"exdqlm_univar_synth","draw_022",332,"2021-12-05","forecast","-1.04582053777295"
"exdqlm_univar_synth","draw_022",332,"2021-12-06","forecast","-1.48635332198299"
"exdqlm_univar_synth","draw_022",332,"2021-12-07","forecast","-1.67995671174275"
"exdqlm_univar_synth","draw_022",332,"2021-12-08","forecast","-1.08643901377060"
"exdqlm_univar_synth","draw_022",332,"2021-12-09","forecast","-0.719100288589569"
"exdqlm_univar_synth","draw_022",332,"2021-12-10","forecast","-1.41353372393083"
"exdqlm_univar_synth","draw_023",347,"2021-11-13","forecast","-0.451700351193869"
"exdqlm_univar_synth","draw_023",347,"2021-11-14","forecast","-0.500843724169386"
"exdqlm_univar_synth","draw_023",347,"2021-11-15","forecast","-0.612400779087196"
"exdqlm_univar_synth","draw_023",347,"2021-11-16","forecast","-0.752280081126186"
"exdqlm_univar_synth","draw_023",347,"2021-11-17","forecast","-0.848820331779633"
"exdqlm_univar_synth","draw_023",347,"2021-11-18","forecast","-0.561949528044967"
"exdqlm_univar_synth","draw_023",347,"2021-11-19","forecast","-0.776623420017452"
"exdqlm_univar_synth","draw_023",347,"2021-11-20","forecast","-0.674826715035266"
"exdqlm_univar_synth","draw_023",347,"2021-11-21","forecast","-0.885440989734035"
"exdqlm_univar_synth","draw_023",347,"2021-11-22","forecast","-1.12674793139503"
"exdqlm_univar_synth","draw_023",347,"2021-11-23","forecast","-0.971826547578390"
"exdqlm_univar_synth","draw_023",347,"2021-11-24","forecast","-0.839861693600905"
"exdqlm_univar_synth","draw_023",347,"2021-11-25","forecast","-1.10964225926837"
"exdqlm_univar_synth","draw_023",347,"2021-11-26","forecast","-0.941671827775906"
"exdqlm_univar_synth","draw_023",347,"2021-11-27","forecast","-1.18706925995472"
"exdqlm_univar_synth","draw_023",347,"2021-11-28","forecast","-0.928908225606991"
"exdqlm_univar_synth","draw_023",347,"2021-11-29","forecast","-1.09739641966660"
"exdqlm_univar_synth","draw_023",347,"2021-11-30","forecast","-1.36756843337728"
"exdqlm_univar_synth","draw_023",347,"2021-12-01","forecast","-1.01374204379396"
"exdqlm_univar_synth","draw_023",347,"2021-12-02","forecast","-1.13182433020505"
"exdqlm_univar_synth","draw_023",347,"2021-12-03","forecast","-1.41074088022895"
"exdqlm_univar_synth","draw_023",347,"2021-12-04","forecast","-1.02476375105259"
"exdqlm_univar_synth","draw_023",347,"2021-12-05","forecast","-1.03860650405682"
"exdqlm_univar_synth","draw_023",347,"2021-12-06","forecast","-1.19596306421505"
"exdqlm_univar_synth","draw_023",347,"2021-12-07","forecast","-1.42615199673702"
"exdqlm_univar_synth","draw_023",347,"2021-12-08","forecast","-1.07764744132658"
"exdqlm_univar_synth","draw_023",347,"2021-12-09","forecast","-0.720474487066444"
"exdqlm_univar_synth","draw_023",347,"2021-12-10","forecast","-1.24182699286088"
"exdqlm_univar_synth","draw_024",363,"2021-11-13","forecast","-0.726704183518788"
"exdqlm_univar_synth","draw_024",363,"2021-11-14","forecast","-0.765403038566950"
"exdqlm_univar_synth","draw_024",363,"2021-11-15","forecast","-0.792603617949643"
"exdqlm_univar_synth","draw_024",363,"2021-11-16","forecast","-0.776194575976871"
"exdqlm_univar_synth","draw_024",363,"2021-11-17","forecast","-0.900783998192394"
"exdqlm_univar_synth","draw_024",363,"2021-11-18","forecast","-0.828439686995775"
"exdqlm_univar_synth","draw_024",363,"2021-11-19","forecast","-0.971094543800489"
"exdqlm_univar_synth","draw_024",363,"2021-11-20","forecast","-0.838230284848159"
"exdqlm_univar_synth","draw_024",363,"2021-11-21","forecast","-1.04269650061296"
"exdqlm_univar_synth","draw_024",363,"2021-11-22","forecast","-0.923859377603347"
"exdqlm_univar_synth","draw_024",363,"2021-11-23","forecast","-1.11145166615008"
"exdqlm_univar_synth","draw_024",363,"2021-11-24","forecast","-1.11973333237761"
"exdqlm_univar_synth","draw_024",363,"2021-11-25","forecast","-0.992396996723474"
"exdqlm_univar_synth","draw_024",363,"2021-11-26","forecast","-0.777342719911507"
"exdqlm_univar_synth","draw_024",363,"2021-11-27","forecast","-1.02110425962026"
"exdqlm_univar_synth","draw_024",363,"2021-11-28","forecast","-1.38024388741210"
"exdqlm_univar_synth","draw_024",363,"2021-11-29","forecast","-1.08871232908348"
"exdqlm_univar_synth","draw_024",363,"2021-11-30","forecast","-1.14992160237718"
"exdqlm_univar_synth","draw_024",363,"2021-12-01","forecast","-1.02272432799077"
"exdqlm_univar_synth","draw_024",363,"2021-12-02","forecast","-1.33101894310944"
"exdqlm_univar_synth","draw_024",363,"2021-12-03","forecast","-1.21300956959501"
"exdqlm_univar_synth","draw_024",363,"2021-12-04","forecast","-1.02254030669208"
"exdqlm_univar_synth","draw_024",363,"2021-12-05","forecast","-0.996786160903346"
"exdqlm_univar_synth","draw_024",363,"2021-12-06","forecast","-1.19778756671920"
"exdqlm_univar_synth","draw_024",363,"2021-12-07","forecast","-1.55602416302862"
"exdqlm_univar_synth","draw_024",363,"2021-12-08","forecast","-1.26836405107032"
"exdqlm_univar_synth","draw_024",363,"2021-12-09","forecast","-0.910754356899345"
"exdqlm_univar_synth","draw_024",363,"2021-12-10","forecast","-0.957800417007012"
"exdqlm_univar_synth","draw_025",379,"2021-11-13","forecast","-0.527810192582321"
"exdqlm_univar_synth","draw_025",379,"2021-11-14","forecast","-0.690044204830830"
"exdqlm_univar_synth","draw_025",379,"2021-11-15","forecast","-0.436849633283797"
"exdqlm_univar_synth","draw_025",379,"2021-11-16","forecast","-0.483840375891617"
"exdqlm_univar_synth","draw_025",379,"2021-11-17","forecast","-0.617384291375679"
"exdqlm_univar_synth","draw_025",379,"2021-11-18","forecast","-0.459270290446842"
"exdqlm_univar_synth","draw_025",379,"2021-11-19","forecast","-1.03989547489230"
"exdqlm_univar_synth","draw_025",379,"2021-11-20","forecast","-0.735120045150824"
"exdqlm_univar_synth","draw_025",379,"2021-11-21","forecast","-0.739335655493518"
"exdqlm_univar_synth","draw_025",379,"2021-11-22","forecast","-0.926869387182812"
"exdqlm_univar_synth","draw_025",379,"2021-11-23","forecast","-0.956250471761291"
"exdqlm_univar_synth","draw_025",379,"2021-11-24","forecast","-0.917265411813100"
"exdqlm_univar_synth","draw_025",379,"2021-11-25","forecast","-0.990277937064145"
"exdqlm_univar_synth","draw_025",379,"2021-11-26","forecast","-0.794461366641766"
"exdqlm_univar_synth","draw_025",379,"2021-11-27","forecast","-1.02349993183081"
"exdqlm_univar_synth","draw_025",379,"2021-11-28","forecast","-0.846008294404485"
"exdqlm_univar_synth","draw_025",379,"2021-11-29","forecast","-1.10040140600717"
"exdqlm_univar_synth","draw_025",379,"2021-11-30","forecast","-0.998505066915504"
"exdqlm_univar_synth","draw_025",379,"2021-12-01","forecast","-1.04027413962065"
"exdqlm_univar_synth","draw_025",379,"2021-12-02","forecast","-0.981820832532547"
"exdqlm_univar_synth","draw_025",379,"2021-12-03","forecast","-1.03073694712648"
"exdqlm_univar_synth","draw_025",379,"2021-12-04","forecast","-1.10589843423312"
"exdqlm_univar_synth","draw_025",379,"2021-12-05","forecast","-0.998951526555225"
"exdqlm_univar_synth","draw_025",379,"2021-12-06","forecast","-1.30375279878165"
"exdqlm_univar_synth","draw_025",379,"2021-12-07","forecast","-1.09035995271253"
"exdqlm_univar_synth","draw_025",379,"2021-12-08","forecast","-1.43373773678147"
"exdqlm_univar_synth","draw_025",379,"2021-12-09","forecast","-0.719370447337364"
"exdqlm_univar_synth","draw_025",379,"2021-12-10","forecast","-0.950130003849977"
"exdqlm_univar_synth","draw_026",395,"2021-11-13","forecast","-0.447272482490711"
"exdqlm_univar_synth","draw_026",395,"2021-11-14","forecast","-0.419672798876286"
"exdqlm_univar_synth","draw_026",395,"2021-11-15","forecast","-0.394930564378298"
"exdqlm_univar_synth","draw_026",395,"2021-11-16","forecast","-0.676491349526586"
"exdqlm_univar_synth","draw_026",395,"2021-11-17","forecast","-0.920714174445271"
"exdqlm_univar_synth","draw_026",395,"2021-11-18","forecast","-0.660853611777862"
"exdqlm_univar_synth","draw_026",395,"2021-11-19","forecast","-0.803437228534398"
"exdqlm_univar_synth","draw_026",395,"2021-11-20","forecast","-0.942913539307655"
"exdqlm_univar_synth","draw_026",395,"2021-11-21","forecast","-1.05644542151819"
"exdqlm_univar_synth","draw_026",395,"2021-11-22","forecast","-1.25701641838216"
"exdqlm_univar_synth","draw_026",395,"2021-11-23","forecast","-0.734849953849070"
"exdqlm_univar_synth","draw_026",395,"2021-11-24","forecast","-1.15189723967951"
"exdqlm_univar_synth","draw_026",395,"2021-11-25","forecast","-0.995553042456855"
"exdqlm_univar_synth","draw_026",395,"2021-11-26","forecast","-0.778658220641411"
"exdqlm_univar_synth","draw_026",395,"2021-11-27","forecast","-1.02187145932059"
"exdqlm_univar_synth","draw_026",395,"2021-11-28","forecast","-0.965106194156211"
"exdqlm_univar_synth","draw_026",395,"2021-11-29","forecast","-1.12194168362991"
"exdqlm_univar_synth","draw_026",395,"2021-11-30","forecast","-1.31783875472079"
"exdqlm_univar_synth","draw_026",395,"2021-12-01","forecast","-1.39735445613904"
"exdqlm_univar_synth","draw_026",395,"2021-12-02","forecast","-0.981677263191851"
"exdqlm_univar_synth","draw_026",395,"2021-12-03","forecast","-1.33244517493282"
"exdqlm_univar_synth","draw_026",395,"2021-12-04","forecast","-1.04885865627386"
"exdqlm_univar_synth","draw_026",395,"2021-12-05","forecast","-0.993304846485765"
"exdqlm_univar_synth","draw_026",395,"2021-12-06","forecast","-1.17310308264926"
"exdqlm_univar_synth","draw_026",395,"2021-12-07","forecast","-1.42430439397264"
"exdqlm_univar_synth","draw_026",395,"2021-12-08","forecast","-1.45111665137409"
"exdqlm_univar_synth","draw_026",395,"2021-12-09","forecast","-1.34474593143831"
"exdqlm_univar_synth","draw_026",395,"2021-12-10","forecast","-0.960381012081160"
"exdqlm_univar_synth","draw_027",410,"2021-11-13","forecast","-0.747258724302326"
"exdqlm_univar_synth","draw_027",410,"2021-11-14","forecast","-0.463311170882929"
"exdqlm_univar_synth","draw_027",410,"2021-11-15","forecast","-0.486364461362735"
"exdqlm_univar_synth","draw_027",410,"2021-11-16","forecast","-0.578333088724215"
"exdqlm_univar_synth","draw_027",410,"2021-11-17","forecast","-0.919228124445313"
"exdqlm_univar_synth","draw_027",410,"2021-11-18","forecast","-0.554341373198365"
"exdqlm_univar_synth","draw_027",410,"2021-11-19","forecast","-0.802147823785094"
"exdqlm_univar_synth","draw_027",410,"2021-11-20","forecast","-0.718455813493949"
"exdqlm_univar_synth","draw_027",410,"2021-11-21","forecast","-1.05219856519666"
"exdqlm_univar_synth","draw_027",410,"2021-11-22","forecast","-0.921459394375527"
"exdqlm_univar_synth","draw_027",410,"2021-11-23","forecast","-0.855734105662031"
"exdqlm_univar_synth","draw_027",410,"2021-11-24","forecast","-1.03527161317193"
"exdqlm_univar_synth","draw_027",410,"2021-11-25","forecast","-1.23099564980553"
"exdqlm_univar_synth","draw_027",410,"2021-11-26","forecast","-0.798531914512140"
"exdqlm_univar_synth","draw_027",410,"2021-11-27","forecast","-1.02485499351849"
"exdqlm_univar_synth","draw_027",410,"2021-11-28","forecast","-0.980142344493306"
"exdqlm_univar_synth","draw_027",410,"2021-11-29","forecast","-1.08512180523928"
"exdqlm_univar_synth","draw_027",410,"2021-11-30","forecast","-1.26992547775273"
"exdqlm_univar_synth","draw_027",410,"2021-12-01","forecast","-1.02340923718445"
"exdqlm_univar_synth","draw_027",410,"2021-12-02","forecast","-1.04713916864190"
"exdqlm_univar_synth","draw_027",410,"2021-12-03","forecast","-1.08793567314171"
"exdqlm_univar_synth","draw_027",410,"2021-12-04","forecast","-0.981003949402515"
"exdqlm_univar_synth","draw_027",410,"2021-12-05","forecast","-1.04604194698409"
"exdqlm_univar_synth","draw_027",410,"2021-12-06","forecast","-1.44768767424418"
"exdqlm_univar_synth","draw_027",410,"2021-12-07","forecast","-1.06829804351262"
"exdqlm_univar_synth","draw_027",410,"2021-12-08","forecast","-1.24680785586790"
"exdqlm_univar_synth","draw_027",410,"2021-12-09","forecast","-1.25392641716010"
"exdqlm_univar_synth","draw_027",410,"2021-12-10","forecast","-1.46459918770572"
"exdqlm_univar_synth","draw_028",426,"2021-11-13","forecast","-0.648747214156958"
"exdqlm_univar_synth","draw_028",426,"2021-11-14","forecast","-0.428853439058137"
"exdqlm_univar_synth","draw_028",426,"2021-11-15","forecast","-0.681308755690088"
"exdqlm_univar_synth","draw_028",426,"2021-11-16","forecast","-0.527181263648959"
"exdqlm_univar_synth","draw_028",426,"2021-11-17","forecast","-0.786250001640776"
"exdqlm_univar_synth","draw_028",426,"2021-11-18","forecast","-0.405283927695824"
"exdqlm_univar_synth","draw_028",426,"2021-11-19","forecast","-1.02419416114390"
"exdqlm_univar_synth","draw_028",426,"2021-11-20","forecast","-0.734684213688253"
"exdqlm_univar_synth","draw_028",426,"2021-11-21","forecast","-1.00639887684870"
"exdqlm_univar_synth","draw_028",426,"2021-11-22","forecast","-0.973856809086960"
"exdqlm_univar_synth","draw_028",426,"2021-11-23","forecast","-1.15529904157120"
"exdqlm_univar_synth","draw_028",426,"2021-11-24","forecast","-0.894774097854780"
"exdqlm_univar_synth","draw_028",426,"2021-11-25","forecast","-1.00670094531841"
"exdqlm_univar_synth","draw_028",426,"2021-11-26","forecast","-0.799022123850017"
"exdqlm_univar_synth","draw_028",426,"2021-11-27","forecast","-1.02047020543821"
"exdqlm_univar_synth","draw_028",426,"2021-11-28","forecast","-0.922309657694409"
"exdqlm_univar_synth","draw_028",426,"2021-11-29","forecast","-1.10053542650028"
"exdqlm_univar_synth","draw_028",426,"2021-11-30","forecast","-0.997209339149824"
"exdqlm_univar_synth","draw_028",426,"2021-12-01","forecast","-1.37343592823059"
"exdqlm_univar_synth","draw_028",426,"2021-12-02","forecast","-1.13442527551496"
"exdqlm_univar_synth","draw_028",426,"2021-12-03","forecast","-1.06859031268292"
"exdqlm_univar_synth","draw_028",426,"2021-12-04","forecast","-0.993559566181412"
"exdqlm_univar_synth","draw_028",426,"2021-12-05","forecast","-0.990868590232444"
"exdqlm_univar_synth","draw_028",426,"2021-12-06","forecast","-1.43926797320124"
"exdqlm_univar_synth","draw_028",426,"2021-12-07","forecast","-1.21647507950090"
"exdqlm_univar_synth","draw_028",426,"2021-12-08","forecast","-0.875889616161558"
"exdqlm_univar_synth","draw_028",426,"2021-12-09","forecast","-1.16333946161603"
"exdqlm_univar_synth","draw_028",426,"2021-12-10","forecast","-0.963398146428173"
"exdqlm_univar_synth","draw_029",442,"2021-11-13","forecast","-0.752557712299134"
"exdqlm_univar_synth","draw_029",442,"2021-11-14","forecast","-0.473951053805789"
"exdqlm_univar_synth","draw_029",442,"2021-11-15","forecast","-0.857416378037796"
"exdqlm_univar_synth","draw_029",442,"2021-11-16","forecast","-0.636402699902548"
"exdqlm_univar_synth","draw_029",442,"2021-11-17","forecast","-0.782716760340219"
"exdqlm_univar_synth","draw_029",442,"2021-11-18","forecast","-0.591273391978011"
"exdqlm_univar_synth","draw_029",442,"2021-11-19","forecast","-0.776779382949627"
"exdqlm_univar_synth","draw_029",442,"2021-11-20","forecast","-0.734607667994288"
"exdqlm_univar_synth","draw_029",442,"2021-11-21","forecast","-0.643022283871433"
"exdqlm_univar_synth","draw_029",442,"2021-11-22","forecast","-0.955540701508553"
"exdqlm_univar_synth","draw_029",442,"2021-11-23","forecast","-0.998142643930554"
"exdqlm_univar_synth","draw_029",442,"2021-11-24","forecast","-0.833115562005997"
"exdqlm_univar_synth","draw_029",442,"2021-11-25","forecast","-1.18876647280105"
"exdqlm_univar_synth","draw_029",442,"2021-11-26","forecast","-0.933483146069533"
"exdqlm_univar_synth","draw_029",442,"2021-11-27","forecast","-1.02084321934785"
"exdqlm_univar_synth","draw_029",442,"2021-11-28","forecast","-1.38807332746532"
"exdqlm_univar_synth","draw_029",442,"2021-11-29","forecast","-1.09676663916837"
"exdqlm_univar_synth","draw_029",442,"2021-11-30","forecast","-1.48508752943334"
"exdqlm_univar_synth","draw_029",442,"2021-12-01","forecast","-1.25646368883803"
"exdqlm_univar_synth","draw_029",442,"2021-12-02","forecast","-1.64201446304752"
"exdqlm_univar_synth","draw_029",442,"2021-12-03","forecast","-1.37898362763634"
"exdqlm_univar_synth","draw_029",442,"2021-12-04","forecast","-1.41946338896320"
"exdqlm_univar_synth","draw_029",442,"2021-12-05","forecast","-0.991250077298219"
"exdqlm_univar_synth","draw_029",442,"2021-12-06","forecast","-1.38372694733697"
"exdqlm_univar_synth","draw_029",442,"2021-12-07","forecast","-1.07765820991331"
"exdqlm_univar_synth","draw_029",442,"2021-12-08","forecast","-1.28604156270820"
"exdqlm_univar_synth","draw_029",442,"2021-12-09","forecast","-0.748094493822308"
"exdqlm_univar_synth","draw_029",442,"2021-12-10","forecast","-1.36072141100764"
"exdqlm_univar_synth","draw_030",457,"2021-11-13","forecast","-0.665394474904001"
"exdqlm_univar_synth","draw_030",457,"2021-11-14","forecast","-0.421430623011265"
"exdqlm_univar_synth","draw_030",457,"2021-11-15","forecast","-0.843985291445246"
"exdqlm_univar_synth","draw_030",457,"2021-11-16","forecast","-0.588583177709323"
"exdqlm_univar_synth","draw_030",457,"2021-11-17","forecast","-0.617674665644834"
"exdqlm_univar_synth","draw_030",457,"2021-11-18","forecast","-0.922247980498385"
"exdqlm_univar_synth","draw_030",457,"2021-11-19","forecast","-0.800830376447753"
"exdqlm_univar_synth","draw_030",457,"2021-11-20","forecast","-0.701862601391531"
"exdqlm_univar_synth","draw_030",457,"2021-11-21","forecast","-0.729791371613838"
"exdqlm_univar_synth","draw_030",457,"2021-11-22","forecast","-0.919553203498705"
"exdqlm_univar_synth","draw_030",457,"2021-11-23","forecast","-0.763465171115536"
"exdqlm_univar_synth","draw_030",457,"2021-11-24","forecast","-0.875291620049562"
"exdqlm_univar_synth","draw_030",457,"2021-11-25","forecast","-0.996359235379497"
"exdqlm_univar_synth","draw_030",457,"2021-11-26","forecast","-0.962391366098091"
"exdqlm_univar_synth","draw_030",457,"2021-11-27","forecast","-1.24013924551965"
"exdqlm_univar_synth","draw_030",457,"2021-11-28","forecast","-0.928751388715137"
"exdqlm_univar_synth","draw_030",457,"2021-11-29","forecast","-1.28928595385041"
"exdqlm_univar_synth","draw_030",457,"2021-11-30","forecast","-1.24437850081533"
"exdqlm_univar_synth","draw_030",457,"2021-12-01","forecast","-1.43124009537011"
"exdqlm_univar_synth","draw_030",457,"2021-12-02","forecast","-0.978235113129976"
"exdqlm_univar_synth","draw_030",457,"2021-12-03","forecast","-1.45594563403973"
"exdqlm_univar_synth","draw_030",457,"2021-12-04","forecast","-0.999473179395888"
"exdqlm_univar_synth","draw_030",457,"2021-12-05","forecast","-0.990474960372655"
"exdqlm_univar_synth","draw_030",457,"2021-12-06","forecast","-1.17551713560429"
"exdqlm_univar_synth","draw_030",457,"2021-12-07","forecast","-1.19442163349849"
"exdqlm_univar_synth","draw_030",457,"2021-12-08","forecast","-1.09534364815525"
"exdqlm_univar_synth","draw_030",457,"2021-12-09","forecast","-0.653350544736171"
"exdqlm_univar_synth","draw_030",457,"2021-12-10","forecast","-0.977085571923693"
"exdqlm_univar_synth","draw_031",473,"2021-11-13","forecast","-0.627744129063581"
"exdqlm_univar_synth","draw_031",473,"2021-11-14","forecast","-0.623649181547038"
"exdqlm_univar_synth","draw_031",473,"2021-11-15","forecast","-0.379153969739915"
"exdqlm_univar_synth","draw_031",473,"2021-11-16","forecast","-0.714674453351169"
"exdqlm_univar_synth","draw_031",473,"2021-11-17","forecast","-0.758048298364988"
"exdqlm_univar_synth","draw_031",473,"2021-11-18","forecast","-0.758629163848292"
"exdqlm_univar_synth","draw_031",473,"2021-11-19","forecast","-0.781109141177388"
"exdqlm_univar_synth","draw_031",473,"2021-11-20","forecast","-0.734325615810714"
"exdqlm_univar_synth","draw_031",473,"2021-11-21","forecast","-0.810405714947197"
"exdqlm_univar_synth","draw_031",473,"2021-11-22","forecast","-1.16998844872679"
"exdqlm_univar_synth","draw_031",473,"2021-11-23","forecast","-0.928487923549508"
"exdqlm_univar_synth","draw_031",473,"2021-11-24","forecast","-1.18145172952884"
"exdqlm_univar_synth","draw_031",473,"2021-11-25","forecast","-1.31598883482448"
"exdqlm_univar_synth","draw_031",473,"2021-11-26","forecast","-0.814004616664494"
"exdqlm_univar_synth","draw_031",473,"2021-11-27","forecast","-1.03275884954416"
"exdqlm_univar_synth","draw_031",473,"2021-11-28","forecast","-0.930642212710195"
"exdqlm_univar_synth","draw_031",473,"2021-11-29","forecast","-1.15954805778207"
"exdqlm_univar_synth","draw_031",473,"2021-11-30","forecast","-1.13170587277310"
"exdqlm_univar_synth","draw_031",473,"2021-12-01","forecast","-1.33753142245209"
"exdqlm_univar_synth","draw_031",473,"2021-12-02","forecast","-0.967008700089467"
"exdqlm_univar_synth","draw_031",473,"2021-12-03","forecast","-1.03040022840975"
"exdqlm_univar_synth","draw_031",473,"2021-12-04","forecast","-1.03389253701062"
"exdqlm_univar_synth","draw_031",473,"2021-12-05","forecast","-1.07017802776335"
"exdqlm_univar_synth","draw_031",473,"2021-12-06","forecast","0"
"exdqlm_univar_synth","draw_031",473,"2021-12-07","forecast","-1.06987415527169"
"exdqlm_univar_synth","draw_031",473,"2021-12-08","forecast","-1.49468109739002"
"exdqlm_univar_synth","draw_031",473,"2021-12-09","forecast","-0.718850350909782"
"exdqlm_univar_synth","draw_031",473,"2021-12-10","forecast","-0.699362975542543"
"exdqlm_univar_synth","draw_032",489,"2021-11-13","forecast","-0.442024233062912"
"exdqlm_univar_synth","draw_032",489,"2021-11-14","forecast","-0.585396149387485"
"exdqlm_univar_synth","draw_032",489,"2021-11-15","forecast","-0.486307463380708"
"exdqlm_univar_synth","draw_032",489,"2021-11-16","forecast","-0.690791393197606"
"exdqlm_univar_synth","draw_032",489,"2021-11-17","forecast","-0.963970772048153"
"exdqlm_univar_synth","draw_032",489,"2021-11-18","forecast","-0.855357878428962"
"exdqlm_univar_synth","draw_032",489,"2021-11-19","forecast","-0.840236322521939"
"exdqlm_univar_synth","draw_032",489,"2021-11-20","forecast","-0.966728093681550"
"exdqlm_univar_synth","draw_032",489,"2021-11-21","forecast","-0.669652009475399"
"exdqlm_univar_synth","draw_032",489,"2021-11-22","forecast","-0.975933636730926"
"exdqlm_univar_synth","draw_032",489,"2021-11-23","forecast","-1.11262201032515"
"exdqlm_univar_synth","draw_032",489,"2021-11-24","forecast","-0.839525882361495"
"exdqlm_univar_synth","draw_032",489,"2021-11-25","forecast","-0.994513892884127"
"exdqlm_univar_synth","draw_032",489,"2021-11-26","forecast","-0.798185010788308"
"exdqlm_univar_synth","draw_032",489,"2021-11-27","forecast","-1.02574892854900"
"exdqlm_univar_synth","draw_032",489,"2021-11-28","forecast","-0.928423137703544"
"exdqlm_univar_synth","draw_032",489,"2021-11-29","forecast","-1.57417289171140"
"exdqlm_univar_synth","draw_032",489,"2021-11-30","forecast","-0.997598583678662"
"exdqlm_univar_synth","draw_032",489,"2021-12-01","forecast","-1.29818172721037"
"exdqlm_univar_synth","draw_032",489,"2021-12-02","forecast","-0.992659061945486"
"exdqlm_univar_synth","draw_032",489,"2021-12-03","forecast","-1.39493577804740"
"exdqlm_univar_synth","draw_032",489,"2021-12-04","forecast","-1.01005372383003"
"exdqlm_univar_synth","draw_032",489,"2021-12-05","forecast","-1.14049684954701"
"exdqlm_univar_synth","draw_032",489,"2021-12-06","forecast","-1.17661284704459"
"exdqlm_univar_synth","draw_032",489,"2021-12-07","forecast","-1.09964638223530"
"exdqlm_univar_synth","draw_032",489,"2021-12-08","forecast","-1.10470258910588"
"exdqlm_univar_synth","draw_032",489,"2021-12-09","forecast","-0.817073479711090"
"exdqlm_univar_synth","draw_032",489,"2021-12-10","forecast","-0.917186991806670"
"exdqlm_univar_synth","draw_033",505,"2021-11-13","forecast","-0.849717617020099"
"exdqlm_univar_synth","draw_033",505,"2021-11-14","forecast","-0.394993596308426"
"exdqlm_univar_synth","draw_033",505,"2021-11-15","forecast","-0.734687809399354"
"exdqlm_univar_synth","draw_033",505,"2021-11-16","forecast","-0.501934490041492"
"exdqlm_univar_synth","draw_033",505,"2021-11-17","forecast","-0.844967405093427"
"exdqlm_univar_synth","draw_033",505,"2021-11-18","forecast","-0.908303661922561"
"exdqlm_univar_synth","draw_033",505,"2021-11-19","forecast","-1.06699148566374"
"exdqlm_univar_synth","draw_033",505,"2021-11-20","forecast","-1.09163736976093"
"exdqlm_univar_synth","draw_033",505,"2021-11-21","forecast","-0.729875553935304"
"exdqlm_univar_synth","draw_033",505,"2021-11-22","forecast","-0.928008990581868"
"exdqlm_univar_synth","draw_033",505,"2021-11-23","forecast","-0.730440270685755"
"exdqlm_univar_synth","draw_033",505,"2021-11-24","forecast","-1.15190654936773"
"exdqlm_univar_synth","draw_033",505,"2021-11-25","forecast","-1.01331301040663"
"exdqlm_univar_synth","draw_033",505,"2021-11-26","forecast","-0.663977895435411"
"exdqlm_univar_synth","draw_033",505,"2021-11-27","forecast","-1.02043217102317"
"exdqlm_univar_synth","draw_033",505,"2021-11-28","forecast","-1.14006407161147"
"exdqlm_univar_synth","draw_033",505,"2021-11-29","forecast","-1.46528794298483"
"exdqlm_univar_synth","draw_033",505,"2021-11-30","forecast","-0.996714442537769"
"exdqlm_univar_synth","draw_033",505,"2021-12-01","forecast","-1.11805912609494"
"exdqlm_univar_synth","draw_033",505,"2021-12-02","forecast","-0.992559963478492"
"exdqlm_univar_synth","draw_033",505,"2021-12-03","forecast","-1.35294014232151"
"exdqlm_univar_synth","draw_033",505,"2021-12-04","forecast","-1.02273462724199"
"exdqlm_univar_synth","draw_033",505,"2021-12-05","forecast","-0.832851363768325"
"exdqlm_univar_synth","draw_033",505,"2021-12-06","forecast","-1.18767651482282"
"exdqlm_univar_synth","draw_033",505,"2021-12-07","forecast","-1.31262458270920"
"exdqlm_univar_synth","draw_033",505,"2021-12-08","forecast","-1.00644906348861"
"exdqlm_univar_synth","draw_033",505,"2021-12-09","forecast","-0.719255819476161"
"exdqlm_univar_synth","draw_033",505,"2021-12-10","forecast","-1.19047771959253"
"exdqlm_univar_synth","draw_034",520,"2021-11-13","forecast","0"
"exdqlm_univar_synth","draw_034",520,"2021-11-14","forecast","-0.446745787276350"
"exdqlm_univar_synth","draw_034",520,"2021-11-15","forecast","-0.682879490967045"
"exdqlm_univar_synth","draw_034",520,"2021-11-16","forecast","-0.331858752924102"
"exdqlm_univar_synth","draw_034",520,"2021-11-17","forecast","-0.917812284970400"
"exdqlm_univar_synth","draw_034",520,"2021-11-18","forecast","-0.657711425029554"
"exdqlm_univar_synth","draw_034",520,"2021-11-19","forecast","-1.23016927834312"
"exdqlm_univar_synth","draw_034",520,"2021-11-20","forecast","-1.14297147235965"
"exdqlm_univar_synth","draw_034",520,"2021-11-21","forecast","-1.08591054949909"
"exdqlm_univar_synth","draw_034",520,"2021-11-22","forecast","-0.928528071405273"
"exdqlm_univar_synth","draw_034",520,"2021-11-23","forecast","-0.794439404484472"
"exdqlm_univar_synth","draw_034",520,"2021-11-24","forecast","-1.07321648194281"
"exdqlm_univar_synth","draw_034",520,"2021-11-25","forecast","-1.19858967590226"
"exdqlm_univar_synth","draw_034",520,"2021-11-26","forecast","-0.801235515943416"
"exdqlm_univar_synth","draw_034",520,"2021-11-27","forecast","-1.01908381341143"
"exdqlm_univar_synth","draw_034",520,"2021-11-28","forecast","-0.927286293500115"
"exdqlm_univar_synth","draw_034",520,"2021-11-29","forecast","-1.09552611759167"
"exdqlm_univar_synth","draw_034",520,"2021-11-30","forecast","-0.995879138638525"
"exdqlm_univar_synth","draw_034",520,"2021-12-01","forecast","-1.17723357973782"
"exdqlm_univar_synth","draw_034",520,"2021-12-02","forecast","-0.978391931767416"
"exdqlm_univar_synth","draw_034",520,"2021-12-03","forecast","-1.27737813245248"
"exdqlm_univar_synth","draw_034",520,"2021-12-04","forecast","-1.30361123923305"
"exdqlm_univar_synth","draw_034",520,"2021-12-05","forecast","-0.993014082809018"
"exdqlm_univar_synth","draw_034",520,"2021-12-06","forecast","-1.13633152873733"
"exdqlm_univar_synth","draw_034",520,"2021-12-07","forecast","-1.36693630084930"
"exdqlm_univar_synth","draw_034",520,"2021-12-08","forecast","-1.20762624889582"
"exdqlm_univar_synth","draw_034",520,"2021-12-09","forecast","-0.723404353930088"
"exdqlm_univar_synth","draw_034",520,"2021-12-10","forecast","-0.962378415594200"
"exdqlm_univar_synth","draw_035",536,"2021-11-13","forecast","-0.518006419585023"
"exdqlm_univar_synth","draw_035",536,"2021-11-14","forecast","-0.738572018146578"
"exdqlm_univar_synth","draw_035",536,"2021-11-15","forecast","-0.438490405955196"
"exdqlm_univar_synth","draw_035",536,"2021-11-16","forecast","-0.524364615864576"
"exdqlm_univar_synth","draw_035",536,"2021-11-17","forecast","-0.768460494755338"
"exdqlm_univar_synth","draw_035",536,"2021-11-18","forecast","-0.630515482504287"
"exdqlm_univar_synth","draw_035",536,"2021-11-19","forecast","-0.953789922643501"
"exdqlm_univar_synth","draw_035",536,"2021-11-20","forecast","-0.736018668350860"
"exdqlm_univar_synth","draw_035",536,"2021-11-21","forecast","-0.732268918130890"
"exdqlm_univar_synth","draw_035",536,"2021-11-22","forecast","-1.18061199295470"
"exdqlm_univar_synth","draw_035",536,"2021-11-23","forecast","-0.873665237282736"
"exdqlm_univar_synth","draw_035",536,"2021-11-24","forecast","-0.833622694389761"
"exdqlm_univar_synth","draw_035",536,"2021-11-25","forecast","-1.35177652123091"
"exdqlm_univar_synth","draw_035",536,"2021-11-26","forecast","-0.813922964236255"
"exdqlm_univar_synth","draw_035",536,"2021-11-27","forecast","-1.13363906092900"
"exdqlm_univar_synth","draw_035",536,"2021-11-28","forecast","-1.16128509082797"
"exdqlm_univar_synth","draw_035",536,"2021-11-29","forecast","-1.06766118872705"
"exdqlm_univar_synth","draw_035",536,"2021-11-30","forecast","-0.926579592150881"
"exdqlm_univar_synth","draw_035",536,"2021-12-01","forecast","-1.01556850045808"
"exdqlm_univar_synth","draw_035",536,"2021-12-02","forecast","-0.990081634446886"
"exdqlm_univar_synth","draw_035",536,"2021-12-03","forecast","-1.42616844389270"
"exdqlm_univar_synth","draw_035",536,"2021-12-04","forecast","-1.59312267364458"
"exdqlm_univar_synth","draw_035",536,"2021-12-05","forecast","-1.22942410625801"
"exdqlm_univar_synth","draw_035",536,"2021-12-06","forecast","-1.17311935757849"
"exdqlm_univar_synth","draw_035",536,"2021-12-07","forecast","-1.56059094162528"
"exdqlm_univar_synth","draw_035",536,"2021-12-08","forecast","-1.05387511554945"
"exdqlm_univar_synth","draw_035",536,"2021-12-09","forecast","-0.713511117438783"
"exdqlm_univar_synth","draw_035",536,"2021-12-10","forecast","-1.15674106443723"
"exdqlm_univar_synth","draw_036",552,"2021-11-13","forecast","-0.743722986380672"
"exdqlm_univar_synth","draw_036",552,"2021-11-14","forecast","-0.812673766949275"
"exdqlm_univar_synth","draw_036",552,"2021-11-15","forecast","-0.441949487403997"
"exdqlm_univar_synth","draw_036",552,"2021-11-16","forecast","-0.542604169115189"
"exdqlm_univar_synth","draw_036",552,"2021-11-17","forecast","-0.754392043635743"
"exdqlm_univar_synth","draw_036",552,"2021-11-18","forecast","-0.567360213912838"
"exdqlm_univar_synth","draw_036",552,"2021-11-19","forecast","-0.806693919976269"
"exdqlm_univar_synth","draw_036",552,"2021-11-20","forecast","-1.08358031991540"
"exdqlm_univar_synth","draw_036",552,"2021-11-21","forecast","-0.749462933723456"
"exdqlm_univar_synth","draw_036",552,"2021-11-22","forecast","-1.15116553895806"
"exdqlm_univar_synth","draw_036",552,"2021-11-23","forecast","-0.894010725673644"
"exdqlm_univar_synth","draw_036",552,"2021-11-24","forecast","-0.841759115088701"
"exdqlm_univar_synth","draw_036",552,"2021-11-25","forecast","-1.28402315143293"
"exdqlm_univar_synth","draw_036",552,"2021-11-26","forecast","-1.10334229642321"
"exdqlm_univar_synth","draw_036",552,"2021-11-27","forecast","-1.01808792762141"
"exdqlm_univar_synth","draw_036",552,"2021-11-28","forecast","-0.965441691961109"
"exdqlm_univar_synth","draw_036",552,"2021-11-29","forecast","-1.43197587179674"
"exdqlm_univar_synth","draw_036",552,"2021-11-30","forecast","-1.03526303064418"
"exdqlm_univar_synth","draw_036",552,"2021-12-01","forecast","-1.27764344836984"
"exdqlm_univar_synth","draw_036",552,"2021-12-02","forecast","-1.24152038269745"
"exdqlm_univar_synth","draw_036",552,"2021-12-03","forecast","-1.02939495314426"
"exdqlm_univar_synth","draw_036",552,"2021-12-04","forecast","-1.35995919526049"
"exdqlm_univar_synth","draw_036",552,"2021-12-05","forecast","-1.01316073998724"
"exdqlm_univar_synth","draw_036",552,"2021-12-06","forecast","-1.19604312121084"
"exdqlm_univar_synth","draw_036",552,"2021-12-07","forecast","-1.07184167410508"
"exdqlm_univar_synth","draw_036",552,"2021-12-08","forecast","-1.13808644736334"
"exdqlm_univar_synth","draw_036",552,"2021-12-09","forecast","-0.735065115137668"
"exdqlm_univar_synth","draw_036",552,"2021-12-10","forecast","-1.23715119117408"
"exdqlm_univar_synth","draw_037",568,"2021-11-13","forecast","-0.487007776133575"
"exdqlm_univar_synth","draw_037",568,"2021-11-14","forecast","-0.626961955478507"
"exdqlm_univar_synth","draw_037",568,"2021-11-15","forecast","-0.651126395547294"
"exdqlm_univar_synth","draw_037",568,"2021-11-16","forecast","-0.511751334785792"
"exdqlm_univar_synth","draw_037",568,"2021-11-17","forecast","-0.617984091885937"
"exdqlm_univar_synth","draw_037",568,"2021-11-18","forecast","-0.541432783495779"
"exdqlm_univar_synth","draw_037",568,"2021-11-19","forecast","-0.774997334268458"
"exdqlm_univar_synth","draw_037",568,"2021-11-20","forecast","-0.866873880150978"
"exdqlm_univar_synth","draw_037",568,"2021-11-21","forecast","-0.878887496752781"
"exdqlm_univar_synth","draw_037",568,"2021-11-22","forecast","-1.19555925417763"
"exdqlm_univar_synth","draw_037",568,"2021-11-23","forecast","-0.757218223167267"
"exdqlm_univar_synth","draw_037",568,"2021-11-24","forecast","-1.19483419205807"
"exdqlm_univar_synth","draw_037",568,"2021-11-25","forecast","-0.989655098500604"
"exdqlm_univar_synth","draw_037",568,"2021-11-26","forecast","-0.764857648652776"
"exdqlm_univar_synth","draw_037",568,"2021-11-27","forecast","-1.02128219972248"
"exdqlm_univar_synth","draw_037",568,"2021-11-28","forecast","-1.00320456804170"
"exdqlm_univar_synth","draw_037",568,"2021-11-29","forecast","-1.43757364030415"
"exdqlm_univar_synth","draw_037",568,"2021-11-30","forecast","-1.02523999045955"
"exdqlm_univar_synth","draw_037",568,"2021-12-01","forecast","-0.927907130142048"
"exdqlm_univar_synth","draw_037",568,"2021-12-02","forecast","-1.12962144263399"
"exdqlm_univar_synth","draw_037",568,"2021-12-03","forecast","-1.03991879727543"
"exdqlm_univar_synth","draw_037",568,"2021-12-04","forecast","-1.22849631274174"
"exdqlm_univar_synth","draw_037",568,"2021-12-05","forecast","-1.35134740193651"
"exdqlm_univar_synth","draw_037",568,"2021-12-06","forecast","-1.54460774308701"
"exdqlm_univar_synth","draw_037",568,"2021-12-07","forecast","-1.11510901562694"
"exdqlm_univar_synth","draw_037",568,"2021-12-08","forecast","-1.48555409498950"
"exdqlm_univar_synth","draw_037",568,"2021-12-09","forecast","-0.720207732384641"
"exdqlm_univar_synth","draw_037",568,"2021-12-10","forecast","-0.890579861580184"
"exdqlm_univar_synth","draw_038",583,"2021-11-13","forecast","-0.749259693436825"
"exdqlm_univar_synth","draw_038",583,"2021-11-14","forecast","-0.557395036217288"
"exdqlm_univar_synth","draw_038",583,"2021-11-15","forecast","-0.702828316604769"
"exdqlm_univar_synth","draw_038",583,"2021-11-16","forecast","-0.817719788514215"
"exdqlm_univar_synth","draw_038",583,"2021-11-17","forecast","-0.682705542006921"
"exdqlm_univar_synth","draw_038",583,"2021-11-18","forecast","-0.621150302803835"
"exdqlm_univar_synth","draw_038",583,"2021-11-19","forecast","-0.968677696407013"
"exdqlm_univar_synth","draw_038",583,"2021-11-20","forecast","-0.731269661370691"
"exdqlm_univar_synth","draw_038",583,"2021-11-21","forecast","-0.759038427881499"
"exdqlm_univar_synth","draw_038",583,"2021-11-22","forecast","-0.926991417794669"
"exdqlm_univar_synth","draw_038",583,"2021-11-23","forecast","-0.748183963254858"
"exdqlm_univar_synth","draw_038",583,"2021-11-24","forecast","-0.832002897815239"
"exdqlm_univar_synth","draw_038",583,"2021-11-25","forecast","-0.990608221484185"
"exdqlm_univar_synth","draw_038",583,"2021-11-26","forecast","-0.919545085639156"
"exdqlm_univar_synth","draw_038",583,"2021-11-27","forecast","-1.35492041651947"
"exdqlm_univar_synth","draw_038",583,"2021-11-28","forecast","-0.928834504691718"
"exdqlm_univar_synth","draw_038",583,"2021-11-29","forecast","-1.40648290264027"
"exdqlm_univar_synth","draw_038",583,"2021-11-30","forecast","-1.00456556096708"
"exdqlm_univar_synth","draw_038",583,"2021-12-01","forecast","-1.02491165904427"
"exdqlm_univar_synth","draw_038",583,"2021-12-02","forecast","-1.34145340472571"
"exdqlm_univar_synth","draw_038",583,"2021-12-03","forecast","-1.07820313408785"
"exdqlm_univar_synth","draw_038",583,"2021-12-04","forecast","-1.38772976968368"
"exdqlm_univar_synth","draw_038",583,"2021-12-05","forecast","-1.19653928492082"
"exdqlm_univar_synth","draw_038",583,"2021-12-06","forecast","-1.19463372697264"
"exdqlm_univar_synth","draw_038",583,"2021-12-07","forecast","-1.52079770102362"
"exdqlm_univar_synth","draw_038",583,"2021-12-08","forecast","-1.07806912382861"
"exdqlm_univar_synth","draw_038",583,"2021-12-09","forecast","-0.755599413886154"
"exdqlm_univar_synth","draw_038",583,"2021-12-10","forecast","-0.968166581936313"
"exdqlm_univar_synth","draw_039",599,"2021-11-13","forecast","-0.535627953530250"
"exdqlm_univar_synth","draw_039",599,"2021-11-14","forecast","-0.486551222581606"
"exdqlm_univar_synth","draw_039",599,"2021-11-15","forecast","-0.588038151806069"
"exdqlm_univar_synth","draw_039",599,"2021-11-16","forecast","-0.567809800839361"
"exdqlm_univar_synth","draw_039",599,"2021-11-17","forecast","-0.786861927368041"
"exdqlm_univar_synth","draw_039",599,"2021-11-18","forecast","-0.872952734364367"
"exdqlm_univar_synth","draw_039",599,"2021-11-19","forecast","-0.778133808115104"
"exdqlm_univar_synth","draw_039",599,"2021-11-20","forecast","-0.718466831612213"
"exdqlm_univar_synth","draw_039",599,"2021-11-21","forecast","-0.720881342383416"
"exdqlm_univar_synth","draw_039",599,"2021-11-22","forecast","-1.30015659134729"
"exdqlm_univar_synth","draw_039",599,"2021-11-23","forecast","-0.753452215435148"
"exdqlm_univar_synth","draw_039",599,"2021-11-24","forecast","-0.839902918395184"
"exdqlm_univar_synth","draw_039",599,"2021-11-25","forecast","-1.34845130803256"
"exdqlm_univar_synth","draw_039",599,"2021-11-26","forecast","-1.07234056560872"
"exdqlm_univar_synth","draw_039",599,"2021-11-27","forecast","-1.22093637273961"
"exdqlm_univar_synth","draw_039",599,"2021-11-28","forecast","-0.925355720412352"
"exdqlm_univar_synth","draw_039",599,"2021-11-29","forecast","-1.10362971561708"
"exdqlm_univar_synth","draw_039",599,"2021-11-30","forecast","-1.11212792456638"
"exdqlm_univar_synth","draw_039",599,"2021-12-01","forecast","-1.01230465522606"
"exdqlm_univar_synth","draw_039",599,"2021-12-02","forecast","-1.31558021823570"
"exdqlm_univar_synth","draw_039",599,"2021-12-03","forecast","-1.08887409664468"
"exdqlm_univar_synth","draw_039",599,"2021-12-04","forecast","-1.08212029083865"
"exdqlm_univar_synth","draw_039",599,"2021-12-05","forecast","-1.23971762037540"
"exdqlm_univar_synth","draw_039",599,"2021-12-06","forecast","-1.18546860423319"
"exdqlm_univar_synth","draw_039",599,"2021-12-07","forecast","-1.21794295770498"
"exdqlm_univar_synth","draw_039",599,"2021-12-08","forecast","-1.19573139482649"
"exdqlm_univar_synth","draw_039",599,"2021-12-09","forecast","-0.825679195377480"
"exdqlm_univar_synth","draw_039",599,"2021-12-10","forecast","-1.11793278401549"
"exdqlm_univar_synth","draw_040",615,"2021-11-13","forecast","-0.712662392385828"
"exdqlm_univar_synth","draw_040",615,"2021-11-14","forecast","-0.425975902661115"
"exdqlm_univar_synth","draw_040",615,"2021-11-15","forecast","-0.440748956451780"
"exdqlm_univar_synth","draw_040",615,"2021-11-16","forecast","-0.526681613005963"
"exdqlm_univar_synth","draw_040",615,"2021-11-17","forecast","-0.918093975983148"
"exdqlm_univar_synth","draw_040",615,"2021-11-18","forecast","-0.720335253523032"
"exdqlm_univar_synth","draw_040",615,"2021-11-19","forecast","-1.06139111361304"
"exdqlm_univar_synth","draw_040",615,"2021-11-20","forecast","-0.762306952037967"
"exdqlm_univar_synth","draw_040",615,"2021-11-21","forecast","-0.733263772058941"
"exdqlm_univar_synth","draw_040",615,"2021-11-22","forecast","-0.919676682860370"
"exdqlm_univar_synth","draw_040",615,"2021-11-23","forecast","-0.878951163033610"
"exdqlm_univar_synth","draw_040",615,"2021-11-24","forecast","-1.18229162580718"
"exdqlm_univar_synth","draw_040",615,"2021-11-25","forecast","-1.04032933549713"
"exdqlm_univar_synth","draw_040",615,"2021-11-26","forecast","-0.847694062519233"
"exdqlm_univar_synth","draw_040",615,"2021-11-27","forecast","-1.23967469105829"
"exdqlm_univar_synth","draw_040",615,"2021-11-28","forecast","-1.09180079335978"
"exdqlm_univar_synth","draw_040",615,"2021-11-29","forecast","-1.09181485361078"
"exdqlm_univar_synth","draw_040",615,"2021-11-30","forecast","-1.43381900427058"
"exdqlm_univar_synth","draw_040",615,"2021-12-01","forecast","-1.57710118878214"
"exdqlm_univar_synth","draw_040",615,"2021-12-02","forecast","-1.36184800207971"
"exdqlm_univar_synth","draw_040",615,"2021-12-03","forecast","-1.31966734884922"
"exdqlm_univar_synth","draw_040",615,"2021-12-04","forecast","-0.999604287039413"
"exdqlm_univar_synth","draw_040",615,"2021-12-05","forecast","-0.996727559031329"
"exdqlm_univar_synth","draw_040",615,"2021-12-06","forecast","-1.18704349994403"
"exdqlm_univar_synth","draw_040",615,"2021-12-07","forecast","-1.07031279237792"
"exdqlm_univar_synth","draw_040",615,"2021-12-08","forecast","-1.05497270459287"
"exdqlm_univar_synth","draw_040",615,"2021-12-09","forecast","-0.721457464344526"
"exdqlm_univar_synth","draw_040",615,"2021-12-10","forecast","-0.123341699803474"
"exdqlm_univar_synth","draw_041",631,"2021-11-13","forecast","-0.511530217436838"
"exdqlm_univar_synth","draw_041",631,"2021-11-14","forecast","-0.548085697672175"
"exdqlm_univar_synth","draw_041",631,"2021-11-15","forecast","-0.588396906372507"
"exdqlm_univar_synth","draw_041",631,"2021-11-16","forecast","-0.509351069422273"
"exdqlm_univar_synth","draw_041",631,"2021-11-17","forecast","-0.618752513179078"
"exdqlm_univar_synth","draw_041",631,"2021-11-18","forecast","-0.628450167359551"
"exdqlm_univar_synth","draw_041",631,"2021-11-19","forecast","-0.776235488790857"
"exdqlm_univar_synth","draw_041",631,"2021-11-20","forecast","-1.18995774992064"
"exdqlm_univar_synth","draw_041",631,"2021-11-21","forecast","-0.729781353293394"
"exdqlm_univar_synth","draw_041",631,"2021-11-22","forecast","-1.17072001417739"
"exdqlm_univar_synth","draw_041",631,"2021-11-23","forecast","-1.20225111776202"
"exdqlm_univar_synth","draw_041",631,"2021-11-24","forecast","-1.20197895777455"
"exdqlm_univar_synth","draw_041",631,"2021-11-25","forecast","-1.40498846902366"
"exdqlm_univar_synth","draw_041",631,"2021-11-26","forecast","-1.03412912295991"
"exdqlm_univar_synth","draw_041",631,"2021-11-27","forecast","-1.01987073398865"
"exdqlm_univar_synth","draw_041",631,"2021-11-28","forecast","-1.22004006456793"
"exdqlm_univar_synth","draw_041",631,"2021-11-29","forecast","-1.67638587153613"
"exdqlm_univar_synth","draw_041",631,"2021-11-30","forecast","-0.999340440335260"
"exdqlm_univar_synth","draw_041",631,"2021-12-01","forecast","-1.22085710304882"
"exdqlm_univar_synth","draw_041",631,"2021-12-02","forecast","-1.10803336154920"
"exdqlm_univar_synth","draw_041",631,"2021-12-03","forecast","-1.47764204891594"
"exdqlm_univar_synth","draw_041",631,"2021-12-04","forecast","-0.993053855114854"
"exdqlm_univar_synth","draw_041",631,"2021-12-05","forecast","-0.995571252579592"
"exdqlm_univar_synth","draw_041",631,"2021-12-06","forecast","-1.19536384735699"
"exdqlm_univar_synth","draw_041",631,"2021-12-07","forecast","-1.13868079659094"
"exdqlm_univar_synth","draw_041",631,"2021-12-08","forecast","-1.44190302487617"
"exdqlm_univar_synth","draw_041",631,"2021-12-09","forecast","-0.763223032767579"
"exdqlm_univar_synth","draw_041",631,"2021-12-10","forecast","-1.00215181186641"
"exdqlm_univar_synth","draw_042",646,"2021-11-13","forecast","-0.716711478741565"
"exdqlm_univar_synth","draw_042",646,"2021-11-14","forecast","-0.764769097032573"
"exdqlm_univar_synth","draw_042",646,"2021-11-15","forecast","-0.667141848731343"
"exdqlm_univar_synth","draw_042",646,"2021-11-16","forecast","-0.841541443438791"
"exdqlm_univar_synth","draw_042",646,"2021-11-17","forecast","-0.646210633972444"
"exdqlm_univar_synth","draw_042",646,"2021-11-18","forecast","-0.912438269546441"
"exdqlm_univar_synth","draw_042",646,"2021-11-19","forecast","-0.776828316539226"
"exdqlm_univar_synth","draw_042",646,"2021-11-20","forecast","-0.716922753373104"
"exdqlm_univar_synth","draw_042",646,"2021-11-21","forecast","-0.731332689850429"
"exdqlm_univar_synth","draw_042",646,"2021-11-22","forecast","-1.04958947999585"
"exdqlm_univar_synth","draw_042",646,"2021-11-23","forecast","-1.10518894210255"
"exdqlm_univar_synth","draw_042",646,"2021-11-24","forecast","-0.840370855063323"
"exdqlm_univar_synth","draw_042",646,"2021-11-25","forecast","-1.22845869775176"
"exdqlm_univar_synth","draw_042",646,"2021-11-26","forecast","-0.940598240400714"
"exdqlm_univar_synth","draw_042",646,"2021-11-27","forecast","-1.34451840306614"
"exdqlm_univar_synth","draw_042",646,"2021-11-28","forecast","-1.26375339416538"
"exdqlm_univar_synth","draw_042",646,"2021-11-29","forecast","-1.17381081868084"
"exdqlm_univar_synth","draw_042",646,"2021-11-30","forecast","-1.26564540089129"
"exdqlm_univar_synth","draw_042",646,"2021-12-01","forecast","-1.01673061313278"
"exdqlm_univar_synth","draw_042",646,"2021-12-02","forecast","-1.08125658166643"
"exdqlm_univar_synth","draw_042",646,"2021-12-03","forecast","-1.02996883744081"
"exdqlm_univar_synth","draw_042",646,"2021-12-04","forecast","-0.991578091793642"
"exdqlm_univar_synth","draw_042",646,"2021-12-05","forecast","-1.07123949147458"
"exdqlm_univar_synth","draw_042",646,"2021-12-06","forecast","-1.33979269526737"
"exdqlm_univar_synth","draw_042",646,"2021-12-07","forecast","-1.11535257502679"
"exdqlm_univar_synth","draw_042",646,"2021-12-08","forecast","-1.14933018162771"
"exdqlm_univar_synth","draw_042",646,"2021-12-09","forecast","-0.718858220958110"
"exdqlm_univar_synth","draw_042",646,"2021-12-10","forecast","-1.04591431300720"
"exdqlm_univar_synth","draw_043",662,"2021-11-13","forecast","-0.601027532344892"
"exdqlm_univar_synth","draw_043",662,"2021-11-14","forecast","-0.497973370960415"
"exdqlm_univar_synth","draw_043",662,"2021-11-15","forecast","-0.214778451470425"
"exdqlm_univar_synth","draw_043",662,"2021-11-16","forecast","-0.544545247179877"
"exdqlm_univar_synth","draw_043",662,"2021-11-17","forecast","-0.879691113598917"
"exdqlm_univar_synth","draw_043",662,"2021-11-18","forecast","-0.919459605740722"
"exdqlm_univar_synth","draw_043",662,"2021-11-19","forecast","-1.04067017585121"
"exdqlm_univar_synth","draw_043",662,"2021-11-20","forecast","-0.842534871656190"
"exdqlm_univar_synth","draw_043",662,"2021-11-21","forecast","-0.806229290397115"
"exdqlm_univar_synth","draw_043",662,"2021-11-22","forecast","-0.950360118429971"
"exdqlm_univar_synth","draw_043",662,"2021-11-23","forecast","-1.13894775328262"
"exdqlm_univar_synth","draw_043",662,"2021-11-24","forecast","-1.06163645477912"
"exdqlm_univar_synth","draw_043",662,"2021-11-25","forecast","-0.993854613380115"
"exdqlm_univar_synth","draw_043",662,"2021-11-26","forecast","-0.837178500620683"
"exdqlm_univar_synth","draw_043",662,"2021-11-27","forecast","-1.55744751221656"
"exdqlm_univar_synth","draw_043",662,"2021-11-28","forecast","-1.02590426503861"
"exdqlm_univar_synth","draw_043",662,"2021-11-29","forecast","-1.11066763753503"
"exdqlm_univar_synth","draw_043",662,"2021-11-30","forecast","-1.34657274688382"
"exdqlm_univar_synth","draw_043",662,"2021-12-01","forecast","-1.01211718951199"
"exdqlm_univar_synth","draw_043",662,"2021-12-02","forecast","-0.988133516663463"
"exdqlm_univar_synth","draw_043",662,"2021-12-03","forecast","-1.33824214368751"
"exdqlm_univar_synth","draw_043",662,"2021-12-04","forecast","-1.30043679217702"
"exdqlm_univar_synth","draw_043",662,"2021-12-05","forecast","-1.37087358962713"
"exdqlm_univar_synth","draw_043",662,"2021-12-06","forecast","-1.18190448617482"
"exdqlm_univar_synth","draw_043",662,"2021-12-07","forecast","-1.30249422264864"
"exdqlm_univar_synth","draw_043",662,"2021-12-08","forecast","-1.05402463764742"
"exdqlm_univar_synth","draw_043",662,"2021-12-09","forecast","-0.717613437994804"
"exdqlm_univar_synth","draw_043",662,"2021-12-10","forecast","-0.833660459056207"
"exdqlm_univar_synth","draw_044",678,"2021-11-13","forecast","-0.583914196672435"
"exdqlm_univar_synth","draw_044",678,"2021-11-14","forecast","-0.628940131360117"
"exdqlm_univar_synth","draw_044",678,"2021-11-15","forecast","-0.438301732027452"
"exdqlm_univar_synth","draw_044",678,"2021-11-16","forecast","-0.577405116070770"
"exdqlm_univar_synth","draw_044",678,"2021-11-17","forecast","-0.786647572553172"
"exdqlm_univar_synth","draw_044",678,"2021-11-18","forecast","-0.810662947838948"
"exdqlm_univar_synth","draw_044",678,"2021-11-19","forecast","-0.864099915347271"
"exdqlm_univar_synth","draw_044",678,"2021-11-20","forecast","-0.734745169737501"
"exdqlm_univar_synth","draw_044",678,"2021-11-21","forecast","-0.781594701653651"
"exdqlm_univar_synth","draw_044",678,"2021-11-22","forecast","-0.933166282285155"
"exdqlm_univar_synth","draw_044",678,"2021-11-23","forecast","-1.15979391687267"
"exdqlm_univar_synth","draw_044",678,"2021-11-24","forecast","-1.07142929738923"
"exdqlm_univar_synth","draw_044",678,"2021-11-25","forecast","-1.29392308508038"
"exdqlm_univar_synth","draw_044",678,"2021-11-26","forecast","-0.832073791451942"
"exdqlm_univar_synth","draw_044",678,"2021-11-27","forecast","-1.42864373800392"
"exdqlm_univar_synth","draw_044",678,"2021-11-28","forecast","-0.925685666740728"
"exdqlm_univar_synth","draw_044",678,"2021-11-29","forecast","-1.40659001108474"
"exdqlm_univar_synth","draw_044",678,"2021-11-30","forecast","-1.26481761158883"
"exdqlm_univar_synth","draw_044",678,"2021-12-01","forecast","-1.33857186041468"
"exdqlm_univar_synth","draw_044",678,"2021-12-02","forecast","-1.12212574690000"
"exdqlm_univar_synth","draw_044",678,"2021-12-03","forecast","-0.907523117994228"
"exdqlm_univar_synth","draw_044",678,"2021-12-04","forecast","-1.03110430740627"
"exdqlm_univar_synth","draw_044",678,"2021-12-05","forecast","-0.992960152571507"
"exdqlm_univar_synth","draw_044",678,"2021-12-06","forecast","-1.17864867970873"
"exdqlm_univar_synth","draw_044",678,"2021-12-07","forecast","-1.07215744241451"
"exdqlm_univar_synth","draw_044",678,"2021-12-08","forecast","-1.05244205520667"
"exdqlm_univar_synth","draw_044",678,"2021-12-09","forecast","-0.603228040790794"
"exdqlm_univar_synth","draw_044",678,"2021-12-10","forecast","-1.07470823304932"
"exdqlm_univar_synth","draw_045",694,"2021-11-13","forecast","-0.733975047260256"
"exdqlm_univar_synth","draw_045",694,"2021-11-14","forecast","-0.535723087064660"
"exdqlm_univar_synth","draw_045",694,"2021-11-15","forecast","-0.785610236637201"
"exdqlm_univar_synth","draw_045",694,"2021-11-16","forecast","-0.590051550873746"
"exdqlm_univar_synth","draw_045",694,"2021-11-17","forecast","-0.673126367690805"
"exdqlm_univar_synth","draw_045",694,"2021-11-18","forecast","-0.864426369243338"
"exdqlm_univar_synth","draw_045",694,"2021-11-19","forecast","-0.799549535828753"
"exdqlm_univar_synth","draw_045",694,"2021-11-20","forecast","-1.26382505323945"
"exdqlm_univar_synth","draw_045",694,"2021-11-21","forecast","-0.836242086173623"
"exdqlm_univar_synth","draw_045",694,"2021-11-22","forecast","-0.928021873999462"
"exdqlm_univar_synth","draw_045",694,"2021-11-23","forecast","-1.16588072819429"
"exdqlm_univar_synth","draw_045",694,"2021-11-24","forecast","-0.831825372742241"
"exdqlm_univar_synth","draw_045",694,"2021-11-25","forecast","-1.20836463420590"
"exdqlm_univar_synth","draw_045",694,"2021-11-26","forecast","-0.850721214545847"
"exdqlm_univar_synth","draw_045",694,"2021-11-27","forecast","-1.20048358698972"
"exdqlm_univar_synth","draw_045",694,"2021-11-28","forecast","-1.36438536917765"
"exdqlm_univar_synth","draw_045",694,"2021-11-29","forecast","-1.09775498409027"
"exdqlm_univar_synth","draw_045",694,"2021-11-30","forecast","-1.17291098005574"
"exdqlm_univar_synth","draw_045",694,"2021-12-01","forecast","-1.01919043179246"
"exdqlm_univar_synth","draw_045",694,"2021-12-02","forecast","-1.01033232134537"
"exdqlm_univar_synth","draw_045",694,"2021-12-03","forecast","-1.26841217685530"
"exdqlm_univar_synth","draw_045",694,"2021-12-04","forecast","-1.25759591026012"
"exdqlm_univar_synth","draw_045",694,"2021-12-05","forecast","-1.05000249824765"
"exdqlm_univar_synth","draw_045",694,"2021-12-06","forecast","-1.18749274629351"
"exdqlm_univar_synth","draw_045",694,"2021-12-07","forecast","-1.51207689734460"
"exdqlm_univar_synth","draw_045",694,"2021-12-08","forecast","-1.16411391254923"
"exdqlm_univar_synth","draw_045",694,"2021-12-09","forecast","-0.716003387442941"
"exdqlm_univar_synth","draw_045",694,"2021-12-10","forecast","-0.958431140006089"
"exdqlm_univar_synth","draw_046",709,"2021-11-13","forecast","-0.452914732650215"
"exdqlm_univar_synth","draw_046",709,"2021-11-14","forecast","-0.449278363540056"
"exdqlm_univar_synth","draw_046",709,"2021-11-15","forecast","-0.754414550176311"
"exdqlm_univar_synth","draw_046",709,"2021-11-16","forecast","-0.424269790376808"
"exdqlm_univar_synth","draw_046",709,"2021-11-17","forecast","-0.613641728374500"
"exdqlm_univar_synth","draw_046",709,"2021-11-18","forecast","-0.664242357219540"
"exdqlm_univar_synth","draw_046",709,"2021-11-19","forecast","-0.877898536607928"
"exdqlm_univar_synth","draw_046",709,"2021-11-20","forecast","-0.733384455893349"
"exdqlm_univar_synth","draw_046",709,"2021-11-21","forecast","-0.996260783747887"
"exdqlm_univar_synth","draw_046",709,"2021-11-22","forecast","-0.926646092719291"
"exdqlm_univar_synth","draw_046",709,"2021-11-23","forecast","-0.740310652281075"
"exdqlm_univar_synth","draw_046",709,"2021-11-24","forecast","-0.831978128568806"
"exdqlm_univar_synth","draw_046",709,"2021-11-25","forecast","-0.989717228726689"
"exdqlm_univar_synth","draw_046",709,"2021-11-26","forecast","-1.20622386995757"
"exdqlm_univar_synth","draw_046",709,"2021-11-27","forecast","-1.02580331240403"
"exdqlm_univar_synth","draw_046",709,"2021-11-28","forecast","-0.957705504596954"
"exdqlm_univar_synth","draw_046",709,"2021-11-29","forecast","-1.09814841924576"
"exdqlm_univar_synth","draw_046",709,"2021-11-30","forecast","-1.24848143698006"
"exdqlm_univar_synth","draw_046",709,"2021-12-01","forecast","-1.35950042461336"
"exdqlm_univar_synth","draw_046",709,"2021-12-02","forecast","-1.02280714800283"
"exdqlm_univar_synth","draw_046",709,"2021-12-03","forecast","-1.19165609613282"
"exdqlm_univar_synth","draw_046",709,"2021-12-04","forecast","-1.11600992843665"
"exdqlm_univar_synth","draw_046",709,"2021-12-05","forecast","-1.30717323409421"
"exdqlm_univar_synth","draw_046",709,"2021-12-06","forecast","-1.58639549048641"
"exdqlm_univar_synth","draw_046",709,"2021-12-07","forecast","-1.28254496029518"
"exdqlm_univar_synth","draw_046",709,"2021-12-08","forecast","-1.06719601694743"
"exdqlm_univar_synth","draw_046",709,"2021-12-09","forecast","-0.793387850540367"
"exdqlm_univar_synth","draw_046",709,"2021-12-10","forecast","-1.01066535537905"
"exdqlm_univar_synth","draw_047",725,"2021-11-13","forecast","-0.691886118181641"
"exdqlm_univar_synth","draw_047",725,"2021-11-14","forecast","-0.745355671338213"
"exdqlm_univar_synth","draw_047",725,"2021-11-15","forecast","-0.602747416545006"
"exdqlm_univar_synth","draw_047",725,"2021-11-16","forecast","-0.830977526764419"
"exdqlm_univar_synth","draw_047",725,"2021-11-17","forecast","-0.619862217053657"
"exdqlm_univar_synth","draw_047",725,"2021-11-18","forecast","-0.550034058203541"
"exdqlm_univar_synth","draw_047",725,"2021-11-19","forecast","-0.779655058601154"
"exdqlm_univar_synth","draw_047",725,"2021-11-20","forecast","-1.02602552877159"
"exdqlm_univar_synth","draw_047",725,"2021-11-21","forecast","-1.04622852034432"
"exdqlm_univar_synth","draw_047",725,"2021-11-22","forecast","-1.03803388275285"
"exdqlm_univar_synth","draw_047",725,"2021-11-23","forecast","-0.826455021196471"
"exdqlm_univar_synth","draw_047",725,"2021-11-24","forecast","-1.13731015787294"
"exdqlm_univar_synth","draw_047",725,"2021-11-25","forecast","-0.989607970754322"
"exdqlm_univar_synth","draw_047",725,"2021-11-26","forecast","-0.885755172430570"
"exdqlm_univar_synth","draw_047",725,"2021-11-27","forecast","-1.40919475493666"
"exdqlm_univar_synth","draw_047",725,"2021-11-28","forecast","-1.07023086619100"
"exdqlm_univar_synth","draw_047",725,"2021-11-29","forecast","-1.09539224804233"
"exdqlm_univar_synth","draw_047",725,"2021-11-30","forecast","-0.997133575563337"
"exdqlm_univar_synth","draw_047",725,"2021-12-01","forecast","-1.01308037276251"
"exdqlm_univar_synth","draw_047",725,"2021-12-02","forecast","-0.979035498710432"
"exdqlm_univar_synth","draw_047",725,"2021-12-03","forecast","-1.02877718085417"
"exdqlm_univar_synth","draw_047",725,"2021-12-04","forecast","-1.01015976810577"
"exdqlm_univar_synth","draw_047",725,"2021-12-05","forecast","-0.991343532538925"
"exdqlm_univar_synth","draw_047",725,"2021-12-06","forecast","-1.38763641843623"
"exdqlm_univar_synth","draw_047",725,"2021-12-07","forecast","-1.41573351330117"
"exdqlm_univar_synth","draw_047",725,"2021-12-08","forecast","-1.08573281147681"
"exdqlm_univar_synth","draw_047",725,"2021-12-09","forecast","-1.10922242170344"
"exdqlm_univar_synth","draw_047",725,"2021-12-10","forecast","-1.17814694661250"
"exdqlm_univar_synth","draw_048",741,"2021-11-13","forecast","-0.704533842228053"
"exdqlm_univar_synth","draw_048",741,"2021-11-14","forecast","-0.857316203603389"
"exdqlm_univar_synth","draw_048",741,"2021-11-15","forecast","-0.386472380868282"
"exdqlm_univar_synth","draw_048",741,"2021-11-16","forecast","-1.13590253311717"
"exdqlm_univar_synth","draw_048",741,"2021-11-17","forecast","-0.620910373169897"
"exdqlm_univar_synth","draw_048",741,"2021-11-18","forecast","-0.891783511516771"
"exdqlm_univar_synth","draw_048",741,"2021-11-19","forecast","-0.846401505115357"
"exdqlm_univar_synth","draw_048",741,"2021-11-20","forecast","-0.897862586291291"
"exdqlm_univar_synth","draw_048",741,"2021-11-21","forecast","-0.794276696905749"
"exdqlm_univar_synth","draw_048",741,"2021-11-22","forecast","-0.923505907211967"
"exdqlm_univar_synth","draw_048",741,"2021-11-23","forecast","-0.754979651090738"
"exdqlm_univar_synth","draw_048",741,"2021-11-24","forecast","-0.861954823682568"
"exdqlm_univar_synth","draw_048",741,"2021-11-25","forecast","-0.993471500063980"
"exdqlm_univar_synth","draw_048",741,"2021-11-26","forecast","-0.801153162306937"
"exdqlm_univar_synth","draw_048",741,"2021-11-27","forecast","-1.01707644440713"
"exdqlm_univar_synth","draw_048",741,"2021-11-28","forecast","-0.980423911523927"
"exdqlm_univar_synth","draw_048",741,"2021-11-29","forecast","-1.56920241223877"
"exdqlm_univar_synth","draw_048",741,"2021-11-30","forecast","-1.04939461046630"
"exdqlm_univar_synth","draw_048",741,"2021-12-01","forecast","-1.25466219092728"
"exdqlm_univar_synth","draw_048",741,"2021-12-02","forecast","-0.983658724476421"
"exdqlm_univar_synth","draw_048",741,"2021-12-03","forecast","-1.13594865367512"
"exdqlm_univar_synth","draw_048",741,"2021-12-04","forecast","-0.997307077538696"
"exdqlm_univar_synth","draw_048",741,"2021-12-05","forecast","-1.38869575483849"
"exdqlm_univar_synth","draw_048",741,"2021-12-06","forecast","-1.23928247885605"
"exdqlm_univar_synth","draw_048",741,"2021-12-07","forecast","-1.16951335145717"
"exdqlm_univar_synth","draw_048",741,"2021-12-08","forecast","-1.22842460724654"
"exdqlm_univar_synth","draw_048",741,"2021-12-09","forecast","-0.481255796299876"
"exdqlm_univar_synth","draw_048",741,"2021-12-10","forecast","-1.28719927288888"
"exdqlm_univar_synth","draw_049",757,"2021-11-13","forecast","-0.691578696566770"
"exdqlm_univar_synth","draw_049",757,"2021-11-14","forecast","-0.583979576104724"
"exdqlm_univar_synth","draw_049",757,"2021-11-15","forecast","-0.500278177251232"
"exdqlm_univar_synth","draw_049",757,"2021-11-16","forecast","-0.460324021418504"
"exdqlm_univar_synth","draw_049",757,"2021-11-17","forecast","-0.599240466630012"
"exdqlm_univar_synth","draw_049",757,"2021-11-18","forecast","-0.566880473264618"
"exdqlm_univar_synth","draw_049",757,"2021-11-19","forecast","-0.843079264808998"
"exdqlm_univar_synth","draw_049",757,"2021-11-20","forecast","-1.10638806958232"
"exdqlm_univar_synth","draw_049",757,"2021-11-21","forecast","-0.731284556015006"
"exdqlm_univar_synth","draw_049",757,"2021-11-22","forecast","-1.27329403573462"
"exdqlm_univar_synth","draw_049",757,"2021-11-23","forecast","-0.763475012920664"
"exdqlm_univar_synth","draw_049",757,"2021-11-24","forecast","-0.831836607928477"
"exdqlm_univar_synth","draw_049",757,"2021-11-25","forecast","-0.982732533230439"
"exdqlm_univar_synth","draw_049",757,"2021-11-26","forecast","-0.800620989822217"
"exdqlm_univar_synth","draw_049",757,"2021-11-27","forecast","-1.03244682599377"
"exdqlm_univar_synth","draw_049",757,"2021-11-28","forecast","-1.14218065302791"
"exdqlm_univar_synth","draw_049",757,"2021-11-29","forecast","-1.48119897169100"
"exdqlm_univar_synth","draw_049",757,"2021-11-30","forecast","-1.33070159316342"
"exdqlm_univar_synth","draw_049",757,"2021-12-01","forecast","-1.62579555945073"
"exdqlm_univar_synth","draw_049",757,"2021-12-02","forecast","-0.973027710282123"
"exdqlm_univar_synth","draw_049",757,"2021-12-03","forecast","-1.07250307137066"
"exdqlm_univar_synth","draw_049",757,"2021-12-04","forecast","-0.998686036008756"
"exdqlm_univar_synth","draw_049",757,"2021-12-05","forecast","-1.06817440534249"
"exdqlm_univar_synth","draw_049",757,"2021-12-06","forecast","-1.18664697857818"
"exdqlm_univar_synth","draw_049",757,"2021-12-07","forecast","-1.09847591660158"
"exdqlm_univar_synth","draw_049",757,"2021-12-08","forecast","-1.47894044707668"
"exdqlm_univar_synth","draw_049",757,"2021-12-09","forecast","-0.719446721012530"
"exdqlm_univar_synth","draw_049",757,"2021-12-10","forecast","-1.12770039684790"
"exdqlm_univar_synth","draw_050",772,"2021-11-13","forecast","-0.745802860868155"
"exdqlm_univar_synth","draw_050",772,"2021-11-14","forecast","-0.453566706028288"
"exdqlm_univar_synth","draw_050",772,"2021-11-15","forecast","-0.419430788856160"
"exdqlm_univar_synth","draw_050",772,"2021-11-16","forecast","-0.788133368163070"
"exdqlm_univar_synth","draw_050",772,"2021-11-17","forecast","-0.900585899456454"
"exdqlm_univar_synth","draw_050",772,"2021-11-18","forecast","-0.782021572087261"
"exdqlm_univar_synth","draw_050",772,"2021-11-19","forecast","-0.806822071187553"
"exdqlm_univar_synth","draw_050",772,"2021-11-20","forecast","-1.03604710918547"
"exdqlm_univar_synth","draw_050",772,"2021-11-21","forecast","-0.786114101599654"
"exdqlm_univar_synth","draw_050",772,"2021-11-22","forecast","-1.13577410632551"
"exdqlm_univar_synth","draw_050",772,"2021-11-23","forecast","-0.892999986859665"
"exdqlm_univar_synth","draw_050",772,"2021-11-24","forecast","-0.841995403234979"
"exdqlm_univar_synth","draw_050",772,"2021-11-25","forecast","-0.990912553453421"
"exdqlm_univar_synth","draw_050",772,"2021-11-26","forecast","-1.14163402765285"
"exdqlm_univar_synth","draw_050",772,"2021-11-27","forecast","-1.02106848316695"
"exdqlm_univar_synth","draw_050",772,"2021-11-28","forecast","-0.930558460285760"
"exdqlm_univar_synth","draw_050",772,"2021-11-29","forecast","-1.31101901251802"
"exdqlm_univar_synth","draw_050",772,"2021-11-30","forecast","-1.19413506635442"
"exdqlm_univar_synth","draw_050",772,"2021-12-01","forecast","-1.01325225135936"
"exdqlm_univar_synth","draw_050",772,"2021-12-02","forecast","-1.29380502077435"
"exdqlm_univar_synth","draw_050",772,"2021-12-03","forecast","-1.33066854281902"
"exdqlm_univar_synth","draw_050",772,"2021-12-04","forecast","-0.992764668642872"
"exdqlm_univar_synth","draw_050",772,"2021-12-05","forecast","-0.996867793740650"
"exdqlm_univar_synth","draw_050",772,"2021-12-06","forecast","-1.32887700390966"
"exdqlm_univar_synth","draw_050",772,"2021-12-07","forecast","-1.07640871313121"
"exdqlm_univar_synth","draw_050",772,"2021-12-08","forecast","-1.06761343181429"
"exdqlm_univar_synth","draw_050",772,"2021-12-09","forecast","-0.652375746953865"
"exdqlm_univar_synth","draw_050",772,"2021-12-10","forecast","-0.960655366970759"
"exdqlm_univar_synth","draw_051",788,"2021-11-13","forecast","-0.451134760354586"
"exdqlm_univar_synth","draw_051",788,"2021-11-14","forecast","-0.327854341438818"
"exdqlm_univar_synth","draw_051",788,"2021-11-15","forecast","-0.778334602441593"
"exdqlm_univar_synth","draw_051",788,"2021-11-16","forecast","-0.586221119775733"
"exdqlm_univar_synth","draw_051",788,"2021-11-17","forecast","-0.956893057236446"
"exdqlm_univar_synth","draw_051",788,"2021-11-18","forecast","-0.601521866537059"
"exdqlm_univar_synth","draw_051",788,"2021-11-19","forecast","-0.806811191658515"
"exdqlm_univar_synth","draw_051",788,"2021-11-20","forecast","-0.887870394106438"
"exdqlm_univar_synth","draw_051",788,"2021-11-21","forecast","-0.729990641226194"
"exdqlm_univar_synth","draw_051",788,"2021-11-22","forecast","-0.929646137224615"
"exdqlm_univar_synth","draw_051",788,"2021-11-23","forecast","-0.927265271970041"
"exdqlm_univar_synth","draw_051",788,"2021-11-24","forecast","-0.832071405093214"
"exdqlm_univar_synth","draw_051",788,"2021-11-25","forecast","-0.990259683451072"
"exdqlm_univar_synth","draw_051",788,"2021-11-26","forecast","-0.875049756708527"
"exdqlm_univar_synth","draw_051",788,"2021-11-27","forecast","-0.959331138294058"
"exdqlm_univar_synth","draw_051",788,"2021-11-28","forecast","-0.925425618276117"
"exdqlm_univar_synth","draw_051",788,"2021-11-29","forecast","-1.09375358882569"
"exdqlm_univar_synth","draw_051",788,"2021-11-30","forecast","-1.04045543439554"
"exdqlm_univar_synth","draw_051",788,"2021-12-01","forecast","-1.27322609988325"
"exdqlm_univar_synth","draw_051",788,"2021-12-02","forecast","-1.10193985491995"
"exdqlm_univar_synth","draw_051",788,"2021-12-03","forecast","-1.06937097357970"
"exdqlm_univar_synth","draw_051",788,"2021-12-04","forecast","-1.43729471617149"
"exdqlm_univar_synth","draw_051",788,"2021-12-05","forecast","-1.23525432145813"
"exdqlm_univar_synth","draw_051",788,"2021-12-06","forecast","-1.17504124991177"
"exdqlm_univar_synth","draw_051",788,"2021-12-07","forecast","-0.919656069451458"
"exdqlm_univar_synth","draw_051",788,"2021-12-08","forecast","-1.38813039159240"
"exdqlm_univar_synth","draw_051",788,"2021-12-09","forecast","-0.867297136284908"
"exdqlm_univar_synth","draw_051",788,"2021-12-10","forecast","-0.970642747695019"
"exdqlm_univar_synth","draw_052",804,"2021-11-13","forecast","-0.442856180846815"
"exdqlm_univar_synth","draw_052",804,"2021-11-14","forecast","-0.615285583561768"
"exdqlm_univar_synth","draw_052",804,"2021-11-15","forecast","-0.538736112321721"
"exdqlm_univar_synth","draw_052",804,"2021-11-16","forecast","-0.570580410336597"
"exdqlm_univar_synth","draw_052",804,"2021-11-17","forecast","-0.784671833863572"
"exdqlm_univar_synth","draw_052",804,"2021-11-18","forecast","-0.872517102020152"
"exdqlm_univar_synth","draw_052",804,"2021-11-19","forecast","-0.871904960827602"
"exdqlm_univar_synth","draw_052",804,"2021-11-20","forecast","-0.802442198747337"
"exdqlm_univar_synth","draw_052",804,"2021-11-21","forecast","-1.01118471604236"
"exdqlm_univar_synth","draw_052",804,"2021-11-22","forecast","-1.13151902619067"
"exdqlm_univar_synth","draw_052",804,"2021-11-23","forecast","-1.06279384568037"
"exdqlm_univar_synth","draw_052",804,"2021-11-24","forecast","-0.839904917432201"
"exdqlm_univar_synth","draw_052",804,"2021-11-25","forecast","-1.00486770668601"
"exdqlm_univar_synth","draw_052",804,"2021-11-26","forecast","-0.800205170981445"
"exdqlm_univar_synth","draw_052",804,"2021-11-27","forecast","-1.03101414698649"
"exdqlm_univar_synth","draw_052",804,"2021-11-28","forecast","-1.06777394436907"
"exdqlm_univar_synth","draw_052",804,"2021-11-29","forecast","-1.09859369726020"
"exdqlm_univar_synth","draw_052",804,"2021-11-30","forecast","-0.996821127497703"
"exdqlm_univar_synth","draw_052",804,"2021-12-01","forecast","-1.24689793997433"
"exdqlm_univar_synth","draw_052",804,"2021-12-02","forecast","-1.46720924198293"
"exdqlm_univar_synth","draw_052",804,"2021-12-03","forecast","-1.03702023987990"
"exdqlm_univar_synth","draw_052",804,"2021-12-04","forecast","-0.997251899936792"
"exdqlm_univar_synth","draw_052",804,"2021-12-05","forecast","-0.992279861699808"
"exdqlm_univar_synth","draw_052",804,"2021-12-06","forecast","-1.53018898527078"
"exdqlm_univar_synth","draw_052",804,"2021-12-07","forecast","-1.27195489710392"
"exdqlm_univar_synth","draw_052",804,"2021-12-08","forecast","-1.06545609323020"
"exdqlm_univar_synth","draw_052",804,"2021-12-09","forecast","-1.32958906769952"
"exdqlm_univar_synth","draw_052",804,"2021-12-10","forecast","-1.33183525363945"
"exdqlm_univar_synth","draw_053",819,"2021-11-13","forecast","-0.570165519816547"
"exdqlm_univar_synth","draw_053",819,"2021-11-14","forecast","-0.368833786574606"
"exdqlm_univar_synth","draw_053",819,"2021-11-15","forecast","-0.407064627261025"
"exdqlm_univar_synth","draw_053",819,"2021-11-16","forecast","-0.500297558144407"
"exdqlm_univar_synth","draw_053",819,"2021-11-17","forecast","-0.929417151706748"
"exdqlm_univar_synth","draw_053",819,"2021-11-18","forecast","-0.922296900577492"
"exdqlm_univar_synth","draw_053",819,"2021-11-19","forecast","-0.816862615272525"
"exdqlm_univar_synth","draw_053",819,"2021-11-20","forecast","-0.738195862196764"
"exdqlm_univar_synth","draw_053",819,"2021-11-21","forecast","-0.730999580819961"
"exdqlm_univar_synth","draw_053",819,"2021-11-22","forecast","-0.990714721211763"
"exdqlm_univar_synth","draw_053",819,"2021-11-23","forecast","-1.22818119323464"
"exdqlm_univar_synth","draw_053",819,"2021-11-24","forecast","-0.843868893983370"
"exdqlm_univar_synth","draw_053",819,"2021-11-25","forecast","-0.990744881165855"
"exdqlm_univar_synth","draw_053",819,"2021-11-26","forecast","-0.798435040965862"
"exdqlm_univar_synth","draw_053",819,"2021-11-27","forecast","-1.03303900062533"
"exdqlm_univar_synth","draw_053",819,"2021-11-28","forecast","-0.932411175177357"
"exdqlm_univar_synth","draw_053",819,"2021-11-29","forecast","-1.09981246155416"
"exdqlm_univar_synth","draw_053",819,"2021-11-30","forecast","-1.00804682290120"
"exdqlm_univar_synth","draw_053",819,"2021-12-01","forecast","-1.01789242804844"
"exdqlm_univar_synth","draw_053",819,"2021-12-02","forecast","-0.978086131424395"
"exdqlm_univar_synth","draw_053",819,"2021-12-03","forecast","-1.03488854520909"
"exdqlm_univar_synth","draw_053",819,"2021-12-04","forecast","-1.00563221877563"
"exdqlm_univar_synth","draw_053",819,"2021-12-05","forecast","-1.00592170429116"
"exdqlm_univar_synth","draw_053",819,"2021-12-06","forecast","0"
"exdqlm_univar_synth","draw_053",819,"2021-12-07","forecast","-1.41742571822600"
"exdqlm_univar_synth","draw_053",819,"2021-12-08","forecast","-1.05526432939179"
"exdqlm_univar_synth","draw_053",819,"2021-12-09","forecast","-0.722018335535702"
"exdqlm_univar_synth","draw_053",819,"2021-12-10","forecast","-0.962872232522950"
"exdqlm_univar_synth","draw_054",835,"2021-11-13","forecast","-0.518335231668046"
"exdqlm_univar_synth","draw_054",835,"2021-11-14","forecast","-0.596031054445713"
"exdqlm_univar_synth","draw_054",835,"2021-11-15","forecast","-0.993681086680486"
"exdqlm_univar_synth","draw_054",835,"2021-11-16","forecast","-0.549985710126255"
"exdqlm_univar_synth","draw_054",835,"2021-11-17","forecast","-0.689302535885311"
"exdqlm_univar_synth","draw_054",835,"2021-11-18","forecast","-0.939518032266646"
"exdqlm_univar_synth","draw_054",835,"2021-11-19","forecast","-0.744070274679188"
"exdqlm_univar_synth","draw_054",835,"2021-11-20","forecast","-0.901174790990421"
"exdqlm_univar_synth","draw_054",835,"2021-11-21","forecast","-0.819320859106366"
"exdqlm_univar_synth","draw_054",835,"2021-11-22","forecast","-1.03183343130996"
"exdqlm_univar_synth","draw_054",835,"2021-11-23","forecast","-0.695064586291579"
"exdqlm_univar_synth","draw_054",835,"2021-11-24","forecast","-0.840784339146342"
"exdqlm_univar_synth","draw_054",835,"2021-11-25","forecast","-1.34675693436821"
"exdqlm_univar_synth","draw_054",835,"2021-11-26","forecast","-0.800522081461335"
"exdqlm_univar_synth","draw_054",835,"2021-11-27","forecast","-1.37810443556686"
"exdqlm_univar_synth","draw_054",835,"2021-11-28","forecast","-0.935498463822172"
"exdqlm_univar_synth","draw_054",835,"2021-11-29","forecast","-1.28310075107500"
"exdqlm_univar_synth","draw_054",835,"2021-11-30","forecast","-1.11419259410549"
"exdqlm_univar_synth","draw_054",835,"2021-12-01","forecast","-1.38969764259880"
"exdqlm_univar_synth","draw_054",835,"2021-12-02","forecast","-1.07615918261682"
"exdqlm_univar_synth","draw_054",835,"2021-12-03","forecast","-1.03938376628241"
"exdqlm_univar_synth","draw_054",835,"2021-12-04","forecast","-1.01288244786261"
"exdqlm_univar_synth","draw_054",835,"2021-12-05","forecast","-1.03548338960257"
"exdqlm_univar_synth","draw_054",835,"2021-12-06","forecast","-1.19616070834135"
"exdqlm_univar_synth","draw_054",835,"2021-12-07","forecast","-1.07014371925481"
"exdqlm_univar_synth","draw_054",835,"2021-12-08","forecast","-1.05918518607617"
"exdqlm_univar_synth","draw_054",835,"2021-12-09","forecast","-1.06611901162589"
"exdqlm_univar_synth","draw_054",835,"2021-12-10","forecast","-0.988252820847746"
"exdqlm_univar_synth","draw_055",851,"2021-11-13","forecast","-0.743721803198160"
"exdqlm_univar_synth","draw_055",851,"2021-11-14","forecast","-0.661318581822136"
"exdqlm_univar_synth","draw_055",851,"2021-11-15","forecast","-0.180452634604552"
"exdqlm_univar_synth","draw_055",851,"2021-11-16","forecast","-0.566509390352603"
"exdqlm_univar_synth","draw_055",851,"2021-11-17","forecast","-0.627134267334935"
"exdqlm_univar_synth","draw_055",851,"2021-11-18","forecast","-0.645711377018870"
"exdqlm_univar_synth","draw_055",851,"2021-11-19","forecast","-1.10822621154846"
"exdqlm_univar_synth","draw_055",851,"2021-11-20","forecast","-0.682407421318597"
"exdqlm_univar_synth","draw_055",851,"2021-11-21","forecast","-0.751179681296550"
"exdqlm_univar_synth","draw_055",851,"2021-11-22","forecast","-1.19764148490559"
"exdqlm_univar_synth","draw_055",851,"2021-11-23","forecast","-1.07916295022520"
"exdqlm_univar_synth","draw_055",851,"2021-11-24","forecast","-0.840460952165478"
"exdqlm_univar_synth","draw_055",851,"2021-11-25","forecast","-0.946331414499565"
"exdqlm_univar_synth","draw_055",851,"2021-11-26","forecast","-1.14685951522005"
"exdqlm_univar_synth","draw_055",851,"2021-11-27","forecast","-1.01990515929947"
"exdqlm_univar_synth","draw_055",851,"2021-11-28","forecast","-1.09878626996034"
"exdqlm_univar_synth","draw_055",851,"2021-11-29","forecast","-1.12002864045372"
"exdqlm_univar_synth","draw_055",851,"2021-11-30","forecast","-1.00755348393164"
"exdqlm_univar_synth","draw_055",851,"2021-12-01","forecast","-1.02292205473355"
"exdqlm_univar_synth","draw_055",851,"2021-12-02","forecast","-1.01059677215300"
"exdqlm_univar_synth","draw_055",851,"2021-12-03","forecast","-1.32099127121731"
"exdqlm_univar_synth","draw_055",851,"2021-12-04","forecast","-1.27697708091126"
"exdqlm_univar_synth","draw_055",851,"2021-12-05","forecast","-1.01410698361571"
"exdqlm_univar_synth","draw_055",851,"2021-12-06","forecast","-1.43902491249331"
"exdqlm_univar_synth","draw_055",851,"2021-12-07","forecast","-0.990019568971110"
"exdqlm_univar_synth","draw_055",851,"2021-12-08","forecast","-1.57817863926450"
"exdqlm_univar_synth","draw_055",851,"2021-12-09","forecast","-0.718756383615707"
"exdqlm_univar_synth","draw_055",851,"2021-12-10","forecast","-1.00058092314905"
"exdqlm_univar_synth","draw_056",867,"2021-11-13","forecast","-0.653571244588533"
"exdqlm_univar_synth","draw_056",867,"2021-11-14","forecast","-0.693712304276720"
"exdqlm_univar_synth","draw_056",867,"2021-11-15","forecast","-0.458383430517276"
"exdqlm_univar_synth","draw_056",867,"2021-11-16","forecast","-0.755542469061997"
"exdqlm_univar_synth","draw_056",867,"2021-11-17","forecast","-0.966550956469340"
"exdqlm_univar_synth","draw_056",867,"2021-11-18","forecast","-0.571179251219002"
"exdqlm_univar_synth","draw_056",867,"2021-11-19","forecast","-0.991675032297419"
"exdqlm_univar_synth","draw_056",867,"2021-11-20","forecast","-0.908106296131618"
"exdqlm_univar_synth","draw_056",867,"2021-11-21","forecast","-0.868698741312666"
"exdqlm_univar_synth","draw_056",867,"2021-11-22","forecast","-1.10292612759022"
"exdqlm_univar_synth","draw_056",867,"2021-11-23","forecast","-0.758650330795749"
"exdqlm_univar_synth","draw_056",867,"2021-11-24","forecast","-0.839436436286261"
"exdqlm_univar_synth","draw_056",867,"2021-11-25","forecast","-0.993610666862273"
"exdqlm_univar_synth","draw_056",867,"2021-11-26","forecast","-0.803502133221605"
"exdqlm_univar_synth","draw_056",867,"2021-11-27","forecast","-1.23123798071195"
"exdqlm_univar_synth","draw_056",867,"2021-11-28","forecast","-1.08557696688844"
"exdqlm_univar_synth","draw_056",867,"2021-11-29","forecast","-1.01127773033441"
"exdqlm_univar_synth","draw_056",867,"2021-11-30","forecast","-0.999398207299198"
"exdqlm_univar_synth","draw_056",867,"2021-12-01","forecast","-1.02170579099333"
"exdqlm_univar_synth","draw_056",867,"2021-12-02","forecast","-1.40682915755096"
"exdqlm_univar_synth","draw_056",867,"2021-12-03","forecast","-1.24041232925357"
"exdqlm_univar_synth","draw_056",867,"2021-12-04","forecast","-1.38993615765906"
"exdqlm_univar_synth","draw_056",867,"2021-12-05","forecast","-1.00032035491185"
"exdqlm_univar_synth","draw_056",867,"2021-12-06","forecast","-1.32155732568392"
"exdqlm_univar_synth","draw_056",867,"2021-12-07","forecast","-1.14751793649216"
"exdqlm_univar_synth","draw_056",867,"2021-12-08","forecast","-1.05639736993614"
"exdqlm_univar_synth","draw_056",867,"2021-12-09","forecast","-0.719936875661635"
"exdqlm_univar_synth","draw_056",867,"2021-12-10","forecast","-1.38922455634398"
"exdqlm_univar_synth","draw_057",882,"2021-11-13","forecast","-0.447425048393122"
"exdqlm_univar_synth","draw_057",882,"2021-11-14","forecast","-0.396325136244669"
"exdqlm_univar_synth","draw_057",882,"2021-11-15","forecast","-0.623221129954254"
"exdqlm_univar_synth","draw_057",882,"2021-11-16","forecast","-0.936950160936363"
"exdqlm_univar_synth","draw_057",882,"2021-11-17","forecast","-0.617458101492952"
"exdqlm_univar_synth","draw_057",882,"2021-11-18","forecast","-0.607645411352230"
"exdqlm_univar_synth","draw_057",882,"2021-11-19","forecast","-0.776695952814460"
"exdqlm_univar_synth","draw_057",882,"2021-11-20","forecast","-0.632031221473631"
"exdqlm_univar_synth","draw_057",882,"2021-11-21","forecast","-0.769080751171619"
"exdqlm_univar_synth","draw_057",882,"2021-11-22","forecast","-1.06987915145862"
"exdqlm_univar_synth","draw_057",882,"2021-11-23","forecast","-0.876863361856616"
"exdqlm_univar_synth","draw_057",882,"2021-11-24","forecast","-0.837218888595897"
"exdqlm_univar_synth","draw_057",882,"2021-11-25","forecast","-1.27873095941098"
"exdqlm_univar_synth","draw_057",882,"2021-11-26","forecast","-0.982611142534369"
"exdqlm_univar_synth","draw_057",882,"2021-11-27","forecast","-1.05273228928955"
"exdqlm_univar_synth","draw_057",882,"2021-11-28","forecast","-1.47131726483829"
"exdqlm_univar_synth","draw_057",882,"2021-11-29","forecast","-1.46413261700458"
"exdqlm_univar_synth","draw_057",882,"2021-11-30","forecast","-1.39266118795517"
"exdqlm_univar_synth","draw_057",882,"2021-12-01","forecast","-1.02525805206905"
"exdqlm_univar_synth","draw_057",882,"2021-12-02","forecast","-1.28311582583365"
"exdqlm_univar_synth","draw_057",882,"2021-12-03","forecast","-1.43743412796435"
"exdqlm_univar_synth","draw_057",882,"2021-12-04","forecast","-0.995716958719363"
"exdqlm_univar_synth","draw_057",882,"2021-12-05","forecast","-1.17103418818272"
"exdqlm_univar_synth","draw_057",882,"2021-12-06","forecast","-1.27281479012946"
"exdqlm_univar_synth","draw_057",882,"2021-12-07","forecast","-1.52449003761760"
"exdqlm_univar_synth","draw_057",882,"2021-12-08","forecast","-1.49561566404457"
"exdqlm_univar_synth","draw_057",882,"2021-12-09","forecast","-1.30542587944346"
"exdqlm_univar_synth","draw_057",882,"2021-12-10","forecast","-1.20979921582953"
"exdqlm_univar_synth","draw_058",898,"2021-11-13","forecast","-0.688900355240817"
"exdqlm_univar_synth","draw_058",898,"2021-11-14","forecast","-0.451591326463041"
"exdqlm_univar_synth","draw_058",898,"2021-11-15","forecast","-0.524299025936344"
"exdqlm_univar_synth","draw_058",898,"2021-11-16","forecast","-0.776082970460396"
"exdqlm_univar_synth","draw_058",898,"2021-11-17","forecast","-0.798531524518332"
"exdqlm_univar_synth","draw_058",898,"2021-11-18","forecast","-0.683822253481832"
"exdqlm_univar_synth","draw_058",898,"2021-11-19","forecast","-0.775258384668606"
"exdqlm_univar_synth","draw_058",898,"2021-11-20","forecast","-1.05227516228580"
"exdqlm_univar_synth","draw_058",898,"2021-11-21","forecast","-0.952224137308485"
"exdqlm_univar_synth","draw_058",898,"2021-11-22","forecast","-1.17914169745716"
"exdqlm_univar_synth","draw_058",898,"2021-11-23","forecast","-0.839765420111306"
"exdqlm_univar_synth","draw_058",898,"2021-11-24","forecast","-1.21102639476393"
"exdqlm_univar_synth","draw_058",898,"2021-11-25","forecast","-1.03369514376579"
"exdqlm_univar_synth","draw_058",898,"2021-11-26","forecast","-0.679269535901727"
"exdqlm_univar_synth","draw_058",898,"2021-11-27","forecast","-1.32907655392142"
"exdqlm_univar_synth","draw_058",898,"2021-11-28","forecast","-0.930703367006750"
"exdqlm_univar_synth","draw_058",898,"2021-11-29","forecast","-1.09378088484741"
"exdqlm_univar_synth","draw_058",898,"2021-11-30","forecast","-1.01410968492128"
"exdqlm_univar_synth","draw_058",898,"2021-12-01","forecast","-1.01542691837556"
"exdqlm_univar_synth","draw_058",898,"2021-12-02","forecast","-1.41085568849374"
"exdqlm_univar_synth","draw_058",898,"2021-12-03","forecast","-1.03073516897698"
"exdqlm_univar_synth","draw_058",898,"2021-12-04","forecast","-1.42637852005646"
"exdqlm_univar_synth","draw_058",898,"2021-12-05","forecast","-1.00811662940110"
"exdqlm_univar_synth","draw_058",898,"2021-12-06","forecast","-1.61423969283999"
"exdqlm_univar_synth","draw_058",898,"2021-12-07","forecast","-1.45368809835857"
"exdqlm_univar_synth","draw_058",898,"2021-12-08","forecast","-1.07820601402645"
"exdqlm_univar_synth","draw_058",898,"2021-12-09","forecast","-1.20703955831748"
"exdqlm_univar_synth","draw_058",898,"2021-12-10","forecast","-1.28783381797754"
"exdqlm_univar_synth","draw_059",914,"2021-11-13","forecast","-0.448370993727968"
"exdqlm_univar_synth","draw_059",914,"2021-11-14","forecast","-0.429383712880227"
"exdqlm_univar_synth","draw_059",914,"2021-11-15","forecast","-0.498311012344610"
"exdqlm_univar_synth","draw_059",914,"2021-11-16","forecast","-0.661398704628612"
"exdqlm_univar_synth","draw_059",914,"2021-11-17","forecast","-0.611366874641048"
"exdqlm_univar_synth","draw_059",914,"2021-11-18","forecast","-0.592144217420549"
"exdqlm_univar_synth","draw_059",914,"2021-11-19","forecast","-0.951247203837923"
"exdqlm_univar_synth","draw_059",914,"2021-11-20","forecast","-1.12470626630930"
"exdqlm_univar_synth","draw_059",914,"2021-11-21","forecast","-0.685138752566338"
"exdqlm_univar_synth","draw_059",914,"2021-11-22","forecast","-1.37082868089349"
"exdqlm_univar_synth","draw_059",914,"2021-11-23","forecast","-0.809087562698791"
"exdqlm_univar_synth","draw_059",914,"2021-11-24","forecast","-0.840425579124007"
"exdqlm_univar_synth","draw_059",914,"2021-11-25","forecast","-1.42313032070967"
"exdqlm_univar_synth","draw_059",914,"2021-11-26","forecast","-0.790175326323494"
"exdqlm_univar_synth","draw_059",914,"2021-11-27","forecast","-1.46942455751212"
"exdqlm_univar_synth","draw_059",914,"2021-11-28","forecast","-1.25256859401102"
"exdqlm_univar_synth","draw_059",914,"2021-11-29","forecast","-1.09720838955730"
"exdqlm_univar_synth","draw_059",914,"2021-11-30","forecast","-1.25732509627801"
"exdqlm_univar_synth","draw_059",914,"2021-12-01","forecast","-1.38387137843684"
"exdqlm_univar_synth","draw_059",914,"2021-12-02","forecast","-1.05300504161959"
"exdqlm_univar_synth","draw_059",914,"2021-12-03","forecast","-1.04576146030363"
"exdqlm_univar_synth","draw_059",914,"2021-12-04","forecast","-0.955187922565331"
"exdqlm_univar_synth","draw_059",914,"2021-12-05","forecast","-0.993487504201214"
"exdqlm_univar_synth","draw_059",914,"2021-12-06","forecast","-1.19847543047528"
"exdqlm_univar_synth","draw_059",914,"2021-12-07","forecast","-1.07089982395622"
"exdqlm_univar_synth","draw_059",914,"2021-12-08","forecast","-1.27372698495746"
"exdqlm_univar_synth","draw_059",914,"2021-12-09","forecast","-0.774041175919277"
"exdqlm_univar_synth","draw_059",914,"2021-12-10","forecast","-1.39347553258444"
"exdqlm_univar_synth","draw_060",930,"2021-11-13","forecast","-0.645064327803227"
"exdqlm_univar_synth","draw_060",930,"2021-11-14","forecast","-0.404512388422394"
"exdqlm_univar_synth","draw_060",930,"2021-11-15","forecast","-0.424133404861625"
"exdqlm_univar_synth","draw_060",930,"2021-11-16","forecast","-0.708408246184618"
"exdqlm_univar_synth","draw_060",930,"2021-11-17","forecast","-0.629359730021964"
"exdqlm_univar_synth","draw_060",930,"2021-11-18","forecast","-0.785407834980060"
"exdqlm_univar_synth","draw_060",930,"2021-11-19","forecast","-0.872255121299768"
"exdqlm_univar_synth","draw_060",930,"2021-11-20","forecast","-1.00879058022313"
"exdqlm_univar_synth","draw_060",930,"2021-11-21","forecast","-0.673518556843518"
"exdqlm_univar_synth","draw_060",930,"2021-11-22","forecast","-1.24189473338226"
"exdqlm_univar_synth","draw_060",930,"2021-11-23","forecast","-1.14324156433978"
"exdqlm_univar_synth","draw_060",930,"2021-11-24","forecast","-0.840274992910363"
"exdqlm_univar_synth","draw_060",930,"2021-11-25","forecast","-1.22054814228294"
"exdqlm_univar_synth","draw_060",930,"2021-11-26","forecast","-0.798228962220441"
"exdqlm_univar_synth","draw_060",930,"2021-11-27","forecast","-1.18859287835155"
"exdqlm_univar_synth","draw_060",930,"2021-11-28","forecast","-0.932630490586440"
"exdqlm_univar_synth","draw_060",930,"2021-11-29","forecast","-1.52209791284493"
"exdqlm_univar_synth","draw_060",930,"2021-11-30","forecast","-1.03360751444503"
"exdqlm_univar_synth","draw_060",930,"2021-12-01","forecast","-1.02819385626700"
"exdqlm_univar_synth","draw_060",930,"2021-12-02","forecast","-0.981466125851086"
"exdqlm_univar_synth","draw_060",930,"2021-12-03","forecast","-1.02712630979271"
"exdqlm_univar_synth","draw_060",930,"2021-12-04","forecast","-1.03311728708554"
"exdqlm_univar_synth","draw_060",930,"2021-12-05","forecast","-0.992719892337769"
"exdqlm_univar_synth","draw_060",930,"2021-12-06","forecast","-1.31670554249128"
"exdqlm_univar_synth","draw_060",930,"2021-12-07","forecast","-1.07623687587324"
"exdqlm_univar_synth","draw_060",930,"2021-12-08","forecast","-1.46800528727758"
"exdqlm_univar_synth","draw_060",930,"2021-12-09","forecast","-0.719889268338358"
"exdqlm_univar_synth","draw_060",930,"2021-12-10","forecast","-0.960425046163295"
"exdqlm_univar_synth","draw_061",945,"2021-11-13","forecast","-0.715394508166937"
"exdqlm_univar_synth","draw_061",945,"2021-11-14","forecast","-0.563768323720378"
"exdqlm_univar_synth","draw_061",945,"2021-11-15","forecast","-0.773455626007912"
"exdqlm_univar_synth","draw_061",945,"2021-11-16","forecast","-0.487719883308395"
"exdqlm_univar_synth","draw_061",945,"2021-11-17","forecast","-0.717929511936943"
"exdqlm_univar_synth","draw_061",945,"2021-11-18","forecast","-0.537682548434855"
"exdqlm_univar_synth","draw_061",945,"2021-11-19","forecast","-0.718701973191678"
"exdqlm_univar_synth","draw_061",945,"2021-11-20","forecast","-1.04882396007923"
"exdqlm_univar_synth","draw_061",945,"2021-11-21","forecast","-0.762909417108459"
"exdqlm_univar_synth","draw_061",945,"2021-11-22","forecast","-0.949970409049713"
"exdqlm_univar_synth","draw_061",945,"2021-11-23","forecast","-0.843133510469763"
"exdqlm_univar_synth","draw_061",945,"2021-11-24","forecast","-0.839912619665160"
"exdqlm_univar_synth","draw_061",945,"2021-11-25","forecast","-0.995910053614142"
"exdqlm_univar_synth","draw_061",945,"2021-11-26","forecast","-1.12557578841182"
"exdqlm_univar_synth","draw_061",945,"2021-11-27","forecast","-1.02668104449667"
"exdqlm_univar_synth","draw_061",945,"2021-11-28","forecast","-1.29415082392282"
"exdqlm_univar_synth","draw_061",945,"2021-11-29","forecast","-1.46756061006177"
"exdqlm_univar_synth","draw_061",945,"2021-11-30","forecast","-1.37770902856330"
"exdqlm_univar_synth","draw_061",945,"2021-12-01","forecast","-1.01522817089721"
"exdqlm_univar_synth","draw_061",945,"2021-12-02","forecast","-0.0126598547492954"
"exdqlm_univar_synth","draw_061",945,"2021-12-03","forecast","-1.38207180416894"
"exdqlm_univar_synth","draw_061",945,"2021-12-04","forecast","-1.06348168291992"
"exdqlm_univar_synth","draw_061",945,"2021-12-05","forecast","-1.18199300259328"
"exdqlm_univar_synth","draw_061",945,"2021-12-06","forecast","-1.18742163029952"
"exdqlm_univar_synth","draw_061",945,"2021-12-07","forecast","-1.10163136342762"
"exdqlm_univar_synth","draw_061",945,"2021-12-08","forecast","-1.06421856818048"
"exdqlm_univar_synth","draw_061",945,"2021-12-09","forecast","-0.719451946391790"
"exdqlm_univar_synth","draw_061",945,"2021-12-10","forecast","-0.957561276483686"
"exdqlm_univar_synth","draw_062",961,"2021-11-13","forecast","-0.437107656914513"
"exdqlm_univar_synth","draw_062",961,"2021-11-14","forecast","-0.635424911597600"
"exdqlm_univar_synth","draw_062",961,"2021-11-15","forecast","-0.717378198339650"
"exdqlm_univar_synth","draw_062",961,"2021-11-16","forecast","-0.469219226376914"
"exdqlm_univar_synth","draw_062",961,"2021-11-17","forecast","-0.625953521718796"
"exdqlm_univar_synth","draw_062",961,"2021-11-18","forecast","-0.730095688698400"
"exdqlm_univar_synth","draw_062",961,"2021-11-19","forecast","-0.776983259318779"
"exdqlm_univar_synth","draw_062",961,"2021-11-20","forecast","-0.822901443821008"
"exdqlm_univar_synth","draw_062",961,"2021-11-21","forecast","-0.730589717002459"
"exdqlm_univar_synth","draw_062",961,"2021-11-22","forecast","-0.924307295804860"
"exdqlm_univar_synth","draw_062",961,"2021-11-23","forecast","-0.756543090784382"
"exdqlm_univar_synth","draw_062",961,"2021-11-24","forecast","-1.00971080977821"
"exdqlm_univar_synth","draw_062",961,"2021-11-25","forecast","-0.989665891285051"
"exdqlm_univar_synth","draw_062",961,"2021-11-26","forecast","-1.06424250335592"
"exdqlm_univar_synth","draw_062",961,"2021-11-27","forecast","-1.20161991392533"
"exdqlm_univar_synth","draw_062",961,"2021-11-28","forecast","-1.40718759959404"
"exdqlm_univar_synth","draw_062",961,"2021-11-29","forecast","-1.09938590282466"
"exdqlm_univar_synth","draw_062",961,"2021-11-30","forecast","-0.928851188885595"
"exdqlm_univar_synth","draw_062",961,"2021-12-01","forecast","-1.05773298378628"
"exdqlm_univar_synth","draw_062",961,"2021-12-02","forecast","-1.23528504253145"
"exdqlm_univar_synth","draw_062",961,"2021-12-03","forecast","-1.15284676551040"
"exdqlm_univar_synth","draw_062",961,"2021-12-04","forecast","-1.34478222490112"
"exdqlm_univar_synth","draw_062",961,"2021-12-05","forecast","-1.17783496085049"
"exdqlm_univar_synth","draw_062",961,"2021-12-06","forecast","-1.41814063375285"
"exdqlm_univar_synth","draw_062",961,"2021-12-07","forecast","-1.11081695830474"
"exdqlm_univar_synth","draw_062",961,"2021-12-08","forecast","-1.06628339186832"
"exdqlm_univar_synth","draw_062",961,"2021-12-09","forecast","-0.719459678000442"
"exdqlm_univar_synth","draw_062",961,"2021-12-10","forecast","-0.959864740290186"
"exdqlm_univar_synth","draw_063",977,"2021-11-13","forecast","-0.507645066497507"
"exdqlm_univar_synth","draw_063",977,"2021-11-14","forecast","-0.434468793993869"
"exdqlm_univar_synth","draw_063",977,"2021-11-15","forecast","-0.583922172280293"
"exdqlm_univar_synth","draw_063",977,"2021-11-16","forecast","-0.492755045125749"
"exdqlm_univar_synth","draw_063",977,"2021-11-17","forecast","-0.613038538099363"
"exdqlm_univar_synth","draw_063",977,"2021-11-18","forecast","-0.616174065430474"
"exdqlm_univar_synth","draw_063",977,"2021-11-19","forecast","-0.779121372805820"
"exdqlm_univar_synth","draw_063",977,"2021-11-20","forecast","-0.736620337799095"
"exdqlm_univar_synth","draw_063",977,"2021-11-21","forecast","-1.00917218529241"
"exdqlm_univar_synth","draw_063",977,"2021-11-22","forecast","-1.03336009086360"
"exdqlm_univar_synth","draw_063",977,"2021-11-23","forecast","-0.756161324309003"
"exdqlm_univar_synth","draw_063",977,"2021-11-24","forecast","-0.869037204305664"
"exdqlm_univar_synth","draw_063",977,"2021-11-25","forecast","-0.990443688008097"
"exdqlm_univar_synth","draw_063",977,"2021-11-26","forecast","-1.15887203335913"
"exdqlm_univar_synth","draw_063",977,"2021-11-27","forecast","-1.19888210455753"
"exdqlm_univar_synth","draw_063",977,"2021-11-28","forecast","-1.19077936110289"
"exdqlm_univar_synth","draw_063",977,"2021-11-29","forecast","-1.09626038127919"
"exdqlm_univar_synth","draw_063",977,"2021-11-30","forecast","-1.10183083945189"
"exdqlm_univar_synth","draw_063",977,"2021-12-01","forecast","-1.30375402894444"
"exdqlm_univar_synth","draw_063",977,"2021-12-02","forecast","-1.25161183797309"
"exdqlm_univar_synth","draw_063",977,"2021-12-03","forecast","-1.24714557467303"
"exdqlm_univar_synth","draw_063",977,"2021-12-04","forecast","-1.15966616403276"
"exdqlm_univar_synth","draw_063",977,"2021-12-05","forecast","-0.992687022376670"
"exdqlm_univar_synth","draw_063",977,"2021-12-06","forecast","-1.17545516208099"
"exdqlm_univar_synth","draw_063",977,"2021-12-07","forecast","-1.61392158663123"
"exdqlm_univar_synth","draw_063",977,"2021-12-08","forecast","-1.15552839207261"
"exdqlm_univar_synth","draw_063",977,"2021-12-09","forecast","-1.04923038078432"
"exdqlm_univar_synth","draw_063",977,"2021-12-10","forecast","-0.961776201979956"
"exdqlm_univar_synth","draw_064",993,"2021-11-13","forecast","-0.568985270542434"
"exdqlm_univar_synth","draw_064",993,"2021-11-14","forecast","-0.834569223263210"
"exdqlm_univar_synth","draw_064",993,"2021-11-15","forecast","-0.621157760816808"
"exdqlm_univar_synth","draw_064",993,"2021-11-16","forecast","-0.799604800429347"
"exdqlm_univar_synth","draw_064",993,"2021-11-17","forecast","-0.610020580336564"
"exdqlm_univar_synth","draw_064",993,"2021-11-18","forecast","-0.704339836355586"
"exdqlm_univar_synth","draw_064",993,"2021-11-19","forecast","-1.06013114385358"
"exdqlm_univar_synth","draw_064",993,"2021-11-20","forecast","-0.727467494903433"
"exdqlm_univar_synth","draw_064",993,"2021-11-21","forecast","-0.859433571430850"
"exdqlm_univar_synth","draw_064",993,"2021-11-22","forecast","-1.17339872733000"
"exdqlm_univar_synth","draw_064",993,"2021-11-23","forecast","-0.757622813366177"
"exdqlm_univar_synth","draw_064",993,"2021-11-24","forecast","-1.03682149664838"
"exdqlm_univar_synth","draw_064",993,"2021-11-25","forecast","-0.989658092618068"
"exdqlm_univar_synth","draw_064",993,"2021-11-26","forecast","-1.27115867295388"
"exdqlm_univar_synth","draw_064",993,"2021-11-27","forecast","-1.15319400229930"
"exdqlm_univar_synth","draw_064",993,"2021-11-28","forecast","-0.925365890339911"
"exdqlm_univar_synth","draw_064",993,"2021-11-29","forecast","-1.10019165916699"
"exdqlm_univar_synth","draw_064",993,"2021-11-30","forecast","-1.00522742739834"
"exdqlm_univar_synth","draw_064",993,"2021-12-01","forecast","-1.35238244456809"
"exdqlm_univar_synth","draw_064",993,"2021-12-02","forecast","-1.34132143522677"
"exdqlm_univar_synth","draw_064",993,"2021-12-03","forecast","-1.18893979025602"
"exdqlm_univar_synth","draw_064",993,"2021-12-04","forecast","-1.28396303401695"
"exdqlm_univar_synth","draw_064",993,"2021-12-05","forecast","-1.06758689199410"
"exdqlm_univar_synth","draw_064",993,"2021-12-06","forecast","-1.17688440740354"
"exdqlm_univar_synth","draw_064",993,"2021-12-07","forecast","-1.28859095346110"
"exdqlm_univar_synth","draw_064",993,"2021-12-08","forecast","-1.49193561642964"
"exdqlm_univar_synth","draw_064",993,"2021-12-09","forecast","-0.954343883302286"
"exdqlm_univar_synth","draw_064",993,"2021-12-10","forecast","-0.960431189500198"
"exdqlm_univar_synth","draw_065",1008,"2021-11-13","forecast","-0.756073178463522"
"exdqlm_univar_synth","draw_065",1008,"2021-11-14","forecast","-0.860355460812908"
"exdqlm_univar_synth","draw_065",1008,"2021-11-15","forecast","-0.698100970904103"
"exdqlm_univar_synth","draw_065",1008,"2021-11-16","forecast","-0.522752795479588"
"exdqlm_univar_synth","draw_065",1008,"2021-11-17","forecast","-0.630218865942371"
"exdqlm_univar_synth","draw_065",1008,"2021-11-18","forecast","-0.768351580957332"
"exdqlm_univar_synth","draw_065",1008,"2021-11-19","forecast","-0.829376090079726"
"exdqlm_univar_synth","draw_065",1008,"2021-11-20","forecast","-1.26649920061639"
"exdqlm_univar_synth","draw_065",1008,"2021-11-21","forecast","-1.07048268848878"
"exdqlm_univar_synth","draw_065",1008,"2021-11-22","forecast","-1.36950744647423"
"exdqlm_univar_synth","draw_065",1008,"2021-11-23","forecast","-0.811637219868803"
"exdqlm_univar_synth","draw_065",1008,"2021-11-24","forecast","-1.07421240846377"
"exdqlm_univar_synth","draw_065",1008,"2021-11-25","forecast","-1.30089710926188"
"exdqlm_univar_synth","draw_065",1008,"2021-11-26","forecast","-0.799527615691517"
"exdqlm_univar_synth","draw_065",1008,"2021-11-27","forecast","-1.26947431838007"
"exdqlm_univar_synth","draw_065",1008,"2021-11-28","forecast","-0.845892067992121"
"exdqlm_univar_synth","draw_065",1008,"2021-11-29","forecast","-1.25646643729470"
"exdqlm_univar_synth","draw_065",1008,"2021-11-30","forecast","-1.50294560900346"
"exdqlm_univar_synth","draw_065",1008,"2021-12-01","forecast","-1.07268751641814"
"exdqlm_univar_synth","draw_065",1008,"2021-12-02","forecast","-1.06204317773674"
"exdqlm_univar_synth","draw_065",1008,"2021-12-03","forecast","-1.32953311356387"
"exdqlm_univar_synth","draw_065",1008,"2021-12-04","forecast","-1.35276962407931"
"exdqlm_univar_synth","draw_065",1008,"2021-12-05","forecast","-0.992801261636596"
"exdqlm_univar_synth","draw_065",1008,"2021-12-06","forecast","-1.19096357248844"
"exdqlm_univar_synth","draw_065",1008,"2021-12-07","forecast","-1.07184507744193"
"exdqlm_univar_synth","draw_065",1008,"2021-12-08","forecast","-1.12281646903314"
"exdqlm_univar_synth","draw_065",1008,"2021-12-09","forecast","-0.597898247813390"
"exdqlm_univar_synth","draw_065",1008,"2021-12-10","forecast","-1.48514892402389"
"exdqlm_univar_synth","draw_066",1024,"2021-11-13","forecast","-0.818474706186905"
"exdqlm_univar_synth","draw_066",1024,"2021-11-14","forecast","-0.784321830391182"
"exdqlm_univar_synth","draw_066",1024,"2021-11-15","forecast","-0.471502065380910"
"exdqlm_univar_synth","draw_066",1024,"2021-11-16","forecast","-0.720909186808988"
"exdqlm_univar_synth","draw_066",1024,"2021-11-17","forecast","-0.609290469808150"
"exdqlm_univar_synth","draw_066",1024,"2021-11-18","forecast","-0.787906879472118"
"exdqlm_univar_synth","draw_066",1024,"2021-11-19","forecast","-0.776115078816615"
"exdqlm_univar_synth","draw_066",1024,"2021-11-20","forecast","-0.757660913573203"
"exdqlm_univar_synth","draw_066",1024,"2021-11-21","forecast","-0.589912140372034"
"exdqlm_univar_synth","draw_066",1024,"2021-11-22","forecast","-0.928941306178351"
"exdqlm_univar_synth","draw_066",1024,"2021-11-23","forecast","-0.932195103504034"
"exdqlm_univar_synth","draw_066",1024,"2021-11-24","forecast","-0.861807828433435"
"exdqlm_univar_synth","draw_066",1024,"2021-11-25","forecast","-1.25815368278080"
"exdqlm_univar_synth","draw_066",1024,"2021-11-26","forecast","-1.21746934540820"
"exdqlm_univar_synth","draw_066",1024,"2021-11-27","forecast","-1.02596993062766"
"exdqlm_univar_synth","draw_066",1024,"2021-11-28","forecast","-0.964524808943024"
"exdqlm_univar_synth","draw_066",1024,"2021-11-29","forecast","-1.20183303255919"
"exdqlm_univar_synth","draw_066",1024,"2021-11-30","forecast","-1.12065151846210"
"exdqlm_univar_synth","draw_066",1024,"2021-12-01","forecast","-1.39643041342572"
"exdqlm_univar_synth","draw_066",1024,"2021-12-02","forecast","-1.02253746598357"
"exdqlm_univar_synth","draw_066",1024,"2021-12-03","forecast","-1.27718464355991"
"exdqlm_univar_synth","draw_066",1024,"2021-12-04","forecast","-1.38356316417309"
"exdqlm_univar_synth","draw_066",1024,"2021-12-05","forecast","-1.38761690506887"
"exdqlm_univar_synth","draw_066",1024,"2021-12-06","forecast","-1.54577552568338"
"exdqlm_univar_synth","draw_066",1024,"2021-12-07","forecast","-1.08047895195972"
"exdqlm_univar_synth","draw_066",1024,"2021-12-08","forecast","-0.979095409334325"
"exdqlm_univar_synth","draw_066",1024,"2021-12-09","forecast","-0.725774219921026"
"exdqlm_univar_synth","draw_066",1024,"2021-12-10","forecast","-1.11173151936329"
"exdqlm_univar_synth","draw_067",1040,"2021-11-13","forecast","-0.597143581063628"
"exdqlm_univar_synth","draw_067",1040,"2021-11-14","forecast","-0.481675423680626"
"exdqlm_univar_synth","draw_067",1040,"2021-11-15","forecast","-0.524493890207356"
"exdqlm_univar_synth","draw_067",1040,"2021-11-16","forecast","-0.732022198669209"
"exdqlm_univar_synth","draw_067",1040,"2021-11-17","forecast","-0.628877068060381"
"exdqlm_univar_synth","draw_067",1040,"2021-11-18","forecast","-0.559687455671769"
"exdqlm_univar_synth","draw_067",1040,"2021-11-19","forecast","-0.776992907036560"
"exdqlm_univar_synth","draw_067",1040,"2021-11-20","forecast","-0.735948757535006"
"exdqlm_univar_synth","draw_067",1040,"2021-11-21","forecast","-1.11186172952277"
"exdqlm_univar_synth","draw_067",1040,"2021-11-22","forecast","-0.919385045493762"
"exdqlm_univar_synth","draw_067",1040,"2021-11-23","forecast","-0.821624622535719"
"exdqlm_univar_synth","draw_067",1040,"2021-11-24","forecast","-0.849872208788596"
"exdqlm_univar_synth","draw_067",1040,"2021-11-25","forecast","-0.990088401095569"
"exdqlm_univar_synth","draw_067",1040,"2021-11-26","forecast","-0.890040791913498"
"exdqlm_univar_synth","draw_067",1040,"2021-11-27","forecast","-1.02657846005283"
"exdqlm_univar_synth","draw_067",1040,"2021-11-28","forecast","-0.928970923697891"
"exdqlm_univar_synth","draw_067",1040,"2021-11-29","forecast","-1.09799351067286"
"exdqlm_univar_synth","draw_067",1040,"2021-11-30","forecast","-1.03451992759796"
"exdqlm_univar_synth","draw_067",1040,"2021-12-01","forecast","-1.36022099327669"
"exdqlm_univar_synth","draw_067",1040,"2021-12-02","forecast","-1.05786745511833"
"exdqlm_univar_synth","draw_067",1040,"2021-12-03","forecast","-1.25476239808864"
"exdqlm_univar_synth","draw_067",1040,"2021-12-04","forecast","-1.01933781582769"
"exdqlm_univar_synth","draw_067",1040,"2021-12-05","forecast","-0.993441680843211"
"exdqlm_univar_synth","draw_067",1040,"2021-12-06","forecast","-1.55515241304442"
"exdqlm_univar_synth","draw_067",1040,"2021-12-07","forecast","-1.10723869789037"
"exdqlm_univar_synth","draw_067",1040,"2021-12-08","forecast","-1.06714267092782"
"exdqlm_univar_synth","draw_067",1040,"2021-12-09","forecast","-1.11684727515486"
"exdqlm_univar_synth","draw_067",1040,"2021-12-10","forecast","-1.05226459213222"
"exdqlm_univar_synth","draw_068",1056,"2021-11-13","forecast","-0.690195870834016"
"exdqlm_univar_synth","draw_068",1056,"2021-11-14","forecast","-0.504018564234365"
"exdqlm_univar_synth","draw_068",1056,"2021-11-15","forecast","-0.369626455865623"
"exdqlm_univar_synth","draw_068",1056,"2021-11-16","forecast","-0.819640191866139"
"exdqlm_univar_synth","draw_068",1056,"2021-11-17","forecast","-0.700400904141448"
"exdqlm_univar_synth","draw_068",1056,"2021-11-18","forecast","-1.05727679040217"
"exdqlm_univar_synth","draw_068",1056,"2021-11-19","forecast","-1.04191323640264"
"exdqlm_univar_synth","draw_068",1056,"2021-11-20","forecast","-1.09027001895257"
"exdqlm_univar_synth","draw_068",1056,"2021-11-21","forecast","-0.961868367803715"
"exdqlm_univar_synth","draw_068",1056,"2021-11-22","forecast","-0.923314612815856"
"exdqlm_univar_synth","draw_068",1056,"2021-11-23","forecast","-1.13929975870298"
"exdqlm_univar_synth","draw_068",1056,"2021-11-24","forecast","-0.833644608085005"
"exdqlm_univar_synth","draw_068",1056,"2021-11-25","forecast","-0.989690169328193"
"exdqlm_univar_synth","draw_068",1056,"2021-11-26","forecast","-1.08026985604433"
"exdqlm_univar_synth","draw_068",1056,"2021-11-27","forecast","-0.935635855252693"
"exdqlm_univar_synth","draw_068",1056,"2021-11-28","forecast","-1.40374718254324"
"exdqlm_univar_synth","draw_068",1056,"2021-11-29","forecast","-1.28285312367371"
"exdqlm_univar_synth","draw_068",1056,"2021-11-30","forecast","-1.08938702120348"
"exdqlm_univar_synth","draw_068",1056,"2021-12-01","forecast","-1.02470480150935"
"exdqlm_univar_synth","draw_068",1056,"2021-12-02","forecast","-0.892289789044633"
"exdqlm_univar_synth","draw_068",1056,"2021-12-03","forecast","-1.26547734505458"
"exdqlm_univar_synth","draw_068",1056,"2021-12-04","forecast","-0.990760415073949"
"exdqlm_univar_synth","draw_068",1056,"2021-12-05","forecast","-1.00342503538197"
"exdqlm_univar_synth","draw_068",1056,"2021-12-06","forecast","-1.24855821677374"
"exdqlm_univar_synth","draw_068",1056,"2021-12-07","forecast","-1.12425314667797"
"exdqlm_univar_synth","draw_068",1056,"2021-12-08","forecast","-1.06086777731658"
"exdqlm_univar_synth","draw_068",1056,"2021-12-09","forecast","-1.23295105362923"
"exdqlm_univar_synth","draw_068",1056,"2021-12-10","forecast","-0.960455132172252"
"exdqlm_univar_synth","draw_069",1071,"2021-11-13","forecast","-0.540770722213925"
"exdqlm_univar_synth","draw_069",1071,"2021-11-14","forecast","-0.598585536576242"
"exdqlm_univar_synth","draw_069",1071,"2021-11-15","forecast","-0.412696816036637"
"exdqlm_univar_synth","draw_069",1071,"2021-11-16","forecast","-0.570618552259082"
"exdqlm_univar_synth","draw_069",1071,"2021-11-17","forecast","-0.833599507633757"
"exdqlm_univar_synth","draw_069",1071,"2021-11-18","forecast","-0.553509856363941"
"exdqlm_univar_synth","draw_069",1071,"2021-11-19","forecast","-0.786338752900817"
"exdqlm_univar_synth","draw_069",1071,"2021-11-20","forecast","-1.04640977135414"
"exdqlm_univar_synth","draw_069",1071,"2021-11-21","forecast","-0.970926851445309"
"exdqlm_univar_synth","draw_069",1071,"2021-11-22","forecast","-0.946478952083362"
"exdqlm_univar_synth","draw_069",1071,"2021-11-23","forecast","-0.754435552579034"
"exdqlm_univar_synth","draw_069",1071,"2021-11-24","forecast","-0.831393733854863"
"exdqlm_univar_synth","draw_069",1071,"2021-11-25","forecast","-1.00872428155945"
"exdqlm_univar_synth","draw_069",1071,"2021-11-26","forecast","-0.807516546755991"
"exdqlm_univar_synth","draw_069",1071,"2021-11-27","forecast","-1.30979427632790"
"exdqlm_univar_synth","draw_069",1071,"2021-11-28","forecast","-1.00656877132861"
"exdqlm_univar_synth","draw_069",1071,"2021-11-29","forecast","-1.08762552388948"
"exdqlm_univar_synth","draw_069",1071,"2021-11-30","forecast","-1.02754089285803"
"exdqlm_univar_synth","draw_069",1071,"2021-12-01","forecast","-1.01310897596255"
"exdqlm_univar_synth","draw_069",1071,"2021-12-02","forecast","-1.02016283841423"
"exdqlm_univar_synth","draw_069",1071,"2021-12-03","forecast","-1.31910682177876"
"exdqlm_univar_synth","draw_069",1071,"2021-12-04","forecast","-1.23727751097549"
"exdqlm_univar_synth","draw_069",1071,"2021-12-05","forecast","-1.37071032774466"
"exdqlm_univar_synth","draw_069",1071,"2021-12-06","forecast","-1.46656314770571"
"exdqlm_univar_synth","draw_069",1071,"2021-12-07","forecast","-1.50579003876403"
"exdqlm_univar_synth","draw_069",1071,"2021-12-08","forecast","-1.17511429633757"
"exdqlm_univar_synth","draw_069",1071,"2021-12-09","forecast","-0.715980782947388"
"exdqlm_univar_synth","draw_069",1071,"2021-12-10","forecast","-0.934351745036066"
"exdqlm_univar_synth","draw_070",1087,"2021-11-13","forecast","-0.632801060823690"
"exdqlm_univar_synth","draw_070",1087,"2021-11-14","forecast","-0.486894580847824"
"exdqlm_univar_synth","draw_070",1087,"2021-11-15","forecast","-0.843649859452215"
"exdqlm_univar_synth","draw_070",1087,"2021-11-16","forecast","-0.576766155282610"
"exdqlm_univar_synth","draw_070",1087,"2021-11-17","forecast","-0.619364262587897"
"exdqlm_univar_synth","draw_070",1087,"2021-11-18","forecast","-0.735149402767036"
"exdqlm_univar_synth","draw_070",1087,"2021-11-19","forecast","-1.18702833299608"
"exdqlm_univar_synth","draw_070",1087,"2021-11-20","forecast","-0.768454613050157"
"exdqlm_univar_synth","draw_070",1087,"2021-11-21","forecast","-0.880247478360429"
"exdqlm_univar_synth","draw_070",1087,"2021-11-22","forecast","-0.926579657580291"
"exdqlm_univar_synth","draw_070",1087,"2021-11-23","forecast","-0.758399397794771"
"exdqlm_univar_synth","draw_070",1087,"2021-11-24","forecast","-0.836578495180065"
"exdqlm_univar_synth","draw_070",1087,"2021-11-25","forecast","-1.38701106395119"
"exdqlm_univar_synth","draw_070",1087,"2021-11-26","forecast","-0.774850060585575"
"exdqlm_univar_synth","draw_070",1087,"2021-11-27","forecast","-1.02693710573330"
"exdqlm_univar_synth","draw_070",1087,"2021-11-28","forecast","-0.926350926695082"
"exdqlm_univar_synth","draw_070",1087,"2021-11-29","forecast","-1.37100137507633"
"exdqlm_univar_synth","draw_070",1087,"2021-11-30","forecast","-1.04957507861728"
"exdqlm_univar_synth","draw_070",1087,"2021-12-01","forecast","-0.965436145270480"
"exdqlm_univar_synth","draw_070",1087,"2021-12-02","forecast","-1.01120540273534"
"exdqlm_univar_synth","draw_070",1087,"2021-12-03","forecast","-1.02826810038389"
"exdqlm_univar_synth","draw_070",1087,"2021-12-04","forecast","-0.992870557223916"
"exdqlm_univar_synth","draw_070",1087,"2021-12-05","forecast","-1.29691443117666"
"exdqlm_univar_synth","draw_070",1087,"2021-12-06","forecast","-1.40120062556448"
"exdqlm_univar_synth","draw_070",1087,"2021-12-07","forecast","-1.06939855764530"
"exdqlm_univar_synth","draw_070",1087,"2021-12-08","forecast","-1.52538236779628"
"exdqlm_univar_synth","draw_070",1087,"2021-12-09","forecast","-1.18688102632078"
"exdqlm_univar_synth","draw_070",1087,"2021-12-10","forecast","-1.41636356994112"
"exdqlm_univar_synth","draw_071",1103,"2021-11-13","forecast","-0.459372043627366"
"exdqlm_univar_synth","draw_071",1103,"2021-11-14","forecast","-0.488042858983550"
"exdqlm_univar_synth","draw_071",1103,"2021-11-15","forecast","-0.221875319734160"
"exdqlm_univar_synth","draw_071",1103,"2021-11-16","forecast","-0.839526216033912"
"exdqlm_univar_synth","draw_071",1103,"2021-11-17","forecast","-0.905434512334509"
"exdqlm_univar_synth","draw_071",1103,"2021-11-18","forecast","-0.560590273570449"
"exdqlm_univar_synth","draw_071",1103,"2021-11-19","forecast","-0.776776243322162"
"exdqlm_univar_synth","draw_071",1103,"2021-11-20","forecast","-1.11687180745163"
"exdqlm_univar_synth","draw_071",1103,"2021-11-21","forecast","-0.717402511831853"
"exdqlm_univar_synth","draw_071",1103,"2021-11-22","forecast","-0.923208995047563"
"exdqlm_univar_synth","draw_071",1103,"2021-11-23","forecast","-1.17564373986365"
"exdqlm_univar_synth","draw_071",1103,"2021-11-24","forecast","-1.15423072092192"
"exdqlm_univar_synth","draw_071",1103,"2021-11-25","forecast","-1.38866453399257"
"exdqlm_univar_synth","draw_071",1103,"2021-11-26","forecast","-1.14419602581548"
"exdqlm_univar_synth","draw_071",1103,"2021-11-27","forecast","-1.32530922672122"
"exdqlm_univar_synth","draw_071",1103,"2021-11-28","forecast","-1.14402667011619"
"exdqlm_univar_synth","draw_071",1103,"2021-11-29","forecast","-1.09515623427683"
"exdqlm_univar_synth","draw_071",1103,"2021-11-30","forecast","-1.34723506842275"
"exdqlm_univar_synth","draw_071",1103,"2021-12-01","forecast","-1.40633853857791"
"exdqlm_univar_synth","draw_071",1103,"2021-12-02","forecast","-1.40962811407392"
"exdqlm_univar_synth","draw_071",1103,"2021-12-03","forecast","-1.02881432603635"
"exdqlm_univar_synth","draw_071",1103,"2021-12-04","forecast","-1.26341139018581"
"exdqlm_univar_synth","draw_071",1103,"2021-12-05","forecast","-1.03538759795649"
"exdqlm_univar_synth","draw_071",1103,"2021-12-06","forecast","-1.54191677408704"
"exdqlm_univar_synth","draw_071",1103,"2021-12-07","forecast","-1.60421032721641"
"exdqlm_univar_synth","draw_071",1103,"2021-12-08","forecast","-1.55830162970846"
"exdqlm_univar_synth","draw_071",1103,"2021-12-09","forecast","-0.720286871673841"
"exdqlm_univar_synth","draw_071",1103,"2021-12-10","forecast","-0.965107889878434"
"exdqlm_univar_synth","draw_072",1119,"2021-11-13","forecast","-0.742250380194972"
"exdqlm_univar_synth","draw_072",1119,"2021-11-14","forecast","-0.661503910126220"
"exdqlm_univar_synth","draw_072",1119,"2021-11-15","forecast","-0.723539041188239"
"exdqlm_univar_synth","draw_072",1119,"2021-11-16","forecast","-0.839600857048731"
"exdqlm_univar_synth","draw_072",1119,"2021-11-17","forecast","-0.837367761175060"
"exdqlm_univar_synth","draw_072",1119,"2021-11-18","forecast","-0.637805352546044"
"exdqlm_univar_synth","draw_072",1119,"2021-11-19","forecast","-0.697786637558513"
"exdqlm_univar_synth","draw_072",1119,"2021-11-20","forecast","-1.07974683668055"
"exdqlm_univar_synth","draw_072",1119,"2021-11-21","forecast","-1.10186464882014"
"exdqlm_univar_synth","draw_072",1119,"2021-11-22","forecast","-1.16570487964918"
"exdqlm_univar_synth","draw_072",1119,"2021-11-23","forecast","-0.744239895958722"
"exdqlm_univar_synth","draw_072",1119,"2021-11-24","forecast","-0.831923751822875"
"exdqlm_univar_synth","draw_072",1119,"2021-11-25","forecast","-0.780459512131898"
"exdqlm_univar_synth","draw_072",1119,"2021-11-26","forecast","-0.800540058547975"
"exdqlm_univar_synth","draw_072",1119,"2021-11-27","forecast","-1.07308413780963"
"exdqlm_univar_synth","draw_072",1119,"2021-11-28","forecast","-0.778618236621248"
"exdqlm_univar_synth","draw_072",1119,"2021-11-29","forecast","-1.10393288607699"
"exdqlm_univar_synth","draw_072",1119,"2021-11-30","forecast","-0.997521233921390"
"exdqlm_univar_synth","draw_072",1119,"2021-12-01","forecast","-1.11840373087749"
"exdqlm_univar_synth","draw_072",1119,"2021-12-02","forecast","-0.992655381254096"
"exdqlm_univar_synth","draw_072",1119,"2021-12-03","forecast","-1.03054116893162"
"exdqlm_univar_synth","draw_072",1119,"2021-12-04","forecast","-1.00590181995461"
"exdqlm_univar_synth","draw_072",1119,"2021-12-05","forecast","-1.07439860728972"
"exdqlm_univar_synth","draw_072",1119,"2021-12-06","forecast","-1.19074808714892"
"exdqlm_univar_synth","draw_072",1119,"2021-12-07","forecast","-1.31605797743489"
"exdqlm_univar_synth","draw_072",1119,"2021-12-08","forecast","-1.05957226960700"
"exdqlm_univar_synth","draw_072",1119,"2021-12-09","forecast","-1.51531259464828"
"exdqlm_univar_synth","draw_072",1119,"2021-12-10","forecast","-0.962436741887380"
"exdqlm_univar_synth","draw_073",1134,"2021-11-13","forecast","-0.587318423554267"
"exdqlm_univar_synth","draw_073",1134,"2021-11-14","forecast","-0.642502619130500"
"exdqlm_univar_synth","draw_073",1134,"2021-11-15","forecast","-0.304846889920931"
"exdqlm_univar_synth","draw_073",1134,"2021-11-16","forecast","-0.822917080689610"
"exdqlm_univar_synth","draw_073",1134,"2021-11-17","forecast","-0.901320604952843"
"exdqlm_univar_synth","draw_073",1134,"2021-11-18","forecast","-0.762803633793161"
"exdqlm_univar_synth","draw_073",1134,"2021-11-19","forecast","-0.977586754593166"
"exdqlm_univar_synth","draw_073",1134,"2021-11-20","forecast","-0.757023596353349"
"exdqlm_univar_synth","draw_073",1134,"2021-11-21","forecast","-0.732700236012074"
"exdqlm_univar_synth","draw_073",1134,"2021-11-22","forecast","-1.37420388212758"
"exdqlm_univar_synth","draw_073",1134,"2021-11-23","forecast","-0.979455009402921"
"exdqlm_univar_synth","draw_073",1134,"2021-11-24","forecast","-1.03962094984360"
"exdqlm_univar_synth","draw_073",1134,"2021-11-25","forecast","-1.01946002986222"
"exdqlm_univar_synth","draw_073",1134,"2021-11-26","forecast","-0.800698093118559"
"exdqlm_univar_synth","draw_073",1134,"2021-11-27","forecast","-1.02500863972407"
"exdqlm_univar_synth","draw_073",1134,"2021-11-28","forecast","-1.43967228878010"
"exdqlm_univar_synth","draw_073",1134,"2021-11-29","forecast","-1.09921842936932"
"exdqlm_univar_synth","draw_073",1134,"2021-11-30","forecast","-1.02515057569985"
"exdqlm_univar_synth","draw_073",1134,"2021-12-01","forecast","-1.04792399430347"
"exdqlm_univar_synth","draw_073",1134,"2021-12-02","forecast","-0.980700865000878"
"exdqlm_univar_synth","draw_073",1134,"2021-12-03","forecast","-1.05258095297337"
"exdqlm_univar_synth","draw_073",1134,"2021-12-04","forecast","-0.995590682917949"
"exdqlm_univar_synth","draw_073",1134,"2021-12-05","forecast","-0.998033084781075"
"exdqlm_univar_synth","draw_073",1134,"2021-12-06","forecast","-1.58834048148432"
"exdqlm_univar_synth","draw_073",1134,"2021-12-07","forecast","-1.49145459161677"
"exdqlm_univar_synth","draw_073",1134,"2021-12-08","forecast","-1.09450143185237"
"exdqlm_univar_synth","draw_073",1134,"2021-12-09","forecast","-1.29266039335189"
"exdqlm_univar_synth","draw_073",1134,"2021-12-10","forecast","-0.959268303886542"
"exdqlm_univar_synth","draw_074",1150,"2021-11-13","forecast","-0.483578757217202"
"exdqlm_univar_synth","draw_074",1150,"2021-11-14","forecast","-0.611534626925978"
"exdqlm_univar_synth","draw_074",1150,"2021-11-15","forecast","-0.731134993405274"
"exdqlm_univar_synth","draw_074",1150,"2021-11-16","forecast","-0.323475784009857"
"exdqlm_univar_synth","draw_074",1150,"2021-11-17","forecast","-0.606091160267960"
"exdqlm_univar_synth","draw_074",1150,"2021-11-18","forecast","-0.570437875252869"
"exdqlm_univar_synth","draw_074",1150,"2021-11-19","forecast","-0.835446067412807"
"exdqlm_univar_synth","draw_074",1150,"2021-11-20","forecast","-0.726159567426580"
"exdqlm_univar_synth","draw_074",1150,"2021-11-21","forecast","-0.731328068452800"
"exdqlm_univar_synth","draw_074",1150,"2021-11-22","forecast","-1.08586864057315"
"exdqlm_univar_synth","draw_074",1150,"2021-11-23","forecast","-0.802658084435974"
"exdqlm_univar_synth","draw_074",1150,"2021-11-24","forecast","-0.881780578822575"
"exdqlm_univar_synth","draw_074",1150,"2021-11-25","forecast","-1.00960821705812"
"exdqlm_univar_synth","draw_074",1150,"2021-11-26","forecast","-0.912949127750863"
"exdqlm_univar_synth","draw_074",1150,"2021-11-27","forecast","-1.02425936206381"
"exdqlm_univar_synth","draw_074",1150,"2021-11-28","forecast","-0.935146703966333"
"exdqlm_univar_synth","draw_074",1150,"2021-11-29","forecast","-1.13530727306195"
"exdqlm_univar_synth","draw_074",1150,"2021-11-30","forecast","-1.02805359184991"
"exdqlm_univar_synth","draw_074",1150,"2021-12-01","forecast","-1.01155468657587"
"exdqlm_univar_synth","draw_074",1150,"2021-12-02","forecast","-1.18515697885123"
"exdqlm_univar_synth","draw_074",1150,"2021-12-03","forecast","-1.03677922035793"
"exdqlm_univar_synth","draw_074",1150,"2021-12-04","forecast","-1.26935430849406"
"exdqlm_univar_synth","draw_074",1150,"2021-12-05","forecast","-1.02261571740502"
"exdqlm_univar_synth","draw_074",1150,"2021-12-06","forecast","-1.27289610405454"
"exdqlm_univar_synth","draw_074",1150,"2021-12-07","forecast","-1.26581981306084"
"exdqlm_univar_synth","draw_074",1150,"2021-12-08","forecast","-1.05466833842703"
"exdqlm_univar_synth","draw_074",1150,"2021-12-09","forecast","-1.02775058801224"
"exdqlm_univar_synth","draw_074",1150,"2021-12-10","forecast","-1.11918586519543"
"exdqlm_univar_synth","draw_075",1166,"2021-11-13","forecast","-0.653869328919393"
"exdqlm_univar_synth","draw_075",1166,"2021-11-14","forecast","-0.448101911326932"
"exdqlm_univar_synth","draw_075",1166,"2021-11-15","forecast","-0.499383400326573"
"exdqlm_univar_synth","draw_075",1166,"2021-11-16","forecast","-0.505054196841936"
"exdqlm_univar_synth","draw_075",1166,"2021-11-17","forecast","-0.975214653992731"
"exdqlm_univar_synth","draw_075",1166,"2021-11-18","forecast","-0.906888592674348"
"exdqlm_univar_synth","draw_075",1166,"2021-11-19","forecast","-0.777288156137355"
"exdqlm_univar_synth","draw_075",1166,"2021-11-20","forecast","-0.734247781714927"
"exdqlm_univar_synth","draw_075",1166,"2021-11-21","forecast","-1.17540772186381"
"exdqlm_univar_synth","draw_075",1166,"2021-11-22","forecast","-0.919880359203387"
"exdqlm_univar_synth","draw_075",1166,"2021-11-23","forecast","-0.765381440901061"
"exdqlm_univar_synth","draw_075",1166,"2021-11-24","forecast","-0.896746323940354"
"exdqlm_univar_synth","draw_075",1166,"2021-11-25","forecast","-1.40126395812176"
"exdqlm_univar_synth","draw_075",1166,"2021-11-26","forecast","-0.800458442866057"
"exdqlm_univar_synth","draw_075",1166,"2021-11-27","forecast","-1.02252593608467"
"exdqlm_univar_synth","draw_075",1166,"2021-11-28","forecast","-1.39050843491756"
"exdqlm_univar_synth","draw_075",1166,"2021-11-29","forecast","-1.10609033538129"
"exdqlm_univar_synth","draw_075",1166,"2021-11-30","forecast","-1.49405432341198"
"exdqlm_univar_synth","draw_075",1166,"2021-12-01","forecast","-1.01784990447425"
"exdqlm_univar_synth","draw_075",1166,"2021-12-02","forecast","-0.993673213531972"
"exdqlm_univar_synth","draw_075",1166,"2021-12-03","forecast","-1.02995855346355"
"exdqlm_univar_synth","draw_075",1166,"2021-12-04","forecast","-0.992371985264667"
"exdqlm_univar_synth","draw_075",1166,"2021-12-05","forecast","-1.14316992191034"
"exdqlm_univar_synth","draw_075",1166,"2021-12-06","forecast","-1.13480759110905"
"exdqlm_univar_synth","draw_075",1166,"2021-12-07","forecast","-1.02600765585648"
"exdqlm_univar_synth","draw_075",1166,"2021-12-08","forecast","-1.43415165156070"
"exdqlm_univar_synth","draw_075",1166,"2021-12-09","forecast","-0.722198382734085"
"exdqlm_univar_synth","draw_075",1166,"2021-12-10","forecast","-0.962222335056739"
"exdqlm_univar_synth","draw_076",1182,"2021-11-13","forecast","-0.447429295443366"
"exdqlm_univar_synth","draw_076",1182,"2021-11-14","forecast","-0.593513777448561"
"exdqlm_univar_synth","draw_076",1182,"2021-11-15","forecast","-0.455885773456487"
"exdqlm_univar_synth","draw_076",1182,"2021-11-16","forecast","-0.516885577445894"
"exdqlm_univar_synth","draw_076",1182,"2021-11-17","forecast","-0.608757863747462"
"exdqlm_univar_synth","draw_076",1182,"2021-11-18","forecast","-0.575242777238308"
"exdqlm_univar_synth","draw_076",1182,"2021-11-19","forecast","-0.780016865173544"
"exdqlm_univar_synth","draw_076",1182,"2021-11-20","forecast","-1.14889046639716"
"exdqlm_univar_synth","draw_076",1182,"2021-11-21","forecast","-1.08154957808485"
"exdqlm_univar_synth","draw_076",1182,"2021-11-22","forecast","-1.01646828025179"
"exdqlm_univar_synth","draw_076",1182,"2021-11-23","forecast","-0.779100823414769"
"exdqlm_univar_synth","draw_076",1182,"2021-11-24","forecast","-0.841583646964602"
"exdqlm_univar_synth","draw_076",1182,"2021-11-25","forecast","-1.11375497903109"
"exdqlm_univar_synth","draw_076",1182,"2021-11-26","forecast","-0.802010426707757"
"exdqlm_univar_synth","draw_076",1182,"2021-11-27","forecast","-1.24642262387107"
"exdqlm_univar_synth","draw_076",1182,"2021-11-28","forecast","-1.45331114737544"
"exdqlm_univar_synth","draw_076",1182,"2021-11-29","forecast","-1.31598416038958"
"exdqlm_univar_synth","draw_076",1182,"2021-11-30","forecast","-0.995929730993688"
"exdqlm_univar_synth","draw_076",1182,"2021-12-01","forecast","-1.62772908046808"
"exdqlm_univar_synth","draw_076",1182,"2021-12-02","forecast","-1.08920512415376"
"exdqlm_univar_synth","draw_076",1182,"2021-12-03","forecast","-1.02941892903508"
"exdqlm_univar_synth","draw_076",1182,"2021-12-04","forecast","-1.28104354905996"
"exdqlm_univar_synth","draw_076",1182,"2021-12-05","forecast","-0.992688442547704"
"exdqlm_univar_synth","draw_076",1182,"2021-12-06","forecast","-1.27063345159862"
"exdqlm_univar_synth","draw_076",1182,"2021-12-07","forecast","-1.09817903835694"
"exdqlm_univar_synth","draw_076",1182,"2021-12-08","forecast","-1.46030785697510"
"exdqlm_univar_synth","draw_076",1182,"2021-12-09","forecast","-1.06771239777403"
"exdqlm_univar_synth","draw_076",1182,"2021-12-10","forecast","-1.32785727176589"
"exdqlm_univar_synth","draw_077",1197,"2021-11-13","forecast","-0.752761144626597"
"exdqlm_univar_synth","draw_077",1197,"2021-11-14","forecast","-0.658012836820198"
"exdqlm_univar_synth","draw_077",1197,"2021-11-15","forecast","-0.738451153718111"
"exdqlm_univar_synth","draw_077",1197,"2021-11-16","forecast","-0.730011514280119"
"exdqlm_univar_synth","draw_077",1197,"2021-11-17","forecast","-0.930662538150771"
"exdqlm_univar_synth","draw_077",1197,"2021-11-18","forecast","-0.519841512941206"
"exdqlm_univar_synth","draw_077",1197,"2021-11-19","forecast","-0.953017523805997"
"exdqlm_univar_synth","draw_077",1197,"2021-11-20","forecast","-0.733961891855225"
"exdqlm_univar_synth","draw_077",1197,"2021-11-21","forecast","-1.05850075035159"
"exdqlm_univar_synth","draw_077",1197,"2021-11-22","forecast","-1.15591062608954"
"exdqlm_univar_synth","draw_077",1197,"2021-11-23","forecast","-1.23798517401815"
"exdqlm_univar_synth","draw_077",1197,"2021-11-24","forecast","-0.837393349406579"
"exdqlm_univar_synth","draw_077",1197,"2021-11-25","forecast","-1.07090855719046"
"exdqlm_univar_synth","draw_077",1197,"2021-11-26","forecast","-1.10186171831810"
"exdqlm_univar_synth","draw_077",1197,"2021-11-27","forecast","-1.12381684115586"
"exdqlm_univar_synth","draw_077",1197,"2021-11-28","forecast","-0.926280947229637"
"exdqlm_univar_synth","draw_077",1197,"2021-11-29","forecast","-1.09785455566195"
"exdqlm_univar_synth","draw_077",1197,"2021-11-30","forecast","-1.37754267810812"
"exdqlm_univar_synth","draw_077",1197,"2021-12-01","forecast","-1.02743755554237"
"exdqlm_univar_synth","draw_077",1197,"2021-12-02","forecast","-0.946233621413290"
"exdqlm_univar_synth","draw_077",1197,"2021-12-03","forecast","-1.33195313962096"
"exdqlm_univar_synth","draw_077",1197,"2021-12-04","forecast","-1.31273375650258"
"exdqlm_univar_synth","draw_077",1197,"2021-12-05","forecast","-0.996372820497052"
"exdqlm_univar_synth","draw_077",1197,"2021-12-06","forecast","-1.18939140154695"
"exdqlm_univar_synth","draw_077",1197,"2021-12-07","forecast","-1.19959089236925"
"exdqlm_univar_synth","draw_077",1197,"2021-12-08","forecast","-1.19451840046532"
"exdqlm_univar_synth","draw_077",1197,"2021-12-09","forecast","-1.09114210999019"
"exdqlm_univar_synth","draw_077",1197,"2021-12-10","forecast","-1.31704461637271"
"exdqlm_univar_synth","draw_078",1213,"2021-11-13","forecast","-0.442278995132404"
"exdqlm_univar_synth","draw_078",1213,"2021-11-14","forecast","-0.643876734399194"
"exdqlm_univar_synth","draw_078",1213,"2021-11-15","forecast","-0.612509417539981"
"exdqlm_univar_synth","draw_078",1213,"2021-11-16","forecast","-0.488545554470954"
"exdqlm_univar_synth","draw_078",1213,"2021-11-17","forecast","-0.678561164195840"
"exdqlm_univar_synth","draw_078",1213,"2021-11-18","forecast","-0.727547698515619"
"exdqlm_univar_synth","draw_078",1213,"2021-11-19","forecast","-0.775503709315410"
"exdqlm_univar_synth","draw_078",1213,"2021-11-20","forecast","-0.736563034820226"
"exdqlm_univar_synth","draw_078",1213,"2021-11-21","forecast","-0.825244537394081"
"exdqlm_univar_synth","draw_078",1213,"2021-11-22","forecast","-0.951996409269901"
"exdqlm_univar_synth","draw_078",1213,"2021-11-23","forecast","-0.979697649982081"
"exdqlm_univar_synth","draw_078",1213,"2021-11-24","forecast","-1.07957841962619"
"exdqlm_univar_synth","draw_078",1213,"2021-11-25","forecast","-1.32187809171081"
"exdqlm_univar_synth","draw_078",1213,"2021-11-26","forecast","-1.21482938608733"
"exdqlm_univar_synth","draw_078",1213,"2021-11-27","forecast","-1.32208943365104"
"exdqlm_univar_synth","draw_078",1213,"2021-11-28","forecast","-0.925471580046193"
"exdqlm_univar_synth","draw_078",1213,"2021-11-29","forecast","-1.10028354558823"
"exdqlm_univar_synth","draw_078",1213,"2021-11-30","forecast","-1.00763763504844"
"exdqlm_univar_synth","draw_078",1213,"2021-12-01","forecast","-1.05877624867326"
"exdqlm_univar_synth","draw_078",1213,"2021-12-02","forecast","-0.981966992108180"
"exdqlm_univar_synth","draw_078",1213,"2021-12-03","forecast","-1.36068976779628"
"exdqlm_univar_synth","draw_078",1213,"2021-12-04","forecast","-1.34564477041697"
"exdqlm_univar_synth","draw_078",1213,"2021-12-05","forecast","-1.37367222363409"
"exdqlm_univar_synth","draw_078",1213,"2021-12-06","forecast","-1.57379276472921"
"exdqlm_univar_synth","draw_078",1213,"2021-12-07","forecast","-1.07200998352949"
"exdqlm_univar_synth","draw_078",1213,"2021-12-08","forecast","-1.38628409916439"
"exdqlm_univar_synth","draw_078",1213,"2021-12-09","forecast","-1.15366469521520"
"exdqlm_univar_synth","draw_078",1213,"2021-12-10","forecast","-1.11636693270198"
"exdqlm_univar_synth","draw_079",1229,"2021-11-13","forecast","-0.701379664043584"
"exdqlm_univar_synth","draw_079",1229,"2021-11-14","forecast","-0.577898811596075"
"exdqlm_univar_synth","draw_079",1229,"2021-11-15","forecast","-0.439778090958177"
"exdqlm_univar_synth","draw_079",1229,"2021-11-16","forecast","-0.552075329598800"
"exdqlm_univar_synth","draw_079",1229,"2021-11-17","forecast","-0.624670361329096"
"exdqlm_univar_synth","draw_079",1229,"2021-11-18","forecast","-0.759486462327283"
"exdqlm_univar_synth","draw_079",1229,"2021-11-19","forecast","-0.776765584772105"
"exdqlm_univar_synth","draw_079",1229,"2021-11-20","forecast","-0.732045361412912"
"exdqlm_univar_synth","draw_079",1229,"2021-11-21","forecast","-0.712542094821052"
"exdqlm_univar_synth","draw_079",1229,"2021-11-22","forecast","-1.10104536158340"
"exdqlm_univar_synth","draw_079",1229,"2021-11-23","forecast","-0.734922174992439"
"exdqlm_univar_synth","draw_079",1229,"2021-11-24","forecast","-0.853161383708500"
"exdqlm_univar_synth","draw_079",1229,"2021-11-25","forecast","-1.00926324076176"
"exdqlm_univar_synth","draw_079",1229,"2021-11-26","forecast","-0.755805439391705"
"exdqlm_univar_synth","draw_079",1229,"2021-11-27","forecast","-1.23578271313666"
"exdqlm_univar_synth","draw_079",1229,"2021-11-28","forecast","-1.18957884750341"
"exdqlm_univar_synth","draw_079",1229,"2021-11-29","forecast","-1.08510414816432"
"exdqlm_univar_synth","draw_079",1229,"2021-11-30","forecast","-0.997539018724273"
"exdqlm_univar_synth","draw_079",1229,"2021-12-01","forecast","-1.27034155389648"
"exdqlm_univar_synth","draw_079",1229,"2021-12-02","forecast","-0.980614224871282"
"exdqlm_univar_synth","draw_079",1229,"2021-12-03","forecast","-1.03888394741907"
"exdqlm_univar_synth","draw_079",1229,"2021-12-04","forecast","-0.995418297662903"
"exdqlm_univar_synth","draw_079",1229,"2021-12-05","forecast","-1.13416189676273"
"exdqlm_univar_synth","draw_079",1229,"2021-12-06","forecast","-1.57665454242462"
"exdqlm_univar_synth","draw_079",1229,"2021-12-07","forecast","-1.29610623876898"
"exdqlm_univar_synth","draw_079",1229,"2021-12-08","forecast","-1.05508578824645"
"exdqlm_univar_synth","draw_079",1229,"2021-12-09","forecast","-1.37452063668152"
"exdqlm_univar_synth","draw_079",1229,"2021-12-10","forecast","-0.865730519597283"
"exdqlm_univar_synth","draw_080",1244,"2021-11-13","forecast","-0.548197579921663"
"exdqlm_univar_synth","draw_080",1244,"2021-11-14","forecast","-0.680319491712460"
"exdqlm_univar_synth","draw_080",1244,"2021-11-15","forecast","-0.529259396899674"
"exdqlm_univar_synth","draw_080",1244,"2021-11-16","forecast","-0.463912971794040"
"exdqlm_univar_synth","draw_080",1244,"2021-11-17","forecast","-0.666062758525312"
"exdqlm_univar_synth","draw_080",1244,"2021-11-18","forecast","-0.528957332686371"
"exdqlm_univar_synth","draw_080",1244,"2021-11-19","forecast","-0.776879923348500"
"exdqlm_univar_synth","draw_080",1244,"2021-11-20","forecast","-0.839838260076648"
"exdqlm_univar_synth","draw_080",1244,"2021-11-21","forecast","-0.995596763535780"
"exdqlm_univar_synth","draw_080",1244,"2021-11-22","forecast","-0.972936012068488"
"exdqlm_univar_synth","draw_080",1244,"2021-11-23","forecast","-0.693431760538882"
"exdqlm_univar_synth","draw_080",1244,"2021-11-24","forecast","-1.19605322085960"
"exdqlm_univar_synth","draw_080",1244,"2021-11-25","forecast","-0.991161629445237"
"exdqlm_univar_synth","draw_080",1244,"2021-11-26","forecast","-1.09275457553235"
"exdqlm_univar_synth","draw_080",1244,"2021-11-27","forecast","-1.02458225861151"
"exdqlm_univar_synth","draw_080",1244,"2021-11-28","forecast","-1.07439350497317"
"exdqlm_univar_synth","draw_080",1244,"2021-11-29","forecast","-1.41267116074580"
"exdqlm_univar_synth","draw_080",1244,"2021-11-30","forecast","-0.995974206016382"
"exdqlm_univar_synth","draw_080",1244,"2021-12-01","forecast","-1.02160591422258"
"exdqlm_univar_synth","draw_080",1244,"2021-12-02","forecast","-1.30450328523265"
"exdqlm_univar_synth","draw_080",1244,"2021-12-03","forecast","-1.24842109047503"
"exdqlm_univar_synth","draw_080",1244,"2021-12-04","forecast","-1.32756649991989"
"exdqlm_univar_synth","draw_080",1244,"2021-12-05","forecast","-1.27436728966206"
"exdqlm_univar_synth","draw_080",1244,"2021-12-06","forecast","-1.38112454030639"
"exdqlm_univar_synth","draw_080",1244,"2021-12-07","forecast","-1.53648158554086"
"exdqlm_univar_synth","draw_080",1244,"2021-12-08","forecast","-1.06262586640120"
"exdqlm_univar_synth","draw_080",1244,"2021-12-09","forecast","-0.719932590630583"
"exdqlm_univar_synth","draw_080",1244,"2021-12-10","forecast","-1.09737560482212"
"exdqlm_univar_synth","draw_081",1260,"2021-11-13","forecast","-0.428945713150187"
"exdqlm_univar_synth","draw_081",1260,"2021-11-14","forecast","-0.518142792468675"
"exdqlm_univar_synth","draw_081",1260,"2021-11-15","forecast","-0.386377582573312"
"exdqlm_univar_synth","draw_081",1260,"2021-11-16","forecast","-0.530755854031322"
"exdqlm_univar_synth","draw_081",1260,"2021-11-17","forecast","-0.861109373398859"
"exdqlm_univar_synth","draw_081",1260,"2021-11-18","forecast","-0.565357350271928"
"exdqlm_univar_synth","draw_081",1260,"2021-11-19","forecast","-0.777478802627005"
"exdqlm_univar_synth","draw_081",1260,"2021-11-20","forecast","-1.01362117971263"
"exdqlm_univar_synth","draw_081",1260,"2021-11-21","forecast","-0.732412308454739"
"exdqlm_univar_synth","draw_081",1260,"2021-11-22","forecast","-0.929722862669200"
"exdqlm_univar_synth","draw_081",1260,"2021-11-23","forecast","-0.927919733742610"
"exdqlm_univar_synth","draw_081",1260,"2021-11-24","forecast","-0.974234728745851"
"exdqlm_univar_synth","draw_081",1260,"2021-11-25","forecast","-1.11979366445241"
"exdqlm_univar_synth","draw_081",1260,"2021-11-26","forecast","-1.56943270993202"
"exdqlm_univar_synth","draw_081",1260,"2021-11-27","forecast","-1.30523431344275"
"exdqlm_univar_synth","draw_081",1260,"2021-11-28","forecast","-0.947308910304385"
"exdqlm_univar_synth","draw_081",1260,"2021-11-29","forecast","-1.08695604761835"
"exdqlm_univar_synth","draw_081",1260,"2021-11-30","forecast","-1.00525308625165"
"exdqlm_univar_synth","draw_081",1260,"2021-12-01","forecast","-1.53062839680774"
"exdqlm_univar_synth","draw_081",1260,"2021-12-02","forecast","-0.993078988681570"
"exdqlm_univar_synth","draw_081",1260,"2021-12-03","forecast","-1.38959830588981"
"exdqlm_univar_synth","draw_081",1260,"2021-12-04","forecast","-0.992404256704818"
"exdqlm_univar_synth","draw_081",1260,"2021-12-05","forecast","-1.24843427071176"
"exdqlm_univar_synth","draw_081",1260,"2021-12-06","forecast","-1.57585138997815"
"exdqlm_univar_synth","draw_081",1260,"2021-12-07","forecast","-1.37525203894815"
"exdqlm_univar_synth","draw_081",1260,"2021-12-08","forecast","-1.43219391214388"
"exdqlm_univar_synth","draw_081",1260,"2021-12-09","forecast","-1.10016181528548"
"exdqlm_univar_synth","draw_081",1260,"2021-12-10","forecast","-1.24478687323563"
"exdqlm_univar_synth","draw_082",1276,"2021-11-13","forecast","-0.382735224853527"
"exdqlm_univar_synth","draw_082",1276,"2021-11-14","forecast","-0.434177326931345"
"exdqlm_univar_synth","draw_082",1276,"2021-11-15","forecast","-0.758180602234781"
"exdqlm_univar_synth","draw_082",1276,"2021-11-16","forecast","-0.765883585410223"
"exdqlm_univar_synth","draw_082",1276,"2021-11-17","forecast","-0.916808872553711"
"exdqlm_univar_synth","draw_082",1276,"2021-11-18","forecast","-0.912119335067185"
"exdqlm_univar_synth","draw_082",1276,"2021-11-19","forecast","-0.772022770000729"
"exdqlm_univar_synth","draw_082",1276,"2021-11-20","forecast","-0.880989031367926"
"exdqlm_univar_synth","draw_082",1276,"2021-11-21","forecast","-0.963027923821952"
"exdqlm_univar_synth","draw_082",1276,"2021-11-22","forecast","-1.28697377508233"
"exdqlm_univar_synth","draw_082",1276,"2021-11-23","forecast","-0.963293345959733"
"exdqlm_univar_synth","draw_082",1276,"2021-11-24","forecast","-1.09414580854220"
"exdqlm_univar_synth","draw_082",1276,"2021-11-25","forecast","-1.01339285093945"
"exdqlm_univar_synth","draw_082",1276,"2021-11-26","forecast","-0.800829249426126"
"exdqlm_univar_synth","draw_082",1276,"2021-11-27","forecast","-1.33937082488090"
"exdqlm_univar_synth","draw_082",1276,"2021-11-28","forecast","-1.08946696674176"
"exdqlm_univar_synth","draw_082",1276,"2021-11-29","forecast","-1.14195903503550"
"exdqlm_univar_synth","draw_082",1276,"2021-11-30","forecast","-1.03960363537231"
"exdqlm_univar_synth","draw_082",1276,"2021-12-01","forecast","-1.03231350251523"
"exdqlm_univar_synth","draw_082",1276,"2021-12-02","forecast","-0.988871250699436"
"exdqlm_univar_synth","draw_082",1276,"2021-12-03","forecast","-1.02883051646145"
"exdqlm_univar_synth","draw_082",1276,"2021-12-04","forecast","-0.998729522213499"
"exdqlm_univar_synth","draw_082",1276,"2021-12-05","forecast","-1.01986342770237"
"exdqlm_univar_synth","draw_082",1276,"2021-12-06","forecast","-1.24230020386067"
"exdqlm_univar_synth","draw_082",1276,"2021-12-07","forecast","-1.37814728475083"
"exdqlm_univar_synth","draw_082",1276,"2021-12-08","forecast","-1.21733623151516"
"exdqlm_univar_synth","draw_082",1276,"2021-12-09","forecast","-0.705722310217867"
"exdqlm_univar_synth","draw_082",1276,"2021-12-10","forecast","-0.904437906947367"
"exdqlm_univar_synth","draw_083",1292,"2021-11-13","forecast","-0.636295625577684"
"exdqlm_univar_synth","draw_083",1292,"2021-11-14","forecast","-0.446103571265468"
"exdqlm_univar_synth","draw_083",1292,"2021-11-15","forecast","-0.454261577699287"
"exdqlm_univar_synth","draw_083",1292,"2021-11-16","forecast","-0.713490709433267"
"exdqlm_univar_synth","draw_083",1292,"2021-11-17","forecast","-0.699205283301286"
"exdqlm_univar_synth","draw_083",1292,"2021-11-18","forecast","-0.530385688851363"
"exdqlm_univar_synth","draw_083",1292,"2021-11-19","forecast","-0.804931837926568"
"exdqlm_univar_synth","draw_083",1292,"2021-11-20","forecast","-1.15336278424348"
"exdqlm_univar_synth","draw_083",1292,"2021-11-21","forecast","-0.904760776698998"
"exdqlm_univar_synth","draw_083",1292,"2021-11-22","forecast","-1.07720392950621"
"exdqlm_univar_synth","draw_083",1292,"2021-11-23","forecast","-1.19768992346214"
"exdqlm_univar_synth","draw_083",1292,"2021-11-24","forecast","-1.13194137961647"
"exdqlm_univar_synth","draw_083",1292,"2021-11-25","forecast","-1.11798894796431"
"exdqlm_univar_synth","draw_083",1292,"2021-11-26","forecast","-0.926902689140787"
"exdqlm_univar_synth","draw_083",1292,"2021-11-27","forecast","-1.18375466774334"
"exdqlm_univar_synth","draw_083",1292,"2021-11-28","forecast","-0.934476126056630"
"exdqlm_univar_synth","draw_083",1292,"2021-11-29","forecast","-1.10294369493215"
"exdqlm_univar_synth","draw_083",1292,"2021-11-30","forecast","-1.29161831866680"
"exdqlm_univar_synth","draw_083",1292,"2021-12-01","forecast","-1.37749736023921"
"exdqlm_univar_synth","draw_083",1292,"2021-12-02","forecast","-1.27426633888721"
"exdqlm_univar_synth","draw_083",1292,"2021-12-03","forecast","-1.03805276928580"
"exdqlm_univar_synth","draw_083",1292,"2021-12-04","forecast","-1.30294752095511"
"exdqlm_univar_synth","draw_083",1292,"2021-12-05","forecast","-1.33906523722106"
"exdqlm_univar_synth","draw_083",1292,"2021-12-06","forecast","-1.18381042814380"
"exdqlm_univar_synth","draw_083",1292,"2021-12-07","forecast","-1.07160025420675"
"exdqlm_univar_synth","draw_083",1292,"2021-12-08","forecast","-1.06323366947994"
"exdqlm_univar_synth","draw_083",1292,"2021-12-09","forecast","-1.25012100475136"
"exdqlm_univar_synth","draw_083",1292,"2021-12-10","forecast","-1.08369375177671"
"exdqlm_univar_synth","draw_084",1307,"2021-11-13","forecast","-0.495641801148861"
"exdqlm_univar_synth","draw_084",1307,"2021-11-14","forecast","-0.654563562487347"
"exdqlm_univar_synth","draw_084",1307,"2021-11-15","forecast","-0.269804606012068"
"exdqlm_univar_synth","draw_084",1307,"2021-11-16","forecast","-0.546969866501908"
"exdqlm_univar_synth","draw_084",1307,"2021-11-17","forecast","-0.784046530223554"
"exdqlm_univar_synth","draw_084",1307,"2021-11-18","forecast","-0.564691304408398"
"exdqlm_univar_synth","draw_084",1307,"2021-11-19","forecast","-1.02884581764933"
"exdqlm_univar_synth","draw_084",1307,"2021-11-20","forecast","-1.05986889069236"
"exdqlm_univar_synth","draw_084",1307,"2021-11-21","forecast","-1.02489930035515"
"exdqlm_univar_synth","draw_084",1307,"2021-11-22","forecast","-0.959102116436774"
"exdqlm_univar_synth","draw_084",1307,"2021-11-23","forecast","-0.756213226792557"
"exdqlm_univar_synth","draw_084",1307,"2021-11-24","forecast","-0.833122617005011"
"exdqlm_univar_synth","draw_084",1307,"2021-11-25","forecast","-1.05578153569019"
"exdqlm_univar_synth","draw_084",1307,"2021-11-26","forecast","-1.00971250984793"
"exdqlm_univar_synth","draw_084",1307,"2021-11-27","forecast","-1.08025968910021"
"exdqlm_univar_synth","draw_084",1307,"2021-11-28","forecast","-0.936147300495101"
"exdqlm_univar_synth","draw_084",1307,"2021-11-29","forecast","-1.10059604142354"
"exdqlm_univar_synth","draw_084",1307,"2021-11-30","forecast","-1.03254652990239"
"exdqlm_univar_synth","draw_084",1307,"2021-12-01","forecast","-1.36732694985819"
"exdqlm_univar_synth","draw_084",1307,"2021-12-02","forecast","-1.23595439790301"
"exdqlm_univar_synth","draw_084",1307,"2021-12-03","forecast","-1.06816378338096"
"exdqlm_univar_synth","draw_084",1307,"2021-12-04","forecast","-0.998982701114246"
"exdqlm_univar_synth","draw_084",1307,"2021-12-05","forecast","-1.37216006303550"
"exdqlm_univar_synth","draw_084",1307,"2021-12-06","forecast","-1.17838390606799"
"exdqlm_univar_synth","draw_084",1307,"2021-12-07","forecast","-1.32578742912468"
"exdqlm_univar_synth","draw_084",1307,"2021-12-08","forecast","-1.30007164828129"
"exdqlm_univar_synth","draw_084",1307,"2021-12-09","forecast","-0.721312060149812"
"exdqlm_univar_synth","draw_084",1307,"2021-12-10","forecast","-1.14320727580926"
"exdqlm_univar_synth","draw_085",1323,"2021-11-13","forecast","-0.636140713298177"
"exdqlm_univar_synth","draw_085",1323,"2021-11-14","forecast","-0.439645724237644"
"exdqlm_univar_synth","draw_085",1323,"2021-11-15","forecast","-0.325606920157423"
"exdqlm_univar_synth","draw_085",1323,"2021-11-16","forecast","-0.773578284986906"
"exdqlm_univar_synth","draw_085",1323,"2021-11-17","forecast","-0.949991635865788"
"exdqlm_univar_synth","draw_085",1323,"2021-11-18","forecast","-0.892294782351937"
"exdqlm_univar_synth","draw_085",1323,"2021-11-19","forecast","-1.10046430921003"
"exdqlm_univar_synth","draw_085",1323,"2021-11-20","forecast","-0.735198337121913"
"exdqlm_univar_synth","draw_085",1323,"2021-11-21","forecast","-0.732868192047645"
"exdqlm_univar_synth","draw_085",1323,"2021-11-22","forecast","-0.860845118298540"
"exdqlm_univar_synth","draw_085",1323,"2021-11-23","forecast","-1.12815411843392"
"exdqlm_univar_synth","draw_085",1323,"2021-11-24","forecast","-0.943104493556361"
"exdqlm_univar_synth","draw_085",1323,"2021-11-25","forecast","-1.05751179852660"
"exdqlm_univar_synth","draw_085",1323,"2021-11-26","forecast","-0.861076857200411"
"exdqlm_univar_synth","draw_085",1323,"2021-11-27","forecast","-1.52148824284834"
"exdqlm_univar_synth","draw_085",1323,"2021-11-28","forecast","-0.926432208532818"
"exdqlm_univar_synth","draw_085",1323,"2021-11-29","forecast","-1.31930199545306"
"exdqlm_univar_synth","draw_085",1323,"2021-11-30","forecast","-1.29168288946045"
"exdqlm_univar_synth","draw_085",1323,"2021-12-01","forecast","-1.01519624989016"
"exdqlm_univar_synth","draw_085",1323,"2021-12-02","forecast","-0.993263347781319"
"exdqlm_univar_synth","draw_085",1323,"2021-12-03","forecast","-1.25082903377419"
"exdqlm_univar_synth","draw_085",1323,"2021-12-04","forecast","-0.993924509478590"
"exdqlm_univar_synth","draw_085",1323,"2021-12-05","forecast","-1.02665508346775"
"exdqlm_univar_synth","draw_085",1323,"2021-12-06","forecast","-1.47229785468740"
"exdqlm_univar_synth","draw_085",1323,"2021-12-07","forecast","-1.55944148340518"
"exdqlm_univar_synth","draw_085",1323,"2021-12-08","forecast","-1.21894148053442"
"exdqlm_univar_synth","draw_085",1323,"2021-12-09","forecast","-0.721132953627945"
"exdqlm_univar_synth","draw_085",1323,"2021-12-10","forecast","-1.30686811907129"
"exdqlm_univar_synth","draw_086",1339,"2021-11-13","forecast","-0.646186989567773"
"exdqlm_univar_synth","draw_086",1339,"2021-11-14","forecast","-0.448093737850318"
"exdqlm_univar_synth","draw_086",1339,"2021-11-15","forecast","-0.434762548319167"
"exdqlm_univar_synth","draw_086",1339,"2021-11-16","forecast","-0.784331048030205"
"exdqlm_univar_synth","draw_086",1339,"2021-11-17","forecast","-0.692586416196909"
"exdqlm_univar_synth","draw_086",1339,"2021-11-18","forecast","-0.551341618473324"
"exdqlm_univar_synth","draw_086",1339,"2021-11-19","forecast","-0.942835490916685"
"exdqlm_univar_synth","draw_086",1339,"2021-11-20","forecast","-0.969997659384391"
"exdqlm_univar_synth","draw_086",1339,"2021-11-21","forecast","-0.848439291922113"
"exdqlm_univar_synth","draw_086",1339,"2021-11-22","forecast","-0.925039305821246"
"exdqlm_univar_synth","draw_086",1339,"2021-11-23","forecast","-0.757476340611133"
"exdqlm_univar_synth","draw_086",1339,"2021-11-24","forecast","-1.12836119887144"
"exdqlm_univar_synth","draw_086",1339,"2021-11-25","forecast","-0.994793269481444"
"exdqlm_univar_synth","draw_086",1339,"2021-11-26","forecast","-0.952095261010005"
"exdqlm_univar_synth","draw_086",1339,"2021-11-27","forecast","-1.02723227215107"
"exdqlm_univar_synth","draw_086",1339,"2021-11-28","forecast","-1.09196774702454"
"exdqlm_univar_synth","draw_086",1339,"2021-11-29","forecast","-1.08567413641691"
"exdqlm_univar_synth","draw_086",1339,"2021-11-30","forecast","-1.12311575341817"
"exdqlm_univar_synth","draw_086",1339,"2021-12-01","forecast","-1.01511276535346"
"exdqlm_univar_synth","draw_086",1339,"2021-12-02","forecast","-0.981768696354836"
"exdqlm_univar_synth","draw_086",1339,"2021-12-03","forecast","-1.03129813235204"
"exdqlm_univar_synth","draw_086",1339,"2021-12-04","forecast","-0.997474235497996"
"exdqlm_univar_synth","draw_086",1339,"2021-12-05","forecast","-0.994246254699901"
"exdqlm_univar_synth","draw_086",1339,"2021-12-06","forecast","-1.55198607844639"
"exdqlm_univar_synth","draw_086",1339,"2021-12-07","forecast","-1.47891946692705"
"exdqlm_univar_synth","draw_086",1339,"2021-12-08","forecast","-1.40104227397752"
"exdqlm_univar_synth","draw_086",1339,"2021-12-09","forecast","-1.05185561881617"
"exdqlm_univar_synth","draw_086",1339,"2021-12-10","forecast","-0.964166756616035"
"exdqlm_univar_synth","draw_087",1355,"2021-11-13","forecast","-0.503647683325272"
"exdqlm_univar_synth","draw_087",1355,"2021-11-14","forecast","-0.721553754138540"
"exdqlm_univar_synth","draw_087",1355,"2021-11-15","forecast","-0.376095269294123"
"exdqlm_univar_synth","draw_087",1355,"2021-11-16","forecast","-0.529982944500891"
"exdqlm_univar_synth","draw_087",1355,"2021-11-17","forecast","-0.680510819330240"
"exdqlm_univar_synth","draw_087",1355,"2021-11-18","forecast","-0.634859943780432"
"exdqlm_univar_synth","draw_087",1355,"2021-11-19","forecast","-0.732393373430925"
"exdqlm_univar_synth","draw_087",1355,"2021-11-20","forecast","-0.878293206967886"
"exdqlm_univar_synth","draw_087",1355,"2021-11-21","forecast","-1.10412514539061"
"exdqlm_univar_synth","draw_087",1355,"2021-11-22","forecast","-0.919321336158946"
"exdqlm_univar_synth","draw_087",1355,"2021-11-23","forecast","-0.957269667582704"
"exdqlm_univar_synth","draw_087",1355,"2021-11-24","forecast","-0.835240761554853"
"exdqlm_univar_synth","draw_087",1355,"2021-11-25","forecast","-1.36784155832821"
"exdqlm_univar_synth","draw_087",1355,"2021-11-26","forecast","-0.775100795259446"
"exdqlm_univar_synth","draw_087",1355,"2021-11-27","forecast","-1.01905759709385"
"exdqlm_univar_synth","draw_087",1355,"2021-11-28","forecast","-1.18174198454487"
"exdqlm_univar_synth","draw_087",1355,"2021-11-29","forecast","-1.08450608517394"
"exdqlm_univar_synth","draw_087",1355,"2021-11-30","forecast","-1.26667470917805"
"exdqlm_univar_synth","draw_087",1355,"2021-12-01","forecast","-1.01721591883373"
"exdqlm_univar_synth","draw_087",1355,"2021-12-02","forecast","-0.994990190472169"
"exdqlm_univar_synth","draw_087",1355,"2021-12-03","forecast","-1.42481421365629"
"exdqlm_univar_synth","draw_087",1355,"2021-12-04","forecast","-0.973430492153073"
"exdqlm_univar_synth","draw_087",1355,"2021-12-05","forecast","-1.31588581364562"
"exdqlm_univar_synth","draw_087",1355,"2021-12-06","forecast","-1.26772507189611"
"exdqlm_univar_synth","draw_087",1355,"2021-12-07","forecast","-1.11875420468551"
"exdqlm_univar_synth","draw_087",1355,"2021-12-08","forecast","-1.05391801457926"
"exdqlm_univar_synth","draw_087",1355,"2021-12-09","forecast","-0.718721114188737"
"exdqlm_univar_synth","draw_087",1355,"2021-12-10","forecast","-1.13590923980631"
"exdqlm_univar_synth","draw_088",1370,"2021-11-13","forecast","-0.846465533056512"
"exdqlm_univar_synth","draw_088",1370,"2021-11-14","forecast","-0.494888359935358"
"exdqlm_univar_synth","draw_088",1370,"2021-11-15","forecast","-0.591248769946745"
"exdqlm_univar_synth","draw_088",1370,"2021-11-16","forecast","-0.638508822921647"
"exdqlm_univar_synth","draw_088",1370,"2021-11-17","forecast","-0.807014037079482"
"exdqlm_univar_synth","draw_088",1370,"2021-11-18","forecast","-0.506350716068213"
"exdqlm_univar_synth","draw_088",1370,"2021-11-19","forecast","-0.777528077534704"
"exdqlm_univar_synth","draw_088",1370,"2021-11-20","forecast","-0.717535247136438"
"exdqlm_univar_synth","draw_088",1370,"2021-11-21","forecast","-0.723182142412403"
"exdqlm_univar_synth","draw_088",1370,"2021-11-22","forecast","-0.929185980241019"
"exdqlm_univar_synth","draw_088",1370,"2021-11-23","forecast","-1.21091985052773"
"exdqlm_univar_synth","draw_088",1370,"2021-11-24","forecast","-0.861357549696678"
"exdqlm_univar_synth","draw_088",1370,"2021-11-25","forecast","-1.17710206552472"
"exdqlm_univar_synth","draw_088",1370,"2021-11-26","forecast","-1.22491668017023"
"exdqlm_univar_synth","draw_088",1370,"2021-11-27","forecast","-1.02426847494834"
"exdqlm_univar_synth","draw_088",1370,"2021-11-28","forecast","-0.936065547524982"
"exdqlm_univar_synth","draw_088",1370,"2021-11-29","forecast","-1.09872197724371"
"exdqlm_univar_synth","draw_088",1370,"2021-11-30","forecast","-1.00493424078298"
"exdqlm_univar_synth","draw_088",1370,"2021-12-01","forecast","-1.02588156905523"
"exdqlm_univar_synth","draw_088",1370,"2021-12-02","forecast","-0.982002923866110"
"exdqlm_univar_synth","draw_088",1370,"2021-12-03","forecast","-1.22894605449041"
"exdqlm_univar_synth","draw_088",1370,"2021-12-04","forecast","-0.940261258714660"
"exdqlm_univar_synth","draw_088",1370,"2021-12-05","forecast","-0.941925716473416"
"exdqlm_univar_synth","draw_088",1370,"2021-12-06","forecast","-1.17420221075261"
"exdqlm_univar_synth","draw_088",1370,"2021-12-07","forecast","-1.62239247865754"
"exdqlm_univar_synth","draw_088",1370,"2021-12-08","forecast","-1.42899902802410"
"exdqlm_univar_synth","draw_088",1370,"2021-12-09","forecast","-0.573691581770359"
"exdqlm_univar_synth","draw_088",1370,"2021-12-10","forecast","-0.962804565453474"
"exdqlm_univar_synth","draw_089",1386,"2021-11-13","forecast","-0.442198746915935"
"exdqlm_univar_synth","draw_089",1386,"2021-11-14","forecast","-0.395894105986882"
"exdqlm_univar_synth","draw_089",1386,"2021-11-15","forecast","-0.458812607284867"
"exdqlm_univar_synth","draw_089",1386,"2021-11-16","forecast","-0.478225893058401"
"exdqlm_univar_synth","draw_089",1386,"2021-11-17","forecast","-0.456605762523208"
"exdqlm_univar_synth","draw_089",1386,"2021-11-18","forecast","-0.918691822382058"
"exdqlm_univar_synth","draw_089",1386,"2021-11-19","forecast","-0.775575717652301"
"exdqlm_univar_synth","draw_089",1386,"2021-11-20","forecast","-0.735143993171905"
"exdqlm_univar_synth","draw_089",1386,"2021-11-21","forecast","-0.807977461838745"
"exdqlm_univar_synth","draw_089",1386,"2021-11-22","forecast","-1.25594239936554"
"exdqlm_univar_synth","draw_089",1386,"2021-11-23","forecast","-1.00600962283754"
"exdqlm_univar_synth","draw_089",1386,"2021-11-24","forecast","-0.776698930424596"
"exdqlm_univar_synth","draw_089",1386,"2021-11-25","forecast","-0.989609476978459"
"exdqlm_univar_synth","draw_089",1386,"2021-11-26","forecast","-1.02654101771510"
"exdqlm_univar_synth","draw_089",1386,"2021-11-27","forecast","-1.14259020946341"
"exdqlm_univar_synth","draw_089",1386,"2021-11-28","forecast","-1.08530355146390"
"exdqlm_univar_synth","draw_089",1386,"2021-11-29","forecast","-1.08853209977984"
"exdqlm_univar_synth","draw_089",1386,"2021-11-30","forecast","-1.04117038131381"
"exdqlm_univar_synth","draw_089",1386,"2021-12-01","forecast","-1.42417868189068"
"exdqlm_univar_synth","draw_089",1386,"2021-12-02","forecast","-1.03801854421169"
"exdqlm_univar_synth","draw_089",1386,"2021-12-03","forecast","-1.03071976184736"
"exdqlm_univar_synth","draw_089",1386,"2021-12-04","forecast","-1.57350480994050"
"exdqlm_univar_synth","draw_089",1386,"2021-12-05","forecast","-0.993388862774248"
"exdqlm_univar_synth","draw_089",1386,"2021-12-06","forecast","-1.12085227362960"
"exdqlm_univar_synth","draw_089",1386,"2021-12-07","forecast","-1.87547935257589"
"exdqlm_univar_synth","draw_089",1386,"2021-12-08","forecast","-1.08385289868055"
"exdqlm_univar_synth","draw_089",1386,"2021-12-09","forecast","-0.874953430503444"
"exdqlm_univar_synth","draw_089",1386,"2021-12-10","forecast","-0.958223101406311"
"exdqlm_univar_synth","draw_090",1402,"2021-11-13","forecast","-0.441105704560472"
"exdqlm_univar_synth","draw_090",1402,"2021-11-14","forecast","-0.663008873513026"
"exdqlm_univar_synth","draw_090",1402,"2021-11-15","forecast","-0.565203426867925"
"exdqlm_univar_synth","draw_090",1402,"2021-11-16","forecast","-0.705440022476677"
"exdqlm_univar_synth","draw_090",1402,"2021-11-17","forecast","-0.617978625861785"
"exdqlm_univar_synth","draw_090",1402,"2021-11-18","forecast","-0.570746204222177"
"exdqlm_univar_synth","draw_090",1402,"2021-11-19","forecast","-1.07905413906029"
"exdqlm_univar_synth","draw_090",1402,"2021-11-20","forecast","-0.726193902383455"
"exdqlm_univar_synth","draw_090",1402,"2021-11-21","forecast","-0.652725753879484"
"exdqlm_univar_synth","draw_090",1402,"2021-11-22","forecast","-1.02062420753722"
"exdqlm_univar_synth","draw_090",1402,"2021-11-23","forecast","-0.756879294033372"
"exdqlm_univar_synth","draw_090",1402,"2021-11-24","forecast","-1.01454522173221"
"exdqlm_univar_synth","draw_090",1402,"2021-11-25","forecast","-1.18417047915100"
"exdqlm_univar_synth","draw_090",1402,"2021-11-26","forecast","-0.919751328932013"
"exdqlm_univar_synth","draw_090",1402,"2021-11-27","forecast","-1.02495894938205"
"exdqlm_univar_synth","draw_090",1402,"2021-11-28","forecast","-1.32824653970934"
"exdqlm_univar_synth","draw_090",1402,"2021-11-29","forecast","-1.39763247338297"
"exdqlm_univar_synth","draw_090",1402,"2021-11-30","forecast","-1.00580953782815"
"exdqlm_univar_synth","draw_090",1402,"2021-12-01","forecast","-1.01177203762932"
"exdqlm_univar_synth","draw_090",1402,"2021-12-02","forecast","-0.979316664410576"
"exdqlm_univar_synth","draw_090",1402,"2021-12-03","forecast","-1.02791812914102"
"exdqlm_univar_synth","draw_090",1402,"2021-12-04","forecast","-1.37523861305425"
"exdqlm_univar_synth","draw_090",1402,"2021-12-05","forecast","-0.993878313444276"
"exdqlm_univar_synth","draw_090",1402,"2021-12-06","forecast","-1.17426774898190"
"exdqlm_univar_synth","draw_090",1402,"2021-12-07","forecast","-1.07985365830888"
"exdqlm_univar_synth","draw_090",1402,"2021-12-08","forecast","-1.09809476472298"
"exdqlm_univar_synth","draw_090",1402,"2021-12-09","forecast","-0.725245612797482"
"exdqlm_univar_synth","draw_090",1402,"2021-12-10","forecast","-0.963945835528406"
"exdqlm_univar_synth","draw_091",1418,"2021-11-13","forecast","-0.442157774279290"
"exdqlm_univar_synth","draw_091",1418,"2021-11-14","forecast","-0.833871016062596"
"exdqlm_univar_synth","draw_091",1418,"2021-11-15","forecast","-0.680407946502627"
"exdqlm_univar_synth","draw_091",1418,"2021-11-16","forecast","-0.568993955559656"
"exdqlm_univar_synth","draw_091",1418,"2021-11-17","forecast","-0.678965019390475"
"exdqlm_univar_synth","draw_091",1418,"2021-11-18","forecast","-0.648514245201254"
"exdqlm_univar_synth","draw_091",1418,"2021-11-19","forecast","-0.775000809347257"
"exdqlm_univar_synth","draw_091",1418,"2021-11-20","forecast","-0.734231927485523"
"exdqlm_univar_synth","draw_091",1418,"2021-11-21","forecast","-1.09318776229072"
"exdqlm_univar_synth","draw_091",1418,"2021-11-22","forecast","-1.22107051881765"
"exdqlm_univar_synth","draw_091",1418,"2021-11-23","forecast","-1.02361287029083"
"exdqlm_univar_synth","draw_091",1418,"2021-11-24","forecast","-1.09264660561359"
"exdqlm_univar_synth","draw_091",1418,"2021-11-25","forecast","-1.01409453289314"
"exdqlm_univar_synth","draw_091",1418,"2021-11-26","forecast","-1.18885980500096"
"exdqlm_univar_synth","draw_091",1418,"2021-11-27","forecast","-1.23608167076092"
"exdqlm_univar_synth","draw_091",1418,"2021-11-28","forecast","-0.928093930418801"
"exdqlm_univar_synth","draw_091",1418,"2021-11-29","forecast","-1.26405763677494"
"exdqlm_univar_synth","draw_091",1418,"2021-11-30","forecast","-1.05437919268961"
"exdqlm_univar_synth","draw_091",1418,"2021-12-01","forecast","-1.02344065634747"
"exdqlm_univar_synth","draw_091",1418,"2021-12-02","forecast","-0.979297398695882"
"exdqlm_univar_synth","draw_091",1418,"2021-12-03","forecast","-1.36716311978823"
"exdqlm_univar_synth","draw_091",1418,"2021-12-04","forecast","-1.13396005585467"
"exdqlm_univar_synth","draw_091",1418,"2021-12-05","forecast","-1.03582057203397"
"exdqlm_univar_synth","draw_091",1418,"2021-12-06","forecast","-1.17688864878320"
"exdqlm_univar_synth","draw_091",1418,"2021-12-07","forecast","-1.32241080518186"
"exdqlm_univar_synth","draw_091",1418,"2021-12-08","forecast","-1.05446488269488"
"exdqlm_univar_synth","draw_091",1418,"2021-12-09","forecast","-0.771489897058093"
"exdqlm_univar_synth","draw_091",1418,"2021-12-10","forecast","-1.21043259073513"
"exdqlm_univar_synth","draw_092",1433,"2021-11-13","forecast","-0.586527067198709"
"exdqlm_univar_synth","draw_092",1433,"2021-11-14","forecast","-0.694084333794102"
"exdqlm_univar_synth","draw_092",1433,"2021-11-15","forecast","-0.660279573281079"
"exdqlm_univar_synth","draw_092",1433,"2021-11-16","forecast","-0.492787936086516"
"exdqlm_univar_synth","draw_092",1433,"2021-11-17","forecast","-0.726119672300738"
"exdqlm_univar_synth","draw_092",1433,"2021-11-18","forecast","-0.713308789394263"
"exdqlm_univar_synth","draw_092",1433,"2021-11-19","forecast","-1.08265974939744"
"exdqlm_univar_synth","draw_092",1433,"2021-11-20","forecast","-0.943826081703968"
"exdqlm_univar_synth","draw_092",1433,"2021-11-21","forecast","-0.726444336876167"
"exdqlm_univar_synth","draw_092",1433,"2021-11-22","forecast","-0.921380995894218"
"exdqlm_univar_synth","draw_092",1433,"2021-11-23","forecast","-0.987590515655335"
"exdqlm_univar_synth","draw_092",1433,"2021-11-24","forecast","-0.837393386902884"
"exdqlm_univar_synth","draw_092",1433,"2021-11-25","forecast","-1.00953651589119"
"exdqlm_univar_synth","draw_092",1433,"2021-11-26","forecast","-0.853795423255703"
"exdqlm_univar_synth","draw_092",1433,"2021-11-27","forecast","-1.20392258438632"
"exdqlm_univar_synth","draw_092",1433,"2021-11-28","forecast","-0.956229669359699"
"exdqlm_univar_synth","draw_092",1433,"2021-11-29","forecast","-1.09216084557720"
"exdqlm_univar_synth","draw_092",1433,"2021-11-30","forecast","-0.999379962482624"
"exdqlm_univar_synth","draw_092",1433,"2021-12-01","forecast","-1.06199479028472"
"exdqlm_univar_synth","draw_092",1433,"2021-12-02","forecast","-1.42467245754423"
"exdqlm_univar_synth","draw_092",1433,"2021-12-03","forecast","-1.47587336489989"
"exdqlm_univar_synth","draw_092",1433,"2021-12-04","forecast","-1.07827756007147"
"exdqlm_univar_synth","draw_092",1433,"2021-12-05","forecast","-1.01981264937493"
"exdqlm_univar_synth","draw_092",1433,"2021-12-06","forecast","-1.53489066260907"
"exdqlm_univar_synth","draw_092",1433,"2021-12-07","forecast","-1.22390413935254"
"exdqlm_univar_synth","draw_092",1433,"2021-12-08","forecast","-1.41274044311390"
"exdqlm_univar_synth","draw_092",1433,"2021-12-09","forecast","-0.648464954242963"
"exdqlm_univar_synth","draw_092",1433,"2021-12-10","forecast","-1.15281173010987"
"exdqlm_univar_synth","draw_093",1449,"2021-11-13","forecast","-0.649343844588988"
"exdqlm_univar_synth","draw_093",1449,"2021-11-14","forecast","-0.423284050637128"
"exdqlm_univar_synth","draw_093",1449,"2021-11-15","forecast","-0.454718902953614"
"exdqlm_univar_synth","draw_093",1449,"2021-11-16","forecast","-0.737992986145207"
"exdqlm_univar_synth","draw_093",1449,"2021-11-17","forecast","-0.934307495830262"
"exdqlm_univar_synth","draw_093",1449,"2021-11-18","forecast","-0.901582081253068"
"exdqlm_univar_synth","draw_093",1449,"2021-11-19","forecast","-0.972017557830770"
"exdqlm_univar_synth","draw_093",1449,"2021-11-20","forecast","-0.979269898566868"
"exdqlm_univar_synth","draw_093",1449,"2021-11-21","forecast","-0.721052025419153"
"exdqlm_univar_synth","draw_093",1449,"2021-11-22","forecast","-0.921137255121033"
"exdqlm_univar_synth","draw_093",1449,"2021-11-23","forecast","-1.13761143149899"
"exdqlm_univar_synth","draw_093",1449,"2021-11-24","forecast","-1.03974947918393"
"exdqlm_univar_synth","draw_093",1449,"2021-11-25","forecast","-0.990648242635641"
"exdqlm_univar_synth","draw_093",1449,"2021-11-26","forecast","-0.908770415574753"
"exdqlm_univar_synth","draw_093",1449,"2021-11-27","forecast","-1.03077352000187"
"exdqlm_univar_synth","draw_093",1449,"2021-11-28","forecast","-1.39275259910396"
"exdqlm_univar_synth","draw_093",1449,"2021-11-29","forecast","-1.08965787439328"
"exdqlm_univar_synth","draw_093",1449,"2021-11-30","forecast","-1.31811136010696"
"exdqlm_univar_synth","draw_093",1449,"2021-12-01","forecast","-1.02252990054471"
"exdqlm_univar_synth","draw_093",1449,"2021-12-02","forecast","-1.00697059965636"
"exdqlm_univar_synth","draw_093",1449,"2021-12-03","forecast","-1.03362681509791"
"exdqlm_univar_synth","draw_093",1449,"2021-12-04","forecast","-1.21034613263169"
"exdqlm_univar_synth","draw_093",1449,"2021-12-05","forecast","-0.992914044727196"
"exdqlm_univar_synth","draw_093",1449,"2021-12-06","forecast","-1.17271017441563"
"exdqlm_univar_synth","draw_093",1449,"2021-12-07","forecast","-1.53258843069028"
"exdqlm_univar_synth","draw_093",1449,"2021-12-08","forecast","-1.26374047748265"
"exdqlm_univar_synth","draw_093",1449,"2021-12-09","forecast","-0.788687132836214"
"exdqlm_univar_synth","draw_093",1449,"2021-12-10","forecast","-1.51081473641522"
"exdqlm_univar_synth","draw_094",1465,"2021-11-13","forecast","-0.449865572957075"
"exdqlm_univar_synth","draw_094",1465,"2021-11-14","forecast","-0.323988403824029"
"exdqlm_univar_synth","draw_094",1465,"2021-11-15","forecast","-0.514473195653218"
"exdqlm_univar_synth","draw_094",1465,"2021-11-16","forecast","-0.894112416168549"
"exdqlm_univar_synth","draw_094",1465,"2021-11-17","forecast","-0.717735725992724"
"exdqlm_univar_synth","draw_094",1465,"2021-11-18","forecast","-0.795290208610096"
"exdqlm_univar_synth","draw_094",1465,"2021-11-19","forecast","-0.808581923432403"
"exdqlm_univar_synth","draw_094",1465,"2021-11-20","forecast","-0.730447051618208"
"exdqlm_univar_synth","draw_094",1465,"2021-11-21","forecast","-1.03476302658291"
"exdqlm_univar_synth","draw_094",1465,"2021-11-22","forecast","-0.922760725624526"
"exdqlm_univar_synth","draw_094",1465,"2021-11-23","forecast","-0.656061285516898"
"exdqlm_univar_synth","draw_094",1465,"2021-11-24","forecast","-1.08943095315078"
"exdqlm_univar_synth","draw_094",1465,"2021-11-25","forecast","-0.960060291571492"
"exdqlm_univar_synth","draw_094",1465,"2021-11-26","forecast","-0.790313691947525"
"exdqlm_univar_synth","draw_094",1465,"2021-11-27","forecast","-1.02078817715306"
"exdqlm_univar_synth","draw_094",1465,"2021-11-28","forecast","-0.928986105852933"
"exdqlm_univar_synth","draw_094",1465,"2021-11-29","forecast","-1.34162633258936"
"exdqlm_univar_synth","draw_094",1465,"2021-11-30","forecast","-1.34576585561268"
"exdqlm_univar_synth","draw_094",1465,"2021-12-01","forecast","-1.01263899468969"
"exdqlm_univar_synth","draw_094",1465,"2021-12-02","forecast","-1.27589666151712"
"exdqlm_univar_synth","draw_094",1465,"2021-12-03","forecast","-1.31959711865153"
"exdqlm_univar_synth","draw_094",1465,"2021-12-04","forecast","-0.992534714730277"
"exdqlm_univar_synth","draw_094",1465,"2021-12-05","forecast","-0.989041277062941"
"exdqlm_univar_synth","draw_094",1465,"2021-12-06","forecast","-1.19043600435108"
"exdqlm_univar_synth","draw_094",1465,"2021-12-07","forecast","-1.12418993459627"
"exdqlm_univar_synth","draw_094",1465,"2021-12-08","forecast","-1.39552062561058"
"exdqlm_univar_synth","draw_094",1465,"2021-12-09","forecast","-1.43962453714674"
"exdqlm_univar_synth","draw_094",1465,"2021-12-10","forecast","-0.961528982866398"
"exdqlm_univar_synth","draw_095",1481,"2021-11-13","forecast","-0.501065452315081"
"exdqlm_univar_synth","draw_095",1481,"2021-11-14","forecast","-0.425066419269287"
"exdqlm_univar_synth","draw_095",1481,"2021-11-15","forecast","-0.960073521612111"
"exdqlm_univar_synth","draw_095",1481,"2021-11-16","forecast","-0.497641147087360"
"exdqlm_univar_synth","draw_095",1481,"2021-11-17","forecast","-0.686761653147536"
"exdqlm_univar_synth","draw_095",1481,"2021-11-18","forecast","-0.495837789502927"
"exdqlm_univar_synth","draw_095",1481,"2021-11-19","forecast","-0.988401622838944"
"exdqlm_univar_synth","draw_095",1481,"2021-11-20","forecast","-0.732679254796942"
"exdqlm_univar_synth","draw_095",1481,"2021-11-21","forecast","-1.12060853291043"
"exdqlm_univar_synth","draw_095",1481,"2021-11-22","forecast","-0.921577572487607"
"exdqlm_univar_synth","draw_095",1481,"2021-11-23","forecast","-1.10806355961064"
"exdqlm_univar_synth","draw_095",1481,"2021-11-24","forecast","-1.17980571858432"
"exdqlm_univar_synth","draw_095",1481,"2021-11-25","forecast","-1.11129190346904"
"exdqlm_univar_synth","draw_095",1481,"2021-11-26","forecast","-0.908128622337139"
"exdqlm_univar_synth","draw_095",1481,"2021-11-27","forecast","-1.02011187587829"
"exdqlm_univar_synth","draw_095",1481,"2021-11-28","forecast","-1.20089023371613"
"exdqlm_univar_synth","draw_095",1481,"2021-11-29","forecast","-1.41060377825682"
"exdqlm_univar_synth","draw_095",1481,"2021-11-30","forecast","-1.18072410553126"
"exdqlm_univar_synth","draw_095",1481,"2021-12-01","forecast","-1.55641707416961"
"exdqlm_univar_synth","draw_095",1481,"2021-12-02","forecast","-1.41075087342066"
"exdqlm_univar_synth","draw_095",1481,"2021-12-03","forecast","-1.09034870577495"
"exdqlm_univar_synth","draw_095",1481,"2021-12-04","forecast","-1.48469771712565"
"exdqlm_univar_synth","draw_095",1481,"2021-12-05","forecast","-1.11195351903977"
"exdqlm_univar_synth","draw_095",1481,"2021-12-06","forecast","-1.54579143479516"
"exdqlm_univar_synth","draw_095",1481,"2021-12-07","forecast","-1.07626957284514"
"exdqlm_univar_synth","draw_095",1481,"2021-12-08","forecast","-1.46089855452133"
"exdqlm_univar_synth","draw_095",1481,"2021-12-09","forecast","-1.01569068393958"
"exdqlm_univar_synth","draw_095",1481,"2021-12-10","forecast","-1.21358065909834"
"exdqlm_univar_synth","draw_096",1496,"2021-11-13","forecast","-0.423865327619287"
"exdqlm_univar_synth","draw_096",1496,"2021-11-14","forecast","-0.406718762251979"
"exdqlm_univar_synth","draw_096",1496,"2021-11-15","forecast","-0.760823437756293"
"exdqlm_univar_synth","draw_096",1496,"2021-11-16","forecast","-0.822644002092605"
"exdqlm_univar_synth","draw_096",1496,"2021-11-17","forecast","-0.783304777395587"
"exdqlm_univar_synth","draw_096",1496,"2021-11-18","forecast","-0.926891942964306"
"exdqlm_univar_synth","draw_096",1496,"2021-11-19","forecast","-1.01463404951557"
"exdqlm_univar_synth","draw_096",1496,"2021-11-20","forecast","-0.895089950622253"
"exdqlm_univar_synth","draw_096",1496,"2021-11-21","forecast","-1.12802661892641"
"exdqlm_univar_synth","draw_096",1496,"2021-11-22","forecast","-1.10868924133805"
"exdqlm_univar_synth","draw_096",1496,"2021-11-23","forecast","-0.824875510633864"
"exdqlm_univar_synth","draw_096",1496,"2021-11-24","forecast","-1.18222025923249"
"exdqlm_univar_synth","draw_096",1496,"2021-11-25","forecast","-1.15716352960815"
"exdqlm_univar_synth","draw_096",1496,"2021-11-26","forecast","-0.800406378637132"
"exdqlm_univar_synth","draw_096",1496,"2021-11-27","forecast","-1.03221230782268"
"exdqlm_univar_synth","draw_096",1496,"2021-11-28","forecast","-1.24233398281793"
"exdqlm_univar_synth","draw_096",1496,"2021-11-29","forecast","-1.10294069652401"
"exdqlm_univar_synth","draw_096",1496,"2021-11-30","forecast","-1.00501773787093"
"exdqlm_univar_synth","draw_096",1496,"2021-12-01","forecast","-1.10228039718405"
"exdqlm_univar_synth","draw_096",1496,"2021-12-02","forecast","-1.06111534091742"
"exdqlm_univar_synth","draw_096",1496,"2021-12-03","forecast","-1.03718567444118"
"exdqlm_univar_synth","draw_096",1496,"2021-12-04","forecast","-0.996812694139190"
"exdqlm_univar_synth","draw_096",1496,"2021-12-05","forecast","-1.34644075315900"
"exdqlm_univar_synth","draw_096",1496,"2021-12-06","forecast","-1.49817090248361"
"exdqlm_univar_synth","draw_096",1496,"2021-12-07","forecast","-1.37859873750211"
"exdqlm_univar_synth","draw_096",1496,"2021-12-08","forecast","-1.05367364482368"
"exdqlm_univar_synth","draw_096",1496,"2021-12-09","forecast","-0.827154701820222"
"exdqlm_univar_synth","draw_096",1496,"2021-12-10","forecast","-0.966854451858038"
"exdqlm_univar_synth","draw_097",1512,"2021-11-13","forecast","-0.687852822058209"
"exdqlm_univar_synth","draw_097",1512,"2021-11-14","forecast","-0.467904796636877"
"exdqlm_univar_synth","draw_097",1512,"2021-11-15","forecast","-0.419438406854515"
"exdqlm_univar_synth","draw_097",1512,"2021-11-16","forecast","-0.667169061890871"
"exdqlm_univar_synth","draw_097",1512,"2021-11-17","forecast","-0.784465209065851"
"exdqlm_univar_synth","draw_097",1512,"2021-11-18","forecast","-0.531928212725290"
"exdqlm_univar_synth","draw_097",1512,"2021-11-19","forecast","-0.776291696110439"
"exdqlm_univar_synth","draw_097",1512,"2021-11-20","forecast","-1.15230183687943"
"exdqlm_univar_synth","draw_097",1512,"2021-11-21","forecast","-1.19585541519980"
"exdqlm_univar_synth","draw_097",1512,"2021-11-22","forecast","-1.01752469396208"
"exdqlm_univar_synth","draw_097",1512,"2021-11-23","forecast","-0.756931279849551"
"exdqlm_univar_synth","draw_097",1512,"2021-11-24","forecast","-0.840202523334446"
"exdqlm_univar_synth","draw_097",1512,"2021-11-25","forecast","-0.991180236169256"
"exdqlm_univar_synth","draw_097",1512,"2021-11-26","forecast","-0.895029566607709"
"exdqlm_univar_synth","draw_097",1512,"2021-11-27","forecast","-1.01826103382468"
"exdqlm_univar_synth","draw_097",1512,"2021-11-28","forecast","-0.927289785469479"
"exdqlm_univar_synth","draw_097",1512,"2021-11-29","forecast","-1.31250362516500"
"exdqlm_univar_synth","draw_097",1512,"2021-11-30","forecast","-0.999495931693430"
"exdqlm_univar_synth","draw_097",1512,"2021-12-01","forecast","-1.28841278609312"
"exdqlm_univar_synth","draw_097",1512,"2021-12-02","forecast","-1.32254771672019"
"exdqlm_univar_synth","draw_097",1512,"2021-12-03","forecast","-1.06991905633828"
"exdqlm_univar_synth","draw_097",1512,"2021-12-04","forecast","-1.09539046240965"
"exdqlm_univar_synth","draw_097",1512,"2021-12-05","forecast","-1.26441518055464"
"exdqlm_univar_synth","draw_097",1512,"2021-12-06","forecast","-1.18794622775471"
"exdqlm_univar_synth","draw_097",1512,"2021-12-07","forecast","-1.07070849445744"
"exdqlm_univar_synth","draw_097",1512,"2021-12-08","forecast","-1.18321324550166"
"exdqlm_univar_synth","draw_097",1512,"2021-12-09","forecast","-1.15606307458695"
"exdqlm_univar_synth","draw_097",1512,"2021-12-10","forecast","-0.962298998458936"
"exdqlm_univar_synth","draw_098",1528,"2021-11-13","forecast","-0.437536596985716"
"exdqlm_univar_synth","draw_098",1528,"2021-11-14","forecast","-0.590656312499661"
"exdqlm_univar_synth","draw_098",1528,"2021-11-15","forecast","-0.601820677296476"
"exdqlm_univar_synth","draw_098",1528,"2021-11-16","forecast","-0.465630602975149"
"exdqlm_univar_synth","draw_098",1528,"2021-11-17","forecast","-0.702183882326809"
"exdqlm_univar_synth","draw_098",1528,"2021-11-18","forecast","-0.673753049039580"
"exdqlm_univar_synth","draw_098",1528,"2021-11-19","forecast","-0.777732477734503"
"exdqlm_univar_synth","draw_098",1528,"2021-11-20","forecast","-0.732307128485430"
"exdqlm_univar_synth","draw_098",1528,"2021-11-21","forecast","-0.834116817206135"
"exdqlm_univar_synth","draw_098",1528,"2021-11-22","forecast","-1.17783135461567"
"exdqlm_univar_synth","draw_098",1528,"2021-11-23","forecast","-0.785475946019500"
"exdqlm_univar_synth","draw_098",1528,"2021-11-24","forecast","-1.17694432185876"
"exdqlm_univar_synth","draw_098",1528,"2021-11-25","forecast","-1.15450338848389"
"exdqlm_univar_synth","draw_098",1528,"2021-11-26","forecast","-0.974227837148513"
"exdqlm_univar_synth","draw_098",1528,"2021-11-27","forecast","-1.02076671436877"
"exdqlm_univar_synth","draw_098",1528,"2021-11-28","forecast","-1.05256054415070"
"exdqlm_univar_synth","draw_098",1528,"2021-11-29","forecast","-1.09750766327170"
"exdqlm_univar_synth","draw_098",1528,"2021-11-30","forecast","-1.17024521195212"
"exdqlm_univar_synth","draw_098",1528,"2021-12-01","forecast","-1.01659858560600"
"exdqlm_univar_synth","draw_098",1528,"2021-12-02","forecast","-1.35498166753646"
"exdqlm_univar_synth","draw_098",1528,"2021-12-03","forecast","-1.40014983709475"
"exdqlm_univar_synth","draw_098",1528,"2021-12-04","forecast","-1.20776345434567"
"exdqlm_univar_synth","draw_098",1528,"2021-12-05","forecast","-0.957216246171482"
"exdqlm_univar_synth","draw_098",1528,"2021-12-06","forecast","-1.18861433892565"
"exdqlm_univar_synth","draw_098",1528,"2021-12-07","forecast","-1.58788935026438"
"exdqlm_univar_synth","draw_098",1528,"2021-12-08","forecast","-1.05695850085151"
"exdqlm_univar_synth","draw_098",1528,"2021-12-09","forecast","-0.750565095333247"
"exdqlm_univar_synth","draw_098",1528,"2021-12-10","forecast","-0.982222847321737"
"exdqlm_univar_synth","draw_099",1544,"2021-11-13","forecast","-0.549004130303364"
"exdqlm_univar_synth","draw_099",1544,"2021-11-14","forecast","-0.513611384578966"
"exdqlm_univar_synth","draw_099",1544,"2021-11-15","forecast","-0.462003919269274"
"exdqlm_univar_synth","draw_099",1544,"2021-11-16","forecast","-0.707130015930607"
"exdqlm_univar_synth","draw_099",1544,"2021-11-17","forecast","-0.884999131655365"
"exdqlm_univar_synth","draw_099",1544,"2021-11-18","forecast","-0.872730699156238"
"exdqlm_univar_synth","draw_099",1544,"2021-11-19","forecast","-0.777006721862091"
"exdqlm_univar_synth","draw_099",1544,"2021-11-20","forecast","-0.735617707467889"
"exdqlm_univar_synth","draw_099",1544,"2021-11-21","forecast","-0.733343490499505"
"exdqlm_univar_synth","draw_099",1544,"2021-11-22","forecast","-0.922413089880873"
"exdqlm_univar_synth","draw_099",1544,"2021-11-23","forecast","-1.11478155675340"
"exdqlm_univar_synth","draw_099",1544,"2021-11-24","forecast","-0.927965122768799"
"exdqlm_univar_synth","draw_099",1544,"2021-11-25","forecast","-1.32575507654522"
"exdqlm_univar_synth","draw_099",1544,"2021-11-26","forecast","-0.799263960382059"
"exdqlm_univar_synth","draw_099",1544,"2021-11-27","forecast","-1.03775677808823"
"exdqlm_univar_synth","draw_099",1544,"2021-11-28","forecast","-0.926359996715350"
"exdqlm_univar_synth","draw_099",1544,"2021-11-29","forecast","-1.30556139358396"
"exdqlm_univar_synth","draw_099",1544,"2021-11-30","forecast","-0.899329849079592"
"exdqlm_univar_synth","draw_099",1544,"2021-12-01","forecast","-1.20121727768144"
"exdqlm_univar_synth","draw_099",1544,"2021-12-02","forecast","-1.02990690585226"
"exdqlm_univar_synth","draw_099",1544,"2021-12-03","forecast","-1.03616777554388"
"exdqlm_univar_synth","draw_099",1544,"2021-12-04","forecast","-1.37314149553456"
"exdqlm_univar_synth","draw_099",1544,"2021-12-05","forecast","-1.08348416286040"
"exdqlm_univar_synth","draw_099",1544,"2021-12-06","forecast","-1.29241809081530"
"exdqlm_univar_synth","draw_099",1544,"2021-12-07","forecast","-1.06898723324143"
"exdqlm_univar_synth","draw_099",1544,"2021-12-08","forecast","-1.10865807004383"
"exdqlm_univar_synth","draw_099",1544,"2021-12-09","forecast","-0.717518336030102"
"exdqlm_univar_synth","draw_099",1544,"2021-12-10","forecast","-0.963937092758319"
"exdqlm_univar_synth","draw_100",1559,"2021-11-13","forecast","-0.463107590626560"
"exdqlm_univar_synth","draw_100",1559,"2021-11-14","forecast","-0.482851343577750"
"exdqlm_univar_synth","draw_100",1559,"2021-11-15","forecast","-0.442308289473786"
"exdqlm_univar_synth","draw_100",1559,"2021-11-16","forecast","-0.450644962140293"
"exdqlm_univar_synth","draw_100",1559,"2021-11-17","forecast","-0.798615842692441"
"exdqlm_univar_synth","draw_100",1559,"2021-11-18","forecast","-0.605401639403973"
"exdqlm_univar_synth","draw_100",1559,"2021-11-19","forecast","-0.809554187107498"
"exdqlm_univar_synth","draw_100",1559,"2021-11-20","forecast","-1.05127950820817"
"exdqlm_univar_synth","draw_100",1559,"2021-11-21","forecast","-1.02953075476274"
"exdqlm_univar_synth","draw_100",1559,"2021-11-22","forecast","-1.02797168330447"
"exdqlm_univar_synth","draw_100",1559,"2021-11-23","forecast","-1.31839402913212"
"exdqlm_univar_synth","draw_100",1559,"2021-11-24","forecast","-0.742396921010765"
"exdqlm_univar_synth","draw_100",1559,"2021-11-25","forecast","-0.961757767002787"
"exdqlm_univar_synth","draw_100",1559,"2021-11-26","forecast","-1.08815356158193"
"exdqlm_univar_synth","draw_100",1559,"2021-11-27","forecast","-1.02142342953213"
"exdqlm_univar_synth","draw_100",1559,"2021-11-28","forecast","-0.928075228577086"
"exdqlm_univar_synth","draw_100",1559,"2021-11-29","forecast","-1.08724951005089"
"exdqlm_univar_synth","draw_100",1559,"2021-11-30","forecast","-1.13605017765393"
"exdqlm_univar_synth","draw_100",1559,"2021-12-01","forecast","-1.02469138256501"
"exdqlm_univar_synth","draw_100",1559,"2021-12-02","forecast","-1.02283913946599"
"exdqlm_univar_synth","draw_100",1559,"2021-12-03","forecast","-0.952831496831897"
"exdqlm_univar_synth","draw_100",1559,"2021-12-04","forecast","-1.39941258392283"
"exdqlm_univar_synth","draw_100",1559,"2021-12-05","forecast","-1.23300037489111"
"exdqlm_univar_synth","draw_100",1559,"2021-12-06","forecast","-1.48491376886203"
"exdqlm_univar_synth","draw_100",1559,"2021-12-07","forecast","-1.07260131342295"
"exdqlm_univar_synth","draw_100",1559,"2021-12-08","forecast","-1.46596555267514"
"exdqlm_univar_synth","draw_100",1559,"2021-12-09","forecast","-1.03450625379548"
"exdqlm_univar_synth","draw_100",1559,"2021-12-10","forecast","-1.24278192160014"
"exdqlm_univar_synth","draw_101",1575,"2021-11-13","forecast","-0.735071960782956"
"exdqlm_univar_synth","draw_101",1575,"2021-11-14","forecast","-0.443399686696284"
"exdqlm_univar_synth","draw_101",1575,"2021-11-15","forecast","-0.515812302803523"
"exdqlm_univar_synth","draw_101",1575,"2021-11-16","forecast","-0.541936325629145"
"exdqlm_univar_synth","draw_101",1575,"2021-11-17","forecast","-0.694650311335980"
"exdqlm_univar_synth","draw_101",1575,"2021-11-18","forecast","-0.569889317457043"
"exdqlm_univar_synth","draw_101",1575,"2021-11-19","forecast","-0.791376736783751"
"exdqlm_univar_synth","draw_101",1575,"2021-11-20","forecast","-0.753607048802569"
"exdqlm_univar_synth","draw_101",1575,"2021-11-21","forecast","-0.906345209731498"
"exdqlm_univar_synth","draw_101",1575,"2021-11-22","forecast","-0.921539670433771"
"exdqlm_univar_synth","draw_101",1575,"2021-11-23","forecast","-1.24380655982630"
"exdqlm_univar_synth","draw_101",1575,"2021-11-24","forecast","-0.837929782540987"
"exdqlm_univar_synth","draw_101",1575,"2021-11-25","forecast","-0.989930803551914"
"exdqlm_univar_synth","draw_101",1575,"2021-11-26","forecast","-0.800656124228392"
"exdqlm_univar_synth","draw_101",1575,"2021-11-27","forecast","-1.02275926149005"
"exdqlm_univar_synth","draw_101",1575,"2021-11-28","forecast","-0.959449160202026"
"exdqlm_univar_synth","draw_101",1575,"2021-11-29","forecast","-1.09113804194845"
"exdqlm_univar_synth","draw_101",1575,"2021-11-30","forecast","-1.31348334426500"
"exdqlm_univar_synth","draw_101",1575,"2021-12-01","forecast","-1.28448755113594"
"exdqlm_univar_synth","draw_101",1575,"2021-12-02","forecast","-1.31048168806927"
"exdqlm_univar_synth","draw_101",1575,"2021-12-03","forecast","-1.03157546439371"
"exdqlm_univar_synth","draw_101",1575,"2021-12-04","forecast","-1.28303505092662"
"exdqlm_univar_synth","draw_101",1575,"2021-12-05","forecast","-1.36288030848913"
"exdqlm_univar_synth","draw_101",1575,"2021-12-06","forecast","-1.17518889793702"
"exdqlm_univar_synth","draw_101",1575,"2021-12-07","forecast","-1.27691579749800"
"exdqlm_univar_synth","draw_101",1575,"2021-12-08","forecast","-1.39762158920391"
"exdqlm_univar_synth","draw_101",1575,"2021-12-09","forecast","-0.987201983250266"
"exdqlm_univar_synth","draw_101",1575,"2021-12-10","forecast","-1.33314944716945"
"exdqlm_univar_synth","draw_102",1591,"2021-11-13","forecast","-0.678165580450688"
"exdqlm_univar_synth","draw_102",1591,"2021-11-14","forecast","-0.679087490300347"
"exdqlm_univar_synth","draw_102",1591,"2021-11-15","forecast","-0.662311583108210"
"exdqlm_univar_synth","draw_102",1591,"2021-11-16","forecast","-0.698449088488518"
"exdqlm_univar_synth","draw_102",1591,"2021-11-17","forecast","-0.580871959873267"
"exdqlm_univar_synth","draw_102",1591,"2021-11-18","forecast","-0.747934148191745"
"exdqlm_univar_synth","draw_102",1591,"2021-11-19","forecast","-0.824094989415221"
"exdqlm_univar_synth","draw_102",1591,"2021-11-20","forecast","-0.975622309258337"
"exdqlm_univar_synth","draw_102",1591,"2021-11-21","forecast","-0.784558321692791"
"exdqlm_univar_synth","draw_102",1591,"2021-11-22","forecast","-0.845751198877441"
"exdqlm_univar_synth","draw_102",1591,"2021-11-23","forecast","-0.963222461600981"
"exdqlm_univar_synth","draw_102",1591,"2021-11-24","forecast","-1.16379879582728"
"exdqlm_univar_synth","draw_102",1591,"2021-11-25","forecast","-0.989716506222440"
"exdqlm_univar_synth","draw_102",1591,"2021-11-26","forecast","-1.08326838586857"
"exdqlm_univar_synth","draw_102",1591,"2021-11-27","forecast","-1.02510472355682"
"exdqlm_univar_synth","draw_102",1591,"2021-11-28","forecast","-0.925827640882581"
"exdqlm_univar_synth","draw_102",1591,"2021-11-29","forecast","-1.39157591390335"
"exdqlm_univar_synth","draw_102",1591,"2021-11-30","forecast","-1.33558479805027"
"exdqlm_univar_synth","draw_102",1591,"2021-12-01","forecast","-1.26621812120310"
"exdqlm_univar_synth","draw_102",1591,"2021-12-02","forecast","-1.39390232612089"
"exdqlm_univar_synth","draw_102",1591,"2021-12-03","forecast","-1.05513167440721"
"exdqlm_univar_synth","draw_102",1591,"2021-12-04","forecast","-0.993516630301816"
"exdqlm_univar_synth","draw_102",1591,"2021-12-05","forecast","-0.991686036194787"
"exdqlm_univar_synth","draw_102",1591,"2021-12-06","forecast","-1.38407337480735"
"exdqlm_univar_synth","draw_102",1591,"2021-12-07","forecast","-1.21384716004285"
"exdqlm_univar_synth","draw_102",1591,"2021-12-08","forecast","-1.47078843021726"
"exdqlm_univar_synth","draw_102",1591,"2021-12-09","forecast","-1.23793413222762"
"exdqlm_univar_synth","draw_102",1591,"2021-12-10","forecast","-1.55986149001940"
"exdqlm_univar_synth","draw_103",1606,"2021-11-13","forecast","-0.837857987183425"
"exdqlm_univar_synth","draw_103",1606,"2021-11-14","forecast","-0.750131805789654"
"exdqlm_univar_synth","draw_103",1606,"2021-11-15","forecast","-0.432222089507419"
"exdqlm_univar_synth","draw_103",1606,"2021-11-16","forecast","-0.797837964341900"
"exdqlm_univar_synth","draw_103",1606,"2021-11-17","forecast","-0.617408950512265"
"exdqlm_univar_synth","draw_103",1606,"2021-11-18","forecast","-0.502497317949638"
"exdqlm_univar_synth","draw_103",1606,"2021-11-19","forecast","-1.03271863645626"
"exdqlm_univar_synth","draw_103",1606,"2021-11-20","forecast","-0.716663777894410"
"exdqlm_univar_synth","draw_103",1606,"2021-11-21","forecast","-1.05850556436742"
"exdqlm_univar_synth","draw_103",1606,"2021-11-22","forecast","-0.926076559090332"
"exdqlm_univar_synth","draw_103",1606,"2021-11-23","forecast","-0.753043896219668"
"exdqlm_univar_synth","draw_103",1606,"2021-11-24","forecast","-1.03793806970354"
"exdqlm_univar_synth","draw_103",1606,"2021-11-25","forecast","-1.35978984061252"
"exdqlm_univar_synth","draw_103",1606,"2021-11-26","forecast","-0.813873989303727"
"exdqlm_univar_synth","draw_103",1606,"2021-11-27","forecast","-1.01828779606514"
"exdqlm_univar_synth","draw_103",1606,"2021-11-28","forecast","-1.07544720574170"
"exdqlm_univar_synth","draw_103",1606,"2021-11-29","forecast","-1.09376942058895"
"exdqlm_univar_synth","draw_103",1606,"2021-11-30","forecast","-0.998715301734548"
"exdqlm_univar_synth","draw_103",1606,"2021-12-01","forecast","-1.02143695576971"
"exdqlm_univar_synth","draw_103",1606,"2021-12-02","forecast","-1.60912961570820"
"exdqlm_univar_synth","draw_103",1606,"2021-12-03","forecast","-1.33160773164953"
"exdqlm_univar_synth","draw_103",1606,"2021-12-04","forecast","-1.01587349913372"
"exdqlm_univar_synth","draw_103",1606,"2021-12-05","forecast","-1.41971892763141"
"exdqlm_univar_synth","draw_103",1606,"2021-12-06","forecast","-1.17491745061885"
"exdqlm_univar_synth","draw_103",1606,"2021-12-07","forecast","-1.39845020926376"
"exdqlm_univar_synth","draw_103",1606,"2021-12-08","forecast","-1.05372107582543"
"exdqlm_univar_synth","draw_103",1606,"2021-12-09","forecast","-0.794077242617295"
"exdqlm_univar_synth","draw_103",1606,"2021-12-10","forecast","-1.48161243065629"
"exdqlm_univar_synth","draw_104",1622,"2021-11-13","forecast","-0.476630864367235"
"exdqlm_univar_synth","draw_104",1622,"2021-11-14","forecast","-0.580962720447476"
"exdqlm_univar_synth","draw_104",1622,"2021-11-15","forecast","-0.768941412929928"
"exdqlm_univar_synth","draw_104",1622,"2021-11-16","forecast","-0.770053628713528"
"exdqlm_univar_synth","draw_104",1622,"2021-11-17","forecast","-0.791221568761651"
"exdqlm_univar_synth","draw_104",1622,"2021-11-18","forecast","-0.634787649834760"
"exdqlm_univar_synth","draw_104",1622,"2021-11-19","forecast","-0.777205681629001"
"exdqlm_univar_synth","draw_104",1622,"2021-11-20","forecast","-0.793879501962334"
"exdqlm_univar_synth","draw_104",1622,"2021-11-21","forecast","-1.02202204903764"
"exdqlm_univar_synth","draw_104",1622,"2021-11-22","forecast","-0.919547044747938"
"exdqlm_univar_synth","draw_104",1622,"2021-11-23","forecast","-0.759223408424747"
"exdqlm_univar_synth","draw_104",1622,"2021-11-24","forecast","-0.851893025344198"
"exdqlm_univar_synth","draw_104",1622,"2021-11-25","forecast","-1.08953766458927"
"exdqlm_univar_synth","draw_104",1622,"2021-11-26","forecast","-0.768864019664877"
"exdqlm_univar_synth","draw_104",1622,"2021-11-27","forecast","-1.01938058527223"
"exdqlm_univar_synth","draw_104",1622,"2021-11-28","forecast","-1.00187245249710"
"exdqlm_univar_synth","draw_104",1622,"2021-11-29","forecast","-1.09779215720567"
"exdqlm_univar_synth","draw_104",1622,"2021-11-30","forecast","-1.00581451001911"
"exdqlm_univar_synth","draw_104",1622,"2021-12-01","forecast","-1.21571970731706"
"exdqlm_univar_synth","draw_104",1622,"2021-12-02","forecast","-1.03886115487615"
"exdqlm_univar_synth","draw_104",1622,"2021-12-03","forecast","-1.02864577589178"
"exdqlm_univar_synth","draw_104",1622,"2021-12-04","forecast","-1.20499890084368"
"exdqlm_univar_synth","draw_104",1622,"2021-12-05","forecast","-1.36109230201373"
"exdqlm_univar_synth","draw_104",1622,"2021-12-06","forecast","-1.37291039652402"
"exdqlm_univar_synth","draw_104",1622,"2021-12-07","forecast","-1.07104521677280"
"exdqlm_univar_synth","draw_104",1622,"2021-12-08","forecast","-1.06486908647131"
"exdqlm_univar_synth","draw_104",1622,"2021-12-09","forecast","-1.04991328169785"
"exdqlm_univar_synth","draw_104",1622,"2021-12-10","forecast","-0.960742178553206"
"exdqlm_univar_synth","draw_105",1638,"2021-11-13","forecast","-0.457710910010232"
"exdqlm_univar_synth","draw_105",1638,"2021-11-14","forecast","-0.592614174261261"
"exdqlm_univar_synth","draw_105",1638,"2021-11-15","forecast","-0.731144008898196"
"exdqlm_univar_synth","draw_105",1638,"2021-11-16","forecast","-0.516158825022408"
"exdqlm_univar_synth","draw_105",1638,"2021-11-17","forecast","-0.643336121919311"
"exdqlm_univar_synth","draw_105",1638,"2021-11-18","forecast","-0.576297708883656"
"exdqlm_univar_synth","draw_105",1638,"2021-11-19","forecast","-0.782385665049420"
"exdqlm_univar_synth","draw_105",1638,"2021-11-20","forecast","-0.734211687756156"
"exdqlm_univar_synth","draw_105",1638,"2021-11-21","forecast","-0.730719354798074"
"exdqlm_univar_synth","draw_105",1638,"2021-11-22","forecast","-0.922039901700075"
"exdqlm_univar_synth","draw_105",1638,"2021-11-23","forecast","-0.763083692462080"
"exdqlm_univar_synth","draw_105",1638,"2021-11-24","forecast","-0.842043182964107"
"exdqlm_univar_synth","draw_105",1638,"2021-11-25","forecast","-1.01185584856042"
"exdqlm_univar_synth","draw_105",1638,"2021-11-26","forecast","-0.855012188887469"
"exdqlm_univar_synth","draw_105",1638,"2021-11-27","forecast","-1.31807635340313"
"exdqlm_univar_synth","draw_105",1638,"2021-11-28","forecast","-1.07244184416789"
"exdqlm_univar_synth","draw_105",1638,"2021-11-29","forecast","-1.02634175096162"
"exdqlm_univar_synth","draw_105",1638,"2021-11-30","forecast","-0.938313647368658"
"exdqlm_univar_synth","draw_105",1638,"2021-12-01","forecast","-1.23540686212933"
"exdqlm_univar_synth","draw_105",1638,"2021-12-02","forecast","-1.40594493081024"
"exdqlm_univar_synth","draw_105",1638,"2021-12-03","forecast","-1.11505751673399"
"exdqlm_univar_synth","draw_105",1638,"2021-12-04","forecast","-1.07890032898755"
"exdqlm_univar_synth","draw_105",1638,"2021-12-05","forecast","-0.886380371543712"
"exdqlm_univar_synth","draw_105",1638,"2021-12-06","forecast","-1.17471594799594"
"exdqlm_univar_synth","draw_105",1638,"2021-12-07","forecast","-1.66780827708259"
"exdqlm_univar_synth","draw_105",1638,"2021-12-08","forecast","-1.48169790808903"
"exdqlm_univar_synth","draw_105",1638,"2021-12-09","forecast","-1.02587228227913"
"exdqlm_univar_synth","draw_105",1638,"2021-12-10","forecast","-0.979968147164180"
"exdqlm_univar_synth","draw_106",1654,"2021-11-13","forecast","-0.875724260385741"
"exdqlm_univar_synth","draw_106",1654,"2021-11-14","forecast","-0.643640117252942"
"exdqlm_univar_synth","draw_106",1654,"2021-11-15","forecast","-0.793516625811351"
"exdqlm_univar_synth","draw_106",1654,"2021-11-16","forecast","-0.552857619418182"
"exdqlm_univar_synth","draw_106",1654,"2021-11-17","forecast","-0.685659190063948"
"exdqlm_univar_synth","draw_106",1654,"2021-11-18","forecast","-0.568450483420590"
"exdqlm_univar_synth","draw_106",1654,"2021-11-19","forecast","-1.11006816141881"
"exdqlm_univar_synth","draw_106",1654,"2021-11-20","forecast","-0.797358892847042"
"exdqlm_univar_synth","draw_106",1654,"2021-11-21","forecast","-1.09203555449420"
"exdqlm_univar_synth","draw_106",1654,"2021-11-22","forecast","-0.902476286666953"
"exdqlm_univar_synth","draw_106",1654,"2021-11-23","forecast","-1.22791673212687"
"exdqlm_univar_synth","draw_106",1654,"2021-11-24","forecast","-0.999684945013770"
"exdqlm_univar_synth","draw_106",1654,"2021-11-25","forecast","-0.928739783795463"
"exdqlm_univar_synth","draw_106",1654,"2021-11-26","forecast","-1.29555424225602"
"exdqlm_univar_synth","draw_106",1654,"2021-11-27","forecast","-1.02218087032440"
"exdqlm_univar_synth","draw_106",1654,"2021-11-28","forecast","-1.33888433206011"
"exdqlm_univar_synth","draw_106",1654,"2021-11-29","forecast","-1.06019364315952"
"exdqlm_univar_synth","draw_106",1654,"2021-11-30","forecast","-1.33463048744623"
"exdqlm_univar_synth","draw_106",1654,"2021-12-01","forecast","-1.01862909549433"
"exdqlm_univar_synth","draw_106",1654,"2021-12-02","forecast","-1.23056476668197"
"exdqlm_univar_synth","draw_106",1654,"2021-12-03","forecast","-1.48864080755726"
"exdqlm_univar_synth","draw_106",1654,"2021-12-04","forecast","-1.41852218429514"
"exdqlm_univar_synth","draw_106",1654,"2021-12-05","forecast","-1.23246953316691"
"exdqlm_univar_synth","draw_106",1654,"2021-12-06","forecast","-1.19594696983578"
"exdqlm_univar_synth","draw_106",1654,"2021-12-07","forecast","-1.09793454010338"
"exdqlm_univar_synth","draw_106",1654,"2021-12-08","forecast","-1.43247642433415"
"exdqlm_univar_synth","draw_106",1654,"2021-12-09","forecast","-0.725598379186167"
"exdqlm_univar_synth","draw_106",1654,"2021-12-10","forecast","-1.40247822397179"
"exdqlm_univar_synth","draw_107",1669,"2021-11-13","forecast","-0.420241310090825"
"exdqlm_univar_synth","draw_107",1669,"2021-11-14","forecast","-0.449673586712817"
"exdqlm_univar_synth","draw_107",1669,"2021-11-15","forecast","-0.483854855957104"
"exdqlm_univar_synth","draw_107",1669,"2021-11-16","forecast","-0.629572279560913"
"exdqlm_univar_synth","draw_107",1669,"2021-11-17","forecast","-0.663354863578266"
"exdqlm_univar_synth","draw_107",1669,"2021-11-18","forecast","-0.586259972079596"
"exdqlm_univar_synth","draw_107",1669,"2021-11-19","forecast","-0.804871475864557"
"exdqlm_univar_synth","draw_107",1669,"2021-11-20","forecast","-0.992241399175354"
"exdqlm_univar_synth","draw_107",1669,"2021-11-21","forecast","-0.725453440142033"
"exdqlm_univar_synth","draw_107",1669,"2021-11-22","forecast","-0.929355145577765"
"exdqlm_univar_synth","draw_107",1669,"2021-11-23","forecast","-1.39181525682525"
"exdqlm_univar_synth","draw_107",1669,"2021-11-24","forecast","-1.17616056721941"
"exdqlm_univar_synth","draw_107",1669,"2021-11-25","forecast","-1.14113748060285"
"exdqlm_univar_synth","draw_107",1669,"2021-11-26","forecast","-1.00769591849065"
"exdqlm_univar_synth","draw_107",1669,"2021-11-27","forecast","-1.20927598682673"
"exdqlm_univar_synth","draw_107",1669,"2021-11-28","forecast","-0.931893733392297"
"exdqlm_univar_synth","draw_107",1669,"2021-11-29","forecast","-1.28405159748588"
"exdqlm_univar_synth","draw_107",1669,"2021-11-30","forecast","-1.09384346222407"
"exdqlm_univar_synth","draw_107",1669,"2021-12-01","forecast","-1.41211265516568"
"exdqlm_univar_synth","draw_107",1669,"2021-12-02","forecast","-1.12241636765536"
"exdqlm_univar_synth","draw_107",1669,"2021-12-03","forecast","-1.19841473473523"
"exdqlm_univar_synth","draw_107",1669,"2021-12-04","forecast","-0.988432719748426"
"exdqlm_univar_synth","draw_107",1669,"2021-12-05","forecast","-1.50174808903707"
"exdqlm_univar_synth","draw_107",1669,"2021-12-06","forecast","-1.58556053186479"
"exdqlm_univar_synth","draw_107",1669,"2021-12-07","forecast","-1.47695850737177"
"exdqlm_univar_synth","draw_107",1669,"2021-12-08","forecast","-1.05684952575526"
"exdqlm_univar_synth","draw_107",1669,"2021-12-09","forecast","-1.12840981914931"
"exdqlm_univar_synth","draw_107",1669,"2021-12-10","forecast","-1.26259910850197"
"exdqlm_univar_synth","draw_108",1685,"2021-11-13","forecast","-0.725244538170574"
"exdqlm_univar_synth","draw_108",1685,"2021-11-14","forecast","-0.475939459944889"
"exdqlm_univar_synth","draw_108",1685,"2021-11-15","forecast","-0.609887961151419"
"exdqlm_univar_synth","draw_108",1685,"2021-11-16","forecast","-0.723620663004216"
"exdqlm_univar_synth","draw_108",1685,"2021-11-17","forecast","-0.910157127204216"
"exdqlm_univar_synth","draw_108",1685,"2021-11-18","forecast","-0.752114951956295"
"exdqlm_univar_synth","draw_108",1685,"2021-11-19","forecast","-1.00977691493555"
"exdqlm_univar_synth","draw_108",1685,"2021-11-20","forecast","-0.953456406040267"
"exdqlm_univar_synth","draw_108",1685,"2021-11-21","forecast","-0.732687466426652"
"exdqlm_univar_synth","draw_108",1685,"2021-11-22","forecast","-1.17340011770203"
"exdqlm_univar_synth","draw_108",1685,"2021-11-23","forecast","-1.18684081184001"
"exdqlm_univar_synth","draw_108",1685,"2021-11-24","forecast","-0.841635430172101"
"exdqlm_univar_synth","draw_108",1685,"2021-11-25","forecast","-1.20033612781000"
"exdqlm_univar_synth","draw_108",1685,"2021-11-26","forecast","-1.14843780108563"
"exdqlm_univar_synth","draw_108",1685,"2021-11-27","forecast","-1.01866205070151"
"exdqlm_univar_synth","draw_108",1685,"2021-11-28","forecast","-1.28671045367410"
"exdqlm_univar_synth","draw_108",1685,"2021-11-29","forecast","-1.53065084742389"
"exdqlm_univar_synth","draw_108",1685,"2021-11-30","forecast","-1.00885069834402"
"exdqlm_univar_synth","draw_108",1685,"2021-12-01","forecast","-1.02656354218946"
"exdqlm_univar_synth","draw_108",1685,"2021-12-02","forecast","-1.38787372194465"
"exdqlm_univar_synth","draw_108",1685,"2021-12-03","forecast","-1.06594180654371"
"exdqlm_univar_synth","draw_108",1685,"2021-12-04","forecast","-1.58425621378926"
"exdqlm_univar_synth","draw_108",1685,"2021-12-05","forecast","-0.992787261824818"
"exdqlm_univar_synth","draw_108",1685,"2021-12-06","forecast","-1.40033231478610"
"exdqlm_univar_synth","draw_108",1685,"2021-12-07","forecast","-1.07266363900218"
"exdqlm_univar_synth","draw_108",1685,"2021-12-08","forecast","-1.05779049585887"
"exdqlm_univar_synth","draw_108",1685,"2021-12-09","forecast","-1.20516996823764"
"exdqlm_univar_synth","draw_108",1685,"2021-12-10","forecast","-1.14690030396124"
"exdqlm_univar_synth","draw_109",1701,"2021-11-13","forecast","-0.586138548755428"
"exdqlm_univar_synth","draw_109",1701,"2021-11-14","forecast","-0.778070496689968"
"exdqlm_univar_synth","draw_109",1701,"2021-11-15","forecast","-0.714401236563371"
"exdqlm_univar_synth","draw_109",1701,"2021-11-16","forecast","-0.720213143779895"
"exdqlm_univar_synth","draw_109",1701,"2021-11-17","forecast","-0.843593781087087"
"exdqlm_univar_synth","draw_109",1701,"2021-11-18","forecast","-0.821216888549889"
"exdqlm_univar_synth","draw_109",1701,"2021-11-19","forecast","-0.944836537340908"
"exdqlm_univar_synth","draw_109",1701,"2021-11-20","forecast","-0.866512693619384"
"exdqlm_univar_synth","draw_109",1701,"2021-11-21","forecast","-1.05867006030771"
"exdqlm_univar_synth","draw_109",1701,"2021-11-22","forecast","-0.922220299922034"
"exdqlm_univar_synth","draw_109",1701,"2021-11-23","forecast","-0.978335931255002"
"exdqlm_univar_synth","draw_109",1701,"2021-11-24","forecast","-1.01211579913092"
"exdqlm_univar_synth","draw_109",1701,"2021-11-25","forecast","-1.39582256235431"
"exdqlm_univar_synth","draw_109",1701,"2021-11-26","forecast","-1.25202465520001"
"exdqlm_univar_synth","draw_109",1701,"2021-11-27","forecast","-1.06957354471350"
"exdqlm_univar_synth","draw_109",1701,"2021-11-28","forecast","-1.04540892442667"
"exdqlm_univar_synth","draw_109",1701,"2021-11-29","forecast","-1.34835586071766"
"exdqlm_univar_synth","draw_109",1701,"2021-11-30","forecast","-1.18415605476681"
"exdqlm_univar_synth","draw_109",1701,"2021-12-01","forecast","-1.18712987637731"
"exdqlm_univar_synth","draw_109",1701,"2021-12-02","forecast","-1.33225488443548"
"exdqlm_univar_synth","draw_109",1701,"2021-12-03","forecast","-0.893692420477229"
"exdqlm_univar_synth","draw_109",1701,"2021-12-04","forecast","-1.49503690978205"
"exdqlm_univar_synth","draw_109",1701,"2021-12-05","forecast","-0.986263780647573"
"exdqlm_univar_synth","draw_109",1701,"2021-12-06","forecast","-1.18311863438848"
"exdqlm_univar_synth","draw_109",1701,"2021-12-07","forecast","-1.41518068652738"
"exdqlm_univar_synth","draw_109",1701,"2021-12-08","forecast","-1.40412990223630"
"exdqlm_univar_synth","draw_109",1701,"2021-12-09","forecast","-0.736587263547272"
"exdqlm_univar_synth","draw_109",1701,"2021-12-10","forecast","-1.72225113711396"
"exdqlm_univar_synth","draw_110",1717,"2021-11-13","forecast","-0.669790654616898"
"exdqlm_univar_synth","draw_110",1717,"2021-11-14","forecast","-0.770680811560708"
"exdqlm_univar_synth","draw_110",1717,"2021-11-15","forecast","-0.527863604715728"
"exdqlm_univar_synth","draw_110",1717,"2021-11-16","forecast","-0.560847373905437"
"exdqlm_univar_synth","draw_110",1717,"2021-11-17","forecast","-0.923820795887666"
"exdqlm_univar_synth","draw_110",1717,"2021-11-18","forecast","-0.596384365201351"
"exdqlm_univar_synth","draw_110",1717,"2021-11-19","forecast","-0.814408671165170"
"exdqlm_univar_synth","draw_110",1717,"2021-11-20","forecast","-0.855303572902331"
"exdqlm_univar_synth","draw_110",1717,"2021-11-21","forecast","-0.972767373348365"
"exdqlm_univar_synth","draw_110",1717,"2021-11-22","forecast","-1.09194894978191"
"exdqlm_univar_synth","draw_110",1717,"2021-11-23","forecast","-0.756099561620243"
"exdqlm_univar_synth","draw_110",1717,"2021-11-24","forecast","-0.881769167654487"
"exdqlm_univar_synth","draw_110",1717,"2021-11-25","forecast","-1.22748023847601"
"exdqlm_univar_synth","draw_110",1717,"2021-11-26","forecast","-0.990317387428852"
"exdqlm_univar_synth","draw_110",1717,"2021-11-27","forecast","-1.02099151058638"
"exdqlm_univar_synth","draw_110",1717,"2021-11-28","forecast","-0.933606482598445"
"exdqlm_univar_synth","draw_110",1717,"2021-11-29","forecast","-1.10347803782853"
"exdqlm_univar_synth","draw_110",1717,"2021-11-30","forecast","-1.20080660912047"
"exdqlm_univar_synth","draw_110",1717,"2021-12-01","forecast","-1.01536955332401"
"exdqlm_univar_synth","draw_110",1717,"2021-12-02","forecast","-1.63962988990768"
"exdqlm_univar_synth","draw_110",1717,"2021-12-03","forecast","-1.41014061937287"
"exdqlm_univar_synth","draw_110",1717,"2021-12-04","forecast","-1.36631062093676"
"exdqlm_univar_synth","draw_110",1717,"2021-12-05","forecast","-0.992899414592466"
"exdqlm_univar_synth","draw_110",1717,"2021-12-06","forecast","-1.23604764065491"
"exdqlm_univar_synth","draw_110",1717,"2021-12-07","forecast","-1.06966871983019"
"exdqlm_univar_synth","draw_110",1717,"2021-12-08","forecast","-1.51042316388700"
"exdqlm_univar_synth","draw_110",1717,"2021-12-09","forecast","-0.727099190059506"
"exdqlm_univar_synth","draw_110",1717,"2021-12-10","forecast","-1.18107607026069"
"exdqlm_univar_synth","draw_111",1732,"2021-11-13","forecast","-0.448574588392141"
"exdqlm_univar_synth","draw_111",1732,"2021-11-14","forecast","-0.405015130109888"
"exdqlm_univar_synth","draw_111",1732,"2021-11-15","forecast","-0.652208870423379"
"exdqlm_univar_synth","draw_111",1732,"2021-11-16","forecast","-0.525559090978713"
"exdqlm_univar_synth","draw_111",1732,"2021-11-17","forecast","-0.610600796074269"
"exdqlm_univar_synth","draw_111",1732,"2021-11-18","forecast","-0.704451819028696"
"exdqlm_univar_synth","draw_111",1732,"2021-11-19","forecast","-0.954924540089643"
"exdqlm_univar_synth","draw_111",1732,"2021-11-20","forecast","-1.06716935038172"
"exdqlm_univar_synth","draw_111",1732,"2021-11-21","forecast","-0.667339720607176"
"exdqlm_univar_synth","draw_111",1732,"2021-11-22","forecast","-0.940997352786113"
"exdqlm_univar_synth","draw_111",1732,"2021-11-23","forecast","-0.756550913555636"
"exdqlm_univar_synth","draw_111",1732,"2021-11-24","forecast","-1.20070275602119"
"exdqlm_univar_synth","draw_111",1732,"2021-11-25","forecast","-1.14984554926076"
"exdqlm_univar_synth","draw_111",1732,"2021-11-26","forecast","-1.14678695365083"
"exdqlm_univar_synth","draw_111",1732,"2021-11-27","forecast","-1.01827739511434"
"exdqlm_univar_synth","draw_111",1732,"2021-11-28","forecast","-1.24489360739958"
"exdqlm_univar_synth","draw_111",1732,"2021-11-29","forecast","-1.10269459104135"
"exdqlm_univar_synth","draw_111",1732,"2021-11-30","forecast","-1.34288449456616"
"exdqlm_univar_synth","draw_111",1732,"2021-12-01","forecast","-1.01206761095637"
"exdqlm_univar_synth","draw_111",1732,"2021-12-02","forecast","-0.981928911725505"
"exdqlm_univar_synth","draw_111",1732,"2021-12-03","forecast","-1.27625748548117"
"exdqlm_univar_synth","draw_111",1732,"2021-12-04","forecast","-0.992093528903432"
"exdqlm_univar_synth","draw_111",1732,"2021-12-05","forecast","-1.00785959035859"
"exdqlm_univar_synth","draw_111",1732,"2021-12-06","forecast","-1.22883262141619"
"exdqlm_univar_synth","draw_111",1732,"2021-12-07","forecast","-1.70848379918308"
"exdqlm_univar_synth","draw_111",1732,"2021-12-08","forecast","-1.25432594004697"
"exdqlm_univar_synth","draw_111",1732,"2021-12-09","forecast","-0.809843214430851"
"exdqlm_univar_synth","draw_111",1732,"2021-12-10","forecast","-0.960926841683322"
"exdqlm_univar_synth","draw_112",1748,"2021-11-13","forecast","-0.461349661940682"
"exdqlm_univar_synth","draw_112",1748,"2021-11-14","forecast","-0.832296565013797"
"exdqlm_univar_synth","draw_112",1748,"2021-11-15","forecast","-0.454729496780672"
"exdqlm_univar_synth","draw_112",1748,"2021-11-16","forecast","-0.511521939846902"
"exdqlm_univar_synth","draw_112",1748,"2021-11-17","forecast","-0.922757901423029"
"exdqlm_univar_synth","draw_112",1748,"2021-11-18","forecast","-0.850418299447954"
"exdqlm_univar_synth","draw_112",1748,"2021-11-19","forecast","-0.992942518404195"
"exdqlm_univar_synth","draw_112",1748,"2021-11-20","forecast","-1.05456456058936"
"exdqlm_univar_synth","draw_112",1748,"2021-11-21","forecast","-1.12419168215553"
"exdqlm_univar_synth","draw_112",1748,"2021-11-22","forecast","-1.08949393868634"
"exdqlm_univar_synth","draw_112",1748,"2021-11-23","forecast","-0.753973237782267"
"exdqlm_univar_synth","draw_112",1748,"2021-11-24","forecast","-1.16444223899684"
"exdqlm_univar_synth","draw_112",1748,"2021-11-25","forecast","-1.37145102853618"
"exdqlm_univar_synth","draw_112",1748,"2021-11-26","forecast","-0.769481976203142"
"exdqlm_univar_synth","draw_112",1748,"2021-11-27","forecast","-1.02463440368229"
"exdqlm_univar_synth","draw_112",1748,"2021-11-28","forecast","-0.954337295670918"
"exdqlm_univar_synth","draw_112",1748,"2021-11-29","forecast","-1.29316152561856"
"exdqlm_univar_synth","draw_112",1748,"2021-11-30","forecast","-1.01184606494245"
"exdqlm_univar_synth","draw_112",1748,"2021-12-01","forecast","-1.02225523642329"
"exdqlm_univar_synth","draw_112",1748,"2021-12-02","forecast","-1.04240145337483"
"exdqlm_univar_synth","draw_112",1748,"2021-12-03","forecast","-1.05514139480336"
"exdqlm_univar_synth","draw_112",1748,"2021-12-04","forecast","-1.40908986967975"
"exdqlm_univar_synth","draw_112",1748,"2021-12-05","forecast","-1.32325836895198"
"exdqlm_univar_synth","draw_112",1748,"2021-12-06","forecast","-1.50558747795537"
"exdqlm_univar_synth","draw_112",1748,"2021-12-07","forecast","-1.30798243299411"
"exdqlm_univar_synth","draw_112",1748,"2021-12-08","forecast","-1.65819126184063"
"exdqlm_univar_synth","draw_112",1748,"2021-12-09","forecast","-1.44353297468318"
"exdqlm_univar_synth","draw_112",1748,"2021-12-10","forecast","-0.956437385026460"
"exdqlm_univar_synth","draw_113",1764,"2021-11-13","forecast","-0.463927948163563"
"exdqlm_univar_synth","draw_113",1764,"2021-11-14","forecast","-0.512993280806936"
"exdqlm_univar_synth","draw_113",1764,"2021-11-15","forecast","-0.394861235164588"
"exdqlm_univar_synth","draw_113",1764,"2021-11-16","forecast","-0.632333298600610"
"exdqlm_univar_synth","draw_113",1764,"2021-11-17","forecast","-0.838176751671360"
"exdqlm_univar_synth","draw_113",1764,"2021-11-18","forecast","-0.977292059636950"
"exdqlm_univar_synth","draw_113",1764,"2021-11-19","forecast","-0.782225694093493"
"exdqlm_univar_synth","draw_113",1764,"2021-11-20","forecast","-0.733133292459827"
"exdqlm_univar_synth","draw_113",1764,"2021-11-21","forecast","-0.746147029979603"
"exdqlm_univar_synth","draw_113",1764,"2021-11-22","forecast","-1.14772086500057"
"exdqlm_univar_synth","draw_113",1764,"2021-11-23","forecast","-1.03253768240053"
"exdqlm_univar_synth","draw_113",1764,"2021-11-24","forecast","-0.842035671002909"
"exdqlm_univar_synth","draw_113",1764,"2021-11-25","forecast","-1.01865600707210"
"exdqlm_univar_synth","draw_113",1764,"2021-11-26","forecast","-1.21895781106161"
"exdqlm_univar_synth","draw_113",1764,"2021-11-27","forecast","-1.02218674699484"
"exdqlm_univar_synth","draw_113",1764,"2021-11-28","forecast","-0.982014112187617"
"exdqlm_univar_synth","draw_113",1764,"2021-11-29","forecast","-1.08985574163370"
"exdqlm_univar_synth","draw_113",1764,"2021-11-30","forecast","-1.03798346769077"
"exdqlm_univar_synth","draw_113",1764,"2021-12-01","forecast","-1.16767813349480"
"exdqlm_univar_synth","draw_113",1764,"2021-12-02","forecast","-1.18610863271625"
"exdqlm_univar_synth","draw_113",1764,"2021-12-03","forecast","-1.05914224114670"
"exdqlm_univar_synth","draw_113",1764,"2021-12-04","forecast","-1.01443472960410"
"exdqlm_univar_synth","draw_113",1764,"2021-12-05","forecast","-1.00193238287943"
"exdqlm_univar_synth","draw_113",1764,"2021-12-06","forecast","-1.14549631593096"
"exdqlm_univar_synth","draw_113",1764,"2021-12-07","forecast","-1.39871289413244"
"exdqlm_univar_synth","draw_113",1764,"2021-12-08","forecast","-1.06042469269711"
"exdqlm_univar_synth","draw_113",1764,"2021-12-09","forecast","-1.12772690573918"
"exdqlm_univar_synth","draw_113",1764,"2021-12-10","forecast","-1.32620656939030"
"exdqlm_univar_synth","draw_114",1780,"2021-11-13","forecast","-0.486430220191209"
"exdqlm_univar_synth","draw_114",1780,"2021-11-14","forecast","-0.492189063791836"
"exdqlm_univar_synth","draw_114",1780,"2021-11-15","forecast","-0.764110045582538"
"exdqlm_univar_synth","draw_114",1780,"2021-11-16","forecast","-0.501764622083000"
"exdqlm_univar_synth","draw_114",1780,"2021-11-17","forecast","-0.615824432144936"
"exdqlm_univar_synth","draw_114",1780,"2021-11-18","forecast","-0.703234467599330"
"exdqlm_univar_synth","draw_114",1780,"2021-11-19","forecast","-0.778083969987392"
"exdqlm_univar_synth","draw_114",1780,"2021-11-20","forecast","-1.04903725937222"
"exdqlm_univar_synth","draw_114",1780,"2021-11-21","forecast","-1.05670806054559"
"exdqlm_univar_synth","draw_114",1780,"2021-11-22","forecast","-1.15911792596273"
"exdqlm_univar_synth","draw_114",1780,"2021-11-23","forecast","-0.738992619735971"
"exdqlm_univar_synth","draw_114",1780,"2021-11-24","forecast","-0.815454561234801"
"exdqlm_univar_synth","draw_114",1780,"2021-11-25","forecast","-0.995555589205516"
"exdqlm_univar_synth","draw_114",1780,"2021-11-26","forecast","-1.09328010230212"
"exdqlm_univar_synth","draw_114",1780,"2021-11-27","forecast","-1.19559008237560"
"exdqlm_univar_synth","draw_114",1780,"2021-11-28","forecast","-1.21374641992722"
"exdqlm_univar_synth","draw_114",1780,"2021-11-29","forecast","-1.09837511072805"
"exdqlm_univar_synth","draw_114",1780,"2021-11-30","forecast","-1.19298646509697"
"exdqlm_univar_synth","draw_114",1780,"2021-12-01","forecast","-1.24068524336245"
"exdqlm_univar_synth","draw_114",1780,"2021-12-02","forecast","-1.15244755752560"
"exdqlm_univar_synth","draw_114",1780,"2021-12-03","forecast","-1.07077529836842"
"exdqlm_univar_synth","draw_114",1780,"2021-12-04","forecast","-0.996144275348077"
"exdqlm_univar_synth","draw_114",1780,"2021-12-05","forecast","-1.37223130878121"
"exdqlm_univar_synth","draw_114",1780,"2021-12-06","forecast","-1.55001811200816"
"exdqlm_univar_synth","draw_114",1780,"2021-12-07","forecast","-1.12479839744895"
"exdqlm_univar_synth","draw_114",1780,"2021-12-08","forecast","-1.11280790020767"
"exdqlm_univar_synth","draw_114",1780,"2021-12-09","forecast","-1.04398282389200"
"exdqlm_univar_synth","draw_114",1780,"2021-12-10","forecast","-0.968514038064976"
"exdqlm_univar_synth","draw_115",1795,"2021-11-13","forecast","-0.716825870212471"
"exdqlm_univar_synth","draw_115",1795,"2021-11-14","forecast","-0.498968900161519"
"exdqlm_univar_synth","draw_115",1795,"2021-11-15","forecast","-0.764003843267574"
"exdqlm_univar_synth","draw_115",1795,"2021-11-16","forecast","-0.559364193285588"
"exdqlm_univar_synth","draw_115",1795,"2021-11-17","forecast","-0.746377555839888"
"exdqlm_univar_synth","draw_115",1795,"2021-11-18","forecast","-0.861345715841995"
"exdqlm_univar_synth","draw_115",1795,"2021-11-19","forecast","-0.774718839878505"
"exdqlm_univar_synth","draw_115",1795,"2021-11-20","forecast","-0.735871876308823"
"exdqlm_univar_synth","draw_115",1795,"2021-11-21","forecast","-0.760854939142459"
"exdqlm_univar_synth","draw_115",1795,"2021-11-22","forecast","-1.18965130968087"
"exdqlm_univar_synth","draw_115",1795,"2021-11-23","forecast","-0.755954990142043"
"exdqlm_univar_synth","draw_115",1795,"2021-11-24","forecast","-0.871194511277811"
"exdqlm_univar_synth","draw_115",1795,"2021-11-25","forecast","-1.36299750235547"
"exdqlm_univar_synth","draw_115",1795,"2021-11-26","forecast","-0.801159116488438"
"exdqlm_univar_synth","draw_115",1795,"2021-11-27","forecast","-1.03220214946822"
"exdqlm_univar_synth","draw_115",1795,"2021-11-28","forecast","-1.15316340188465"
"exdqlm_univar_synth","draw_115",1795,"2021-11-29","forecast","-1.40726086037667"
"exdqlm_univar_synth","draw_115",1795,"2021-11-30","forecast","-1.48796934069818"
"exdqlm_univar_synth","draw_115",1795,"2021-12-01","forecast","-1.01399826917221"
"exdqlm_univar_synth","draw_115",1795,"2021-12-02","forecast","-1.27432916280903"
"exdqlm_univar_synth","draw_115",1795,"2021-12-03","forecast","-0.931397100533204"
"exdqlm_univar_synth","draw_115",1795,"2021-12-04","forecast","-0.995787044160266"
"exdqlm_univar_synth","draw_115",1795,"2021-12-05","forecast","-0.992499638956716"
"exdqlm_univar_synth","draw_115",1795,"2021-12-06","forecast","-1.67750208155737"
"exdqlm_univar_synth","draw_115",1795,"2021-12-07","forecast","-1.07926949399265"
"exdqlm_univar_synth","draw_115",1795,"2021-12-08","forecast","-1.50896799914293"
"exdqlm_univar_synth","draw_115",1795,"2021-12-09","forecast","-0.718829921370024"
"exdqlm_univar_synth","draw_115",1795,"2021-12-10","forecast","-1.04336884054610"
"exdqlm_univar_synth","draw_116",1811,"2021-11-13","forecast","-0.367331678150197"
"exdqlm_univar_synth","draw_116",1811,"2021-11-14","forecast","-0.786458381674656"
"exdqlm_univar_synth","draw_116",1811,"2021-11-15","forecast","-0.440224982868892"
"exdqlm_univar_synth","draw_116",1811,"2021-11-16","forecast","-0.828501677774542"
"exdqlm_univar_synth","draw_116",1811,"2021-11-17","forecast","-0.627283448202917"
"exdqlm_univar_synth","draw_116",1811,"2021-11-18","forecast","-0.704968163373780"
"exdqlm_univar_synth","draw_116",1811,"2021-11-19","forecast","-0.946021464635442"
"exdqlm_univar_synth","draw_116",1811,"2021-11-20","forecast","-1.14430358040600"
"exdqlm_univar_synth","draw_116",1811,"2021-11-21","forecast","-1.03029929167959"
"exdqlm_univar_synth","draw_116",1811,"2021-11-22","forecast","-0.925281917337019"
"exdqlm_univar_synth","draw_116",1811,"2021-11-23","forecast","-0.756869743934873"
"exdqlm_univar_synth","draw_116",1811,"2021-11-24","forecast","-0.998160148825694"
"exdqlm_univar_synth","draw_116",1811,"2021-11-25","forecast","-1.31966098255649"
"exdqlm_univar_synth","draw_116",1811,"2021-11-26","forecast","-1.18877748359974"
"exdqlm_univar_synth","draw_116",1811,"2021-11-27","forecast","-1.02218043164855"
"exdqlm_univar_synth","draw_116",1811,"2021-11-28","forecast","-1.28023764286411"
"exdqlm_univar_synth","draw_116",1811,"2021-11-29","forecast","-1.09669512157002"
"exdqlm_univar_synth","draw_116",1811,"2021-11-30","forecast","-0.954869082809466"
"exdqlm_univar_synth","draw_116",1811,"2021-12-01","forecast","-1.33154879916625"
"exdqlm_univar_synth","draw_116",1811,"2021-12-02","forecast","-1.32175674451226"
"exdqlm_univar_synth","draw_116",1811,"2021-12-03","forecast","-1.05953803018944"
"exdqlm_univar_synth","draw_116",1811,"2021-12-04","forecast","-1.52809512368822"
"exdqlm_univar_synth","draw_116",1811,"2021-12-05","forecast","-0.997933449811385"
"exdqlm_univar_synth","draw_116",1811,"2021-12-06","forecast","-1.18143971585427"
"exdqlm_univar_synth","draw_116",1811,"2021-12-07","forecast","-1.07506817454619"
"exdqlm_univar_synth","draw_116",1811,"2021-12-08","forecast","-1.05520678902662"
"exdqlm_univar_synth","draw_116",1811,"2021-12-09","forecast","-1.28367044074499"
"exdqlm_univar_synth","draw_116",1811,"2021-12-10","forecast","-0.960446799498875"
"exdqlm_univar_synth","draw_117",1827,"2021-11-13","forecast","-0.464229884831852"
"exdqlm_univar_synth","draw_117",1827,"2021-11-14","forecast","-0.419827554102400"
"exdqlm_univar_synth","draw_117",1827,"2021-11-15","forecast","-0.482854182010181"
"exdqlm_univar_synth","draw_117",1827,"2021-11-16","forecast","-0.564248911357629"
"exdqlm_univar_synth","draw_117",1827,"2021-11-17","forecast","-0.839656448787016"
"exdqlm_univar_synth","draw_117",1827,"2021-11-18","forecast","-0.647184657530454"
"exdqlm_univar_synth","draw_117",1827,"2021-11-19","forecast","-0.800659222443039"
"exdqlm_univar_synth","draw_117",1827,"2021-11-20","forecast","-0.717817225686085"
"exdqlm_univar_synth","draw_117",1827,"2021-11-21","forecast","-0.733392097287816"
"exdqlm_univar_synth","draw_117",1827,"2021-11-22","forecast","-1.23205546908499"
"exdqlm_univar_synth","draw_117",1827,"2021-11-23","forecast","-0.999537325497647"
"exdqlm_univar_synth","draw_117",1827,"2021-11-24","forecast","-1.23840840932746"
"exdqlm_univar_synth","draw_117",1827,"2021-11-25","forecast","-0.995776514408412"
"exdqlm_univar_synth","draw_117",1827,"2021-11-26","forecast","-1.09821662321613"
"exdqlm_univar_synth","draw_117",1827,"2021-11-27","forecast","-1.02078976343544"
"exdqlm_univar_synth","draw_117",1827,"2021-11-28","forecast","-1.29413208048700"
"exdqlm_univar_synth","draw_117",1827,"2021-11-29","forecast","-1.45591205498463"
"exdqlm_univar_synth","draw_117",1827,"2021-11-30","forecast","-1.49004569827820"
"exdqlm_univar_synth","draw_117",1827,"2021-12-01","forecast","-1.08244594694223"
"exdqlm_univar_synth","draw_117",1827,"2021-12-02","forecast","-0.926947440263564"
"exdqlm_univar_synth","draw_117",1827,"2021-12-03","forecast","-0.994289878475127"
"exdqlm_univar_synth","draw_117",1827,"2021-12-04","forecast","-1.48774011614729"
"exdqlm_univar_synth","draw_117",1827,"2021-12-05","forecast","-1.34467016521509"
"exdqlm_univar_synth","draw_117",1827,"2021-12-06","forecast","-1.19612242410721"
"exdqlm_univar_synth","draw_117",1827,"2021-12-07","forecast","-1.58263678684785"
"exdqlm_univar_synth","draw_117",1827,"2021-12-08","forecast","-1.46795640753985"
"exdqlm_univar_synth","draw_117",1827,"2021-12-09","forecast","-0.720141275885296"
"exdqlm_univar_synth","draw_117",1827,"2021-12-10","forecast","-1.37652438237927"
"exdqlm_univar_synth","draw_118",1843,"2021-11-13","forecast","-0.701934348711374"
"exdqlm_univar_synth","draw_118",1843,"2021-11-14","forecast","-0.649714219609375"
"exdqlm_univar_synth","draw_118",1843,"2021-11-15","forecast","-0.772108590046848"
"exdqlm_univar_synth","draw_118",1843,"2021-11-16","forecast","-0.607844853566394"
"exdqlm_univar_synth","draw_118",1843,"2021-11-17","forecast","-0.975568093823585"
"exdqlm_univar_synth","draw_118",1843,"2021-11-18","forecast","-0.515833107041077"
"exdqlm_univar_synth","draw_118",1843,"2021-11-19","forecast","-1.01004063886857"
"exdqlm_univar_synth","draw_118",1843,"2021-11-20","forecast","-0.730045391378381"
"exdqlm_univar_synth","draw_118",1843,"2021-11-21","forecast","-1.00588340808563"
"exdqlm_univar_synth","draw_118",1843,"2021-11-22","forecast","-1.06441809419871"
"exdqlm_univar_synth","draw_118",1843,"2021-11-23","forecast","-0.739946887789704"
"exdqlm_univar_synth","draw_118",1843,"2021-11-24","forecast","-0.944528052552154"
"exdqlm_univar_synth","draw_118",1843,"2021-11-25","forecast","-0.989389987117173"
"exdqlm_univar_synth","draw_118",1843,"2021-11-26","forecast","-1.22171150539734"
"exdqlm_univar_synth","draw_118",1843,"2021-11-27","forecast","-1.02646028318944"
"exdqlm_univar_synth","draw_118",1843,"2021-11-28","forecast","-1.27994519380126"
"exdqlm_univar_synth","draw_118",1843,"2021-11-29","forecast","-1.32570568738346"
"exdqlm_univar_synth","draw_118",1843,"2021-11-30","forecast","-1.51551315065389"
"exdqlm_univar_synth","draw_118",1843,"2021-12-01","forecast","-1.01671568864783"
"exdqlm_univar_synth","draw_118",1843,"2021-12-02","forecast","-0.988176136325718"
"exdqlm_univar_synth","draw_118",1843,"2021-12-03","forecast","-1.17808318552045"
"exdqlm_univar_synth","draw_118",1843,"2021-12-04","forecast","-1.34044902574196"
"exdqlm_univar_synth","draw_118",1843,"2021-12-05","forecast","-1.28963724524843"
"exdqlm_univar_synth","draw_118",1843,"2021-12-06","forecast","-1.20478123310602"
"exdqlm_univar_synth","draw_118",1843,"2021-12-07","forecast","-1.11631531107580"
"exdqlm_univar_synth","draw_118",1843,"2021-12-08","forecast","-1.83278079405659"
"exdqlm_univar_synth","draw_118",1843,"2021-12-09","forecast","-0.775541855241173"
"exdqlm_univar_synth","draw_118",1843,"2021-12-10","forecast","-1.43528155033590"
"exdqlm_univar_synth","draw_119",1858,"2021-11-13","forecast","-0.448049468558333"
"exdqlm_univar_synth","draw_119",1858,"2021-11-14","forecast","-0.584373343910173"
"exdqlm_univar_synth","draw_119",1858,"2021-11-15","forecast","-0.340410770090034"
"exdqlm_univar_synth","draw_119",1858,"2021-11-16","forecast","-0.561865603254574"
"exdqlm_univar_synth","draw_119",1858,"2021-11-17","forecast","-0.749682828053925"
"exdqlm_univar_synth","draw_119",1858,"2021-11-18","forecast","-0.721197608656243"
"exdqlm_univar_synth","draw_119",1858,"2021-11-19","forecast","-0.778135082692118"
"exdqlm_univar_synth","draw_119",1858,"2021-11-20","forecast","-1.06742808468096"
"exdqlm_univar_synth","draw_119",1858,"2021-11-21","forecast","-0.951719828782844"
"exdqlm_univar_synth","draw_119",1858,"2021-11-22","forecast","-0.950364471530586"
"exdqlm_univar_synth","draw_119",1858,"2021-11-23","forecast","-1.35237974436197"
"exdqlm_univar_synth","draw_119",1858,"2021-11-24","forecast","-0.837775882552613"
"exdqlm_univar_synth","draw_119",1858,"2021-11-25","forecast","-0.995984582967242"
"exdqlm_univar_synth","draw_119",1858,"2021-11-26","forecast","-1.13688376962392"
"exdqlm_univar_synth","draw_119",1858,"2021-11-27","forecast","-1.31399813464426"
"exdqlm_univar_synth","draw_119",1858,"2021-11-28","forecast","-1.35636488810931"
"exdqlm_univar_synth","draw_119",1858,"2021-11-29","forecast","-1.52435253233313"
"exdqlm_univar_synth","draw_119",1858,"2021-11-30","forecast","-1.03744838879673"
"exdqlm_univar_synth","draw_119",1858,"2021-12-01","forecast","-1.08137173797007"
"exdqlm_univar_synth","draw_119",1858,"2021-12-02","forecast","-1.00086092473914"
"exdqlm_univar_synth","draw_119",1858,"2021-12-03","forecast","-1.19968075038832"
"exdqlm_univar_synth","draw_119",1858,"2021-12-04","forecast","-1.21731060022885"
"exdqlm_univar_synth","draw_119",1858,"2021-12-05","forecast","-1.28678966680658"
"exdqlm_univar_synth","draw_119",1858,"2021-12-06","forecast","-1.19291729846543"
"exdqlm_univar_synth","draw_119",1858,"2021-12-07","forecast","-1.06851921561433"
"exdqlm_univar_synth","draw_119",1858,"2021-12-08","forecast","-1.21523385790905"
"exdqlm_univar_synth","draw_119",1858,"2021-12-09","forecast","-0.781915796840375"
"exdqlm_univar_synth","draw_119",1858,"2021-12-10","forecast","-1.50607262653457"
"exdqlm_univar_synth","draw_120",1874,"2021-11-13","forecast","-0.722570033604108"
"exdqlm_univar_synth","draw_120",1874,"2021-11-14","forecast","-0.460219871304886"
"exdqlm_univar_synth","draw_120",1874,"2021-11-15","forecast","-0.468783576480446"
"exdqlm_univar_synth","draw_120",1874,"2021-11-16","forecast","-0.577884462451853"
"exdqlm_univar_synth","draw_120",1874,"2021-11-17","forecast","-0.624143620634117"
"exdqlm_univar_synth","draw_120",1874,"2021-11-18","forecast","-0.555027049708037"
"exdqlm_univar_synth","draw_120",1874,"2021-11-19","forecast","-0.785371254900385"
"exdqlm_univar_synth","draw_120",1874,"2021-11-20","forecast","-0.735725757183517"
"exdqlm_univar_synth","draw_120",1874,"2021-11-21","forecast","-0.978705358580427"
"exdqlm_univar_synth","draw_120",1874,"2021-11-22","forecast","-1.22051974108645"
"exdqlm_univar_synth","draw_120",1874,"2021-11-23","forecast","-0.863931379806098"
"exdqlm_univar_synth","draw_120",1874,"2021-11-24","forecast","-1.03847613355794"
"exdqlm_univar_synth","draw_120",1874,"2021-11-25","forecast","0"
"exdqlm_univar_synth","draw_120",1874,"2021-11-26","forecast","-0.928335669138076"
"exdqlm_univar_synth","draw_120",1874,"2021-11-27","forecast","-1.20316748040705"
"exdqlm_univar_synth","draw_120",1874,"2021-11-28","forecast","-0.973816010645123"
"exdqlm_univar_synth","draw_120",1874,"2021-11-29","forecast","-1.28920994742097"
"exdqlm_univar_synth","draw_120",1874,"2021-11-30","forecast","-1.00182546386450"
"exdqlm_univar_synth","draw_120",1874,"2021-12-01","forecast","-1.15108678784236"
"exdqlm_univar_synth","draw_120",1874,"2021-12-02","forecast","-0.981286991276367"
"exdqlm_univar_synth","draw_120",1874,"2021-12-03","forecast","-1.02827536044987"
"exdqlm_univar_synth","draw_120",1874,"2021-12-04","forecast","-1.25813878280833"
"exdqlm_univar_synth","draw_120",1874,"2021-12-05","forecast","-1.32735433642097"
"exdqlm_univar_synth","draw_120",1874,"2021-12-06","forecast","-1.43947662807584"
"exdqlm_univar_synth","draw_120",1874,"2021-12-07","forecast","-1.07199598114651"
"exdqlm_univar_synth","draw_120",1874,"2021-12-08","forecast","-1.39336878790003"
"exdqlm_univar_synth","draw_120",1874,"2021-12-09","forecast","-0.786048442218247"
"exdqlm_univar_synth","draw_120",1874,"2021-12-10","forecast","-1.22524908634368"
"exdqlm_univar_synth","draw_121",1890,"2021-11-13","forecast","-0.644930005396221"
"exdqlm_univar_synth","draw_121",1890,"2021-11-14","forecast","-0.608300908939551"
"exdqlm_univar_synth","draw_121",1890,"2021-11-15","forecast","-0.395038612384815"
"exdqlm_univar_synth","draw_121",1890,"2021-11-16","forecast","-0.488665020281336"
"exdqlm_univar_synth","draw_121",1890,"2021-11-17","forecast","-0.644160997226311"
"exdqlm_univar_synth","draw_121",1890,"2021-11-18","forecast","-0.570594618221968"
"exdqlm_univar_synth","draw_121",1890,"2021-11-19","forecast","-0.905667538498834"
"exdqlm_univar_synth","draw_121",1890,"2021-11-20","forecast","-0.736078817965177"
"exdqlm_univar_synth","draw_121",1890,"2021-11-21","forecast","-1.08145630842807"
"exdqlm_univar_synth","draw_121",1890,"2021-11-22","forecast","-1.25073439417142"
"exdqlm_univar_synth","draw_121",1890,"2021-11-23","forecast","-1.13038224785944"
"exdqlm_univar_synth","draw_121",1890,"2021-11-24","forecast","-1.20353495577774"
"exdqlm_univar_synth","draw_121",1890,"2021-11-25","forecast","-1.15716916295297"
"exdqlm_univar_synth","draw_121",1890,"2021-11-26","forecast","-0.886065201900209"
"exdqlm_univar_synth","draw_121",1890,"2021-11-27","forecast","-1.24444569711073"
"exdqlm_univar_synth","draw_121",1890,"2021-11-28","forecast","-0.926304494653464"
"exdqlm_univar_synth","draw_121",1890,"2021-11-29","forecast","-1.14494150603714"
"exdqlm_univar_synth","draw_121",1890,"2021-11-30","forecast","-0.999398450676266"
"exdqlm_univar_synth","draw_121",1890,"2021-12-01","forecast","-1.48309637265619"
"exdqlm_univar_synth","draw_121",1890,"2021-12-02","forecast","-1.44888626356669"
"exdqlm_univar_synth","draw_121",1890,"2021-12-03","forecast","-1.09074218104890"
"exdqlm_univar_synth","draw_121",1890,"2021-12-04","forecast","-1.03504970042133"
"exdqlm_univar_synth","draw_121",1890,"2021-12-05","forecast","-1.20476078853217"
"exdqlm_univar_synth","draw_121",1890,"2021-12-06","forecast","-1.37108266748554"
"exdqlm_univar_synth","draw_121",1890,"2021-12-07","forecast","-1.25303493109987"
"exdqlm_univar_synth","draw_121",1890,"2021-12-08","forecast","-1.34029772499607"
"exdqlm_univar_synth","draw_121",1890,"2021-12-09","forecast","-1.17674858388592"
"exdqlm_univar_synth","draw_121",1890,"2021-12-10","forecast","-0.982065515445270"
"exdqlm_univar_synth","draw_122",1906,"2021-11-13","forecast","-0.549135359394369"
"exdqlm_univar_synth","draw_122",1906,"2021-11-14","forecast","-0.786711726612216"
"exdqlm_univar_synth","draw_122",1906,"2021-11-15","forecast","-0.732679486301949"
"exdqlm_univar_synth","draw_122",1906,"2021-11-16","forecast","-0.385413009426280"
"exdqlm_univar_synth","draw_122",1906,"2021-11-17","forecast","-0.937731873486410"
"exdqlm_univar_synth","draw_122",1906,"2021-11-18","forecast","-0.571239590389086"
"exdqlm_univar_synth","draw_122",1906,"2021-11-19","forecast","-0.809390440602757"
"exdqlm_univar_synth","draw_122",1906,"2021-11-20","forecast","-0.735516376931500"
"exdqlm_univar_synth","draw_122",1906,"2021-11-21","forecast","-0.642602433828300"
"exdqlm_univar_synth","draw_122",1906,"2021-11-22","forecast","-0.920714470392877"
"exdqlm_univar_synth","draw_122",1906,"2021-11-23","forecast","-1.05402705901944"
"exdqlm_univar_synth","draw_122",1906,"2021-11-24","forecast","-1.16459488775782"
"exdqlm_univar_synth","draw_122",1906,"2021-11-25","forecast","-0.996495189359122"
"exdqlm_univar_synth","draw_122",1906,"2021-11-26","forecast","-0.783211628068262"
"exdqlm_univar_synth","draw_122",1906,"2021-11-27","forecast","-1.42076870205989"
"exdqlm_univar_synth","draw_122",1906,"2021-11-28","forecast","-0.962760873687308"
"exdqlm_univar_synth","draw_122",1906,"2021-11-29","forecast","-1.08513959421188"
"exdqlm_univar_synth","draw_122",1906,"2021-11-30","forecast","-1.40777947641539"
"exdqlm_univar_synth","draw_122",1906,"2021-12-01","forecast","-0.972817912826687"
"exdqlm_univar_synth","draw_122",1906,"2021-12-02","forecast","-1.18188285479863"
"exdqlm_univar_synth","draw_122",1906,"2021-12-03","forecast","-0.419793735576692"
"exdqlm_univar_synth","draw_122",1906,"2021-12-04","forecast","-0.993279347056740"
"exdqlm_univar_synth","draw_122",1906,"2021-12-05","forecast","-0.997663114702534"
"exdqlm_univar_synth","draw_122",1906,"2021-12-06","forecast","-1.17447473472182"
"exdqlm_univar_synth","draw_122",1906,"2021-12-07","forecast","-1.03452768220992"
"exdqlm_univar_synth","draw_122",1906,"2021-12-08","forecast","-1.14072840097619"
"exdqlm_univar_synth","draw_122",1906,"2021-12-09","forecast","-0.721333023782115"
"exdqlm_univar_synth","draw_122",1906,"2021-12-10","forecast","-0.974991646491623"
"exdqlm_univar_synth","draw_123",1921,"2021-11-13","forecast","-0.525036059124358"
"exdqlm_univar_synth","draw_123",1921,"2021-11-14","forecast","-0.714430743692612"
"exdqlm_univar_synth","draw_123",1921,"2021-11-15","forecast","-0.424366332419001"
"exdqlm_univar_synth","draw_123",1921,"2021-11-16","forecast","-0.633173249250545"
"exdqlm_univar_synth","draw_123",1921,"2021-11-17","forecast","-0.624511779742563"
"exdqlm_univar_synth","draw_123",1921,"2021-11-18","forecast","-0.685627931177832"
"exdqlm_univar_synth","draw_123",1921,"2021-11-19","forecast","-1.07902156960691"
"exdqlm_univar_synth","draw_123",1921,"2021-11-20","forecast","-1.25049016655379"
"exdqlm_univar_synth","draw_123",1921,"2021-11-21","forecast","-0.717752064941254"
"exdqlm_univar_synth","draw_123",1921,"2021-11-22","forecast","-0.920643154441559"
"exdqlm_univar_synth","draw_123",1921,"2021-11-23","forecast","-1.13887347083863"
"exdqlm_univar_synth","draw_123",1921,"2021-11-24","forecast","-0.832532662989610"
"exdqlm_univar_synth","draw_123",1921,"2021-11-25","forecast","-1.12909989546031"
"exdqlm_univar_synth","draw_123",1921,"2021-11-26","forecast","-1.15313569631842"
"exdqlm_univar_synth","draw_123",1921,"2021-11-27","forecast","-1.25844354594415"
"exdqlm_univar_synth","draw_123",1921,"2021-11-28","forecast","-0.929043331059744"
"exdqlm_univar_synth","draw_123",1921,"2021-11-29","forecast","-1.08529562505278"
"exdqlm_univar_synth","draw_123",1921,"2021-11-30","forecast","-1.35831247863471"
"exdqlm_univar_synth","draw_123",1921,"2021-12-01","forecast","-1.02233685347831"
"exdqlm_univar_synth","draw_123",1921,"2021-12-02","forecast","-0.981263966297175"
"exdqlm_univar_synth","draw_123",1921,"2021-12-03","forecast","-1.06158037402831"
"exdqlm_univar_synth","draw_123",1921,"2021-12-04","forecast","-1.34058761408376"
"exdqlm_univar_synth","draw_123",1921,"2021-12-05","forecast","-0.990822431911552"
"exdqlm_univar_synth","draw_123",1921,"2021-12-06","forecast","-1.17582954975575"
"exdqlm_univar_synth","draw_123",1921,"2021-12-07","forecast","-1.48716397098798"
"exdqlm_univar_synth","draw_123",1921,"2021-12-08","forecast","-1.50286202852858"
"exdqlm_univar_synth","draw_123",1921,"2021-12-09","forecast","-0.716163347776037"
"exdqlm_univar_synth","draw_123",1921,"2021-12-10","forecast","-0.962361238205816"
"exdqlm_univar_synth","draw_124",1937,"2021-11-13","forecast","-0.697142260661784"
"exdqlm_univar_synth","draw_124",1937,"2021-11-14","forecast","-0.398117950148024"
"exdqlm_univar_synth","draw_124",1937,"2021-11-15","forecast","-0.470440096048779"
"exdqlm_univar_synth","draw_124",1937,"2021-11-16","forecast","-0.610076320006705"
"exdqlm_univar_synth","draw_124",1937,"2021-11-17","forecast","-0.905389564144860"
"exdqlm_univar_synth","draw_124",1937,"2021-11-18","forecast","-0.727738235168087"
"exdqlm_univar_synth","draw_124",1937,"2021-11-19","forecast","-0.883571911259400"
"exdqlm_univar_synth","draw_124",1937,"2021-11-20","forecast","-0.955288328028388"
"exdqlm_univar_synth","draw_124",1937,"2021-11-21","forecast","-0.975666410954951"
"exdqlm_univar_synth","draw_124",1937,"2021-11-22","forecast","-0.949858643656008"
"exdqlm_univar_synth","draw_124",1937,"2021-11-23","forecast","-0.756331570673476"
"exdqlm_univar_synth","draw_124",1937,"2021-11-24","forecast","-0.936899839677031"
"exdqlm_univar_synth","draw_124",1937,"2021-11-25","forecast","-1.03869280883125"
"exdqlm_univar_synth","draw_124",1937,"2021-11-26","forecast","-1.11775668756259"
"exdqlm_univar_synth","draw_124",1937,"2021-11-27","forecast","-1.37120714270728"
"exdqlm_univar_synth","draw_124",1937,"2021-11-28","forecast","-1.28384614556650"
"exdqlm_univar_synth","draw_124",1937,"2021-11-29","forecast","-1.08435637023632"
"exdqlm_univar_synth","draw_124",1937,"2021-11-30","forecast","-1.00474121139267"
"exdqlm_univar_synth","draw_124",1937,"2021-12-01","forecast","-1.01660523048857"
"exdqlm_univar_synth","draw_124",1937,"2021-12-02","forecast","-0.993646436099522"
"exdqlm_univar_synth","draw_124",1937,"2021-12-03","forecast","-1.34981012785514"
"exdqlm_univar_synth","draw_124",1937,"2021-12-04","forecast","-0.992382676753016"
"exdqlm_univar_synth","draw_124",1937,"2021-12-05","forecast","-0.910101972905263"
"exdqlm_univar_synth","draw_124",1937,"2021-12-06","forecast","-1.36851161681937"
"exdqlm_univar_synth","draw_124",1937,"2021-12-07","forecast","-1.12890040449814"
"exdqlm_univar_synth","draw_124",1937,"2021-12-08","forecast","-1.25919501281035"
"exdqlm_univar_synth","draw_124",1937,"2021-12-09","forecast","-0.864290067667724"
"exdqlm_univar_synth","draw_124",1937,"2021-12-10","forecast","-0.987039681831605"
"exdqlm_univar_synth","draw_125",1953,"2021-11-13","forecast","-0.672689035888226"
"exdqlm_univar_synth","draw_125",1953,"2021-11-14","forecast","-0.813579994310001"
"exdqlm_univar_synth","draw_125",1953,"2021-11-15","forecast","-0.678455197414338"
"exdqlm_univar_synth","draw_125",1953,"2021-11-16","forecast","-0.779977928823329"
"exdqlm_univar_synth","draw_125",1953,"2021-11-17","forecast","-0.765088690613609"
"exdqlm_univar_synth","draw_125",1953,"2021-11-18","forecast","-0.772285350211358"
"exdqlm_univar_synth","draw_125",1953,"2021-11-19","forecast","-0.928063905872078"
"exdqlm_univar_synth","draw_125",1953,"2021-11-20","forecast","-0.734867871204446"
"exdqlm_univar_synth","draw_125",1953,"2021-11-21","forecast","-1.11428529646605"
"exdqlm_univar_synth","draw_125",1953,"2021-11-22","forecast","-0.921545358954801"
"exdqlm_univar_synth","draw_125",1953,"2021-11-23","forecast","-0.774965814211671"
"exdqlm_univar_synth","draw_125",1953,"2021-11-24","forecast","-0.965879030983623"
"exdqlm_univar_synth","draw_125",1953,"2021-11-25","forecast","-0.990278208076600"
"exdqlm_univar_synth","draw_125",1953,"2021-11-26","forecast","-1.19770680162652"
"exdqlm_univar_synth","draw_125",1953,"2021-11-27","forecast","-1.02456635445380"
"exdqlm_univar_synth","draw_125",1953,"2021-11-28","forecast","-0.932119835209319"
"exdqlm_univar_synth","draw_125",1953,"2021-11-29","forecast","-1.09050574592498"
"exdqlm_univar_synth","draw_125",1953,"2021-11-30","forecast","-1.00821372348186"
"exdqlm_univar_synth","draw_125",1953,"2021-12-01","forecast","-0.977875537480606"
"exdqlm_univar_synth","draw_125",1953,"2021-12-02","forecast","-0.981923501793834"
"exdqlm_univar_synth","draw_125",1953,"2021-12-03","forecast","-1.03070925154867"
"exdqlm_univar_synth","draw_125",1953,"2021-12-04","forecast","-1.13225512168671"
"exdqlm_univar_synth","draw_125",1953,"2021-12-05","forecast","-1.05839018419230"
"exdqlm_univar_synth","draw_125",1953,"2021-12-06","forecast","-1.48361409532156"
"exdqlm_univar_synth","draw_125",1953,"2021-12-07","forecast","-1.10297168275848"
"exdqlm_univar_synth","draw_125",1953,"2021-12-08","forecast","-1.06514940834840"
"exdqlm_univar_synth","draw_125",1953,"2021-12-09","forecast","-0.659256241515005"
"exdqlm_univar_synth","draw_125",1953,"2021-12-10","forecast","-1.39292916742851"
"exdqlm_univar_synth","draw_126",1969,"2021-11-13","forecast","-0.449598252799484"
"exdqlm_univar_synth","draw_126",1969,"2021-11-14","forecast","-0.460558950814189"
"exdqlm_univar_synth","draw_126",1969,"2021-11-15","forecast","-0.483606585006436"
"exdqlm_univar_synth","draw_126",1969,"2021-11-16","forecast","-0.839639686552535"
"exdqlm_univar_synth","draw_126",1969,"2021-11-17","forecast","-0.867852471462935"
"exdqlm_univar_synth","draw_126",1969,"2021-11-18","forecast","-0.565442701931434"
"exdqlm_univar_synth","draw_126",1969,"2021-11-19","forecast","-0.776618966663157"
"exdqlm_univar_synth","draw_126",1969,"2021-11-20","forecast","-0.733752823019977"
"exdqlm_univar_synth","draw_126",1969,"2021-11-21","forecast","-0.664472045363811"
"exdqlm_univar_synth","draw_126",1969,"2021-11-22","forecast","-0.923730543555144"
"exdqlm_univar_synth","draw_126",1969,"2021-11-23","forecast","-1.10480051045201"
"exdqlm_univar_synth","draw_126",1969,"2021-11-24","forecast","-0.875194546661411"
"exdqlm_univar_synth","draw_126",1969,"2021-11-25","forecast","-1.04203213108800"
"exdqlm_univar_synth","draw_126",1969,"2021-11-26","forecast","-0.824356373343024"
"exdqlm_univar_synth","draw_126",1969,"2021-11-27","forecast","-1.00034081026089"
"exdqlm_univar_synth","draw_126",1969,"2021-11-28","forecast","-0.929973139562785"
"exdqlm_univar_synth","draw_126",1969,"2021-11-29","forecast","-1.10034463525346"
"exdqlm_univar_synth","draw_126",1969,"2021-11-30","forecast","-1.30428750939546"
"exdqlm_univar_synth","draw_126",1969,"2021-12-01","forecast","-1.06015238786618"
"exdqlm_univar_synth","draw_126",1969,"2021-12-02","forecast","-0.985001540658553"
"exdqlm_univar_synth","draw_126",1969,"2021-12-03","forecast","-1.46301958839112"
"exdqlm_univar_synth","draw_126",1969,"2021-12-04","forecast","-1.01920267306574"
"exdqlm_univar_synth","draw_126",1969,"2021-12-05","forecast","-1.12404392435713"
"exdqlm_univar_synth","draw_126",1969,"2021-12-06","forecast","-1.17541449489842"
"exdqlm_univar_synth","draw_126",1969,"2021-12-07","forecast","-1.26499182189102"
"exdqlm_univar_synth","draw_126",1969,"2021-12-08","forecast","-1.27208010537123"
"exdqlm_univar_synth","draw_126",1969,"2021-12-09","forecast","-0.620239657995847"
"exdqlm_univar_synth","draw_126",1969,"2021-12-10","forecast","-0.983808295165464"
"exdqlm_univar_synth","draw_127",1984,"2021-11-13","forecast","-0.612823123364830"
"exdqlm_univar_synth","draw_127",1984,"2021-11-14","forecast","-0.735614674217902"
"exdqlm_univar_synth","draw_127",1984,"2021-11-15","forecast","-0.705952109093780"
"exdqlm_univar_synth","draw_127",1984,"2021-11-16","forecast","-0.822824424582227"
"exdqlm_univar_synth","draw_127",1984,"2021-11-17","forecast","-0.692299983048492"
"exdqlm_univar_synth","draw_127",1984,"2021-11-18","forecast","-0.564668047671536"
"exdqlm_univar_synth","draw_127",1984,"2021-11-19","forecast","-0.782872255590886"
"exdqlm_univar_synth","draw_127",1984,"2021-11-20","forecast","-0.841916983761500"
"exdqlm_univar_synth","draw_127",1984,"2021-11-21","forecast","-1.11500990445514"
"exdqlm_univar_synth","draw_127",1984,"2021-11-22","forecast","-1.27298975264758"
"exdqlm_univar_synth","draw_127",1984,"2021-11-23","forecast","-1.06495057665018"
"exdqlm_univar_synth","draw_127",1984,"2021-11-24","forecast","-0.841745336809434"
"exdqlm_univar_synth","draw_127",1984,"2021-11-25","forecast","-1.22575877791913"
"exdqlm_univar_synth","draw_127",1984,"2021-11-26","forecast","-1.18498424926150"
"exdqlm_univar_synth","draw_127",1984,"2021-11-27","forecast","-1.24798787367602"
"exdqlm_univar_synth","draw_127",1984,"2021-11-28","forecast","-0.928425602608495"
"exdqlm_univar_synth","draw_127",1984,"2021-11-29","forecast","-1.08450827029580"
"exdqlm_univar_synth","draw_127",1984,"2021-11-30","forecast","-1.31703156304231"
"exdqlm_univar_synth","draw_127",1984,"2021-12-01","forecast","-1.02424939767011"
"exdqlm_univar_synth","draw_127",1984,"2021-12-02","forecast","-1.23690812081134"
"exdqlm_univar_synth","draw_127",1984,"2021-12-03","forecast","-1.26224986308906"
"exdqlm_univar_synth","draw_127",1984,"2021-12-04","forecast","-1.44409633604029"
"exdqlm_univar_synth","draw_127",1984,"2021-12-05","forecast","-1.03336519128754"
"exdqlm_univar_synth","draw_127",1984,"2021-12-06","forecast","-1.17546011163143"
"exdqlm_univar_synth","draw_127",1984,"2021-12-07","forecast","-1.13811156151641"
"exdqlm_univar_synth","draw_127",1984,"2021-12-08","forecast","-1.05634962535523"
"exdqlm_univar_synth","draw_127",1984,"2021-12-09","forecast","-1.01843315281307"
"exdqlm_univar_synth","draw_127",1984,"2021-12-10","forecast","-1.30975375925529"
"exdqlm_univar_synth","draw_128",2000,"2021-11-13","forecast","-0.781330173386218"
"exdqlm_univar_synth","draw_128",2000,"2021-11-14","forecast","-0.405418051142767"
"exdqlm_univar_synth","draw_128",2000,"2021-11-15","forecast","-0.490520507781685"
"exdqlm_univar_synth","draw_128",2000,"2021-11-16","forecast","-0.771937642441193"
"exdqlm_univar_synth","draw_128",2000,"2021-11-17","forecast","-0.920951700242350"
"exdqlm_univar_synth","draw_128",2000,"2021-11-18","forecast","-0.544285476422619"
"exdqlm_univar_synth","draw_128",2000,"2021-11-19","forecast","-0.895967544993041"
"exdqlm_univar_synth","draw_128",2000,"2021-11-20","forecast","-0.735177873649972"
"exdqlm_univar_synth","draw_128",2000,"2021-11-21","forecast","-0.731587543577777"
"exdqlm_univar_synth","draw_128",2000,"2021-11-22","forecast","-1.28420824346500"
"exdqlm_univar_synth","draw_128",2000,"2021-11-23","forecast","-0.756155248688762"
"exdqlm_univar_synth","draw_128",2000,"2021-11-24","forecast","-0.827691775417401"
"exdqlm_univar_synth","draw_128",2000,"2021-11-25","forecast","-1.37081909802833"
"exdqlm_univar_synth","draw_128",2000,"2021-11-26","forecast","-1.22644690729657"
"exdqlm_univar_synth","draw_128",2000,"2021-11-27","forecast","-1.34972566573620"
"exdqlm_univar_synth","draw_128",2000,"2021-11-28","forecast","-1.22976470616566"
"exdqlm_univar_synth","draw_128",2000,"2021-11-29","forecast","-1.44980512898895"
"exdqlm_univar_synth","draw_128",2000,"2021-11-30","forecast","-1.13504459410555"
"exdqlm_univar_synth","draw_128",2000,"2021-12-01","forecast","-1.59939797959862"
"exdqlm_univar_synth","draw_128",2000,"2021-12-02","forecast","-1.14225383718541"
"exdqlm_univar_synth","draw_128",2000,"2021-12-03","forecast","-1.38531110623907"
"exdqlm_univar_synth","draw_128",2000,"2021-12-04","forecast","-1.30197706553058"
"exdqlm_univar_synth","draw_128",2000,"2021-12-05","forecast","-1.20997387155138"
"exdqlm_univar_synth","draw_128",2000,"2021-12-06","forecast","-1.17979130558963"
"exdqlm_univar_synth","draw_128",2000,"2021-12-07","forecast","-1.42618480064530"
"exdqlm_univar_synth","draw_128",2000,"2021-12-08","forecast","-1.06400309837290"
"exdqlm_univar_synth","draw_128",2000,"2021-12-09","forecast","-1.13872462704496"
"exdqlm_univar_synth","draw_128",2000,"2021-12-10","forecast","-1.16153684029922"
