"model_id","draw_id","sample_index","date","segment","value"
"exdqlm_univar_synth","draw_001",1,"2022-12-07","history","-0.503846231659449"
"exdqlm_univar_synth","draw_001",1,"2022-12-08","history","-0.369725006643962"
"exdqlm_univar_synth","draw_001",1,"2022-12-09","history","-0.106395682217564"
"exdqlm_univar_synth","draw_001",1,"2022-12-10","history","-0.177727298274073"
"exdqlm_univar_synth","draw_001",1,"2022-12-11","history","1.08909326828479"
"exdqlm_univar_synth","draw_001",1,"2022-12-12","history","0.772488614139312"
"exdqlm_univar_synth","draw_001",1,"2022-12-13","history","0.664512674828496"
"exdqlm_univar_synth","draw_001",1,"2022-12-14","history","0.0752286989387231"
"exdqlm_univar_synth","draw_001",1,"2022-12-15","history","0.163653674628657"
"exdqlm_univar_synth","draw_001",1,"2022-12-16","history","0.0961691137025079"
"exdqlm_univar_synth","draw_001",1,"2022-12-17","history","-0.213471145262491"
"exdqlm_univar_synth","draw_001",1,"2022-12-18","history","0.209297814127486"
"exdqlm_univar_synth","draw_001",1,"2022-12-19","history","-0.102590450339049"
"exdqlm_univar_synth","draw_001",1,"2022-12-20","history","-0.0782211056462492"
"exdqlm_univar_synth","draw_001",1,"2022-12-21","history","-0.146660178744417"
"exdqlm_univar_synth","draw_001",1,"2022-12-22","history","0.0531653086160080"
"exdqlm_univar_synth","draw_001",1,"2022-12-23","history","-0.242477947190692"
"exdqlm_univar_synth","draw_001",1,"2022-12-24","history","-0.197852588259782"
"exdqlm_univar_synth","draw_001",1,"2022-12-25","history","-0.0422047302316420"
"exdqlm_univar_synth","draw_002",17,"2022-12-07","history","-0.0339098023259113"
"exdqlm_univar_synth","draw_002",17,"2022-12-08","history","-0.228642021187891"
"exdqlm_univar_synth","draw_002",17,"2022-12-09","history","0.137544017076590"
"exdqlm_univar_synth","draw_002",17,"2022-12-10","history","-0.289612233565839"
"exdqlm_univar_synth","draw_002",17,"2022-12-11","history","1.31084080408350"
"exdqlm_univar_synth","draw_002",17,"2022-12-12","history","0.605278618634437"
"exdqlm_univar_synth","draw_002",17,"2022-12-13","history","0.303988711588589"
"exdqlm_univar_synth","draw_002",17,"2022-12-14","history","0.263013553487293"
"exdqlm_univar_synth","draw_002",17,"2022-12-15","history","0.0848729050941092"
"exdqlm_univar_synth","draw_002",17,"2022-12-16","history","0.230607965252167"
"exdqlm_univar_synth","draw_002",17,"2022-12-17","history","0.0815758053371595"
"exdqlm_univar_synth","draw_002",17,"2022-12-18","history","0.272451122479081"
"exdqlm_univar_synth","draw_002",17,"2022-12-19","history","0.314274898730722"
"exdqlm_univar_synth","draw_002",17,"2022-12-20","history","0.0467352200559365"
"exdqlm_univar_synth","draw_002",17,"2022-12-21","history","-0.0193667240087729"
"exdqlm_univar_synth","draw_002",17,"2022-12-22","history","-0.266971353588920"
"exdqlm_univar_synth","draw_002",17,"2022-12-23","history","-0.0119175635965322"
"exdqlm_univar_synth","draw_002",17,"2022-12-24","history","-0.0700738605987478"
"exdqlm_univar_synth","draw_002",17,"2022-12-25","history","-0.326491760305270"
"exdqlm_univar_synth","draw_003",32,"2022-12-07","history","-0.319888551929382"
"exdqlm_univar_synth","draw_003",32,"2022-12-08","history","-0.411314841837899"
"exdqlm_univar_synth","draw_003",32,"2022-12-09","history","-0.00651645321040301"
"exdqlm_univar_synth","draw_003",32,"2022-12-10","history","0.356990685399846"
"exdqlm_univar_synth","draw_003",32,"2022-12-11","history","0.704419749460018"
"exdqlm_univar_synth","draw_003",32,"2022-12-12","history","0.741739264112685"
"exdqlm_univar_synth","draw_003",32,"2022-12-13","history","0.584452423532513"
"exdqlm_univar_synth","draw_003",32,"2022-12-14","history","-0.0111079285460485"
"exdqlm_univar_synth","draw_003",32,"2022-12-15","history","0.278058650647976"
"exdqlm_univar_synth","draw_003",32,"2022-12-16","history","0.201454994037621"
"exdqlm_univar_synth","draw_003",32,"2022-12-17","history","0.244578297596249"
"exdqlm_univar_synth","draw_003",32,"2022-12-18","history","-0.115062254362647"
"exdqlm_univar_synth","draw_003",32,"2022-12-19","history","-0.129397465887635"
"exdqlm_univar_synth","draw_003",32,"2022-12-20","history","-0.179966782574652"
"exdqlm_univar_synth","draw_003",32,"2022-12-21","history","-0.337820296627573"
"exdqlm_univar_synth","draw_003",32,"2022-12-22","history","-0.274716565831543"
"exdqlm_univar_synth","draw_003",32,"2022-12-23","history","0.0114082945715083"
"exdqlm_univar_synth","draw_003",32,"2022-12-24","history","0.238834906072180"
"exdqlm_univar_synth","draw_003",32,"2022-12-25","history","-0.148286588470070"
"exdqlm_univar_synth","draw_004",48,"2022-12-07","history","0.0609084703744020"
"exdqlm_univar_synth","draw_004",48,"2022-12-08","history","-0.593204240908680"
"exdqlm_univar_synth","draw_004",48,"2022-12-09","history","-0.0646775106099358"
"exdqlm_univar_synth","draw_004",48,"2022-12-10","history","-0.259612253380250"
"exdqlm_univar_synth","draw_004",48,"2022-12-11","history","1.12002067011425"
"exdqlm_univar_synth","draw_004",48,"2022-12-12","history","0.657939209388929"
"exdqlm_univar_synth","draw_004",48,"2022-12-13","history","0.517946851788272"
"exdqlm_univar_synth","draw_004",48,"2022-12-14","history","0.222066021682792"
"exdqlm_univar_synth","draw_004",48,"2022-12-15","history","0.165944762132492"
"exdqlm_univar_synth","draw_004",48,"2022-12-16","history","-0.0388598239249554"
"exdqlm_univar_synth","draw_004",48,"2022-12-17","history","0.145320104341681"
"exdqlm_univar_synth","draw_004",48,"2022-12-18","history","-0.0899403838056217"
"exdqlm_univar_synth","draw_004",48,"2022-12-19","history","-0.121299805411465"
"exdqlm_univar_synth","draw_004",48,"2022-12-20","history","0.102789757104992"
"exdqlm_univar_synth","draw_004",48,"2022-12-21","history","-0.249426233060093"
"exdqlm_univar_synth","draw_004",48,"2022-12-22","history","-0.132367129525600"
"exdqlm_univar_synth","draw_004",48,"2022-12-23","history","-0.146471856159557"
"exdqlm_univar_synth","draw_004",48,"2022-12-24","history","-0.110952028693037"
"exdqlm_univar_synth","draw_004",48,"2022-12-25","history","0.0312574606740335"
"exdqlm_univar_synth","draw_005",64,"2022-12-07","history","-0.367760815384187"
"exdqlm_univar_synth","draw_005",64,"2022-12-08","history","-0.340004450037709"
"exdqlm_univar_synth","draw_005",64,"2022-12-09","history","-0.207698205981100"
"exdqlm_univar_synth","draw_005",64,"2022-12-10","history","-0.317609969166268"
"exdqlm_univar_synth","draw_005",64,"2022-12-11","history","0.807004539547078"
"exdqlm_univar_synth","draw_005",64,"2022-12-12","history","1.19389534891904"
"exdqlm_univar_synth","draw_005",64,"2022-12-13","history","0.458822245436723"
"exdqlm_univar_synth","draw_005",64,"2022-12-14","history","-0.232760530305253"
"exdqlm_univar_synth","draw_005",64,"2022-12-15","history","-0.216420487233309"
"exdqlm_univar_synth","draw_005",64,"2022-12-16","history","-0.194878705133468"
"exdqlm_univar_synth","draw_005",64,"2022-12-17","history","-0.0477318819137212"
"exdqlm_univar_synth","draw_005",64,"2022-12-18","history","-0.127353145213994"
"exdqlm_univar_synth","draw_005",64,"2022-12-19","history","-0.347831667181615"
"exdqlm_univar_synth","draw_005",64,"2022-12-20","history","-0.0771791647093933"
"exdqlm_univar_synth","draw_005",64,"2022-12-21","history","-0.248375786302381"
"exdqlm_univar_synth","draw_005",64,"2022-12-22","history","-0.103589778958171"
"exdqlm_univar_synth","draw_005",64,"2022-12-23","history","-0.456632966358001"
"exdqlm_univar_synth","draw_005",64,"2022-12-24","history","0.204415680824544"
"exdqlm_univar_synth","draw_005",64,"2022-12-25","history","-0.286540704793273"
"exdqlm_univar_synth","draw_006",80,"2022-12-07","history","-0.401970110688843"
"exdqlm_univar_synth","draw_006",80,"2022-12-08","history","-0.367802079841215"
"exdqlm_univar_synth","draw_006",80,"2022-12-09","history","-0.276886951000840"
"exdqlm_univar_synth","draw_006",80,"2022-12-10","history","0.156842519761347"
"exdqlm_univar_synth","draw_006",80,"2022-12-11","history","0.518284016997401"
"exdqlm_univar_synth","draw_006",80,"2022-12-12","history","1.05251301812786"
"exdqlm_univar_synth","draw_006",80,"2022-12-13","history","0.612248110066153"
"exdqlm_univar_synth","draw_006",80,"2022-12-14","history","0.104090299920321"
"exdqlm_univar_synth","draw_006",80,"2022-12-15","history","0.256236414788867"
"exdqlm_univar_synth","draw_006",80,"2022-12-16","history","0.0630059070085250"
"exdqlm_univar_synth","draw_006",80,"2022-12-17","history","0.175819926244040"
"exdqlm_univar_synth","draw_006",80,"2022-12-18","history","-0.236672350752164"
"exdqlm_univar_synth","draw_006",80,"2022-12-19","history","-0.0714608399372340"
"exdqlm_univar_synth","draw_006",80,"2022-12-20","history","-0.0585344275186879"
"exdqlm_univar_synth","draw_006",80,"2022-12-21","history","-0.264756652945099"
"exdqlm_univar_synth","draw_006",80,"2022-12-22","history","-0.417607840834471"
"exdqlm_univar_synth","draw_006",80,"2022-12-23","history","0.0112165471970066"
"exdqlm_univar_synth","draw_006",80,"2022-12-24","history","-0.197070839496108"
"exdqlm_univar_synth","draw_006",80,"2022-12-25","history","0.228081107070474"
"exdqlm_univar_synth","draw_007",95,"2022-12-07","history","-0.437558100950654"
"exdqlm_univar_synth","draw_007",95,"2022-12-08","history","-0.384734972308917"
"exdqlm_univar_synth","draw_007",95,"2022-12-09","history","-0.436990760317415"
"exdqlm_univar_synth","draw_007",95,"2022-12-10","history","-0.184810627508503"
"exdqlm_univar_synth","draw_007",95,"2022-12-11","history","0.579045010196696"
"exdqlm_univar_synth","draw_007",95,"2022-12-12","history","1.03525853650794"
"exdqlm_univar_synth","draw_007",95,"2022-12-13","history","0.575155611547683"
"exdqlm_univar_synth","draw_007",95,"2022-12-14","history","0.0472754113232893"
"exdqlm_univar_synth","draw_007",95,"2022-12-15","history","-0.254876626885154"
"exdqlm_univar_synth","draw_007",95,"2022-12-16","history","-0.188788121947405"
"exdqlm_univar_synth","draw_007",95,"2022-12-17","history","-0.0754820040217010"
"exdqlm_univar_synth","draw_007",95,"2022-12-18","history","-0.323357645484237"
"exdqlm_univar_synth","draw_007",95,"2022-12-19","history","-0.0594910817337276"
"exdqlm_univar_synth","draw_007",95,"2022-12-20","history","0.0983236750084381"
"exdqlm_univar_synth","draw_007",95,"2022-12-21","history","-0.0975808497635621"
"exdqlm_univar_synth","draw_007",95,"2022-12-22","history","-0.141653288993607"
"exdqlm_univar_synth","draw_007",95,"2022-12-23","history","-0.242340966157301"
"exdqlm_univar_synth","draw_007",95,"2022-12-24","history","-0.375417043780347"
"exdqlm_univar_synth","draw_007",95,"2022-12-25","history","0.00971031387074624"
"exdqlm_univar_synth","draw_008",111,"2022-12-07","history","-0.172061476001980"
"exdqlm_univar_synth","draw_008",111,"2022-12-08","history","-0.289872937606500"
"exdqlm_univar_synth","draw_008",111,"2022-12-09","history","-0.253357205565440"
"exdqlm_univar_synth","draw_008",111,"2022-12-10","history","0.126671304959952"
"exdqlm_univar_synth","draw_008",111,"2022-12-11","history","1.45395320582377"
"exdqlm_univar_synth","draw_008",111,"2022-12-12","history","1.38236633004123"
"exdqlm_univar_synth","draw_008",111,"2022-12-13","history","0.543516836239954"
"exdqlm_univar_synth","draw_008",111,"2022-12-14","history","0.0479199019266367"
"exdqlm_univar_synth","draw_008",111,"2022-12-15","history","0.336208015023122"
"exdqlm_univar_synth","draw_008",111,"2022-12-16","history","-0.0932922149463567"
"exdqlm_univar_synth","draw_008",111,"2022-12-17","history","0.244741950538446"
"exdqlm_univar_synth","draw_008",111,"2022-12-18","history","-0.169297570454647"
"exdqlm_univar_synth","draw_008",111,"2022-12-19","history","0.364081651323229"
"exdqlm_univar_synth","draw_008",111,"2022-12-20","history","0.313450249232894"
"exdqlm_univar_synth","draw_008",111,"2022-12-21","history","0.00511188514731603"
"exdqlm_univar_synth","draw_008",111,"2022-12-22","history","0.365840403842924"
"exdqlm_univar_synth","draw_008",111,"2022-12-23","history","-0.212783399952159"
"exdqlm_univar_synth","draw_008",111,"2022-12-24","history","0.0411257854307438"
"exdqlm_univar_synth","draw_008",111,"2022-12-25","history","0.208548144605525"
"exdqlm_univar_synth","draw_009",127,"2022-12-07","history","-0.440351691042845"
"exdqlm_univar_synth","draw_009",127,"2022-12-08","history","-0.141969720938325"
"exdqlm_univar_synth","draw_009",127,"2022-12-09","history","-0.290213642180175"
"exdqlm_univar_synth","draw_009",127,"2022-12-10","history","-0.290560336119013"
"exdqlm_univar_synth","draw_009",127,"2022-12-11","history","1.30718705502582"
"exdqlm_univar_synth","draw_009",127,"2022-12-12","history","0.710617110030333"
"exdqlm_univar_synth","draw_009",127,"2022-12-13","history","0.605479531508737"
"exdqlm_univar_synth","draw_009",127,"2022-12-14","history","-0.101801147794747"
"exdqlm_univar_synth","draw_009",127,"2022-12-15","history","-0.206283980628827"
"exdqlm_univar_synth","draw_009",127,"2022-12-16","history","-0.188640957141617"
"exdqlm_univar_synth","draw_009",127,"2022-12-17","history","-0.0659148645056579"
"exdqlm_univar_synth","draw_009",127,"2022-12-18","history","0.411996450766665"
"exdqlm_univar_synth","draw_009",127,"2022-12-19","history","-0.180143139157903"
"exdqlm_univar_synth","draw_009",127,"2022-12-20","history","0.334862876690938"
"exdqlm_univar_synth","draw_009",127,"2022-12-21","history","-0.194033509565881"
"exdqlm_univar_synth","draw_009",127,"2022-12-22","history","0.230999306478477"
"exdqlm_univar_synth","draw_009",127,"2022-12-23","history","-0.242914746801156"
"exdqlm_univar_synth","draw_009",127,"2022-12-24","history","0.246302292407086"
"exdqlm_univar_synth","draw_009",127,"2022-12-25","history","-0.287931723247704"
"exdqlm_univar_synth","draw_010",143,"2022-12-07","history","-0.153518983790615"
"exdqlm_univar_synth","draw_010",143,"2022-12-08","history","-0.396741394207592"
"exdqlm_univar_synth","draw_010",143,"2022-12-09","history","0.167760862156806"
"exdqlm_univar_synth","draw_010",143,"2022-12-10","history","0.411828227880610"
"exdqlm_univar_synth","draw_010",143,"2022-12-11","history","1.05255865582482"
"exdqlm_univar_synth","draw_010",143,"2022-12-12","history","1.37382563380533"
"exdqlm_univar_synth","draw_010",143,"2022-12-13","history","0.598739114157713"
"exdqlm_univar_synth","draw_010",143,"2022-12-14","history","0.0615587628119818"
"exdqlm_univar_synth","draw_010",143,"2022-12-15","history","-0.0358159055408978"
"exdqlm_univar_synth","draw_010",143,"2022-12-16","history","0.0810377089973184"
"exdqlm_univar_synth","draw_010",143,"2022-12-17","history","-0.0882713217850108"
"exdqlm_univar_synth","draw_010",143,"2022-12-18","history","0.323550817154645"
"exdqlm_univar_synth","draw_010",143,"2022-12-19","history","0.303992399429152"
"exdqlm_univar_synth","draw_010",143,"2022-12-20","history","0.132097278595334"
"exdqlm_univar_synth","draw_010",143,"2022-12-21","history","-0.0424230080937863"
"exdqlm_univar_synth","draw_010",143,"2022-12-22","history","0.125992479175352"
"exdqlm_univar_synth","draw_010",143,"2022-12-23","history","0.0860292797486032"
"exdqlm_univar_synth","draw_010",143,"2022-12-24","history","-0.161604455396951"
"exdqlm_univar_synth","draw_010",143,"2022-12-25","history","-0.161076281851006"
"exdqlm_univar_synth","draw_011",158,"2022-12-07","history","-0.570375329063840"
"exdqlm_univar_synth","draw_011",158,"2022-12-08","history","-0.102515405942712"
"exdqlm_univar_synth","draw_011",158,"2022-12-09","history","-0.368741725109452"
"exdqlm_univar_synth","draw_011",158,"2022-12-10","history","0.128345696492879"
"exdqlm_univar_synth","draw_011",158,"2022-12-11","history","0.862759551920656"
"exdqlm_univar_synth","draw_011",158,"2022-12-12","history","1.20610187603236"
"exdqlm_univar_synth","draw_011",158,"2022-12-13","history","0.591976818270985"
"exdqlm_univar_synth","draw_011",158,"2022-12-14","history","0.0128681264054303"
"exdqlm_univar_synth","draw_011",158,"2022-12-15","history","-0.244304612060410"
"exdqlm_univar_synth","draw_011",158,"2022-12-16","history","0.0261877233703183"
"exdqlm_univar_synth","draw_011",158,"2022-12-17","history","0.105836579251615"
"exdqlm_univar_synth","draw_011",158,"2022-12-18","history","-0.121412047037637"
"exdqlm_univar_synth","draw_011",158,"2022-12-19","history","-0.140421965026611"
"exdqlm_univar_synth","draw_011",158,"2022-12-20","history","-0.0328327853534200"
"exdqlm_univar_synth","draw_011",158,"2022-12-21","history","0.0962613449400807"
"exdqlm_univar_synth","draw_011",158,"2022-12-22","history","0.0574368149110100"
"exdqlm_univar_synth","draw_011",158,"2022-12-23","history","-0.131567966951482"
"exdqlm_univar_synth","draw_011",158,"2022-12-24","history","0.0172428292819968"
"exdqlm_univar_synth","draw_011",158,"2022-12-25","history","0.0000375080123698842"
"exdqlm_univar_synth","draw_012",174,"2022-12-07","history","-0.318379194999159"
"exdqlm_univar_synth","draw_012",174,"2022-12-08","history","-0.218796872075941"
"exdqlm_univar_synth","draw_012",174,"2022-12-09","history","-0.262832030852495"
"exdqlm_univar_synth","draw_012",174,"2022-12-10","history","0.131754816674938"
"exdqlm_univar_synth","draw_012",174,"2022-12-11","history","1.48969539693116"
"exdqlm_univar_synth","draw_012",174,"2022-12-12","history","1.28136774368561"
"exdqlm_univar_synth","draw_012",174,"2022-12-13","history","0.668373345882134"
"exdqlm_univar_synth","draw_012",174,"2022-12-14","history","0.0717100740711385"
"exdqlm_univar_synth","draw_012",174,"2022-12-15","history","-0.0423243814025676"
"exdqlm_univar_synth","draw_012",174,"2022-12-16","history","-0.00191239433397138"
"exdqlm_univar_synth","draw_012",174,"2022-12-17","history","0.275062750433261"
"exdqlm_univar_synth","draw_012",174,"2022-12-18","history","0.242533109315026"
"exdqlm_univar_synth","draw_012",174,"2022-12-19","history","-0.192473664587715"
"exdqlm_univar_synth","draw_012",174,"2022-12-20","history","0.0334974625630175"
"exdqlm_univar_synth","draw_012",174,"2022-12-21","history","-0.0468204474908260"
"exdqlm_univar_synth","draw_012",174,"2022-12-22","history","-0.153985205853761"
"exdqlm_univar_synth","draw_012",174,"2022-12-23","history","0.208465786315229"
"exdqlm_univar_synth","draw_012",174,"2022-12-24","history","-0.460226234759605"
"exdqlm_univar_synth","draw_012",174,"2022-12-25","history","-0.128684125728523"
"exdqlm_univar_synth","draw_013",190,"2022-12-07","history","-0.408180676504307"
"exdqlm_univar_synth","draw_013",190,"2022-12-08","history","-0.528355492192972"
"exdqlm_univar_synth","draw_013",190,"2022-12-09","history","0.159786490748423"
"exdqlm_univar_synth","draw_013",190,"2022-12-10","history","-0.144787692672031"
"exdqlm_univar_synth","draw_013",190,"2022-12-11","history","1.50823845079050"
"exdqlm_univar_synth","draw_013",190,"2022-12-12","history","0.639857610327268"
"exdqlm_univar_synth","draw_013",190,"2022-12-13","history","0.642534683102671"
"exdqlm_univar_synth","draw_013",190,"2022-12-14","history","0.356765951569857"
"exdqlm_univar_synth","draw_013",190,"2022-12-15","history","0.347694415205553"
"exdqlm_univar_synth","draw_013",190,"2022-12-16","history","-0.183707876921079"
"exdqlm_univar_synth","draw_013",190,"2022-12-17","history","0.0559940237956656"
"exdqlm_univar_synth","draw_013",190,"2022-12-18","history","-0.0664739583265829"
"exdqlm_univar_synth","draw_013",190,"2022-12-19","history","-0.0961060055479882"
"exdqlm_univar_synth","draw_013",190,"2022-12-20","history","-0.0938609693607376"
"exdqlm_univar_synth","draw_013",190,"2022-12-21","history","0.0955044123610970"
"exdqlm_univar_synth","draw_013",190,"2022-12-22","history","-0.124068448300527"
"exdqlm_univar_synth","draw_013",190,"2022-12-23","history","-0.152857091389941"
"exdqlm_univar_synth","draw_013",190,"2022-12-24","history","0.167050434982303"
"exdqlm_univar_synth","draw_013",190,"2022-12-25","history","0.145303115106947"
"exdqlm_univar_synth","draw_014",206,"2022-12-07","history","-0.275634868665964"
"exdqlm_univar_synth","draw_014",206,"2022-12-08","history","-0.601946216956038"
"exdqlm_univar_synth","draw_014",206,"2022-12-09","history","-0.238637215549907"
"exdqlm_univar_synth","draw_014",206,"2022-12-10","history","0.263934248000701"
"exdqlm_univar_synth","draw_014",206,"2022-12-11","history","1.30827593970149"
"exdqlm_univar_synth","draw_014",206,"2022-12-12","history","0.498576361064628"
"exdqlm_univar_synth","draw_014",206,"2022-12-13","history","0.662159455967348"
"exdqlm_univar_synth","draw_014",206,"2022-12-14","history","-0.0504977561693210"
"exdqlm_univar_synth","draw_014",206,"2022-12-15","history","0.0461810882988712"
"exdqlm_univar_synth","draw_014",206,"2022-12-16","history","-0.0803271227943573"
"exdqlm_univar_synth","draw_014",206,"2022-12-17","history","-0.0224601050954832"
"exdqlm_univar_synth","draw_014",206,"2022-12-18","history","0.0923965566227116"
"exdqlm_univar_synth","draw_014",206,"2022-12-19","history","-0.0634288510727451"
"exdqlm_univar_synth","draw_014",206,"2022-12-20","history","-0.156823423282877"
"exdqlm_univar_synth","draw_014",206,"2022-12-21","history","-0.265561160925750"
"exdqlm_univar_synth","draw_014",206,"2022-12-22","history","-0.209485513916785"
"exdqlm_univar_synth","draw_014",206,"2022-12-23","history","-0.130612734770609"
"exdqlm_univar_synth","draw_014",206,"2022-12-24","history","-0.132397210896853"
"exdqlm_univar_synth","draw_014",206,"2022-12-25","history","-0.122919128520744"
"exdqlm_univar_synth","draw_015",221,"2022-12-07","history","-0.342557393304092"
"exdqlm_univar_synth","draw_015",221,"2022-12-08","history","-0.510439867779145"
"exdqlm_univar_synth","draw_015",221,"2022-12-09","history","-0.115785685928117"
"exdqlm_univar_synth","draw_015",221,"2022-12-10","history","-0.0409120118464292"
"exdqlm_univar_synth","draw_015",221,"2022-12-11","history","0.931989176436484"
"exdqlm_univar_synth","draw_015",221,"2022-12-12","history","0.782067621013609"
"exdqlm_univar_synth","draw_015",221,"2022-12-13","history","0.419634355958007"
"exdqlm_univar_synth","draw_015",221,"2022-12-14","history","0.0760406762750631"
"exdqlm_univar_synth","draw_015",221,"2022-12-15","history","-0.0609390521582268"
"exdqlm_univar_synth","draw_015",221,"2022-12-16","history","-0.190892792496025"
"exdqlm_univar_synth","draw_015",221,"2022-12-17","history","-0.0907303429093637"
"exdqlm_univar_synth","draw_015",221,"2022-12-18","history","-0.250352296005696"
"exdqlm_univar_synth","draw_015",221,"2022-12-19","history","-0.156631722686977"
"exdqlm_univar_synth","draw_015",221,"2022-12-20","history","-0.205577718362947"
"exdqlm_univar_synth","draw_015",221,"2022-12-21","history","-0.385062255220019"
"exdqlm_univar_synth","draw_015",221,"2022-12-22","history","0.188297127930729"
"exdqlm_univar_synth","draw_015",221,"2022-12-23","history","-0.109457458217631"
"exdqlm_univar_synth","draw_015",221,"2022-12-24","history","0.252534518027348"
"exdqlm_univar_synth","draw_015",221,"2022-12-25","history","-0.268703445524460"
"exdqlm_univar_synth","draw_016",237,"2022-12-07","history","-0.439166889332906"
"exdqlm_univar_synth","draw_016",237,"2022-12-08","history","-0.448700988527857"
"exdqlm_univar_synth","draw_016",237,"2022-12-09","history","-0.227888756488509"
"exdqlm_univar_synth","draw_016",237,"2022-12-10","history","-0.0203386672051394"
"exdqlm_univar_synth","draw_016",237,"2022-12-11","history","0.890082586259309"
"exdqlm_univar_synth","draw_016",237,"2022-12-12","history","1.21607131344008"
"exdqlm_univar_synth","draw_016",237,"2022-12-13","history","0.601820559508040"
"exdqlm_univar_synth","draw_016",237,"2022-12-14","history","0.428073846459599"
"exdqlm_univar_synth","draw_016",237,"2022-12-15","history","-0.271449513765873"
"exdqlm_univar_synth","draw_016",237,"2022-12-16","history","-0.0544811657305567"
"exdqlm_univar_synth","draw_016",237,"2022-12-17","history","0.155146913763233"
"exdqlm_univar_synth","draw_016",237,"2022-12-18","history","-0.0574588600027578"
"exdqlm_univar_synth","draw_016",237,"2022-12-19","history","0.296441582755309"
"exdqlm_univar_synth","draw_016",237,"2022-12-20","history","0.0846981570391604"
"exdqlm_univar_synth","draw_016",237,"2022-12-21","history","-0.111344745177024"
"exdqlm_univar_synth","draw_016",237,"2022-12-22","history","-0.292147420049198"
"exdqlm_univar_synth","draw_016",237,"2022-12-23","history","-0.0593139702103403"
"exdqlm_univar_synth","draw_016",237,"2022-12-24","history","0.0668218434900331"
"exdqlm_univar_synth","draw_016",237,"2022-12-25","history","-0.219016080116238"
"exdqlm_univar_synth","draw_017",253,"2022-12-07","history","-0.200349862444113"
"exdqlm_univar_synth","draw_017",253,"2022-12-08","history","-0.506487330550010"
"exdqlm_univar_synth","draw_017",253,"2022-12-09","history","0.208440797596243"
"exdqlm_univar_synth","draw_017",253,"2022-12-10","history","0.466428955189114"
"exdqlm_univar_synth","draw_017",253,"2022-12-11","history","0.862119165505818"
"exdqlm_univar_synth","draw_017",253,"2022-12-12","history","0.645961441135088"
"exdqlm_univar_synth","draw_017",253,"2022-12-13","history","0.664279917257316"
"exdqlm_univar_synth","draw_017",253,"2022-12-14","history","-0.121929961382144"
"exdqlm_univar_synth","draw_017",253,"2022-12-15","history","-0.105751929739557"
"exdqlm_univar_synth","draw_017",253,"2022-12-16","history","0.104114013726241"
"exdqlm_univar_synth","draw_017",253,"2022-12-17","history","-0.119027900669287"
"exdqlm_univar_synth","draw_017",253,"2022-12-18","history","-0.297341763380976"
"exdqlm_univar_synth","draw_017",253,"2022-12-19","history","-0.128121108552650"
"exdqlm_univar_synth","draw_017",253,"2022-12-20","history","-0.00148554297904793"
"exdqlm_univar_synth","draw_017",253,"2022-12-21","history","-0.0835492545460934"
"exdqlm_univar_synth","draw_017",253,"2022-12-22","history","-0.123245170958023"
"exdqlm_univar_synth","draw_017",253,"2022-12-23","history","-0.283857390346678"
"exdqlm_univar_synth","draw_017",253,"2022-12-24","history","-0.160795789796164"
"exdqlm_univar_synth","draw_017",253,"2022-12-25","history","0.281933920879347"
"exdqlm_univar_synth","draw_018",269,"2022-12-07","history","-0.272150140982326"
"exdqlm_univar_synth","draw_018",269,"2022-12-08","history","-0.398397442392745"
"exdqlm_univar_synth","draw_018",269,"2022-12-09","history","-0.398817151768678"
"exdqlm_univar_synth","draw_018",269,"2022-12-10","history","-0.129217829054028"
"exdqlm_univar_synth","draw_018",269,"2022-12-11","history","0.607746505842507"
"exdqlm_univar_synth","draw_018",269,"2022-12-12","history","0.498635286988231"
"exdqlm_univar_synth","draw_018",269,"2022-12-13","history","0.912917996918492"
"exdqlm_univar_synth","draw_018",269,"2022-12-14","history","-0.0536659633138481"
"exdqlm_univar_synth","draw_018",269,"2022-12-15","history","-0.0119325845996083"
"exdqlm_univar_synth","draw_018",269,"2022-12-16","history","0.0500288725995343"
"exdqlm_univar_synth","draw_018",269,"2022-12-17","history","0.127060120231185"
"exdqlm_univar_synth","draw_018",269,"2022-12-18","history","0.267027830198201"
"exdqlm_univar_synth","draw_018",269,"2022-12-19","history","0.0997378004721925"
"exdqlm_univar_synth","draw_018",269,"2022-12-20","history","-0.0194435450535607"
"exdqlm_univar_synth","draw_018",269,"2022-12-21","history","-0.0621755911928334"
"exdqlm_univar_synth","draw_018",269,"2022-12-22","history","-0.284611990569098"
"exdqlm_univar_synth","draw_018",269,"2022-12-23","history","-0.119323622952341"
"exdqlm_univar_synth","draw_018",269,"2022-12-24","history","-0.259280004723272"
"exdqlm_univar_synth","draw_018",269,"2022-12-25","history","-0.230928400579616"
"exdqlm_univar_synth","draw_019",284,"2022-12-07","history","0.0466053109494666"
"exdqlm_univar_synth","draw_019",284,"2022-12-08","history","-0.663829162837338"
"exdqlm_univar_synth","draw_019",284,"2022-12-09","history","-0.531431584214944"
"exdqlm_univar_synth","draw_019",284,"2022-12-10","history","0.302282183096659"
"exdqlm_univar_synth","draw_019",284,"2022-12-11","history","1.52221710732137"
"exdqlm_univar_synth","draw_019",284,"2022-12-12","history","0.778551218974053"
"exdqlm_univar_synth","draw_019",284,"2022-12-13","history","0.509166282874060"
"exdqlm_univar_synth","draw_019",284,"2022-12-14","history","-0.0208711883689001"
"exdqlm_univar_synth","draw_019",284,"2022-12-15","history","-0.0577810862330344"
"exdqlm_univar_synth","draw_019",284,"2022-12-16","history","-0.0653584886983524"
"exdqlm_univar_synth","draw_019",284,"2022-12-17","history","0.274324505562988"
"exdqlm_univar_synth","draw_019",284,"2022-12-18","history","-0.0585226275460587"
"exdqlm_univar_synth","draw_019",284,"2022-12-19","history","-0.0578669181603966"
"exdqlm_univar_synth","draw_019",284,"2022-12-20","history","-0.0858164868431441"
"exdqlm_univar_synth","draw_019",284,"2022-12-21","history","-0.353479170649188"
"exdqlm_univar_synth","draw_019",284,"2022-12-22","history","-0.396234618168244"
"exdqlm_univar_synth","draw_019",284,"2022-12-23","history","0.217495400352182"
"exdqlm_univar_synth","draw_019",284,"2022-12-24","history","0.0286202968681273"
"exdqlm_univar_synth","draw_019",284,"2022-12-25","history","0.0695795588579572"
"exdqlm_univar_synth","draw_020",300,"2022-12-07","history","-0.234039785932341"
"exdqlm_univar_synth","draw_020",300,"2022-12-08","history","-0.261140732106380"
"exdqlm_univar_synth","draw_020",300,"2022-12-09","history","0.103197591066068"
"exdqlm_univar_synth","draw_020",300,"2022-12-10","history","-0.0109332240910865"
"exdqlm_univar_synth","draw_020",300,"2022-12-11","history","1.13599372258164"
"exdqlm_univar_synth","draw_020",300,"2022-12-12","history","0.700939732608819"
"exdqlm_univar_synth","draw_020",300,"2022-12-13","history","0.589032531483471"
"exdqlm_univar_synth","draw_020",300,"2022-12-14","history","-0.183355130518443"
"exdqlm_univar_synth","draw_020",300,"2022-12-15","history","-0.205487764528934"
"exdqlm_univar_synth","draw_020",300,"2022-12-16","history","-0.301094190268173"
"exdqlm_univar_synth","draw_020",300,"2022-12-17","history","0.121978118405886"
"exdqlm_univar_synth","draw_020",300,"2022-12-18","history","0.0933166728599841"
"exdqlm_univar_synth","draw_020",300,"2022-12-19","history","0.0979095616812278"
"exdqlm_univar_synth","draw_020",300,"2022-12-20","history","0.176268173762579"
"exdqlm_univar_synth","draw_020",300,"2022-12-21","history","-0.00980029879547260"
"exdqlm_univar_synth","draw_020",300,"2022-12-22","history","-0.121810864691618"
"exdqlm_univar_synth","draw_020",300,"2022-12-23","history","0.00999029138857396"
"exdqlm_univar_synth","draw_020",300,"2022-12-24","history","0.159051162231575"
"exdqlm_univar_synth","draw_020",300,"2022-12-25","history","-0.141272818365100"
"exdqlm_univar_synth","draw_021",316,"2022-12-07","history","-0.290195119503571"
"exdqlm_univar_synth","draw_021",316,"2022-12-08","history","-0.386599779322267"
"exdqlm_univar_synth","draw_021",316,"2022-12-09","history","-0.182785081269616"
"exdqlm_univar_synth","draw_021",316,"2022-12-10","history","0.187908935497243"
"exdqlm_univar_synth","draw_021",316,"2022-12-11","history","1.06133939155937"
"exdqlm_univar_synth","draw_021",316,"2022-12-12","history","0.930088073431066"
"exdqlm_univar_synth","draw_021",316,"2022-12-13","history","0.829943968585559"
"exdqlm_univar_synth","draw_021",316,"2022-12-14","history","0.0347000411806551"
"exdqlm_univar_synth","draw_021",316,"2022-12-15","history","-0.235332547315641"
"exdqlm_univar_synth","draw_021",316,"2022-12-16","history","-0.293093943039169"
"exdqlm_univar_synth","draw_021",316,"2022-12-17","history","0.191093074344659"
"exdqlm_univar_synth","draw_021",316,"2022-12-18","history","-0.314214974258183"
"exdqlm_univar_synth","draw_021",316,"2022-12-19","history","0.286038149095145"
"exdqlm_univar_synth","draw_021",316,"2022-12-20","history","-0.121341405428387"
"exdqlm_univar_synth","draw_021",316,"2022-12-21","history","-0.0556937519554787"
"exdqlm_univar_synth","draw_021",316,"2022-12-22","history","-0.369946552310154"
"exdqlm_univar_synth","draw_021",316,"2022-12-23","history","-0.0351375159770845"
"exdqlm_univar_synth","draw_021",316,"2022-12-24","history","0.0232612832202373"
"exdqlm_univar_synth","draw_021",316,"2022-12-25","history","-0.166674418073136"
"exdqlm_univar_synth","draw_022",332,"2022-12-07","history","-0.0171416853877813"
"exdqlm_univar_synth","draw_022",332,"2022-12-08","history","-0.290701296959716"
"exdqlm_univar_synth","draw_022",332,"2022-12-09","history","0.0289863694558092"
"exdqlm_univar_synth","draw_022",332,"2022-12-10","history","0.0852298235687668"
"exdqlm_univar_synth","draw_022",332,"2022-12-11","history","0.839221932301111"
"exdqlm_univar_synth","draw_022",332,"2022-12-12","history","1.16732688701689"
"exdqlm_univar_synth","draw_022",332,"2022-12-13","history","0.905295331159679"
"exdqlm_univar_synth","draw_022",332,"2022-12-14","history","0.110254819909127"
"exdqlm_univar_synth","draw_022",332,"2022-12-15","history","0.0285026111721352"
"exdqlm_univar_synth","draw_022",332,"2022-12-16","history","-0.0279279210564614"
"exdqlm_univar_synth","draw_022",332,"2022-12-17","history","0.0980195600328186"
"exdqlm_univar_synth","draw_022",332,"2022-12-18","history","0.275067779686874"
"exdqlm_univar_synth","draw_022",332,"2022-12-19","history","-0.0848242675317974"
"exdqlm_univar_synth","draw_022",332,"2022-12-20","history","-0.129634039346676"
"exdqlm_univar_synth","draw_022",332,"2022-12-21","history","0.157281013685139"
"exdqlm_univar_synth","draw_022",332,"2022-12-22","history","0.138808883211989"
"exdqlm_univar_synth","draw_022",332,"2022-12-23","history","-0.149967977257429"
"exdqlm_univar_synth","draw_022",332,"2022-12-24","history","-0.229894577386038"
"exdqlm_univar_synth","draw_022",332,"2022-12-25","history","-0.0201834708483633"
"exdqlm_univar_synth","draw_023",347,"2022-12-07","history","-0.289838540903786"
"exdqlm_univar_synth","draw_023",347,"2022-12-08","history","-0.352788388967899"
"exdqlm_univar_synth","draw_023",347,"2022-12-09","history","-0.318124852129729"
"exdqlm_univar_synth","draw_023",347,"2022-12-10","history","0.182759625778858"
"exdqlm_univar_synth","draw_023",347,"2022-12-11","history","0.838183804898411"
"exdqlm_univar_synth","draw_023",347,"2022-12-12","history","0.318099050542537"
"exdqlm_univar_synth","draw_023",347,"2022-12-13","history","0.453642684324302"
"exdqlm_univar_synth","draw_023",347,"2022-12-14","history","0.275903230050942"
"exdqlm_univar_synth","draw_023",347,"2022-12-15","history","-0.220690449802108"
"exdqlm_univar_synth","draw_023",347,"2022-12-16","history","0.271888527313270"
"exdqlm_univar_synth","draw_023",347,"2022-12-17","history","-0.171093190826422"
"exdqlm_univar_synth","draw_023",347,"2022-12-18","history","-0.204866539735700"
"exdqlm_univar_synth","draw_023",347,"2022-12-19","history","0.0400936697464173"
"exdqlm_univar_synth","draw_023",347,"2022-12-20","history","0.125389269012302"
"exdqlm_univar_synth","draw_023",347,"2022-12-21","history","-0.0788967225844958"
"exdqlm_univar_synth","draw_023",347,"2022-12-22","history","0.174256499027117"
"exdqlm_univar_synth","draw_023",347,"2022-12-23","history","-0.104922737410822"
"exdqlm_univar_synth","draw_023",347,"2022-12-24","history","-0.110502385088005"
"exdqlm_univar_synth","draw_023",347,"2022-12-25","history","-0.118277017947445"
"exdqlm_univar_synth","draw_024",363,"2022-12-07","history","-0.485847445845010"
"exdqlm_univar_synth","draw_024",363,"2022-12-08","history","-0.537485919507423"
"exdqlm_univar_synth","draw_024",363,"2022-12-09","history","-0.470135879855969"
"exdqlm_univar_synth","draw_024",363,"2022-12-10","history","0.266192631837868"
"exdqlm_univar_synth","draw_024",363,"2022-12-11","history","1.07515902639047"
"exdqlm_univar_synth","draw_024",363,"2022-12-12","history","0.416495980053940"
"exdqlm_univar_synth","draw_024",363,"2022-12-13","history","0.595664670116117"
"exdqlm_univar_synth","draw_024",363,"2022-12-14","history","-0.128439187042514"
"exdqlm_univar_synth","draw_024",363,"2022-12-15","history","0.205670100480329"
"exdqlm_univar_synth","draw_024",363,"2022-12-16","history","-0.101198963716746"
"exdqlm_univar_synth","draw_024",363,"2022-12-17","history","0.0761464524860972"
"exdqlm_univar_synth","draw_024",363,"2022-12-18","history","-0.274032480578762"
"exdqlm_univar_synth","draw_024",363,"2022-12-19","history","-0.0299933643769394"
"exdqlm_univar_synth","draw_024",363,"2022-12-20","history","-0.0312935195793227"
"exdqlm_univar_synth","draw_024",363,"2022-12-21","history","-0.0512388124082007"
"exdqlm_univar_synth","draw_024",363,"2022-12-22","history","-0.243587435195298"
"exdqlm_univar_synth","draw_024",363,"2022-12-23","history","-0.253470149419620"
"exdqlm_univar_synth","draw_024",363,"2022-12-24","history","-0.249867509388303"
"exdqlm_univar_synth","draw_024",363,"2022-12-25","history","0.0392118472018935"
"exdqlm_univar_synth","draw_025",379,"2022-12-07","history","-0.234026398472192"
"exdqlm_univar_synth","draw_025",379,"2022-12-08","history","-0.403517489479510"
"exdqlm_univar_synth","draw_025",379,"2022-12-09","history","-0.427022060792521"
"exdqlm_univar_synth","draw_025",379,"2022-12-10","history","-0.118966438772918"
"exdqlm_univar_synth","draw_025",379,"2022-12-11","history","1.01660317943229"
"exdqlm_univar_synth","draw_025",379,"2022-12-12","history","1.01554741052853"
"exdqlm_univar_synth","draw_025",379,"2022-12-13","history","0.656947697692720"
"exdqlm_univar_synth","draw_025",379,"2022-12-14","history","0.0602371048144675"
"exdqlm_univar_synth","draw_025",379,"2022-12-15","history","-0.0494674157712813"
"exdqlm_univar_synth","draw_025",379,"2022-12-16","history","-0.00683905951730811"
"exdqlm_univar_synth","draw_025",379,"2022-12-17","history","0.279067175397669"
"exdqlm_univar_synth","draw_025",379,"2022-12-18","history","-0.0643325706295508"
"exdqlm_univar_synth","draw_025",379,"2022-12-19","history","-0.0725644912072354"
"exdqlm_univar_synth","draw_025",379,"2022-12-20","history","-0.0551507668833077"
"exdqlm_univar_synth","draw_025",379,"2022-12-21","history","-0.0954882325258118"
"exdqlm_univar_synth","draw_025",379,"2022-12-22","history","-0.138751628404243"
"exdqlm_univar_synth","draw_025",379,"2022-12-23","history","0.251107148895595"
"exdqlm_univar_synth","draw_025",379,"2022-12-24","history","-0.194574255004492"
"exdqlm_univar_synth","draw_025",379,"2022-12-25","history","0.0459822740171841"
"exdqlm_univar_synth","draw_026",395,"2022-12-07","history","-0.164421532017686"
"exdqlm_univar_synth","draw_026",395,"2022-12-08","history","-0.348500855491309"
"exdqlm_univar_synth","draw_026",395,"2022-12-09","history","0.113092857469378"
"exdqlm_univar_synth","draw_026",395,"2022-12-10","history","-0.177454944908181"
"exdqlm_univar_synth","draw_026",395,"2022-12-11","history","1.21347567919578"
"exdqlm_univar_synth","draw_026",395,"2022-12-12","history","0.982359917656152"
"exdqlm_univar_synth","draw_026",395,"2022-12-13","history","0.531458296752622"
"exdqlm_univar_synth","draw_026",395,"2022-12-14","history","0.0704640902648390"
"exdqlm_univar_synth","draw_026",395,"2022-12-15","history","-0.100920876793631"
"exdqlm_univar_synth","draw_026",395,"2022-12-16","history","0.0276640663068128"
"exdqlm_univar_synth","draw_026",395,"2022-12-17","history","0.236494415698209"
"exdqlm_univar_synth","draw_026",395,"2022-12-18","history","-0.0301085473230448"
"exdqlm_univar_synth","draw_026",395,"2022-12-19","history","0.130586192103056"
"exdqlm_univar_synth","draw_026",395,"2022-12-20","history","-0.0617779816663294"
"exdqlm_univar_synth","draw_026",395,"2022-12-21","history","0.224808847894469"
"exdqlm_univar_synth","draw_026",395,"2022-12-22","history","0.119999088435303"
"exdqlm_univar_synth","draw_026",395,"2022-12-23","history","-0.133403238233354"
"exdqlm_univar_synth","draw_026",395,"2022-12-24","history","-0.104104772700034"
"exdqlm_univar_synth","draw_026",395,"2022-12-25","history","0.0908692154698758"
"exdqlm_univar_synth","draw_027",410,"2022-12-07","history","-0.108227825796930"
"exdqlm_univar_synth","draw_027",410,"2022-12-08","history","-0.433407570806190"
"exdqlm_univar_synth","draw_027",410,"2022-12-09","history","-0.244710987043121"
"exdqlm_univar_synth","draw_027",410,"2022-12-10","history","0.167981416925249"
"exdqlm_univar_synth","draw_027",410,"2022-12-11","history","0.821336559932680"
"exdqlm_univar_synth","draw_027",410,"2022-12-12","history","0.659897107209438"
"exdqlm_univar_synth","draw_027",410,"2022-12-13","history","0.526708989082403"
"exdqlm_univar_synth","draw_027",410,"2022-12-14","history","0.153787189896266"
"exdqlm_univar_synth","draw_027",410,"2022-12-15","history","-0.0808128728848341"
"exdqlm_univar_synth","draw_027",410,"2022-12-16","history","-0.186752523344116"
"exdqlm_univar_synth","draw_027",410,"2022-12-17","history","-0.130601243658229"
"exdqlm_univar_synth","draw_027",410,"2022-12-18","history","0.219178486098055"
"exdqlm_univar_synth","draw_027",410,"2022-12-19","history","-0.0399470652707783"
"exdqlm_univar_synth","draw_027",410,"2022-12-20","history","0.197037961405660"
"exdqlm_univar_synth","draw_027",410,"2022-12-21","history","-0.0125162727030190"
"exdqlm_univar_synth","draw_027",410,"2022-12-22","history","-0.314704302506899"
"exdqlm_univar_synth","draw_027",410,"2022-12-23","history","-0.228979982270007"
"exdqlm_univar_synth","draw_027",410,"2022-12-24","history","-0.0287508349394864"
"exdqlm_univar_synth","draw_027",410,"2022-12-25","history","-0.235506561148114"
"exdqlm_univar_synth","draw_028",426,"2022-12-07","history","-0.224669381833990"
"exdqlm_univar_synth","draw_028",426,"2022-12-08","history","-0.157251242747043"
"exdqlm_univar_synth","draw_028",426,"2022-12-09","history","-0.344427849630443"
"exdqlm_univar_synth","draw_028",426,"2022-12-10","history","0.0243079259210219"
"exdqlm_univar_synth","draw_028",426,"2022-12-11","history","0.939250413473350"
"exdqlm_univar_synth","draw_028",426,"2022-12-12","history","0.625738641024694"
"exdqlm_univar_synth","draw_028",426,"2022-12-13","history","0.486454917845015"
"exdqlm_univar_synth","draw_028",426,"2022-12-14","history","0.0730810452626413"
"exdqlm_univar_synth","draw_028",426,"2022-12-15","history","-0.208129446126748"
"exdqlm_univar_synth","draw_028",426,"2022-12-16","history","0.0927201549515902"
"exdqlm_univar_synth","draw_028",426,"2022-12-17","history","-0.104140924357082"
"exdqlm_univar_synth","draw_028",426,"2022-12-18","history","-0.175545703877951"
"exdqlm_univar_synth","draw_028",426,"2022-12-19","history","0.0882120938066959"
"exdqlm_univar_synth","draw_028",426,"2022-12-20","history","0.0221981284667149"
"exdqlm_univar_synth","draw_028",426,"2022-12-21","history","-0.273876160441693"
"exdqlm_univar_synth","draw_028",426,"2022-12-22","history","-0.107132445342697"
"exdqlm_univar_synth","draw_028",426,"2022-12-23","history","0.131205030220611"
"exdqlm_univar_synth","draw_028",426,"2022-12-24","history","-0.0706183679562757"
"exdqlm_univar_synth","draw_028",426,"2022-12-25","history","-0.320469344875184"
"exdqlm_univar_synth","draw_029",442,"2022-12-07","history","-0.543789874864580"
"exdqlm_univar_synth","draw_029",442,"2022-12-08","history","-0.180814155494421"
"exdqlm_univar_synth","draw_029",442,"2022-12-09","history","-0.368961747305755"
"exdqlm_univar_synth","draw_029",442,"2022-12-10","history","-0.291427619669959"
"exdqlm_univar_synth","draw_029",442,"2022-12-11","history","0.841457212000126"
"exdqlm_univar_synth","draw_029",442,"2022-12-12","history","1.28598235916850"
"exdqlm_univar_synth","draw_029",442,"2022-12-13","history","0.726779007140199"
"exdqlm_univar_synth","draw_029",442,"2022-12-14","history","0.102169170065827"
"exdqlm_univar_synth","draw_029",442,"2022-12-15","history","-0.0678130268982915"
"exdqlm_univar_synth","draw_029",442,"2022-12-16","history","0.0332869710481058"
"exdqlm_univar_synth","draw_029",442,"2022-12-17","history","-0.0402171042849516"
"exdqlm_univar_synth","draw_029",442,"2022-12-18","history","-0.0311429836241329"
"exdqlm_univar_synth","draw_029",442,"2022-12-19","history","-0.0545607920606775"
"exdqlm_univar_synth","draw_029",442,"2022-12-20","history","-0.0922383843831181"
"exdqlm_univar_synth","draw_029",442,"2022-12-21","history","0.0479088451229590"
"exdqlm_univar_synth","draw_029",442,"2022-12-22","history","-0.365571926776868"
"exdqlm_univar_synth","draw_029",442,"2022-12-23","history","0.118508414748825"
"exdqlm_univar_synth","draw_029",442,"2022-12-24","history","0.0785734308370687"
"exdqlm_univar_synth","draw_029",442,"2022-12-25","history","-0.0713348576073248"
"exdqlm_univar_synth","draw_030",457,"2022-12-07","history","-0.165417761614737"
"exdqlm_univar_synth","draw_030",457,"2022-12-08","history","-0.378327763540440"
"exdqlm_univar_synth","draw_030",457,"2022-12-09","history","-0.301648514516599"
"exdqlm_univar_synth","draw_030",457,"2022-12-10","history","-0.159761116587537"
"exdqlm_univar_synth","draw_030",457,"2022-12-11","history","0.633985908601914"
"exdqlm_univar_synth","draw_030",457,"2022-12-12","history","0.762537100831304"
"exdqlm_univar_synth","draw_030",457,"2022-12-13","history","0.807294030965227"
"exdqlm_univar_synth","draw_030",457,"2022-12-14","history","0.579672366299083"
"exdqlm_univar_synth","draw_030",457,"2022-12-15","history","-0.0543524165912964"
"exdqlm_univar_synth","draw_030",457,"2022-12-16","history","-0.165543130640598"
"exdqlm_univar_synth","draw_030",457,"2022-12-17","history","0.0213410937906062"
"exdqlm_univar_synth","draw_030",457,"2022-12-18","history","0.00367922976325339"
"exdqlm_univar_synth","draw_030",457,"2022-12-19","history","-0.232554102342802"
"exdqlm_univar_synth","draw_030",457,"2022-12-20","history","0.0698534166692543"
"exdqlm_univar_synth","draw_030",457,"2022-12-21","history","0.226558425013207"
"exdqlm_univar_synth","draw_030",457,"2022-12-22","history","-0.117157367774562"
"exdqlm_univar_synth","draw_030",457,"2022-12-23","history","-0.0662999474565091"
"exdqlm_univar_synth","draw_030",457,"2022-12-24","history","-0.239279590256444"
"exdqlm_univar_synth","draw_030",457,"2022-12-25","history","-0.191052978625188"
"exdqlm_univar_synth","draw_031",473,"2022-12-07","history","-0.446663077336753"
"exdqlm_univar_synth","draw_031",473,"2022-12-08","history","-0.369589590637524"
"exdqlm_univar_synth","draw_031",473,"2022-12-09","history","-0.238973663349018"
"exdqlm_univar_synth","draw_031",473,"2022-12-10","history","0.0970724594488869"
"exdqlm_univar_synth","draw_031",473,"2022-12-11","history","0.946793319271790"
"exdqlm_univar_synth","draw_031",473,"2022-12-12","history","0.658146654681691"
"exdqlm_univar_synth","draw_031",473,"2022-12-13","history","0.873200246573301"
"exdqlm_univar_synth","draw_031",473,"2022-12-14","history","-0.0554770364301359"
"exdqlm_univar_synth","draw_031",473,"2022-12-15","history","0.0377766478212547"
"exdqlm_univar_synth","draw_031",473,"2022-12-16","history","-0.120702690323681"
"exdqlm_univar_synth","draw_031",473,"2022-12-17","history","-0.240513268584967"
"exdqlm_univar_synth","draw_031",473,"2022-12-18","history","0.0716529780553543"
"exdqlm_univar_synth","draw_031",473,"2022-12-19","history","-0.153078473452444"
"exdqlm_univar_synth","draw_031",473,"2022-12-20","history","0.301240590706086"
"exdqlm_univar_synth","draw_031",473,"2022-12-21","history","0.0821967741637881"
"exdqlm_univar_synth","draw_031",473,"2022-12-22","history","-0.425748617489308"
"exdqlm_univar_synth","draw_031",473,"2022-12-23","history","0.0826962157667871"
"exdqlm_univar_synth","draw_031",473,"2022-12-24","history","0.0166423705999536"
"exdqlm_univar_synth","draw_031",473,"2022-12-25","history","0.110526850991385"
"exdqlm_univar_synth","draw_032",489,"2022-12-07","history","-0.324086344661386"
"exdqlm_univar_synth","draw_032",489,"2022-12-08","history","-0.507709663877518"
"exdqlm_univar_synth","draw_032",489,"2022-12-09","history","-0.215483377235554"
"exdqlm_univar_synth","draw_032",489,"2022-12-10","history","-0.114449205437352"
"exdqlm_univar_synth","draw_032",489,"2022-12-11","history","1.70578496786307"
"exdqlm_univar_synth","draw_032",489,"2022-12-12","history","0.775025675464236"
"exdqlm_univar_synth","draw_032",489,"2022-12-13","history","-0.0776119025668542"
"exdqlm_univar_synth","draw_032",489,"2022-12-14","history","-0.154502964261242"
"exdqlm_univar_synth","draw_032",489,"2022-12-15","history","-0.0426396244523121"
"exdqlm_univar_synth","draw_032",489,"2022-12-16","history","0.370856445205988"
"exdqlm_univar_synth","draw_032",489,"2022-12-17","history","-0.140596325654373"
"exdqlm_univar_synth","draw_032",489,"2022-12-18","history","-0.0259386351603088"
"exdqlm_univar_synth","draw_032",489,"2022-12-19","history","-0.259722786888430"
"exdqlm_univar_synth","draw_032",489,"2022-12-20","history","0.297168325076376"
"exdqlm_univar_synth","draw_032",489,"2022-12-21","history","-0.328695367585813"
"exdqlm_univar_synth","draw_032",489,"2022-12-22","history","0.125196343083352"
"exdqlm_univar_synth","draw_032",489,"2022-12-23","history","0.184890253730082"
"exdqlm_univar_synth","draw_032",489,"2022-12-24","history","0.0623506539751719"
"exdqlm_univar_synth","draw_032",489,"2022-12-25","history","-0.297721499986719"
"exdqlm_univar_synth","draw_033",505,"2022-12-07","history","-0.0215084586917590"
"exdqlm_univar_synth","draw_033",505,"2022-12-08","history","-0.484995711178153"
"exdqlm_univar_synth","draw_033",505,"2022-12-09","history","0.0544908278495556"
"exdqlm_univar_synth","draw_033",505,"2022-12-10","history","-0.230770283342026"
"exdqlm_univar_synth","draw_033",505,"2022-12-11","history","1.03843633163128"
"exdqlm_univar_synth","draw_033",505,"2022-12-12","history","0.948281720540471"
"exdqlm_univar_synth","draw_033",505,"2022-12-13","history","0.518163488719752"
"exdqlm_univar_synth","draw_033",505,"2022-12-14","history","0.108612752463886"
"exdqlm_univar_synth","draw_033",505,"2022-12-15","history","-0.136405392736874"
"exdqlm_univar_synth","draw_033",505,"2022-12-16","history","-0.128547663792332"
"exdqlm_univar_synth","draw_033",505,"2022-12-17","history","-0.247138872545423"
"exdqlm_univar_synth","draw_033",505,"2022-12-18","history","0.0324493766416746"
"exdqlm_univar_synth","draw_033",505,"2022-12-19","history","0.0778744639607570"
"exdqlm_univar_synth","draw_033",505,"2022-12-20","history","-0.137441294583349"
"exdqlm_univar_synth","draw_033",505,"2022-12-21","history","0.0133967038659583"
"exdqlm_univar_synth","draw_033",505,"2022-12-22","history","-0.0483903742334381"
"exdqlm_univar_synth","draw_033",505,"2022-12-23","history","0.255477540604984"
"exdqlm_univar_synth","draw_033",505,"2022-12-24","history","-0.126651858204901"
"exdqlm_univar_synth","draw_033",505,"2022-12-25","history","-0.149464837384362"
"exdqlm_univar_synth","draw_034",520,"2022-12-07","history","-0.372060875565884"
"exdqlm_univar_synth","draw_034",520,"2022-12-08","history","-0.256474951135184"
"exdqlm_univar_synth","draw_034",520,"2022-12-09","history","-0.400480593241019"
"exdqlm_univar_synth","draw_034",520,"2022-12-10","history","0.00779934748779441"
"exdqlm_univar_synth","draw_034",520,"2022-12-11","history","1.06630180745649"
"exdqlm_univar_synth","draw_034",520,"2022-12-12","history","0.793791795346065"
"exdqlm_univar_synth","draw_034",520,"2022-12-13","history","0.655460569064685"
"exdqlm_univar_synth","draw_034",520,"2022-12-14","history","0.0464364734740667"
"exdqlm_univar_synth","draw_034",520,"2022-12-15","history","-0.0795780836733639"
"exdqlm_univar_synth","draw_034",520,"2022-12-16","history","0.236723394744454"
"exdqlm_univar_synth","draw_034",520,"2022-12-17","history","-0.0507569701937532"
"exdqlm_univar_synth","draw_034",520,"2022-12-18","history","0.0361110781610559"
"exdqlm_univar_synth","draw_034",520,"2022-12-19","history","-0.0173235612953305"
"exdqlm_univar_synth","draw_034",520,"2022-12-20","history","-0.0164725255877101"
"exdqlm_univar_synth","draw_034",520,"2022-12-21","history","0.116696422277463"
"exdqlm_univar_synth","draw_034",520,"2022-12-22","history","0.178224486689922"
"exdqlm_univar_synth","draw_034",520,"2022-12-23","history","0.0199437369507399"
"exdqlm_univar_synth","draw_034",520,"2022-12-24","history","-0.322174795513343"
"exdqlm_univar_synth","draw_034",520,"2022-12-25","history","-0.0970706942518680"
"exdqlm_univar_synth","draw_035",536,"2022-12-07","history","-0.273343927439511"
"exdqlm_univar_synth","draw_035",536,"2022-12-08","history","-0.243139174401523"
"exdqlm_univar_synth","draw_035",536,"2022-12-09","history","-0.117879981767111"
"exdqlm_univar_synth","draw_035",536,"2022-12-10","history","-0.136594911113430"
"exdqlm_univar_synth","draw_035",536,"2022-12-11","history","0.580213230488430"
"exdqlm_univar_synth","draw_035",536,"2022-12-12","history","1.18643314402912"
"exdqlm_univar_synth","draw_035",536,"2022-12-13","history","0.591216530112668"
"exdqlm_univar_synth","draw_035",536,"2022-12-14","history","0.0168642348906913"
"exdqlm_univar_synth","draw_035",536,"2022-12-15","history","-0.204921788624493"
"exdqlm_univar_synth","draw_035",536,"2022-12-16","history","-0.0319218425623288"
"exdqlm_univar_synth","draw_035",536,"2022-12-17","history","-0.0611356606718896"
"exdqlm_univar_synth","draw_035",536,"2022-12-18","history","0.282910520111192"
"exdqlm_univar_synth","draw_035",536,"2022-12-19","history","-0.152978861811242"
"exdqlm_univar_synth","draw_035",536,"2022-12-20","history","0.0773839840209166"
"exdqlm_univar_synth","draw_035",536,"2022-12-21","history","-0.0663500826168044"
"exdqlm_univar_synth","draw_035",536,"2022-12-22","history","-0.421206459321125"
"exdqlm_univar_synth","draw_035",536,"2022-12-23","history","-0.144562595234916"
"exdqlm_univar_synth","draw_035",536,"2022-12-24","history","-0.119095601124699"
"exdqlm_univar_synth","draw_035",536,"2022-12-25","history","-0.0469801243216813"
"exdqlm_univar_synth","draw_036",552,"2022-12-07","history","-0.416350586286401"
"exdqlm_univar_synth","draw_036",552,"2022-12-08","history","-0.501843903365064"
"exdqlm_univar_synth","draw_036",552,"2022-12-09","history","-0.437580922006752"
"exdqlm_univar_synth","draw_036",552,"2022-12-10","history","0.0403082055838946"
"exdqlm_univar_synth","draw_036",552,"2022-12-11","history","0.790688710149766"
"exdqlm_univar_synth","draw_036",552,"2022-12-12","history","1.22603947862907"
"exdqlm_univar_synth","draw_036",552,"2022-12-13","history","0.632808943980745"
"exdqlm_univar_synth","draw_036",552,"2022-12-14","history","-0.0355478542907955"
"exdqlm_univar_synth","draw_036",552,"2022-12-15","history","0.0728066662664548"
"exdqlm_univar_synth","draw_036",552,"2022-12-16","history","0.0837294017419604"
"exdqlm_univar_synth","draw_036",552,"2022-12-17","history","-0.298848092272557"
"exdqlm_univar_synth","draw_036",552,"2022-12-18","history","0.0877458984602656"
"exdqlm_univar_synth","draw_036",552,"2022-12-19","history","-0.253702128243673"
"exdqlm_univar_synth","draw_036",552,"2022-12-20","history","-0.0700812404095262"
"exdqlm_univar_synth","draw_036",552,"2022-12-21","history","-0.219506993971458"
"exdqlm_univar_synth","draw_036",552,"2022-12-22","history","-0.363741216520035"
"exdqlm_univar_synth","draw_036",552,"2022-12-23","history","-0.225194436867802"
"exdqlm_univar_synth","draw_036",552,"2022-12-24","history","0.133246589965422"
"exdqlm_univar_synth","draw_036",552,"2022-12-25","history","-0.0110327603870626"
"exdqlm_univar_synth","draw_037",568,"2022-12-07","history","-0.451405231423896"
"exdqlm_univar_synth","draw_037",568,"2022-12-08","history","-0.341351083066097"
"exdqlm_univar_synth","draw_037",568,"2022-12-09","history","0.270053291259835"
"exdqlm_univar_synth","draw_037",568,"2022-12-10","history","-0.169253663417479"
"exdqlm_univar_synth","draw_037",568,"2022-12-11","history","0.875990142106480"
"exdqlm_univar_synth","draw_037",568,"2022-12-12","history","1.01494833407614"
"exdqlm_univar_synth","draw_037",568,"2022-12-13","history","0.627942019195950"
"exdqlm_univar_synth","draw_037",568,"2022-12-14","history","-0.0754025039993537"
"exdqlm_univar_synth","draw_037",568,"2022-12-15","history","-0.0644646127876981"
"exdqlm_univar_synth","draw_037",568,"2022-12-16","history","-0.0321495352934320"
"exdqlm_univar_synth","draw_037",568,"2022-12-17","history","0.291664332241359"
"exdqlm_univar_synth","draw_037",568,"2022-12-18","history","0.00433549436759577"
"exdqlm_univar_synth","draw_037",568,"2022-12-19","history","-0.0411860109360675"
"exdqlm_univar_synth","draw_037",568,"2022-12-20","history","-0.213033110042606"
"exdqlm_univar_synth","draw_037",568,"2022-12-21","history","-0.0276378729154896"
"exdqlm_univar_synth","draw_037",568,"2022-12-22","history","-0.00496853525105592"
"exdqlm_univar_synth","draw_037",568,"2022-12-23","history","-0.148851982900258"
"exdqlm_univar_synth","draw_037",568,"2022-12-24","history","0.0532753582449398"
"exdqlm_univar_synth","draw_037",568,"2022-12-25","history","-0.171622077891587"
"exdqlm_univar_synth","draw_038",583,"2022-12-07","history","-0.282131233581491"
"exdqlm_univar_synth","draw_038",583,"2022-12-08","history","-0.265165537064222"
"exdqlm_univar_synth","draw_038",583,"2022-12-09","history","-0.252542045448621"
"exdqlm_univar_synth","draw_038",583,"2022-12-10","history","0.0474199469316570"
"exdqlm_univar_synth","draw_038",583,"2022-12-11","history","0.907611971496300"
"exdqlm_univar_synth","draw_038",583,"2022-12-12","history","0.717222099853256"
"exdqlm_univar_synth","draw_038",583,"2022-12-13","history","0.664213507382491"
"exdqlm_univar_synth","draw_038",583,"2022-12-14","history","0.241987024605086"
"exdqlm_univar_synth","draw_038",583,"2022-12-15","history","0.116519012239002"
"exdqlm_univar_synth","draw_038",583,"2022-12-16","history","-0.0693713138987165"
"exdqlm_univar_synth","draw_038",583,"2022-12-17","history","0.290215642779687"
"exdqlm_univar_synth","draw_038",583,"2022-12-18","history","0.227910673314926"
"exdqlm_univar_synth","draw_038",583,"2022-12-19","history","-0.243218176979133"
"exdqlm_univar_synth","draw_038",583,"2022-12-20","history","-0.0104677548269476"
"exdqlm_univar_synth","draw_038",583,"2022-12-21","history","0.0127461593698317"
"exdqlm_univar_synth","draw_038",583,"2022-12-22","history","-0.292183720900374"
"exdqlm_univar_synth","draw_038",583,"2022-12-23","history","-0.194441786660695"
"exdqlm_univar_synth","draw_038",583,"2022-12-24","history","-0.313272562676768"
"exdqlm_univar_synth","draw_038",583,"2022-12-25","history","0.0197391495328847"
"exdqlm_univar_synth","draw_039",599,"2022-12-07","history","-0.486766373674561"
"exdqlm_univar_synth","draw_039",599,"2022-12-08","history","-0.484654290141964"
"exdqlm_univar_synth","draw_039",599,"2022-12-09","history","-0.439285624300065"
"exdqlm_univar_synth","draw_039",599,"2022-12-10","history","0.468679580977700"
"exdqlm_univar_synth","draw_039",599,"2022-12-11","history","1.24932908253586"
"exdqlm_univar_synth","draw_039",599,"2022-12-12","history","0.797342956853636"
"exdqlm_univar_synth","draw_039",599,"2022-12-13","history","0.400938389823987"
"exdqlm_univar_synth","draw_039",599,"2022-12-14","history","0.248211003493744"
"exdqlm_univar_synth","draw_039",599,"2022-12-15","history","-0.0438261577810099"
"exdqlm_univar_synth","draw_039",599,"2022-12-16","history","-0.0703941495914346"
"exdqlm_univar_synth","draw_039",599,"2022-12-17","history","-0.177941073768498"
"exdqlm_univar_synth","draw_039",599,"2022-12-18","history","0.285300196400178"
"exdqlm_univar_synth","draw_039",599,"2022-12-19","history","-0.0964669413185895"
"exdqlm_univar_synth","draw_039",599,"2022-12-20","history","-0.161917608254772"
"exdqlm_univar_synth","draw_039",599,"2022-12-21","history","-0.292819096524776"
"exdqlm_univar_synth","draw_039",599,"2022-12-22","history","-0.183950262273346"
"exdqlm_univar_synth","draw_039",599,"2022-12-23","history","-0.127169844405974"
"exdqlm_univar_synth","draw_039",599,"2022-12-24","history","-0.245399704382909"
"exdqlm_univar_synth","draw_039",599,"2022-12-25","history","-0.322602932309649"
"exdqlm_univar_synth","draw_040",615,"2022-12-07","history","-0.324600726069710"
"exdqlm_univar_synth","draw_040",615,"2022-12-08","history","-0.257246302747915"
"exdqlm_univar_synth","draw_040",615,"2022-12-09","history","-0.473141824134376"
"exdqlm_univar_synth","draw_040",615,"2022-12-10","history","0.439246912471081"
"exdqlm_univar_synth","draw_040",615,"2022-12-11","history","0.929763533433906"
"exdqlm_univar_synth","draw_040",615,"2022-12-12","history","0.707738849318325"
"exdqlm_univar_synth","draw_040",615,"2022-12-13","history","0.328235265540993"
"exdqlm_univar_synth","draw_040",615,"2022-12-14","history","-0.114947898411552"
"exdqlm_univar_synth","draw_040",615,"2022-12-15","history","0.0708689929637083"
"exdqlm_univar_synth","draw_040",615,"2022-12-16","history","0.107874426349608"
"exdqlm_univar_synth","draw_040",615,"2022-12-17","history","-0.257623121315338"
"exdqlm_univar_synth","draw_040",615,"2022-12-18","history","-0.241700281813431"
"exdqlm_univar_synth","draw_040",615,"2022-12-19","history","-0.00929974834803789"
"exdqlm_univar_synth","draw_040",615,"2022-12-20","history","-0.0765438934367440"
"exdqlm_univar_synth","draw_040",615,"2022-12-21","history","-0.0781070512090896"
"exdqlm_univar_synth","draw_040",615,"2022-12-22","history","0.0251059618231857"
"exdqlm_univar_synth","draw_040",615,"2022-12-23","history","0.109340136570797"
"exdqlm_univar_synth","draw_040",615,"2022-12-24","history","-0.235814585882974"
"exdqlm_univar_synth","draw_040",615,"2022-12-25","history","-0.267336393846848"
"exdqlm_univar_synth","draw_041",631,"2022-12-07","history","-0.141021507485085"
"exdqlm_univar_synth","draw_041",631,"2022-12-08","history","-0.491393596399137"
"exdqlm_univar_synth","draw_041",631,"2022-12-09","history","-0.325478071441177"
"exdqlm_univar_synth","draw_041",631,"2022-12-10","history","-0.0499518108577333"
"exdqlm_univar_synth","draw_041",631,"2022-12-11","history","0.893359082534581"
"exdqlm_univar_synth","draw_041",631,"2022-12-12","history","0.780788663195268"
"exdqlm_univar_synth","draw_041",631,"2022-12-13","history","0.486402917685749"
"exdqlm_univar_synth","draw_041",631,"2022-12-14","history","-0.0656242337242529"
"exdqlm_univar_synth","draw_041",631,"2022-12-15","history","-0.0583178057125015"
"exdqlm_univar_synth","draw_041",631,"2022-12-16","history","0.136400710545546"
"exdqlm_univar_synth","draw_041",631,"2022-12-17","history","0.155367653702999"
"exdqlm_univar_synth","draw_041",631,"2022-12-18","history","0.166990102182751"
"exdqlm_univar_synth","draw_041",631,"2022-12-19","history","-0.235930172251964"
"exdqlm_univar_synth","draw_041",631,"2022-12-20","history","-0.153279720266730"
"exdqlm_univar_synth","draw_041",631,"2022-12-21","history","-0.262379600377221"
"exdqlm_univar_synth","draw_041",631,"2022-12-22","history","-0.129088017138456"
"exdqlm_univar_synth","draw_041",631,"2022-12-23","history","-0.00353537925696107"
"exdqlm_univar_synth","draw_041",631,"2022-12-24","history","-0.0778105435491409"
"exdqlm_univar_synth","draw_041",631,"2022-12-25","history","0.00185373044192251"
"exdqlm_univar_synth","draw_042",646,"2022-12-07","history","0.0428185680054783"
"exdqlm_univar_synth","draw_042",646,"2022-12-08","history","-0.548986230985527"
"exdqlm_univar_synth","draw_042",646,"2022-12-09","history","-0.420624582273895"
"exdqlm_univar_synth","draw_042",646,"2022-12-10","history","0.322589147076647"
"exdqlm_univar_synth","draw_042",646,"2022-12-11","history","0.866627711353482"
"exdqlm_univar_synth","draw_042",646,"2022-12-12","history","0.548631397391375"
"exdqlm_univar_synth","draw_042",646,"2022-12-13","history","0.522501099713734"
"exdqlm_univar_synth","draw_042",646,"2022-12-14","history","0.204478635127705"
"exdqlm_univar_synth","draw_042",646,"2022-12-15","history","0.396337015208132"
"exdqlm_univar_synth","draw_042",646,"2022-12-16","history","0.0170164773367870"
"exdqlm_univar_synth","draw_042",646,"2022-12-17","history","0.0941049289656186"
"exdqlm_univar_synth","draw_042",646,"2022-12-18","history","0.288314093574983"
"exdqlm_univar_synth","draw_042",646,"2022-12-19","history","0.337714943761676"
"exdqlm_univar_synth","draw_042",646,"2022-12-20","history","-0.0510151251058103"
"exdqlm_univar_synth","draw_042",646,"2022-12-21","history","0.145347902132263"
"exdqlm_univar_synth","draw_042",646,"2022-12-22","history","-0.227022700134557"
"exdqlm_univar_synth","draw_042",646,"2022-12-23","history","-0.157948966592514"
"exdqlm_univar_synth","draw_042",646,"2022-12-24","history","-0.0874397421418639"
"exdqlm_univar_synth","draw_042",646,"2022-12-25","history","-0.102352610625261"
"exdqlm_univar_synth","draw_043",662,"2022-12-07","history","-0.398770989309059"
"exdqlm_univar_synth","draw_043",662,"2022-12-08","history","-0.223945863299574"
"exdqlm_univar_synth","draw_043",662,"2022-12-09","history","-0.265511094114972"
"exdqlm_univar_synth","draw_043",662,"2022-12-10","history","0.0141367291882445"
"exdqlm_univar_synth","draw_043",662,"2022-12-11","history","0.768245576365565"
"exdqlm_univar_synth","draw_043",662,"2022-12-12","history","0.863784497388001"
"exdqlm_univar_synth","draw_043",662,"2022-12-13","history","0.610913402142975"
"exdqlm_univar_synth","draw_043",662,"2022-12-14","history","-0.0297356638689397"
"exdqlm_univar_synth","draw_043",662,"2022-12-15","history","-0.206980001433465"
"exdqlm_univar_synth","draw_043",662,"2022-12-16","history","-0.00250782364110128"
"exdqlm_univar_synth","draw_043",662,"2022-12-17","history","0.222749375450452"
"exdqlm_univar_synth","draw_043",662,"2022-12-18","history","0.108642013303724"
"exdqlm_univar_synth","draw_043",662,"2022-12-19","history","-0.159565007773236"
"exdqlm_univar_synth","draw_043",662,"2022-12-20","history","0.0256041822185789"
"exdqlm_univar_synth","draw_043",662,"2022-12-21","history","0.146012082319982"
"exdqlm_univar_synth","draw_043",662,"2022-12-22","history","-0.0670470083759269"
"exdqlm_univar_synth","draw_043",662,"2022-12-23","history","0.157907957118406"
"exdqlm_univar_synth","draw_043",662,"2022-12-24","history","0.168923990647989"
"exdqlm_univar_synth","draw_043",662,"2022-12-25","history","-0.140653428112664"
"exdqlm_univar_synth","draw_044",678,"2022-12-07","history","-0.327887901951645"
"exdqlm_univar_synth","draw_044",678,"2022-12-08","history","-0.400678343108067"
"exdqlm_univar_synth","draw_044",678,"2022-12-09","history","-0.124068546797283"
"exdqlm_univar_synth","draw_044",678,"2022-12-10","history","-0.0673645638741916"
"exdqlm_univar_synth","draw_044",678,"2022-12-11","history","1.36800286018701"
"exdqlm_univar_synth","draw_044",678,"2022-12-12","history","0.712306720874347"
"exdqlm_univar_synth","draw_044",678,"2022-12-13","history","0.817443427179113"
"exdqlm_univar_synth","draw_044",678,"2022-12-14","history","-0.0678473299118294"
"exdqlm_univar_synth","draw_044",678,"2022-12-15","history","0.425434930046096"
"exdqlm_univar_synth","draw_044",678,"2022-12-16","history","-0.102918855634793"
"exdqlm_univar_synth","draw_044",678,"2022-12-17","history","0.0771686021317524"
"exdqlm_univar_synth","draw_044",678,"2022-12-18","history","-0.227503668130185"
"exdqlm_univar_synth","draw_044",678,"2022-12-19","history","0.108995557497988"
"exdqlm_univar_synth","draw_044",678,"2022-12-20","history","-0.130023810460535"
"exdqlm_univar_synth","draw_044",678,"2022-12-21","history","-0.346131201254815"
"exdqlm_univar_synth","draw_044",678,"2022-12-22","history","-0.0212713704689431"
"exdqlm_univar_synth","draw_044",678,"2022-12-23","history","0.211949692329299"
"exdqlm_univar_synth","draw_044",678,"2022-12-24","history","0.210174158256676"
"exdqlm_univar_synth","draw_044",678,"2022-12-25","history","-0.137152444349387"
"exdqlm_univar_synth","draw_045",694,"2022-12-07","history","-0.389537528005070"
"exdqlm_univar_synth","draw_045",694,"2022-12-08","history","-0.349832943248723"
"exdqlm_univar_synth","draw_045",694,"2022-12-09","history","0.0954964668578020"
"exdqlm_univar_synth","draw_045",694,"2022-12-10","history","0.0468380295071578"
"exdqlm_univar_synth","draw_045",694,"2022-12-11","history","1.21956640025968"
"exdqlm_univar_synth","draw_045",694,"2022-12-12","history","0.644770747504952"
"exdqlm_univar_synth","draw_045",694,"2022-12-13","history","0.508106493386007"
"exdqlm_univar_synth","draw_045",694,"2022-12-14","history","0.148642147194797"
"exdqlm_univar_synth","draw_045",694,"2022-12-15","history","0.132584664356837"
"exdqlm_univar_synth","draw_045",694,"2022-12-16","history","-0.153431387896330"
"exdqlm_univar_synth","draw_045",694,"2022-12-17","history","-0.144950966520828"
"exdqlm_univar_synth","draw_045",694,"2022-12-18","history","-0.0152354062681874"
"exdqlm_univar_synth","draw_045",694,"2022-12-19","history","-0.171666313784118"
"exdqlm_univar_synth","draw_045",694,"2022-12-20","history","0.0560381381624055"
"exdqlm_univar_synth","draw_045",694,"2022-12-21","history","-0.172596648193090"
"exdqlm_univar_synth","draw_045",694,"2022-12-22","history","0.0811414492142139"
"exdqlm_univar_synth","draw_045",694,"2022-12-23","history","0.0438552082842690"
"exdqlm_univar_synth","draw_045",694,"2022-12-24","history","-0.192007693273745"
"exdqlm_univar_synth","draw_045",694,"2022-12-25","history","0.209896985769191"
"exdqlm_univar_synth","draw_046",709,"2022-12-07","history","-0.295772891442220"
"exdqlm_univar_synth","draw_046",709,"2022-12-08","history","-0.0992806889657988"
"exdqlm_univar_synth","draw_046",709,"2022-12-09","history","-0.266151620760430"
"exdqlm_univar_synth","draw_046",709,"2022-12-10","history","-0.316761442810546"
"exdqlm_univar_synth","draw_046",709,"2022-12-11","history","0.838524234572551"
"exdqlm_univar_synth","draw_046",709,"2022-12-12","history","0.637691560512385"
"exdqlm_univar_synth","draw_046",709,"2022-12-13","history","0.666894368132452"
"exdqlm_univar_synth","draw_046",709,"2022-12-14","history","-0.221359034316081"
"exdqlm_univar_synth","draw_046",709,"2022-12-15","history","-0.209105679536795"
"exdqlm_univar_synth","draw_046",709,"2022-12-16","history","0.318481338868761"
"exdqlm_univar_synth","draw_046",709,"2022-12-17","history","-0.0964375906104684"
"exdqlm_univar_synth","draw_046",709,"2022-12-18","history","-0.224422060622275"
"exdqlm_univar_synth","draw_046",709,"2022-12-19","history","-0.406271229956439"
"exdqlm_univar_synth","draw_046",709,"2022-12-20","history","-0.0270180177823472"
"exdqlm_univar_synth","draw_046",709,"2022-12-21","history","-0.0832169273344476"
"exdqlm_univar_synth","draw_046",709,"2022-12-22","history","-0.0483497145340465"
"exdqlm_univar_synth","draw_046",709,"2022-12-23","history","0.0664856579674678"
"exdqlm_univar_synth","draw_046",709,"2022-12-24","history","-0.193693973899826"
"exdqlm_univar_synth","draw_046",709,"2022-12-25","history","-0.113877800410132"
"exdqlm_univar_synth","draw_047",725,"2022-12-07","history","-0.181695491746449"
"exdqlm_univar_synth","draw_047",725,"2022-12-08","history","-0.439447858618527"
"exdqlm_univar_synth","draw_047",725,"2022-12-09","history","-0.322634240032951"
"exdqlm_univar_synth","draw_047",725,"2022-12-10","history","0.0555793485654888"
"exdqlm_univar_synth","draw_047",725,"2022-12-11","history","0.708487528366715"
"exdqlm_univar_synth","draw_047",725,"2022-12-12","history","0.876107914703046"
"exdqlm_univar_synth","draw_047",725,"2022-12-13","history","0.299004591780037"
"exdqlm_univar_synth","draw_047",725,"2022-12-14","history","0.145452483415553"
"exdqlm_univar_synth","draw_047",725,"2022-12-15","history","0.0532659103724825"
"exdqlm_univar_synth","draw_047",725,"2022-12-16","history","-0.0669537796697811"
"exdqlm_univar_synth","draw_047",725,"2022-12-17","history","-0.217585302647929"
"exdqlm_univar_synth","draw_047",725,"2022-12-18","history","0.251760357460358"
"exdqlm_univar_synth","draw_047",725,"2022-12-19","history","-0.242256043514735"
"exdqlm_univar_synth","draw_047",725,"2022-12-20","history","-0.155708152587367"
"exdqlm_univar_synth","draw_047",725,"2022-12-21","history","0.128335594629130"
"exdqlm_univar_synth","draw_047",725,"2022-12-22","history","-0.240836827060512"
"exdqlm_univar_synth","draw_047",725,"2022-12-23","history","-0.228329170587977"
"exdqlm_univar_synth","draw_047",725,"2022-12-24","history","0.158491756016789"
"exdqlm_univar_synth","draw_047",725,"2022-12-25","history","-0.0635917334436587"
"exdqlm_univar_synth","draw_048",741,"2022-12-07","history","-0.0366053170267434"
"exdqlm_univar_synth","draw_048",741,"2022-12-08","history","-0.439716935298433"
"exdqlm_univar_synth","draw_048",741,"2022-12-09","history","-0.284558924748649"
"exdqlm_univar_synth","draw_048",741,"2022-12-10","history","-0.209379912945348"
"exdqlm_univar_synth","draw_048",741,"2022-12-11","history","1.54416983437207"
"exdqlm_univar_synth","draw_048",741,"2022-12-12","history","0.460418206395009"
"exdqlm_univar_synth","draw_048",741,"2022-12-13","history","0.404547598517546"
"exdqlm_univar_synth","draw_048",741,"2022-12-14","history","-0.0809062215401157"
"exdqlm_univar_synth","draw_048",741,"2022-12-15","history","0.0220762391669247"
"exdqlm_univar_synth","draw_048",741,"2022-12-16","history","-0.0783054849944731"
"exdqlm_univar_synth","draw_048",741,"2022-12-17","history","-0.262548231683169"
"exdqlm_univar_synth","draw_048",741,"2022-12-18","history","0.0413356492823295"
"exdqlm_univar_synth","draw_048",741,"2022-12-19","history","0.194019601218415"
"exdqlm_univar_synth","draw_048",741,"2022-12-20","history","0.101343849997599"
"exdqlm_univar_synth","draw_048",741,"2022-12-21","history","-0.0819750926565655"
"exdqlm_univar_synth","draw_048",741,"2022-12-22","history","-0.00743996004813331"
"exdqlm_univar_synth","draw_048",741,"2022-12-23","history","-0.150883950607276"
"exdqlm_univar_synth","draw_048",741,"2022-12-24","history","-0.266040038334357"
"exdqlm_univar_synth","draw_048",741,"2022-12-25","history","0.132118918529335"
"exdqlm_univar_synth","draw_049",757,"2022-12-07","history","-0.389700511325028"
"exdqlm_univar_synth","draw_049",757,"2022-12-08","history","-0.502427661882237"
"exdqlm_univar_synth","draw_049",757,"2022-12-09","history","-0.405687509410520"
"exdqlm_univar_synth","draw_049",757,"2022-12-10","history","-0.118130445728568"
"exdqlm_univar_synth","draw_049",757,"2022-12-11","history","0.556395786820504"
"exdqlm_univar_synth","draw_049",757,"2022-12-12","history","0.756194056803953"
"exdqlm_univar_synth","draw_049",757,"2022-12-13","history","0.372243884411319"
"exdqlm_univar_synth","draw_049",757,"2022-12-14","history","0.0830750289515076"
"exdqlm_univar_synth","draw_049",757,"2022-12-15","history","-0.0849678600455404"
"exdqlm_univar_synth","draw_049",757,"2022-12-16","history","0.130321041816244"
"exdqlm_univar_synth","draw_049",757,"2022-12-17","history","0.224875198929403"
"exdqlm_univar_synth","draw_049",757,"2022-12-18","history","0.0712095363443913"
"exdqlm_univar_synth","draw_049",757,"2022-12-19","history","0.0828127964828267"
"exdqlm_univar_synth","draw_049",757,"2022-12-20","history","0.0532602031557653"
"exdqlm_univar_synth","draw_049",757,"2022-12-21","history","-0.0622860456397163"
"exdqlm_univar_synth","draw_049",757,"2022-12-22","history","-0.238319301431211"
"exdqlm_univar_synth","draw_049",757,"2022-12-23","history","0.0258172377393190"
"exdqlm_univar_synth","draw_049",757,"2022-12-24","history","-0.0168861858175202"
"exdqlm_univar_synth","draw_049",757,"2022-12-25","history","-0.308616153866289"
"exdqlm_univar_synth","draw_050",772,"2022-12-07","history","-0.252770537638902"
"exdqlm_univar_synth","draw_050",772,"2022-12-08","history","-0.713681828711249"
"exdqlm_univar_synth","draw_050",772,"2022-12-09","history","-0.309797995943822"
"exdqlm_univar_synth","draw_050",772,"2022-12-10","history","-0.165021852485235"
"exdqlm_univar_synth","draw_050",772,"2022-12-11","history","1.08713320795037"
"exdqlm_univar_synth","draw_050",772,"2022-12-12","history","0.653053920024483"
"exdqlm_univar_synth","draw_050",772,"2022-12-13","history","0.543280306223550"
"exdqlm_univar_synth","draw_050",772,"2022-12-14","history","0.127604126498655"
"exdqlm_univar_synth","draw_050",772,"2022-12-15","history","-0.478146822381098"
"exdqlm_univar_synth","draw_050",772,"2022-12-16","history","0.0981034669373568"
"exdqlm_univar_synth","draw_050",772,"2022-12-17","history","0.135653926014037"
"exdqlm_univar_synth","draw_050",772,"2022-12-18","history","-0.159320569046402"
"exdqlm_univar_synth","draw_050",772,"2022-12-19","history","-0.0628038527055243"
"exdqlm_univar_synth","draw_050",772,"2022-12-20","history","0.125931509019291"
"exdqlm_univar_synth","draw_050",772,"2022-12-21","history","-0.115273444430450"
"exdqlm_univar_synth","draw_050",772,"2022-12-22","history","-0.309607382750289"
"exdqlm_univar_synth","draw_050",772,"2022-12-23","history","-0.133061075548857"
"exdqlm_univar_synth","draw_050",772,"2022-12-24","history","-0.0234755691730183"
"exdqlm_univar_synth","draw_050",772,"2022-12-25","history","-0.244386306551020"
"exdqlm_univar_synth","draw_051",788,"2022-12-07","history","0.101878708252522"
"exdqlm_univar_synth","draw_051",788,"2022-12-08","history","-0.213657788092764"
"exdqlm_univar_synth","draw_051",788,"2022-12-09","history","-0.191035381542418"
"exdqlm_univar_synth","draw_051",788,"2022-12-10","history","-0.290572824785209"
"exdqlm_univar_synth","draw_051",788,"2022-12-11","history","0.508333357121899"
"exdqlm_univar_synth","draw_051",788,"2022-12-12","history","1.11843507255970"
"exdqlm_univar_synth","draw_051",788,"2022-12-13","history","0.519076015885231"
"exdqlm_univar_synth","draw_051",788,"2022-12-14","history","0.191394214244108"
"exdqlm_univar_synth","draw_051",788,"2022-12-15","history","-0.0917658208888079"
"exdqlm_univar_synth","draw_051",788,"2022-12-16","history","0.319349029978442"
"exdqlm_univar_synth","draw_051",788,"2022-12-17","history","-0.193215332508948"
"exdqlm_univar_synth","draw_051",788,"2022-12-18","history","0.0584965967947938"
"exdqlm_univar_synth","draw_051",788,"2022-12-19","history","-0.100174363451443"
"exdqlm_univar_synth","draw_051",788,"2022-12-20","history","0.264031527346114"
"exdqlm_univar_synth","draw_051",788,"2022-12-21","history","0.202326703281167"
"exdqlm_univar_synth","draw_051",788,"2022-12-22","history","0.129050823975179"
"exdqlm_univar_synth","draw_051",788,"2022-12-23","history","-0.0133990855774892"
"exdqlm_univar_synth","draw_051",788,"2022-12-24","history","-0.177522843031891"
"exdqlm_univar_synth","draw_051",788,"2022-12-25","history","0.0334134894404818"
"exdqlm_univar_synth","draw_052",804,"2022-12-07","history","-0.456782792522449"
"exdqlm_univar_synth","draw_052",804,"2022-12-08","history","-0.266252184173608"
"exdqlm_univar_synth","draw_052",804,"2022-12-09","history","-0.395059668379993"
"exdqlm_univar_synth","draw_052",804,"2022-12-10","history","-0.161177423651714"
"exdqlm_univar_synth","draw_052",804,"2022-12-11","history","1.08918683565799"
"exdqlm_univar_synth","draw_052",804,"2022-12-12","history","1.17471263086763"
"exdqlm_univar_synth","draw_052",804,"2022-12-13","history","0.191026742202891"
"exdqlm_univar_synth","draw_052",804,"2022-12-14","history","0.183382879217992"
"exdqlm_univar_synth","draw_052",804,"2022-12-15","history","0.126289473830669"
"exdqlm_univar_synth","draw_052",804,"2022-12-16","history","-0.368756872793720"
"exdqlm_univar_synth","draw_052",804,"2022-12-17","history","-0.0761687859541866"
"exdqlm_univar_synth","draw_052",804,"2022-12-18","history","-0.0601867371270770"
"exdqlm_univar_synth","draw_052",804,"2022-12-19","history","0.220122135621801"
"exdqlm_univar_synth","draw_052",804,"2022-12-20","history","0.312183844372732"
"exdqlm_univar_synth","draw_052",804,"2022-12-21","history","-0.273126550257874"
"exdqlm_univar_synth","draw_052",804,"2022-12-22","history","-0.0347210757282072"
"exdqlm_univar_synth","draw_052",804,"2022-12-23","history","-0.0343054168073530"
"exdqlm_univar_synth","draw_052",804,"2022-12-24","history","0.0379766139918108"
"exdqlm_univar_synth","draw_052",804,"2022-12-25","history","0.147827712089365"
"exdqlm_univar_synth","draw_053",819,"2022-12-07","history","-0.298282537258125"
"exdqlm_univar_synth","draw_053",819,"2022-12-08","history","-0.557914679616752"
"exdqlm_univar_synth","draw_053",819,"2022-12-09","history","-0.414494137604317"
"exdqlm_univar_synth","draw_053",819,"2022-12-10","history","0.110803341155694"
"exdqlm_univar_synth","draw_053",819,"2022-12-11","history","0.679423002082991"
"exdqlm_univar_synth","draw_053",819,"2022-12-12","history","0.682496376828999"
"exdqlm_univar_synth","draw_053",819,"2022-12-13","history","0.734880303263325"
"exdqlm_univar_synth","draw_053",819,"2022-12-14","history","-0.0451835008137785"
"exdqlm_univar_synth","draw_053",819,"2022-12-15","history","-0.0543090320783408"
"exdqlm_univar_synth","draw_053",819,"2022-12-16","history","-0.239603382863598"
"exdqlm_univar_synth","draw_053",819,"2022-12-17","history","-0.182764791632103"
"exdqlm_univar_synth","draw_053",819,"2022-12-18","history","0.188696325173690"
"exdqlm_univar_synth","draw_053",819,"2022-12-19","history","0.188541296663117"
"exdqlm_univar_synth","draw_053",819,"2022-12-20","history","-0.0559838680290938"
"exdqlm_univar_synth","draw_053",819,"2022-12-21","history","0.0102328593172670"
"exdqlm_univar_synth","draw_053",819,"2022-12-22","history","-0.105057363549113"
"exdqlm_univar_synth","draw_053",819,"2022-12-23","history","0.298421419397500"
"exdqlm_univar_synth","draw_053",819,"2022-12-24","history","-0.0897426943393564"
"exdqlm_univar_synth","draw_053",819,"2022-12-25","history","-0.0194372705289801"
"exdqlm_univar_synth","draw_054",835,"2022-12-07","history","0.00299824251221719"
"exdqlm_univar_synth","draw_054",835,"2022-12-08","history","-0.0619036078481814"
"exdqlm_univar_synth","draw_054",835,"2022-12-09","history","-0.286107046346081"
"exdqlm_univar_synth","draw_054",835,"2022-12-10","history","-0.0820537781881899"
"exdqlm_univar_synth","draw_054",835,"2022-12-11","history","0.742098095578717"
"exdqlm_univar_synth","draw_054",835,"2022-12-12","history","0.566784024498818"
"exdqlm_univar_synth","draw_054",835,"2022-12-13","history","0.485729767886914"
"exdqlm_univar_synth","draw_054",835,"2022-12-14","history","0.461542266400688"
"exdqlm_univar_synth","draw_054",835,"2022-12-15","history","0.0382308925373116"
"exdqlm_univar_synth","draw_054",835,"2022-12-16","history","0.0869712333713029"
"exdqlm_univar_synth","draw_054",835,"2022-12-17","history","0.314835176214977"
"exdqlm_univar_synth","draw_054",835,"2022-12-18","history","-0.00377410240271601"
"exdqlm_univar_synth","draw_054",835,"2022-12-19","history","-0.156019291438176"
"exdqlm_univar_synth","draw_054",835,"2022-12-20","history","-0.0728921453174684"
"exdqlm_univar_synth","draw_054",835,"2022-12-21","history","-0.0686919866347786"
"exdqlm_univar_synth","draw_054",835,"2022-12-22","history","0.129326392767766"
"exdqlm_univar_synth","draw_054",835,"2022-12-23","history","-0.292578367834626"
"exdqlm_univar_synth","draw_054",835,"2022-12-24","history","-0.215951879102058"
"exdqlm_univar_synth","draw_054",835,"2022-12-25","history","0.403367258746860"
"exdqlm_univar_synth","draw_055",851,"2022-12-07","history","-0.622981924098496"
"exdqlm_univar_synth","draw_055",851,"2022-12-08","history","-0.0654190605054013"
"exdqlm_univar_synth","draw_055",851,"2022-12-09","history","0.0187642762756060"
"exdqlm_univar_synth","draw_055",851,"2022-12-10","history","-0.323933759125095"
"exdqlm_univar_synth","draw_055",851,"2022-12-11","history","0.883384525795536"
"exdqlm_univar_synth","draw_055",851,"2022-12-12","history","1.06608969369076"
"exdqlm_univar_synth","draw_055",851,"2022-12-13","history","0.660276353607237"
"exdqlm_univar_synth","draw_055",851,"2022-12-14","history","-0.0535423650412605"
"exdqlm_univar_synth","draw_055",851,"2022-12-15","history","-0.0589507650793025"
"exdqlm_univar_synth","draw_055",851,"2022-12-16","history","-0.164938188309999"
"exdqlm_univar_synth","draw_055",851,"2022-12-17","history","-0.0650396122321470"
"exdqlm_univar_synth","draw_055",851,"2022-12-18","history","-0.0960856409906131"
"exdqlm_univar_synth","draw_055",851,"2022-12-19","history","-0.0581595935277575"
"exdqlm_univar_synth","draw_055",851,"2022-12-20","history","-0.198143280040084"
"exdqlm_univar_synth","draw_055",851,"2022-12-21","history","-0.220001646809513"
"exdqlm_univar_synth","draw_055",851,"2022-12-22","history","0.0965447478805388"
"exdqlm_univar_synth","draw_055",851,"2022-12-23","history","-0.192128844120675"
"exdqlm_univar_synth","draw_055",851,"2022-12-24","history","0.0407271412733353"
"exdqlm_univar_synth","draw_055",851,"2022-12-25","history","-0.271938353238799"
"exdqlm_univar_synth","draw_056",867,"2022-12-07","history","-0.252920748798672"
"exdqlm_univar_synth","draw_056",867,"2022-12-08","history","-0.239616682180089"
"exdqlm_univar_synth","draw_056",867,"2022-12-09","history","-0.293260528447210"
"exdqlm_univar_synth","draw_056",867,"2022-12-10","history","-0.134671146568256"
"exdqlm_univar_synth","draw_056",867,"2022-12-11","history","1.42588307041048"
"exdqlm_univar_synth","draw_056",867,"2022-12-12","history","0.541079758795640"
"exdqlm_univar_synth","draw_056",867,"2022-12-13","history","0.621718607431985"
"exdqlm_univar_synth","draw_056",867,"2022-12-14","history","0.0910300967948373"
"exdqlm_univar_synth","draw_056",867,"2022-12-15","history","-0.186671819679002"
"exdqlm_univar_synth","draw_056",867,"2022-12-16","history","-0.123133608788737"
"exdqlm_univar_synth","draw_056",867,"2022-12-17","history","-0.239984942830500"
"exdqlm_univar_synth","draw_056",867,"2022-12-18","history","0.0849429488162595"
"exdqlm_univar_synth","draw_056",867,"2022-12-19","history","-0.234019861573938"
"exdqlm_univar_synth","draw_056",867,"2022-12-20","history","-0.0412057895743601"
"exdqlm_univar_synth","draw_056",867,"2022-12-21","history","0.229363494191956"
"exdqlm_univar_synth","draw_056",867,"2022-12-22","history","0.0653904886264646"
"exdqlm_univar_synth","draw_056",867,"2022-12-23","history","0.0633329514377649"
"exdqlm_univar_synth","draw_056",867,"2022-12-24","history","-0.0155165008955425"
"exdqlm_univar_synth","draw_056",867,"2022-12-25","history","-0.113320330049476"
"exdqlm_univar_synth","draw_057",882,"2022-12-07","history","-0.150406312972411"
"exdqlm_univar_synth","draw_057",882,"2022-12-08","history","-0.339117879612131"
"exdqlm_univar_synth","draw_057",882,"2022-12-09","history","-0.449808573509820"
"exdqlm_univar_synth","draw_057",882,"2022-12-10","history","0.0708109750841597"
"exdqlm_univar_synth","draw_057",882,"2022-12-11","history","0.938664457547450"
"exdqlm_univar_synth","draw_057",882,"2022-12-12","history","0.674212011778330"
"exdqlm_univar_synth","draw_057",882,"2022-12-13","history","0.320477607205081"
"exdqlm_univar_synth","draw_057",882,"2022-12-14","history","0.00291707131720476"
"exdqlm_univar_synth","draw_057",882,"2022-12-15","history","-0.193642611760903"
"exdqlm_univar_synth","draw_057",882,"2022-12-16","history","-0.133700099854724"
"exdqlm_univar_synth","draw_057",882,"2022-12-17","history","0.0270801113131039"
"exdqlm_univar_synth","draw_057",882,"2022-12-18","history","-0.0300333761135911"
"exdqlm_univar_synth","draw_057",882,"2022-12-19","history","-0.175447537088173"
"exdqlm_univar_synth","draw_057",882,"2022-12-20","history","0.199584631793682"
"exdqlm_univar_synth","draw_057",882,"2022-12-21","history","0.0436920455246708"
"exdqlm_univar_synth","draw_057",882,"2022-12-22","history","-0.117188522101896"
"exdqlm_univar_synth","draw_057",882,"2022-12-23","history","-0.0571974006518923"
"exdqlm_univar_synth","draw_057",882,"2022-12-24","history","0.0431848629885177"
"exdqlm_univar_synth","draw_057",882,"2022-12-25","history","-0.00931946840043466"
"exdqlm_univar_synth","draw_058",898,"2022-12-07","history","0.124328472123218"
"exdqlm_univar_synth","draw_058",898,"2022-12-08","history","-0.163883300877342"
"exdqlm_univar_synth","draw_058",898,"2022-12-09","history","-0.244806394071302"
"exdqlm_univar_synth","draw_058",898,"2022-12-10","history","0.0839718625993552"
"exdqlm_univar_synth","draw_058",898,"2022-12-11","history","1.22231515858728"
"exdqlm_univar_synth","draw_058",898,"2022-12-12","history","0.908852095341532"
"exdqlm_univar_synth","draw_058",898,"2022-12-13","history","0.590630079062596"
"exdqlm_univar_synth","draw_058",898,"2022-12-14","history","-0.120697559752230"
"exdqlm_univar_synth","draw_058",898,"2022-12-15","history","0.102458420556851"
"exdqlm_univar_synth","draw_058",898,"2022-12-16","history","-0.0929872120888416"
"exdqlm_univar_synth","draw_058",898,"2022-12-17","history","-0.0711662814578031"
"exdqlm_univar_synth","draw_058",898,"2022-12-18","history","-0.123407165876484"
"exdqlm_univar_synth","draw_058",898,"2022-12-19","history","-0.0837605608217368"
"exdqlm_univar_synth","draw_058",898,"2022-12-20","history","0.0363790055703135"
"exdqlm_univar_synth","draw_058",898,"2022-12-21","history","-0.203310309492151"
"exdqlm_univar_synth","draw_058",898,"2022-12-22","history","0.0458801122779474"
"exdqlm_univar_synth","draw_058",898,"2022-12-23","history","0.111267270277323"
"exdqlm_univar_synth","draw_058",898,"2022-12-24","history","-0.0411373891099300"
"exdqlm_univar_synth","draw_058",898,"2022-12-25","history","-0.0570304708452384"
"exdqlm_univar_synth","draw_059",914,"2022-12-07","history","-0.120172257919303"
"exdqlm_univar_synth","draw_059",914,"2022-12-08","history","-0.112202641297133"
"exdqlm_univar_synth","draw_059",914,"2022-12-09","history","-0.202127884086167"
"exdqlm_univar_synth","draw_059",914,"2022-12-10","history","-0.0822093275920483"
"exdqlm_univar_synth","draw_059",914,"2022-12-11","history","1.38160616887115"
"exdqlm_univar_synth","draw_059",914,"2022-12-12","history","1.10198483383743"
"exdqlm_univar_synth","draw_059",914,"2022-12-13","history","0.432639978485523"
"exdqlm_univar_synth","draw_059",914,"2022-12-14","history","0.188021358278249"
"exdqlm_univar_synth","draw_059",914,"2022-12-15","history","-0.140990893521794"
"exdqlm_univar_synth","draw_059",914,"2022-12-16","history","0.362838445008897"
"exdqlm_univar_synth","draw_059",914,"2022-12-17","history","-0.0821206545900711"
"exdqlm_univar_synth","draw_059",914,"2022-12-18","history","-0.0837583438542437"
"exdqlm_univar_synth","draw_059",914,"2022-12-19","history","-0.132384191594667"
"exdqlm_univar_synth","draw_059",914,"2022-12-20","history","-0.232374558041165"
"exdqlm_univar_synth","draw_059",914,"2022-12-21","history","-0.120233271194592"
"exdqlm_univar_synth","draw_059",914,"2022-12-22","history","-0.288614817773423"
"exdqlm_univar_synth","draw_059",914,"2022-12-23","history","0.191145253550082"
"exdqlm_univar_synth","draw_059",914,"2022-12-24","history","-0.102858785829365"
"exdqlm_univar_synth","draw_059",914,"2022-12-25","history","0.0316585694202466"
"exdqlm_univar_synth","draw_060",930,"2022-12-07","history","-0.210826778291714"
"exdqlm_univar_synth","draw_060",930,"2022-12-08","history","-0.640385874146495"
"exdqlm_univar_synth","draw_060",930,"2022-12-09","history","-0.0906439270077782"
"exdqlm_univar_synth","draw_060",930,"2022-12-10","history","-0.0804338505677157"
"exdqlm_univar_synth","draw_060",930,"2022-12-11","history","1.14159912094161"
"exdqlm_univar_synth","draw_060",930,"2022-12-12","history","1.29369445418756"
"exdqlm_univar_synth","draw_060",930,"2022-12-13","history","0.200698585474961"
"exdqlm_univar_synth","draw_060",930,"2022-12-14","history","0.0511443219875336"
"exdqlm_univar_synth","draw_060",930,"2022-12-15","history","0.212690657225024"
"exdqlm_univar_synth","draw_060",930,"2022-12-16","history","0.0559756615661437"
"exdqlm_univar_synth","draw_060",930,"2022-12-17","history","-0.119853177829482"
"exdqlm_univar_synth","draw_060",930,"2022-12-18","history","-0.0790990857294948"
"exdqlm_univar_synth","draw_060",930,"2022-12-19","history","0.132768959032037"
"exdqlm_univar_synth","draw_060",930,"2022-12-20","history","-0.116707012523278"
"exdqlm_univar_synth","draw_060",930,"2022-12-21","history","-0.241153305344905"
"exdqlm_univar_synth","draw_060",930,"2022-12-22","history","-0.116244892626450"
"exdqlm_univar_synth","draw_060",930,"2022-12-23","history","0.0196400744918625"
"exdqlm_univar_synth","draw_060",930,"2022-12-24","history","-0.0215018837213571"
"exdqlm_univar_synth","draw_060",930,"2022-12-25","history","0.0627252323523149"
"exdqlm_univar_synth","draw_061",945,"2022-12-07","history","-0.165826636408861"
"exdqlm_univar_synth","draw_061",945,"2022-12-08","history","-0.374367243562895"
"exdqlm_univar_synth","draw_061",945,"2022-12-09","history","0.263986312023578"
"exdqlm_univar_synth","draw_061",945,"2022-12-10","history","0.324397959639646"
"exdqlm_univar_synth","draw_061",945,"2022-12-11","history","1.17831345966073"
"exdqlm_univar_synth","draw_061",945,"2022-12-12","history","0.784798840618659"
"exdqlm_univar_synth","draw_061",945,"2022-12-13","history","0.495198969156792"
"exdqlm_univar_synth","draw_061",945,"2022-12-14","history","0.269004669747083"
"exdqlm_univar_synth","draw_061",945,"2022-12-15","history","0.427041287888165"
"exdqlm_univar_synth","draw_061",945,"2022-12-16","history","0.245776330360504"
"exdqlm_univar_synth","draw_061",945,"2022-12-17","history","0.0179465539216989"
"exdqlm_univar_synth","draw_061",945,"2022-12-18","history","-0.158303442738245"
"exdqlm_univar_synth","draw_061",945,"2022-12-19","history","-0.101951380775434"
"exdqlm_univar_synth","draw_061",945,"2022-12-20","history","0.0790087323599674"
"exdqlm_univar_synth","draw_061",945,"2022-12-21","history","-0.0282485429407793"
"exdqlm_univar_synth","draw_061",945,"2022-12-22","history","0.0963606445677306"
"exdqlm_univar_synth","draw_061",945,"2022-12-23","history","-0.0412742102811485"
"exdqlm_univar_synth","draw_061",945,"2022-12-24","history","-0.0847338626794211"
"exdqlm_univar_synth","draw_061",945,"2022-12-25","history","0.256866689073558"
"exdqlm_univar_synth","draw_062",961,"2022-12-07","history","-0.211357597392956"
"exdqlm_univar_synth","draw_062",961,"2022-12-08","history","-0.0153765777811354"
"exdqlm_univar_synth","draw_062",961,"2022-12-09","history","-0.219437296886264"
"exdqlm_univar_synth","draw_062",961,"2022-12-10","history","0.227195911501145"
"exdqlm_univar_synth","draw_062",961,"2022-12-11","history","0.628316645627117"
"exdqlm_univar_synth","draw_062",961,"2022-12-12","history","0.801016844254071"
"exdqlm_univar_synth","draw_062",961,"2022-12-13","history","0.620019735225245"
"exdqlm_univar_synth","draw_062",961,"2022-12-14","history","0.439606052096121"
"exdqlm_univar_synth","draw_062",961,"2022-12-15","history","-0.230035600489954"
"exdqlm_univar_synth","draw_062",961,"2022-12-16","history","0.153895489683632"
"exdqlm_univar_synth","draw_062",961,"2022-12-17","history","-0.00755622109274453"
"exdqlm_univar_synth","draw_062",961,"2022-12-18","history","0.0969156564911180"
"exdqlm_univar_synth","draw_062",961,"2022-12-19","history","0.285276994732923"
"exdqlm_univar_synth","draw_062",961,"2022-12-20","history","-0.199119386437219"
"exdqlm_univar_synth","draw_062",961,"2022-12-21","history","0.0280183174038980"
"exdqlm_univar_synth","draw_062",961,"2022-12-22","history","-0.205050070004028"
"exdqlm_univar_synth","draw_062",961,"2022-12-23","history","-0.0715872621018315"
"exdqlm_univar_synth","draw_062",961,"2022-12-24","history","-0.115554245514486"
"exdqlm_univar_synth","draw_062",961,"2022-12-25","history","0.164925627431026"
"exdqlm_univar_synth","draw_063",977,"2022-12-07","history","-0.331420139902775"
"exdqlm_univar_synth","draw_063",977,"2022-12-08","history","-0.459278428479377"
"exdqlm_univar_synth","draw_063",977,"2022-12-09","history","-0.307633929675514"
"exdqlm_univar_synth","draw_063",977,"2022-12-10","history","0.00411928015106657"
"exdqlm_univar_synth","draw_063",977,"2022-12-11","history","0.955859581442381"
"exdqlm_univar_synth","draw_063",977,"2022-12-12","history","1.01295356458862"
"exdqlm_univar_synth","draw_063",977,"2022-12-13","history","0.628542206079630"
"exdqlm_univar_synth","draw_063",977,"2022-12-14","history","0.0540046314490827"
"exdqlm_univar_synth","draw_063",977,"2022-12-15","history","-0.164864664778184"
"exdqlm_univar_synth","draw_063",977,"2022-12-16","history","-0.125549713388483"
"exdqlm_univar_synth","draw_063",977,"2022-12-17","history","-0.240026180197098"
"exdqlm_univar_synth","draw_063",977,"2022-12-18","history","-0.253286779785317"
"exdqlm_univar_synth","draw_063",977,"2022-12-19","history","-0.315410415881663"
"exdqlm_univar_synth","draw_063",977,"2022-12-20","history","0.250300730473378"
"exdqlm_univar_synth","draw_063",977,"2022-12-21","history","0.198620880401055"
"exdqlm_univar_synth","draw_063",977,"2022-12-22","history","-0.131706644988009"
"exdqlm_univar_synth","draw_063",977,"2022-12-23","history","-0.365574503259963"
"exdqlm_univar_synth","draw_063",977,"2022-12-24","history","-0.263766617448549"
"exdqlm_univar_synth","draw_063",977,"2022-12-25","history","-0.262368983444316"
"exdqlm_univar_synth","draw_064",993,"2022-12-07","history","0.0409459783034457"
"exdqlm_univar_synth","draw_064",993,"2022-12-08","history","-0.482785481833994"
"exdqlm_univar_synth","draw_064",993,"2022-12-09","history","0.234213738814384"
"exdqlm_univar_synth","draw_064",993,"2022-12-10","history","-0.0750952179885474"
"exdqlm_univar_synth","draw_064",993,"2022-12-11","history","0.825419653601583"
"exdqlm_univar_synth","draw_064",993,"2022-12-12","history","0.489276941432840"
"exdqlm_univar_synth","draw_064",993,"2022-12-13","history","0.539324454943216"
"exdqlm_univar_synth","draw_064",993,"2022-12-14","history","0.204184221639928"
"exdqlm_univar_synth","draw_064",993,"2022-12-15","history","-0.101006010136656"
"exdqlm_univar_synth","draw_064",993,"2022-12-16","history","-0.232377104941475"
"exdqlm_univar_synth","draw_064",993,"2022-12-17","history","0.246481458903272"
"exdqlm_univar_synth","draw_064",993,"2022-12-18","history","0.308454686778343"
"exdqlm_univar_synth","draw_064",993,"2022-12-19","history","0.0704580821911953"
"exdqlm_univar_synth","draw_064",993,"2022-12-20","history","-0.230408338333830"
"exdqlm_univar_synth","draw_064",993,"2022-12-21","history","-0.167907988133213"
"exdqlm_univar_synth","draw_064",993,"2022-12-22","history","-0.250715508683742"
"exdqlm_univar_synth","draw_064",993,"2022-12-23","history","0.0751822646035967"
"exdqlm_univar_synth","draw_064",993,"2022-12-24","history","0.253823933439957"
"exdqlm_univar_synth","draw_064",993,"2022-12-25","history","-0.123796682908829"
"exdqlm_univar_synth","draw_065",1008,"2022-12-07","history","-0.172539306530814"
"exdqlm_univar_synth","draw_065",1008,"2022-12-08","history","-0.217378702387470"
"exdqlm_univar_synth","draw_065",1008,"2022-12-09","history","0.223784620802061"
"exdqlm_univar_synth","draw_065",1008,"2022-12-10","history","-0.0486656428174019"
"exdqlm_univar_synth","draw_065",1008,"2022-12-11","history","0.955518224456088"
"exdqlm_univar_synth","draw_065",1008,"2022-12-12","history","0.735307287231779"
"exdqlm_univar_synth","draw_065",1008,"2022-12-13","history","0.954119150027532"
"exdqlm_univar_synth","draw_065",1008,"2022-12-14","history","-0.185880913700896"
"exdqlm_univar_synth","draw_065",1008,"2022-12-15","history","-0.246646115846454"
"exdqlm_univar_synth","draw_065",1008,"2022-12-16","history","-0.146125153397815"
"exdqlm_univar_synth","draw_065",1008,"2022-12-17","history","0.0168493393357257"
"exdqlm_univar_synth","draw_065",1008,"2022-12-18","history","-0.0754044372065038"
"exdqlm_univar_synth","draw_065",1008,"2022-12-19","history","-0.0229308033267538"
"exdqlm_univar_synth","draw_065",1008,"2022-12-20","history","-0.0637876897997124"
"exdqlm_univar_synth","draw_065",1008,"2022-12-21","history","-0.252050872287932"
"exdqlm_univar_synth","draw_065",1008,"2022-12-22","history","-0.346830206605394"
"exdqlm_univar_synth","draw_065",1008,"2022-12-23","history","-0.0766426978050837"
"exdqlm_univar_synth","draw_065",1008,"2022-12-24","history","-0.0692258729939285"
"exdqlm_univar_synth","draw_065",1008,"2022-12-25","history","-0.0928359507037483"
"exdqlm_univar_synth","draw_066",1024,"2022-12-07","history","-0.406036638613980"
"exdqlm_univar_synth","draw_066",1024,"2022-12-08","history","-0.376597679040462"
"exdqlm_univar_synth","draw_066",1024,"2022-12-09","history","0.185400764731658"
"exdqlm_univar_synth","draw_066",1024,"2022-12-10","history","0.341865422968917"
"exdqlm_univar_synth","draw_066",1024,"2022-12-11","history","0.915503013874674"
"exdqlm_univar_synth","draw_066",1024,"2022-12-12","history","0.815556135698894"
"exdqlm_univar_synth","draw_066",1024,"2022-12-13","history","0.668219615554483"
"exdqlm_univar_synth","draw_066",1024,"2022-12-14","history","-0.0112084561845784"
"exdqlm_univar_synth","draw_066",1024,"2022-12-15","history","0.0381177539620190"
"exdqlm_univar_synth","draw_066",1024,"2022-12-16","history","-0.104548922300420"
"exdqlm_univar_synth","draw_066",1024,"2022-12-17","history","-0.102975323680666"
"exdqlm_univar_synth","draw_066",1024,"2022-12-18","history","-0.230135004278886"
"exdqlm_univar_synth","draw_066",1024,"2022-12-19","history","0.111418575648906"
"exdqlm_univar_synth","draw_066",1024,"2022-12-20","history","-0.104709044207210"
"exdqlm_univar_synth","draw_066",1024,"2022-12-21","history","-0.171385047620142"
"exdqlm_univar_synth","draw_066",1024,"2022-12-22","history","-0.109132060707966"
"exdqlm_univar_synth","draw_066",1024,"2022-12-23","history","0.0131389647273951"
"exdqlm_univar_synth","draw_066",1024,"2022-12-24","history","0.0691290128631368"
"exdqlm_univar_synth","draw_066",1024,"2022-12-25","history","-0.163145121788273"
"exdqlm_univar_synth","draw_067",1040,"2022-12-07","history","-0.203419084260938"
"exdqlm_univar_synth","draw_067",1040,"2022-12-08","history","-0.369037055847000"
"exdqlm_univar_synth","draw_067",1040,"2022-12-09","history","-0.0441825299255953"
"exdqlm_univar_synth","draw_067",1040,"2022-12-10","history","-0.0674653040006823"
"exdqlm_univar_synth","draw_067",1040,"2022-12-11","history","0.856094308298158"
"exdqlm_univar_synth","draw_067",1040,"2022-12-12","history","0.679235624685766"
"exdqlm_univar_synth","draw_067",1040,"2022-12-13","history","0.465275635087009"
"exdqlm_univar_synth","draw_067",1040,"2022-12-14","history","0.229632427617353"
"exdqlm_univar_synth","draw_067",1040,"2022-12-15","history","0.303680804457926"
"exdqlm_univar_synth","draw_067",1040,"2022-12-16","history","0.0393831259490641"
"exdqlm_univar_synth","draw_067",1040,"2022-12-17","history","-0.0236630333455562"
"exdqlm_univar_synth","draw_067",1040,"2022-12-18","history","-0.151824763893260"
"exdqlm_univar_synth","draw_067",1040,"2022-12-19","history","-0.0281841245372922"
"exdqlm_univar_synth","draw_067",1040,"2022-12-20","history","0.179866131538576"
"exdqlm_univar_synth","draw_067",1040,"2022-12-21","history","0.254375371714673"
"exdqlm_univar_synth","draw_067",1040,"2022-12-22","history","-0.126996180639120"
"exdqlm_univar_synth","draw_067",1040,"2022-12-23","history","-0.0200928080210451"
"exdqlm_univar_synth","draw_067",1040,"2022-12-24","history","-0.212254894110670"
"exdqlm_univar_synth","draw_067",1040,"2022-12-25","history","0.0206646406880124"
"exdqlm_univar_synth","draw_068",1056,"2022-12-07","history","-0.0392706144704044"
"exdqlm_univar_synth","draw_068",1056,"2022-12-08","history","-0.205977017579779"
"exdqlm_univar_synth","draw_068",1056,"2022-12-09","history","-0.0973322096762543"
"exdqlm_univar_synth","draw_068",1056,"2022-12-10","history","0.187272321317544"
"exdqlm_univar_synth","draw_068",1056,"2022-12-11","history","1.55673634181054"
"exdqlm_univar_synth","draw_068",1056,"2022-12-12","history","0.885550076585797"
"exdqlm_univar_synth","draw_068",1056,"2022-12-13","history","0.415278218714202"
"exdqlm_univar_synth","draw_068",1056,"2022-12-14","history","0.328652599504115"
"exdqlm_univar_synth","draw_068",1056,"2022-12-15","history","-0.167486615896484"
"exdqlm_univar_synth","draw_068",1056,"2022-12-16","history","0.335330429002337"
"exdqlm_univar_synth","draw_068",1056,"2022-12-17","history","0.0909441491279921"
"exdqlm_univar_synth","draw_068",1056,"2022-12-18","history","0.0497464013927353"
"exdqlm_univar_synth","draw_068",1056,"2022-12-19","history","-0.266397824872633"
"exdqlm_univar_synth","draw_068",1056,"2022-12-20","history","-0.121294979017709"
"exdqlm_univar_synth","draw_068",1056,"2022-12-21","history","-0.255299597734216"
"exdqlm_univar_synth","draw_068",1056,"2022-12-22","history","-0.239031599470798"
"exdqlm_univar_synth","draw_068",1056,"2022-12-23","history","-0.189753046973154"
"exdqlm_univar_synth","draw_068",1056,"2022-12-24","history","-0.0652319068937321"
"exdqlm_univar_synth","draw_068",1056,"2022-12-25","history","-0.0721663362078491"
"exdqlm_univar_synth","draw_069",1071,"2022-12-07","history","-0.310651876456826"
"exdqlm_univar_synth","draw_069",1071,"2022-12-08","history","-0.0864862102286400"
"exdqlm_univar_synth","draw_069",1071,"2022-12-09","history","-0.0503463269299210"
"exdqlm_univar_synth","draw_069",1071,"2022-12-10","history","-0.271503468348920"
"exdqlm_univar_synth","draw_069",1071,"2022-12-11","history","0.875064790214907"
"exdqlm_univar_synth","draw_069",1071,"2022-12-12","history","0.549401573837663"
"exdqlm_univar_synth","draw_069",1071,"2022-12-13","history","0.524396543506732"
"exdqlm_univar_synth","draw_069",1071,"2022-12-14","history","-0.0213436351460910"
"exdqlm_univar_synth","draw_069",1071,"2022-12-15","history","0.0485538058153275"
"exdqlm_univar_synth","draw_069",1071,"2022-12-16","history","-0.211696022412659"
"exdqlm_univar_synth","draw_069",1071,"2022-12-17","history","-0.103869287349570"
"exdqlm_univar_synth","draw_069",1071,"2022-12-18","history","0.305711928180596"
"exdqlm_univar_synth","draw_069",1071,"2022-12-19","history","-0.375364935773080"
"exdqlm_univar_synth","draw_069",1071,"2022-12-20","history","-0.0885446080058708"
"exdqlm_univar_synth","draw_069",1071,"2022-12-21","history","-0.141417820193955"
"exdqlm_univar_synth","draw_069",1071,"2022-12-22","history","-0.282722255434303"
"exdqlm_univar_synth","draw_069",1071,"2022-12-23","history","-0.524922062289945"
"exdqlm_univar_synth","draw_069",1071,"2022-12-24","history","-0.129214299113313"
"exdqlm_univar_synth","draw_069",1071,"2022-12-25","history","-0.277273056498240"
"exdqlm_univar_synth","draw_070",1087,"2022-12-07","history","-0.278156122651733"
"exdqlm_univar_synth","draw_070",1087,"2022-12-08","history","-0.371937281400948"
"exdqlm_univar_synth","draw_070",1087,"2022-12-09","history","0.0319939619102308"
"exdqlm_univar_synth","draw_070",1087,"2022-12-10","history","-0.519222197983194"
"exdqlm_univar_synth","draw_070",1087,"2022-12-11","history","0.900630216129281"
"exdqlm_univar_synth","draw_070",1087,"2022-12-12","history","0.471240075895117"
"exdqlm_univar_synth","draw_070",1087,"2022-12-13","history","-0.0618561538660349"
"exdqlm_univar_synth","draw_070",1087,"2022-12-14","history","0.365544273738371"
"exdqlm_univar_synth","draw_070",1087,"2022-12-15","history","-0.0714963169620939"
"exdqlm_univar_synth","draw_070",1087,"2022-12-16","history","0.140625882508054"
"exdqlm_univar_synth","draw_070",1087,"2022-12-17","history","-0.133027783245835"
"exdqlm_univar_synth","draw_070",1087,"2022-12-18","history","-0.123621672481623"
"exdqlm_univar_synth","draw_070",1087,"2022-12-19","history","-0.274208727507603"
"exdqlm_univar_synth","draw_070",1087,"2022-12-20","history","0.0141321345570254"
"exdqlm_univar_synth","draw_070",1087,"2022-12-21","history","-0.0788383229309287"
"exdqlm_univar_synth","draw_070",1087,"2022-12-22","history","0.0160806393096809"
"exdqlm_univar_synth","draw_070",1087,"2022-12-23","history","0.106023433103246"
"exdqlm_univar_synth","draw_070",1087,"2022-12-24","history","-0.00471683669283424"
"exdqlm_univar_synth","draw_070",1087,"2022-12-25","history","-0.253820148787678"
"exdqlm_univar_synth","draw_071",1103,"2022-12-07","history","-0.472626368201334"
"exdqlm_univar_synth","draw_071",1103,"2022-12-08","history","-0.269044764000299"
"exdqlm_univar_synth","draw_071",1103,"2022-12-09","history","-0.409558764281525"
"exdqlm_univar_synth","draw_071",1103,"2022-12-10","history","0.0417198593147836"
"exdqlm_univar_synth","draw_071",1103,"2022-12-11","history","1.34796465241273"
"exdqlm_univar_synth","draw_071",1103,"2022-12-12","history","0.598391238993338"
"exdqlm_univar_synth","draw_071",1103,"2022-12-13","history","0.746969392432566"
"exdqlm_univar_synth","draw_071",1103,"2022-12-14","history","-0.0558671161732706"
"exdqlm_univar_synth","draw_071",1103,"2022-12-15","history","-0.116215187085354"
"exdqlm_univar_synth","draw_071",1103,"2022-12-16","history","-0.216469191974009"
"exdqlm_univar_synth","draw_071",1103,"2022-12-17","history","0.329380670775735"
"exdqlm_univar_synth","draw_071",1103,"2022-12-18","history","-0.312251043446311"
"exdqlm_univar_synth","draw_071",1103,"2022-12-19","history","-0.192826380960075"
"exdqlm_univar_synth","draw_071",1103,"2022-12-20","history","-0.145079177621360"
"exdqlm_univar_synth","draw_071",1103,"2022-12-21","history","-0.00122770540019405"
"exdqlm_univar_synth","draw_071",1103,"2022-12-22","history","-0.0233844628526964"
"exdqlm_univar_synth","draw_071",1103,"2022-12-23","history","-0.00228210527124206"
"exdqlm_univar_synth","draw_071",1103,"2022-12-24","history","-0.265236576373878"
"exdqlm_univar_synth","draw_071",1103,"2022-12-25","history","0.118079911950280"
"exdqlm_univar_synth","draw_072",1119,"2022-12-07","history","-0.291063044984124"
"exdqlm_univar_synth","draw_072",1119,"2022-12-08","history","-0.378297464478648"
"exdqlm_univar_synth","draw_072",1119,"2022-12-09","history","-0.138776593425441"
"exdqlm_univar_synth","draw_072",1119,"2022-12-10","history","0.203323541939946"
"exdqlm_univar_synth","draw_072",1119,"2022-12-11","history","1.37631062746753"
"exdqlm_univar_synth","draw_072",1119,"2022-12-12","history","0.581476815628587"
"exdqlm_univar_synth","draw_072",1119,"2022-12-13","history","0.751527910266179"
"exdqlm_univar_synth","draw_072",1119,"2022-12-14","history","0.110245165366896"
"exdqlm_univar_synth","draw_072",1119,"2022-12-15","history","0.233589380470108"
"exdqlm_univar_synth","draw_072",1119,"2022-12-16","history","-0.0870640089694875"
"exdqlm_univar_synth","draw_072",1119,"2022-12-17","history","-0.106447935701799"
"exdqlm_univar_synth","draw_072",1119,"2022-12-18","history","-0.0132176623512168"
"exdqlm_univar_synth","draw_072",1119,"2022-12-19","history","0.0506807235449342"
"exdqlm_univar_synth","draw_072",1119,"2022-12-20","history","0.0664948132580645"
"exdqlm_univar_synth","draw_072",1119,"2022-12-21","history","-0.0227095878428163"
"exdqlm_univar_synth","draw_072",1119,"2022-12-22","history","-0.110876739325990"
"exdqlm_univar_synth","draw_072",1119,"2022-12-23","history","-0.0779302623952833"
"exdqlm_univar_synth","draw_072",1119,"2022-12-24","history","0.0463440338546530"
"exdqlm_univar_synth","draw_072",1119,"2022-12-25","history","-0.0237193466812037"
"exdqlm_univar_synth","draw_073",1134,"2022-12-07","history","-0.301740054488971"
"exdqlm_univar_synth","draw_073",1134,"2022-12-08","history","-0.497985070867988"
"exdqlm_univar_synth","draw_073",1134,"2022-12-09","history","0.282561110827353"
"exdqlm_univar_synth","draw_073",1134,"2022-12-10","history","0.000300313005453929"
"exdqlm_univar_synth","draw_073",1134,"2022-12-11","history","0.863304187389021"
"exdqlm_univar_synth","draw_073",1134,"2022-12-12","history","0.760455138693426"
"exdqlm_univar_synth","draw_073",1134,"2022-12-13","history","0.504027844425865"
"exdqlm_univar_synth","draw_073",1134,"2022-12-14","history","0.217559856051917"
"exdqlm_univar_synth","draw_073",1134,"2022-12-15","history","0.300049632432397"
"exdqlm_univar_synth","draw_073",1134,"2022-12-16","history","0.00758049415732422"
"exdqlm_univar_synth","draw_073",1134,"2022-12-17","history","-0.0992013751378859"
"exdqlm_univar_synth","draw_073",1134,"2022-12-18","history","0.149790706587539"
"exdqlm_univar_synth","draw_073",1134,"2022-12-19","history","-0.135963865938720"
"exdqlm_univar_synth","draw_073",1134,"2022-12-20","history","-0.237352845811363"
"exdqlm_univar_synth","draw_073",1134,"2022-12-21","history","-0.195316199782470"
"exdqlm_univar_synth","draw_073",1134,"2022-12-22","history","0.0923895300621999"
"exdqlm_univar_synth","draw_073",1134,"2022-12-23","history","-0.0515512624583074"
"exdqlm_univar_synth","draw_073",1134,"2022-12-24","history","0.195822533977441"
"exdqlm_univar_synth","draw_073",1134,"2022-12-25","history","-0.117291407634659"
"exdqlm_univar_synth","draw_074",1150,"2022-12-07","history","-0.421646424368636"
"exdqlm_univar_synth","draw_074",1150,"2022-12-08","history","-0.530659765933235"
"exdqlm_univar_synth","draw_074",1150,"2022-12-09","history","0.0675644623112760"
"exdqlm_univar_synth","draw_074",1150,"2022-12-10","history","0.113222085509569"
"exdqlm_univar_synth","draw_074",1150,"2022-12-11","history","1.46707971879071"
"exdqlm_univar_synth","draw_074",1150,"2022-12-12","history","0.885560549886301"
"exdqlm_univar_synth","draw_074",1150,"2022-12-13","history","0.281575428919617"
"exdqlm_univar_synth","draw_074",1150,"2022-12-14","history","0.263134980955664"
"exdqlm_univar_synth","draw_074",1150,"2022-12-15","history","-0.0302890500572216"
"exdqlm_univar_synth","draw_074",1150,"2022-12-16","history","0.0192793897406072"
"exdqlm_univar_synth","draw_074",1150,"2022-12-17","history","-0.242001104799983"
"exdqlm_univar_synth","draw_074",1150,"2022-12-18","history","-0.229660441029437"
"exdqlm_univar_synth","draw_074",1150,"2022-12-19","history","-0.183962932180185"
"exdqlm_univar_synth","draw_074",1150,"2022-12-20","history","-0.191300778863541"
"exdqlm_univar_synth","draw_074",1150,"2022-12-21","history","0.0735243602191347"
"exdqlm_univar_synth","draw_074",1150,"2022-12-22","history","0.0174806601632902"
"exdqlm_univar_synth","draw_074",1150,"2022-12-23","history","-0.284214214706651"
"exdqlm_univar_synth","draw_074",1150,"2022-12-24","history","-0.103780237057550"
"exdqlm_univar_synth","draw_074",1150,"2022-12-25","history","-0.155916165838375"
"exdqlm_univar_synth","draw_075",1166,"2022-12-07","history","-0.362778305614216"
"exdqlm_univar_synth","draw_075",1166,"2022-12-08","history","-0.0972945265216483"
"exdqlm_univar_synth","draw_075",1166,"2022-12-09","history","-0.200524187395084"
"exdqlm_univar_synth","draw_075",1166,"2022-12-10","history","0.329060751079089"
"exdqlm_univar_synth","draw_075",1166,"2022-12-11","history","0.767707553082365"
"exdqlm_univar_synth","draw_075",1166,"2022-12-12","history","1.00661039240664"
"exdqlm_univar_synth","draw_075",1166,"2022-12-13","history","0.321644538330749"
"exdqlm_univar_synth","draw_075",1166,"2022-12-14","history","0.299651897008765"
"exdqlm_univar_synth","draw_075",1166,"2022-12-15","history","0.152069360035795"
"exdqlm_univar_synth","draw_075",1166,"2022-12-16","history","-0.145572361537853"
"exdqlm_univar_synth","draw_075",1166,"2022-12-17","history","-0.163417712618166"
"exdqlm_univar_synth","draw_075",1166,"2022-12-18","history","-0.00380859055076454"
"exdqlm_univar_synth","draw_075",1166,"2022-12-19","history","0.227520566773597"
"exdqlm_univar_synth","draw_075",1166,"2022-12-20","history","-0.0367325443883969"
"exdqlm_univar_synth","draw_075",1166,"2022-12-21","history","-0.0981879652477611"
"exdqlm_univar_synth","draw_075",1166,"2022-12-22","history","-0.0519537848081444"
"exdqlm_univar_synth","draw_075",1166,"2022-12-23","history","0.202958906061197"
"exdqlm_univar_synth","draw_075",1166,"2022-12-24","history","-0.149181206464471"
"exdqlm_univar_synth","draw_075",1166,"2022-12-25","history","-0.146002603420826"
"exdqlm_univar_synth","draw_076",1182,"2022-12-07","history","-0.153466928707013"
"exdqlm_univar_synth","draw_076",1182,"2022-12-08","history","-0.570064773212489"
"exdqlm_univar_synth","draw_076",1182,"2022-12-09","history","-0.236016999819403"
"exdqlm_univar_synth","draw_076",1182,"2022-12-10","history","0.256123970612009"
"exdqlm_univar_synth","draw_076",1182,"2022-12-11","history","0.667030400487262"
"exdqlm_univar_synth","draw_076",1182,"2022-12-12","history","0.336621745074494"
"exdqlm_univar_synth","draw_076",1182,"2022-12-13","history","0.565136155610090"
"exdqlm_univar_synth","draw_076",1182,"2022-12-14","history","0.0481530061948901"
"exdqlm_univar_synth","draw_076",1182,"2022-12-15","history","-0.163323580603310"
"exdqlm_univar_synth","draw_076",1182,"2022-12-16","history","-0.0721663168025720"
"exdqlm_univar_synth","draw_076",1182,"2022-12-17","history","-0.171771080653378"
"exdqlm_univar_synth","draw_076",1182,"2022-12-18","history","-0.0762285241863709"
"exdqlm_univar_synth","draw_076",1182,"2022-12-19","history","-0.154963780828473"
"exdqlm_univar_synth","draw_076",1182,"2022-12-20","history","0.0653050064935358"
"exdqlm_univar_synth","draw_076",1182,"2022-12-21","history","-0.0586147230352668"
"exdqlm_univar_synth","draw_076",1182,"2022-12-22","history","0.126167384997767"
"exdqlm_univar_synth","draw_076",1182,"2022-12-23","history","0.136682520895098"
"exdqlm_univar_synth","draw_076",1182,"2022-12-24","history","0.114594957486055"
"exdqlm_univar_synth","draw_076",1182,"2022-12-25","history","-0.176686400124872"
"exdqlm_univar_synth","draw_077",1197,"2022-12-07","history","-0.388419755744781"
"exdqlm_univar_synth","draw_077",1197,"2022-12-08","history","-0.0687647771632914"
"exdqlm_univar_synth","draw_077",1197,"2022-12-09","history","-0.398770062040648"
"exdqlm_univar_synth","draw_077",1197,"2022-12-10","history","0.141034167030873"
"exdqlm_univar_synth","draw_077",1197,"2022-12-11","history","1.33880884755933"
"exdqlm_univar_synth","draw_077",1197,"2022-12-12","history","0.971548209504012"
"exdqlm_univar_synth","draw_077",1197,"2022-12-13","history","0.517481739212743"
"exdqlm_univar_synth","draw_077",1197,"2022-12-14","history","0.138671354348214"
"exdqlm_univar_synth","draw_077",1197,"2022-12-15","history","-0.196364708834891"
"exdqlm_univar_synth","draw_077",1197,"2022-12-16","history","0.241034666390685"
"exdqlm_univar_synth","draw_077",1197,"2022-12-17","history","-0.205166126927463"
"exdqlm_univar_synth","draw_077",1197,"2022-12-18","history","-0.196918078457636"
"exdqlm_univar_synth","draw_077",1197,"2022-12-19","history","-0.119024623729930"
"exdqlm_univar_synth","draw_077",1197,"2022-12-20","history","-0.127748905490383"
"exdqlm_univar_synth","draw_077",1197,"2022-12-21","history","-0.120245154886942"
"exdqlm_univar_synth","draw_077",1197,"2022-12-22","history","-0.0775746664986803"
"exdqlm_univar_synth","draw_077",1197,"2022-12-23","history","-0.0817084181852879"
"exdqlm_univar_synth","draw_077",1197,"2022-12-24","history","-0.316598606716668"
"exdqlm_univar_synth","draw_077",1197,"2022-12-25","history","-0.151062420586573"
"exdqlm_univar_synth","draw_078",1213,"2022-12-07","history","-0.160620569694544"
"exdqlm_univar_synth","draw_078",1213,"2022-12-08","history","-0.380589017411846"
"exdqlm_univar_synth","draw_078",1213,"2022-12-09","history","-0.362899202533282"
"exdqlm_univar_synth","draw_078",1213,"2022-12-10","history","0.352507847144358"
"exdqlm_univar_synth","draw_078",1213,"2022-12-11","history","0.577545437508559"
"exdqlm_univar_synth","draw_078",1213,"2022-12-12","history","1.06908470206671"
"exdqlm_univar_synth","draw_078",1213,"2022-12-13","history","0.717973133195720"
"exdqlm_univar_synth","draw_078",1213,"2022-12-14","history","0.0922161848896798"
"exdqlm_univar_synth","draw_078",1213,"2022-12-15","history","0.238897481426396"
"exdqlm_univar_synth","draw_078",1213,"2022-12-16","history","0.0526176673319065"
"exdqlm_univar_synth","draw_078",1213,"2022-12-17","history","-0.0970930424881688"
"exdqlm_univar_synth","draw_078",1213,"2022-12-18","history","-0.121973488632034"
"exdqlm_univar_synth","draw_078",1213,"2022-12-19","history","0.0254016880029773"
"exdqlm_univar_synth","draw_078",1213,"2022-12-20","history","0.145569849528447"
"exdqlm_univar_synth","draw_078",1213,"2022-12-21","history","0.309918606218649"
"exdqlm_univar_synth","draw_078",1213,"2022-12-22","history","-0.000758910446300770"
"exdqlm_univar_synth","draw_078",1213,"2022-12-23","history","-0.0369563069753506"
"exdqlm_univar_synth","draw_078",1213,"2022-12-24","history","0.211109112957218"
"exdqlm_univar_synth","draw_078",1213,"2022-12-25","history","0.168093749285274"
"exdqlm_univar_synth","draw_079",1229,"2022-12-07","history","-0.258009050135298"
"exdqlm_univar_synth","draw_079",1229,"2022-12-08","history","-0.646682889288506"
"exdqlm_univar_synth","draw_079",1229,"2022-12-09","history","-0.284715611713739"
"exdqlm_univar_synth","draw_079",1229,"2022-12-10","history","-0.0345448671591111"
"exdqlm_univar_synth","draw_079",1229,"2022-12-11","history","0.836941486497228"
"exdqlm_univar_synth","draw_079",1229,"2022-12-12","history","0.596490730613769"
"exdqlm_univar_synth","draw_079",1229,"2022-12-13","history","0.246137960990363"
"exdqlm_univar_synth","draw_079",1229,"2022-12-14","history","0.0813053541527377"
"exdqlm_univar_synth","draw_079",1229,"2022-12-15","history","-0.0987712848086709"
"exdqlm_univar_synth","draw_079",1229,"2022-12-16","history","0.0959669229363419"
"exdqlm_univar_synth","draw_079",1229,"2022-12-17","history","-0.0374137001810882"
"exdqlm_univar_synth","draw_079",1229,"2022-12-18","history","-0.0631849550265354"
"exdqlm_univar_synth","draw_079",1229,"2022-12-19","history","-0.196566408790731"
"exdqlm_univar_synth","draw_079",1229,"2022-12-20","history","-0.229124698595238"
"exdqlm_univar_synth","draw_079",1229,"2022-12-21","history","0.0595748548258178"
"exdqlm_univar_synth","draw_079",1229,"2022-12-22","history","-0.282964450310044"
"exdqlm_univar_synth","draw_079",1229,"2022-12-23","history","-0.179562380367626"
"exdqlm_univar_synth","draw_079",1229,"2022-12-24","history","0.229145445922201"
"exdqlm_univar_synth","draw_079",1229,"2022-12-25","history","-0.0318427327248932"
"exdqlm_univar_synth","draw_080",1244,"2022-12-07","history","-0.411928401647867"
"exdqlm_univar_synth","draw_080",1244,"2022-12-08","history","-0.371358272034007"
"exdqlm_univar_synth","draw_080",1244,"2022-12-09","history","0.250163767362366"
"exdqlm_univar_synth","draw_080",1244,"2022-12-10","history","0.0974277324907690"
"exdqlm_univar_synth","draw_080",1244,"2022-12-11","history","0.693586393029675"
"exdqlm_univar_synth","draw_080",1244,"2022-12-12","history","1.26243919297644"
"exdqlm_univar_synth","draw_080",1244,"2022-12-13","history","0.168113286145013"
"exdqlm_univar_synth","draw_080",1244,"2022-12-14","history","0.168491047055537"
"exdqlm_univar_synth","draw_080",1244,"2022-12-15","history","0.0843425149779716"
"exdqlm_univar_synth","draw_080",1244,"2022-12-16","history","-0.145382845117647"
"exdqlm_univar_synth","draw_080",1244,"2022-12-17","history","0.179227789563845"
"exdqlm_univar_synth","draw_080",1244,"2022-12-18","history","-0.487219065559170"
"exdqlm_univar_synth","draw_080",1244,"2022-12-19","history","0.0782751171662121"
"exdqlm_univar_synth","draw_080",1244,"2022-12-20","history","-0.290730876298110"
"exdqlm_univar_synth","draw_080",1244,"2022-12-21","history","0.0440019909750789"
"exdqlm_univar_synth","draw_080",1244,"2022-12-22","history","-0.187441961980865"
"exdqlm_univar_synth","draw_080",1244,"2022-12-23","history","-0.268610822302007"
"exdqlm_univar_synth","draw_080",1244,"2022-12-24","history","0.111157154986275"
"exdqlm_univar_synth","draw_080",1244,"2022-12-25","history","-0.0527803829338623"
"exdqlm_univar_synth","draw_081",1260,"2022-12-07","history","-0.190343885725544"
"exdqlm_univar_synth","draw_081",1260,"2022-12-08","history","-0.284431087587445"
"exdqlm_univar_synth","draw_081",1260,"2022-12-09","history","-0.00193929354126839"
"exdqlm_univar_synth","draw_081",1260,"2022-12-10","history","0.341950215754087"
"exdqlm_univar_synth","draw_081",1260,"2022-12-11","history","1.29940380162112"
"exdqlm_univar_synth","draw_081",1260,"2022-12-12","history","0.781753043316337"
"exdqlm_univar_synth","draw_081",1260,"2022-12-13","history","0.752489556264978"
"exdqlm_univar_synth","draw_081",1260,"2022-12-14","history","0.321705433116279"
"exdqlm_univar_synth","draw_081",1260,"2022-12-15","history","-0.0570611245925583"
"exdqlm_univar_synth","draw_081",1260,"2022-12-16","history","0.103212572295366"
"exdqlm_univar_synth","draw_081",1260,"2022-12-17","history","-0.0878444964201354"
"exdqlm_univar_synth","draw_081",1260,"2022-12-18","history","0.0623044488437956"
"exdqlm_univar_synth","draw_081",1260,"2022-12-19","history","-0.216712944116965"
"exdqlm_univar_synth","draw_081",1260,"2022-12-20","history","-0.314995308785873"
"exdqlm_univar_synth","draw_081",1260,"2022-12-21","history","0.0818087864901272"
"exdqlm_univar_synth","draw_081",1260,"2022-12-22","history","0.0367548089543126"
"exdqlm_univar_synth","draw_081",1260,"2022-12-23","history","0.183980633830347"
"exdqlm_univar_synth","draw_081",1260,"2022-12-24","history","-0.0400942334078639"
"exdqlm_univar_synth","draw_081",1260,"2022-12-25","history","0.178047667697953"
"exdqlm_univar_synth","draw_082",1276,"2022-12-07","history","-0.305392143334253"
"exdqlm_univar_synth","draw_082",1276,"2022-12-08","history","-0.487145407878742"
"exdqlm_univar_synth","draw_082",1276,"2022-12-09","history","-0.136555191198164"
"exdqlm_univar_synth","draw_082",1276,"2022-12-10","history","-0.0960609632043161"
"exdqlm_univar_synth","draw_082",1276,"2022-12-11","history","0.758760534854435"
"exdqlm_univar_synth","draw_082",1276,"2022-12-12","history","1.14439129813938"
"exdqlm_univar_synth","draw_082",1276,"2022-12-13","history","0.401875477982897"
"exdqlm_univar_synth","draw_082",1276,"2022-12-14","history","-0.102233061159268"
"exdqlm_univar_synth","draw_082",1276,"2022-12-15","history","-0.123178458758976"
"exdqlm_univar_synth","draw_082",1276,"2022-12-16","history","0.365785132537503"
"exdqlm_univar_synth","draw_082",1276,"2022-12-17","history","-0.159815885788909"
"exdqlm_univar_synth","draw_082",1276,"2022-12-18","history","0.257465939765499"
"exdqlm_univar_synth","draw_082",1276,"2022-12-19","history","0.291187718678211"
"exdqlm_univar_synth","draw_082",1276,"2022-12-20","history","0.0226403181742135"
"exdqlm_univar_synth","draw_082",1276,"2022-12-21","history","-0.107313462717044"
"exdqlm_univar_synth","draw_082",1276,"2022-12-22","history","-0.00599570615022786"
"exdqlm_univar_synth","draw_082",1276,"2022-12-23","history","-0.00966111361183065"
"exdqlm_univar_synth","draw_082",1276,"2022-12-24","history","-0.0787754134222048"
"exdqlm_univar_synth","draw_082",1276,"2022-12-25","history","-0.214894500823921"
"exdqlm_univar_synth","draw_083",1292,"2022-12-07","history","-0.119732583660411"
"exdqlm_univar_synth","draw_083",1292,"2022-12-08","history","-0.411847052894888"
"exdqlm_univar_synth","draw_083",1292,"2022-12-09","history","0.273004105921164"
"exdqlm_univar_synth","draw_083",1292,"2022-12-10","history","-0.412313552166467"
"exdqlm_univar_synth","draw_083",1292,"2022-12-11","history","0.768884293981044"
"exdqlm_univar_synth","draw_083",1292,"2022-12-12","history","0.797275252214393"
"exdqlm_univar_synth","draw_083",1292,"2022-12-13","history","0.760748618416644"
"exdqlm_univar_synth","draw_083",1292,"2022-12-14","history","0.131558089853127"
"exdqlm_univar_synth","draw_083",1292,"2022-12-15","history","0.0958937947797099"
"exdqlm_univar_synth","draw_083",1292,"2022-12-16","history","-0.0245786799373322"
"exdqlm_univar_synth","draw_083",1292,"2022-12-17","history","-0.241639446159678"
"exdqlm_univar_synth","draw_083",1292,"2022-12-18","history","0.0503613168832842"
"exdqlm_univar_synth","draw_083",1292,"2022-12-19","history","-0.0915057414660065"
"exdqlm_univar_synth","draw_083",1292,"2022-12-20","history","0.0627300621844760"
"exdqlm_univar_synth","draw_083",1292,"2022-12-21","history","0.253012956502093"
"exdqlm_univar_synth","draw_083",1292,"2022-12-22","history","0.0857587193444015"
"exdqlm_univar_synth","draw_083",1292,"2022-12-23","history","0.129681410718940"
"exdqlm_univar_synth","draw_083",1292,"2022-12-24","history","0.00190013484467135"
"exdqlm_univar_synth","draw_083",1292,"2022-12-25","history","-0.135901282101582"
"exdqlm_univar_synth","draw_084",1307,"2022-12-07","history","-0.383087621325823"
"exdqlm_univar_synth","draw_084",1307,"2022-12-08","history","0.0128306564189584"
"exdqlm_univar_synth","draw_084",1307,"2022-12-09","history","-0.171796156409405"
"exdqlm_univar_synth","draw_084",1307,"2022-12-10","history","0.128317779640261"
"exdqlm_univar_synth","draw_084",1307,"2022-12-11","history","1.05576194871717"
"exdqlm_univar_synth","draw_084",1307,"2022-12-12","history","1.16162850293881"
"exdqlm_univar_synth","draw_084",1307,"2022-12-13","history","0.234660297852736"
"exdqlm_univar_synth","draw_084",1307,"2022-12-14","history","-0.0527829145029072"
"exdqlm_univar_synth","draw_084",1307,"2022-12-15","history","-0.187777302262253"
"exdqlm_univar_synth","draw_084",1307,"2022-12-16","history","-0.0372520639194693"
"exdqlm_univar_synth","draw_084",1307,"2022-12-17","history","0.129644100706755"
"exdqlm_univar_synth","draw_084",1307,"2022-12-18","history","0.181142788100772"
"exdqlm_univar_synth","draw_084",1307,"2022-12-19","history","-0.105893432100392"
"exdqlm_univar_synth","draw_084",1307,"2022-12-20","history","-0.121987309964706"
"exdqlm_univar_synth","draw_084",1307,"2022-12-21","history","0.113892171100874"
"exdqlm_univar_synth","draw_084",1307,"2022-12-22","history","0.0557933034392133"
"exdqlm_univar_synth","draw_084",1307,"2022-12-23","history","0.149523333139356"
"exdqlm_univar_synth","draw_084",1307,"2022-12-24","history","-0.257129429891266"
"exdqlm_univar_synth","draw_084",1307,"2022-12-25","history","-0.183603036194767"
"exdqlm_univar_synth","draw_085",1323,"2022-12-07","history","-0.173071530246014"
"exdqlm_univar_synth","draw_085",1323,"2022-12-08","history","-0.241231889982160"
"exdqlm_univar_synth","draw_085",1323,"2022-12-09","history","-0.279179692000936"
"exdqlm_univar_synth","draw_085",1323,"2022-12-10","history","-0.135805789658772"
"exdqlm_univar_synth","draw_085",1323,"2022-12-11","history","1.46703409243728"
"exdqlm_univar_synth","draw_085",1323,"2022-12-12","history","0.958011315976478"
"exdqlm_univar_synth","draw_085",1323,"2022-12-13","history","0.514392884730289"
"exdqlm_univar_synth","draw_085",1323,"2022-12-14","history","0.106650985396667"
"exdqlm_univar_synth","draw_085",1323,"2022-12-15","history","0.126495000728954"
"exdqlm_univar_synth","draw_085",1323,"2022-12-16","history","0.157748015655525"
"exdqlm_univar_synth","draw_085",1323,"2022-12-17","history","-0.0194830442364241"
"exdqlm_univar_synth","draw_085",1323,"2022-12-18","history","0.305804711963960"
"exdqlm_univar_synth","draw_085",1323,"2022-12-19","history","-0.227303694690552"
"exdqlm_univar_synth","draw_085",1323,"2022-12-20","history","-0.189239476916204"
"exdqlm_univar_synth","draw_085",1323,"2022-12-21","history","-0.167636221777461"
"exdqlm_univar_synth","draw_085",1323,"2022-12-22","history","0.264093012881803"
"exdqlm_univar_synth","draw_085",1323,"2022-12-23","history","-0.281352886983737"
"exdqlm_univar_synth","draw_085",1323,"2022-12-24","history","-0.159084142794843"
"exdqlm_univar_synth","draw_085",1323,"2022-12-25","history","-0.143627266999972"
"exdqlm_univar_synth","draw_086",1339,"2022-12-07","history","-0.385888951745294"
"exdqlm_univar_synth","draw_086",1339,"2022-12-08","history","-0.102577158833396"
"exdqlm_univar_synth","draw_086",1339,"2022-12-09","history","-0.100535924126544"
"exdqlm_univar_synth","draw_086",1339,"2022-12-10","history","-0.0259634568453046"
"exdqlm_univar_synth","draw_086",1339,"2022-12-11","history","0.912439534121592"
"exdqlm_univar_synth","draw_086",1339,"2022-12-12","history","0.664976703068153"
"exdqlm_univar_synth","draw_086",1339,"2022-12-13","history","0.651104449971253"
"exdqlm_univar_synth","draw_086",1339,"2022-12-14","history","0.153150338511321"
"exdqlm_univar_synth","draw_086",1339,"2022-12-15","history","-0.207576088540554"
"exdqlm_univar_synth","draw_086",1339,"2022-12-16","history","-0.0828969084456986"
"exdqlm_univar_synth","draw_086",1339,"2022-12-17","history","0.158509999933076"
"exdqlm_univar_synth","draw_086",1339,"2022-12-18","history","0.0978355908430552"
"exdqlm_univar_synth","draw_086",1339,"2022-12-19","history","0.180937148487974"
"exdqlm_univar_synth","draw_086",1339,"2022-12-20","history","-0.100655445841448"
"exdqlm_univar_synth","draw_086",1339,"2022-12-21","history","-0.0686623659737384"
"exdqlm_univar_synth","draw_086",1339,"2022-12-22","history","-0.119963103866018"
"exdqlm_univar_synth","draw_086",1339,"2022-12-23","history","-0.519351500523069"
"exdqlm_univar_synth","draw_086",1339,"2022-12-24","history","-0.107934609452815"
"exdqlm_univar_synth","draw_086",1339,"2022-12-25","history","-0.294851333120430"
"exdqlm_univar_synth","draw_087",1355,"2022-12-07","history","-0.283915149033076"
"exdqlm_univar_synth","draw_087",1355,"2022-12-08","history","-0.567985633268592"
"exdqlm_univar_synth","draw_087",1355,"2022-12-09","history","0.0613020914172924"
"exdqlm_univar_synth","draw_087",1355,"2022-12-10","history","0.00804668657075876"
"exdqlm_univar_synth","draw_087",1355,"2022-12-11","history","1.24347596625441"
"exdqlm_univar_synth","draw_087",1355,"2022-12-12","history","1.27593795554368"
"exdqlm_univar_synth","draw_087",1355,"2022-12-13","history","0.410199933055397"
"exdqlm_univar_synth","draw_087",1355,"2022-12-14","history","-0.192052117349645"
"exdqlm_univar_synth","draw_087",1355,"2022-12-15","history","-0.194131162350476"
"exdqlm_univar_synth","draw_087",1355,"2022-12-16","history","-0.158139435196292"
"exdqlm_univar_synth","draw_087",1355,"2022-12-17","history","0.112244418692991"
"exdqlm_univar_synth","draw_087",1355,"2022-12-18","history","-0.484636926890257"
"exdqlm_univar_synth","draw_087",1355,"2022-12-19","history","-0.230930092378470"
"exdqlm_univar_synth","draw_087",1355,"2022-12-20","history","0.0921269235133653"
"exdqlm_univar_synth","draw_087",1355,"2022-12-21","history","-0.158448408051940"
"exdqlm_univar_synth","draw_087",1355,"2022-12-22","history","-0.0342378837061387"
"exdqlm_univar_synth","draw_087",1355,"2022-12-23","history","-0.290372727149146"
"exdqlm_univar_synth","draw_087",1355,"2022-12-24","history","-0.0859833887944846"
"exdqlm_univar_synth","draw_087",1355,"2022-12-25","history","-0.296349505621122"
"exdqlm_univar_synth","draw_088",1370,"2022-12-07","history","-0.375560368925175"
"exdqlm_univar_synth","draw_088",1370,"2022-12-08","history","-0.642439754367266"
"exdqlm_univar_synth","draw_088",1370,"2022-12-09","history","0.0564501207817554"
"exdqlm_univar_synth","draw_088",1370,"2022-12-10","history","0.154875023125008"
"exdqlm_univar_synth","draw_088",1370,"2022-12-11","history","1.38429670482181"
"exdqlm_univar_synth","draw_088",1370,"2022-12-12","history","0.620465329508298"
"exdqlm_univar_synth","draw_088",1370,"2022-12-13","history","0.463910973566133"
"exdqlm_univar_synth","draw_088",1370,"2022-12-14","history","0.0452965165178590"
"exdqlm_univar_synth","draw_088",1370,"2022-12-15","history","0.204530761580089"
"exdqlm_univar_synth","draw_088",1370,"2022-12-16","history","-0.0187763244266804"
"exdqlm_univar_synth","draw_088",1370,"2022-12-17","history","0.229224197346983"
"exdqlm_univar_synth","draw_088",1370,"2022-12-18","history","0.0335075844371830"
"exdqlm_univar_synth","draw_088",1370,"2022-12-19","history","0.179493343550115"
"exdqlm_univar_synth","draw_088",1370,"2022-12-20","history","-0.100372545056511"
"exdqlm_univar_synth","draw_088",1370,"2022-12-21","history","0.205638391421716"
"exdqlm_univar_synth","draw_088",1370,"2022-12-22","history","0.0345928548993939"
"exdqlm_univar_synth","draw_088",1370,"2022-12-23","history","-0.0393675516020159"
"exdqlm_univar_synth","draw_088",1370,"2022-12-24","history","0.229504445946543"
"exdqlm_univar_synth","draw_088",1370,"2022-12-25","history","-0.125573989239239"
"exdqlm_univar_synth","draw_089",1386,"2022-12-07","history","-0.180713472009983"
"exdqlm_univar_synth","draw_089",1386,"2022-12-08","history","-0.474325731373378"
"exdqlm_univar_synth","draw_089",1386,"2022-12-09","history","0.199401564651500"
"exdqlm_univar_synth","draw_089",1386,"2022-12-10","history","-0.267632659002940"
"exdqlm_univar_synth","draw_089",1386,"2022-12-11","history","1.23511812556874"
"exdqlm_univar_synth","draw_089",1386,"2022-12-12","history","0.808656731356584"
"exdqlm_univar_synth","draw_089",1386,"2022-12-13","history","0.625593167393488"
"exdqlm_univar_synth","draw_089",1386,"2022-12-14","history","-0.0208265192854755"
"exdqlm_univar_synth","draw_089",1386,"2022-12-15","history","0.141215480443344"
"exdqlm_univar_synth","draw_089",1386,"2022-12-16","history","-0.153230511269917"
"exdqlm_univar_synth","draw_089",1386,"2022-12-17","history","-0.333857430244314"
"exdqlm_univar_synth","draw_089",1386,"2022-12-18","history","0.318001512872473"
"exdqlm_univar_synth","draw_089",1386,"2022-12-19","history","0.0357009355470224"
"exdqlm_univar_synth","draw_089",1386,"2022-12-20","history","-0.123096148502446"
"exdqlm_univar_synth","draw_089",1386,"2022-12-21","history","-0.167035183921543"
"exdqlm_univar_synth","draw_089",1386,"2022-12-22","history","0.190942798403230"
"exdqlm_univar_synth","draw_089",1386,"2022-12-23","history","0.321779652783019"
"exdqlm_univar_synth","draw_089",1386,"2022-12-24","history","-0.228129354211679"
"exdqlm_univar_synth","draw_089",1386,"2022-12-25","history","-0.276772567928602"
"exdqlm_univar_synth","draw_090",1402,"2022-12-07","history","-0.483110641446403"
"exdqlm_univar_synth","draw_090",1402,"2022-12-08","history","-0.560013264854801"
"exdqlm_univar_synth","draw_090",1402,"2022-12-09","history","-0.457715600369633"
"exdqlm_univar_synth","draw_090",1402,"2022-12-10","history","0.137987788797692"
"exdqlm_univar_synth","draw_090",1402,"2022-12-11","history","1.58632278218489"
"exdqlm_univar_synth","draw_090",1402,"2022-12-12","history","0.760776773248402"
"exdqlm_univar_synth","draw_090",1402,"2022-12-13","history","0.401128992639293"
"exdqlm_univar_synth","draw_090",1402,"2022-12-14","history","0.0169141119806041"
"exdqlm_univar_synth","draw_090",1402,"2022-12-15","history","-0.0992651716765484"
"exdqlm_univar_synth","draw_090",1402,"2022-12-16","history","-0.0222069439238484"
"exdqlm_univar_synth","draw_090",1402,"2022-12-17","history","-0.215187267876391"
"exdqlm_univar_synth","draw_090",1402,"2022-12-18","history","0.0437899462607236"
"exdqlm_univar_synth","draw_090",1402,"2022-12-19","history","0.102321822161613"
"exdqlm_univar_synth","draw_090",1402,"2022-12-20","history","-0.111507225402937"
"exdqlm_univar_synth","draw_090",1402,"2022-12-21","history","-0.153995803900851"
"exdqlm_univar_synth","draw_090",1402,"2022-12-22","history","-0.225400385533698"
"exdqlm_univar_synth","draw_090",1402,"2022-12-23","history","-0.263705506995724"
"exdqlm_univar_synth","draw_090",1402,"2022-12-24","history","0.209908603628431"
"exdqlm_univar_synth","draw_090",1402,"2022-12-25","history","-0.214470237495339"
"exdqlm_univar_synth","draw_091",1418,"2022-12-07","history","0.108909419988732"
"exdqlm_univar_synth","draw_091",1418,"2022-12-08","history","-0.446101151465737"
"exdqlm_univar_synth","draw_091",1418,"2022-12-09","history","-0.302216947719159"
"exdqlm_univar_synth","draw_091",1418,"2022-12-10","history","0.200104530816338"
"exdqlm_univar_synth","draw_091",1418,"2022-12-11","history","1.11324321634676"
"exdqlm_univar_synth","draw_091",1418,"2022-12-12","history","0.795496166211404"
"exdqlm_univar_synth","draw_091",1418,"2022-12-13","history","0.483954607731482"
"exdqlm_univar_synth","draw_091",1418,"2022-12-14","history","-0.0357823651663313"
"exdqlm_univar_synth","draw_091",1418,"2022-12-15","history","-0.162120496756371"
"exdqlm_univar_synth","draw_091",1418,"2022-12-16","history","0.136001094213175"
"exdqlm_univar_synth","draw_091",1418,"2022-12-17","history","0.106267101590559"
"exdqlm_univar_synth","draw_091",1418,"2022-12-18","history","-0.184076333285241"
"exdqlm_univar_synth","draw_091",1418,"2022-12-19","history","0.252342186553115"
"exdqlm_univar_synth","draw_091",1418,"2022-12-20","history","-0.224041903425568"
"exdqlm_univar_synth","draw_091",1418,"2022-12-21","history","-0.266157751712077"
"exdqlm_univar_synth","draw_091",1418,"2022-12-22","history","-0.251926297589088"
"exdqlm_univar_synth","draw_091",1418,"2022-12-23","history","-0.218383075492494"
"exdqlm_univar_synth","draw_091",1418,"2022-12-24","history","-0.0381230595004413"
"exdqlm_univar_synth","draw_091",1418,"2022-12-25","history","-0.279592096536165"
"exdqlm_univar_synth","draw_092",1433,"2022-12-07","history","-0.122385046643355"
"exdqlm_univar_synth","draw_092",1433,"2022-12-08","history","-0.469639649960610"
"exdqlm_univar_synth","draw_092",1433,"2022-12-09","history","0.172093867599945"
"exdqlm_univar_synth","draw_092",1433,"2022-12-10","history","-0.0227431009074915"
"exdqlm_univar_synth","draw_092",1433,"2022-12-11","history","1.42807563865261"
"exdqlm_univar_synth","draw_092",1433,"2022-12-12","history","0.829048531894729"
"exdqlm_univar_synth","draw_092",1433,"2022-12-13","history","0.731073458381629"
"exdqlm_univar_synth","draw_092",1433,"2022-12-14","history","0.394458395147481"
"exdqlm_univar_synth","draw_092",1433,"2022-12-15","history","-0.0513707941764983"
"exdqlm_univar_synth","draw_092",1433,"2022-12-16","history","-0.120296876618251"
"exdqlm_univar_synth","draw_092",1433,"2022-12-17","history","0.261896160520772"
"exdqlm_univar_synth","draw_092",1433,"2022-12-18","history","-0.120333818154324"
"exdqlm_univar_synth","draw_092",1433,"2022-12-19","history","-0.0802410318710964"
"exdqlm_univar_synth","draw_092",1433,"2022-12-20","history","-0.00441047694784227"
"exdqlm_univar_synth","draw_092",1433,"2022-12-21","history","-0.0579081994495894"
"exdqlm_univar_synth","draw_092",1433,"2022-12-22","history","0.231380412438616"
"exdqlm_univar_synth","draw_092",1433,"2022-12-23","history","-0.452214820418459"
"exdqlm_univar_synth","draw_092",1433,"2022-12-24","history","0.273051306606272"
"exdqlm_univar_synth","draw_092",1433,"2022-12-25","history","-0.285580784357864"
"exdqlm_univar_synth","draw_093",1449,"2022-12-07","history","-0.376512781349748"
"exdqlm_univar_synth","draw_093",1449,"2022-12-08","history","-0.442310939456566"
"exdqlm_univar_synth","draw_093",1449,"2022-12-09","history","-0.237270176810600"
"exdqlm_univar_synth","draw_093",1449,"2022-12-10","history","0.0345301201209001"
"exdqlm_univar_synth","draw_093",1449,"2022-12-11","history","1.39329766274600"
"exdqlm_univar_synth","draw_093",1449,"2022-12-12","history","0.925613071911698"
"exdqlm_univar_synth","draw_093",1449,"2022-12-13","history","0.590659321512371"
"exdqlm_univar_synth","draw_093",1449,"2022-12-14","history","0.0615398111798446"
"exdqlm_univar_synth","draw_093",1449,"2022-12-15","history","-0.139218985410793"
"exdqlm_univar_synth","draw_093",1449,"2022-12-16","history","-0.0863979653194962"
"exdqlm_univar_synth","draw_093",1449,"2022-12-17","history","-0.0599586761717126"
"exdqlm_univar_synth","draw_093",1449,"2022-12-18","history","-0.0288428032772543"
"exdqlm_univar_synth","draw_093",1449,"2022-12-19","history","-0.0870502371865297"
"exdqlm_univar_synth","draw_093",1449,"2022-12-20","history","-0.129585532926197"
"exdqlm_univar_synth","draw_093",1449,"2022-12-21","history","0.192810467649997"
"exdqlm_univar_synth","draw_093",1449,"2022-12-22","history","-0.278653160698816"
"exdqlm_univar_synth","draw_093",1449,"2022-12-23","history","0.0341011102693274"
"exdqlm_univar_synth","draw_093",1449,"2022-12-24","history","-0.125252219977320"
"exdqlm_univar_synth","draw_093",1449,"2022-12-25","history","-0.145031774267296"
"exdqlm_univar_synth","draw_094",1465,"2022-12-07","history","-0.442257879863680"
"exdqlm_univar_synth","draw_094",1465,"2022-12-08","history","-0.308267560128132"
"exdqlm_univar_synth","draw_094",1465,"2022-12-09","history","-0.407978343735829"
"exdqlm_univar_synth","draw_094",1465,"2022-12-10","history","0.294411301218219"
"exdqlm_univar_synth","draw_094",1465,"2022-12-11","history","1.34421122642634"
"exdqlm_univar_synth","draw_094",1465,"2022-12-12","history","1.04735450040930"
"exdqlm_univar_synth","draw_094",1465,"2022-12-13","history","0.360819460717995"
"exdqlm_univar_synth","draw_094",1465,"2022-12-14","history","-0.0250159349023355"
"exdqlm_univar_synth","draw_094",1465,"2022-12-15","history","0.140804245875658"
"exdqlm_univar_synth","draw_094",1465,"2022-12-16","history","-0.102017146624627"
"exdqlm_univar_synth","draw_094",1465,"2022-12-17","history","0.109078845349257"
"exdqlm_univar_synth","draw_094",1465,"2022-12-18","history","-0.0636150646309418"
"exdqlm_univar_synth","draw_094",1465,"2022-12-19","history","0.0608842208961882"
"exdqlm_univar_synth","draw_094",1465,"2022-12-20","history","-0.221099544469815"
"exdqlm_univar_synth","draw_094",1465,"2022-12-21","history","-0.132327469002908"
"exdqlm_univar_synth","draw_094",1465,"2022-12-22","history","0.00874686061527661"
"exdqlm_univar_synth","draw_094",1465,"2022-12-23","history","-0.129934886472590"
"exdqlm_univar_synth","draw_094",1465,"2022-12-24","history","-0.146978695546596"
"exdqlm_univar_synth","draw_094",1465,"2022-12-25","history","-0.320499931708692"
"exdqlm_univar_synth","draw_095",1481,"2022-12-07","history","-0.318024776834581"
"exdqlm_univar_synth","draw_095",1481,"2022-12-08","history","-0.217605583535277"
"exdqlm_univar_synth","draw_095",1481,"2022-12-09","history","-0.243806583305166"
"exdqlm_univar_synth","draw_095",1481,"2022-12-10","history","-0.0993976914590101"
"exdqlm_univar_synth","draw_095",1481,"2022-12-11","history","0.909648553631247"
"exdqlm_univar_synth","draw_095",1481,"2022-12-12","history","0.924409410827107"
"exdqlm_univar_synth","draw_095",1481,"2022-12-13","history","0.513293318868176"
"exdqlm_univar_synth","draw_095",1481,"2022-12-14","history","0.0815251255592872"
"exdqlm_univar_synth","draw_095",1481,"2022-12-15","history","0.259283966299479"
"exdqlm_univar_synth","draw_095",1481,"2022-12-16","history","-0.393891168387795"
"exdqlm_univar_synth","draw_095",1481,"2022-12-17","history","-0.0339436496206825"
"exdqlm_univar_synth","draw_095",1481,"2022-12-18","history","0.129023567165253"
"exdqlm_univar_synth","draw_095",1481,"2022-12-19","history","0.124431145789527"
"exdqlm_univar_synth","draw_095",1481,"2022-12-20","history","-0.191303535278793"
"exdqlm_univar_synth","draw_095",1481,"2022-12-21","history","-0.0637403726908953"
"exdqlm_univar_synth","draw_095",1481,"2022-12-22","history","-0.226046510896801"
"exdqlm_univar_synth","draw_095",1481,"2022-12-23","history","-0.202287522597161"
"exdqlm_univar_synth","draw_095",1481,"2022-12-24","history","0.000706171953904037"
"exdqlm_univar_synth","draw_095",1481,"2022-12-25","history","-0.00580776499676587"
"exdqlm_univar_synth","draw_096",1496,"2022-12-07","history","-0.307707781084457"
"exdqlm_univar_synth","draw_096",1496,"2022-12-08","history","-0.506839288627537"
"exdqlm_univar_synth","draw_096",1496,"2022-12-09","history","0.0900935896987305"
"exdqlm_univar_synth","draw_096",1496,"2022-12-10","history","0.0570255016877226"
"exdqlm_univar_synth","draw_096",1496,"2022-12-11","history","1.45705565052451"
"exdqlm_univar_synth","draw_096",1496,"2022-12-12","history","0.920178994699579"
"exdqlm_univar_synth","draw_096",1496,"2022-12-13","history","0.637601066765530"
"exdqlm_univar_synth","draw_096",1496,"2022-12-14","history","0.429125437531876"
"exdqlm_univar_synth","draw_096",1496,"2022-12-15","history","-0.0663784736307557"
"exdqlm_univar_synth","draw_096",1496,"2022-12-16","history","-0.0807691193244429"
"exdqlm_univar_synth","draw_096",1496,"2022-12-17","history","0.178742245286306"
"exdqlm_univar_synth","draw_096",1496,"2022-12-18","history","-0.0825850694050429"
"exdqlm_univar_synth","draw_096",1496,"2022-12-19","history","0.00589267397436842"
"exdqlm_univar_synth","draw_096",1496,"2022-12-20","history","0.0650521554091044"
"exdqlm_univar_synth","draw_096",1496,"2022-12-21","history","0.171951307067133"
"exdqlm_univar_synth","draw_096",1496,"2022-12-22","history","-0.175031093841406"
"exdqlm_univar_synth","draw_096",1496,"2022-12-23","history","0.237934219426502"
"exdqlm_univar_synth","draw_096",1496,"2022-12-24","history","0.139763044242242"
"exdqlm_univar_synth","draw_096",1496,"2022-12-25","history","-0.298423356283460"
"exdqlm_univar_synth","draw_097",1512,"2022-12-07","history","-0.0202802254134847"
"exdqlm_univar_synth","draw_097",1512,"2022-12-08","history","-0.485620436553282"
"exdqlm_univar_synth","draw_097",1512,"2022-12-09","history","-0.436903169639023"
"exdqlm_univar_synth","draw_097",1512,"2022-12-10","history","0.136561834593532"
"exdqlm_univar_synth","draw_097",1512,"2022-12-11","history","1.18600215858096"
"exdqlm_univar_synth","draw_097",1512,"2022-12-12","history","1.24926788970479"
"exdqlm_univar_synth","draw_097",1512,"2022-12-13","history","0.458433743959235"
"exdqlm_univar_synth","draw_097",1512,"2022-12-14","history","0.0556377825693708"
"exdqlm_univar_synth","draw_097",1512,"2022-12-15","history","0.128182869167690"
"exdqlm_univar_synth","draw_097",1512,"2022-12-16","history","-0.0672594586199082"
"exdqlm_univar_synth","draw_097",1512,"2022-12-17","history","0.247579836612711"
"exdqlm_univar_synth","draw_097",1512,"2022-12-18","history","0.112887873018254"
"exdqlm_univar_synth","draw_097",1512,"2022-12-19","history","0.145846746807956"
"exdqlm_univar_synth","draw_097",1512,"2022-12-20","history","-0.180023700702043"
"exdqlm_univar_synth","draw_097",1512,"2022-12-21","history","-0.215889015099241"
"exdqlm_univar_synth","draw_097",1512,"2022-12-22","history","0.0325159969838098"
"exdqlm_univar_synth","draw_097",1512,"2022-12-23","history","-0.0848630566891626"
"exdqlm_univar_synth","draw_097",1512,"2022-12-24","history","-0.0788485731250625"
"exdqlm_univar_synth","draw_097",1512,"2022-12-25","history","-0.252583489418720"
"exdqlm_univar_synth","draw_098",1528,"2022-12-07","history","-0.158980875196032"
"exdqlm_univar_synth","draw_098",1528,"2022-12-08","history","-0.131853768448078"
"exdqlm_univar_synth","draw_098",1528,"2022-12-09","history","0.216517755298607"
"exdqlm_univar_synth","draw_098",1528,"2022-12-10","history","-0.143677005249322"
"exdqlm_univar_synth","draw_098",1528,"2022-12-11","history","1.51216513318981"
"exdqlm_univar_synth","draw_098",1528,"2022-12-12","history","0.965872586249596"
"exdqlm_univar_synth","draw_098",1528,"2022-12-13","history","0.514770558775550"
"exdqlm_univar_synth","draw_098",1528,"2022-12-14","history","-0.0808451244085740"
"exdqlm_univar_synth","draw_098",1528,"2022-12-15","history","-0.366855706227964"
"exdqlm_univar_synth","draw_098",1528,"2022-12-16","history","-0.124356500894426"
"exdqlm_univar_synth","draw_098",1528,"2022-12-17","history","-0.298554180657021"
"exdqlm_univar_synth","draw_098",1528,"2022-12-18","history","-0.276289349446810"
"exdqlm_univar_synth","draw_098",1528,"2022-12-19","history","0.121692919303898"
"exdqlm_univar_synth","draw_098",1528,"2022-12-20","history","-0.0735693880334002"
"exdqlm_univar_synth","draw_098",1528,"2022-12-21","history","-0.0995020701539085"
"exdqlm_univar_synth","draw_098",1528,"2022-12-22","history","-0.237348928528247"
"exdqlm_univar_synth","draw_098",1528,"2022-12-23","history","0.0325202277376713"
"exdqlm_univar_synth","draw_098",1528,"2022-12-24","history","-0.0319186254241206"
"exdqlm_univar_synth","draw_098",1528,"2022-12-25","history","-0.162277581971038"
"exdqlm_univar_synth","draw_099",1544,"2022-12-07","history","-0.495374941954746"
"exdqlm_univar_synth","draw_099",1544,"2022-12-08","history","-0.384719010813777"
"exdqlm_univar_synth","draw_099",1544,"2022-12-09","history","-0.220302894554758"
"exdqlm_univar_synth","draw_099",1544,"2022-12-10","history","0.116665411655013"
"exdqlm_univar_synth","draw_099",1544,"2022-12-11","history","0.839879617667070"
"exdqlm_univar_synth","draw_099",1544,"2022-12-12","history","0.919703205360560"
"exdqlm_univar_synth","draw_099",1544,"2022-12-13","history","0.413663566874862"
"exdqlm_univar_synth","draw_099",1544,"2022-12-14","history","0.0228074864635464"
"exdqlm_univar_synth","draw_099",1544,"2022-12-15","history","-0.0133831431197848"
"exdqlm_univar_synth","draw_099",1544,"2022-12-16","history","0.0451937974113779"
"exdqlm_univar_synth","draw_099",1544,"2022-12-17","history","-0.217455471746994"
"exdqlm_univar_synth","draw_099",1544,"2022-12-18","history","0.185061085775426"
"exdqlm_univar_synth","draw_099",1544,"2022-12-19","history","-0.0951294607705650"
"exdqlm_univar_synth","draw_099",1544,"2022-12-20","history","0.268448908983905"
"exdqlm_univar_synth","draw_099",1544,"2022-12-21","history","0.224048671444689"
"exdqlm_univar_synth","draw_099",1544,"2022-12-22","history","0.0954696298226817"
"exdqlm_univar_synth","draw_099",1544,"2022-12-23","history","-0.267854648496436"
"exdqlm_univar_synth","draw_099",1544,"2022-12-24","history","-0.245911535998393"
"exdqlm_univar_synth","draw_099",1544,"2022-12-25","history","-0.195147716988138"
"exdqlm_univar_synth","draw_100",1559,"2022-12-07","history","0.0546527691952765"
"exdqlm_univar_synth","draw_100",1559,"2022-12-08","history","-0.506158175969279"
"exdqlm_univar_synth","draw_100",1559,"2022-12-09","history","0.0486077214983246"
"exdqlm_univar_synth","draw_100",1559,"2022-12-10","history","-0.0207853571812406"
"exdqlm_univar_synth","draw_100",1559,"2022-12-11","history","0.714899611392686"
"exdqlm_univar_synth","draw_100",1559,"2022-12-12","history","0.451084538917674"
"exdqlm_univar_synth","draw_100",1559,"2022-12-13","history","-0.0776119025668542"
"exdqlm_univar_synth","draw_100",1559,"2022-12-14","history","0.118102659050903"
"exdqlm_univar_synth","draw_100",1559,"2022-12-15","history","0.00874337309406816"
"exdqlm_univar_synth","draw_100",1559,"2022-12-16","history","-0.0588762985741846"
"exdqlm_univar_synth","draw_100",1559,"2022-12-17","history","0.0988833790513747"
"exdqlm_univar_synth","draw_100",1559,"2022-12-18","history","-0.284522405868555"
"exdqlm_univar_synth","draw_100",1559,"2022-12-19","history","-0.00828276540578541"
"exdqlm_univar_synth","draw_100",1559,"2022-12-20","history","-0.0525793513830469"
"exdqlm_univar_synth","draw_100",1559,"2022-12-21","history","-0.0563139817400938"
"exdqlm_univar_synth","draw_100",1559,"2022-12-22","history","-0.249446003922167"
"exdqlm_univar_synth","draw_100",1559,"2022-12-23","history","-0.0827455017777975"
"exdqlm_univar_synth","draw_100",1559,"2022-12-24","history","0.182347666704054"
"exdqlm_univar_synth","draw_100",1559,"2022-12-25","history","-0.218453088511566"
"exdqlm_univar_synth","draw_101",1575,"2022-12-07","history","0.0489021813249662"
"exdqlm_univar_synth","draw_101",1575,"2022-12-08","history","-0.00671930590399199"
"exdqlm_univar_synth","draw_101",1575,"2022-12-09","history","-0.258612274224441"
"exdqlm_univar_synth","draw_101",1575,"2022-12-10","history","0.206680288253975"
"exdqlm_univar_synth","draw_101",1575,"2022-12-11","history","1.58784958595074"
"exdqlm_univar_synth","draw_101",1575,"2022-12-12","history","0.790022267280234"
"exdqlm_univar_synth","draw_101",1575,"2022-12-13","history","0.607844943495865"
"exdqlm_univar_synth","draw_101",1575,"2022-12-14","history","0.362509965627035"
"exdqlm_univar_synth","draw_101",1575,"2022-12-15","history","-0.0782409149971815"
"exdqlm_univar_synth","draw_101",1575,"2022-12-16","history","0.0602336334312284"
"exdqlm_univar_synth","draw_101",1575,"2022-12-17","history","0.0324677009028923"
"exdqlm_univar_synth","draw_101",1575,"2022-12-18","history","-0.185909954735110"
"exdqlm_univar_synth","draw_101",1575,"2022-12-19","history","0.0873580375449019"
"exdqlm_univar_synth","draw_101",1575,"2022-12-20","history","-0.0196032775390852"
"exdqlm_univar_synth","draw_101",1575,"2022-12-21","history","0.246542450042747"
"exdqlm_univar_synth","draw_101",1575,"2022-12-22","history","-0.0410462333154455"
"exdqlm_univar_synth","draw_101",1575,"2022-12-23","history","-0.240040055031819"
"exdqlm_univar_synth","draw_101",1575,"2022-12-24","history","0.208290027176510"
"exdqlm_univar_synth","draw_101",1575,"2022-12-25","history","-0.155578925987529"
"exdqlm_univar_synth","draw_102",1591,"2022-12-07","history","-0.458559780541876"
"exdqlm_univar_synth","draw_102",1591,"2022-12-08","history","-0.480306208930738"
"exdqlm_univar_synth","draw_102",1591,"2022-12-09","history","-0.330919500067818"
"exdqlm_univar_synth","draw_102",1591,"2022-12-10","history","-0.104571958840184"
"exdqlm_univar_synth","draw_102",1591,"2022-12-11","history","1.15549530195848"
"exdqlm_univar_synth","draw_102",1591,"2022-12-12","history","0.766028721476140"
"exdqlm_univar_synth","draw_102",1591,"2022-12-13","history","1.26254417775922"
"exdqlm_univar_synth","draw_102",1591,"2022-12-14","history","-0.105125319881181"
"exdqlm_univar_synth","draw_102",1591,"2022-12-15","history","-0.185064174790731"
"exdqlm_univar_synth","draw_102",1591,"2022-12-16","history","-0.0726197659109714"
"exdqlm_univar_synth","draw_102",1591,"2022-12-17","history","-0.467361758340278"
"exdqlm_univar_synth","draw_102",1591,"2022-12-18","history","0.305938907967378"
"exdqlm_univar_synth","draw_102",1591,"2022-12-19","history","0.0452700694252794"
"exdqlm_univar_synth","draw_102",1591,"2022-12-20","history","-0.237170858097058"
"exdqlm_univar_synth","draw_102",1591,"2022-12-21","history","-0.128122352337522"
"exdqlm_univar_synth","draw_102",1591,"2022-12-22","history","-0.0487016673846815"
"exdqlm_univar_synth","draw_102",1591,"2022-12-23","history","0.156557184271895"
"exdqlm_univar_synth","draw_102",1591,"2022-12-24","history","-0.193836340337432"
"exdqlm_univar_synth","draw_102",1591,"2022-12-25","history","-0.179916745011540"
"exdqlm_univar_synth","draw_103",1606,"2022-12-07","history","-0.437309776609022"
"exdqlm_univar_synth","draw_103",1606,"2022-12-08","history","-0.289507202683401"
"exdqlm_univar_synth","draw_103",1606,"2022-12-09","history","-0.114284021756279"
"exdqlm_univar_synth","draw_103",1606,"2022-12-10","history","0.208755482460865"
"exdqlm_univar_synth","draw_103",1606,"2022-12-11","history","1.08269049529493"
"exdqlm_univar_synth","draw_103",1606,"2022-12-12","history","0.796719900970799"
"exdqlm_univar_synth","draw_103",1606,"2022-12-13","history","0.967516875472559"
"exdqlm_univar_synth","draw_103",1606,"2022-12-14","history","0.281383271035009"
"exdqlm_univar_synth","draw_103",1606,"2022-12-15","history","-0.217251373905291"
"exdqlm_univar_synth","draw_103",1606,"2022-12-16","history","0.286851995294145"
"exdqlm_univar_synth","draw_103",1606,"2022-12-17","history","0.0492027548017140"
"exdqlm_univar_synth","draw_103",1606,"2022-12-18","history","0.192261480017482"
"exdqlm_univar_synth","draw_103",1606,"2022-12-19","history","0.295271851278454"
"exdqlm_univar_synth","draw_103",1606,"2022-12-20","history","-0.178854621417378"
"exdqlm_univar_synth","draw_103",1606,"2022-12-21","history","-0.0420329712694924"
"exdqlm_univar_synth","draw_103",1606,"2022-12-22","history","-0.0843913594543725"
"exdqlm_univar_synth","draw_103",1606,"2022-12-23","history","0.188020194891310"
"exdqlm_univar_synth","draw_103",1606,"2022-12-24","history","-0.241434575314592"
"exdqlm_univar_synth","draw_103",1606,"2022-12-25","history","-0.156497579692918"
"exdqlm_univar_synth","draw_104",1622,"2022-12-07","history","-0.400916858331349"
"exdqlm_univar_synth","draw_104",1622,"2022-12-08","history","-0.463582150327090"
"exdqlm_univar_synth","draw_104",1622,"2022-12-09","history","0.00255666868906430"
"exdqlm_univar_synth","draw_104",1622,"2022-12-10","history","0.118444403991389"
"exdqlm_univar_synth","draw_104",1622,"2022-12-11","history","0.890222470376261"
"exdqlm_univar_synth","draw_104",1622,"2022-12-12","history","0.909666352377908"
"exdqlm_univar_synth","draw_104",1622,"2022-12-13","history","0.488512917576733"
"exdqlm_univar_synth","draw_104",1622,"2022-12-14","history","0.0282421123287056"
"exdqlm_univar_synth","draw_104",1622,"2022-12-15","history","0.0138323016247139"
"exdqlm_univar_synth","draw_104",1622,"2022-12-16","history","-0.124415909929845"
"exdqlm_univar_synth","draw_104",1622,"2022-12-17","history","-0.103912118575647"
"exdqlm_univar_synth","draw_104",1622,"2022-12-18","history","-0.226889754197767"
"exdqlm_univar_synth","draw_104",1622,"2022-12-19","history","0.112832249667897"
"exdqlm_univar_synth","draw_104",1622,"2022-12-20","history","0.106892685237556"
"exdqlm_univar_synth","draw_104",1622,"2022-12-21","history","-0.148452156842614"
"exdqlm_univar_synth","draw_104",1622,"2022-12-22","history","-0.0909241832496361"
"exdqlm_univar_synth","draw_104",1622,"2022-12-23","history","0.0557742801751217"
"exdqlm_univar_synth","draw_104",1622,"2022-12-24","history","-0.427632763973157"
"exdqlm_univar_synth","draw_104",1622,"2022-12-25","history","-0.250244835290855"
"exdqlm_univar_synth","draw_105",1638,"2022-12-07","history","-0.211102105932048"
"exdqlm_univar_synth","draw_105",1638,"2022-12-08","history","-0.392064099551783"
"exdqlm_univar_synth","draw_105",1638,"2022-12-09","history","0.105246929146910"
"exdqlm_univar_synth","draw_105",1638,"2022-12-10","history","-0.0925329678273989"
"exdqlm_univar_synth","draw_105",1638,"2022-12-11","history","0.952214654832671"
"exdqlm_univar_synth","draw_105",1638,"2022-12-12","history","0.762488400509920"
"exdqlm_univar_synth","draw_105",1638,"2022-12-13","history","0.461692323108680"
"exdqlm_univar_synth","draw_105",1638,"2022-12-14","history","0.0118096384884770"
"exdqlm_univar_synth","draw_105",1638,"2022-12-15","history","0.00529199108537490"
"exdqlm_univar_synth","draw_105",1638,"2022-12-16","history","-0.0341518074284625"
"exdqlm_univar_synth","draw_105",1638,"2022-12-17","history","-0.296007013090819"
"exdqlm_univar_synth","draw_105",1638,"2022-12-18","history","-0.118580274406130"
"exdqlm_univar_synth","draw_105",1638,"2022-12-19","history","-0.0885148373839654"
"exdqlm_univar_synth","draw_105",1638,"2022-12-20","history","-0.110529100535896"
"exdqlm_univar_synth","draw_105",1638,"2022-12-21","history","0.0797626775088683"
"exdqlm_univar_synth","draw_105",1638,"2022-12-22","history","-0.00774430667874726"
"exdqlm_univar_synth","draw_105",1638,"2022-12-23","history","-0.134798447627129"
"exdqlm_univar_synth","draw_105",1638,"2022-12-24","history","0.0680165562633648"
"exdqlm_univar_synth","draw_105",1638,"2022-12-25","history","-0.161183795572738"
"exdqlm_univar_synth","draw_106",1654,"2022-12-07","history","-0.292179030644797"
"exdqlm_univar_synth","draw_106",1654,"2022-12-08","history","-0.143032349492575"
"exdqlm_univar_synth","draw_106",1654,"2022-12-09","history","0.0646595061491528"
"exdqlm_univar_synth","draw_106",1654,"2022-12-10","history","0.249225201423006"
"exdqlm_univar_synth","draw_106",1654,"2022-12-11","history","1.02360332084646"
"exdqlm_univar_synth","draw_106",1654,"2022-12-12","history","1.24235722777174"
"exdqlm_univar_synth","draw_106",1654,"2022-12-13","history","0.650697641922846"
"exdqlm_univar_synth","draw_106",1654,"2022-12-14","history","0.273526166986583"
"exdqlm_univar_synth","draw_106",1654,"2022-12-15","history","0.0689622428415868"
"exdqlm_univar_synth","draw_106",1654,"2022-12-16","history","-0.236895075448553"
"exdqlm_univar_synth","draw_106",1654,"2022-12-17","history","-0.140937010576102"
"exdqlm_univar_synth","draw_106",1654,"2022-12-18","history","-0.00341277980455624"
"exdqlm_univar_synth","draw_106",1654,"2022-12-19","history","-0.213941273449901"
"exdqlm_univar_synth","draw_106",1654,"2022-12-20","history","-0.162855111512421"
"exdqlm_univar_synth","draw_106",1654,"2022-12-21","history","-0.193453801474398"
"exdqlm_univar_synth","draw_106",1654,"2022-12-22","history","-0.0528103472783586"
"exdqlm_univar_synth","draw_106",1654,"2022-12-23","history","-0.298212287948281"
"exdqlm_univar_synth","draw_106",1654,"2022-12-24","history","0.109127577840236"
"exdqlm_univar_synth","draw_106",1654,"2022-12-25","history","-0.456254152771566"
"exdqlm_univar_synth","draw_107",1669,"2022-12-07","history","-0.370276461700968"
"exdqlm_univar_synth","draw_107",1669,"2022-12-08","history","-0.550383914784451"
"exdqlm_univar_synth","draw_107",1669,"2022-12-09","history","-0.394176621717323"
"exdqlm_univar_synth","draw_107",1669,"2022-12-10","history","0.254282326846695"
"exdqlm_univar_synth","draw_107",1669,"2022-12-11","history","1.23831324662710"
"exdqlm_univar_synth","draw_107",1669,"2022-12-12","history","0.776604768366185"
"exdqlm_univar_synth","draw_107",1669,"2022-12-13","history","0.592192202465262"
"exdqlm_univar_synth","draw_107",1669,"2022-12-14","history","0.247595322019896"
"exdqlm_univar_synth","draw_107",1669,"2022-12-15","history","0.134181608880357"
"exdqlm_univar_synth","draw_107",1669,"2022-12-16","history","0.443855674368552"
"exdqlm_univar_synth","draw_107",1669,"2022-12-17","history","0.333597523893754"
"exdqlm_univar_synth","draw_107",1669,"2022-12-18","history","0.0577822687202866"
"exdqlm_univar_synth","draw_107",1669,"2022-12-19","history","-0.0852705433701931"
"exdqlm_univar_synth","draw_107",1669,"2022-12-20","history","-0.184765332547526"
"exdqlm_univar_synth","draw_107",1669,"2022-12-21","history","-0.161348408977778"
"exdqlm_univar_synth","draw_107",1669,"2022-12-22","history","0.145884254031485"
"exdqlm_univar_synth","draw_107",1669,"2022-12-23","history","-0.0542326049105086"
"exdqlm_univar_synth","draw_107",1669,"2022-12-24","history","-0.0431552367821353"
"exdqlm_univar_synth","draw_107",1669,"2022-12-25","history","-0.0648285127302007"
"exdqlm_univar_synth","draw_108",1685,"2022-12-07","history","0.0551704490756370"
"exdqlm_univar_synth","draw_108",1685,"2022-12-08","history","-0.130947166007402"
"exdqlm_univar_synth","draw_108",1685,"2022-12-09","history","-0.334130612994152"
"exdqlm_univar_synth","draw_108",1685,"2022-12-10","history","0.329493574352689"
"exdqlm_univar_synth","draw_108",1685,"2022-12-11","history","1.27792650636341"
"exdqlm_univar_synth","draw_108",1685,"2022-12-12","history","0.715701799802898"
"exdqlm_univar_synth","draw_108",1685,"2022-12-13","history","0.438861323660122"
"exdqlm_univar_synth","draw_108",1685,"2022-12-14","history","0.191504658380105"
"exdqlm_univar_synth","draw_108",1685,"2022-12-15","history","-0.151755794578798"
"exdqlm_univar_synth","draw_108",1685,"2022-12-16","history","0.334904539538439"
"exdqlm_univar_synth","draw_108",1685,"2022-12-17","history","-0.115425635038487"
"exdqlm_univar_synth","draw_108",1685,"2022-12-18","history","-0.191431236612264"
"exdqlm_univar_synth","draw_108",1685,"2022-12-19","history","0.246943264168340"
"exdqlm_univar_synth","draw_108",1685,"2022-12-20","history","-0.252046507680626"
"exdqlm_univar_synth","draw_108",1685,"2022-12-21","history","-0.0601913024283530"
"exdqlm_univar_synth","draw_108",1685,"2022-12-22","history","-0.0168331744346468"
"exdqlm_univar_synth","draw_108",1685,"2022-12-23","history","-0.228434489066694"
"exdqlm_univar_synth","draw_108",1685,"2022-12-24","history","-0.336226980528149"
"exdqlm_univar_synth","draw_108",1685,"2022-12-25","history","0.0427350681507087"
"exdqlm_univar_synth","draw_109",1701,"2022-12-07","history","-0.217821246289636"
"exdqlm_univar_synth","draw_109",1701,"2022-12-08","history","-0.320760170020418"
"exdqlm_univar_synth","draw_109",1701,"2022-12-09","history","-0.185386696460897"
"exdqlm_univar_synth","draw_109",1701,"2022-12-10","history","-0.215226356517645"
"exdqlm_univar_synth","draw_109",1701,"2022-12-11","history","0.884111394882019"
"exdqlm_univar_synth","draw_109",1701,"2022-12-12","history","1.24294117378386"
"exdqlm_univar_synth","draw_109",1701,"2022-12-13","history","0.336276172183862"
"exdqlm_univar_synth","draw_109",1701,"2022-12-14","history","0.245787791997471"
"exdqlm_univar_synth","draw_109",1701,"2022-12-15","history","-0.0603685791435188"
"exdqlm_univar_synth","draw_109",1701,"2022-12-16","history","-0.166854925052623"
"exdqlm_univar_synth","draw_109",1701,"2022-12-17","history","0.00494794515540232"
"exdqlm_univar_synth","draw_109",1701,"2022-12-18","history","-0.0786340876393645"
"exdqlm_univar_synth","draw_109",1701,"2022-12-19","history","-0.101120337846761"
"exdqlm_univar_synth","draw_109",1701,"2022-12-20","history","0.0940965442402565"
"exdqlm_univar_synth","draw_109",1701,"2022-12-21","history","0.253410853509987"
"exdqlm_univar_synth","draw_109",1701,"2022-12-22","history","-0.255299029015669"
"exdqlm_univar_synth","draw_109",1701,"2022-12-23","history","-0.217124395014846"
"exdqlm_univar_synth","draw_109",1701,"2022-12-24","history","0.105662057873628"
"exdqlm_univar_synth","draw_109",1701,"2022-12-25","history","0.0429884545906934"
"exdqlm_univar_synth","draw_110",1717,"2022-12-07","history","-0.475186962078345"
"exdqlm_univar_synth","draw_110",1717,"2022-12-08","history","-0.381961246486528"
"exdqlm_univar_synth","draw_110",1717,"2022-12-09","history","-0.219475885083679"
"exdqlm_univar_synth","draw_110",1717,"2022-12-10","history","-0.231795570341679"
"exdqlm_univar_synth","draw_110",1717,"2022-12-11","history","1.20599657465491"
"exdqlm_univar_synth","draw_110",1717,"2022-12-12","history","1.02679821170154"
"exdqlm_univar_synth","draw_110",1717,"2022-12-13","history","0.253239557600595"
"exdqlm_univar_synth","draw_110",1717,"2022-12-14","history","0.0558036604341833"
"exdqlm_univar_synth","draw_110",1717,"2022-12-15","history","0.137302624315355"
"exdqlm_univar_synth","draw_110",1717,"2022-12-16","history","-0.223443817925315"
"exdqlm_univar_synth","draw_110",1717,"2022-12-17","history","0.0358968617681210"
"exdqlm_univar_synth","draw_110",1717,"2022-12-18","history","0.0287885910313994"
"exdqlm_univar_synth","draw_110",1717,"2022-12-19","history","0.108091669905073"
"exdqlm_univar_synth","draw_110",1717,"2022-12-20","history","-0.108807796228912"
"exdqlm_univar_synth","draw_110",1717,"2022-12-21","history","0.0761553414802813"
"exdqlm_univar_synth","draw_110",1717,"2022-12-22","history","-0.0382225163330713"
"exdqlm_univar_synth","draw_110",1717,"2022-12-23","history","-0.104598718744636"
"exdqlm_univar_synth","draw_110",1717,"2022-12-24","history","-0.128288545801852"
"exdqlm_univar_synth","draw_110",1717,"2022-12-25","history","-0.181040369070578"
"exdqlm_univar_synth","draw_111",1732,"2022-12-07","history","-0.257872451107771"
"exdqlm_univar_synth","draw_111",1732,"2022-12-08","history","-0.103647288554699"
"exdqlm_univar_synth","draw_111",1732,"2022-12-09","history","-0.0269363497718323"
"exdqlm_univar_synth","draw_111",1732,"2022-12-10","history","-0.290606813062095"
"exdqlm_univar_synth","draw_111",1732,"2022-12-11","history","1.19733499983257"
"exdqlm_univar_synth","draw_111",1732,"2022-12-12","history","0.789835080682618"
"exdqlm_univar_synth","draw_111",1732,"2022-12-13","history","0.448909935249525"
"exdqlm_univar_synth","draw_111",1732,"2022-12-14","history","-0.0230533673493435"
"exdqlm_univar_synth","draw_111",1732,"2022-12-15","history","0.326653190660237"
"exdqlm_univar_synth","draw_111",1732,"2022-12-16","history","-0.305323388352513"
"exdqlm_univar_synth","draw_111",1732,"2022-12-17","history","-0.0602855461099653"
"exdqlm_univar_synth","draw_111",1732,"2022-12-18","history","-0.222252637871890"
"exdqlm_univar_synth","draw_111",1732,"2022-12-19","history","0.287237085232546"
"exdqlm_univar_synth","draw_111",1732,"2022-12-20","history","0.171744465232232"
"exdqlm_univar_synth","draw_111",1732,"2022-12-21","history","-0.258701826737758"
"exdqlm_univar_synth","draw_111",1732,"2022-12-22","history","-0.156108616046849"
"exdqlm_univar_synth","draw_111",1732,"2022-12-23","history","-0.192349096004795"
"exdqlm_univar_synth","draw_111",1732,"2022-12-24","history","-0.273690167762076"
"exdqlm_univar_synth","draw_111",1732,"2022-12-25","history","-0.134245590469792"
"exdqlm_univar_synth","draw_112",1748,"2022-12-07","history","-0.481127850435432"
"exdqlm_univar_synth","draw_112",1748,"2022-12-08","history","-0.469058826378597"
"exdqlm_univar_synth","draw_112",1748,"2022-12-09","history","-0.283894274049758"
"exdqlm_univar_synth","draw_112",1748,"2022-12-10","history","0.0566645102462441"
"exdqlm_univar_synth","draw_112",1748,"2022-12-11","history","1.44797005929500"
"exdqlm_univar_synth","draw_112",1748,"2022-12-12","history","0.746266614777729"
"exdqlm_univar_synth","draw_112",1748,"2022-12-13","history","0.462674164756582"
"exdqlm_univar_synth","draw_112",1748,"2022-12-14","history","-0.106985958986847"
"exdqlm_univar_synth","draw_112",1748,"2022-12-15","history","-0.196188527626184"
"exdqlm_univar_synth","draw_112",1748,"2022-12-16","history","-0.0405099452223067"
"exdqlm_univar_synth","draw_112",1748,"2022-12-17","history","-0.157437351936396"
"exdqlm_univar_synth","draw_112",1748,"2022-12-18","history","-0.0625787879271424"
"exdqlm_univar_synth","draw_112",1748,"2022-12-19","history","0.215619833322435"
"exdqlm_univar_synth","draw_112",1748,"2022-12-20","history","0.0498423222232682"
"exdqlm_univar_synth","draw_112",1748,"2022-12-21","history","-0.0169387106186127"
"exdqlm_univar_synth","draw_112",1748,"2022-12-22","history","-0.0792392549452714"
"exdqlm_univar_synth","draw_112",1748,"2022-12-23","history","-0.00387230352617472"
"exdqlm_univar_synth","draw_112",1748,"2022-12-24","history","-0.302848961489306"
"exdqlm_univar_synth","draw_112",1748,"2022-12-25","history","-0.151611038810378"
"exdqlm_univar_synth","draw_113",1764,"2022-12-07","history","-0.120349086194149"
"exdqlm_univar_synth","draw_113",1764,"2022-12-08","history","-0.278014112903649"
"exdqlm_univar_synth","draw_113",1764,"2022-12-09","history","-0.183762615466450"
"exdqlm_univar_synth","draw_113",1764,"2022-12-10","history","-0.109391325548679"
"exdqlm_univar_synth","draw_113",1764,"2022-12-11","history","0.877996705995716"
"exdqlm_univar_synth","draw_113",1764,"2022-12-12","history","0.994832350854677"
"exdqlm_univar_synth","draw_113",1764,"2022-12-13","history","0.509754966102712"
"exdqlm_univar_synth","draw_113",1764,"2022-12-14","history","-0.121916518532882"
"exdqlm_univar_synth","draw_113",1764,"2022-12-15","history","-0.0307246201288913"
"exdqlm_univar_synth","draw_113",1764,"2022-12-16","history","-0.0498338214440066"
"exdqlm_univar_synth","draw_113",1764,"2022-12-17","history","-0.183359857916464"
"exdqlm_univar_synth","draw_113",1764,"2022-12-18","history","0.299706462987335"
"exdqlm_univar_synth","draw_113",1764,"2022-12-19","history","0.0571791941235405"
"exdqlm_univar_synth","draw_113",1764,"2022-12-20","history","-0.234121520801037"
"exdqlm_univar_synth","draw_113",1764,"2022-12-21","history","0.00673549169178221"
"exdqlm_univar_synth","draw_113",1764,"2022-12-22","history","-0.125514288781689"
"exdqlm_univar_synth","draw_113",1764,"2022-12-23","history","-0.280720246662884"
"exdqlm_univar_synth","draw_113",1764,"2022-12-24","history","0.190090642751285"
"exdqlm_univar_synth","draw_113",1764,"2022-12-25","history","-0.304235093682187"
"exdqlm_univar_synth","draw_114",1780,"2022-12-07","history","-0.0146773117387755"
"exdqlm_univar_synth","draw_114",1780,"2022-12-08","history","-0.426574854598418"
"exdqlm_univar_synth","draw_114",1780,"2022-12-09","history","-0.236688793678338"
"exdqlm_univar_synth","draw_114",1780,"2022-12-10","history","0.144423776832337"
"exdqlm_univar_synth","draw_114",1780,"2022-12-11","history","1.68858753116250"
"exdqlm_univar_synth","draw_114",1780,"2022-12-12","history","1.14989634342725"
"exdqlm_univar_synth","draw_114",1780,"2022-12-13","history","0.275956643180041"
"exdqlm_univar_synth","draw_114",1780,"2022-12-14","history","-0.0458642267957994"
"exdqlm_univar_synth","draw_114",1780,"2022-12-15","history","-0.108032213612039"
"exdqlm_univar_synth","draw_114",1780,"2022-12-16","history","-0.108481194148306"
"exdqlm_univar_synth","draw_114",1780,"2022-12-17","history","0.0724462778028093"
"exdqlm_univar_synth","draw_114",1780,"2022-12-18","history","0.0671095902385983"
"exdqlm_univar_synth","draw_114",1780,"2022-12-19","history","-0.198657040994566"
"exdqlm_univar_synth","draw_114",1780,"2022-12-20","history","0.105008690985138"
"exdqlm_univar_synth","draw_114",1780,"2022-12-21","history","0.00592271792379876"
"exdqlm_univar_synth","draw_114",1780,"2022-12-22","history","0.124701429366673"
"exdqlm_univar_synth","draw_114",1780,"2022-12-23","history","0.233048927829555"
"exdqlm_univar_synth","draw_114",1780,"2022-12-24","history","-0.271084093577368"
"exdqlm_univar_synth","draw_114",1780,"2022-12-25","history","0.0275106860356714"
"exdqlm_univar_synth","draw_115",1795,"2022-12-07","history","-0.292180490760347"
"exdqlm_univar_synth","draw_115",1795,"2022-12-08","history","-0.595735537239542"
"exdqlm_univar_synth","draw_115",1795,"2022-12-09","history","-0.0584283947854720"
"exdqlm_univar_synth","draw_115",1795,"2022-12-10","history","-0.0316965035789962"
"exdqlm_univar_synth","draw_115",1795,"2022-12-11","history","0.870412408605330"
"exdqlm_univar_synth","draw_115",1795,"2022-12-12","history","0.677660966670420"
"exdqlm_univar_synth","draw_115",1795,"2022-12-13","history","0.294631220540143"
"exdqlm_univar_synth","draw_115",1795,"2022-12-14","history","0.0784896747195749"
"exdqlm_univar_synth","draw_115",1795,"2022-12-15","history","-0.194661674274357"
"exdqlm_univar_synth","draw_115",1795,"2022-12-16","history","0.207811317814193"
"exdqlm_univar_synth","draw_115",1795,"2022-12-17","history","-0.00653317731212193"
"exdqlm_univar_synth","draw_115",1795,"2022-12-18","history","-0.137972914673368"
"exdqlm_univar_synth","draw_115",1795,"2022-12-19","history","-0.0950799158918491"
"exdqlm_univar_synth","draw_115",1795,"2022-12-20","history","-0.268436105308977"
"exdqlm_univar_synth","draw_115",1795,"2022-12-21","history","0.226381049283910"
"exdqlm_univar_synth","draw_115",1795,"2022-12-22","history","-0.103786036091903"
"exdqlm_univar_synth","draw_115",1795,"2022-12-23","history","0.104035182569545"
"exdqlm_univar_synth","draw_115",1795,"2022-12-24","history","-0.264330661296986"
"exdqlm_univar_synth","draw_115",1795,"2022-12-25","history","-0.0587492459394286"
"exdqlm_univar_synth","draw_116",1811,"2022-12-07","history","-0.273426569952764"
"exdqlm_univar_synth","draw_116",1811,"2022-12-08","history","-0.339315430067684"
"exdqlm_univar_synth","draw_116",1811,"2022-12-09","history","0.125688530239754"
"exdqlm_univar_synth","draw_116",1811,"2022-12-10","history","0.191996910953384"
"exdqlm_univar_synth","draw_116",1811,"2022-12-11","history","1.44069427239203"
"exdqlm_univar_synth","draw_116",1811,"2022-12-12","history","0.608258869646558"
"exdqlm_univar_synth","draw_116",1811,"2022-12-13","history","0.411900919563467"
"exdqlm_univar_synth","draw_116",1811,"2022-12-14","history","0.209088716140079"
"exdqlm_univar_synth","draw_116",1811,"2022-12-15","history","-0.0705983245114707"
"exdqlm_univar_synth","draw_116",1811,"2022-12-16","history","-0.0406631721352184"
"exdqlm_univar_synth","draw_116",1811,"2022-12-17","history","-0.0501918374723157"
"exdqlm_univar_synth","draw_116",1811,"2022-12-18","history","-0.159539524157956"
"exdqlm_univar_synth","draw_116",1811,"2022-12-19","history","-0.236892684998513"
"exdqlm_univar_synth","draw_116",1811,"2022-12-20","history","-0.185620045167532"
"exdqlm_univar_synth","draw_116",1811,"2022-12-21","history","-0.151820024957796"
"exdqlm_univar_synth","draw_116",1811,"2022-12-22","history","-0.165839899383142"
"exdqlm_univar_synth","draw_116",1811,"2022-12-23","history","0.0599885017188074"
"exdqlm_univar_synth","draw_116",1811,"2022-12-24","history","0.206056030589488"
"exdqlm_univar_synth","draw_116",1811,"2022-12-25","history","0.0216290519550801"
"exdqlm_univar_synth","draw_117",1827,"2022-12-07","history","-0.312043461105383"
"exdqlm_univar_synth","draw_117",1827,"2022-12-08","history","-0.0169344619732666"
"exdqlm_univar_synth","draw_117",1827,"2022-12-09","history","-0.257103992433974"
"exdqlm_univar_synth","draw_117",1827,"2022-12-10","history","-0.145758118612861"
"exdqlm_univar_synth","draw_117",1827,"2022-12-11","history","1.23861974626274"
"exdqlm_univar_synth","draw_117",1827,"2022-12-12","history","1.00079076289150"
"exdqlm_univar_synth","draw_117",1827,"2022-12-13","history","0.746142116829775"
"exdqlm_univar_synth","draw_117",1827,"2022-12-14","history","0.573059525409232"
"exdqlm_univar_synth","draw_117",1827,"2022-12-15","history","0.0235841405048974"
"exdqlm_univar_synth","draw_117",1827,"2022-12-16","history","-0.0726198580863537"
"exdqlm_univar_synth","draw_117",1827,"2022-12-17","history","-0.0270470259374176"
"exdqlm_univar_synth","draw_117",1827,"2022-12-18","history","0.268337073554528"
"exdqlm_univar_synth","draw_117",1827,"2022-12-19","history","-0.315390661653603"
"exdqlm_univar_synth","draw_117",1827,"2022-12-20","history","0.161411433857143"
"exdqlm_univar_synth","draw_117",1827,"2022-12-21","history","-0.135639724750345"
"exdqlm_univar_synth","draw_117",1827,"2022-12-22","history","-0.309969422544168"
"exdqlm_univar_synth","draw_117",1827,"2022-12-23","history","0.223886233668366"
"exdqlm_univar_synth","draw_117",1827,"2022-12-24","history","0.00173373791372468"
"exdqlm_univar_synth","draw_117",1827,"2022-12-25","history","0.00354177678361388"
"exdqlm_univar_synth","draw_118",1843,"2022-12-07","history","-0.414806906791309"
"exdqlm_univar_synth","draw_118",1843,"2022-12-08","history","-0.372226525869850"
"exdqlm_univar_synth","draw_118",1843,"2022-12-09","history","0.0455477543989218"
"exdqlm_univar_synth","draw_118",1843,"2022-12-10","history","0.0248562833971042"
"exdqlm_univar_synth","draw_118",1843,"2022-12-11","history","1.63089574226557"
"exdqlm_univar_synth","draw_118",1843,"2022-12-12","history","1.04718155165465"
"exdqlm_univar_synth","draw_118",1843,"2022-12-13","history","0.451772409039532"
"exdqlm_univar_synth","draw_118",1843,"2022-12-14","history","-0.0337917789469456"
"exdqlm_univar_synth","draw_118",1843,"2022-12-15","history","-0.130686425459834"
"exdqlm_univar_synth","draw_118",1843,"2022-12-16","history","-0.0705314854792834"
"exdqlm_univar_synth","draw_118",1843,"2022-12-17","history","-0.0974364535479873"
"exdqlm_univar_synth","draw_118",1843,"2022-12-18","history","-0.0493467312072901"
"exdqlm_univar_synth","draw_118",1843,"2022-12-19","history","-0.0967163611647768"
"exdqlm_univar_synth","draw_118",1843,"2022-12-20","history","-0.153012328714602"
"exdqlm_univar_synth","draw_118",1843,"2022-12-21","history","0.225423999219320"
"exdqlm_univar_synth","draw_118",1843,"2022-12-22","history","0.0813002687315463"
"exdqlm_univar_synth","draw_118",1843,"2022-12-23","history","-0.0793560213320351"
"exdqlm_univar_synth","draw_118",1843,"2022-12-24","history","0.189376901177002"
"exdqlm_univar_synth","draw_118",1843,"2022-12-25","history","0.282221034418252"
"exdqlm_univar_synth","draw_119",1858,"2022-12-07","history","-0.289283389202717"
"exdqlm_univar_synth","draw_119",1858,"2022-12-08","history","0.0105475111144391"
"exdqlm_univar_synth","draw_119",1858,"2022-12-09","history","-0.172726871111462"
"exdqlm_univar_synth","draw_119",1858,"2022-12-10","history","-0.0237268576902039"
"exdqlm_univar_synth","draw_119",1858,"2022-12-11","history","0.640610144658886"
"exdqlm_univar_synth","draw_119",1858,"2022-12-12","history","0.682807157644733"
"exdqlm_univar_synth","draw_119",1858,"2022-12-13","history","0.647092714236129"
"exdqlm_univar_synth","draw_119",1858,"2022-12-14","history","0.0828558540015074"
"exdqlm_univar_synth","draw_119",1858,"2022-12-15","history","0.165294248543642"
"exdqlm_univar_synth","draw_119",1858,"2022-12-16","history","-0.0653262127437775"
"exdqlm_univar_synth","draw_119",1858,"2022-12-17","history","-0.0814889352387180"
"exdqlm_univar_synth","draw_119",1858,"2022-12-18","history","0.272611084534094"
"exdqlm_univar_synth","draw_119",1858,"2022-12-19","history","0.163163285865789"
"exdqlm_univar_synth","draw_119",1858,"2022-12-20","history","0.213617150429477"
"exdqlm_univar_synth","draw_119",1858,"2022-12-21","history","0.0491688410262985"
"exdqlm_univar_synth","draw_119",1858,"2022-12-22","history","-0.313069305780497"
"exdqlm_univar_synth","draw_119",1858,"2022-12-23","history","-0.00617268254736556"
"exdqlm_univar_synth","draw_119",1858,"2022-12-24","history","-0.193023207931225"
"exdqlm_univar_synth","draw_119",1858,"2022-12-25","history","-0.296290957524690"
"exdqlm_univar_synth","draw_120",1874,"2022-12-07","history","-0.313427631494057"
"exdqlm_univar_synth","draw_120",1874,"2022-12-08","history","-0.322491964084375"
"exdqlm_univar_synth","draw_120",1874,"2022-12-09","history","-0.213125170077145"
"exdqlm_univar_synth","draw_120",1874,"2022-12-10","history","-0.148556410328138"
"exdqlm_univar_synth","draw_120",1874,"2022-12-11","history","0.732816340759807"
"exdqlm_univar_synth","draw_120",1874,"2022-12-12","history","0.506205449307106"
"exdqlm_univar_synth","draw_120",1874,"2022-12-13","history","0.656077387524459"
"exdqlm_univar_synth","draw_120",1874,"2022-12-14","history","-0.0638344368858508"
"exdqlm_univar_synth","draw_120",1874,"2022-12-15","history","-0.118173137868227"
"exdqlm_univar_synth","draw_120",1874,"2022-12-16","history","0.0508457031862430"
"exdqlm_univar_synth","draw_120",1874,"2022-12-17","history","-0.299393757179423"
"exdqlm_univar_synth","draw_120",1874,"2022-12-18","history","-0.00636580594497593"
"exdqlm_univar_synth","draw_120",1874,"2022-12-19","history","-0.156694085563609"
"exdqlm_univar_synth","draw_120",1874,"2022-12-20","history","0.0526894992618863"
"exdqlm_univar_synth","draw_120",1874,"2022-12-21","history","-0.138912014165495"
"exdqlm_univar_synth","draw_120",1874,"2022-12-22","history","-0.0414757310848195"
"exdqlm_univar_synth","draw_120",1874,"2022-12-23","history","-0.268640047565035"
"exdqlm_univar_synth","draw_120",1874,"2022-12-24","history","0.0675158272976077"
"exdqlm_univar_synth","draw_120",1874,"2022-12-25","history","-0.239925875563740"
"exdqlm_univar_synth","draw_121",1890,"2022-12-07","history","0.0669620830273467"
"exdqlm_univar_synth","draw_121",1890,"2022-12-08","history","-0.400676240671761"
"exdqlm_univar_synth","draw_121",1890,"2022-12-09","history","-0.303667288460361"
"exdqlm_univar_synth","draw_121",1890,"2022-12-10","history","0.303218668936959"
"exdqlm_univar_synth","draw_121",1890,"2022-12-11","history","1.49437797797555"
"exdqlm_univar_synth","draw_121",1890,"2022-12-12","history","0.779182110124487"
"exdqlm_univar_synth","draw_121",1890,"2022-12-13","history","0.532218987703042"
"exdqlm_univar_synth","draw_121",1890,"2022-12-14","history","-0.171240513229813"
"exdqlm_univar_synth","draw_121",1890,"2022-12-15","history","0.0721849298525165"
"exdqlm_univar_synth","draw_121",1890,"2022-12-16","history","0.126186547173921"
"exdqlm_univar_synth","draw_121",1890,"2022-12-17","history","0.163894154735994"
"exdqlm_univar_synth","draw_121",1890,"2022-12-18","history","0.0285989831473167"
"exdqlm_univar_synth","draw_121",1890,"2022-12-19","history","-0.0668316316056814"
"exdqlm_univar_synth","draw_121",1890,"2022-12-20","history","-0.139601381620378"
"exdqlm_univar_synth","draw_121",1890,"2022-12-21","history","-0.0981871241141892"
"exdqlm_univar_synth","draw_121",1890,"2022-12-22","history","-0.0491822434030657"
"exdqlm_univar_synth","draw_121",1890,"2022-12-23","history","-0.0973006139298922"
"exdqlm_univar_synth","draw_121",1890,"2022-12-24","history","-0.130266300387031"
"exdqlm_univar_synth","draw_121",1890,"2022-12-25","history","-0.164878806889963"
"exdqlm_univar_synth","draw_122",1906,"2022-12-07","history","-0.271124315228160"
"exdqlm_univar_synth","draw_122",1906,"2022-12-08","history","-0.572009845778070"
"exdqlm_univar_synth","draw_122",1906,"2022-12-09","history","-0.321418899702299"
"exdqlm_univar_synth","draw_122",1906,"2022-12-10","history","0.318477116579016"
"exdqlm_univar_synth","draw_122",1906,"2022-12-11","history","0.923468914855998"
"exdqlm_univar_synth","draw_122",1906,"2022-12-12","history","1.34056918258555"
"exdqlm_univar_synth","draw_122",1906,"2022-12-13","history","0.609336383790866"
"exdqlm_univar_synth","draw_122",1906,"2022-12-14","history","-0.117315839092105"
"exdqlm_univar_synth","draw_122",1906,"2022-12-15","history","-0.227084398328083"
"exdqlm_univar_synth","draw_122",1906,"2022-12-16","history","-0.215702544873209"
"exdqlm_univar_synth","draw_122",1906,"2022-12-17","history","-0.0615456582971736"
"exdqlm_univar_synth","draw_122",1906,"2022-12-18","history","-0.0479462817268673"
"exdqlm_univar_synth","draw_122",1906,"2022-12-19","history","0.0406276911578299"
"exdqlm_univar_synth","draw_122",1906,"2022-12-20","history","-0.233253845933627"
"exdqlm_univar_synth","draw_122",1906,"2022-12-21","history","-0.174679668915431"
"exdqlm_univar_synth","draw_122",1906,"2022-12-22","history","0.0530285472949144"
"exdqlm_univar_synth","draw_122",1906,"2022-12-23","history","-0.133071477757153"
"exdqlm_univar_synth","draw_122",1906,"2022-12-24","history","-0.239335695595674"
"exdqlm_univar_synth","draw_122",1906,"2022-12-25","history","-0.295106295274897"
"exdqlm_univar_synth","draw_123",1921,"2022-12-07","history","-0.364564005258476"
"exdqlm_univar_synth","draw_123",1921,"2022-12-08","history","-0.219805846762142"
"exdqlm_univar_synth","draw_123",1921,"2022-12-09","history","-0.241715107243602"
"exdqlm_univar_synth","draw_123",1921,"2022-12-10","history","-0.282143669763508"
"exdqlm_univar_synth","draw_123",1921,"2022-12-11","history","1.22050250183733"
"exdqlm_univar_synth","draw_123",1921,"2022-12-12","history","1.02508278211567"
"exdqlm_univar_synth","draw_123",1921,"2022-12-13","history","0.488890212040882"
"exdqlm_univar_synth","draw_123",1921,"2022-12-14","history","0.0985314192622518"
"exdqlm_univar_synth","draw_123",1921,"2022-12-15","history","-0.141461133316893"
"exdqlm_univar_synth","draw_123",1921,"2022-12-16","history","-0.258481304139793"
"exdqlm_univar_synth","draw_123",1921,"2022-12-17","history","0.156281844449237"
"exdqlm_univar_synth","draw_123",1921,"2022-12-18","history","0.0521051867036483"
"exdqlm_univar_synth","draw_123",1921,"2022-12-19","history","-0.147275391346954"
"exdqlm_univar_synth","draw_123",1921,"2022-12-20","history","-0.0505841202613584"
"exdqlm_univar_synth","draw_123",1921,"2022-12-21","history","-0.0183930654395660"
"exdqlm_univar_synth","draw_123",1921,"2022-12-22","history","0.0143087362594002"
"exdqlm_univar_synth","draw_123",1921,"2022-12-23","history","-0.229190043187012"
"exdqlm_univar_synth","draw_123",1921,"2022-12-24","history","-0.104426689564026"
"exdqlm_univar_synth","draw_123",1921,"2022-12-25","history","-0.0828923169843408"
"exdqlm_univar_synth","draw_124",1937,"2022-12-07","history","0.105167971006690"
"exdqlm_univar_synth","draw_124",1937,"2022-12-08","history","-0.396731849243564"
"exdqlm_univar_synth","draw_124",1937,"2022-12-09","history","-0.215218473166617"
"exdqlm_univar_synth","draw_124",1937,"2022-12-10","history","0.358775167922401"
"exdqlm_univar_synth","draw_124",1937,"2022-12-11","history","0.926555153634103"
"exdqlm_univar_synth","draw_124",1937,"2022-12-12","history","1.30048284149770"
"exdqlm_univar_synth","draw_124",1937,"2022-12-13","history","0.613241490071844"
"exdqlm_univar_synth","draw_124",1937,"2022-12-14","history","0.0572660030569263"
"exdqlm_univar_synth","draw_124",1937,"2022-12-15","history","-0.150773217043230"
"exdqlm_univar_synth","draw_124",1937,"2022-12-16","history","-0.227878787196912"
"exdqlm_univar_synth","draw_124",1937,"2022-12-17","history","-0.218612225182410"
"exdqlm_univar_synth","draw_124",1937,"2022-12-18","history","0.0973180392721706"
"exdqlm_univar_synth","draw_124",1937,"2022-12-19","history","-0.204964260417638"
"exdqlm_univar_synth","draw_124",1937,"2022-12-20","history","0.0934671754946714"
"exdqlm_univar_synth","draw_124",1937,"2022-12-21","history","-0.0705973989027403"
"exdqlm_univar_synth","draw_124",1937,"2022-12-22","history","0.141398522952254"
"exdqlm_univar_synth","draw_124",1937,"2022-12-23","history","0.397252046375077"
"exdqlm_univar_synth","draw_124",1937,"2022-12-24","history","0.140401384832442"
"exdqlm_univar_synth","draw_124",1937,"2022-12-25","history","-0.293916490960258"
"exdqlm_univar_synth","draw_125",1953,"2022-12-07","history","-0.424732629722402"
"exdqlm_univar_synth","draw_125",1953,"2022-12-08","history","-0.0344997054015848"
"exdqlm_univar_synth","draw_125",1953,"2022-12-09","history","0.110389115326754"
"exdqlm_univar_synth","draw_125",1953,"2022-12-10","history","0.366668890328298"
"exdqlm_univar_synth","draw_125",1953,"2022-12-11","history","1.53010031115740"
"exdqlm_univar_synth","draw_125",1953,"2022-12-12","history","0.720957396932825"
"exdqlm_univar_synth","draw_125",1953,"2022-12-13","history","0.535001968365547"
"exdqlm_univar_synth","draw_125",1953,"2022-12-14","history","0.00692756566712704"
"exdqlm_univar_synth","draw_125",1953,"2022-12-15","history","-0.00549420239342537"
"exdqlm_univar_synth","draw_125",1953,"2022-12-16","history","0.353150229636028"
"exdqlm_univar_synth","draw_125",1953,"2022-12-17","history","0.0127311263946448"
"exdqlm_univar_synth","draw_125",1953,"2022-12-18","history","-0.203960435562657"
"exdqlm_univar_synth","draw_125",1953,"2022-12-19","history","0.0345745093850124"
"exdqlm_univar_synth","draw_125",1953,"2022-12-20","history","-0.0934749297304531"
"exdqlm_univar_synth","draw_125",1953,"2022-12-21","history","-0.219271953396595"
"exdqlm_univar_synth","draw_125",1953,"2022-12-22","history","-0.0978044384691180"
"exdqlm_univar_synth","draw_125",1953,"2022-12-23","history","0.0585186188689831"
"exdqlm_univar_synth","draw_125",1953,"2022-12-24","history","-0.429140543861070"
"exdqlm_univar_synth","draw_125",1953,"2022-12-25","history","0.0269884808985918"
"exdqlm_univar_synth","draw_126",1969,"2022-12-07","history","-0.301817834421804"
"exdqlm_univar_synth","draw_126",1969,"2022-12-08","history","-0.262715768277865"
"exdqlm_univar_synth","draw_126",1969,"2022-12-09","history","-0.255799357858931"
"exdqlm_univar_synth","draw_126",1969,"2022-12-10","history","0.0214429249118707"
"exdqlm_univar_synth","draw_126",1969,"2022-12-11","history","0.835067126922075"
"exdqlm_univar_synth","draw_126",1969,"2022-12-12","history","0.754123406520532"
"exdqlm_univar_synth","draw_126",1969,"2022-12-13","history","0.624095684470295"
"exdqlm_univar_synth","draw_126",1969,"2022-12-14","history","0.0285671159259056"
"exdqlm_univar_synth","draw_126",1969,"2022-12-15","history","0.349076023903431"
"exdqlm_univar_synth","draw_126",1969,"2022-12-16","history","-0.136635693164599"
"exdqlm_univar_synth","draw_126",1969,"2022-12-17","history","-0.139442436929860"
"exdqlm_univar_synth","draw_126",1969,"2022-12-18","history","0.268667986091482"
"exdqlm_univar_synth","draw_126",1969,"2022-12-19","history","-0.172281384477120"
"exdqlm_univar_synth","draw_126",1969,"2022-12-20","history","0.0143500929560385"
"exdqlm_univar_synth","draw_126",1969,"2022-12-21","history","-0.266133727017415"
"exdqlm_univar_synth","draw_126",1969,"2022-12-22","history","0.217934828517458"
"exdqlm_univar_synth","draw_126",1969,"2022-12-23","history","-0.0240998791361858"
"exdqlm_univar_synth","draw_126",1969,"2022-12-24","history","0.0196994823743345"
"exdqlm_univar_synth","draw_126",1969,"2022-12-25","history","-0.0243478127768751"
"exdqlm_univar_synth","draw_127",1984,"2022-12-07","history","-0.179991882135764"
"exdqlm_univar_synth","draw_127",1984,"2022-12-08","history","-0.491925510255448"
"exdqlm_univar_synth","draw_127",1984,"2022-12-09","history","-0.246818949379633"
"exdqlm_univar_synth","draw_127",1984,"2022-12-10","history","0.0239816783388648"
"exdqlm_univar_synth","draw_127",1984,"2022-12-11","history","1.23348400607701"
"exdqlm_univar_synth","draw_127",1984,"2022-12-12","history","1.00227716099363"
"exdqlm_univar_synth","draw_127",1984,"2022-12-13","history","0.488302756472824"
"exdqlm_univar_synth","draw_127",1984,"2022-12-14","history","0.0862247479882295"
"exdqlm_univar_synth","draw_127",1984,"2022-12-15","history","0.225828292646329"
"exdqlm_univar_synth","draw_127",1984,"2022-12-16","history","0.0597344906303720"
"exdqlm_univar_synth","draw_127",1984,"2022-12-17","history","0.0770237020846032"
"exdqlm_univar_synth","draw_127",1984,"2022-12-18","history","0.111633072492320"
"exdqlm_univar_synth","draw_127",1984,"2022-12-19","history","-0.161342702478158"
"exdqlm_univar_synth","draw_127",1984,"2022-12-20","history","0.0834757823115285"
"exdqlm_univar_synth","draw_127",1984,"2022-12-21","history","-0.126319231543920"
"exdqlm_univar_synth","draw_127",1984,"2022-12-22","history","0.0449374985144646"
"exdqlm_univar_synth","draw_127",1984,"2022-12-23","history","-0.0722997113993071"
"exdqlm_univar_synth","draw_127",1984,"2022-12-24","history","0.0652170744937600"
"exdqlm_univar_synth","draw_127",1984,"2022-12-25","history","0.0591669287061541"
"exdqlm_univar_synth","draw_128",2000,"2022-12-07","history","-0.00826179943355472"
"exdqlm_univar_synth","draw_128",2000,"2022-12-08","history","-0.171303277921883"
"exdqlm_univar_synth","draw_128",2000,"2022-12-09","history","-0.0759754676116882"
"exdqlm_univar_synth","draw_128",2000,"2022-12-10","history","-0.0735722135552709"
"exdqlm_univar_synth","draw_128",2000,"2022-12-11","history","1.63946046679617"
"exdqlm_univar_synth","draw_128",2000,"2022-12-12","history","1.18446978000666"
"exdqlm_univar_synth","draw_128",2000,"2022-12-13","history","0.485762986609594"
"exdqlm_univar_synth","draw_128",2000,"2022-12-14","history","-0.0618557363996795"
"exdqlm_univar_synth","draw_128",2000,"2022-12-15","history","-0.287722794643712"
"exdqlm_univar_synth","draw_128",2000,"2022-12-16","history","-0.153383514986908"
"exdqlm_univar_synth","draw_128",2000,"2022-12-17","history","0.584172246340957"
"exdqlm_univar_synth","draw_128",2000,"2022-12-18","history","-0.199365418797386"
"exdqlm_univar_synth","draw_128",2000,"2022-12-19","history","0.181232430882345"
"exdqlm_univar_synth","draw_128",2000,"2022-12-20","history","-0.0837969234384641"
"exdqlm_univar_synth","draw_128",2000,"2022-12-21","history","0.0187595934682641"
"exdqlm_univar_synth","draw_128",2000,"2022-12-22","history","-0.237503584495240"
"exdqlm_univar_synth","draw_128",2000,"2022-12-23","history","-0.137810927891901"
"exdqlm_univar_synth","draw_128",2000,"2022-12-24","history","-0.248545427771210"
"exdqlm_univar_synth","draw_128",2000,"2022-12-25","history","-0.114742011179217"
"exdqlm_univar_synth","draw_001",1,"2022-12-26","forecast","-0.0560186152685763"
"exdqlm_univar_synth","draw_001",1,"2022-12-27","forecast","0.991115195195780"
"exdqlm_univar_synth","draw_001",1,"2022-12-28","forecast","0.558353406806043"
"exdqlm_univar_synth","draw_001",1,"2022-12-29","forecast","0.287399800838072"
"exdqlm_univar_synth","draw_001",1,"2022-12-30","forecast","0.294536780208115"
"exdqlm_univar_synth","draw_001",1,"2022-12-31","forecast","0.589062762466871"
"exdqlm_univar_synth","draw_001",1,"2023-01-01","forecast","0.391632081615540"
"exdqlm_univar_synth","draw_001",1,"2023-01-02","forecast","-0.445808368610650"
"exdqlm_univar_synth","draw_001",1,"2023-01-03","forecast","0.276930174787329"
"exdqlm_univar_synth","draw_001",1,"2023-01-04","forecast","-0.304501574133752"
"exdqlm_univar_synth","draw_001",1,"2023-01-05","forecast","-0.318296184514718"
"exdqlm_univar_synth","draw_001",1,"2023-01-06","forecast","-0.395726150074814"
"exdqlm_univar_synth","draw_001",1,"2023-01-07","forecast","-0.888745821574921"
"exdqlm_univar_synth","draw_001",1,"2023-01-08","forecast","-0.0297594064553656"
"exdqlm_univar_synth","draw_001",1,"2023-01-09","forecast","-0.464454909345526"
"exdqlm_univar_synth","draw_001",1,"2023-01-10","forecast","0.234335282588170"
"exdqlm_univar_synth","draw_001",1,"2023-01-11","forecast","-0.650901098060571"
"exdqlm_univar_synth","draw_001",1,"2023-01-12","forecast","-0.890162747601352"
"exdqlm_univar_synth","draw_001",1,"2023-01-13","forecast","-0.0849171211261791"
"exdqlm_univar_synth","draw_001",1,"2023-01-14","forecast","-0.165044925538642"
"exdqlm_univar_synth","draw_001",1,"2023-01-15","forecast","-0.431869137016966"
"exdqlm_univar_synth","draw_001",1,"2023-01-16","forecast","-0.490156953859620"
"exdqlm_univar_synth","draw_001",1,"2023-01-17","forecast","-0.374841162419217"
"exdqlm_univar_synth","draw_001",1,"2023-01-18","forecast","-0.609713628142547"
"exdqlm_univar_synth","draw_001",1,"2023-01-19","forecast","-0.514716289189392"
"exdqlm_univar_synth","draw_001",1,"2023-01-20","forecast","-0.958492823151480"
"exdqlm_univar_synth","draw_001",1,"2023-01-21","forecast","-0.891666535219428"
"exdqlm_univar_synth","draw_001",1,"2023-01-22","forecast","-0.816998981554625"
"exdqlm_univar_synth","draw_002",17,"2022-12-26","forecast","-0.464478374946451"
"exdqlm_univar_synth","draw_002",17,"2022-12-27","forecast","1.36350708648171"
"exdqlm_univar_synth","draw_002",17,"2022-12-28","forecast","0.582282606190389"
"exdqlm_univar_synth","draw_002",17,"2022-12-29","forecast","0.403830514611064"
"exdqlm_univar_synth","draw_002",17,"2022-12-30","forecast","0.401946347754902"
"exdqlm_univar_synth","draw_002",17,"2022-12-31","forecast","0.915394781316664"
"exdqlm_univar_synth","draw_002",17,"2023-01-01","forecast","0.780537664747084"
"exdqlm_univar_synth","draw_002",17,"2023-01-02","forecast","-0.188032559373850"
"exdqlm_univar_synth","draw_002",17,"2023-01-03","forecast","0.293980215189363"
"exdqlm_univar_synth","draw_002",17,"2023-01-04","forecast","-0.192181973369413"
"exdqlm_univar_synth","draw_002",17,"2023-01-05","forecast","0.0664160916941294"
"exdqlm_univar_synth","draw_002",17,"2023-01-06","forecast","-0.577810106592148"
"exdqlm_univar_synth","draw_002",17,"2023-01-07","forecast","-0.459670057501612"
"exdqlm_univar_synth","draw_002",17,"2023-01-08","forecast","-0.522062086640451"
"exdqlm_univar_synth","draw_002",17,"2023-01-09","forecast","-0.461159918440393"
"exdqlm_univar_synth","draw_002",17,"2023-01-10","forecast","0.151196235497731"
"exdqlm_univar_synth","draw_002",17,"2023-01-11","forecast","-0.226328972094490"
"exdqlm_univar_synth","draw_002",17,"2023-01-12","forecast","-0.128367345404721"
"exdqlm_univar_synth","draw_002",17,"2023-01-13","forecast","-0.245123197140591"
"exdqlm_univar_synth","draw_002",17,"2023-01-14","forecast","-0.177634662107798"
"exdqlm_univar_synth","draw_002",17,"2023-01-15","forecast","-0.215878332995580"
"exdqlm_univar_synth","draw_002",17,"2023-01-16","forecast","-1.00223500975968"
"exdqlm_univar_synth","draw_002",17,"2023-01-17","forecast","-0.417136056787393"
"exdqlm_univar_synth","draw_002",17,"2023-01-18","forecast","-0.645838268228674"
"exdqlm_univar_synth","draw_002",17,"2023-01-19","forecast","-0.863814328044995"
"exdqlm_univar_synth","draw_002",17,"2023-01-20","forecast","-0.849225521457410"
"exdqlm_univar_synth","draw_002",17,"2023-01-21","forecast","-0.895058896518751"
"exdqlm_univar_synth","draw_002",17,"2023-01-22","forecast","-0.899244214219997"
"exdqlm_univar_synth","draw_003",32,"2022-12-26","forecast","0.0809461742992404"
"exdqlm_univar_synth","draw_003",32,"2022-12-27","forecast","0.818938819716647"
"exdqlm_univar_synth","draw_003",32,"2022-12-28","forecast","0.463077912766796"
"exdqlm_univar_synth","draw_003",32,"2022-12-29","forecast","0.0639586217478983"
"exdqlm_univar_synth","draw_003",32,"2022-12-30","forecast","0.154166564078996"
"exdqlm_univar_synth","draw_003",32,"2022-12-31","forecast","0.581619019661923"
"exdqlm_univar_synth","draw_003",32,"2023-01-01","forecast","0.668336964891680"
"exdqlm_univar_synth","draw_003",32,"2023-01-02","forecast","-0.00878203650404211"
"exdqlm_univar_synth","draw_003",32,"2023-01-03","forecast","0.0231275169367837"
"exdqlm_univar_synth","draw_003",32,"2023-01-04","forecast","-0.449861034910384"
"exdqlm_univar_synth","draw_003",32,"2023-01-05","forecast","-0.229819546222426"
"exdqlm_univar_synth","draw_003",32,"2023-01-06","forecast","-0.165534059732880"
"exdqlm_univar_synth","draw_003",32,"2023-01-07","forecast","-0.562038423299176"
"exdqlm_univar_synth","draw_003",32,"2023-01-08","forecast","-0.0897576320120714"
"exdqlm_univar_synth","draw_003",32,"2023-01-09","forecast","-0.606997869139310"
"exdqlm_univar_synth","draw_003",32,"2023-01-10","forecast","-0.611261009378670"
"exdqlm_univar_synth","draw_003",32,"2023-01-11","forecast","-0.273092042572151"
"exdqlm_univar_synth","draw_003",32,"2023-01-12","forecast","-0.890587458284570"
"exdqlm_univar_synth","draw_003",32,"2023-01-13","forecast","-0.229980696349276"
"exdqlm_univar_synth","draw_003",32,"2023-01-14","forecast","-0.157645599911806"
"exdqlm_univar_synth","draw_003",32,"2023-01-15","forecast","-0.188227590641715"
"exdqlm_univar_synth","draw_003",32,"2023-01-16","forecast","-0.128707743550782"
"exdqlm_univar_synth","draw_003",32,"2023-01-17","forecast","-0.514544565233499"
"exdqlm_univar_synth","draw_003",32,"2023-01-18","forecast","-0.597578336847222"
"exdqlm_univar_synth","draw_003",32,"2023-01-19","forecast","-0.920238212064257"
"exdqlm_univar_synth","draw_003",32,"2023-01-20","forecast","-0.831447248156201"
"exdqlm_univar_synth","draw_003",32,"2023-01-21","forecast","-1.21854216599063"
"exdqlm_univar_synth","draw_003",32,"2023-01-22","forecast","-0.976599992259905"
"exdqlm_univar_synth","draw_004",48,"2022-12-26","forecast","-0.430601066464763"
"exdqlm_univar_synth","draw_004",48,"2022-12-27","forecast","1.03867911331360"
"exdqlm_univar_synth","draw_004",48,"2022-12-28","forecast","0.299379607531273"
"exdqlm_univar_synth","draw_004",48,"2022-12-29","forecast","-0.0837133315220498"
"exdqlm_univar_synth","draw_004",48,"2022-12-30","forecast","0.383926074434884"
"exdqlm_univar_synth","draw_004",48,"2022-12-31","forecast","0.933772450309487"
"exdqlm_univar_synth","draw_004",48,"2023-01-01","forecast","0.788065972977863"
"exdqlm_univar_synth","draw_004",48,"2023-01-02","forecast","-0.522646019420946"
"exdqlm_univar_synth","draw_004",48,"2023-01-03","forecast","0.227804445556380"
"exdqlm_univar_synth","draw_004",48,"2023-01-04","forecast","-0.476986961969180"
"exdqlm_univar_synth","draw_004",48,"2023-01-05","forecast","-0.348005966135430"
"exdqlm_univar_synth","draw_004",48,"2023-01-06","forecast","-0.117665923051721"
"exdqlm_univar_synth","draw_004",48,"2023-01-07","forecast","-0.459208575005432"
"exdqlm_univar_synth","draw_004",48,"2023-01-08","forecast","-0.0175403153046308"
"exdqlm_univar_synth","draw_004",48,"2023-01-09","forecast","-0.201374323514832"
"exdqlm_univar_synth","draw_004",48,"2023-01-10","forecast","-0.0532961509359023"
"exdqlm_univar_synth","draw_004",48,"2023-01-11","forecast","-0.204062833522854"
"exdqlm_univar_synth","draw_004",48,"2023-01-12","forecast","-0.766703522838192"
"exdqlm_univar_synth","draw_004",48,"2023-01-13","forecast","-0.613884559866499"
"exdqlm_univar_synth","draw_004",48,"2023-01-14","forecast","-0.861843848605805"
"exdqlm_univar_synth","draw_004",48,"2023-01-15","forecast","-0.408230990175412"
"exdqlm_univar_synth","draw_004",48,"2023-01-16","forecast","-0.756982490421186"
"exdqlm_univar_synth","draw_004",48,"2023-01-17","forecast","-0.420268771888130"
"exdqlm_univar_synth","draw_004",48,"2023-01-18","forecast","-0.750849545921097"
"exdqlm_univar_synth","draw_004",48,"2023-01-19","forecast","-1.01182422614835"
"exdqlm_univar_synth","draw_004",48,"2023-01-20","forecast","-0.838713773832135"
"exdqlm_univar_synth","draw_004",48,"2023-01-21","forecast","-1.15935854720491"
"exdqlm_univar_synth","draw_004",48,"2023-01-22","forecast","-0.814403035503654"
"exdqlm_univar_synth","draw_005",64,"2022-12-26","forecast","-0.219138377030919"
"exdqlm_univar_synth","draw_005",64,"2022-12-27","forecast","0.807968109796501"
"exdqlm_univar_synth","draw_005",64,"2022-12-28","forecast","0.519274741642329"
"exdqlm_univar_synth","draw_005",64,"2022-12-29","forecast","0.348600749610744"
"exdqlm_univar_synth","draw_005",64,"2022-12-30","forecast","0.289225216574853"
"exdqlm_univar_synth","draw_005",64,"2022-12-31","forecast","0.565294194253436"
"exdqlm_univar_synth","draw_005",64,"2023-01-01","forecast","0.348919957319844"
"exdqlm_univar_synth","draw_005",64,"2023-01-02","forecast","-0.0420637780679772"
"exdqlm_univar_synth","draw_005",64,"2023-01-03","forecast","0.293731280859185"
"exdqlm_univar_synth","draw_005",64,"2023-01-04","forecast","-0.0932437331498356"
"exdqlm_univar_synth","draw_005",64,"2023-01-05","forecast","0.0746752773117396"
"exdqlm_univar_synth","draw_005",64,"2023-01-06","forecast","-0.169403412303305"
"exdqlm_univar_synth","draw_005",64,"2023-01-07","forecast","-0.784291652987871"
"exdqlm_univar_synth","draw_005",64,"2023-01-08","forecast","-0.612175179514971"
"exdqlm_univar_synth","draw_005",64,"2023-01-09","forecast","-0.679881522618368"
"exdqlm_univar_synth","draw_005",64,"2023-01-10","forecast","0.126357325506098"
"exdqlm_univar_synth","draw_005",64,"2023-01-11","forecast","-0.229604839821920"
"exdqlm_univar_synth","draw_005",64,"2023-01-12","forecast","-0.491445187131789"
"exdqlm_univar_synth","draw_005",64,"2023-01-13","forecast","-0.0835503512923044"
"exdqlm_univar_synth","draw_005",64,"2023-01-14","forecast","-0.162512590328259"
"exdqlm_univar_synth","draw_005",64,"2023-01-15","forecast","-0.123145052373693"
"exdqlm_univar_synth","draw_005",64,"2023-01-16","forecast","-0.0985286104283800"
"exdqlm_univar_synth","draw_005",64,"2023-01-17","forecast","-0.374975447956849"
"exdqlm_univar_synth","draw_005",64,"2023-01-18","forecast","-0.608695216125426"
"exdqlm_univar_synth","draw_005",64,"2023-01-19","forecast","-0.781467443450722"
"exdqlm_univar_synth","draw_005",64,"2023-01-20","forecast","-0.831888679183281"
"exdqlm_univar_synth","draw_005",64,"2023-01-21","forecast","-1.41159894443921"
"exdqlm_univar_synth","draw_005",64,"2023-01-22","forecast","-1.34031298949106"
"exdqlm_univar_synth","draw_006",80,"2022-12-26","forecast","-0.119467909983088"
"exdqlm_univar_synth","draw_006",80,"2022-12-27","forecast","0.994485649887805"
"exdqlm_univar_synth","draw_006",80,"2022-12-28","forecast","0.283333864111417"
"exdqlm_univar_synth","draw_006",80,"2022-12-29","forecast","0.411177657390739"
"exdqlm_univar_synth","draw_006",80,"2022-12-30","forecast","-0.00275204985046371"
"exdqlm_univar_synth","draw_006",80,"2022-12-31","forecast","0.498484623058953"
"exdqlm_univar_synth","draw_006",80,"2023-01-01","forecast","0.627089025425264"
"exdqlm_univar_synth","draw_006",80,"2023-01-02","forecast","0.151683113316407"
"exdqlm_univar_synth","draw_006",80,"2023-01-03","forecast","0.146260306567955"
"exdqlm_univar_synth","draw_006",80,"2023-01-04","forecast","-0.529380348868776"
"exdqlm_univar_synth","draw_006",80,"2023-01-05","forecast","0.0655727462751450"
"exdqlm_univar_synth","draw_006",80,"2023-01-06","forecast","-0.109335396392926"
"exdqlm_univar_synth","draw_006",80,"2023-01-07","forecast","-0.532366896560770"
"exdqlm_univar_synth","draw_006",80,"2023-01-08","forecast","0.184828367991778"
"exdqlm_univar_synth","draw_006",80,"2023-01-09","forecast","-0.840159173376788"
"exdqlm_univar_synth","draw_006",80,"2023-01-10","forecast","0.0724156459267096"
"exdqlm_univar_synth","draw_006",80,"2023-01-11","forecast","-0.114695702091753"
"exdqlm_univar_synth","draw_006",80,"2023-01-12","forecast","-0.126886529213144"
"exdqlm_univar_synth","draw_006",80,"2023-01-13","forecast","-0.482610622897132"
"exdqlm_univar_synth","draw_006",80,"2023-01-14","forecast","-0.556009633025421"
"exdqlm_univar_synth","draw_006",80,"2023-01-15","forecast","-0.164714705105750"
"exdqlm_univar_synth","draw_006",80,"2023-01-16","forecast","-0.116853706716420"
"exdqlm_univar_synth","draw_006",80,"2023-01-17","forecast","-0.368950589016068"
"exdqlm_univar_synth","draw_006",80,"2023-01-18","forecast","-0.783894944533691"
"exdqlm_univar_synth","draw_006",80,"2023-01-19","forecast","-0.554738715245681"
"exdqlm_univar_synth","draw_006",80,"2023-01-20","forecast","-0.908975598309491"
"exdqlm_univar_synth","draw_006",80,"2023-01-21","forecast","-1.33943631588055"
"exdqlm_univar_synth","draw_006",80,"2023-01-22","forecast","-0.908654020219441"
"exdqlm_univar_synth","draw_007",95,"2022-12-26","forecast","-0.178634323989932"
"exdqlm_univar_synth","draw_007",95,"2022-12-27","forecast","1.11387539041557"
"exdqlm_univar_synth","draw_007",95,"2022-12-28","forecast","0.490303768423927"
"exdqlm_univar_synth","draw_007",95,"2022-12-29","forecast","0.524362991202094"
"exdqlm_univar_synth","draw_007",95,"2022-12-30","forecast","-0.204158377560202"
"exdqlm_univar_synth","draw_007",95,"2022-12-31","forecast","0.806873409102995"
"exdqlm_univar_synth","draw_007",95,"2023-01-01","forecast","0.713585709571801"
"exdqlm_univar_synth","draw_007",95,"2023-01-02","forecast","-0.141678322486366"
"exdqlm_univar_synth","draw_007",95,"2023-01-03","forecast","0.292619098010864"
"exdqlm_univar_synth","draw_007",95,"2023-01-04","forecast","-0.677631481057892"
"exdqlm_univar_synth","draw_007",95,"2023-01-05","forecast","0.0681151461110568"
"exdqlm_univar_synth","draw_007",95,"2023-01-06","forecast","-0.246528686912243"
"exdqlm_univar_synth","draw_007",95,"2023-01-07","forecast","-0.583301967983403"
"exdqlm_univar_synth","draw_007",95,"2023-01-08","forecast","0.227906911975846"
"exdqlm_univar_synth","draw_007",95,"2023-01-09","forecast","-0.474868958496766"
"exdqlm_univar_synth","draw_007",95,"2023-01-10","forecast","-0.495817675067707"
"exdqlm_univar_synth","draw_007",95,"2023-01-11","forecast","-0.226175667167239"
"exdqlm_univar_synth","draw_007",95,"2023-01-12","forecast","-0.891292084390292"
"exdqlm_univar_synth","draw_007",95,"2023-01-13","forecast","-0.0588809969999618"
"exdqlm_univar_synth","draw_007",95,"2023-01-14","forecast","-0.156036950118559"
"exdqlm_univar_synth","draw_007",95,"2023-01-15","forecast","-0.479957425259550"
"exdqlm_univar_synth","draw_007",95,"2023-01-16","forecast","-0.560281848678546"
"exdqlm_univar_synth","draw_007",95,"2023-01-17","forecast","-0.602774536574934"
"exdqlm_univar_synth","draw_007",95,"2023-01-18","forecast","-0.609873186644094"
"exdqlm_univar_synth","draw_007",95,"2023-01-19","forecast","-1.35452403846830"
"exdqlm_univar_synth","draw_007",95,"2023-01-20","forecast","-0.830883128561305"
"exdqlm_univar_synth","draw_007",95,"2023-01-21","forecast","-1.27470257428088"
"exdqlm_univar_synth","draw_007",95,"2023-01-22","forecast","-0.816225364161958"
"exdqlm_univar_synth","draw_008",111,"2022-12-26","forecast","0.157792195103860"
"exdqlm_univar_synth","draw_008",111,"2022-12-27","forecast","1.11865795867015"
"exdqlm_univar_synth","draw_008",111,"2022-12-28","forecast","0.273852760867767"
"exdqlm_univar_synth","draw_008",111,"2022-12-29","forecast","0.341113275913140"
"exdqlm_univar_synth","draw_008",111,"2022-12-30","forecast","0.211367409295945"
"exdqlm_univar_synth","draw_008",111,"2022-12-31","forecast","0.948179477708855"
"exdqlm_univar_synth","draw_008",111,"2023-01-01","forecast","0.722766967163490"
"exdqlm_univar_synth","draw_008",111,"2023-01-02","forecast","-0.477957544053128"
"exdqlm_univar_synth","draw_008",111,"2023-01-03","forecast","-0.321240630928226"
"exdqlm_univar_synth","draw_008",111,"2023-01-04","forecast","-0.218378877451867"
"exdqlm_univar_synth","draw_008",111,"2023-01-05","forecast","0.0859262013151942"
"exdqlm_univar_synth","draw_008",111,"2023-01-06","forecast","-0.762945886649318"
"exdqlm_univar_synth","draw_008",111,"2023-01-07","forecast","-0.454242303757542"
"exdqlm_univar_synth","draw_008",111,"2023-01-08","forecast","-0.190589944410984"
"exdqlm_univar_synth","draw_008",111,"2023-01-09","forecast","-0.143244750324835"
"exdqlm_univar_synth","draw_008",111,"2023-01-10","forecast","-0.386503510929152"
"exdqlm_univar_synth","draw_008",111,"2023-01-11","forecast","-0.652258257799028"
"exdqlm_univar_synth","draw_008",111,"2023-01-12","forecast","-0.124483672657220"
"exdqlm_univar_synth","draw_008",111,"2023-01-13","forecast","-0.323742416190339"
"exdqlm_univar_synth","draw_008",111,"2023-01-14","forecast","-0.486932634441462"
"exdqlm_univar_synth","draw_008",111,"2023-01-15","forecast","-0.220405664927181"
"exdqlm_univar_synth","draw_008",111,"2023-01-16","forecast","-0.128703135193505"
"exdqlm_univar_synth","draw_008",111,"2023-01-17","forecast","-1.02415703677771"
"exdqlm_univar_synth","draw_008",111,"2023-01-18","forecast","-0.613165334536439"
"exdqlm_univar_synth","draw_008",111,"2023-01-19","forecast","-0.588460284011814"
"exdqlm_univar_synth","draw_008",111,"2023-01-20","forecast","-1.10369105169363"
"exdqlm_univar_synth","draw_008",111,"2023-01-21","forecast","-0.860017344673442"
"exdqlm_univar_synth","draw_008",111,"2023-01-22","forecast","-1.15196354993981"
"exdqlm_univar_synth","draw_009",127,"2022-12-26","forecast","-0.0718005381632155"
"exdqlm_univar_synth","draw_009",127,"2022-12-27","forecast","0.690142242276935"
"exdqlm_univar_synth","draw_009",127,"2022-12-28","forecast","0.418351743218938"
"exdqlm_univar_synth","draw_009",127,"2022-12-29","forecast","0.163309624160074"
"exdqlm_univar_synth","draw_009",127,"2022-12-30","forecast","0.353995172038015"
"exdqlm_univar_synth","draw_009",127,"2022-12-31","forecast","1.09324611476809"
"exdqlm_univar_synth","draw_009",127,"2023-01-01","forecast","0.674583659205909"
"exdqlm_univar_synth","draw_009",127,"2023-01-02","forecast","-0.371754772902853"
"exdqlm_univar_synth","draw_009",127,"2023-01-03","forecast","0.101788301126914"
"exdqlm_univar_synth","draw_009",127,"2023-01-04","forecast","-0.202512052218704"
"exdqlm_univar_synth","draw_009",127,"2023-01-05","forecast","0.0663007738202298"
"exdqlm_univar_synth","draw_009",127,"2023-01-06","forecast","-0.642887554888342"
"exdqlm_univar_synth","draw_009",127,"2023-01-07","forecast","-0.461037457551313"
"exdqlm_univar_synth","draw_009",127,"2023-01-08","forecast","-0.0145203698135205"
"exdqlm_univar_synth","draw_009",127,"2023-01-09","forecast","-0.135991459742375"
"exdqlm_univar_synth","draw_009",127,"2023-01-10","forecast","-0.0191002253499679"
"exdqlm_univar_synth","draw_009",127,"2023-01-11","forecast","-0.472896580380032"
"exdqlm_univar_synth","draw_009",127,"2023-01-12","forecast","-0.143869332655103"
"exdqlm_univar_synth","draw_009",127,"2023-01-13","forecast","-0.0714354745928863"
"exdqlm_univar_synth","draw_009",127,"2023-01-14","forecast","-0.159705225151695"
"exdqlm_univar_synth","draw_009",127,"2023-01-15","forecast","-0.00970781141657939"
"exdqlm_univar_synth","draw_009",127,"2023-01-16","forecast","-0.102161126613344"
"exdqlm_univar_synth","draw_009",127,"2023-01-17","forecast","-0.940134089676140"
"exdqlm_univar_synth","draw_009",127,"2023-01-18","forecast","-0.600109560292294"
"exdqlm_univar_synth","draw_009",127,"2023-01-19","forecast","-1.19500103459347"
"exdqlm_univar_synth","draw_009",127,"2023-01-20","forecast","-0.830255810242941"
"exdqlm_univar_synth","draw_009",127,"2023-01-21","forecast","-0.893793951459658"
"exdqlm_univar_synth","draw_009",127,"2023-01-22","forecast","-1.54853292855439"
"exdqlm_univar_synth","draw_010",143,"2022-12-26","forecast","-0.332814429704117"
"exdqlm_univar_synth","draw_010",143,"2022-12-27","forecast","1.36964842456551"
"exdqlm_univar_synth","draw_010",143,"2022-12-28","forecast","0.185060079659913"
"exdqlm_univar_synth","draw_010",143,"2022-12-29","forecast","0.179458405105779"
"exdqlm_univar_synth","draw_010",143,"2022-12-30","forecast","0.330596505277246"
"exdqlm_univar_synth","draw_010",143,"2022-12-31","forecast","0.731022121548214"
"exdqlm_univar_synth","draw_010",143,"2023-01-01","forecast","0.329080653542675"
"exdqlm_univar_synth","draw_010",143,"2023-01-02","forecast","-0.343065431321690"
"exdqlm_univar_synth","draw_010",143,"2023-01-03","forecast","-0.133208524895249"
"exdqlm_univar_synth","draw_010",143,"2023-01-04","forecast","-0.448133598506045"
"exdqlm_univar_synth","draw_010",143,"2023-01-05","forecast","-0.371475756354671"
"exdqlm_univar_synth","draw_010",143,"2023-01-06","forecast","-0.474033839573392"
"exdqlm_univar_synth","draw_010",143,"2023-01-07","forecast","-0.439057564164930"
"exdqlm_univar_synth","draw_010",143,"2023-01-08","forecast","0.116522257288602"
"exdqlm_univar_synth","draw_010",143,"2023-01-09","forecast","-0.508627740214541"
"exdqlm_univar_synth","draw_010",143,"2023-01-10","forecast","-0.276841380148068"
"exdqlm_univar_synth","draw_010",143,"2023-01-11","forecast","-0.389822643251958"
"exdqlm_univar_synth","draw_010",143,"2023-01-12","forecast","-0.465567469610940"
"exdqlm_univar_synth","draw_010",143,"2023-01-13","forecast","-0.0993803241071806"
"exdqlm_univar_synth","draw_010",143,"2023-01-14","forecast","-0.355093294904628"
"exdqlm_univar_synth","draw_010",143,"2023-01-15","forecast","-0.125940969859100"
"exdqlm_univar_synth","draw_010",143,"2023-01-16","forecast","0.0135389848285310"
"exdqlm_univar_synth","draw_010",143,"2023-01-17","forecast","-1.04635997738412"
"exdqlm_univar_synth","draw_010",143,"2023-01-18","forecast","-0.596827230324111"
"exdqlm_univar_synth","draw_010",143,"2023-01-19","forecast","-0.429373887114521"
"exdqlm_univar_synth","draw_010",143,"2023-01-20","forecast","-0.833382273269542"
"exdqlm_univar_synth","draw_010",143,"2023-01-21","forecast","-0.892710086566333"
"exdqlm_univar_synth","draw_010",143,"2023-01-22","forecast","-0.817197693721711"
"exdqlm_univar_synth","draw_011",158,"2022-12-26","forecast","-0.303783470702851"
"exdqlm_univar_synth","draw_011",158,"2022-12-27","forecast","0.858364829929934"
"exdqlm_univar_synth","draw_011",158,"2022-12-28","forecast","0.262310784697097"
"exdqlm_univar_synth","draw_011",158,"2022-12-29","forecast","0.581754735257502"
"exdqlm_univar_synth","draw_011",158,"2022-12-30","forecast","-0.0752742062756965"
"exdqlm_univar_synth","draw_011",158,"2022-12-31","forecast","0.380181935040013"
"exdqlm_univar_synth","draw_011",158,"2023-01-01","forecast","0.517423529616108"
"exdqlm_univar_synth","draw_011",158,"2023-01-02","forecast","0.0880720125668012"
"exdqlm_univar_synth","draw_011",158,"2023-01-03","forecast","0.277060919442062"
"exdqlm_univar_synth","draw_011",158,"2023-01-04","forecast","-0.208446226100255"
"exdqlm_univar_synth","draw_011",158,"2023-01-05","forecast","-0.266577514601142"
"exdqlm_univar_synth","draw_011",158,"2023-01-06","forecast","-0.620231519619999"
"exdqlm_univar_synth","draw_011",158,"2023-01-07","forecast","-0.680861757889914"
"exdqlm_univar_synth","draw_011",158,"2023-01-08","forecast","-0.0138771979121998"
"exdqlm_univar_synth","draw_011",158,"2023-01-09","forecast","-0.134294347787888"
"exdqlm_univar_synth","draw_011",158,"2023-01-10","forecast","-0.00519061467775450"
"exdqlm_univar_synth","draw_011",158,"2023-01-11","forecast","-0.763221988986833"
"exdqlm_univar_synth","draw_011",158,"2023-01-12","forecast","-0.143765257371440"
"exdqlm_univar_synth","draw_011",158,"2023-01-13","forecast","-0.874948429219648"
"exdqlm_univar_synth","draw_011",158,"2023-01-14","forecast","-0.473989938178851"
"exdqlm_univar_synth","draw_011",158,"2023-01-15","forecast","-0.0998929230495215"
"exdqlm_univar_synth","draw_011",158,"2023-01-16","forecast","-0.0922443604125204"
"exdqlm_univar_synth","draw_011",158,"2023-01-17","forecast","-0.944625004843113"
"exdqlm_univar_synth","draw_011",158,"2023-01-18","forecast","-0.613777052535237"
"exdqlm_univar_synth","draw_011",158,"2023-01-19","forecast","-0.552533560124643"
"exdqlm_univar_synth","draw_011",158,"2023-01-20","forecast","-1.14434534362203"
"exdqlm_univar_synth","draw_011",158,"2023-01-21","forecast","-0.893591826588562"
"exdqlm_univar_synth","draw_011",158,"2023-01-22","forecast","-1.08254534515378"
"exdqlm_univar_synth","draw_012",174,"2022-12-26","forecast","-0.00644436067101276"
"exdqlm_univar_synth","draw_012",174,"2022-12-27","forecast","0.501322277087897"
"exdqlm_univar_synth","draw_012",174,"2022-12-28","forecast","0.393283151516371"
"exdqlm_univar_synth","draw_012",174,"2022-12-29","forecast","0.564660456812764"
"exdqlm_univar_synth","draw_012",174,"2022-12-30","forecast","0.435980009888150"
"exdqlm_univar_synth","draw_012",174,"2022-12-31","forecast","0.215084942016616"
"exdqlm_univar_synth","draw_012",174,"2023-01-01","forecast","0.266319622994277"
"exdqlm_univar_synth","draw_012",174,"2023-01-02","forecast","-0.153868866532858"
"exdqlm_univar_synth","draw_012",174,"2023-01-03","forecast","-0.168216797715518"
"exdqlm_univar_synth","draw_012",174,"2023-01-04","forecast","-0.430576296260945"
"exdqlm_univar_synth","draw_012",174,"2023-01-05","forecast","-0.111714295261306"
"exdqlm_univar_synth","draw_012",174,"2023-01-06","forecast","-0.432351258648124"
"exdqlm_univar_synth","draw_012",174,"2023-01-07","forecast","-0.514395683742340"
"exdqlm_univar_synth","draw_012",174,"2023-01-08","forecast","-0.0152628457782903"
"exdqlm_univar_synth","draw_012",174,"2023-01-09","forecast","-0.596221293559097"
"exdqlm_univar_synth","draw_012",174,"2023-01-10","forecast","-0.547615407581392"
"exdqlm_univar_synth","draw_012",174,"2023-01-11","forecast","-0.191045941828601"
"exdqlm_univar_synth","draw_012",174,"2023-01-12","forecast","-0.324509996805503"
"exdqlm_univar_synth","draw_012",174,"2023-01-13","forecast","-0.158901277068814"
"exdqlm_univar_synth","draw_012",174,"2023-01-14","forecast","-0.168828977499539"
"exdqlm_univar_synth","draw_012",174,"2023-01-15","forecast","-0.334966023938833"
"exdqlm_univar_synth","draw_012",174,"2023-01-16","forecast","-0.742958716568510"
"exdqlm_univar_synth","draw_012",174,"2023-01-17","forecast","-0.382222727606953"
"exdqlm_univar_synth","draw_012",174,"2023-01-18","forecast","-0.864783155584726"
"exdqlm_univar_synth","draw_012",174,"2023-01-19","forecast","-1.24816643226566"
"exdqlm_univar_synth","draw_012",174,"2023-01-20","forecast","-0.845296351092935"
"exdqlm_univar_synth","draw_012",174,"2023-01-21","forecast","-0.892354136585108"
"exdqlm_univar_synth","draw_012",174,"2023-01-22","forecast","-1.17482592557328"
"exdqlm_univar_synth","draw_013",190,"2022-12-26","forecast","0.116587005656905"
"exdqlm_univar_synth","draw_013",190,"2022-12-27","forecast","0.810264673220878"
"exdqlm_univar_synth","draw_013",190,"2022-12-28","forecast","0.307493401506302"
"exdqlm_univar_synth","draw_013",190,"2022-12-29","forecast","0.135674369959173"
"exdqlm_univar_synth","draw_013",190,"2022-12-30","forecast","-0.136710167990614"
"exdqlm_univar_synth","draw_013",190,"2022-12-31","forecast","0.502035178812724"
"exdqlm_univar_synth","draw_013",190,"2023-01-01","forecast","0.388213118761202"
"exdqlm_univar_synth","draw_013",190,"2023-01-02","forecast","0.0737039051301551"
"exdqlm_univar_synth","draw_013",190,"2023-01-03","forecast","0.263468848735642"
"exdqlm_univar_synth","draw_013",190,"2023-01-04","forecast","-0.139395102937218"
"exdqlm_univar_synth","draw_013",190,"2023-01-05","forecast","0.0582834587052258"
"exdqlm_univar_synth","draw_013",190,"2023-01-06","forecast","-0.836177029606478"
"exdqlm_univar_synth","draw_013",190,"2023-01-07","forecast","-0.697984304032154"
"exdqlm_univar_synth","draw_013",190,"2023-01-08","forecast","-0.321192511871937"
"exdqlm_univar_synth","draw_013",190,"2023-01-09","forecast","-0.341169510113030"
"exdqlm_univar_synth","draw_013",190,"2023-01-10","forecast","-0.128140753179742"
"exdqlm_univar_synth","draw_013",190,"2023-01-11","forecast","-0.834052433580203"
"exdqlm_univar_synth","draw_013",190,"2023-01-12","forecast","-0.146365246209068"
"exdqlm_univar_synth","draw_013",190,"2023-01-13","forecast","-0.719560480102832"
"exdqlm_univar_synth","draw_013",190,"2023-01-14","forecast","-0.183982720910127"
"exdqlm_univar_synth","draw_013",190,"2023-01-15","forecast","-0.0612382662084329"
"exdqlm_univar_synth","draw_013",190,"2023-01-16","forecast","-0.0969434732896142"
"exdqlm_univar_synth","draw_013",190,"2023-01-17","forecast","-0.909808109577788"
"exdqlm_univar_synth","draw_013",190,"2023-01-18","forecast","-0.609004607634194"
"exdqlm_univar_synth","draw_013",190,"2023-01-19","forecast","-0.556019755818775"
"exdqlm_univar_synth","draw_013",190,"2023-01-20","forecast","-0.844180732888955"
"exdqlm_univar_synth","draw_013",190,"2023-01-21","forecast","-1.37011265524321"
"exdqlm_univar_synth","draw_013",190,"2023-01-22","forecast","-1.09780530678980"
"exdqlm_univar_synth","draw_014",206,"2022-12-26","forecast","-0.329050323384019"
"exdqlm_univar_synth","draw_014",206,"2022-12-27","forecast","0.652387829924386"
"exdqlm_univar_synth","draw_014",206,"2022-12-28","forecast","0.228729392089998"
"exdqlm_univar_synth","draw_014",206,"2022-12-29","forecast","0.557301025146693"
"exdqlm_univar_synth","draw_014",206,"2022-12-30","forecast","-0.232917127857564"
"exdqlm_univar_synth","draw_014",206,"2022-12-31","forecast","0.133367698057003"
"exdqlm_univar_synth","draw_014",206,"2023-01-01","forecast","0.853950825919806"
"exdqlm_univar_synth","draw_014",206,"2023-01-02","forecast","0.175417430330142"
"exdqlm_univar_synth","draw_014",206,"2023-01-03","forecast","0.0845277379593705"
"exdqlm_univar_synth","draw_014",206,"2023-01-04","forecast","-0.225475754514083"
"exdqlm_univar_synth","draw_014",206,"2023-01-05","forecast","0.176189922061009"
"exdqlm_univar_synth","draw_014",206,"2023-01-06","forecast","-0.164893857869762"
"exdqlm_univar_synth","draw_014",206,"2023-01-07","forecast","-0.454900989586989"
"exdqlm_univar_synth","draw_014",206,"2023-01-08","forecast","0.113564068001475"
"exdqlm_univar_synth","draw_014",206,"2023-01-09","forecast","-0.366541162735887"
"exdqlm_univar_synth","draw_014",206,"2023-01-10","forecast","-0.267703299902816"
"exdqlm_univar_synth","draw_014",206,"2023-01-11","forecast","-0.338655363812051"
"exdqlm_univar_synth","draw_014",206,"2023-01-12","forecast","-0.0563142846395635"
"exdqlm_univar_synth","draw_014",206,"2023-01-13","forecast","-0.105136712762239"
"exdqlm_univar_synth","draw_014",206,"2023-01-14","forecast","-0.328519628442599"
"exdqlm_univar_synth","draw_014",206,"2023-01-15","forecast","-0.619516774003243"
"exdqlm_univar_synth","draw_014",206,"2023-01-16","forecast","-0.484677106450077"
"exdqlm_univar_synth","draw_014",206,"2023-01-17","forecast","-0.590120312180895"
"exdqlm_univar_synth","draw_014",206,"2023-01-18","forecast","-0.596937033009103"
"exdqlm_univar_synth","draw_014",206,"2023-01-19","forecast","-0.671883907976343"
"exdqlm_univar_synth","draw_014",206,"2023-01-20","forecast","-0.831444086593412"
"exdqlm_univar_synth","draw_014",206,"2023-01-21","forecast","-0.861754322187469"
"exdqlm_univar_synth","draw_014",206,"2023-01-22","forecast","-0.879765815134240"
"exdqlm_univar_synth","draw_015",221,"2022-12-26","forecast","-0.370110539217949"
"exdqlm_univar_synth","draw_015",221,"2022-12-27","forecast","0.316594711395715"
"exdqlm_univar_synth","draw_015",221,"2022-12-28","forecast","0.279051903859402"
"exdqlm_univar_synth","draw_015",221,"2022-12-29","forecast","0.357962998580487"
"exdqlm_univar_synth","draw_015",221,"2022-12-30","forecast","-0.0818652916891915"
"exdqlm_univar_synth","draw_015",221,"2022-12-31","forecast","0.893712931040786"
"exdqlm_univar_synth","draw_015",221,"2023-01-01","forecast","0.535518362959519"
"exdqlm_univar_synth","draw_015",221,"2023-01-02","forecast","0.0768139399115022"
"exdqlm_univar_synth","draw_015",221,"2023-01-03","forecast","0.274366262186787"
"exdqlm_univar_synth","draw_015",221,"2023-01-04","forecast","-0.277390816035963"
"exdqlm_univar_synth","draw_015",221,"2023-01-05","forecast","0.141613743420347"
"exdqlm_univar_synth","draw_015",221,"2023-01-06","forecast","-0.162775003462763"
"exdqlm_univar_synth","draw_015",221,"2023-01-07","forecast","-0.867934421272923"
"exdqlm_univar_synth","draw_015",221,"2023-01-08","forecast","-0.157258280506997"
"exdqlm_univar_synth","draw_015",221,"2023-01-09","forecast","-0.145163912200748"
"exdqlm_univar_synth","draw_015",221,"2023-01-10","forecast","-0.0901654176295284"
"exdqlm_univar_synth","draw_015",221,"2023-01-11","forecast","-0.237454812552120"
"exdqlm_univar_synth","draw_015",221,"2023-01-12","forecast","-0.716297117140649"
"exdqlm_univar_synth","draw_015",221,"2023-01-13","forecast","-0.146229024121479"
"exdqlm_univar_synth","draw_015",221,"2023-01-14","forecast","-0.165594878799601"
"exdqlm_univar_synth","draw_015",221,"2023-01-15","forecast","-0.491371380121490"
"exdqlm_univar_synth","draw_015",221,"2023-01-16","forecast","-0.441332802805926"
"exdqlm_univar_synth","draw_015",221,"2023-01-17","forecast","-0.367092838222290"
"exdqlm_univar_synth","draw_015",221,"2023-01-18","forecast","-1.22257007512080"
"exdqlm_univar_synth","draw_015",221,"2023-01-19","forecast","-0.534128497909071"
"exdqlm_univar_synth","draw_015",221,"2023-01-20","forecast","-1.08912439759727"
"exdqlm_univar_synth","draw_015",221,"2023-01-21","forecast","-0.967587220820330"
"exdqlm_univar_synth","draw_015",221,"2023-01-22","forecast","-1.17725306216009"
"exdqlm_univar_synth","draw_016",237,"2022-12-26","forecast","-0.353517092921653"
"exdqlm_univar_synth","draw_016",237,"2022-12-27","forecast","1.24221681702335"
"exdqlm_univar_synth","draw_016",237,"2022-12-28","forecast","0.647978487036001"
"exdqlm_univar_synth","draw_016",237,"2022-12-29","forecast","0.343824777272439"
"exdqlm_univar_synth","draw_016",237,"2022-12-30","forecast","-0.186541718980697"
"exdqlm_univar_synth","draw_016",237,"2022-12-31","forecast","0.474289055808116"
"exdqlm_univar_synth","draw_016",237,"2023-01-01","forecast","0.187774003425286"
"exdqlm_univar_synth","draw_016",237,"2023-01-02","forecast","0.0736810813104278"
"exdqlm_univar_synth","draw_016",237,"2023-01-03","forecast","0.00231153004248621"
"exdqlm_univar_synth","draw_016",237,"2023-01-04","forecast","-0.446364698760263"
"exdqlm_univar_synth","draw_016",237,"2023-01-05","forecast","-0.365905959394327"
"exdqlm_univar_synth","draw_016",237,"2023-01-06","forecast","-0.870095538005323"
"exdqlm_univar_synth","draw_016",237,"2023-01-07","forecast","-0.627583184999180"
"exdqlm_univar_synth","draw_016",237,"2023-01-08","forecast","-0.403937171349760"
"exdqlm_univar_synth","draw_016",237,"2023-01-09","forecast","-0.144013762704644"
"exdqlm_univar_synth","draw_016",237,"2023-01-10","forecast","-0.271261605129059"
"exdqlm_univar_synth","draw_016",237,"2023-01-11","forecast","-0.308978499566303"
"exdqlm_univar_synth","draw_016",237,"2023-01-12","forecast","-0.856669888455888"
"exdqlm_univar_synth","draw_016",237,"2023-01-13","forecast","-0.100683240851905"
"exdqlm_univar_synth","draw_016",237,"2023-01-14","forecast","-0.165015835104864"
"exdqlm_univar_synth","draw_016",237,"2023-01-15","forecast","-0.103823436739449"
"exdqlm_univar_synth","draw_016",237,"2023-01-16","forecast","-0.106189033748897"
"exdqlm_univar_synth","draw_016",237,"2023-01-17","forecast","-0.370409867563597"
"exdqlm_univar_synth","draw_016",237,"2023-01-18","forecast","-0.654433881369454"
"exdqlm_univar_synth","draw_016",237,"2023-01-19","forecast","-1.27181938917296"
"exdqlm_univar_synth","draw_016",237,"2023-01-20","forecast","-0.643775518143956"
"exdqlm_univar_synth","draw_016",237,"2023-01-21","forecast","-0.916486290988533"
"exdqlm_univar_synth","draw_016",237,"2023-01-22","forecast","-0.873266274176971"
"exdqlm_univar_synth","draw_017",253,"2022-12-26","forecast","-0.402343088403090"
"exdqlm_univar_synth","draw_017",253,"2022-12-27","forecast","0.335018306910517"
"exdqlm_univar_synth","draw_017",253,"2022-12-28","forecast","0.335148678161935"
"exdqlm_univar_synth","draw_017",253,"2022-12-29","forecast","0.397810909397418"
"exdqlm_univar_synth","draw_017",253,"2022-12-30","forecast","0.291480700303116"
"exdqlm_univar_synth","draw_017",253,"2022-12-31","forecast","0.869666296664734"
"exdqlm_univar_synth","draw_017",253,"2023-01-01","forecast","0.627050283814598"
"exdqlm_univar_synth","draw_017",253,"2023-01-02","forecast","-0.269647392569576"
"exdqlm_univar_synth","draw_017",253,"2023-01-03","forecast","0.263215936604842"
"exdqlm_univar_synth","draw_017",253,"2023-01-04","forecast","-0.170262930280657"
"exdqlm_univar_synth","draw_017",253,"2023-01-05","forecast","-0.217101528715337"
"exdqlm_univar_synth","draw_017",253,"2023-01-06","forecast","-0.157790943675190"
"exdqlm_univar_synth","draw_017",253,"2023-01-07","forecast","-0.503278822146247"
"exdqlm_univar_synth","draw_017",253,"2023-01-08","forecast","-0.196975482078130"
"exdqlm_univar_synth","draw_017",253,"2023-01-09","forecast","-0.208352907157897"
"exdqlm_univar_synth","draw_017",253,"2023-01-10","forecast","0.195966153228399"
"exdqlm_univar_synth","draw_017",253,"2023-01-11","forecast","-0.832712156308300"
"exdqlm_univar_synth","draw_017",253,"2023-01-12","forecast","-0.359986573208950"
"exdqlm_univar_synth","draw_017",253,"2023-01-13","forecast","-0.208654529315529"
"exdqlm_univar_synth","draw_017",253,"2023-01-14","forecast","-0.179210662407851"
"exdqlm_univar_synth","draw_017",253,"2023-01-15","forecast","-0.657704438557745"
"exdqlm_univar_synth","draw_017",253,"2023-01-16","forecast","-0.498218469251694"
"exdqlm_univar_synth","draw_017",253,"2023-01-17","forecast","-1.02051160048732"
"exdqlm_univar_synth","draw_017",253,"2023-01-18","forecast","-0.974720664869751"
"exdqlm_univar_synth","draw_017",253,"2023-01-19","forecast","-0.556499096406658"
"exdqlm_univar_synth","draw_017",253,"2023-01-20","forecast","-0.834437167681350"
"exdqlm_univar_synth","draw_017",253,"2023-01-21","forecast","-0.431857122481376"
"exdqlm_univar_synth","draw_017",253,"2023-01-22","forecast","-0.815675421435603"
"exdqlm_univar_synth","draw_018",269,"2022-12-26","forecast","-0.206521579490530"
"exdqlm_univar_synth","draw_018",269,"2022-12-27","forecast","0.476563474751319"
"exdqlm_univar_synth","draw_018",269,"2022-12-28","forecast","0.656423223852247"
"exdqlm_univar_synth","draw_018",269,"2022-12-29","forecast","0.384701017424350"
"exdqlm_univar_synth","draw_018",269,"2022-12-30","forecast","0.0551700973162648"
"exdqlm_univar_synth","draw_018",269,"2022-12-31","forecast","0.739367951629495"
"exdqlm_univar_synth","draw_018",269,"2023-01-01","forecast","0.663569101130042"
"exdqlm_univar_synth","draw_018",269,"2023-01-02","forecast","0.0758883879462938"
"exdqlm_univar_synth","draw_018",269,"2023-01-03","forecast","0.360384802715400"
"exdqlm_univar_synth","draw_018",269,"2023-01-04","forecast","-0.300397886089057"
"exdqlm_univar_synth","draw_018",269,"2023-01-05","forecast","-0.214911722362046"
"exdqlm_univar_synth","draw_018",269,"2023-01-06","forecast","-0.150239354973146"
"exdqlm_univar_synth","draw_018",269,"2023-01-07","forecast","-0.457199712474196"
"exdqlm_univar_synth","draw_018",269,"2023-01-08","forecast","-0.387912144052187"
"exdqlm_univar_synth","draw_018",269,"2023-01-09","forecast","-0.135157290726335"
"exdqlm_univar_synth","draw_018",269,"2023-01-10","forecast","0.233400418816015"
"exdqlm_univar_synth","draw_018",269,"2023-01-11","forecast","-0.541986027166540"
"exdqlm_univar_synth","draw_018",269,"2023-01-12","forecast","-0.145314515493146"
"exdqlm_univar_synth","draw_018",269,"2023-01-13","forecast","0.0137720409715199"
"exdqlm_univar_synth","draw_018",269,"2023-01-14","forecast","-0.444773047969794"
"exdqlm_univar_synth","draw_018",269,"2023-01-15","forecast","-0.106417365237670"
"exdqlm_univar_synth","draw_018",269,"2023-01-16","forecast","-0.234194065154875"
"exdqlm_univar_synth","draw_018",269,"2023-01-17","forecast","-0.752379444142784"
"exdqlm_univar_synth","draw_018",269,"2023-01-18","forecast","-0.838210080500230"
"exdqlm_univar_synth","draw_018",269,"2023-01-19","forecast","-0.589507041714290"
"exdqlm_univar_synth","draw_018",269,"2023-01-20","forecast","-0.931137084987904"
"exdqlm_univar_synth","draw_018",269,"2023-01-21","forecast","-1.22861165205483"
"exdqlm_univar_synth","draw_018",269,"2023-01-22","forecast","-0.815471946824580"
"exdqlm_univar_synth","draw_019",284,"2022-12-26","forecast","-0.0623417282694610"
"exdqlm_univar_synth","draw_019",284,"2022-12-27","forecast","0.925522591328304"
"exdqlm_univar_synth","draw_019",284,"2022-12-28","forecast","0.620878498585187"
"exdqlm_univar_synth","draw_019",284,"2022-12-29","forecast","0.0893397981820583"
"exdqlm_univar_synth","draw_019",284,"2022-12-30","forecast","0.300088018964252"
"exdqlm_univar_synth","draw_019",284,"2022-12-31","forecast","0.199883792014772"
"exdqlm_univar_synth","draw_019",284,"2023-01-01","forecast","0.538690069578925"
"exdqlm_univar_synth","draw_019",284,"2023-01-02","forecast","-0.172734120778663"
"exdqlm_univar_synth","draw_019",284,"2023-01-03","forecast","-0.00501706795757257"
"exdqlm_univar_synth","draw_019",284,"2023-01-04","forecast","-0.153935277596515"
"exdqlm_univar_synth","draw_019",284,"2023-01-05","forecast","0.0668542654712797"
"exdqlm_univar_synth","draw_019",284,"2023-01-06","forecast","-0.167710308224541"
"exdqlm_univar_synth","draw_019",284,"2023-01-07","forecast","-0.480180193217282"
"exdqlm_univar_synth","draw_019",284,"2023-01-08","forecast","-0.282036556164809"
"exdqlm_univar_synth","draw_019",284,"2023-01-09","forecast","-0.136714727808494"
"exdqlm_univar_synth","draw_019",284,"2023-01-10","forecast","-0.601907857769889"
"exdqlm_univar_synth","draw_019",284,"2023-01-11","forecast","-0.340952027968237"
"exdqlm_univar_synth","draw_019",284,"2023-01-12","forecast","-0.298038650740437"
"exdqlm_univar_synth","draw_019",284,"2023-01-13","forecast","-0.152588115875971"
"exdqlm_univar_synth","draw_019",284,"2023-01-14","forecast","-0.936282489690150"
"exdqlm_univar_synth","draw_019",284,"2023-01-15","forecast","-0.516963132905291"
"exdqlm_univar_synth","draw_019",284,"2023-01-16","forecast","-0.117245445836976"
"exdqlm_univar_synth","draw_019",284,"2023-01-17","forecast","-0.366517652171940"
"exdqlm_univar_synth","draw_019",284,"2023-01-18","forecast","-0.617085061367270"
"exdqlm_univar_synth","draw_019",284,"2023-01-19","forecast","-0.543292894359682"
"exdqlm_univar_synth","draw_019",284,"2023-01-20","forecast","-0.848739051447325"
"exdqlm_univar_synth","draw_019",284,"2023-01-21","forecast","-1.59629979693965"
"exdqlm_univar_synth","draw_019",284,"2023-01-22","forecast","-0.963044951599594"
"exdqlm_univar_synth","draw_020",300,"2022-12-26","forecast","-0.380046340847590"
"exdqlm_univar_synth","draw_020",300,"2022-12-27","forecast","1.07836393031687"
"exdqlm_univar_synth","draw_020",300,"2022-12-28","forecast","0.250963739942271"
"exdqlm_univar_synth","draw_020",300,"2022-12-29","forecast","0.242896914065437"
"exdqlm_univar_synth","draw_020",300,"2022-12-30","forecast","0.298498062519303"
"exdqlm_univar_synth","draw_020",300,"2022-12-31","forecast","1.12507888398417"
"exdqlm_univar_synth","draw_020",300,"2023-01-01","forecast","0.668461284636703"
"exdqlm_univar_synth","draw_020",300,"2023-01-02","forecast","-0.0875693137178608"
"exdqlm_univar_synth","draw_020",300,"2023-01-03","forecast","0.146346337450527"
"exdqlm_univar_synth","draw_020",300,"2023-01-04","forecast","0.0150006671231793"
"exdqlm_univar_synth","draw_020",300,"2023-01-05","forecast","0.0645544776658710"
"exdqlm_univar_synth","draw_020",300,"2023-01-06","forecast","-0.143853834398597"
"exdqlm_univar_synth","draw_020",300,"2023-01-07","forecast","-0.469596679182079"
"exdqlm_univar_synth","draw_020",300,"2023-01-08","forecast","-0.0143158629213064"
"exdqlm_univar_synth","draw_020",300,"2023-01-09","forecast","-0.238994817385725"
"exdqlm_univar_synth","draw_020",300,"2023-01-10","forecast","0.0255136834421788"
"exdqlm_univar_synth","draw_020",300,"2023-01-11","forecast","-0.227440978579630"
"exdqlm_univar_synth","draw_020",300,"2023-01-12","forecast","-0.422446181310558"
"exdqlm_univar_synth","draw_020",300,"2023-01-13","forecast","-0.147429408792723"
"exdqlm_univar_synth","draw_020",300,"2023-01-14","forecast","-0.371079580468585"
"exdqlm_univar_synth","draw_020",300,"2023-01-15","forecast","-0.563957843991446"
"exdqlm_univar_synth","draw_020",300,"2023-01-16","forecast","-0.127438596765388"
"exdqlm_univar_synth","draw_020",300,"2023-01-17","forecast","-0.583528626931527"
"exdqlm_univar_synth","draw_020",300,"2023-01-18","forecast","-0.612116647257283"
"exdqlm_univar_synth","draw_020",300,"2023-01-19","forecast","-0.831599543507152"
"exdqlm_univar_synth","draw_020",300,"2023-01-20","forecast","-0.840600443100615"
"exdqlm_univar_synth","draw_020",300,"2023-01-21","forecast","-0.892644951100007"
"exdqlm_univar_synth","draw_020",300,"2023-01-22","forecast","-0.868399845620853"
"exdqlm_univar_synth","draw_021",316,"2022-12-26","forecast","-0.265388019009344"
"exdqlm_univar_synth","draw_021",316,"2022-12-27","forecast","1.28763554679262"
"exdqlm_univar_synth","draw_021",316,"2022-12-28","forecast","0.247703633731844"
"exdqlm_univar_synth","draw_021",316,"2022-12-29","forecast","-0.0411819390540607"
"exdqlm_univar_synth","draw_021",316,"2022-12-30","forecast","0.300448029267344"
"exdqlm_univar_synth","draw_021",316,"2022-12-31","forecast","0.729400283278545"
"exdqlm_univar_synth","draw_021",316,"2023-01-01","forecast","0.645344719785950"
"exdqlm_univar_synth","draw_021",316,"2023-01-02","forecast","0.0757435810077007"
"exdqlm_univar_synth","draw_021",316,"2023-01-03","forecast","0.400260892012424"
"exdqlm_univar_synth","draw_021",316,"2023-01-04","forecast","-0.171150378799400"
"exdqlm_univar_synth","draw_021",316,"2023-01-05","forecast","-0.566335179240741"
"exdqlm_univar_synth","draw_021",316,"2023-01-06","forecast","-0.423614003200495"
"exdqlm_univar_synth","draw_021",316,"2023-01-07","forecast","-0.649686977583486"
"exdqlm_univar_synth","draw_021",316,"2023-01-08","forecast","-0.156605018895284"
"exdqlm_univar_synth","draw_021",316,"2023-01-09","forecast","-0.145272268361207"
"exdqlm_univar_synth","draw_021",316,"2023-01-10","forecast","-0.353716052617307"
"exdqlm_univar_synth","draw_021",316,"2023-01-11","forecast","-0.529172417774889"
"exdqlm_univar_synth","draw_021",316,"2023-01-12","forecast","-0.766379455786984"
"exdqlm_univar_synth","draw_021",316,"2023-01-13","forecast","0.0201975321215001"
"exdqlm_univar_synth","draw_021",316,"2023-01-14","forecast","-0.159057221240132"
"exdqlm_univar_synth","draw_021",316,"2023-01-15","forecast","-0.165531034525369"
"exdqlm_univar_synth","draw_021",316,"2023-01-16","forecast","-0.472984832476668"
"exdqlm_univar_synth","draw_021",316,"2023-01-17","forecast","-0.388595495022850"
"exdqlm_univar_synth","draw_021",316,"2023-01-18","forecast","-0.809275595144762"
"exdqlm_univar_synth","draw_021",316,"2023-01-19","forecast","-0.746211006886075"
"exdqlm_univar_synth","draw_021",316,"2023-01-20","forecast","-1.35371280471932"
"exdqlm_univar_synth","draw_021",316,"2023-01-21","forecast","-0.922519149275890"
"exdqlm_univar_synth","draw_021",316,"2023-01-22","forecast","-1.45228816356755"
"exdqlm_univar_synth","draw_022",332,"2022-12-26","forecast","-0.410565198363566"
"exdqlm_univar_synth","draw_022",332,"2022-12-27","forecast","1.04261114945824"
"exdqlm_univar_synth","draw_022",332,"2022-12-28","forecast","0.296705841175338"
"exdqlm_univar_synth","draw_022",332,"2022-12-29","forecast","0.121236821744471"
"exdqlm_univar_synth","draw_022",332,"2022-12-30","forecast","0.0969730380069522"
"exdqlm_univar_synth","draw_022",332,"2022-12-31","forecast","0.261738485575305"
"exdqlm_univar_synth","draw_022",332,"2023-01-01","forecast","0.712283741976470"
"exdqlm_univar_synth","draw_022",332,"2023-01-02","forecast","-0.0950380609129686"
"exdqlm_univar_synth","draw_022",332,"2023-01-03","forecast","0.364878489929584"
"exdqlm_univar_synth","draw_022",332,"2023-01-04","forecast","-0.332027697485967"
"exdqlm_univar_synth","draw_022",332,"2023-01-05","forecast","-0.333109608691937"
"exdqlm_univar_synth","draw_022",332,"2023-01-06","forecast","-0.464143127874494"
"exdqlm_univar_synth","draw_022",332,"2023-01-07","forecast","-1.07193207598956"
"exdqlm_univar_synth","draw_022",332,"2023-01-08","forecast","0.0214090608544055"
"exdqlm_univar_synth","draw_022",332,"2023-01-09","forecast","-0.135233051088044"
"exdqlm_univar_synth","draw_022",332,"2023-01-10","forecast","-0.129474658568935"
"exdqlm_univar_synth","draw_022",332,"2023-01-11","forecast","-0.227925042984210"
"exdqlm_univar_synth","draw_022",332,"2023-01-12","forecast","-0.294588370031423"
"exdqlm_univar_synth","draw_022",332,"2023-01-13","forecast","-0.125504367335811"
"exdqlm_univar_synth","draw_022",332,"2023-01-14","forecast","-0.155691553309711"
"exdqlm_univar_synth","draw_022",332,"2023-01-15","forecast","-0.188196514397540"
"exdqlm_univar_synth","draw_022",332,"2023-01-16","forecast","-0.198956138141761"
"exdqlm_univar_synth","draw_022",332,"2023-01-17","forecast","-0.381604985650120"
"exdqlm_univar_synth","draw_022",332,"2023-01-18","forecast","-0.598402478992781"
"exdqlm_univar_synth","draw_022",332,"2023-01-19","forecast","-0.827567383404289"
"exdqlm_univar_synth","draw_022",332,"2023-01-20","forecast","-0.849044463838999"
"exdqlm_univar_synth","draw_022",332,"2023-01-21","forecast","-0.993426804398298"
"exdqlm_univar_synth","draw_022",332,"2023-01-22","forecast","-0.816937677602783"
"exdqlm_univar_synth","draw_023",347,"2022-12-26","forecast","-0.447749683719917"
"exdqlm_univar_synth","draw_023",347,"2022-12-27","forecast","1.03337677494120"
"exdqlm_univar_synth","draw_023",347,"2022-12-28","forecast","0.816076838561026"
"exdqlm_univar_synth","draw_023",347,"2022-12-29","forecast","0.401073234024324"
"exdqlm_univar_synth","draw_023",347,"2022-12-30","forecast","-0.232295088948608"
"exdqlm_univar_synth","draw_023",347,"2022-12-31","forecast","1.12099593005160"
"exdqlm_univar_synth","draw_023",347,"2023-01-01","forecast","0.257321592615172"
"exdqlm_univar_synth","draw_023",347,"2023-01-02","forecast","0.170318036758048"
"exdqlm_univar_synth","draw_023",347,"2023-01-03","forecast","0.264616288409301"
"exdqlm_univar_synth","draw_023",347,"2023-01-04","forecast","-0.391935850769349"
"exdqlm_univar_synth","draw_023",347,"2023-01-05","forecast","0.0389799844659205"
"exdqlm_univar_synth","draw_023",347,"2023-01-06","forecast","-0.680085305731457"
"exdqlm_univar_synth","draw_023",347,"2023-01-07","forecast","-0.461090954540116"
"exdqlm_univar_synth","draw_023",347,"2023-01-08","forecast","0.189028198185735"
"exdqlm_univar_synth","draw_023",347,"2023-01-09","forecast","-0.672794464639443"
"exdqlm_univar_synth","draw_023",347,"2023-01-10","forecast","-0.412788768376548"
"exdqlm_univar_synth","draw_023",347,"2023-01-11","forecast","-0.200578366935853"
"exdqlm_univar_synth","draw_023",347,"2023-01-12","forecast","-0.222932934238946"
"exdqlm_univar_synth","draw_023",347,"2023-01-13","forecast","-0.374340627089812"
"exdqlm_univar_synth","draw_023",347,"2023-01-14","forecast","-0.157640091831523"
"exdqlm_univar_synth","draw_023",347,"2023-01-15","forecast","0.192151656275643"
"exdqlm_univar_synth","draw_023",347,"2023-01-16","forecast","-0.499991730325478"
"exdqlm_univar_synth","draw_023",347,"2023-01-17","forecast","-0.271490858482337"
"exdqlm_univar_synth","draw_023",347,"2023-01-18","forecast","-0.608689021307445"
"exdqlm_univar_synth","draw_023",347,"2023-01-19","forecast","-0.556156399580766"
"exdqlm_univar_synth","draw_023",347,"2023-01-20","forecast","-0.755797476941424"
"exdqlm_univar_synth","draw_023",347,"2023-01-21","forecast","-0.898827548875737"
"exdqlm_univar_synth","draw_023",347,"2023-01-22","forecast","-0.891491613665413"
"exdqlm_univar_synth","draw_024",363,"2022-12-26","forecast","-0.266207492031293"
"exdqlm_univar_synth","draw_024",363,"2022-12-27","forecast","0.957457433790928"
"exdqlm_univar_synth","draw_024",363,"2022-12-28","forecast","0.654351206963885"
"exdqlm_univar_synth","draw_024",363,"2022-12-29","forecast","0.396705935579521"
"exdqlm_univar_synth","draw_024",363,"2022-12-30","forecast","0.292704121460327"
"exdqlm_univar_synth","draw_024",363,"2022-12-31","forecast","0.462331605531911"
"exdqlm_univar_synth","draw_024",363,"2023-01-01","forecast","0.207810315724041"
"exdqlm_univar_synth","draw_024",363,"2023-01-02","forecast","0.194517439413895"
"exdqlm_univar_synth","draw_024",363,"2023-01-03","forecast","0.396729200777263"
"exdqlm_univar_synth","draw_024",363,"2023-01-04","forecast","-0.549872613688899"
"exdqlm_univar_synth","draw_024",363,"2023-01-05","forecast","0.0658708539117973"
"exdqlm_univar_synth","draw_024",363,"2023-01-06","forecast","-0.693369595745725"
"exdqlm_univar_synth","draw_024",363,"2023-01-07","forecast","-0.453812576047624"
"exdqlm_univar_synth","draw_024",363,"2023-01-08","forecast","-0.0165315064439515"
"exdqlm_univar_synth","draw_024",363,"2023-01-09","forecast","-0.141634479116004"
"exdqlm_univar_synth","draw_024",363,"2023-01-10","forecast","0.0712570076134135"
"exdqlm_univar_synth","draw_024",363,"2023-01-11","forecast","-0.225963552332933"
"exdqlm_univar_synth","draw_024",363,"2023-01-12","forecast","-0.196146904293318"
"exdqlm_univar_synth","draw_024",363,"2023-01-13","forecast","-0.270775636084681"
"exdqlm_univar_synth","draw_024",363,"2023-01-14","forecast","-0.511029593498808"
"exdqlm_univar_synth","draw_024",363,"2023-01-15","forecast","-0.449427167671339"
"exdqlm_univar_synth","draw_024",363,"2023-01-16","forecast","-0.442681327942026"
"exdqlm_univar_synth","draw_024",363,"2023-01-17","forecast","-0.339715018210150"
"exdqlm_univar_synth","draw_024",363,"2023-01-18","forecast","-0.615877691628018"
"exdqlm_univar_synth","draw_024",363,"2023-01-19","forecast","-0.606019498325741"
"exdqlm_univar_synth","draw_024",363,"2023-01-20","forecast","-1.00032773824618"
"exdqlm_univar_synth","draw_024",363,"2023-01-21","forecast","-0.910467829477619"
"exdqlm_univar_synth","draw_024",363,"2023-01-22","forecast","-0.900311324861315"
"exdqlm_univar_synth","draw_025",379,"2022-12-26","forecast","-0.125540680773690"
"exdqlm_univar_synth","draw_025",379,"2022-12-27","forecast","0.485879397778556"
"exdqlm_univar_synth","draw_025",379,"2022-12-28","forecast","0.429252357591351"
"exdqlm_univar_synth","draw_025",379,"2022-12-29","forecast","0.567479658586854"
"exdqlm_univar_synth","draw_025",379,"2022-12-30","forecast","0.295980303514665"
"exdqlm_univar_synth","draw_025",379,"2022-12-31","forecast","0.268340489779938"
"exdqlm_univar_synth","draw_025",379,"2023-01-01","forecast","0.673808538788245"
"exdqlm_univar_synth","draw_025",379,"2023-01-02","forecast","-0.439978820148286"
"exdqlm_univar_synth","draw_025",379,"2023-01-03","forecast","0.321465727837871"
"exdqlm_univar_synth","draw_025",379,"2023-01-04","forecast","-0.190862698098673"
"exdqlm_univar_synth","draw_025",379,"2023-01-05","forecast","-0.492206373600470"
"exdqlm_univar_synth","draw_025",379,"2023-01-06","forecast","-0.151570425158367"
"exdqlm_univar_synth","draw_025",379,"2023-01-07","forecast","-0.483215905585952"
"exdqlm_univar_synth","draw_025",379,"2023-01-08","forecast","-0.406754979964189"
"exdqlm_univar_synth","draw_025",379,"2023-01-09","forecast","-0.178728727829025"
"exdqlm_univar_synth","draw_025",379,"2023-01-10","forecast","-0.256243298617933"
"exdqlm_univar_synth","draw_025",379,"2023-01-11","forecast","-0.845797325042375"
"exdqlm_univar_synth","draw_025",379,"2023-01-12","forecast","-0.355559723551018"
"exdqlm_univar_synth","draw_025",379,"2023-01-13","forecast","0.0621104112968386"
"exdqlm_univar_synth","draw_025",379,"2023-01-14","forecast","-0.827078303375412"
"exdqlm_univar_synth","draw_025",379,"2023-01-15","forecast","-0.181481239189485"
"exdqlm_univar_synth","draw_025",379,"2023-01-16","forecast","-0.349430624520990"
"exdqlm_univar_synth","draw_025",379,"2023-01-17","forecast","-0.896825483407412"
"exdqlm_univar_synth","draw_025",379,"2023-01-18","forecast","-0.878577120444249"
"exdqlm_univar_synth","draw_025",379,"2023-01-19","forecast","-1.08540863422295"
"exdqlm_univar_synth","draw_025",379,"2023-01-20","forecast","-0.949363492988565"
"exdqlm_univar_synth","draw_025",379,"2023-01-21","forecast","-0.927715894782789"
"exdqlm_univar_synth","draw_025",379,"2023-01-22","forecast","-1.00361822281012"
"exdqlm_univar_synth","draw_026",395,"2022-12-26","forecast","-0.0799550539578611"
"exdqlm_univar_synth","draw_026",395,"2022-12-27","forecast","0.279689540505987"
"exdqlm_univar_synth","draw_026",395,"2022-12-28","forecast","0.379271518662238"
"exdqlm_univar_synth","draw_026",395,"2022-12-29","forecast","0.313802630342571"
"exdqlm_univar_synth","draw_026",395,"2022-12-30","forecast","0.00297939528637588"
"exdqlm_univar_synth","draw_026",395,"2022-12-31","forecast","0.515726994074115"
"exdqlm_univar_synth","draw_026",395,"2023-01-01","forecast","0.307038076304741"
"exdqlm_univar_synth","draw_026",395,"2023-01-02","forecast","-0.0680288385320971"
"exdqlm_univar_synth","draw_026",395,"2023-01-03","forecast","-0.252685016683706"
"exdqlm_univar_synth","draw_026",395,"2023-01-04","forecast","-0.171700657313587"
"exdqlm_univar_synth","draw_026",395,"2023-01-05","forecast","0.0663249471682210"
"exdqlm_univar_synth","draw_026",395,"2023-01-06","forecast","-0.756711103337921"
"exdqlm_univar_synth","draw_026",395,"2023-01-07","forecast","-0.812658428637852"
"exdqlm_univar_synth","draw_026",395,"2023-01-08","forecast","-0.637997693344214"
"exdqlm_univar_synth","draw_026",395,"2023-01-09","forecast","-0.144110279904431"
"exdqlm_univar_synth","draw_026",395,"2023-01-10","forecast","0.0506228405358032"
"exdqlm_univar_synth","draw_026",395,"2023-01-11","forecast","-0.552805489553028"
"exdqlm_univar_synth","draw_026",395,"2023-01-12","forecast","-0.186233339669045"
"exdqlm_univar_synth","draw_026",395,"2023-01-13","forecast","-0.149328807741091"
"exdqlm_univar_synth","draw_026",395,"2023-01-14","forecast","-0.330624014581545"
"exdqlm_univar_synth","draw_026",395,"2023-01-15","forecast","-0.827975141382123"
"exdqlm_univar_synth","draw_026",395,"2023-01-16","forecast","-0.284678543308536"
"exdqlm_univar_synth","draw_026",395,"2023-01-17","forecast","-0.379371442994587"
"exdqlm_univar_synth","draw_026",395,"2023-01-18","forecast","-0.915525603519931"
"exdqlm_univar_synth","draw_026",395,"2023-01-19","forecast","-1.02317248400380"
"exdqlm_univar_synth","draw_026",395,"2023-01-20","forecast","-0.831428127743902"
"exdqlm_univar_synth","draw_026",395,"2023-01-21","forecast","-0.936105881795824"
"exdqlm_univar_synth","draw_026",395,"2023-01-22","forecast","-1.52585964416286"
"exdqlm_univar_synth","draw_027",410,"2022-12-26","forecast","-0.119047037093409"
"exdqlm_univar_synth","draw_027",410,"2022-12-27","forecast","1.06352020017289"
"exdqlm_univar_synth","draw_027",410,"2022-12-28","forecast","0.369118971950741"
"exdqlm_univar_synth","draw_027",410,"2022-12-29","forecast","0.428948883572287"
"exdqlm_univar_synth","draw_027",410,"2022-12-30","forecast","-0.118270838139288"
"exdqlm_univar_synth","draw_027",410,"2022-12-31","forecast","1.13128668488365"
"exdqlm_univar_synth","draw_027",410,"2023-01-01","forecast","0.0653213202853158"
"exdqlm_univar_synth","draw_027",410,"2023-01-02","forecast","-0.00784715822214057"
"exdqlm_univar_synth","draw_027",410,"2023-01-03","forecast","0.264248945321889"
"exdqlm_univar_synth","draw_027",410,"2023-01-04","forecast","-0.461739242543777"
"exdqlm_univar_synth","draw_027",410,"2023-01-05","forecast","-0.226801263909366"
"exdqlm_univar_synth","draw_027",410,"2023-01-06","forecast","-0.433000097206671"
"exdqlm_univar_synth","draw_027",410,"2023-01-07","forecast","-0.459563657127472"
"exdqlm_univar_synth","draw_027",410,"2023-01-08","forecast","0.0323321497401865"
"exdqlm_univar_synth","draw_027",410,"2023-01-09","forecast","-0.609035459894909"
"exdqlm_univar_synth","draw_027",410,"2023-01-10","forecast","-0.158601556345117"
"exdqlm_univar_synth","draw_027",410,"2023-01-11","forecast","-0.380577341088016"
"exdqlm_univar_synth","draw_027",410,"2023-01-12","forecast","-0.124632711729359"
"exdqlm_univar_synth","draw_027",410,"2023-01-13","forecast","-0.0813375722725524"
"exdqlm_univar_synth","draw_027",410,"2023-01-14","forecast","-0.154473721348397"
"exdqlm_univar_synth","draw_027",410,"2023-01-15","forecast","-0.586703309499223"
"exdqlm_univar_synth","draw_027",410,"2023-01-16","forecast","-0.478896437823049"
"exdqlm_univar_synth","draw_027",410,"2023-01-17","forecast","-0.404882882316202"
"exdqlm_univar_synth","draw_027",410,"2023-01-18","forecast","-1.15014583009328"
"exdqlm_univar_synth","draw_027",410,"2023-01-19","forecast","-0.555124856174499"
"exdqlm_univar_synth","draw_027",410,"2023-01-20","forecast","-0.945684524993041"
"exdqlm_univar_synth","draw_027",410,"2023-01-21","forecast","-1.36997624707157"
"exdqlm_univar_synth","draw_027",410,"2023-01-22","forecast","-1.21647654478594"
"exdqlm_univar_synth","draw_028",426,"2022-12-26","forecast","-0.0136912717665587"
"exdqlm_univar_synth","draw_028",426,"2022-12-27","forecast","0.706146225843557"
"exdqlm_univar_synth","draw_028",426,"2022-12-28","forecast","0.757389000449287"
"exdqlm_univar_synth","draw_028",426,"2022-12-29","forecast","0.400323990886035"
"exdqlm_univar_synth","draw_028",426,"2022-12-30","forecast","-0.0609551074943483"
"exdqlm_univar_synth","draw_028",426,"2022-12-31","forecast","1.01043673679518"
"exdqlm_univar_synth","draw_028",426,"2023-01-01","forecast","0.391668579103007"
"exdqlm_univar_synth","draw_028",426,"2023-01-02","forecast","-0.636279629342847"
"exdqlm_univar_synth","draw_028",426,"2023-01-03","forecast","0.210030174269282"
"exdqlm_univar_synth","draw_028",426,"2023-01-04","forecast","-0.549085047714149"
"exdqlm_univar_synth","draw_028",426,"2023-01-05","forecast","0.0124031399146855"
"exdqlm_univar_synth","draw_028",426,"2023-01-06","forecast","-0.164859512562718"
"exdqlm_univar_synth","draw_028",426,"2023-01-07","forecast","-0.760178304668274"
"exdqlm_univar_synth","draw_028",426,"2023-01-08","forecast","-0.658163934322603"
"exdqlm_univar_synth","draw_028",426,"2023-01-09","forecast","-0.654655269430885"
"exdqlm_univar_synth","draw_028",426,"2023-01-10","forecast","-0.00141691131700094"
"exdqlm_univar_synth","draw_028",426,"2023-01-11","forecast","-0.641130813573611"
"exdqlm_univar_synth","draw_028",426,"2023-01-12","forecast","-0.125050397147690"
"exdqlm_univar_synth","draw_028",426,"2023-01-13","forecast","-0.411950467992552"
"exdqlm_univar_synth","draw_028",426,"2023-01-14","forecast","-0.160020342778329"
"exdqlm_univar_synth","draw_028",426,"2023-01-15","forecast","-0.108265174045380"
"exdqlm_univar_synth","draw_028",426,"2023-01-16","forecast","-0.103343206193086"
"exdqlm_univar_synth","draw_028",426,"2023-01-17","forecast","-0.348231485615583"
"exdqlm_univar_synth","draw_028",426,"2023-01-18","forecast","-0.618224221360186"
"exdqlm_univar_synth","draw_028",426,"2023-01-19","forecast","-1.05929555627354"
"exdqlm_univar_synth","draw_028",426,"2023-01-20","forecast","-1.35287099240914"
"exdqlm_univar_synth","draw_028",426,"2023-01-21","forecast","-0.888821896391489"
"exdqlm_univar_synth","draw_028",426,"2023-01-22","forecast","-1.29340977691250"
"exdqlm_univar_synth","draw_029",442,"2022-12-26","forecast","-0.0736158889039008"
"exdqlm_univar_synth","draw_029",442,"2022-12-27","forecast","1.00468406998346"
"exdqlm_univar_synth","draw_029",442,"2022-12-28","forecast","0.516144353598709"
"exdqlm_univar_synth","draw_029",442,"2022-12-29","forecast","0.354020687789457"
"exdqlm_univar_synth","draw_029",442,"2022-12-30","forecast","0.483291295196894"
"exdqlm_univar_synth","draw_029",442,"2022-12-31","forecast","0.492298523205012"
"exdqlm_univar_synth","draw_029",442,"2023-01-01","forecast","0.416047939098201"
"exdqlm_univar_synth","draw_029",442,"2023-01-02","forecast","0.113980636232380"
"exdqlm_univar_synth","draw_029",442,"2023-01-03","forecast","-0.286022383522257"
"exdqlm_univar_synth","draw_029",442,"2023-01-04","forecast","-0.375737557776726"
"exdqlm_univar_synth","draw_029",442,"2023-01-05","forecast","0.0694308784316974"
"exdqlm_univar_synth","draw_029",442,"2023-01-06","forecast","-0.151593806163454"
"exdqlm_univar_synth","draw_029",442,"2023-01-07","forecast","-0.429306967369943"
"exdqlm_univar_synth","draw_029",442,"2023-01-08","forecast","-0.337757455447454"
"exdqlm_univar_synth","draw_029",442,"2023-01-09","forecast","-0.641056832799313"
"exdqlm_univar_synth","draw_029",442,"2023-01-10","forecast","0.0758768645262449"
"exdqlm_univar_synth","draw_029",442,"2023-01-11","forecast","-0.251978505589902"
"exdqlm_univar_synth","draw_029",442,"2023-01-12","forecast","-0.138182746400678"
"exdqlm_univar_synth","draw_029",442,"2023-01-13","forecast","0.127253599553391"
"exdqlm_univar_synth","draw_029",442,"2023-01-14","forecast","0.157549860938486"
"exdqlm_univar_synth","draw_029",442,"2023-01-15","forecast","-0.00380265938994510"
"exdqlm_univar_synth","draw_029",442,"2023-01-16","forecast","-0.160932559628582"
"exdqlm_univar_synth","draw_029",442,"2023-01-17","forecast","-0.721816193418747"
"exdqlm_univar_synth","draw_029",442,"2023-01-18","forecast","-0.600316745433737"
"exdqlm_univar_synth","draw_029",442,"2023-01-19","forecast","-0.606358089115350"
"exdqlm_univar_synth","draw_029",442,"2023-01-20","forecast","-1.14810359147213"
"exdqlm_univar_synth","draw_029",442,"2023-01-21","forecast","-0.916300533439142"
"exdqlm_univar_synth","draw_029",442,"2023-01-22","forecast","-0.816007737390571"
"exdqlm_univar_synth","draw_030",457,"2022-12-26","forecast","-0.208779369013206"
"exdqlm_univar_synth","draw_030",457,"2022-12-27","forecast","0.721602074228341"
"exdqlm_univar_synth","draw_030",457,"2022-12-28","forecast","0.663027814916676"
"exdqlm_univar_synth","draw_030",457,"2022-12-29","forecast","0.313465805337895"
"exdqlm_univar_synth","draw_030",457,"2022-12-30","forecast","0.0871000559685811"
"exdqlm_univar_synth","draw_030",457,"2022-12-31","forecast","0.760448570120773"
"exdqlm_univar_synth","draw_030",457,"2023-01-01","forecast","0.638815040753071"
"exdqlm_univar_synth","draw_030",457,"2023-01-02","forecast","0.0179342096447586"
"exdqlm_univar_synth","draw_030",457,"2023-01-03","forecast","-0.0546786599878984"
"exdqlm_univar_synth","draw_030",457,"2023-01-04","forecast","-0.486630734371244"
"exdqlm_univar_synth","draw_030",457,"2023-01-05","forecast","-0.274989800425566"
"exdqlm_univar_synth","draw_030",457,"2023-01-06","forecast","-0.510426306235184"
"exdqlm_univar_synth","draw_030",457,"2023-01-07","forecast","-0.688374470143407"
"exdqlm_univar_synth","draw_030",457,"2023-01-08","forecast","-0.685311116469560"
"exdqlm_univar_synth","draw_030",457,"2023-01-09","forecast","-0.115492149096319"
"exdqlm_univar_synth","draw_030",457,"2023-01-10","forecast","-0.542847306574084"
"exdqlm_univar_synth","draw_030",457,"2023-01-11","forecast","-0.741845198885565"
"exdqlm_univar_synth","draw_030",457,"2023-01-12","forecast","-0.749593067672546"
"exdqlm_univar_synth","draw_030",457,"2023-01-13","forecast","-0.707910625311426"
"exdqlm_univar_synth","draw_030",457,"2023-01-14","forecast","-0.765990840622901"
"exdqlm_univar_synth","draw_030",457,"2023-01-15","forecast","-0.0791367948726654"
"exdqlm_univar_synth","draw_030",457,"2023-01-16","forecast","-0.115753193367562"
"exdqlm_univar_synth","draw_030",457,"2023-01-17","forecast","-0.381833236418783"
"exdqlm_univar_synth","draw_030",457,"2023-01-18","forecast","-0.420572279211443"
"exdqlm_univar_synth","draw_030",457,"2023-01-19","forecast","-1.21916595401954"
"exdqlm_univar_synth","draw_030",457,"2023-01-20","forecast","-1.26629249493761"
"exdqlm_univar_synth","draw_030",457,"2023-01-21","forecast","-0.886437609597343"
"exdqlm_univar_synth","draw_030",457,"2023-01-22","forecast","-0.824563383534269"
"exdqlm_univar_synth","draw_031",473,"2022-12-26","forecast","-0.0262530546674386"
"exdqlm_univar_synth","draw_031",473,"2022-12-27","forecast","0.700512869717040"
"exdqlm_univar_synth","draw_031",473,"2022-12-28","forecast","0.498130894736123"
"exdqlm_univar_synth","draw_031",473,"2022-12-29","forecast","0.370321068233412"
"exdqlm_univar_synth","draw_031",473,"2022-12-30","forecast","-0.0340111225460009"
"exdqlm_univar_synth","draw_031",473,"2022-12-31","forecast","0.707045673833107"
"exdqlm_univar_synth","draw_031",473,"2023-01-01","forecast","0.392511923900253"
"exdqlm_univar_synth","draw_031",473,"2023-01-02","forecast","0.0900525482455593"
"exdqlm_univar_synth","draw_031",473,"2023-01-03","forecast","-0.271350585053790"
"exdqlm_univar_synth","draw_031",473,"2023-01-04","forecast","-0.170299038612942"
"exdqlm_univar_synth","draw_031",473,"2023-01-05","forecast","0.0374177338954363"
"exdqlm_univar_synth","draw_031",473,"2023-01-06","forecast","-0.164883257855393"
"exdqlm_univar_synth","draw_031",473,"2023-01-07","forecast","-0.476007592431515"
"exdqlm_univar_synth","draw_031",473,"2023-01-08","forecast","-0.0139514789554879"
"exdqlm_univar_synth","draw_031",473,"2023-01-09","forecast","-0.138236991551495"
"exdqlm_univar_synth","draw_031",473,"2023-01-10","forecast","0.00835899441921588"
"exdqlm_univar_synth","draw_031",473,"2023-01-11","forecast","-0.472558389980803"
"exdqlm_univar_synth","draw_031",473,"2023-01-12","forecast","-0.134258439190919"
"exdqlm_univar_synth","draw_031",473,"2023-01-13","forecast","-0.321133523189144"
"exdqlm_univar_synth","draw_031",473,"2023-01-14","forecast","-0.556618318487334"
"exdqlm_univar_synth","draw_031",473,"2023-01-15","forecast","-0.750550257735614"
"exdqlm_univar_synth","draw_031",473,"2023-01-16","forecast","-0.165325696420447"
"exdqlm_univar_synth","draw_031",473,"2023-01-17","forecast","-1.20534676584473"
"exdqlm_univar_synth","draw_031",473,"2023-01-18","forecast","-0.600376088916987"
"exdqlm_univar_synth","draw_031",473,"2023-01-19","forecast","-0.880911709265099"
"exdqlm_univar_synth","draw_031",473,"2023-01-20","forecast","-0.830827942156591"
"exdqlm_univar_synth","draw_031",473,"2023-01-21","forecast","-0.0469536311725590"
"exdqlm_univar_synth","draw_031",473,"2023-01-22","forecast","-1.12003539677445"
"exdqlm_univar_synth","draw_032",489,"2022-12-26","forecast","-0.0787586707681482"
"exdqlm_univar_synth","draw_032",489,"2022-12-27","forecast","1.15022820704929"
"exdqlm_univar_synth","draw_032",489,"2022-12-28","forecast","0.621622582982371"
"exdqlm_univar_synth","draw_032",489,"2022-12-29","forecast","0.575715815164926"
"exdqlm_univar_synth","draw_032",489,"2022-12-30","forecast","-0.0165158585303083"
"exdqlm_univar_synth","draw_032",489,"2022-12-31","forecast","0.439304351942264"
"exdqlm_univar_synth","draw_032",489,"2023-01-01","forecast","0.734074506021733"
"exdqlm_univar_synth","draw_032",489,"2023-01-02","forecast","0.0743524883712803"
"exdqlm_univar_synth","draw_032",489,"2023-01-03","forecast","0.427790328187123"
"exdqlm_univar_synth","draw_032",489,"2023-01-04","forecast","-0.170892320923686"
"exdqlm_univar_synth","draw_032",489,"2023-01-05","forecast","-0.333700284127626"
"exdqlm_univar_synth","draw_032",489,"2023-01-06","forecast","-0.189692493030255"
"exdqlm_univar_synth","draw_032",489,"2023-01-07","forecast","-0.819674567941726"
"exdqlm_univar_synth","draw_032",489,"2023-01-08","forecast","-0.0171259299861343"
"exdqlm_univar_synth","draw_032",489,"2023-01-09","forecast","-0.817439351589730"
"exdqlm_univar_synth","draw_032",489,"2023-01-10","forecast","0.0432497582224793"
"exdqlm_univar_synth","draw_032",489,"2023-01-11","forecast","-0.227023546968582"
"exdqlm_univar_synth","draw_032",489,"2023-01-12","forecast","-0.137979916000634"
"exdqlm_univar_synth","draw_032",489,"2023-01-13","forecast","0.0263207662261750"
"exdqlm_univar_synth","draw_032",489,"2023-01-14","forecast","-0.154785290733482"
"exdqlm_univar_synth","draw_032",489,"2023-01-15","forecast","-0.697966541351238"
"exdqlm_univar_synth","draw_032",489,"2023-01-16","forecast","-0.0473677900538258"
"exdqlm_univar_synth","draw_032",489,"2023-01-17","forecast","-0.600277921214147"
"exdqlm_univar_synth","draw_032",489,"2023-01-18","forecast","-0.708227870725421"
"exdqlm_univar_synth","draw_032",489,"2023-01-19","forecast","-0.532017806611731"
"exdqlm_univar_synth","draw_032",489,"2023-01-20","forecast","-1.26969458314302"
"exdqlm_univar_synth","draw_032",489,"2023-01-21","forecast","-1.33295383293641"
"exdqlm_univar_synth","draw_032",489,"2023-01-22","forecast","-1.13954644094991"
"exdqlm_univar_synth","draw_033",505,"2022-12-26","forecast","-0.0372452176741015"
"exdqlm_univar_synth","draw_033",505,"2022-12-27","forecast","0.530779036955103"
"exdqlm_univar_synth","draw_033",505,"2022-12-28","forecast","0.758540053432724"
"exdqlm_univar_synth","draw_033",505,"2022-12-29","forecast","-0.102129194334600"
"exdqlm_univar_synth","draw_033",505,"2022-12-30","forecast","0.406787663944695"
"exdqlm_univar_synth","draw_033",505,"2022-12-31","forecast","1.12717415829456"
"exdqlm_univar_synth","draw_033",505,"2023-01-01","forecast","0.351352898417806"
"exdqlm_univar_synth","draw_033",505,"2023-01-02","forecast","-0.121846185845888"
"exdqlm_univar_synth","draw_033",505,"2023-01-03","forecast","0.296184897121512"
"exdqlm_univar_synth","draw_033",505,"2023-01-04","forecast","-0.633497728485661"
"exdqlm_univar_synth","draw_033",505,"2023-01-05","forecast","-0.00546967899530252"
"exdqlm_univar_synth","draw_033",505,"2023-01-06","forecast","-0.161157343419683"
"exdqlm_univar_synth","draw_033",505,"2023-01-07","forecast","-0.455218077050793"
"exdqlm_univar_synth","draw_033",505,"2023-01-08","forecast","-0.0892134360777747"
"exdqlm_univar_synth","draw_033",505,"2023-01-09","forecast","-0.612274497183494"
"exdqlm_univar_synth","draw_033",505,"2023-01-10","forecast","0.0745411385934322"
"exdqlm_univar_synth","draw_033",505,"2023-01-11","forecast","-0.253980039795579"
"exdqlm_univar_synth","draw_033",505,"2023-01-12","forecast","-0.463790712822080"
"exdqlm_univar_synth","draw_033",505,"2023-01-13","forecast","-0.877783208820030"
"exdqlm_univar_synth","draw_033",505,"2023-01-14","forecast","-0.248777062226630"
"exdqlm_univar_synth","draw_033",505,"2023-01-15","forecast","-0.0296716414231953"
"exdqlm_univar_synth","draw_033",505,"2023-01-16","forecast","-0.997095956961758"
"exdqlm_univar_synth","draw_033",505,"2023-01-17","forecast","-0.766617109704441"
"exdqlm_univar_synth","draw_033",505,"2023-01-18","forecast","-0.948285073987029"
"exdqlm_univar_synth","draw_033",505,"2023-01-19","forecast","-1.17127795958302"
"exdqlm_univar_synth","draw_033",505,"2023-01-20","forecast","-1.33196930914993"
"exdqlm_univar_synth","draw_033",505,"2023-01-21","forecast","-0.904405682628706"
"exdqlm_univar_synth","draw_033",505,"2023-01-22","forecast","-1.03799358660221"
"exdqlm_univar_synth","draw_034",520,"2022-12-26","forecast","0.0247913360159701"
"exdqlm_univar_synth","draw_034",520,"2022-12-27","forecast","0.853277576147052"
"exdqlm_univar_synth","draw_034",520,"2022-12-28","forecast","0.224552631461604"
"exdqlm_univar_synth","draw_034",520,"2022-12-29","forecast","0.230368796072639"
"exdqlm_univar_synth","draw_034",520,"2022-12-30","forecast","0.297318318987290"
"exdqlm_univar_synth","draw_034",520,"2022-12-31","forecast","1.21395004648960"
"exdqlm_univar_synth","draw_034",520,"2023-01-01","forecast","0.224480479599910"
"exdqlm_univar_synth","draw_034",520,"2023-01-02","forecast","-0.453229828732266"
"exdqlm_univar_synth","draw_034",520,"2023-01-03","forecast","0.523706449242290"
"exdqlm_univar_synth","draw_034",520,"2023-01-04","forecast","-0.253653621436999"
"exdqlm_univar_synth","draw_034",520,"2023-01-05","forecast","-0.0691630472142449"
"exdqlm_univar_synth","draw_034",520,"2023-01-06","forecast","-0.688355864902209"
"exdqlm_univar_synth","draw_034",520,"2023-01-07","forecast","-0.448049076966485"
"exdqlm_univar_synth","draw_034",520,"2023-01-08","forecast","-0.123386881342767"
"exdqlm_univar_synth","draw_034",520,"2023-01-09","forecast","-0.394878902374444"
"exdqlm_univar_synth","draw_034",520,"2023-01-10","forecast","-0.405768815145518"
"exdqlm_univar_synth","draw_034",520,"2023-01-11","forecast","-0.0860705527694439"
"exdqlm_univar_synth","draw_034",520,"2023-01-12","forecast","-0.781323859662385"
"exdqlm_univar_synth","draw_034",520,"2023-01-13","forecast","0.105588899060744"
"exdqlm_univar_synth","draw_034",520,"2023-01-14","forecast","-0.168807958792012"
"exdqlm_univar_synth","draw_034",520,"2023-01-15","forecast","-0.524715437756878"
"exdqlm_univar_synth","draw_034",520,"2023-01-16","forecast","-0.0978569252721894"
"exdqlm_univar_synth","draw_034",520,"2023-01-17","forecast","-0.303593379300737"
"exdqlm_univar_synth","draw_034",520,"2023-01-18","forecast","-1.29037501095381"
"exdqlm_univar_synth","draw_034",520,"2023-01-19","forecast","-0.556499484682214"
"exdqlm_univar_synth","draw_034",520,"2023-01-20","forecast","-0.835726942216235"
"exdqlm_univar_synth","draw_034",520,"2023-01-21","forecast","-1.44339287260089"
"exdqlm_univar_synth","draw_034",520,"2023-01-22","forecast","-0.820080109282736"
"exdqlm_univar_synth","draw_035",536,"2022-12-26","forecast","-0.471112898554521"
"exdqlm_univar_synth","draw_035",536,"2022-12-27","forecast","0.741511359155946"
"exdqlm_univar_synth","draw_035",536,"2022-12-28","forecast","0.613618541588512"
"exdqlm_univar_synth","draw_035",536,"2022-12-29","forecast","0.379566022779383"
"exdqlm_univar_synth","draw_035",536,"2022-12-30","forecast","-0.00322152525308610"
"exdqlm_univar_synth","draw_035",536,"2022-12-31","forecast","0.779638575221606"
"exdqlm_univar_synth","draw_035",536,"2023-01-01","forecast","0.691221127610341"
"exdqlm_univar_synth","draw_035",536,"2023-01-02","forecast","0.0764296066399068"
"exdqlm_univar_synth","draw_035",536,"2023-01-03","forecast","-0.0250770349799771"
"exdqlm_univar_synth","draw_035",536,"2023-01-04","forecast","-0.595054042723783"
"exdqlm_univar_synth","draw_035",536,"2023-01-05","forecast","-0.434846009149936"
"exdqlm_univar_synth","draw_035",536,"2023-01-06","forecast","-0.601679369072798"
"exdqlm_univar_synth","draw_035",536,"2023-01-07","forecast","-0.928064919045749"
"exdqlm_univar_synth","draw_035",536,"2023-01-08","forecast","0.0252202126460650"
"exdqlm_univar_synth","draw_035",536,"2023-01-09","forecast","-0.725783593773473"
"exdqlm_univar_synth","draw_035",536,"2023-01-10","forecast","-0.432149707960387"
"exdqlm_univar_synth","draw_035",536,"2023-01-11","forecast","-0.268943805074792"
"exdqlm_univar_synth","draw_035",536,"2023-01-12","forecast","-0.893674096707431"
"exdqlm_univar_synth","draw_035",536,"2023-01-13","forecast","-0.0860734254179879"
"exdqlm_univar_synth","draw_035",536,"2023-01-14","forecast","-0.477880165697628"
"exdqlm_univar_synth","draw_035",536,"2023-01-15","forecast","-0.478777154159082"
"exdqlm_univar_synth","draw_035",536,"2023-01-16","forecast","-0.308229757667272"
"exdqlm_univar_synth","draw_035",536,"2023-01-17","forecast","-0.374273724350712"
"exdqlm_univar_synth","draw_035",536,"2023-01-18","forecast","-1.24220620686505"
"exdqlm_univar_synth","draw_035",536,"2023-01-19","forecast","-0.516286644419979"
"exdqlm_univar_synth","draw_035",536,"2023-01-20","forecast","-1.69818954282677"
"exdqlm_univar_synth","draw_035",536,"2023-01-21","forecast","-0.989898995211018"
"exdqlm_univar_synth","draw_035",536,"2023-01-22","forecast","-1.48106068465462"
"exdqlm_univar_synth","draw_036",552,"2022-12-26","forecast","-0.121451412238053"
"exdqlm_univar_synth","draw_036",552,"2022-12-27","forecast","0.448812274366084"
"exdqlm_univar_synth","draw_036",552,"2022-12-28","forecast","0.613550420919882"
"exdqlm_univar_synth","draw_036",552,"2022-12-29","forecast","0.221321691818092"
"exdqlm_univar_synth","draw_036",552,"2022-12-30","forecast","0.210783619208465"
"exdqlm_univar_synth","draw_036",552,"2022-12-31","forecast","0.554437575985300"
"exdqlm_univar_synth","draw_036",552,"2023-01-01","forecast","0.441714265679512"
"exdqlm_univar_synth","draw_036",552,"2023-01-02","forecast","-0.0313481039842760"
"exdqlm_univar_synth","draw_036",552,"2023-01-03","forecast","0.393723180178005"
"exdqlm_univar_synth","draw_036",552,"2023-01-04","forecast","-0.478732941886659"
"exdqlm_univar_synth","draw_036",552,"2023-01-05","forecast","0.0681338795482371"
"exdqlm_univar_synth","draw_036",552,"2023-01-06","forecast","-0.179808905217954"
"exdqlm_univar_synth","draw_036",552,"2023-01-07","forecast","-0.562726443721898"
"exdqlm_univar_synth","draw_036",552,"2023-01-08","forecast","-0.252091270227899"
"exdqlm_univar_synth","draw_036",552,"2023-01-09","forecast","-0.314649316289412"
"exdqlm_univar_synth","draw_036",552,"2023-01-10","forecast","0.0721427899842806"
"exdqlm_univar_synth","draw_036",552,"2023-01-11","forecast","-0.219844713778869"
"exdqlm_univar_synth","draw_036",552,"2023-01-12","forecast","-0.126370924875633"
"exdqlm_univar_synth","draw_036",552,"2023-01-13","forecast","-0.161986016751269"
"exdqlm_univar_synth","draw_036",552,"2023-01-14","forecast","-0.872649088450242"
"exdqlm_univar_synth","draw_036",552,"2023-01-15","forecast","-0.108098409031985"
"exdqlm_univar_synth","draw_036",552,"2023-01-16","forecast","-0.327276760473420"
"exdqlm_univar_synth","draw_036",552,"2023-01-17","forecast","-0.368748403158487"
"exdqlm_univar_synth","draw_036",552,"2023-01-18","forecast","-0.594799089586989"
"exdqlm_univar_synth","draw_036",552,"2023-01-19","forecast","-0.556905388787477"
"exdqlm_univar_synth","draw_036",552,"2023-01-20","forecast","-0.756941342484978"
"exdqlm_univar_synth","draw_036",552,"2023-01-21","forecast","-0.895173620597247"
"exdqlm_univar_synth","draw_036",552,"2023-01-22","forecast","-0.818907855644360"
"exdqlm_univar_synth","draw_037",568,"2022-12-26","forecast","-0.132501125657182"
"exdqlm_univar_synth","draw_037",568,"2022-12-27","forecast","0.819322911756231"
"exdqlm_univar_synth","draw_037",568,"2022-12-28","forecast","0.311267976621791"
"exdqlm_univar_synth","draw_037",568,"2022-12-29","forecast","0.307051544484889"
"exdqlm_univar_synth","draw_037",568,"2022-12-30","forecast","0.215633635229701"
"exdqlm_univar_synth","draw_037",568,"2022-12-31","forecast","0.758679166724821"
"exdqlm_univar_synth","draw_037",568,"2023-01-01","forecast","0.748456420237839"
"exdqlm_univar_synth","draw_037",568,"2023-01-02","forecast","0.121883877027940"
"exdqlm_univar_synth","draw_037",568,"2023-01-03","forecast","0.243479786218881"
"exdqlm_univar_synth","draw_037",568,"2023-01-04","forecast","-0.171246510964926"
"exdqlm_univar_synth","draw_037",568,"2023-01-05","forecast","-0.0326844731339066"
"exdqlm_univar_synth","draw_037",568,"2023-01-06","forecast","-0.168848187830493"
"exdqlm_univar_synth","draw_037",568,"2023-01-07","forecast","-0.454787824471016"
"exdqlm_univar_synth","draw_037",568,"2023-01-08","forecast","-0.316956137277947"
"exdqlm_univar_synth","draw_037",568,"2023-01-09","forecast","-0.592900470584402"
"exdqlm_univar_synth","draw_037",568,"2023-01-10","forecast","-0.389469786786041"
"exdqlm_univar_synth","draw_037",568,"2023-01-11","forecast","-0.379601281936793"
"exdqlm_univar_synth","draw_037",568,"2023-01-12","forecast","-0.116597458087653"
"exdqlm_univar_synth","draw_037",568,"2023-01-13","forecast","-0.0838963157547012"
"exdqlm_univar_synth","draw_037",568,"2023-01-14","forecast","-0.349418582725322"
"exdqlm_univar_synth","draw_037",568,"2023-01-15","forecast","-0.831411654278299"
"exdqlm_univar_synth","draw_037",568,"2023-01-16","forecast","0.0797616699710298"
"exdqlm_univar_synth","draw_037",568,"2023-01-17","forecast","-0.611989067411160"
"exdqlm_univar_synth","draw_037",568,"2023-01-18","forecast","-0.600486886302181"
"exdqlm_univar_synth","draw_037",568,"2023-01-19","forecast","-0.507574796343903"
"exdqlm_univar_synth","draw_037",568,"2023-01-20","forecast","-0.829478777603994"
"exdqlm_univar_synth","draw_037",568,"2023-01-21","forecast","-0.905061342857077"
"exdqlm_univar_synth","draw_037",568,"2023-01-22","forecast","-1.23461776184336"
"exdqlm_univar_synth","draw_038",583,"2022-12-26","forecast","-0.350670192723041"
"exdqlm_univar_synth","draw_038",583,"2022-12-27","forecast","1.02714463072913"
"exdqlm_univar_synth","draw_038",583,"2022-12-28","forecast","0.856146307261584"
"exdqlm_univar_synth","draw_038",583,"2022-12-29","forecast","0.383576811646488"
"exdqlm_univar_synth","draw_038",583,"2022-12-30","forecast","0.357139282595591"
"exdqlm_univar_synth","draw_038",583,"2022-12-31","forecast","0.230651814283030"
"exdqlm_univar_synth","draw_038",583,"2023-01-01","forecast","0.670710585104778"
"exdqlm_univar_synth","draw_038",583,"2023-01-02","forecast","0.0747963518958722"
"exdqlm_univar_synth","draw_038",583,"2023-01-03","forecast","-0.606428171552890"
"exdqlm_univar_synth","draw_038",583,"2023-01-04","forecast","-0.440407736293937"
"exdqlm_univar_synth","draw_038",583,"2023-01-05","forecast","-0.106086368786824"
"exdqlm_univar_synth","draw_038",583,"2023-01-06","forecast","-0.725884153143673"
"exdqlm_univar_synth","draw_038",583,"2023-01-07","forecast","-0.453598681283287"
"exdqlm_univar_synth","draw_038",583,"2023-01-08","forecast","-0.0158112509183730"
"exdqlm_univar_synth","draw_038",583,"2023-01-09","forecast","-0.169953033364821"
"exdqlm_univar_synth","draw_038",583,"2023-01-10","forecast","-0.334699869266414"
"exdqlm_univar_synth","draw_038",583,"2023-01-11","forecast","-0.215487663382544"
"exdqlm_univar_synth","draw_038",583,"2023-01-12","forecast","-0.127618337894427"
"exdqlm_univar_synth","draw_038",583,"2023-01-13","forecast","-0.0811204326369660"
"exdqlm_univar_synth","draw_038",583,"2023-01-14","forecast","-0.188812551703821"
"exdqlm_univar_synth","draw_038",583,"2023-01-15","forecast","-0.0902637480030497"
"exdqlm_univar_synth","draw_038",583,"2023-01-16","forecast","-0.0994549323730994"
"exdqlm_univar_synth","draw_038",583,"2023-01-17","forecast","-0.419454263473908"
"exdqlm_univar_synth","draw_038",583,"2023-01-18","forecast","-1.01188745726994"
"exdqlm_univar_synth","draw_038",583,"2023-01-19","forecast","-1.01279684955834"
"exdqlm_univar_synth","draw_038",583,"2023-01-20","forecast","-0.839988040643449"
"exdqlm_univar_synth","draw_038",583,"2023-01-21","forecast","-1.20719428441855"
"exdqlm_univar_synth","draw_038",583,"2023-01-22","forecast","-1.23148897631269"
"exdqlm_univar_synth","draw_039",599,"2022-12-26","forecast","-0.257443481686833"
"exdqlm_univar_synth","draw_039",599,"2022-12-27","forecast","0.589070679407319"
"exdqlm_univar_synth","draw_039",599,"2022-12-28","forecast","0.439823575779579"
"exdqlm_univar_synth","draw_039",599,"2022-12-29","forecast","0.362320377222726"
"exdqlm_univar_synth","draw_039",599,"2022-12-30","forecast","0.0223399848100348"
"exdqlm_univar_synth","draw_039",599,"2022-12-31","forecast","0.381026890894202"
"exdqlm_univar_synth","draw_039",599,"2023-01-01","forecast","0.469125308184637"
"exdqlm_univar_synth","draw_039",599,"2023-01-02","forecast","-0.413133484078772"
"exdqlm_univar_synth","draw_039",599,"2023-01-03","forecast","-0.114113214373954"
"exdqlm_univar_synth","draw_039",599,"2023-01-04","forecast","-0.171269615552795"
"exdqlm_univar_synth","draw_039",599,"2023-01-05","forecast","0.0644709611990925"
"exdqlm_univar_synth","draw_039",599,"2023-01-06","forecast","-0.0641140587100592"
"exdqlm_univar_synth","draw_039",599,"2023-01-07","forecast","-0.540264503704987"
"exdqlm_univar_synth","draw_039",599,"2023-01-08","forecast","-0.350640430736247"
"exdqlm_univar_synth","draw_039",599,"2023-01-09","forecast","-0.172342745697439"
"exdqlm_univar_synth","draw_039",599,"2023-01-10","forecast","-0.353064663914854"
"exdqlm_univar_synth","draw_039",599,"2023-01-11","forecast","-0.236907793787278"
"exdqlm_univar_synth","draw_039",599,"2023-01-12","forecast","-0.00194946118089821"
"exdqlm_univar_synth","draw_039",599,"2023-01-13","forecast","-0.765750210189206"
"exdqlm_univar_synth","draw_039",599,"2023-01-14","forecast","-0.165017957281978"
"exdqlm_univar_synth","draw_039",599,"2023-01-15","forecast","-0.0331622833612575"
"exdqlm_univar_synth","draw_039",599,"2023-01-16","forecast","-0.133378691006397"
"exdqlm_univar_synth","draw_039",599,"2023-01-17","forecast","-0.982359721889510"
"exdqlm_univar_synth","draw_039",599,"2023-01-18","forecast","-0.594693810596177"
"exdqlm_univar_synth","draw_039",599,"2023-01-19","forecast","-0.554780081382873"
"exdqlm_univar_synth","draw_039",599,"2023-01-20","forecast","-0.743972753576056"
"exdqlm_univar_synth","draw_039",599,"2023-01-21","forecast","-0.906150318102209"
"exdqlm_univar_synth","draw_039",599,"2023-01-22","forecast","-0.820933866474591"
"exdqlm_univar_synth","draw_040",615,"2022-12-26","forecast","-0.451074773672402"
"exdqlm_univar_synth","draw_040",615,"2022-12-27","forecast","0.726536631969164"
"exdqlm_univar_synth","draw_040",615,"2022-12-28","forecast","0.438181082568448"
"exdqlm_univar_synth","draw_040",615,"2022-12-29","forecast","0.311524012813665"
"exdqlm_univar_synth","draw_040",615,"2022-12-30","forecast","0.211351102972938"
"exdqlm_univar_synth","draw_040",615,"2022-12-31","forecast","0.479833539537611"
"exdqlm_univar_synth","draw_040",615,"2023-01-01","forecast","0.467419447760220"
"exdqlm_univar_synth","draw_040",615,"2023-01-02","forecast","-0.223579677467731"
"exdqlm_univar_synth","draw_040",615,"2023-01-03","forecast","-0.0134127434050213"
"exdqlm_univar_synth","draw_040",615,"2023-01-04","forecast","-0.339627129338238"
"exdqlm_univar_synth","draw_040",615,"2023-01-05","forecast","0.0731424196501290"
"exdqlm_univar_synth","draw_040",615,"2023-01-06","forecast","-0.692172341109973"
"exdqlm_univar_synth","draw_040",615,"2023-01-07","forecast","-0.928982451635008"
"exdqlm_univar_synth","draw_040",615,"2023-01-08","forecast","-0.0158150618246789"
"exdqlm_univar_synth","draw_040",615,"2023-01-09","forecast","-0.515499209367049"
"exdqlm_univar_synth","draw_040",615,"2023-01-10","forecast","-0.0307334864343202"
"exdqlm_univar_synth","draw_040",615,"2023-01-11","forecast","-0.556655351851419"
"exdqlm_univar_synth","draw_040",615,"2023-01-12","forecast","-0.124455400841406"
"exdqlm_univar_synth","draw_040",615,"2023-01-13","forecast","-0.0839892139968157"
"exdqlm_univar_synth","draw_040",615,"2023-01-14","forecast","-0.0949391049156532"
"exdqlm_univar_synth","draw_040",615,"2023-01-15","forecast","-0.159062927538004"
"exdqlm_univar_synth","draw_040",615,"2023-01-16","forecast","-0.0983303104443496"
"exdqlm_univar_synth","draw_040",615,"2023-01-17","forecast","-0.383740291285876"
"exdqlm_univar_synth","draw_040",615,"2023-01-18","forecast","-0.955850224570453"
"exdqlm_univar_synth","draw_040",615,"2023-01-19","forecast","-0.683728461265987"
"exdqlm_univar_synth","draw_040",615,"2023-01-20","forecast","-1.00536385429381"
"exdqlm_univar_synth","draw_040",615,"2023-01-21","forecast","-0.898831987517747"
"exdqlm_univar_synth","draw_040",615,"2023-01-22","forecast","-0.817350811962632"
"exdqlm_univar_synth","draw_041",631,"2022-12-26","forecast","-0.161524735933626"
"exdqlm_univar_synth","draw_041",631,"2022-12-27","forecast","0.476984416057972"
"exdqlm_univar_synth","draw_041",631,"2022-12-28","forecast","0.972631593115614"
"exdqlm_univar_synth","draw_041",631,"2022-12-29","forecast","0.222263895424294"
"exdqlm_univar_synth","draw_041",631,"2022-12-30","forecast","-0.0763263543838369"
"exdqlm_univar_synth","draw_041",631,"2022-12-31","forecast","0.971540642852678"
"exdqlm_univar_synth","draw_041",631,"2023-01-01","forecast","0.423654506276071"
"exdqlm_univar_synth","draw_041",631,"2023-01-02","forecast","0.0880439783305811"
"exdqlm_univar_synth","draw_041",631,"2023-01-03","forecast","0.275669268380240"
"exdqlm_univar_synth","draw_041",631,"2023-01-04","forecast","-0.510867928773750"
"exdqlm_univar_synth","draw_041",631,"2023-01-05","forecast","0.0655915420392148"
"exdqlm_univar_synth","draw_041",631,"2023-01-06","forecast","-0.678321963699847"
"exdqlm_univar_synth","draw_041",631,"2023-01-07","forecast","-0.850457963779887"
"exdqlm_univar_synth","draw_041",631,"2023-01-08","forecast","0.0248152675214308"
"exdqlm_univar_synth","draw_041",631,"2023-01-09","forecast","-0.0862186183046626"
"exdqlm_univar_synth","draw_041",631,"2023-01-10","forecast","0.0732177069155313"
"exdqlm_univar_synth","draw_041",631,"2023-01-11","forecast","-0.219506662632234"
"exdqlm_univar_synth","draw_041",631,"2023-01-12","forecast","-0.465358447663920"
"exdqlm_univar_synth","draw_041",631,"2023-01-13","forecast","-0.697965769075289"
"exdqlm_univar_synth","draw_041",631,"2023-01-14","forecast","-0.392286396345102"
"exdqlm_univar_synth","draw_041",631,"2023-01-15","forecast","-0.107971414000028"
"exdqlm_univar_synth","draw_041",631,"2023-01-16","forecast","-0.537479153707239"
"exdqlm_univar_synth","draw_041",631,"2023-01-17","forecast","-0.707304307620434"
"exdqlm_univar_synth","draw_041",631,"2023-01-18","forecast","-0.741207055530125"
"exdqlm_univar_synth","draw_041",631,"2023-01-19","forecast","-0.617090884234823"
"exdqlm_univar_synth","draw_041",631,"2023-01-20","forecast","-0.844176385056666"
"exdqlm_univar_synth","draw_041",631,"2023-01-21","forecast","-1.35242901162253"
"exdqlm_univar_synth","draw_041",631,"2023-01-22","forecast","-0.820225750261285"
"exdqlm_univar_synth","draw_042",646,"2022-12-26","forecast","-0.0669869254908763"
"exdqlm_univar_synth","draw_042",646,"2022-12-27","forecast","1.13164138355771"
"exdqlm_univar_synth","draw_042",646,"2022-12-28","forecast","0.865065429206064"
"exdqlm_univar_synth","draw_042",646,"2022-12-29","forecast","0.0430912521570324"
"exdqlm_univar_synth","draw_042",646,"2022-12-30","forecast","0.290695743993569"
"exdqlm_univar_synth","draw_042",646,"2022-12-31","forecast","0.302911613942542"
"exdqlm_univar_synth","draw_042",646,"2023-01-01","forecast","0.148218199245481"
"exdqlm_univar_synth","draw_042",646,"2023-01-02","forecast","-0.402696928367672"
"exdqlm_univar_synth","draw_042",646,"2023-01-03","forecast","0.00890031242382842"
"exdqlm_univar_synth","draw_042",646,"2023-01-04","forecast","-0.292809836810516"
"exdqlm_univar_synth","draw_042",646,"2023-01-05","forecast","0.136688690940294"
"exdqlm_univar_synth","draw_042",646,"2023-01-06","forecast","-0.145357578991474"
"exdqlm_univar_synth","draw_042",646,"2023-01-07","forecast","-0.460931553723066"
"exdqlm_univar_synth","draw_042",646,"2023-01-08","forecast","-0.264578678245030"
"exdqlm_univar_synth","draw_042",646,"2023-01-09","forecast","-0.224009052409860"
"exdqlm_univar_synth","draw_042",646,"2023-01-10","forecast","-0.639290648477107"
"exdqlm_univar_synth","draw_042",646,"2023-01-11","forecast","-0.641853124691185"
"exdqlm_univar_synth","draw_042",646,"2023-01-12","forecast","-0.134943560225542"
"exdqlm_univar_synth","draw_042",646,"2023-01-13","forecast","-0.0840841496881525"
"exdqlm_univar_synth","draw_042",646,"2023-01-14","forecast","-0.157660477300378"
"exdqlm_univar_synth","draw_042",646,"2023-01-15","forecast","-0.512524732112299"
"exdqlm_univar_synth","draw_042",646,"2023-01-16","forecast","-0.0994590768570182"
"exdqlm_univar_synth","draw_042",646,"2023-01-17","forecast","-0.340154912044415"
"exdqlm_univar_synth","draw_042",646,"2023-01-18","forecast","-0.608039262855107"
"exdqlm_univar_synth","draw_042",646,"2023-01-19","forecast","-0.355342029953017"
"exdqlm_univar_synth","draw_042",646,"2023-01-20","forecast","-1.17421985559801"
"exdqlm_univar_synth","draw_042",646,"2023-01-21","forecast","-0.892095816570226"
"exdqlm_univar_synth","draw_042",646,"2023-01-22","forecast","-1.41638870819382"
"exdqlm_univar_synth","draw_043",662,"2022-12-26","forecast","-0.421440949237957"
"exdqlm_univar_synth","draw_043",662,"2022-12-27","forecast","0.575969583540852"
"exdqlm_univar_synth","draw_043",662,"2022-12-28","forecast","0.351725780671946"
"exdqlm_univar_synth","draw_043",662,"2022-12-29","forecast","0.387267598278545"
"exdqlm_univar_synth","draw_043",662,"2022-12-30","forecast","0.278612324596488"
"exdqlm_univar_synth","draw_043",662,"2022-12-31","forecast","0.890619761914214"
"exdqlm_univar_synth","draw_043",662,"2023-01-01","forecast","0.649248770572707"
"exdqlm_univar_synth","draw_043",662,"2023-01-02","forecast","0.0357867830780352"
"exdqlm_univar_synth","draw_043",662,"2023-01-03","forecast","0.0295003385486510"
"exdqlm_univar_synth","draw_043",662,"2023-01-04","forecast","-0.0534941044647306"
"exdqlm_univar_synth","draw_043",662,"2023-01-05","forecast","0.0852705837109768"
"exdqlm_univar_synth","draw_043",662,"2023-01-06","forecast","-0.213681819864130"
"exdqlm_univar_synth","draw_043",662,"2023-01-07","forecast","-0.575576123132313"
"exdqlm_univar_synth","draw_043",662,"2023-01-08","forecast","-0.243243533621074"
"exdqlm_univar_synth","draw_043",662,"2023-01-09","forecast","-0.670826528824667"
"exdqlm_univar_synth","draw_043",662,"2023-01-10","forecast","-0.0869019767537159"
"exdqlm_univar_synth","draw_043",662,"2023-01-11","forecast","-0.226108508418808"
"exdqlm_univar_synth","draw_043",662,"2023-01-12","forecast","-0.136757703179815"
"exdqlm_univar_synth","draw_043",662,"2023-01-13","forecast","-0.125630177769547"
"exdqlm_univar_synth","draw_043",662,"2023-01-14","forecast","-0.177078220530584"
"exdqlm_univar_synth","draw_043",662,"2023-01-15","forecast","-0.0296132867562782"
"exdqlm_univar_synth","draw_043",662,"2023-01-16","forecast","-0.486687407347937"
"exdqlm_univar_synth","draw_043",662,"2023-01-17","forecast","-0.807235750732520"
"exdqlm_univar_synth","draw_043",662,"2023-01-18","forecast","-0.597855448682885"
"exdqlm_univar_synth","draw_043",662,"2023-01-19","forecast","-0.912513418919701"
"exdqlm_univar_synth","draw_043",662,"2023-01-20","forecast","-1.05616671811867"
"exdqlm_univar_synth","draw_043",662,"2023-01-21","forecast","-1.15111354648195"
"exdqlm_univar_synth","draw_043",662,"2023-01-22","forecast","-0.820974705386774"
"exdqlm_univar_synth","draw_044",678,"2022-12-26","forecast","-0.105712971411295"
"exdqlm_univar_synth","draw_044",678,"2022-12-27","forecast","0.869754011532328"
"exdqlm_univar_synth","draw_044",678,"2022-12-28","forecast","0.797162509971194"
"exdqlm_univar_synth","draw_044",678,"2022-12-29","forecast","0.123164383238943"
"exdqlm_univar_synth","draw_044",678,"2022-12-30","forecast","0.0531316562350741"
"exdqlm_univar_synth","draw_044",678,"2022-12-31","forecast","0.624288512436945"
"exdqlm_univar_synth","draw_044",678,"2023-01-01","forecast","0.280664751886666"
"exdqlm_univar_synth","draw_044",678,"2023-01-02","forecast","-0.308423336302400"
"exdqlm_univar_synth","draw_044",678,"2023-01-03","forecast","-0.111563498199088"
"exdqlm_univar_synth","draw_044",678,"2023-01-04","forecast","-0.219683073313049"
"exdqlm_univar_synth","draw_044",678,"2023-01-05","forecast","-0.0232487876834476"
"exdqlm_univar_synth","draw_044",678,"2023-01-06","forecast","-0.127673891176181"
"exdqlm_univar_synth","draw_044",678,"2023-01-07","forecast","-0.420788590770257"
"exdqlm_univar_synth","draw_044",678,"2023-01-08","forecast","-0.0417907443457283"
"exdqlm_univar_synth","draw_044",678,"2023-01-09","forecast","-0.145140466356292"
"exdqlm_univar_synth","draw_044",678,"2023-01-10","forecast","-0.765531569252561"
"exdqlm_univar_synth","draw_044",678,"2023-01-11","forecast","-0.533008788160636"
"exdqlm_univar_synth","draw_044",678,"2023-01-12","forecast","-0.124794437171377"
"exdqlm_univar_synth","draw_044",678,"2023-01-13","forecast","-0.0861302642789131"
"exdqlm_univar_synth","draw_044",678,"2023-01-14","forecast","-0.477103918714570"
"exdqlm_univar_synth","draw_044",678,"2023-01-15","forecast","-0.716487291483423"
"exdqlm_univar_synth","draw_044",678,"2023-01-16","forecast","-0.352065797564752"
"exdqlm_univar_synth","draw_044",678,"2023-01-17","forecast","-0.627894613363174"
"exdqlm_univar_synth","draw_044",678,"2023-01-18","forecast","-0.598725805837626"
"exdqlm_univar_synth","draw_044",678,"2023-01-19","forecast","-0.654340017498891"
"exdqlm_univar_synth","draw_044",678,"2023-01-20","forecast","-0.831017343169805"
"exdqlm_univar_synth","draw_044",678,"2023-01-21","forecast","-0.894709077258337"
"exdqlm_univar_synth","draw_044",678,"2023-01-22","forecast","-1.30230105877926"
"exdqlm_univar_synth","draw_045",694,"2022-12-26","forecast","-0.423225174699774"
"exdqlm_univar_synth","draw_045",694,"2022-12-27","forecast","0.508492994636523"
"exdqlm_univar_synth","draw_045",694,"2022-12-28","forecast","0.0470702128735625"
"exdqlm_univar_synth","draw_045",694,"2022-12-29","forecast","0.384474107172539"
"exdqlm_univar_synth","draw_045",694,"2022-12-30","forecast","-0.180861111157997"
"exdqlm_univar_synth","draw_045",694,"2022-12-31","forecast","0.229596287647045"
"exdqlm_univar_synth","draw_045",694,"2023-01-01","forecast","0.668603677414431"
"exdqlm_univar_synth","draw_045",694,"2023-01-02","forecast","-0.244087212658160"
"exdqlm_univar_synth","draw_045",694,"2023-01-03","forecast","0.375729307261797"
"exdqlm_univar_synth","draw_045",694,"2023-01-04","forecast","-0.184230012656828"
"exdqlm_univar_synth","draw_045",694,"2023-01-05","forecast","-0.340179418981042"
"exdqlm_univar_synth","draw_045",694,"2023-01-06","forecast","-0.168897790437503"
"exdqlm_univar_synth","draw_045",694,"2023-01-07","forecast","-0.635542340329096"
"exdqlm_univar_synth","draw_045",694,"2023-01-08","forecast","0.00122420038896148"
"exdqlm_univar_synth","draw_045",694,"2023-01-09","forecast","-0.765257548007978"
"exdqlm_univar_synth","draw_045",694,"2023-01-10","forecast","0.0665112233735985"
"exdqlm_univar_synth","draw_045",694,"2023-01-11","forecast","-0.215404424552746"
"exdqlm_univar_synth","draw_045",694,"2023-01-12","forecast","-0.127657729604678"
"exdqlm_univar_synth","draw_045",694,"2023-01-13","forecast","-0.297171061319811"
"exdqlm_univar_synth","draw_045",694,"2023-01-14","forecast","-0.498390904475438"
"exdqlm_univar_synth","draw_045",694,"2023-01-15","forecast","-0.0187007294997685"
"exdqlm_univar_synth","draw_045",694,"2023-01-16","forecast","-0.812893839936113"
"exdqlm_univar_synth","draw_045",694,"2023-01-17","forecast","-0.513163289094047"
"exdqlm_univar_synth","draw_045",694,"2023-01-18","forecast","-0.621249275455951"
"exdqlm_univar_synth","draw_045",694,"2023-01-19","forecast","-0.552679003634078"
"exdqlm_univar_synth","draw_045",694,"2023-01-20","forecast","-0.841987487957967"
"exdqlm_univar_synth","draw_045",694,"2023-01-21","forecast","-0.900917706970674"
"exdqlm_univar_synth","draw_045",694,"2023-01-22","forecast","-0.816166868461026"
"exdqlm_univar_synth","draw_046",709,"2022-12-26","forecast","-0.364505209252745"
"exdqlm_univar_synth","draw_046",709,"2022-12-27","forecast","0.616216405638955"
"exdqlm_univar_synth","draw_046",709,"2022-12-28","forecast","0.249017425251275"
"exdqlm_univar_synth","draw_046",709,"2022-12-29","forecast","0.00500072866504105"
"exdqlm_univar_synth","draw_046",709,"2022-12-30","forecast","0.179705954738104"
"exdqlm_univar_synth","draw_046",709,"2022-12-31","forecast","0.384960775126572"
"exdqlm_univar_synth","draw_046",709,"2023-01-01","forecast","0.660557370392080"
"exdqlm_univar_synth","draw_046",709,"2023-01-02","forecast","0.0906878228949165"
"exdqlm_univar_synth","draw_046",709,"2023-01-03","forecast","0.266617576506389"
"exdqlm_univar_synth","draw_046",709,"2023-01-04","forecast","-0.579674004073637"
"exdqlm_univar_synth","draw_046",709,"2023-01-05","forecast","-0.00487917302641102"
"exdqlm_univar_synth","draw_046",709,"2023-01-06","forecast","-0.138721803264543"
"exdqlm_univar_synth","draw_046",709,"2023-01-07","forecast","-0.376711868740539"
"exdqlm_univar_synth","draw_046",709,"2023-01-08","forecast","0.0123457209226953"
"exdqlm_univar_synth","draw_046",709,"2023-01-09","forecast","-0.136001664997634"
"exdqlm_univar_synth","draw_046",709,"2023-01-10","forecast","0.0810140745280771"
"exdqlm_univar_synth","draw_046",709,"2023-01-11","forecast","-0.0938701196220774"
"exdqlm_univar_synth","draw_046",709,"2023-01-12","forecast","-0.133274997535773"
"exdqlm_univar_synth","draw_046",709,"2023-01-13","forecast","-0.494199640819724"
"exdqlm_univar_synth","draw_046",709,"2023-01-14","forecast","-0.157673542541778"
"exdqlm_univar_synth","draw_046",709,"2023-01-15","forecast","-0.110663662228282"
"exdqlm_univar_synth","draw_046",709,"2023-01-16","forecast","-0.0922487793347331"
"exdqlm_univar_synth","draw_046",709,"2023-01-17","forecast","-0.375166996118149"
"exdqlm_univar_synth","draw_046",709,"2023-01-18","forecast","-0.608142734735252"
"exdqlm_univar_synth","draw_046",709,"2023-01-19","forecast","-1.32345526743153"
"exdqlm_univar_synth","draw_046",709,"2023-01-20","forecast","-1.20647807981946"
"exdqlm_univar_synth","draw_046",709,"2023-01-21","forecast","-1.17489471844951"
"exdqlm_univar_synth","draw_046",709,"2023-01-22","forecast","-1.26689429294437"
"exdqlm_univar_synth","draw_047",725,"2022-12-26","forecast","-0.174942938391435"
"exdqlm_univar_synth","draw_047",725,"2022-12-27","forecast","1.55456885833035"
"exdqlm_univar_synth","draw_047",725,"2022-12-28","forecast","0.452043671173123"
"exdqlm_univar_synth","draw_047",725,"2022-12-29","forecast","0.404411904631312"
"exdqlm_univar_synth","draw_047",725,"2022-12-30","forecast","0.168652632538226"
"exdqlm_univar_synth","draw_047",725,"2022-12-31","forecast","0.650435977708151"
"exdqlm_univar_synth","draw_047",725,"2023-01-01","forecast","0.649671839760486"
"exdqlm_univar_synth","draw_047",725,"2023-01-02","forecast","0.0375996314687772"
"exdqlm_univar_synth","draw_047",725,"2023-01-03","forecast","0.135117826245098"
"exdqlm_univar_synth","draw_047",725,"2023-01-04","forecast","-0.174667508576679"
"exdqlm_univar_synth","draw_047",725,"2023-01-05","forecast","0.107393280645298"
"exdqlm_univar_synth","draw_047",725,"2023-01-06","forecast","-0.172753732712632"
"exdqlm_univar_synth","draw_047",725,"2023-01-07","forecast","-0.722133001016034"
"exdqlm_univar_synth","draw_047",725,"2023-01-08","forecast","-0.0143852337751848"
"exdqlm_univar_synth","draw_047",725,"2023-01-09","forecast","-0.135950797553383"
"exdqlm_univar_synth","draw_047",725,"2023-01-10","forecast","-0.00203875397582787"
"exdqlm_univar_synth","draw_047",725,"2023-01-11","forecast","-0.247441124314224"
"exdqlm_univar_synth","draw_047",725,"2023-01-12","forecast","-0.136705131225109"
"exdqlm_univar_synth","draw_047",725,"2023-01-13","forecast","-0.168137912047558"
"exdqlm_univar_synth","draw_047",725,"2023-01-14","forecast","-0.764042562233771"
"exdqlm_univar_synth","draw_047",725,"2023-01-15","forecast","-0.107123283532844"
"exdqlm_univar_synth","draw_047",725,"2023-01-16","forecast","-0.387286840149621"
"exdqlm_univar_synth","draw_047",725,"2023-01-17","forecast","-0.235559340383197"
"exdqlm_univar_synth","draw_047",725,"2023-01-18","forecast","-0.597906914738914"
"exdqlm_univar_synth","draw_047",725,"2023-01-19","forecast","-1.12141233986420"
"exdqlm_univar_synth","draw_047",725,"2023-01-20","forecast","-0.833900145071982"
"exdqlm_univar_synth","draw_047",725,"2023-01-21","forecast","-1.37825127839885"
"exdqlm_univar_synth","draw_047",725,"2023-01-22","forecast","-1.00569017356435"
"exdqlm_univar_synth","draw_048",741,"2022-12-26","forecast","-0.195253156111286"
"exdqlm_univar_synth","draw_048",741,"2022-12-27","forecast","1.07679343426974"
"exdqlm_univar_synth","draw_048",741,"2022-12-28","forecast","0.686054362591899"
"exdqlm_univar_synth","draw_048",741,"2022-12-29","forecast","0.253531421312543"
"exdqlm_univar_synth","draw_048",741,"2022-12-30","forecast","-0.0302202015161302"
"exdqlm_univar_synth","draw_048",741,"2022-12-31","forecast","0.735929312341762"
"exdqlm_univar_synth","draw_048",741,"2023-01-01","forecast","0.669319041908157"
"exdqlm_univar_synth","draw_048",741,"2023-01-02","forecast","-0.0699498247158751"
"exdqlm_univar_synth","draw_048",741,"2023-01-03","forecast","-0.0151928743231481"
"exdqlm_univar_synth","draw_048",741,"2023-01-04","forecast","-0.171217372307607"
"exdqlm_univar_synth","draw_048",741,"2023-01-05","forecast","-0.316676078541604"
"exdqlm_univar_synth","draw_048",741,"2023-01-06","forecast","-0.146399895973970"
"exdqlm_univar_synth","draw_048",741,"2023-01-07","forecast","-0.701908268841785"
"exdqlm_univar_synth","draw_048",741,"2023-01-08","forecast","-0.0175200363187062"
"exdqlm_univar_synth","draw_048",741,"2023-01-09","forecast","-0.145086348105135"
"exdqlm_univar_synth","draw_048",741,"2023-01-10","forecast","0.0759943837994953"
"exdqlm_univar_synth","draw_048",741,"2023-01-11","forecast","-0.128189728671709"
"exdqlm_univar_synth","draw_048",741,"2023-01-12","forecast","-0.715955979610953"
"exdqlm_univar_synth","draw_048",741,"2023-01-13","forecast","-0.827089431473418"
"exdqlm_univar_synth","draw_048",741,"2023-01-14","forecast","-0.323254288448917"
"exdqlm_univar_synth","draw_048",741,"2023-01-15","forecast","-0.767551907938471"
"exdqlm_univar_synth","draw_048",741,"2023-01-16","forecast","-0.0947901730477133"
"exdqlm_univar_synth","draw_048",741,"2023-01-17","forecast","-0.585563296620553"
"exdqlm_univar_synth","draw_048",741,"2023-01-18","forecast","-0.961485002643494"
"exdqlm_univar_synth","draw_048",741,"2023-01-19","forecast","-0.780862361433704"
"exdqlm_univar_synth","draw_048",741,"2023-01-20","forecast","-0.843142608046048"
"exdqlm_univar_synth","draw_048",741,"2023-01-21","forecast","-1.56376548585935"
"exdqlm_univar_synth","draw_048",741,"2023-01-22","forecast","-0.818949784818641"
"exdqlm_univar_synth","draw_049",757,"2022-12-26","forecast","-0.450831513580737"
"exdqlm_univar_synth","draw_049",757,"2022-12-27","forecast","0.610380207894744"
"exdqlm_univar_synth","draw_049",757,"2022-12-28","forecast","0.203377134758539"
"exdqlm_univar_synth","draw_049",757,"2022-12-29","forecast","0.222662436203063"
"exdqlm_univar_synth","draw_049",757,"2022-12-30","forecast","0.250354466091098"
"exdqlm_univar_synth","draw_049",757,"2022-12-31","forecast","0.523091913166166"
"exdqlm_univar_synth","draw_049",757,"2023-01-01","forecast","0.296344787937355"
"exdqlm_univar_synth","draw_049",757,"2023-01-02","forecast","0.0744311168902319"
"exdqlm_univar_synth","draw_049",757,"2023-01-03","forecast","-0.284072357967153"
"exdqlm_univar_synth","draw_049",757,"2023-01-04","forecast","-0.791119706067431"
"exdqlm_univar_synth","draw_049",757,"2023-01-05","forecast","-0.239805078104860"
"exdqlm_univar_synth","draw_049",757,"2023-01-06","forecast","-0.701156278148520"
"exdqlm_univar_synth","draw_049",757,"2023-01-07","forecast","-1.00824505358799"
"exdqlm_univar_synth","draw_049",757,"2023-01-08","forecast","-0.605204201998347"
"exdqlm_univar_synth","draw_049",757,"2023-01-09","forecast","-0.883547744720426"
"exdqlm_univar_synth","draw_049",757,"2023-01-10","forecast","0.00945130089779896"
"exdqlm_univar_synth","draw_049",757,"2023-01-11","forecast","-0.255400552618354"
"exdqlm_univar_synth","draw_049",757,"2023-01-12","forecast","-0.161492418759865"
"exdqlm_univar_synth","draw_049",757,"2023-01-13","forecast","-0.0849791550809189"
"exdqlm_univar_synth","draw_049",757,"2023-01-14","forecast","-0.158354499010268"
"exdqlm_univar_synth","draw_049",757,"2023-01-15","forecast","-0.768640019909765"
"exdqlm_univar_synth","draw_049",757,"2023-01-16","forecast","-0.108330795976145"
"exdqlm_univar_synth","draw_049",757,"2023-01-17","forecast","-1.17112934446761"
"exdqlm_univar_synth","draw_049",757,"2023-01-18","forecast","-1.03355759145075"
"exdqlm_univar_synth","draw_049",757,"2023-01-19","forecast","-1.08006671319495"
"exdqlm_univar_synth","draw_049",757,"2023-01-20","forecast","-0.831502586983131"
"exdqlm_univar_synth","draw_049",757,"2023-01-21","forecast","-1.34567309814701"
"exdqlm_univar_synth","draw_049",757,"2023-01-22","forecast","-0.839113962477940"
"exdqlm_univar_synth","draw_050",772,"2022-12-26","forecast","-0.469397802112611"
"exdqlm_univar_synth","draw_050",772,"2022-12-27","forecast","1.10084441436432"
"exdqlm_univar_synth","draw_050",772,"2022-12-28","forecast","0.324788678356448"
"exdqlm_univar_synth","draw_050",772,"2022-12-29","forecast","0.365284014638608"
"exdqlm_univar_synth","draw_050",772,"2022-12-30","forecast","0.0493274668098163"
"exdqlm_univar_synth","draw_050",772,"2022-12-31","forecast","0.805667999623844"
"exdqlm_univar_synth","draw_050",772,"2023-01-01","forecast","0.226915496468022"
"exdqlm_univar_synth","draw_050",772,"2023-01-02","forecast","0.0753584959002199"
"exdqlm_univar_synth","draw_050",772,"2023-01-03","forecast","0.0426781538887713"
"exdqlm_univar_synth","draw_050",772,"2023-01-04","forecast","-0.0458111353270268"
"exdqlm_univar_synth","draw_050",772,"2023-01-05","forecast","0.233477319005594"
"exdqlm_univar_synth","draw_050",772,"2023-01-06","forecast","-0.229104116789428"
"exdqlm_univar_synth","draw_050",772,"2023-01-07","forecast","-0.529275933193866"
"exdqlm_univar_synth","draw_050",772,"2023-01-08","forecast","0.205131551038538"
"exdqlm_univar_synth","draw_050",772,"2023-01-09","forecast","-0.140186804175517"
"exdqlm_univar_synth","draw_050",772,"2023-01-10","forecast","0.236679446904718"
"exdqlm_univar_synth","draw_050",772,"2023-01-11","forecast","-0.248015137562579"
"exdqlm_univar_synth","draw_050",772,"2023-01-12","forecast","-0.125118376094922"
"exdqlm_univar_synth","draw_050",772,"2023-01-13","forecast","-0.226640886339976"
"exdqlm_univar_synth","draw_050",772,"2023-01-14","forecast","-0.131638498921897"
"exdqlm_univar_synth","draw_050",772,"2023-01-15","forecast","-0.456824006446196"
"exdqlm_univar_synth","draw_050",772,"2023-01-16","forecast","-0.0943637623103235"
"exdqlm_univar_synth","draw_050",772,"2023-01-17","forecast","-0.340096492008962"
"exdqlm_univar_synth","draw_050",772,"2023-01-18","forecast","-0.747578015354342"
"exdqlm_univar_synth","draw_050",772,"2023-01-19","forecast","-0.556134768637474"
"exdqlm_univar_synth","draw_050",772,"2023-01-20","forecast","-1.11514338657732"
"exdqlm_univar_synth","draw_050",772,"2023-01-21","forecast","-0.861554499385765"
"exdqlm_univar_synth","draw_050",772,"2023-01-22","forecast","-0.818585274320299"
"exdqlm_univar_synth","draw_051",788,"2022-12-26","forecast","-0.317396192136989"
"exdqlm_univar_synth","draw_051",788,"2022-12-27","forecast","0.451941037911561"
"exdqlm_univar_synth","draw_051",788,"2022-12-28","forecast","-0.0290430085883834"
"exdqlm_univar_synth","draw_051",788,"2022-12-29","forecast","0.425991647379045"
"exdqlm_univar_synth","draw_051",788,"2022-12-30","forecast","0.250935622455533"
"exdqlm_univar_synth","draw_051",788,"2022-12-31","forecast","0.953622394667946"
"exdqlm_univar_synth","draw_051",788,"2023-01-01","forecast","0.702494934514990"
"exdqlm_univar_synth","draw_051",788,"2023-01-02","forecast","-0.0377927375165895"
"exdqlm_univar_synth","draw_051",788,"2023-01-03","forecast","0.305146518801708"
"exdqlm_univar_synth","draw_051",788,"2023-01-04","forecast","-0.332974619991562"
"exdqlm_univar_synth","draw_051",788,"2023-01-05","forecast","0.136873944362717"
"exdqlm_univar_synth","draw_051",788,"2023-01-06","forecast","-0.496771039979040"
"exdqlm_univar_synth","draw_051",788,"2023-01-07","forecast","-0.505011145192394"
"exdqlm_univar_synth","draw_051",788,"2023-01-08","forecast","-0.349091043478407"
"exdqlm_univar_synth","draw_051",788,"2023-01-09","forecast","-0.214306783367522"
"exdqlm_univar_synth","draw_051",788,"2023-01-10","forecast","-0.267894297582000"
"exdqlm_univar_synth","draw_051",788,"2023-01-11","forecast","-0.226528008393037"
"exdqlm_univar_synth","draw_051",788,"2023-01-12","forecast","-0.155421106376413"
"exdqlm_univar_synth","draw_051",788,"2023-01-13","forecast","-0.767424949638972"
"exdqlm_univar_synth","draw_051",788,"2023-01-14","forecast","-0.168605763599968"
"exdqlm_univar_synth","draw_051",788,"2023-01-15","forecast","-0.557794489011783"
"exdqlm_univar_synth","draw_051",788,"2023-01-16","forecast","-0.285649568069919"
"exdqlm_univar_synth","draw_051",788,"2023-01-17","forecast","-0.240961755781923"
"exdqlm_univar_synth","draw_051",788,"2023-01-18","forecast","-0.597869151813154"
"exdqlm_univar_synth","draw_051",788,"2023-01-19","forecast","-0.946032268914306"
"exdqlm_univar_synth","draw_051",788,"2023-01-20","forecast","-0.828765830928580"
"exdqlm_univar_synth","draw_051",788,"2023-01-21","forecast","-0.963654728382905"
"exdqlm_univar_synth","draw_051",788,"2023-01-22","forecast","-0.805659167274022"
"exdqlm_univar_synth","draw_052",804,"2022-12-26","forecast","-0.303930651634977"
"exdqlm_univar_synth","draw_052",804,"2022-12-27","forecast","0.485736326945584"
"exdqlm_univar_synth","draw_052",804,"2022-12-28","forecast","0.110580638212834"
"exdqlm_univar_synth","draw_052",804,"2022-12-29","forecast","0.313507885802226"
"exdqlm_univar_synth","draw_052",804,"2022-12-30","forecast","-0.0580569455522049"
"exdqlm_univar_synth","draw_052",804,"2022-12-31","forecast","0.513862004301443"
"exdqlm_univar_synth","draw_052",804,"2023-01-01","forecast","0.407958065517925"
"exdqlm_univar_synth","draw_052",804,"2023-01-02","forecast","-0.626739063797280"
"exdqlm_univar_synth","draw_052",804,"2023-01-03","forecast","-0.541666341660403"
"exdqlm_univar_synth","draw_052",804,"2023-01-04","forecast","-0.226406400305196"
"exdqlm_univar_synth","draw_052",804,"2023-01-05","forecast","-0.322698778956488"
"exdqlm_univar_synth","draw_052",804,"2023-01-06","forecast","-0.212349940568083"
"exdqlm_univar_synth","draw_052",804,"2023-01-07","forecast","-0.459662284651389"
"exdqlm_univar_synth","draw_052",804,"2023-01-08","forecast","0.115424793313454"
"exdqlm_univar_synth","draw_052",804,"2023-01-09","forecast","-0.264080927622245"
"exdqlm_univar_synth","draw_052",804,"2023-01-10","forecast","-0.228770140260723"
"exdqlm_univar_synth","draw_052",804,"2023-01-11","forecast","-0.782897482405811"
"exdqlm_univar_synth","draw_052",804,"2023-01-12","forecast","-0.376604756874630"
"exdqlm_univar_synth","draw_052",804,"2023-01-13","forecast","-0.140499318434009"
"exdqlm_univar_synth","draw_052",804,"2023-01-14","forecast","-0.160030055220513"
"exdqlm_univar_synth","draw_052",804,"2023-01-15","forecast","-0.673651828243800"
"exdqlm_univar_synth","draw_052",804,"2023-01-16","forecast","-0.0780239719800393"
"exdqlm_univar_synth","draw_052",804,"2023-01-17","forecast","-0.738975198198875"
"exdqlm_univar_synth","draw_052",804,"2023-01-18","forecast","-0.569020021715362"
"exdqlm_univar_synth","draw_052",804,"2023-01-19","forecast","-0.615196045445163"
"exdqlm_univar_synth","draw_052",804,"2023-01-20","forecast","-0.685042469694407"
"exdqlm_univar_synth","draw_052",804,"2023-01-21","forecast","-1.20518042062306"
"exdqlm_univar_synth","draw_052",804,"2023-01-22","forecast","-0.807454429429428"
"exdqlm_univar_synth","draw_053",819,"2022-12-26","forecast","-0.291150083221049"
"exdqlm_univar_synth","draw_053",819,"2022-12-27","forecast","1.13272372054266"
"exdqlm_univar_synth","draw_053",819,"2022-12-28","forecast","0.671178526285134"
"exdqlm_univar_synth","draw_053",819,"2022-12-29","forecast","0.386359170902207"
"exdqlm_univar_synth","draw_053",819,"2022-12-30","forecast","0.300735665760386"
"exdqlm_univar_synth","draw_053",819,"2022-12-31","forecast","0.940359526491082"
"exdqlm_univar_synth","draw_053",819,"2023-01-01","forecast","0.375134354311613"
"exdqlm_univar_synth","draw_053",819,"2023-01-02","forecast","0.0746539458906868"
"exdqlm_univar_synth","draw_053",819,"2023-01-03","forecast","0.373111682238025"
"exdqlm_univar_synth","draw_053",819,"2023-01-04","forecast","-0.535344363676829"
"exdqlm_univar_synth","draw_053",819,"2023-01-05","forecast","-0.212882470740948"
"exdqlm_univar_synth","draw_053",819,"2023-01-06","forecast","-0.405869146317101"
"exdqlm_univar_synth","draw_053",819,"2023-01-07","forecast","-1.01997804094688"
"exdqlm_univar_synth","draw_053",819,"2023-01-08","forecast","-0.146513225516482"
"exdqlm_univar_synth","draw_053",819,"2023-01-09","forecast","-0.135170936395847"
"exdqlm_univar_synth","draw_053",819,"2023-01-10","forecast","-0.351100162561611"
"exdqlm_univar_synth","draw_053",819,"2023-01-11","forecast","-0.399249976198401"
"exdqlm_univar_synth","draw_053",819,"2023-01-12","forecast","-0.498225714722344"
"exdqlm_univar_synth","draw_053",819,"2023-01-13","forecast","-0.574129255209480"
"exdqlm_univar_synth","draw_053",819,"2023-01-14","forecast","-0.489223093068389"
"exdqlm_univar_synth","draw_053",819,"2023-01-15","forecast","-0.611019127555725"
"exdqlm_univar_synth","draw_053",819,"2023-01-16","forecast","-0.740263192430569"
"exdqlm_univar_synth","draw_053",819,"2023-01-17","forecast","-0.465962986731424"
"exdqlm_univar_synth","draw_053",819,"2023-01-18","forecast","-0.599350069774101"
"exdqlm_univar_synth","draw_053",819,"2023-01-19","forecast","-0.578313691900743"
"exdqlm_univar_synth","draw_053",819,"2023-01-20","forecast","-1.03595786809883"
"exdqlm_univar_synth","draw_053",819,"2023-01-21","forecast","-0.900946384767593"
"exdqlm_univar_synth","draw_053",819,"2023-01-22","forecast","-0.874934417373784"
"exdqlm_univar_synth","draw_054",835,"2022-12-26","forecast","-0.104944837897794"
"exdqlm_univar_synth","draw_054",835,"2022-12-27","forecast","1.18355633233158"
"exdqlm_univar_synth","draw_054",835,"2022-12-28","forecast","0.623104963223896"
"exdqlm_univar_synth","draw_054",835,"2022-12-29","forecast","0.568323951364952"
"exdqlm_univar_synth","draw_054",835,"2022-12-30","forecast","0.300891839398874"
"exdqlm_univar_synth","draw_054",835,"2022-12-31","forecast","1.12659072442888"
"exdqlm_univar_synth","draw_054",835,"2023-01-01","forecast","0.649627225978273"
"exdqlm_univar_synth","draw_054",835,"2023-01-02","forecast","0.0745962755691189"
"exdqlm_univar_synth","draw_054",835,"2023-01-03","forecast","-0.101681364600312"
"exdqlm_univar_synth","draw_054",835,"2023-01-04","forecast","-0.644273156532824"
"exdqlm_univar_synth","draw_054",835,"2023-01-05","forecast","-0.0334217650647066"
"exdqlm_univar_synth","draw_054",835,"2023-01-06","forecast","-0.169216512766550"
"exdqlm_univar_synth","draw_054",835,"2023-01-07","forecast","-0.901709475894705"
"exdqlm_univar_synth","draw_054",835,"2023-01-08","forecast","-0.430860729315339"
"exdqlm_univar_synth","draw_054",835,"2023-01-09","forecast","-0.149304393344475"
"exdqlm_univar_synth","draw_054",835,"2023-01-10","forecast","-0.355115108330406"
"exdqlm_univar_synth","draw_054",835,"2023-01-11","forecast","-0.210918919135571"
"exdqlm_univar_synth","draw_054",835,"2023-01-12","forecast","-0.468713676846149"
"exdqlm_univar_synth","draw_054",835,"2023-01-13","forecast","-0.767700341767378"
"exdqlm_univar_synth","draw_054",835,"2023-01-14","forecast","-0.281444854916460"
"exdqlm_univar_synth","draw_054",835,"2023-01-15","forecast","-0.107301990167331"
"exdqlm_univar_synth","draw_054",835,"2023-01-16","forecast","-0.123641322776893"
"exdqlm_univar_synth","draw_054",835,"2023-01-17","forecast","-0.382895699866355"
"exdqlm_univar_synth","draw_054",835,"2023-01-18","forecast","-0.600313695359019"
"exdqlm_univar_synth","draw_054",835,"2023-01-19","forecast","-0.553912919574866"
"exdqlm_univar_synth","draw_054",835,"2023-01-20","forecast","-0.853359399938965"
"exdqlm_univar_synth","draw_054",835,"2023-01-21","forecast","-1.07677401645305"
"exdqlm_univar_synth","draw_054",835,"2023-01-22","forecast","-0.813820327581630"
"exdqlm_univar_synth","draw_055",851,"2022-12-26","forecast","-0.376072882455259"
"exdqlm_univar_synth","draw_055",851,"2022-12-27","forecast","0.584079111224390"
"exdqlm_univar_synth","draw_055",851,"2022-12-28","forecast","0.364125960607129"
"exdqlm_univar_synth","draw_055",851,"2022-12-29","forecast","0.351758163912576"
"exdqlm_univar_synth","draw_055",851,"2022-12-30","forecast","0.406976435977043"
"exdqlm_univar_synth","draw_055",851,"2022-12-31","forecast","0.844380690492703"
"exdqlm_univar_synth","draw_055",851,"2023-01-01","forecast","-0.0702465597956085"
"exdqlm_univar_synth","draw_055",851,"2023-01-02","forecast","0.0768472849667159"
"exdqlm_univar_synth","draw_055",851,"2023-01-03","forecast","0.385125445189518"
"exdqlm_univar_synth","draw_055",851,"2023-01-04","forecast","-0.282235218883874"
"exdqlm_univar_synth","draw_055",851,"2023-01-05","forecast","0.0728111824259770"
"exdqlm_univar_synth","draw_055",851,"2023-01-06","forecast","-0.119096832362105"
"exdqlm_univar_synth","draw_055",851,"2023-01-07","forecast","-0.630124402164753"
"exdqlm_univar_synth","draw_055",851,"2023-01-08","forecast","-0.765875919274857"
"exdqlm_univar_synth","draw_055",851,"2023-01-09","forecast","-0.0671039271601657"
"exdqlm_univar_synth","draw_055",851,"2023-01-10","forecast","-0.126621651051781"
"exdqlm_univar_synth","draw_055",851,"2023-01-11","forecast","-0.459653097474868"
"exdqlm_univar_synth","draw_055",851,"2023-01-12","forecast","-0.496543832591355"
"exdqlm_univar_synth","draw_055",851,"2023-01-13","forecast","-0.0791695104846501"
"exdqlm_univar_synth","draw_055",851,"2023-01-14","forecast","-0.505001586891361"
"exdqlm_univar_synth","draw_055",851,"2023-01-15","forecast","-0.145711410316924"
"exdqlm_univar_synth","draw_055",851,"2023-01-16","forecast","-0.177719254551370"
"exdqlm_univar_synth","draw_055",851,"2023-01-17","forecast","-0.354977445162123"
"exdqlm_univar_synth","draw_055",851,"2023-01-18","forecast","-0.767158797193455"
"exdqlm_univar_synth","draw_055",851,"2023-01-19","forecast","-0.979255502735747"
"exdqlm_univar_synth","draw_055",851,"2023-01-20","forecast","-1.44783399562091"
"exdqlm_univar_synth","draw_055",851,"2023-01-21","forecast","-1.18984631176547"
"exdqlm_univar_synth","draw_055",851,"2023-01-22","forecast","-1.17713127281140"
"exdqlm_univar_synth","draw_056",867,"2022-12-26","forecast","-0.351287672568157"
"exdqlm_univar_synth","draw_056",867,"2022-12-27","forecast","1.40631593331345"
"exdqlm_univar_synth","draw_056",867,"2022-12-28","forecast","0.420386940739427"
"exdqlm_univar_synth","draw_056",867,"2022-12-29","forecast","0.207159384681588"
"exdqlm_univar_synth","draw_056",867,"2022-12-30","forecast","0.301569801523397"
"exdqlm_univar_synth","draw_056",867,"2022-12-31","forecast","0.284030219479009"
"exdqlm_univar_synth","draw_056",867,"2023-01-01","forecast","0.235000681816193"
"exdqlm_univar_synth","draw_056",867,"2023-01-02","forecast","-0.156762071012857"
"exdqlm_univar_synth","draw_056",867,"2023-01-03","forecast","-0.270175849301975"
"exdqlm_univar_synth","draw_056",867,"2023-01-04","forecast","-0.361099986029644"
"exdqlm_univar_synth","draw_056",867,"2023-01-05","forecast","-0.378552657549238"
"exdqlm_univar_synth","draw_056",867,"2023-01-06","forecast","-0.167773982048034"
"exdqlm_univar_synth","draw_056",867,"2023-01-07","forecast","-0.456535156590194"
"exdqlm_univar_synth","draw_056",867,"2023-01-08","forecast","-0.347351512939386"
"exdqlm_univar_synth","draw_056",867,"2023-01-09","forecast","-0.549248114284910"
"exdqlm_univar_synth","draw_056",867,"2023-01-10","forecast","0.113350348075941"
"exdqlm_univar_synth","draw_056",867,"2023-01-11","forecast","-0.207310181107198"
"exdqlm_univar_synth","draw_056",867,"2023-01-12","forecast","-0.0633859523910324"
"exdqlm_univar_synth","draw_056",867,"2023-01-13","forecast","-0.384750803337714"
"exdqlm_univar_synth","draw_056",867,"2023-01-14","forecast","-0.592597829708260"
"exdqlm_univar_synth","draw_056",867,"2023-01-15","forecast","-0.762231389816206"
"exdqlm_univar_synth","draw_056",867,"2023-01-16","forecast","-0.0997077617855904"
"exdqlm_univar_synth","draw_056",867,"2023-01-17","forecast","-0.621970885165186"
"exdqlm_univar_synth","draw_056",867,"2023-01-18","forecast","-0.596211586436825"
"exdqlm_univar_synth","draw_056",867,"2023-01-19","forecast","-1.11083137493893"
"exdqlm_univar_synth","draw_056",867,"2023-01-20","forecast","-0.852692131113584"
"exdqlm_univar_synth","draw_056",867,"2023-01-21","forecast","-0.910454710645204"
"exdqlm_univar_synth","draw_056",867,"2023-01-22","forecast","-0.815196543782473"
"exdqlm_univar_synth","draw_057",882,"2022-12-26","forecast","-0.302281612285153"
"exdqlm_univar_synth","draw_057",882,"2022-12-27","forecast","0.542668697927999"
"exdqlm_univar_synth","draw_057",882,"2022-12-28","forecast","0.711791795600131"
"exdqlm_univar_synth","draw_057",882,"2022-12-29","forecast","0.385821492528746"
"exdqlm_univar_synth","draw_057",882,"2022-12-30","forecast","0.0646392098357722"
"exdqlm_univar_synth","draw_057",882,"2022-12-31","forecast","0.302870203358146"
"exdqlm_univar_synth","draw_057",882,"2023-01-01","forecast","0.788933770878762"
"exdqlm_univar_synth","draw_057",882,"2023-01-02","forecast","0.0753092683987131"
"exdqlm_univar_synth","draw_057",882,"2023-01-03","forecast","-0.346972515169617"
"exdqlm_univar_synth","draw_057",882,"2023-01-04","forecast","-0.472663233520736"
"exdqlm_univar_synth","draw_057",882,"2023-01-05","forecast","-0.590744891528883"
"exdqlm_univar_synth","draw_057",882,"2023-01-06","forecast","-0.555964758773513"
"exdqlm_univar_synth","draw_057",882,"2023-01-07","forecast","-0.732052301952214"
"exdqlm_univar_synth","draw_057",882,"2023-01-08","forecast","-0.608121860020510"
"exdqlm_univar_synth","draw_057",882,"2023-01-09","forecast","-0.140460713305723"
"exdqlm_univar_synth","draw_057",882,"2023-01-10","forecast","-0.253344849249372"
"exdqlm_univar_synth","draw_057",882,"2023-01-11","forecast","-0.226948108619636"
"exdqlm_univar_synth","draw_057",882,"2023-01-12","forecast","-0.135259187926267"
"exdqlm_univar_synth","draw_057",882,"2023-01-13","forecast","-0.0854825203589815"
"exdqlm_univar_synth","draw_057",882,"2023-01-14","forecast","-0.154861079083174"
"exdqlm_univar_synth","draw_057",882,"2023-01-15","forecast","-0.386332680810138"
"exdqlm_univar_synth","draw_057",882,"2023-01-16","forecast","-0.0959534546466419"
"exdqlm_univar_synth","draw_057",882,"2023-01-17","forecast","-0.368812730045735"
"exdqlm_univar_synth","draw_057",882,"2023-01-18","forecast","-0.597230006878244"
"exdqlm_univar_synth","draw_057",882,"2023-01-19","forecast","-0.502892614721894"
"exdqlm_univar_synth","draw_057",882,"2023-01-20","forecast","-1.04134025370502"
"exdqlm_univar_synth","draw_057",882,"2023-01-21","forecast","-1.23624787223888"
"exdqlm_univar_synth","draw_057",882,"2023-01-22","forecast","-1.13017739768441"
"exdqlm_univar_synth","draw_058",898,"2022-12-26","forecast","0.0599255837817236"
"exdqlm_univar_synth","draw_058",898,"2022-12-27","forecast","0.810200136077490"
"exdqlm_univar_synth","draw_058",898,"2022-12-28","forecast","0.443138382230971"
"exdqlm_univar_synth","draw_058",898,"2022-12-29","forecast","0.204953060734103"
"exdqlm_univar_synth","draw_058",898,"2022-12-30","forecast","0.166568097751555"
"exdqlm_univar_synth","draw_058",898,"2022-12-31","forecast","0.971685055315785"
"exdqlm_univar_synth","draw_058",898,"2023-01-01","forecast","0.468136056471266"
"exdqlm_univar_synth","draw_058",898,"2023-01-02","forecast","-0.183852941858517"
"exdqlm_univar_synth","draw_058",898,"2023-01-03","forecast","-0.100273726603397"
"exdqlm_univar_synth","draw_058",898,"2023-01-04","forecast","-0.174330269571432"
"exdqlm_univar_synth","draw_058",898,"2023-01-05","forecast","-0.418367097923189"
"exdqlm_univar_synth","draw_058",898,"2023-01-06","forecast","-0.622480696089495"
"exdqlm_univar_synth","draw_058",898,"2023-01-07","forecast","-0.782697952886036"
"exdqlm_univar_synth","draw_058",898,"2023-01-08","forecast","-0.559502993468973"
"exdqlm_univar_synth","draw_058",898,"2023-01-09","forecast","-0.141946499859633"
"exdqlm_univar_synth","draw_058",898,"2023-01-10","forecast","-0.257114661419706"
"exdqlm_univar_synth","draw_058",898,"2023-01-11","forecast","-0.266763715331455"
"exdqlm_univar_synth","draw_058",898,"2023-01-12","forecast","-0.195660702466315"
"exdqlm_univar_synth","draw_058",898,"2023-01-13","forecast","-0.277930426853775"
"exdqlm_univar_synth","draw_058",898,"2023-01-14","forecast","-0.892841548883000"
"exdqlm_univar_synth","draw_058",898,"2023-01-15","forecast","-0.528876751360550"
"exdqlm_univar_synth","draw_058",898,"2023-01-16","forecast","0.00676800067648948"
"exdqlm_univar_synth","draw_058",898,"2023-01-17","forecast","-0.479837936355691"
"exdqlm_univar_synth","draw_058",898,"2023-01-18","forecast","-0.935066491706444"
"exdqlm_univar_synth","draw_058",898,"2023-01-19","forecast","-0.939979949016079"
"exdqlm_univar_synth","draw_058",898,"2023-01-20","forecast","-0.849234584881091"
"exdqlm_univar_synth","draw_058",898,"2023-01-21","forecast","-1.41396807662522"
"exdqlm_univar_synth","draw_058",898,"2023-01-22","forecast","-1.35772789251780"
"exdqlm_univar_synth","draw_059",914,"2022-12-26","forecast","-0.138010969016748"
"exdqlm_univar_synth","draw_059",914,"2022-12-27","forecast","0.319662973487644"
"exdqlm_univar_synth","draw_059",914,"2022-12-28","forecast","0.518565886879750"
"exdqlm_univar_synth","draw_059",914,"2022-12-29","forecast","0.405509997289290"
"exdqlm_univar_synth","draw_059",914,"2022-12-30","forecast","0.0319666070458192"
"exdqlm_univar_synth","draw_059",914,"2022-12-31","forecast","0.250542627665805"
"exdqlm_univar_synth","draw_059",914,"2023-01-01","forecast","0.684335255634184"
"exdqlm_univar_synth","draw_059",914,"2023-01-02","forecast","-0.0896229095931848"
"exdqlm_univar_synth","draw_059",914,"2023-01-03","forecast","-0.376912910267356"
"exdqlm_univar_synth","draw_059",914,"2023-01-04","forecast","-0.442287585721444"
"exdqlm_univar_synth","draw_059",914,"2023-01-05","forecast","-0.261131344204620"
"exdqlm_univar_synth","draw_059",914,"2023-01-06","forecast","-0.143611896231687"
"exdqlm_univar_synth","draw_059",914,"2023-01-07","forecast","-0.765107073262210"
"exdqlm_univar_synth","draw_059",914,"2023-01-08","forecast","-0.470195352746937"
"exdqlm_univar_synth","draw_059",914,"2023-01-09","forecast","-0.140473664501503"
"exdqlm_univar_synth","draw_059",914,"2023-01-10","forecast","-0.491178640158771"
"exdqlm_univar_synth","draw_059",914,"2023-01-11","forecast","-0.381850715831733"
"exdqlm_univar_synth","draw_059",914,"2023-01-12","forecast","-0.787382279148442"
"exdqlm_univar_synth","draw_059",914,"2023-01-13","forecast","-0.218201822270369"
"exdqlm_univar_synth","draw_059",914,"2023-01-14","forecast","-0.0501818399153119"
"exdqlm_univar_synth","draw_059",914,"2023-01-15","forecast","-0.351217045282532"
"exdqlm_univar_synth","draw_059",914,"2023-01-16","forecast","-0.641028544741890"
"exdqlm_univar_synth","draw_059",914,"2023-01-17","forecast","-1.02460455293187"
"exdqlm_univar_synth","draw_059",914,"2023-01-18","forecast","-0.607902456289986"
"exdqlm_univar_synth","draw_059",914,"2023-01-19","forecast","-0.887154158551667"
"exdqlm_univar_synth","draw_059",914,"2023-01-20","forecast","-1.40613560266407"
"exdqlm_univar_synth","draw_059",914,"2023-01-21","forecast","-0.899668576555548"
"exdqlm_univar_synth","draw_059",914,"2023-01-22","forecast","-1.41898205149098"
"exdqlm_univar_synth","draw_060",930,"2022-12-26","forecast","-0.0599812931651288"
"exdqlm_univar_synth","draw_060",930,"2022-12-27","forecast","1.14651226651636"
"exdqlm_univar_synth","draw_060",930,"2022-12-28","forecast","0.336298692583666"
"exdqlm_univar_synth","draw_060",930,"2022-12-29","forecast","0.382123006318022"
"exdqlm_univar_synth","draw_060",930,"2022-12-30","forecast","-0.207373626719965"
"exdqlm_univar_synth","draw_060",930,"2022-12-31","forecast","0.976817049173672"
"exdqlm_univar_synth","draw_060",930,"2023-01-01","forecast","0.668568251794197"
"exdqlm_univar_synth","draw_060",930,"2023-01-02","forecast","-0.242280064961568"
"exdqlm_univar_synth","draw_060",930,"2023-01-03","forecast","-0.0542898888884291"
"exdqlm_univar_synth","draw_060",930,"2023-01-04","forecast","-0.572552615635749"
"exdqlm_univar_synth","draw_060",930,"2023-01-05","forecast","0.0857507939626165"
"exdqlm_univar_synth","draw_060",930,"2023-01-06","forecast","-0.769296605653786"
"exdqlm_univar_synth","draw_060",930,"2023-01-07","forecast","-0.461504109674015"
"exdqlm_univar_synth","draw_060",930,"2023-01-08","forecast","-0.687251730039499"
"exdqlm_univar_synth","draw_060",930,"2023-01-09","forecast","-0.578338835662021"
"exdqlm_univar_synth","draw_060",930,"2023-01-10","forecast","-0.345019106824379"
"exdqlm_univar_synth","draw_060",930,"2023-01-11","forecast","-0.249997958352935"
"exdqlm_univar_synth","draw_060",930,"2023-01-12","forecast","-0.456942814127609"
"exdqlm_univar_synth","draw_060",930,"2023-01-13","forecast","-0.575380270402137"
"exdqlm_univar_synth","draw_060",930,"2023-01-14","forecast","-0.158949614377071"
"exdqlm_univar_synth","draw_060",930,"2023-01-15","forecast","-0.0994215228434405"
"exdqlm_univar_synth","draw_060",930,"2023-01-16","forecast","-0.414619276743145"
"exdqlm_univar_synth","draw_060",930,"2023-01-17","forecast","-0.652780371747569"
"exdqlm_univar_synth","draw_060",930,"2023-01-18","forecast","-0.596660301228012"
"exdqlm_univar_synth","draw_060",930,"2023-01-19","forecast","-0.515820155296765"
"exdqlm_univar_synth","draw_060",930,"2023-01-20","forecast","-1.16662562073460"
"exdqlm_univar_synth","draw_060",930,"2023-01-21","forecast","-0.903857964004022"
"exdqlm_univar_synth","draw_060",930,"2023-01-22","forecast","-1.19994661933118"
"exdqlm_univar_synth","draw_061",945,"2022-12-26","forecast","-0.263072673331383"
"exdqlm_univar_synth","draw_061",945,"2022-12-27","forecast","0.735124290202356"
"exdqlm_univar_synth","draw_061",945,"2022-12-28","forecast","0.978468130528876"
"exdqlm_univar_synth","draw_061",945,"2022-12-29","forecast","0.159622799925248"
"exdqlm_univar_synth","draw_061",945,"2022-12-30","forecast","0.283991668570725"
"exdqlm_univar_synth","draw_061",945,"2022-12-31","forecast","0.677120593034885"
"exdqlm_univar_synth","draw_061",945,"2023-01-01","forecast","0.245473094678410"
"exdqlm_univar_synth","draw_061",945,"2023-01-02","forecast","0.0966382246332836"
"exdqlm_univar_synth","draw_061",945,"2023-01-03","forecast","0.216510139929325"
"exdqlm_univar_synth","draw_061",945,"2023-01-04","forecast","-0.304328108516982"
"exdqlm_univar_synth","draw_061",945,"2023-01-05","forecast","-0.115401980910014"
"exdqlm_univar_synth","draw_061",945,"2023-01-06","forecast","-0.199981155376524"
"exdqlm_univar_synth","draw_061",945,"2023-01-07","forecast","-0.983690798683461"
"exdqlm_univar_synth","draw_061",945,"2023-01-08","forecast","0.189161833344225"
"exdqlm_univar_synth","draw_061",945,"2023-01-09","forecast","-0.390639329931393"
"exdqlm_univar_synth","draw_061",945,"2023-01-10","forecast","-0.0676901040355716"
"exdqlm_univar_synth","draw_061",945,"2023-01-11","forecast","-0.847394283255652"
"exdqlm_univar_synth","draw_061",945,"2023-01-12","forecast","-0.148933669132229"
"exdqlm_univar_synth","draw_061",945,"2023-01-13","forecast","0.150603331171952"
"exdqlm_univar_synth","draw_061",945,"2023-01-14","forecast","-0.673601494955462"
"exdqlm_univar_synth","draw_061",945,"2023-01-15","forecast","-0.171026342063664"
"exdqlm_univar_synth","draw_061",945,"2023-01-16","forecast","-0.0962459931172293"
"exdqlm_univar_synth","draw_061",945,"2023-01-17","forecast","-0.688131626511458"
"exdqlm_univar_synth","draw_061",945,"2023-01-18","forecast","-0.879767964913535"
"exdqlm_univar_synth","draw_061",945,"2023-01-19","forecast","-1.27099979806029"
"exdqlm_univar_synth","draw_061",945,"2023-01-20","forecast","-1.19739983675169"
"exdqlm_univar_synth","draw_061",945,"2023-01-21","forecast","-0.891487164213916"
"exdqlm_univar_synth","draw_061",945,"2023-01-22","forecast","-0.830275661937217"
"exdqlm_univar_synth","draw_062",961,"2022-12-26","forecast","-0.333531774541648"
"exdqlm_univar_synth","draw_062",961,"2022-12-27","forecast","1.12193076717899"
"exdqlm_univar_synth","draw_062",961,"2022-12-28","forecast","0.415779798415487"
"exdqlm_univar_synth","draw_062",961,"2022-12-29","forecast","0.162851603127777"
"exdqlm_univar_synth","draw_062",961,"2022-12-30","forecast","0.224953915330758"
"exdqlm_univar_synth","draw_062",961,"2022-12-31","forecast","1.16910199338276"
"exdqlm_univar_synth","draw_062",961,"2023-01-01","forecast","0.388007463407154"
"exdqlm_univar_synth","draw_062",961,"2023-01-02","forecast","0.0916298301825309"
"exdqlm_univar_synth","draw_062",961,"2023-01-03","forecast","0.254851408472843"
"exdqlm_univar_synth","draw_062",961,"2023-01-04","forecast","-0.209265213088059"
"exdqlm_univar_synth","draw_062",961,"2023-01-05","forecast","-0.287504244632967"
"exdqlm_univar_synth","draw_062",961,"2023-01-06","forecast","-0.574459025902767"
"exdqlm_univar_synth","draw_062",961,"2023-01-07","forecast","-0.462510816274836"
"exdqlm_univar_synth","draw_062",961,"2023-01-08","forecast","-0.0147164332157235"
"exdqlm_univar_synth","draw_062",961,"2023-01-09","forecast","-0.112474494268701"
"exdqlm_univar_synth","draw_062",961,"2023-01-10","forecast","-0.224817099885353"
"exdqlm_univar_synth","draw_062",961,"2023-01-11","forecast","-0.225663447799174"
"exdqlm_univar_synth","draw_062",961,"2023-01-12","forecast","-0.115112016930034"
"exdqlm_univar_synth","draw_062",961,"2023-01-13","forecast","-0.278041624874451"
"exdqlm_univar_synth","draw_062",961,"2023-01-14","forecast","-0.621839908090598"
"exdqlm_univar_synth","draw_062",961,"2023-01-15","forecast","-0.108786095468878"
"exdqlm_univar_synth","draw_062",961,"2023-01-16","forecast","-0.0955895403984277"
"exdqlm_univar_synth","draw_062",961,"2023-01-17","forecast","-0.477590379679056"
"exdqlm_univar_synth","draw_062",961,"2023-01-18","forecast","-0.609294391485863"
"exdqlm_univar_synth","draw_062",961,"2023-01-19","forecast","-1.00723891919318"
"exdqlm_univar_synth","draw_062",961,"2023-01-20","forecast","-0.829600170212896"
"exdqlm_univar_synth","draw_062",961,"2023-01-21","forecast","-1.19043245805896"
"exdqlm_univar_synth","draw_062",961,"2023-01-22","forecast","-0.846978608411849"
"exdqlm_univar_synth","draw_063",977,"2022-12-26","forecast","0.0156210415291390"
"exdqlm_univar_synth","draw_063",977,"2022-12-27","forecast","0.408381057656886"
"exdqlm_univar_synth","draw_063",977,"2022-12-28","forecast","0.544690431420415"
"exdqlm_univar_synth","draw_063",977,"2022-12-29","forecast","0.493599132725182"
"exdqlm_univar_synth","draw_063",977,"2022-12-30","forecast","0.0606846110440936"
"exdqlm_univar_synth","draw_063",977,"2022-12-31","forecast","0.349240235483973"
"exdqlm_univar_synth","draw_063",977,"2023-01-01","forecast","0.637428408238934"
"exdqlm_univar_synth","draw_063",977,"2023-01-02","forecast","-0.457740693712627"
"exdqlm_univar_synth","draw_063",977,"2023-01-03","forecast","-0.00843521521604115"
"exdqlm_univar_synth","draw_063",977,"2023-01-04","forecast","-0.921319118610769"
"exdqlm_univar_synth","draw_063",977,"2023-01-05","forecast","-0.0530848073818290"
"exdqlm_univar_synth","draw_063",977,"2023-01-06","forecast","-0.190817220112357"
"exdqlm_univar_synth","draw_063",977,"2023-01-07","forecast","-0.474768584961658"
"exdqlm_univar_synth","draw_063",977,"2023-01-08","forecast","-0.189308818324161"
"exdqlm_univar_synth","draw_063",977,"2023-01-09","forecast","-0.194912203514486"
"exdqlm_univar_synth","draw_063",977,"2023-01-10","forecast","0.225038154937963"
"exdqlm_univar_synth","draw_063",977,"2023-01-11","forecast","-0.740917367698728"
"exdqlm_univar_synth","draw_063",977,"2023-01-12","forecast","-0.126721804638446"
"exdqlm_univar_synth","draw_063",977,"2023-01-13","forecast","-0.141812127381049"
"exdqlm_univar_synth","draw_063",977,"2023-01-14","forecast","-0.379148008414680"
"exdqlm_univar_synth","draw_063",977,"2023-01-15","forecast","-0.107814837871973"
"exdqlm_univar_synth","draw_063",977,"2023-01-16","forecast","-0.0954298260326311"
"exdqlm_univar_synth","draw_063",977,"2023-01-17","forecast","-0.382357786580308"
"exdqlm_univar_synth","draw_063",977,"2023-01-18","forecast","-0.723542538882343"
"exdqlm_univar_synth","draw_063",977,"2023-01-19","forecast","-0.867540936731883"
"exdqlm_univar_synth","draw_063",977,"2023-01-20","forecast","-1.08186244250756"
"exdqlm_univar_synth","draw_063",977,"2023-01-21","forecast","-0.899892671007657"
"exdqlm_univar_synth","draw_063",977,"2023-01-22","forecast","-1.12416234235893"
"exdqlm_univar_synth","draw_064",993,"2022-12-26","forecast","-0.174976058857429"
"exdqlm_univar_synth","draw_064",993,"2022-12-27","forecast","1.06838704002597"
"exdqlm_univar_synth","draw_064",993,"2022-12-28","forecast","0.497239776167228"
"exdqlm_univar_synth","draw_064",993,"2022-12-29","forecast","0.314466315845882"
"exdqlm_univar_synth","draw_064",993,"2022-12-30","forecast","0.335955239798606"
"exdqlm_univar_synth","draw_064",993,"2022-12-31","forecast","0.895477713313964"
"exdqlm_univar_synth","draw_064",993,"2023-01-01","forecast","0.723355118063722"
"exdqlm_univar_synth","draw_064",993,"2023-01-02","forecast","-0.479717493636744"
"exdqlm_univar_synth","draw_064",993,"2023-01-03","forecast","-0.263414129871056"
"exdqlm_univar_synth","draw_064",993,"2023-01-04","forecast","-0.218226476139871"
"exdqlm_univar_synth","draw_064",993,"2023-01-05","forecast","0.0656741196233339"
"exdqlm_univar_synth","draw_064",993,"2023-01-06","forecast","-0.676376740595836"
"exdqlm_univar_synth","draw_064",993,"2023-01-07","forecast","-0.667757529720032"
"exdqlm_univar_synth","draw_064",993,"2023-01-08","forecast","-0.233391645181025"
"exdqlm_univar_synth","draw_064",993,"2023-01-09","forecast","-0.137098074043737"
"exdqlm_univar_synth","draw_064",993,"2023-01-10","forecast","0.0742674146514841"
"exdqlm_univar_synth","draw_064",993,"2023-01-11","forecast","-0.413735163396726"
"exdqlm_univar_synth","draw_064",993,"2023-01-12","forecast","-0.198261396729632"
"exdqlm_univar_synth","draw_064",993,"2023-01-13","forecast","-0.0805817374183067"
"exdqlm_univar_synth","draw_064",993,"2023-01-14","forecast","-0.197717053423486"
"exdqlm_univar_synth","draw_064",993,"2023-01-15","forecast","0.0579806603913865"
"exdqlm_univar_synth","draw_064",993,"2023-01-16","forecast","-0.324011720481628"
"exdqlm_univar_synth","draw_064",993,"2023-01-17","forecast","-0.646030623194648"
"exdqlm_univar_synth","draw_064",993,"2023-01-18","forecast","-0.609941360297560"
"exdqlm_univar_synth","draw_064",993,"2023-01-19","forecast","-0.555749115749789"
"exdqlm_univar_synth","draw_064",993,"2023-01-20","forecast","-0.858565391773360"
"exdqlm_univar_synth","draw_064",993,"2023-01-21","forecast","-0.892829106308745"
"exdqlm_univar_synth","draw_064",993,"2023-01-22","forecast","-0.832935372969938"
"exdqlm_univar_synth","draw_065",1008,"2022-12-26","forecast","-0.378205860703909"
"exdqlm_univar_synth","draw_065",1008,"2022-12-27","forecast","0.525500151399259"
"exdqlm_univar_synth","draw_065",1008,"2022-12-28","forecast","0.385297640751751"
"exdqlm_univar_synth","draw_065",1008,"2022-12-29","forecast","0.585924759631569"
"exdqlm_univar_synth","draw_065",1008,"2022-12-30","forecast","0.331401792526996"
"exdqlm_univar_synth","draw_065",1008,"2022-12-31","forecast","0.310726723816027"
"exdqlm_univar_synth","draw_065",1008,"2023-01-01","forecast","0.651014512538329"
"exdqlm_univar_synth","draw_065",1008,"2023-01-02","forecast","0.0912962682235074"
"exdqlm_univar_synth","draw_065",1008,"2023-01-03","forecast","-0.331974286252311"
"exdqlm_univar_synth","draw_065",1008,"2023-01-04","forecast","-0.0792461767918626"
"exdqlm_univar_synth","draw_065",1008,"2023-01-05","forecast","0.0355664811397395"
"exdqlm_univar_synth","draw_065",1008,"2023-01-06","forecast","-0.118405614011871"
"exdqlm_univar_synth","draw_065",1008,"2023-01-07","forecast","-0.595829245619414"
"exdqlm_univar_synth","draw_065",1008,"2023-01-08","forecast","-0.00652856814496708"
"exdqlm_univar_synth","draw_065",1008,"2023-01-09","forecast","-0.482500612929836"
"exdqlm_univar_synth","draw_065",1008,"2023-01-10","forecast","0.150053688717666"
"exdqlm_univar_synth","draw_065",1008,"2023-01-11","forecast","-0.574063345020576"
"exdqlm_univar_synth","draw_065",1008,"2023-01-12","forecast","-0.158573400297037"
"exdqlm_univar_synth","draw_065",1008,"2023-01-13","forecast","-0.298130793559841"
"exdqlm_univar_synth","draw_065",1008,"2023-01-14","forecast","-0.756754495421880"
"exdqlm_univar_synth","draw_065",1008,"2023-01-15","forecast","-0.0738697357760461"
"exdqlm_univar_synth","draw_065",1008,"2023-01-16","forecast","-0.503524538312411"
"exdqlm_univar_synth","draw_065",1008,"2023-01-17","forecast","-0.361465116866859"
"exdqlm_univar_synth","draw_065",1008,"2023-01-18","forecast","-0.671308437877937"
"exdqlm_univar_synth","draw_065",1008,"2023-01-19","forecast","-0.848980927058382"
"exdqlm_univar_synth","draw_065",1008,"2023-01-20","forecast","-0.840863418612322"
"exdqlm_univar_synth","draw_065",1008,"2023-01-21","forecast","-1.25219569446674"
"exdqlm_univar_synth","draw_065",1008,"2023-01-22","forecast","-0.760870941332915"
"exdqlm_univar_synth","draw_066",1024,"2022-12-26","forecast","-0.203690411672105"
"exdqlm_univar_synth","draw_066",1024,"2022-12-27","forecast","1.15523094566783"
"exdqlm_univar_synth","draw_066",1024,"2022-12-28","forecast","-0.0242682369109752"
"exdqlm_univar_synth","draw_066",1024,"2022-12-29","forecast","0.393045813110288"
"exdqlm_univar_synth","draw_066",1024,"2022-12-30","forecast","0.150731839194205"
"exdqlm_univar_synth","draw_066",1024,"2022-12-31","forecast","0.739289596495653"
"exdqlm_univar_synth","draw_066",1024,"2023-01-01","forecast","0.694699272916802"
"exdqlm_univar_synth","draw_066",1024,"2023-01-02","forecast","-0.119906256046264"
"exdqlm_univar_synth","draw_066",1024,"2023-01-03","forecast","0.324582200640483"
"exdqlm_univar_synth","draw_066",1024,"2023-01-04","forecast","-0.144990623587776"
"exdqlm_univar_synth","draw_066",1024,"2023-01-05","forecast","-0.278103652338375"
"exdqlm_univar_synth","draw_066",1024,"2023-01-06","forecast","-0.118093205600001"
"exdqlm_univar_synth","draw_066",1024,"2023-01-07","forecast","-0.754148777755536"
"exdqlm_univar_synth","draw_066",1024,"2023-01-08","forecast","-0.358513310222225"
"exdqlm_univar_synth","draw_066",1024,"2023-01-09","forecast","-0.156121611470885"
"exdqlm_univar_synth","draw_066",1024,"2023-01-10","forecast","-0.480096773937456"
"exdqlm_univar_synth","draw_066",1024,"2023-01-11","forecast","-0.246218019308875"
"exdqlm_univar_synth","draw_066",1024,"2023-01-12","forecast","-0.731012087087050"
"exdqlm_univar_synth","draw_066",1024,"2023-01-13","forecast","-0.467054338651887"
"exdqlm_univar_synth","draw_066",1024,"2023-01-14","forecast","-0.281469889855510"
"exdqlm_univar_synth","draw_066",1024,"2023-01-15","forecast","-0.668133314295824"
"exdqlm_univar_synth","draw_066",1024,"2023-01-16","forecast","-0.116776717950366"
"exdqlm_univar_synth","draw_066",1024,"2023-01-17","forecast","-1.01366906329221"
"exdqlm_univar_synth","draw_066",1024,"2023-01-18","forecast","-1.16277212035751"
"exdqlm_univar_synth","draw_066",1024,"2023-01-19","forecast","-0.567343713954054"
"exdqlm_univar_synth","draw_066",1024,"2023-01-20","forecast","-1.14402194992480"
"exdqlm_univar_synth","draw_066",1024,"2023-01-21","forecast","-0.899312865845299"
"exdqlm_univar_synth","draw_066",1024,"2023-01-22","forecast","-0.820053657344926"
"exdqlm_univar_synth","draw_067",1040,"2022-12-26","forecast","-0.177775868514172"
"exdqlm_univar_synth","draw_067",1040,"2022-12-27","forecast","0.723817107999376"
"exdqlm_univar_synth","draw_067",1040,"2022-12-28","forecast","0.355895025211105"
"exdqlm_univar_synth","draw_067",1040,"2022-12-29","forecast","0.00103380673760385"
"exdqlm_univar_synth","draw_067",1040,"2022-12-30","forecast","0.0126010072688940"
"exdqlm_univar_synth","draw_067",1040,"2022-12-31","forecast","0.471918317831147"
"exdqlm_univar_synth","draw_067",1040,"2023-01-01","forecast","0.535723071203579"
"exdqlm_univar_synth","draw_067",1040,"2023-01-02","forecast","-0.144186572263554"
"exdqlm_univar_synth","draw_067",1040,"2023-01-03","forecast","-0.235939375040577"
"exdqlm_univar_synth","draw_067",1040,"2023-01-04","forecast","-0.553678958681769"
"exdqlm_univar_synth","draw_067",1040,"2023-01-05","forecast","0.0120877951063507"
"exdqlm_univar_synth","draw_067",1040,"2023-01-06","forecast","-0.233955781041268"
"exdqlm_univar_synth","draw_067",1040,"2023-01-07","forecast","-0.971097240684365"
"exdqlm_univar_synth","draw_067",1040,"2023-01-08","forecast","-0.666974790869944"
"exdqlm_univar_synth","draw_067",1040,"2023-01-09","forecast","-0.0298083401798366"
"exdqlm_univar_synth","draw_067",1040,"2023-01-10","forecast","-0.710452819056444"
"exdqlm_univar_synth","draw_067",1040,"2023-01-11","forecast","-0.259613902948526"
"exdqlm_univar_synth","draw_067",1040,"2023-01-12","forecast","-0.492335296338747"
"exdqlm_univar_synth","draw_067",1040,"2023-01-13","forecast","-0.103395956017046"
"exdqlm_univar_synth","draw_067",1040,"2023-01-14","forecast","-0.158992511407555"
"exdqlm_univar_synth","draw_067",1040,"2023-01-15","forecast","-0.432179759976437"
"exdqlm_univar_synth","draw_067",1040,"2023-01-16","forecast","-0.298874550478382"
"exdqlm_univar_synth","draw_067",1040,"2023-01-17","forecast","-1.25381854316504"
"exdqlm_univar_synth","draw_067",1040,"2023-01-18","forecast","-0.814063011720389"
"exdqlm_univar_synth","draw_067",1040,"2023-01-19","forecast","-0.442918504729966"
"exdqlm_univar_synth","draw_067",1040,"2023-01-20","forecast","-0.829487324324841"
"exdqlm_univar_synth","draw_067",1040,"2023-01-21","forecast","-1.31363407311526"
"exdqlm_univar_synth","draw_067",1040,"2023-01-22","forecast","-0.820074904246088"
"exdqlm_univar_synth","draw_068",1056,"2022-12-26","forecast","-0.0177370511984045"
"exdqlm_univar_synth","draw_068",1056,"2022-12-27","forecast","0.561573669968648"
"exdqlm_univar_synth","draw_068",1056,"2022-12-28","forecast","0.405513149475909"
"exdqlm_univar_synth","draw_068",1056,"2022-12-29","forecast","0.636081363474101"
"exdqlm_univar_synth","draw_068",1056,"2022-12-30","forecast","-0.0736987549325715"
"exdqlm_univar_synth","draw_068",1056,"2022-12-31","forecast","0.763668573030359"
"exdqlm_univar_synth","draw_068",1056,"2023-01-01","forecast","0.649701418632988"
"exdqlm_univar_synth","draw_068",1056,"2023-01-02","forecast","0.0471829932864495"
"exdqlm_univar_synth","draw_068",1056,"2023-01-03","forecast","-0.295269792906791"
"exdqlm_univar_synth","draw_068",1056,"2023-01-04","forecast","-0.304726621812860"
"exdqlm_univar_synth","draw_068",1056,"2023-01-05","forecast","-0.237130920390257"
"exdqlm_univar_synth","draw_068",1056,"2023-01-06","forecast","-0.334344473754508"
"exdqlm_univar_synth","draw_068",1056,"2023-01-07","forecast","-0.460046176325350"
"exdqlm_univar_synth","draw_068",1056,"2023-01-08","forecast","-0.0149300486849163"
"exdqlm_univar_synth","draw_068",1056,"2023-01-09","forecast","-0.376308854990346"
"exdqlm_univar_synth","draw_068",1056,"2023-01-10","forecast","-0.651332595759073"
"exdqlm_univar_synth","draw_068",1056,"2023-01-11","forecast","-0.760469923408322"
"exdqlm_univar_synth","draw_068",1056,"2023-01-12","forecast","-0.303175018859628"
"exdqlm_univar_synth","draw_068",1056,"2023-01-13","forecast","-0.111062176542440"
"exdqlm_univar_synth","draw_068",1056,"2023-01-14","forecast","-0.148137247928460"
"exdqlm_univar_synth","draw_068",1056,"2023-01-15","forecast","-0.896451836443135"
"exdqlm_univar_synth","draw_068",1056,"2023-01-16","forecast","-0.456467262929005"
"exdqlm_univar_synth","draw_068",1056,"2023-01-17","forecast","-0.416804530829668"
"exdqlm_univar_synth","draw_068",1056,"2023-01-18","forecast","-0.608593482398615"
"exdqlm_univar_synth","draw_068",1056,"2023-01-19","forecast","-0.540312473768965"
"exdqlm_univar_synth","draw_068",1056,"2023-01-20","forecast","-0.974110505404291"
"exdqlm_univar_synth","draw_068",1056,"2023-01-21","forecast","-0.899566989546241"
"exdqlm_univar_synth","draw_068",1056,"2023-01-22","forecast","-1.28541575773521"
"exdqlm_univar_synth","draw_069",1071,"2022-12-26","forecast","0.241242072321073"
"exdqlm_univar_synth","draw_069",1071,"2022-12-27","forecast","0.689784961051317"
"exdqlm_univar_synth","draw_069",1071,"2022-12-28","forecast","0.326148198960142"
"exdqlm_univar_synth","draw_069",1071,"2022-12-29","forecast","0.208645842526720"
"exdqlm_univar_synth","draw_069",1071,"2022-12-30","forecast","-0.0438033968383367"
"exdqlm_univar_synth","draw_069",1071,"2022-12-31","forecast","0.600107928218249"
"exdqlm_univar_synth","draw_069",1071,"2023-01-01","forecast","0.157203068609927"
"exdqlm_univar_synth","draw_069",1071,"2023-01-02","forecast","-0.507128929796314"
"exdqlm_univar_synth","draw_069",1071,"2023-01-03","forecast","-0.306576282236367"
"exdqlm_univar_synth","draw_069",1071,"2023-01-04","forecast","-0.162526247885611"
"exdqlm_univar_synth","draw_069",1071,"2023-01-05","forecast","-0.388317777649615"
"exdqlm_univar_synth","draw_069",1071,"2023-01-06","forecast","-0.354381173296885"
"exdqlm_univar_synth","draw_069",1071,"2023-01-07","forecast","-0.459475168197949"
"exdqlm_univar_synth","draw_069",1071,"2023-01-08","forecast","-0.655376433266664"
"exdqlm_univar_synth","draw_069",1071,"2023-01-09","forecast","-0.347239745902161"
"exdqlm_univar_synth","draw_069",1071,"2023-01-10","forecast","0.179764323092950"
"exdqlm_univar_synth","draw_069",1071,"2023-01-11","forecast","-0.246858303761437"
"exdqlm_univar_synth","draw_069",1071,"2023-01-12","forecast","-0.825111949297954"
"exdqlm_univar_synth","draw_069",1071,"2023-01-13","forecast","-0.560285628387442"
"exdqlm_univar_synth","draw_069",1071,"2023-01-14","forecast","-0.451467664289435"
"exdqlm_univar_synth","draw_069",1071,"2023-01-15","forecast","-0.107192465464479"
"exdqlm_univar_synth","draw_069",1071,"2023-01-16","forecast","-0.230260472133643"
"exdqlm_univar_synth","draw_069",1071,"2023-01-17","forecast","-0.402877150817255"
"exdqlm_univar_synth","draw_069",1071,"2023-01-18","forecast","-0.598858531987856"
"exdqlm_univar_synth","draw_069",1071,"2023-01-19","forecast","-0.654436499694325"
"exdqlm_univar_synth","draw_069",1071,"2023-01-20","forecast","-1.17175237314021"
"exdqlm_univar_synth","draw_069",1071,"2023-01-21","forecast","-1.52825472669015"
"exdqlm_univar_synth","draw_069",1071,"2023-01-22","forecast","-0.816123305007558"
"exdqlm_univar_synth","draw_070",1087,"2022-12-26","forecast","-0.431256093524595"
"exdqlm_univar_synth","draw_070",1087,"2022-12-27","forecast","1.40311053960300"
"exdqlm_univar_synth","draw_070",1087,"2022-12-28","forecast","0.486907911938852"
"exdqlm_univar_synth","draw_070",1087,"2022-12-29","forecast","0.382013022965035"
"exdqlm_univar_synth","draw_070",1087,"2022-12-30","forecast","0.300165772519567"
"exdqlm_univar_synth","draw_070",1087,"2022-12-31","forecast","0.548215119903476"
"exdqlm_univar_synth","draw_070",1087,"2023-01-01","forecast","0.516566334274069"
"exdqlm_univar_synth","draw_070",1087,"2023-01-02","forecast","0.0728923877573380"
"exdqlm_univar_synth","draw_070",1087,"2023-01-03","forecast","-0.0750851795953662"
"exdqlm_univar_synth","draw_070",1087,"2023-01-04","forecast","-0.534802553283377"
"exdqlm_univar_synth","draw_070",1087,"2023-01-05","forecast","0.0154157800612119"
"exdqlm_univar_synth","draw_070",1087,"2023-01-06","forecast","-0.524999981954590"
"exdqlm_univar_synth","draw_070",1087,"2023-01-07","forecast","-0.456825972203676"
"exdqlm_univar_synth","draw_070",1087,"2023-01-08","forecast","-0.0538940084802428"
"exdqlm_univar_synth","draw_070",1087,"2023-01-09","forecast","-0.689141058954141"
"exdqlm_univar_synth","draw_070",1087,"2023-01-10","forecast","-0.198010459033112"
"exdqlm_univar_synth","draw_070",1087,"2023-01-11","forecast","-0.856490535228438"
"exdqlm_univar_synth","draw_070",1087,"2023-01-12","forecast","-0.181978657315916"
"exdqlm_univar_synth","draw_070",1087,"2023-01-13","forecast","-0.334246903743162"
"exdqlm_univar_synth","draw_070",1087,"2023-01-14","forecast","-0.173954006233417"
"exdqlm_univar_synth","draw_070",1087,"2023-01-15","forecast","-0.163137541726375"
"exdqlm_univar_synth","draw_070",1087,"2023-01-16","forecast","-0.453720881438572"
"exdqlm_univar_synth","draw_070",1087,"2023-01-17","forecast","-0.598095116889567"
"exdqlm_univar_synth","draw_070",1087,"2023-01-18","forecast","-0.599679625541055"
"exdqlm_univar_synth","draw_070",1087,"2023-01-19","forecast","-0.516636787680170"
"exdqlm_univar_synth","draw_070",1087,"2023-01-20","forecast","-0.842792540808531"
"exdqlm_univar_synth","draw_070",1087,"2023-01-21","forecast","-1.59205528134080"
"exdqlm_univar_synth","draw_070",1087,"2023-01-22","forecast","-0.829876647433532"
"exdqlm_univar_synth","draw_071",1103,"2022-12-26","forecast","-0.0729783186906485"
"exdqlm_univar_synth","draw_071",1103,"2022-12-27","forecast","0.954994615024821"
"exdqlm_univar_synth","draw_071",1103,"2022-12-28","forecast","0.589045505773916"
"exdqlm_univar_synth","draw_071",1103,"2022-12-29","forecast","-0.0275446169331995"
"exdqlm_univar_synth","draw_071",1103,"2022-12-30","forecast","0.300855748828790"
"exdqlm_univar_synth","draw_071",1103,"2022-12-31","forecast","0.334056762315205"
"exdqlm_univar_synth","draw_071",1103,"2023-01-01","forecast","0.309907044288928"
"exdqlm_univar_synth","draw_071",1103,"2023-01-02","forecast","0.103805642758605"
"exdqlm_univar_synth","draw_071",1103,"2023-01-03","forecast","-0.379316079979425"
"exdqlm_univar_synth","draw_071",1103,"2023-01-04","forecast","-0.441107129267678"
"exdqlm_univar_synth","draw_071",1103,"2023-01-05","forecast","0.125976988662825"
"exdqlm_univar_synth","draw_071",1103,"2023-01-06","forecast","-0.745814303558125"
"exdqlm_univar_synth","draw_071",1103,"2023-01-07","forecast","-0.729550578976448"
"exdqlm_univar_synth","draw_071",1103,"2023-01-08","forecast","-0.0966627078822833"
"exdqlm_univar_synth","draw_071",1103,"2023-01-09","forecast","-0.140918519361760"
"exdqlm_univar_synth","draw_071",1103,"2023-01-10","forecast","0.164345965338570"
"exdqlm_univar_synth","draw_071",1103,"2023-01-11","forecast","-0.502209941335006"
"exdqlm_univar_synth","draw_071",1103,"2023-01-12","forecast","-0.579104980892553"
"exdqlm_univar_synth","draw_071",1103,"2023-01-13","forecast","-0.0819958140323813"
"exdqlm_univar_synth","draw_071",1103,"2023-01-14","forecast","-0.726343690854321"
"exdqlm_univar_synth","draw_071",1103,"2023-01-15","forecast","-0.0292956436910176"
"exdqlm_univar_synth","draw_071",1103,"2023-01-16","forecast","-0.103144683606825"
"exdqlm_univar_synth","draw_071",1103,"2023-01-17","forecast","-0.464341224158444"
"exdqlm_univar_synth","draw_071",1103,"2023-01-18","forecast","-0.652273706765100"
"exdqlm_univar_synth","draw_071",1103,"2023-01-19","forecast","-0.289016831264057"
"exdqlm_univar_synth","draw_071",1103,"2023-01-20","forecast","-0.830001406386965"
"exdqlm_univar_synth","draw_071",1103,"2023-01-21","forecast","-0.898412732000720"
"exdqlm_univar_synth","draw_071",1103,"2023-01-22","forecast","-0.862429554353943"
"exdqlm_univar_synth","draw_072",1119,"2022-12-26","forecast","-0.277464109004392"
"exdqlm_univar_synth","draw_072",1119,"2022-12-27","forecast","1.07366615346944"
"exdqlm_univar_synth","draw_072",1119,"2022-12-28","forecast","0.464595198048179"
"exdqlm_univar_synth","draw_072",1119,"2022-12-29","forecast","0.659269919687991"
"exdqlm_univar_synth","draw_072",1119,"2022-12-30","forecast","0.0610708506272184"
"exdqlm_univar_synth","draw_072",1119,"2022-12-31","forecast","0.737738240379631"
"exdqlm_univar_synth","draw_072",1119,"2023-01-01","forecast","0.632380913819272"
"exdqlm_univar_synth","draw_072",1119,"2023-01-02","forecast","-0.561671392813051"
"exdqlm_univar_synth","draw_072",1119,"2023-01-03","forecast","-0.0112919139794681"
"exdqlm_univar_synth","draw_072",1119,"2023-01-04","forecast","-0.109266176255602"
"exdqlm_univar_synth","draw_072",1119,"2023-01-05","forecast","0.00452950553780984"
"exdqlm_univar_synth","draw_072",1119,"2023-01-06","forecast","-0.0401045781388692"
"exdqlm_univar_synth","draw_072",1119,"2023-01-07","forecast","-0.505120775439293"
"exdqlm_univar_synth","draw_072",1119,"2023-01-08","forecast","-0.222566301313452"
"exdqlm_univar_synth","draw_072",1119,"2023-01-09","forecast","-0.464848627656275"
"exdqlm_univar_synth","draw_072",1119,"2023-01-10","forecast","-0.890957150682652"
"exdqlm_univar_synth","draw_072",1119,"2023-01-11","forecast","-0.210905244050998"
"exdqlm_univar_synth","draw_072",1119,"2023-01-12","forecast","-0.136249466144509"
"exdqlm_univar_synth","draw_072",1119,"2023-01-13","forecast","-0.0838090125053308"
"exdqlm_univar_synth","draw_072",1119,"2023-01-14","forecast","-0.171301126163208"
"exdqlm_univar_synth","draw_072",1119,"2023-01-15","forecast","-0.439500818041286"
"exdqlm_univar_synth","draw_072",1119,"2023-01-16","forecast","-0.0957108170753239"
"exdqlm_univar_synth","draw_072",1119,"2023-01-17","forecast","-0.396142826552539"
"exdqlm_univar_synth","draw_072",1119,"2023-01-18","forecast","-0.615594602267352"
"exdqlm_univar_synth","draw_072",1119,"2023-01-19","forecast","-0.911265308906940"
"exdqlm_univar_synth","draw_072",1119,"2023-01-20","forecast","-0.830926234785980"
"exdqlm_univar_synth","draw_072",1119,"2023-01-21","forecast","-1.48095297353502"
"exdqlm_univar_synth","draw_072",1119,"2023-01-22","forecast","-1.15689012963258"
"exdqlm_univar_synth","draw_073",1134,"2022-12-26","forecast","-0.424997315502348"
"exdqlm_univar_synth","draw_073",1134,"2022-12-27","forecast","1.06908426005791"
"exdqlm_univar_synth","draw_073",1134,"2022-12-28","forecast","0.249989796599576"
"exdqlm_univar_synth","draw_073",1134,"2022-12-29","forecast","0.220288675403273"
"exdqlm_univar_synth","draw_073",1134,"2022-12-30","forecast","0.148255507396242"
"exdqlm_univar_synth","draw_073",1134,"2022-12-31","forecast","0.159489010397355"
"exdqlm_univar_synth","draw_073",1134,"2023-01-01","forecast","0.270637256074329"
"exdqlm_univar_synth","draw_073",1134,"2023-01-02","forecast","0.0612441672073401"
"exdqlm_univar_synth","draw_073",1134,"2023-01-03","forecast","0.341925294647855"
"exdqlm_univar_synth","draw_073",1134,"2023-01-04","forecast","-0.482422143309939"
"exdqlm_univar_synth","draw_073",1134,"2023-01-05","forecast","0.130988580848363"
"exdqlm_univar_synth","draw_073",1134,"2023-01-06","forecast","-0.169058709509119"
"exdqlm_univar_synth","draw_073",1134,"2023-01-07","forecast","-0.758360005855301"
"exdqlm_univar_synth","draw_073",1134,"2023-01-08","forecast","-0.142720616635068"
"exdqlm_univar_synth","draw_073",1134,"2023-01-09","forecast","-0.441237730165174"
"exdqlm_univar_synth","draw_073",1134,"2023-01-10","forecast","0.247805331645967"
"exdqlm_univar_synth","draw_073",1134,"2023-01-11","forecast","-0.201948199953123"
"exdqlm_univar_synth","draw_073",1134,"2023-01-12","forecast","-0.140403535596436"
"exdqlm_univar_synth","draw_073",1134,"2023-01-13","forecast","-0.829800737152737"
"exdqlm_univar_synth","draw_073",1134,"2023-01-14","forecast","-0.135022402865349"
"exdqlm_univar_synth","draw_073",1134,"2023-01-15","forecast","0.0412472308287556"
"exdqlm_univar_synth","draw_073",1134,"2023-01-16","forecast","-0.0944570535344847"
"exdqlm_univar_synth","draw_073",1134,"2023-01-17","forecast","-0.741723223017254"
"exdqlm_univar_synth","draw_073",1134,"2023-01-18","forecast","-0.923588006236807"
"exdqlm_univar_synth","draw_073",1134,"2023-01-19","forecast","-0.555494930841453"
"exdqlm_univar_synth","draw_073",1134,"2023-01-20","forecast","-1.36701749151731"
"exdqlm_univar_synth","draw_073",1134,"2023-01-21","forecast","-0.910320945741657"
"exdqlm_univar_synth","draw_073",1134,"2023-01-22","forecast","-0.927474020735310"
"exdqlm_univar_synth","draw_074",1150,"2022-12-26","forecast","-0.353393771000455"
"exdqlm_univar_synth","draw_074",1150,"2022-12-27","forecast","0.825654573930920"
"exdqlm_univar_synth","draw_074",1150,"2022-12-28","forecast","0.286419347912611"
"exdqlm_univar_synth","draw_074",1150,"2022-12-29","forecast","0.0273914570484406"
"exdqlm_univar_synth","draw_074",1150,"2022-12-30","forecast","0.433506454634575"
"exdqlm_univar_synth","draw_074",1150,"2022-12-31","forecast","0.900083282990226"
"exdqlm_univar_synth","draw_074",1150,"2023-01-01","forecast","0.653696969972082"
"exdqlm_univar_synth","draw_074",1150,"2023-01-02","forecast","0.400961298177005"
"exdqlm_univar_synth","draw_074",1150,"2023-01-03","forecast","0.280269384359818"
"exdqlm_univar_synth","draw_074",1150,"2023-01-04","forecast","-0.166465123269238"
"exdqlm_univar_synth","draw_074",1150,"2023-01-05","forecast","-0.000965839748190958"
"exdqlm_univar_synth","draw_074",1150,"2023-01-06","forecast","-0.742944391004933"
"exdqlm_univar_synth","draw_074",1150,"2023-01-07","forecast","-0.263049372709235"
"exdqlm_univar_synth","draw_074",1150,"2023-01-08","forecast","-0.0500118422513520"
"exdqlm_univar_synth","draw_074",1150,"2023-01-09","forecast","-0.172629387293670"
"exdqlm_univar_synth","draw_074",1150,"2023-01-10","forecast","0.0238356967746842"
"exdqlm_univar_synth","draw_074",1150,"2023-01-11","forecast","-0.219635012589585"
"exdqlm_univar_synth","draw_074",1150,"2023-01-12","forecast","-0.248723159971325"
"exdqlm_univar_synth","draw_074",1150,"2023-01-13","forecast","-0.611887377263041"
"exdqlm_univar_synth","draw_074",1150,"2023-01-14","forecast","-0.332734954763519"
"exdqlm_univar_synth","draw_074",1150,"2023-01-15","forecast","-0.996298922555395"
"exdqlm_univar_synth","draw_074",1150,"2023-01-16","forecast","-0.159731070160070"
"exdqlm_univar_synth","draw_074",1150,"2023-01-17","forecast","-0.454936641935861"
"exdqlm_univar_synth","draw_074",1150,"2023-01-18","forecast","-0.855342030201222"
"exdqlm_univar_synth","draw_074",1150,"2023-01-19","forecast","-0.823776919012266"
"exdqlm_univar_synth","draw_074",1150,"2023-01-20","forecast","-0.843028424034331"
"exdqlm_univar_synth","draw_074",1150,"2023-01-21","forecast","-1.14720984910621"
"exdqlm_univar_synth","draw_074",1150,"2023-01-22","forecast","-1.31825001083068"
"exdqlm_univar_synth","draw_075",1166,"2022-12-26","forecast","-0.173583578647891"
"exdqlm_univar_synth","draw_075",1166,"2022-12-27","forecast","0.574006649412277"
"exdqlm_univar_synth","draw_075",1166,"2022-12-28","forecast","0.152782381622634"
"exdqlm_univar_synth","draw_075",1166,"2022-12-29","forecast","0.366620502531798"
"exdqlm_univar_synth","draw_075",1166,"2022-12-30","forecast","0.242267528047693"
"exdqlm_univar_synth","draw_075",1166,"2022-12-31","forecast","0.890805637383792"
"exdqlm_univar_synth","draw_075",1166,"2023-01-01","forecast","0.275526234078135"
"exdqlm_univar_synth","draw_075",1166,"2023-01-02","forecast","0.0998018685678514"
"exdqlm_univar_synth","draw_075",1166,"2023-01-03","forecast","-0.0917032699115578"
"exdqlm_univar_synth","draw_075",1166,"2023-01-04","forecast","-0.170742187729679"
"exdqlm_univar_synth","draw_075",1166,"2023-01-05","forecast","-0.224626228040500"
"exdqlm_univar_synth","draw_075",1166,"2023-01-06","forecast","-0.110029749946064"
"exdqlm_univar_synth","draw_075",1166,"2023-01-07","forecast","-0.457832659521204"
"exdqlm_univar_synth","draw_075",1166,"2023-01-08","forecast","-0.632652297432432"
"exdqlm_univar_synth","draw_075",1166,"2023-01-09","forecast","-0.145641793351186"
"exdqlm_univar_synth","draw_075",1166,"2023-01-10","forecast","0.0757507732498641"
"exdqlm_univar_synth","draw_075",1166,"2023-01-11","forecast","-0.226716635508897"
"exdqlm_univar_synth","draw_075",1166,"2023-01-12","forecast","-0.850325257107672"
"exdqlm_univar_synth","draw_075",1166,"2023-01-13","forecast","-0.127459354833669"
"exdqlm_univar_synth","draw_075",1166,"2023-01-14","forecast","-0.443215897422780"
"exdqlm_univar_synth","draw_075",1166,"2023-01-15","forecast","-0.765441160782653"
"exdqlm_univar_synth","draw_075",1166,"2023-01-16","forecast","-0.0983833626634872"
"exdqlm_univar_synth","draw_075",1166,"2023-01-17","forecast","-0.384239779616031"
"exdqlm_univar_synth","draw_075",1166,"2023-01-18","forecast","-0.689520484941103"
"exdqlm_univar_synth","draw_075",1166,"2023-01-19","forecast","-0.472061884898562"
"exdqlm_univar_synth","draw_075",1166,"2023-01-20","forecast","-1.10407334842367"
"exdqlm_univar_synth","draw_075",1166,"2023-01-21","forecast","-0.903700943227140"
"exdqlm_univar_synth","draw_075",1166,"2023-01-22","forecast","-0.821089553939992"
"exdqlm_univar_synth","draw_076",1182,"2022-12-26","forecast","-0.191470186603450"
"exdqlm_univar_synth","draw_076",1182,"2022-12-27","forecast","0.808426074134449"
"exdqlm_univar_synth","draw_076",1182,"2022-12-28","forecast","0.642569412461023"
"exdqlm_univar_synth","draw_076",1182,"2022-12-29","forecast","0.384069898537846"
"exdqlm_univar_synth","draw_076",1182,"2022-12-30","forecast","0.254445217492182"
"exdqlm_univar_synth","draw_076",1182,"2022-12-31","forecast","0.392458584686769"
"exdqlm_univar_synth","draw_076",1182,"2023-01-01","forecast","0.656989690961812"
"exdqlm_univar_synth","draw_076",1182,"2023-01-02","forecast","-0.258880281256723"
"exdqlm_univar_synth","draw_076",1182,"2023-01-03","forecast","-0.162617633007866"
"exdqlm_univar_synth","draw_076",1182,"2023-01-04","forecast","-0.171187217247504"
"exdqlm_univar_synth","draw_076",1182,"2023-01-05","forecast","-0.361561748255425"
"exdqlm_univar_synth","draw_076",1182,"2023-01-06","forecast","-0.617468119097884"
"exdqlm_univar_synth","draw_076",1182,"2023-01-07","forecast","-0.465604467873297"
"exdqlm_univar_synth","draw_076",1182,"2023-01-08","forecast","-0.0150202229933457"
"exdqlm_univar_synth","draw_076",1182,"2023-01-09","forecast","-0.144481739456859"
"exdqlm_univar_synth","draw_076",1182,"2023-01-10","forecast","0.192168647690178"
"exdqlm_univar_synth","draw_076",1182,"2023-01-11","forecast","-0.319601571824428"
"exdqlm_univar_synth","draw_076",1182,"2023-01-12","forecast","-0.156196770761526"
"exdqlm_univar_synth","draw_076",1182,"2023-01-13","forecast","-0.449182777395088"
"exdqlm_univar_synth","draw_076",1182,"2023-01-14","forecast","-0.633561599903080"
"exdqlm_univar_synth","draw_076",1182,"2023-01-15","forecast","-0.896343950907961"
"exdqlm_univar_synth","draw_076",1182,"2023-01-16","forecast","-0.102212423554278"
"exdqlm_univar_synth","draw_076",1182,"2023-01-17","forecast","-0.890876411381805"
"exdqlm_univar_synth","draw_076",1182,"2023-01-18","forecast","-0.613010670810551"
"exdqlm_univar_synth","draw_076",1182,"2023-01-19","forecast","-0.554445439403809"
"exdqlm_univar_synth","draw_076",1182,"2023-01-20","forecast","-1.36790702229094"
"exdqlm_univar_synth","draw_076",1182,"2023-01-21","forecast","-0.910305234396330"
"exdqlm_univar_synth","draw_076",1182,"2023-01-22","forecast","-1.25008330956751"
"exdqlm_univar_synth","draw_077",1197,"2022-12-26","forecast","-0.361792245722430"
"exdqlm_univar_synth","draw_077",1197,"2022-12-27","forecast","1.08518045913814"
"exdqlm_univar_synth","draw_077",1197,"2022-12-28","forecast","0.356711870476350"
"exdqlm_univar_synth","draw_077",1197,"2022-12-29","forecast","0.255328878348518"
"exdqlm_univar_synth","draw_077",1197,"2022-12-30","forecast","0.411746980485394"
"exdqlm_univar_synth","draw_077",1197,"2022-12-31","forecast","0.491411199028773"
"exdqlm_univar_synth","draw_077",1197,"2023-01-01","forecast","0.576399428324182"
"exdqlm_univar_synth","draw_077",1197,"2023-01-02","forecast","0.184898368650484"
"exdqlm_univar_synth","draw_077",1197,"2023-01-03","forecast","-0.356091993080966"
"exdqlm_univar_synth","draw_077",1197,"2023-01-04","forecast","-0.696256670273821"
"exdqlm_univar_synth","draw_077",1197,"2023-01-05","forecast","-0.575976586579292"
"exdqlm_univar_synth","draw_077",1197,"2023-01-06","forecast","-0.361294076238248"
"exdqlm_univar_synth","draw_077",1197,"2023-01-07","forecast","-0.802366412545017"
"exdqlm_univar_synth","draw_077",1197,"2023-01-08","forecast","-0.143089323981566"
"exdqlm_univar_synth","draw_077",1197,"2023-01-09","forecast","-0.134809798282658"
"exdqlm_univar_synth","draw_077",1197,"2023-01-10","forecast","0.247471938645176"
"exdqlm_univar_synth","draw_077",1197,"2023-01-11","forecast","-0.742078335976708"
"exdqlm_univar_synth","draw_077",1197,"2023-01-12","forecast","-0.184112157302544"
"exdqlm_univar_synth","draw_077",1197,"2023-01-13","forecast","-0.0184466129161377"
"exdqlm_univar_synth","draw_077",1197,"2023-01-14","forecast","-0.162806086920609"
"exdqlm_univar_synth","draw_077",1197,"2023-01-15","forecast","-0.159957469449886"
"exdqlm_univar_synth","draw_077",1197,"2023-01-16","forecast","-0.425384720625379"
"exdqlm_univar_synth","draw_077",1197,"2023-01-17","forecast","-0.382483964394090"
"exdqlm_univar_synth","draw_077",1197,"2023-01-18","forecast","-0.608264871137629"
"exdqlm_univar_synth","draw_077",1197,"2023-01-19","forecast","-0.631297725465585"
"exdqlm_univar_synth","draw_077",1197,"2023-01-20","forecast","-1.08689958016122"
"exdqlm_univar_synth","draw_077",1197,"2023-01-21","forecast","-0.996481171381666"
"exdqlm_univar_synth","draw_077",1197,"2023-01-22","forecast","-0.864746670976983"
"exdqlm_univar_synth","draw_078",1213,"2022-12-26","forecast","0.104086622070421"
"exdqlm_univar_synth","draw_078",1213,"2022-12-27","forecast","1.02032479594918"
"exdqlm_univar_synth","draw_078",1213,"2022-12-28","forecast","0.581340981835143"
"exdqlm_univar_synth","draw_078",1213,"2022-12-29","forecast","0.239248849485014"
"exdqlm_univar_synth","draw_078",1213,"2022-12-30","forecast","-0.190127867483489"
"exdqlm_univar_synth","draw_078",1213,"2022-12-31","forecast","0.874660452364207"
"exdqlm_univar_synth","draw_078",1213,"2023-01-01","forecast","0.413250384037018"
"exdqlm_univar_synth","draw_078",1213,"2023-01-02","forecast","0.0744931188258492"
"exdqlm_univar_synth","draw_078",1213,"2023-01-03","forecast","-0.0167829740299598"
"exdqlm_univar_synth","draw_078",1213,"2023-01-04","forecast","-0.153904342692097"
"exdqlm_univar_synth","draw_078",1213,"2023-01-05","forecast","-0.00663162677643252"
"exdqlm_univar_synth","draw_078",1213,"2023-01-06","forecast","-0.588581851156320"
"exdqlm_univar_synth","draw_078",1213,"2023-01-07","forecast","-0.820072009497281"
"exdqlm_univar_synth","draw_078",1213,"2023-01-08","forecast","-0.297564497930147"
"exdqlm_univar_synth","draw_078",1213,"2023-01-09","forecast","-0.627815258840923"
"exdqlm_univar_synth","draw_078",1213,"2023-01-10","forecast","0.167500044505984"
"exdqlm_univar_synth","draw_078",1213,"2023-01-11","forecast","-0.255011398488319"
"exdqlm_univar_synth","draw_078",1213,"2023-01-12","forecast","-0.453547965836132"
"exdqlm_univar_synth","draw_078",1213,"2023-01-13","forecast","0.00619186207871624"
"exdqlm_univar_synth","draw_078",1213,"2023-01-14","forecast","-0.346433568152200"
"exdqlm_univar_synth","draw_078",1213,"2023-01-15","forecast","-0.352674813110578"
"exdqlm_univar_synth","draw_078",1213,"2023-01-16","forecast","-0.130081268216447"
"exdqlm_univar_synth","draw_078",1213,"2023-01-17","forecast","-0.734676457100700"
"exdqlm_univar_synth","draw_078",1213,"2023-01-18","forecast","-0.604828682370923"
"exdqlm_univar_synth","draw_078",1213,"2023-01-19","forecast","-0.717535054368602"
"exdqlm_univar_synth","draw_078",1213,"2023-01-20","forecast","-1.24772201213561"
"exdqlm_univar_synth","draw_078",1213,"2023-01-21","forecast","-1.39818995758863"
"exdqlm_univar_synth","draw_078",1213,"2023-01-22","forecast","-1.35850293706964"
"exdqlm_univar_synth","draw_079",1229,"2022-12-26","forecast","0.0376811944583378"
"exdqlm_univar_synth","draw_079",1229,"2022-12-27","forecast","0.597464178860905"
"exdqlm_univar_synth","draw_079",1229,"2022-12-28","forecast","0.511443809433823"
"exdqlm_univar_synth","draw_079",1229,"2022-12-29","forecast","0.404189977130436"
"exdqlm_univar_synth","draw_079",1229,"2022-12-30","forecast","0.272165846326634"
"exdqlm_univar_synth","draw_079",1229,"2022-12-31","forecast","0.712085861929895"
"exdqlm_univar_synth","draw_079",1229,"2023-01-01","forecast","0.601370759776706"
"exdqlm_univar_synth","draw_079",1229,"2023-01-02","forecast","-0.366983134269928"
"exdqlm_univar_synth","draw_079",1229,"2023-01-03","forecast","0.131748571962439"
"exdqlm_univar_synth","draw_079",1229,"2023-01-04","forecast","-0.151273906144848"
"exdqlm_univar_synth","draw_079",1229,"2023-01-05","forecast","-0.0169979687437722"
"exdqlm_univar_synth","draw_079",1229,"2023-01-06","forecast","-0.563992586146980"
"exdqlm_univar_synth","draw_079",1229,"2023-01-07","forecast","-0.459945011639550"
"exdqlm_univar_synth","draw_079",1229,"2023-01-08","forecast","-0.0598297536627836"
"exdqlm_univar_synth","draw_079",1229,"2023-01-09","forecast","-0.485693329498287"
"exdqlm_univar_synth","draw_079",1229,"2023-01-10","forecast","-0.484700536403320"
"exdqlm_univar_synth","draw_079",1229,"2023-01-11","forecast","-0.168330889858299"
"exdqlm_univar_synth","draw_079",1229,"2023-01-12","forecast","-0.0656714165672444"
"exdqlm_univar_synth","draw_079",1229,"2023-01-13","forecast","-0.603062909217243"
"exdqlm_univar_synth","draw_079",1229,"2023-01-14","forecast","-0.156228694369432"
"exdqlm_univar_synth","draw_079",1229,"2023-01-15","forecast","-0.108447244986658"
"exdqlm_univar_synth","draw_079",1229,"2023-01-16","forecast","-0.0997736034263015"
"exdqlm_univar_synth","draw_079",1229,"2023-01-17","forecast","-1.00572978041443"
"exdqlm_univar_synth","draw_079",1229,"2023-01-18","forecast","-0.679043918300088"
"exdqlm_univar_synth","draw_079",1229,"2023-01-19","forecast","-0.605773139108356"
"exdqlm_univar_synth","draw_079",1229,"2023-01-20","forecast","-0.830911424075411"
"exdqlm_univar_synth","draw_079",1229,"2023-01-21","forecast","-1.44278939299375"
"exdqlm_univar_synth","draw_079",1229,"2023-01-22","forecast","-1.14128986231114"
"exdqlm_univar_synth","draw_080",1244,"2022-12-26","forecast","-0.378195032279972"
"exdqlm_univar_synth","draw_080",1244,"2022-12-27","forecast","0.717502513869630"
"exdqlm_univar_synth","draw_080",1244,"2022-12-28","forecast","0.0956100730282531"
"exdqlm_univar_synth","draw_080",1244,"2022-12-29","forecast","0.635156545305611"
"exdqlm_univar_synth","draw_080",1244,"2022-12-30","forecast","0.371254925135360"
"exdqlm_univar_synth","draw_080",1244,"2022-12-31","forecast","0.896922249964007"
"exdqlm_univar_synth","draw_080",1244,"2023-01-01","forecast","0.207224409046271"
"exdqlm_univar_synth","draw_080",1244,"2023-01-02","forecast","0.0752184016961601"
"exdqlm_univar_synth","draw_080",1244,"2023-01-03","forecast","0.0621313429735267"
"exdqlm_univar_synth","draw_080",1244,"2023-01-04","forecast","-0.155225124519732"
"exdqlm_univar_synth","draw_080",1244,"2023-01-05","forecast","-0.551766931101916"
"exdqlm_univar_synth","draw_080",1244,"2023-01-06","forecast","-0.905649637492779"
"exdqlm_univar_synth","draw_080",1244,"2023-01-07","forecast","-0.454788913263470"
"exdqlm_univar_synth","draw_080",1244,"2023-01-08","forecast","-0.0830119294272585"
"exdqlm_univar_synth","draw_080",1244,"2023-01-09","forecast","-0.137704859647750"
"exdqlm_univar_synth","draw_080",1244,"2023-01-10","forecast","-0.341526985416556"
"exdqlm_univar_synth","draw_080",1244,"2023-01-11","forecast","-0.430951641665002"
"exdqlm_univar_synth","draw_080",1244,"2023-01-12","forecast","-0.491468313866789"
"exdqlm_univar_synth","draw_080",1244,"2023-01-13","forecast","0.216265149668413"
"exdqlm_univar_synth","draw_080",1244,"2023-01-14","forecast","-0.176510449481101"
"exdqlm_univar_synth","draw_080",1244,"2023-01-15","forecast","-0.648511479615697"
"exdqlm_univar_synth","draw_080",1244,"2023-01-16","forecast","-0.495541773332030"
"exdqlm_univar_synth","draw_080",1244,"2023-01-17","forecast","-1.10742468663524"
"exdqlm_univar_synth","draw_080",1244,"2023-01-18","forecast","-0.599744359923463"
"exdqlm_univar_synth","draw_080",1244,"2023-01-19","forecast","-0.554830807264351"
"exdqlm_univar_synth","draw_080",1244,"2023-01-20","forecast","-0.831949193598835"
"exdqlm_univar_synth","draw_080",1244,"2023-01-21","forecast","-0.899808923816210"
"exdqlm_univar_synth","draw_080",1244,"2023-01-22","forecast","-0.997443461908673"
"exdqlm_univar_synth","draw_081",1260,"2022-12-26","forecast","-0.271143663649702"
"exdqlm_univar_synth","draw_081",1260,"2022-12-27","forecast","0.957927822805890"
"exdqlm_univar_synth","draw_081",1260,"2022-12-28","forecast","0.851245707768431"
"exdqlm_univar_synth","draw_081",1260,"2022-12-29","forecast","0.332748356921906"
"exdqlm_univar_synth","draw_081",1260,"2022-12-30","forecast","0.372286386311155"
"exdqlm_univar_synth","draw_081",1260,"2022-12-31","forecast","0.833587542543193"
"exdqlm_univar_synth","draw_081",1260,"2023-01-01","forecast","0.530865962361435"
"exdqlm_univar_synth","draw_081",1260,"2023-01-02","forecast","0.0494115743888949"
"exdqlm_univar_synth","draw_081",1260,"2023-01-03","forecast","0.0762449291652727"
"exdqlm_univar_synth","draw_081",1260,"2023-01-04","forecast","-0.518221815257188"
"exdqlm_univar_synth","draw_081",1260,"2023-01-05","forecast","0.0746669510679073"
"exdqlm_univar_synth","draw_081",1260,"2023-01-06","forecast","-0.649575488932822"
"exdqlm_univar_synth","draw_081",1260,"2023-01-07","forecast","-0.460930122606544"
"exdqlm_univar_synth","draw_081",1260,"2023-01-08","forecast","-0.125344695114438"
"exdqlm_univar_synth","draw_081",1260,"2023-01-09","forecast","-0.511382459684391"
"exdqlm_univar_synth","draw_081",1260,"2023-01-10","forecast","-0.186283353284194"
"exdqlm_univar_synth","draw_081",1260,"2023-01-11","forecast","-0.224876653499197"
"exdqlm_univar_synth","draw_081",1260,"2023-01-12","forecast","-0.559967376569974"
"exdqlm_univar_synth","draw_081",1260,"2023-01-13","forecast","-0.0821926251899344"
"exdqlm_univar_synth","draw_081",1260,"2023-01-14","forecast","-0.587792116845931"
"exdqlm_univar_synth","draw_081",1260,"2023-01-15","forecast","-0.107972370476951"
"exdqlm_univar_synth","draw_081",1260,"2023-01-16","forecast","-0.0881232039748440"
"exdqlm_univar_synth","draw_081",1260,"2023-01-17","forecast","-0.553891065630083"
"exdqlm_univar_synth","draw_081",1260,"2023-01-18","forecast","-1.08620544051360"
"exdqlm_univar_synth","draw_081",1260,"2023-01-19","forecast","-0.609921076554166"
"exdqlm_univar_synth","draw_081",1260,"2023-01-20","forecast","-0.831328329516781"
"exdqlm_univar_synth","draw_081",1260,"2023-01-21","forecast","-0.892311167902857"
"exdqlm_univar_synth","draw_081",1260,"2023-01-22","forecast","-0.755816411697547"
"exdqlm_univar_synth","draw_082",1276,"2022-12-26","forecast","-0.0358560109677561"
"exdqlm_univar_synth","draw_082",1276,"2022-12-27","forecast","0.746941815619753"
"exdqlm_univar_synth","draw_082",1276,"2022-12-28","forecast","0.198162789205263"
"exdqlm_univar_synth","draw_082",1276,"2022-12-29","forecast","0.175987686805167"
"exdqlm_univar_synth","draw_082",1276,"2022-12-30","forecast","0.178605294020470"
"exdqlm_univar_synth","draw_082",1276,"2022-12-31","forecast","0.598934754754813"
"exdqlm_univar_synth","draw_082",1276,"2023-01-01","forecast","0.161664536830948"
"exdqlm_univar_synth","draw_082",1276,"2023-01-02","forecast","0.0745294486244118"
"exdqlm_univar_synth","draw_082",1276,"2023-01-03","forecast","0.397042372646417"
"exdqlm_univar_synth","draw_082",1276,"2023-01-04","forecast","-0.413928190974463"
"exdqlm_univar_synth","draw_082",1276,"2023-01-05","forecast","-0.138424730368055"
"exdqlm_univar_synth","draw_082",1276,"2023-01-06","forecast","-0.169379279325927"
"exdqlm_univar_synth","draw_082",1276,"2023-01-07","forecast","-0.460573022035465"
"exdqlm_univar_synth","draw_082",1276,"2023-01-08","forecast","-0.0175253708118610"
"exdqlm_univar_synth","draw_082",1276,"2023-01-09","forecast","-0.801051830943537"
"exdqlm_univar_synth","draw_082",1276,"2023-01-10","forecast","0.132494729577225"
"exdqlm_univar_synth","draw_082",1276,"2023-01-11","forecast","-0.812949813866199"
"exdqlm_univar_synth","draw_082",1276,"2023-01-12","forecast","-0.848864988065318"
"exdqlm_univar_synth","draw_082",1276,"2023-01-13","forecast","-0.571850974360481"
"exdqlm_univar_synth","draw_082",1276,"2023-01-14","forecast","-0.155438457855910"
"exdqlm_univar_synth","draw_082",1276,"2023-01-15","forecast","-0.0862171227453020"
"exdqlm_univar_synth","draw_082",1276,"2023-01-16","forecast","0.0482723636986890"
"exdqlm_univar_synth","draw_082",1276,"2023-01-17","forecast","-0.409590248450767"
"exdqlm_univar_synth","draw_082",1276,"2023-01-18","forecast","-1.23958185433801"
"exdqlm_univar_synth","draw_082",1276,"2023-01-19","forecast","-1.06702785141163"
"exdqlm_univar_synth","draw_082",1276,"2023-01-20","forecast","-1.17774653454306"
"exdqlm_univar_synth","draw_082",1276,"2023-01-21","forecast","-0.906539534729288"
"exdqlm_univar_synth","draw_082",1276,"2023-01-22","forecast","-1.31952151304437"
"exdqlm_univar_synth","draw_083",1292,"2022-12-26","forecast","-0.201837415890856"
"exdqlm_univar_synth","draw_083",1292,"2022-12-27","forecast","1.20941966278745"
"exdqlm_univar_synth","draw_083",1292,"2022-12-28","forecast","0.267048772863104"
"exdqlm_univar_synth","draw_083",1292,"2022-12-29","forecast","0.378157779639327"
"exdqlm_univar_synth","draw_083",1292,"2022-12-30","forecast","0.166631547863203"
"exdqlm_univar_synth","draw_083",1292,"2022-12-31","forecast","0.888066942133579"
"exdqlm_univar_synth","draw_083",1292,"2023-01-01","forecast","0.649926088822303"
"exdqlm_univar_synth","draw_083",1292,"2023-01-02","forecast","-0.362141723137718"
"exdqlm_univar_synth","draw_083",1292,"2023-01-03","forecast","-0.129045024423262"
"exdqlm_univar_synth","draw_083",1292,"2023-01-04","forecast","-0.154019535477677"
"exdqlm_univar_synth","draw_083",1292,"2023-01-05","forecast","-0.0669133890081174"
"exdqlm_univar_synth","draw_083",1292,"2023-01-06","forecast","-0.165245620195821"
"exdqlm_univar_synth","draw_083",1292,"2023-01-07","forecast","-0.820083035777215"
"exdqlm_univar_synth","draw_083",1292,"2023-01-08","forecast","-0.214992457890997"
"exdqlm_univar_synth","draw_083",1292,"2023-01-09","forecast","-0.139888060958146"
"exdqlm_univar_synth","draw_083",1292,"2023-01-10","forecast","-0.396007486755028"
"exdqlm_univar_synth","draw_083",1292,"2023-01-11","forecast","-0.541232132689008"
"exdqlm_univar_synth","draw_083",1292,"2023-01-12","forecast","-0.144091230893226"
"exdqlm_univar_synth","draw_083",1292,"2023-01-13","forecast","-0.0833160490397237"
"exdqlm_univar_synth","draw_083",1292,"2023-01-14","forecast","-0.461875448043567"
"exdqlm_univar_synth","draw_083",1292,"2023-01-15","forecast","-0.128929752819581"
"exdqlm_univar_synth","draw_083",1292,"2023-01-16","forecast","-0.724957434454186"
"exdqlm_univar_synth","draw_083",1292,"2023-01-17","forecast","-0.829491315576882"
"exdqlm_univar_synth","draw_083",1292,"2023-01-18","forecast","-0.617761887708790"
"exdqlm_univar_synth","draw_083",1292,"2023-01-19","forecast","-0.519317005021975"
"exdqlm_univar_synth","draw_083",1292,"2023-01-20","forecast","-0.831264015069809"
"exdqlm_univar_synth","draw_083",1292,"2023-01-21","forecast","-1.60377399560802"
"exdqlm_univar_synth","draw_083",1292,"2023-01-22","forecast","-0.820617433152803"
"exdqlm_univar_synth","draw_084",1307,"2022-12-26","forecast","-0.471046403906962"
"exdqlm_univar_synth","draw_084",1307,"2022-12-27","forecast","1.24104167897688"
"exdqlm_univar_synth","draw_084",1307,"2022-12-28","forecast","0.666796031687227"
"exdqlm_univar_synth","draw_084",1307,"2022-12-29","forecast","0.306684290653034"
"exdqlm_univar_synth","draw_084",1307,"2022-12-30","forecast","-0.0742161236714509"
"exdqlm_univar_synth","draw_084",1307,"2022-12-31","forecast","0.460361835782672"
"exdqlm_univar_synth","draw_084",1307,"2023-01-01","forecast","0.693259586055010"
"exdqlm_univar_synth","draw_084",1307,"2023-01-02","forecast","-0.257598307282751"
"exdqlm_univar_synth","draw_084",1307,"2023-01-03","forecast","-0.153180299464557"
"exdqlm_univar_synth","draw_084",1307,"2023-01-04","forecast","-0.467401896298878"
"exdqlm_univar_synth","draw_084",1307,"2023-01-05","forecast","-0.424864347793406"
"exdqlm_univar_synth","draw_084",1307,"2023-01-06","forecast","-0.392161430385424"
"exdqlm_univar_synth","draw_084",1307,"2023-01-07","forecast","-0.650434075920739"
"exdqlm_univar_synth","draw_084",1307,"2023-01-08","forecast","-0.177075098762705"
"exdqlm_univar_synth","draw_084",1307,"2023-01-09","forecast","-0.481402818212392"
"exdqlm_univar_synth","draw_084",1307,"2023-01-10","forecast","0.0760373923210123"
"exdqlm_univar_synth","draw_084",1307,"2023-01-11","forecast","-0.225142283876734"
"exdqlm_univar_synth","draw_084",1307,"2023-01-12","forecast","-0.719556956654211"
"exdqlm_univar_synth","draw_084",1307,"2023-01-13","forecast","-0.0798521286039572"
"exdqlm_univar_synth","draw_084",1307,"2023-01-14","forecast","-0.380111926032103"
"exdqlm_univar_synth","draw_084",1307,"2023-01-15","forecast","-0.107384938802553"
"exdqlm_univar_synth","draw_084",1307,"2023-01-16","forecast","-0.117170717495419"
"exdqlm_univar_synth","draw_084",1307,"2023-01-17","forecast","-0.290402580646815"
"exdqlm_univar_synth","draw_084",1307,"2023-01-18","forecast","-0.598345711899858"
"exdqlm_univar_synth","draw_084",1307,"2023-01-19","forecast","-0.553771828221362"
"exdqlm_univar_synth","draw_084",1307,"2023-01-20","forecast","-0.845303306539409"
"exdqlm_univar_synth","draw_084",1307,"2023-01-21","forecast","-0.927648234817695"
"exdqlm_univar_synth","draw_084",1307,"2023-01-22","forecast","-1.14174197191898"
"exdqlm_univar_synth","draw_085",1323,"2022-12-26","forecast","-0.146081190367009"
"exdqlm_univar_synth","draw_085",1323,"2022-12-27","forecast","1.35600184403003"
"exdqlm_univar_synth","draw_085",1323,"2022-12-28","forecast","0.383439150196327"
"exdqlm_univar_synth","draw_085",1323,"2022-12-29","forecast","0.379649334349178"
"exdqlm_univar_synth","draw_085",1323,"2022-12-30","forecast","0.0193601692021704"
"exdqlm_univar_synth","draw_085",1323,"2022-12-31","forecast","0.933961086923872"
"exdqlm_univar_synth","draw_085",1323,"2023-01-01","forecast","0.374504221897871"
"exdqlm_univar_synth","draw_085",1323,"2023-01-02","forecast","0.0668883549332656"
"exdqlm_univar_synth","draw_085",1323,"2023-01-03","forecast","-0.237759781388268"
"exdqlm_univar_synth","draw_085",1323,"2023-01-04","forecast","-0.849482733938731"
"exdqlm_univar_synth","draw_085",1323,"2023-01-05","forecast","0.0656367146035824"
"exdqlm_univar_synth","draw_085",1323,"2023-01-06","forecast","-0.165244267392488"
"exdqlm_univar_synth","draw_085",1323,"2023-01-07","forecast","-0.699149148834856"
"exdqlm_univar_synth","draw_085",1323,"2023-01-08","forecast","-0.347509995871500"
"exdqlm_univar_synth","draw_085",1323,"2023-01-09","forecast","-0.273639366631413"
"exdqlm_univar_synth","draw_085",1323,"2023-01-10","forecast","-0.485205520641186"
"exdqlm_univar_synth","draw_085",1323,"2023-01-11","forecast","-0.273097179157975"
"exdqlm_univar_synth","draw_085",1323,"2023-01-12","forecast","-0.757560644774122"
"exdqlm_univar_synth","draw_085",1323,"2023-01-13","forecast","-0.0325248381589956"
"exdqlm_univar_synth","draw_085",1323,"2023-01-14","forecast","-0.950156178206490"
"exdqlm_univar_synth","draw_085",1323,"2023-01-15","forecast","-0.110074838297394"
"exdqlm_univar_synth","draw_085",1323,"2023-01-16","forecast","-0.808011015079666"
"exdqlm_univar_synth","draw_085",1323,"2023-01-17","forecast","-0.356734569333031"
"exdqlm_univar_synth","draw_085",1323,"2023-01-18","forecast","-1.41883257500622"
"exdqlm_univar_synth","draw_085",1323,"2023-01-19","forecast","-0.538983797533717"
"exdqlm_univar_synth","draw_085",1323,"2023-01-20","forecast","-0.841969272305643"
"exdqlm_univar_synth","draw_085",1323,"2023-01-21","forecast","-0.891987416008473"
"exdqlm_univar_synth","draw_085",1323,"2023-01-22","forecast","-0.860975799766139"
"exdqlm_univar_synth","draw_086",1339,"2022-12-26","forecast","-0.403956473819522"
"exdqlm_univar_synth","draw_086",1339,"2022-12-27","forecast","1.19147383392961"
"exdqlm_univar_synth","draw_086",1339,"2022-12-28","forecast","0.544692247904242"
"exdqlm_univar_synth","draw_086",1339,"2022-12-29","forecast","0.529776106388203"
"exdqlm_univar_synth","draw_086",1339,"2022-12-30","forecast","0.403642706684041"
"exdqlm_univar_synth","draw_086",1339,"2022-12-31","forecast","0.604501222554969"
"exdqlm_univar_synth","draw_086",1339,"2023-01-01","forecast","0.283537460314161"
"exdqlm_univar_synth","draw_086",1339,"2023-01-02","forecast","0.0397508331492199"
"exdqlm_univar_synth","draw_086",1339,"2023-01-03","forecast","-0.208705930803383"
"exdqlm_univar_synth","draw_086",1339,"2023-01-04","forecast","-0.109747613235459"
"exdqlm_univar_synth","draw_086",1339,"2023-01-05","forecast","-0.102494986082542"
"exdqlm_univar_synth","draw_086",1339,"2023-01-06","forecast","-0.727866906026317"
"exdqlm_univar_synth","draw_086",1339,"2023-01-07","forecast","-0.913266843823434"
"exdqlm_univar_synth","draw_086",1339,"2023-01-08","forecast","-0.624946233072950"
"exdqlm_univar_synth","draw_086",1339,"2023-01-09","forecast","-0.141628997685307"
"exdqlm_univar_synth","draw_086",1339,"2023-01-10","forecast","-0.00182948469259801"
"exdqlm_univar_synth","draw_086",1339,"2023-01-11","forecast","-0.723096841904572"
"exdqlm_univar_synth","draw_086",1339,"2023-01-12","forecast","-0.881640073509913"
"exdqlm_univar_synth","draw_086",1339,"2023-01-13","forecast","-0.00349449523474378"
"exdqlm_univar_synth","draw_086",1339,"2023-01-14","forecast","-0.184986673082502"
"exdqlm_univar_synth","draw_086",1339,"2023-01-15","forecast","-0.185584355001352"
"exdqlm_univar_synth","draw_086",1339,"2023-01-16","forecast","-0.323736895297509"
"exdqlm_univar_synth","draw_086",1339,"2023-01-17","forecast","-0.384103945583061"
"exdqlm_univar_synth","draw_086",1339,"2023-01-18","forecast","-0.626353704214814"
"exdqlm_univar_synth","draw_086",1339,"2023-01-19","forecast","-0.445897832248089"
"exdqlm_univar_synth","draw_086",1339,"2023-01-20","forecast","-1.20190590634789"
"exdqlm_univar_synth","draw_086",1339,"2023-01-21","forecast","-0.889693912802516"
"exdqlm_univar_synth","draw_086",1339,"2023-01-22","forecast","-1.06336188587502"
"exdqlm_univar_synth","draw_087",1355,"2022-12-26","forecast","0.140811089153440"
"exdqlm_univar_synth","draw_087",1355,"2022-12-27","forecast","1.25180531095371"
"exdqlm_univar_synth","draw_087",1355,"2022-12-28","forecast","0.269778185265624"
"exdqlm_univar_synth","draw_087",1355,"2022-12-29","forecast","0.529459513145961"
"exdqlm_univar_synth","draw_087",1355,"2022-12-30","forecast","-0.0514778682207422"
"exdqlm_univar_synth","draw_087",1355,"2022-12-31","forecast","0.673056667401675"
"exdqlm_univar_synth","draw_087",1355,"2023-01-01","forecast","0.319180479573258"
"exdqlm_univar_synth","draw_087",1355,"2023-01-02","forecast","-0.0805374010067277"
"exdqlm_univar_synth","draw_087",1355,"2023-01-03","forecast","0.297735417993621"
"exdqlm_univar_synth","draw_087",1355,"2023-01-04","forecast","-0.394730969678648"
"exdqlm_univar_synth","draw_087",1355,"2023-01-05","forecast","0.0143597323466826"
"exdqlm_univar_synth","draw_087",1355,"2023-01-06","forecast","-0.165134198572628"
"exdqlm_univar_synth","draw_087",1355,"2023-01-07","forecast","-0.455200091543847"
"exdqlm_univar_synth","draw_087",1355,"2023-01-08","forecast","-0.139491161978320"
"exdqlm_univar_synth","draw_087",1355,"2023-01-09","forecast","-0.625857833874402"
"exdqlm_univar_synth","draw_087",1355,"2023-01-10","forecast","-0.120408594402512"
"exdqlm_univar_synth","draw_087",1355,"2023-01-11","forecast","-0.226626465866970"
"exdqlm_univar_synth","draw_087",1355,"2023-01-12","forecast","-0.132837582981725"
"exdqlm_univar_synth","draw_087",1355,"2023-01-13","forecast","-0.138458205647106"
"exdqlm_univar_synth","draw_087",1355,"2023-01-14","forecast","-0.176369922565085"
"exdqlm_univar_synth","draw_087",1355,"2023-01-15","forecast","-0.505914226633282"
"exdqlm_univar_synth","draw_087",1355,"2023-01-16","forecast","-0.0943629203616288"
"exdqlm_univar_synth","draw_087",1355,"2023-01-17","forecast","-0.646935314859516"
"exdqlm_univar_synth","draw_087",1355,"2023-01-18","forecast","-0.608278077240990"
"exdqlm_univar_synth","draw_087",1355,"2023-01-19","forecast","-1.14671205441020"
"exdqlm_univar_synth","draw_087",1355,"2023-01-20","forecast","-0.833054954857099"
"exdqlm_univar_synth","draw_087",1355,"2023-01-21","forecast","-0.898665638917059"
"exdqlm_univar_synth","draw_087",1355,"2023-01-22","forecast","-1.06370625634283"
"exdqlm_univar_synth","draw_088",1370,"2022-12-26","forecast","-0.454754065562492"
"exdqlm_univar_synth","draw_088",1370,"2022-12-27","forecast","0.781557287287158"
"exdqlm_univar_synth","draw_088",1370,"2022-12-28","forecast","0.851927578845020"
"exdqlm_univar_synth","draw_088",1370,"2022-12-29","forecast","0.240374675354047"
"exdqlm_univar_synth","draw_088",1370,"2022-12-30","forecast","-0.0541066620931846"
"exdqlm_univar_synth","draw_088",1370,"2022-12-31","forecast","0.844578675093780"
"exdqlm_univar_synth","draw_088",1370,"2023-01-01","forecast","0.479385281500384"
"exdqlm_univar_synth","draw_088",1370,"2023-01-02","forecast","-0.0779436939990811"
"exdqlm_univar_synth","draw_088",1370,"2023-01-03","forecast","-0.0971889824053638"
"exdqlm_univar_synth","draw_088",1370,"2023-01-04","forecast","-0.478090563048804"
"exdqlm_univar_synth","draw_088",1370,"2023-01-05","forecast","-0.100646445470065"
"exdqlm_univar_synth","draw_088",1370,"2023-01-06","forecast","-0.760147510323644"
"exdqlm_univar_synth","draw_088",1370,"2023-01-07","forecast","-0.427299921027770"
"exdqlm_univar_synth","draw_088",1370,"2023-01-08","forecast","-0.514080841139433"
"exdqlm_univar_synth","draw_088",1370,"2023-01-09","forecast","-0.435929201086144"
"exdqlm_univar_synth","draw_088",1370,"2023-01-10","forecast","-0.0344086868773806"
"exdqlm_univar_synth","draw_088",1370,"2023-01-11","forecast","-0.748916379672231"
"exdqlm_univar_synth","draw_088",1370,"2023-01-12","forecast","-0.769422498369108"
"exdqlm_univar_synth","draw_088",1370,"2023-01-13","forecast","-0.161602884977468"
"exdqlm_univar_synth","draw_088",1370,"2023-01-14","forecast","-0.174053915090890"
"exdqlm_univar_synth","draw_088",1370,"2023-01-15","forecast","-0.529629238022936"
"exdqlm_univar_synth","draw_088",1370,"2023-01-16","forecast","-0.113395503148856"
"exdqlm_univar_synth","draw_088",1370,"2023-01-17","forecast","-0.632138774743883"
"exdqlm_univar_synth","draw_088",1370,"2023-01-18","forecast","-0.919058155890361"
"exdqlm_univar_synth","draw_088",1370,"2023-01-19","forecast","-0.996132906162417"
"exdqlm_univar_synth","draw_088",1370,"2023-01-20","forecast","-0.829554831906156"
"exdqlm_univar_synth","draw_088",1370,"2023-01-21","forecast","-1.10923517585468"
"exdqlm_univar_synth","draw_088",1370,"2023-01-22","forecast","-0.889504063887469"
"exdqlm_univar_synth","draw_089",1386,"2022-12-26","forecast","-0.407861522224647"
"exdqlm_univar_synth","draw_089",1386,"2022-12-27","forecast","0.853339582568350"
"exdqlm_univar_synth","draw_089",1386,"2022-12-28","forecast","0.399943964453886"
"exdqlm_univar_synth","draw_089",1386,"2022-12-29","forecast","-0.220092013130735"
"exdqlm_univar_synth","draw_089",1386,"2022-12-30","forecast","0.101918253847398"
"exdqlm_univar_synth","draw_089",1386,"2022-12-31","forecast","0.729479678527932"
"exdqlm_univar_synth","draw_089",1386,"2023-01-01","forecast","0.677236839972399"
"exdqlm_univar_synth","draw_089",1386,"2023-01-02","forecast","0.0252586412421616"
"exdqlm_univar_synth","draw_089",1386,"2023-01-03","forecast","-0.0674748155375764"
"exdqlm_univar_synth","draw_089",1386,"2023-01-04","forecast","-0.265128938424337"
"exdqlm_univar_synth","draw_089",1386,"2023-01-05","forecast","-0.258983962897103"
"exdqlm_univar_synth","draw_089",1386,"2023-01-06","forecast","-0.817399429738186"
"exdqlm_univar_synth","draw_089",1386,"2023-01-07","forecast","-0.467371599452931"
"exdqlm_univar_synth","draw_089",1386,"2023-01-08","forecast","-0.179651711485572"
"exdqlm_univar_synth","draw_089",1386,"2023-01-09","forecast","-0.143777989281466"
"exdqlm_univar_synth","draw_089",1386,"2023-01-10","forecast","-0.326137907036053"
"exdqlm_univar_synth","draw_089",1386,"2023-01-11","forecast","-0.737782776934505"
"exdqlm_univar_synth","draw_089",1386,"2023-01-12","forecast","-0.820763490441597"
"exdqlm_univar_synth","draw_089",1386,"2023-01-13","forecast","-0.261772119290475"
"exdqlm_univar_synth","draw_089",1386,"2023-01-14","forecast","-0.165805665890747"
"exdqlm_univar_synth","draw_089",1386,"2023-01-15","forecast","-0.487135284807114"
"exdqlm_univar_synth","draw_089",1386,"2023-01-16","forecast","-0.0927479633158575"
"exdqlm_univar_synth","draw_089",1386,"2023-01-17","forecast","-0.614462595100960"
"exdqlm_univar_synth","draw_089",1386,"2023-01-18","forecast","-1.13351931257864"
"exdqlm_univar_synth","draw_089",1386,"2023-01-19","forecast","-0.825391400875355"
"exdqlm_univar_synth","draw_089",1386,"2023-01-20","forecast","-1.54783080045850"
"exdqlm_univar_synth","draw_089",1386,"2023-01-21","forecast","-0.902299062995156"
"exdqlm_univar_synth","draw_089",1386,"2023-01-22","forecast","-0.816327161613386"
"exdqlm_univar_synth","draw_090",1402,"2022-12-26","forecast","-0.444065379756768"
"exdqlm_univar_synth","draw_090",1402,"2022-12-27","forecast","0.918271132886798"
"exdqlm_univar_synth","draw_090",1402,"2022-12-28","forecast","0.128107522505402"
"exdqlm_univar_synth","draw_090",1402,"2022-12-29","forecast","0.141998449649566"
"exdqlm_univar_synth","draw_090",1402,"2022-12-30","forecast","0.0383760272812105"
"exdqlm_univar_synth","draw_090",1402,"2022-12-31","forecast","0.866470852299524"
"exdqlm_univar_synth","draw_090",1402,"2023-01-01","forecast","0.00938032852815682"
"exdqlm_univar_synth","draw_090",1402,"2023-01-02","forecast","0.0133033336094316"
"exdqlm_univar_synth","draw_090",1402,"2023-01-03","forecast","0.0889247275426181"
"exdqlm_univar_synth","draw_090",1402,"2023-01-04","forecast","-0.0604931996729026"
"exdqlm_univar_synth","draw_090",1402,"2023-01-05","forecast","0.0851533642832613"
"exdqlm_univar_synth","draw_090",1402,"2023-01-06","forecast","-0.166006339451033"
"exdqlm_univar_synth","draw_090",1402,"2023-01-07","forecast","-0.904264491203557"
"exdqlm_univar_synth","draw_090",1402,"2023-01-08","forecast","-0.280849633080958"
"exdqlm_univar_synth","draw_090",1402,"2023-01-09","forecast","-0.454662043884049"
"exdqlm_univar_synth","draw_090",1402,"2023-01-10","forecast","-0.624121825044260"
"exdqlm_univar_synth","draw_090",1402,"2023-01-11","forecast","-0.849311445199325"
"exdqlm_univar_synth","draw_090",1402,"2023-01-12","forecast","-0.829672398840183"
"exdqlm_univar_synth","draw_090",1402,"2023-01-13","forecast","-0.0854200134073048"
"exdqlm_univar_synth","draw_090",1402,"2023-01-14","forecast","-0.164478509176687"
"exdqlm_univar_synth","draw_090",1402,"2023-01-15","forecast","-0.0952312636618487"
"exdqlm_univar_synth","draw_090",1402,"2023-01-16","forecast","-0.280502661748593"
"exdqlm_univar_synth","draw_090",1402,"2023-01-17","forecast","-0.405928166454924"
"exdqlm_univar_synth","draw_090",1402,"2023-01-18","forecast","-0.869180801634376"
"exdqlm_univar_synth","draw_090",1402,"2023-01-19","forecast","-0.787727470499118"
"exdqlm_univar_synth","draw_090",1402,"2023-01-20","forecast","-0.994725252265045"
"exdqlm_univar_synth","draw_090",1402,"2023-01-21","forecast","-0.928543899979584"
"exdqlm_univar_synth","draw_090",1402,"2023-01-22","forecast","-1.01686509576691"
"exdqlm_univar_synth","draw_091",1418,"2022-12-26","forecast","-0.0936579098820822"
"exdqlm_univar_synth","draw_091",1418,"2022-12-27","forecast","0.905199307631476"
"exdqlm_univar_synth","draw_091",1418,"2022-12-28","forecast","0.177103536445585"
"exdqlm_univar_synth","draw_091",1418,"2022-12-29","forecast","-0.102974566400864"
"exdqlm_univar_synth","draw_091",1418,"2022-12-30","forecast","-0.0893226186851965"
"exdqlm_univar_synth","draw_091",1418,"2022-12-31","forecast","0.801792831907957"
"exdqlm_univar_synth","draw_091",1418,"2023-01-01","forecast","0.274440027003461"
"exdqlm_univar_synth","draw_091",1418,"2023-01-02","forecast","-0.550399597906911"
"exdqlm_univar_synth","draw_091",1418,"2023-01-03","forecast","0.267178453905023"
"exdqlm_univar_synth","draw_091",1418,"2023-01-04","forecast","-0.637317212221533"
"exdqlm_univar_synth","draw_091",1418,"2023-01-05","forecast","-0.433597290138747"
"exdqlm_univar_synth","draw_091",1418,"2023-01-06","forecast","-0.144561096332638"
"exdqlm_univar_synth","draw_091",1418,"2023-01-07","forecast","-0.515359079624920"
"exdqlm_univar_synth","draw_091",1418,"2023-01-08","forecast","0.0457325685187713"
"exdqlm_univar_synth","draw_091",1418,"2023-01-09","forecast","-0.184824057232559"
"exdqlm_univar_synth","draw_091",1418,"2023-01-10","forecast","-0.690267314948818"
"exdqlm_univar_synth","draw_091",1418,"2023-01-11","forecast","-0.110682913126332"
"exdqlm_univar_synth","draw_091",1418,"2023-01-12","forecast","-0.594769677650955"
"exdqlm_univar_synth","draw_091",1418,"2023-01-13","forecast","-0.759992822824285"
"exdqlm_univar_synth","draw_091",1418,"2023-01-14","forecast","0.0892634615610579"
"exdqlm_univar_synth","draw_091",1418,"2023-01-15","forecast","-0.107696946502465"
"exdqlm_univar_synth","draw_091",1418,"2023-01-16","forecast","-0.0933302705551738"
"exdqlm_univar_synth","draw_091",1418,"2023-01-17","forecast","-0.379279383116693"
"exdqlm_univar_synth","draw_091",1418,"2023-01-18","forecast","-0.597910317258415"
"exdqlm_univar_synth","draw_091",1418,"2023-01-19","forecast","-0.553282427539964"
"exdqlm_univar_synth","draw_091",1418,"2023-01-20","forecast","-1.54856333532985"
"exdqlm_univar_synth","draw_091",1418,"2023-01-21","forecast","-0.892178389428486"
"exdqlm_univar_synth","draw_091",1418,"2023-01-22","forecast","-0.656028145593207"
"exdqlm_univar_synth","draw_092",1433,"2022-12-26","forecast","0.0296627858805947"
"exdqlm_univar_synth","draw_092",1433,"2022-12-27","forecast","0.320396560280517"
"exdqlm_univar_synth","draw_092",1433,"2022-12-28","forecast","0.0753514634902870"
"exdqlm_univar_synth","draw_092",1433,"2022-12-29","forecast","0.513022657370470"
"exdqlm_univar_synth","draw_092",1433,"2022-12-30","forecast","0.294910838234411"
"exdqlm_univar_synth","draw_092",1433,"2022-12-31","forecast","0.629528723756210"
"exdqlm_univar_synth","draw_092",1433,"2023-01-01","forecast","0.654742285990013"
"exdqlm_univar_synth","draw_092",1433,"2023-01-02","forecast","0.0275822468054140"
"exdqlm_univar_synth","draw_092",1433,"2023-01-03","forecast","0.233147631896877"
"exdqlm_univar_synth","draw_092",1433,"2023-01-04","forecast","-0.415323503821129"
"exdqlm_univar_synth","draw_092",1433,"2023-01-05","forecast","-0.279312805947724"
"exdqlm_univar_synth","draw_092",1433,"2023-01-06","forecast","-0.167242437808254"
"exdqlm_univar_synth","draw_092",1433,"2023-01-07","forecast","-0.781538137953994"
"exdqlm_univar_synth","draw_092",1433,"2023-01-08","forecast","-0.0630088428261827"
"exdqlm_univar_synth","draw_092",1433,"2023-01-09","forecast","-0.518404304464934"
"exdqlm_univar_synth","draw_092",1433,"2023-01-10","forecast","0.114717444003669"
"exdqlm_univar_synth","draw_092",1433,"2023-01-11","forecast","-0.237891564654644"
"exdqlm_univar_synth","draw_092",1433,"2023-01-12","forecast","-0.587118194588447"
"exdqlm_univar_synth","draw_092",1433,"2023-01-13","forecast","-0.105320094564254"
"exdqlm_univar_synth","draw_092",1433,"2023-01-14","forecast","-0.142427102057313"
"exdqlm_univar_synth","draw_092",1433,"2023-01-15","forecast","-0.935931911498379"
"exdqlm_univar_synth","draw_092",1433,"2023-01-16","forecast","-0.102258730944366"
"exdqlm_univar_synth","draw_092",1433,"2023-01-17","forecast","-0.339896529464425"
"exdqlm_univar_synth","draw_092",1433,"2023-01-18","forecast","-1.07112745356471"
"exdqlm_univar_synth","draw_092",1433,"2023-01-19","forecast","-0.855285427459368"
"exdqlm_univar_synth","draw_092",1433,"2023-01-20","forecast","-1.10173244955241"
"exdqlm_univar_synth","draw_092",1433,"2023-01-21","forecast","-1.16420566596713"
"exdqlm_univar_synth","draw_092",1433,"2023-01-22","forecast","-1.00346852450720"
"exdqlm_univar_synth","draw_093",1449,"2022-12-26","forecast","-0.0239281243223557"
"exdqlm_univar_synth","draw_093",1449,"2022-12-27","forecast","0.786187701367360"
"exdqlm_univar_synth","draw_093",1449,"2022-12-28","forecast","0.465284301259733"
"exdqlm_univar_synth","draw_093",1449,"2022-12-29","forecast","0.284950322888660"
"exdqlm_univar_synth","draw_093",1449,"2022-12-30","forecast","0.420189359932536"
"exdqlm_univar_synth","draw_093",1449,"2022-12-31","forecast","1.06470479865671"
"exdqlm_univar_synth","draw_093",1449,"2023-01-01","forecast","-0.00311795358758572"
"exdqlm_univar_synth","draw_093",1449,"2023-01-02","forecast","0.0746456753560834"
"exdqlm_univar_synth","draw_093",1449,"2023-01-03","forecast","-0.330388775706495"
"exdqlm_univar_synth","draw_093",1449,"2023-01-04","forecast","-0.767286652940432"
"exdqlm_univar_synth","draw_093",1449,"2023-01-05","forecast","0.0665151749724786"
"exdqlm_univar_synth","draw_093",1449,"2023-01-06","forecast","-0.166558133070647"
"exdqlm_univar_synth","draw_093",1449,"2023-01-07","forecast","-0.779954731548414"
"exdqlm_univar_synth","draw_093",1449,"2023-01-08","forecast","-0.0172602766893154"
"exdqlm_univar_synth","draw_093",1449,"2023-01-09","forecast","-0.387880885896124"
"exdqlm_univar_synth","draw_093",1449,"2023-01-10","forecast","-0.410078312064809"
"exdqlm_univar_synth","draw_093",1449,"2023-01-11","forecast","-0.472021269769238"
"exdqlm_univar_synth","draw_093",1449,"2023-01-12","forecast","-0.565406361737774"
"exdqlm_univar_synth","draw_093",1449,"2023-01-13","forecast","-0.0468607308204343"
"exdqlm_univar_synth","draw_093",1449,"2023-01-14","forecast","0.0663548029049432"
"exdqlm_univar_synth","draw_093",1449,"2023-01-15","forecast","-0.143365466755472"
"exdqlm_univar_synth","draw_093",1449,"2023-01-16","forecast","-0.0723243177122993"
"exdqlm_univar_synth","draw_093",1449,"2023-01-17","forecast","-0.216948886015657"
"exdqlm_univar_synth","draw_093",1449,"2023-01-18","forecast","-0.781777909183033"
"exdqlm_univar_synth","draw_093",1449,"2023-01-19","forecast","-0.579687670725597"
"exdqlm_univar_synth","draw_093",1449,"2023-01-20","forecast","-1.17365242181626"
"exdqlm_univar_synth","draw_093",1449,"2023-01-21","forecast","-0.891998508161448"
"exdqlm_univar_synth","draw_093",1449,"2023-01-22","forecast","-1.47206312255679"
"exdqlm_univar_synth","draw_094",1465,"2022-12-26","forecast","-0.175391280413747"
"exdqlm_univar_synth","draw_094",1465,"2022-12-27","forecast","0.802746077266703"
"exdqlm_univar_synth","draw_094",1465,"2022-12-28","forecast","0.146843936697306"
"exdqlm_univar_synth","draw_094",1465,"2022-12-29","forecast","0.287532500508593"
"exdqlm_univar_synth","draw_094",1465,"2022-12-30","forecast","0.162828314039072"
"exdqlm_univar_synth","draw_094",1465,"2022-12-31","forecast","0.894983656632391"
"exdqlm_univar_synth","draw_094",1465,"2023-01-01","forecast","0.676355936292987"
"exdqlm_univar_synth","draw_094",1465,"2023-01-02","forecast","-0.0400442194675169"
"exdqlm_univar_synth","draw_094",1465,"2023-01-03","forecast","0.267731443823577"
"exdqlm_univar_synth","draw_094",1465,"2023-01-04","forecast","-0.171593169729895"
"exdqlm_univar_synth","draw_094",1465,"2023-01-05","forecast","0.0853810472157621"
"exdqlm_univar_synth","draw_094",1465,"2023-01-06","forecast","-0.165562210020966"
"exdqlm_univar_synth","draw_094",1465,"2023-01-07","forecast","-0.453610341247899"
"exdqlm_univar_synth","draw_094",1465,"2023-01-08","forecast","-0.000641772830819705"
"exdqlm_univar_synth","draw_094",1465,"2023-01-09","forecast","-0.176851071671116"
"exdqlm_univar_synth","draw_094",1465,"2023-01-10","forecast","-0.0158693291556231"
"exdqlm_univar_synth","draw_094",1465,"2023-01-11","forecast","-0.267218389974600"
"exdqlm_univar_synth","draw_094",1465,"2023-01-12","forecast","-0.127350030927132"
"exdqlm_univar_synth","draw_094",1465,"2023-01-13","forecast","-0.0838333344413180"
"exdqlm_univar_synth","draw_094",1465,"2023-01-14","forecast","-0.818414463973415"
"exdqlm_univar_synth","draw_094",1465,"2023-01-15","forecast","-0.466373504257598"
"exdqlm_univar_synth","draw_094",1465,"2023-01-16","forecast","-0.734724332804327"
"exdqlm_univar_synth","draw_094",1465,"2023-01-17","forecast","-0.360800612091102"
"exdqlm_univar_synth","draw_094",1465,"2023-01-18","forecast","-0.609367433866503"
"exdqlm_univar_synth","draw_094",1465,"2023-01-19","forecast","-0.543714559607639"
"exdqlm_univar_synth","draw_094",1465,"2023-01-20","forecast","-0.836517313620508"
"exdqlm_univar_synth","draw_094",1465,"2023-01-21","forecast","-0.910344239485928"
"exdqlm_univar_synth","draw_094",1465,"2023-01-22","forecast","-1.21689500294457"
"exdqlm_univar_synth","draw_095",1481,"2022-12-26","forecast","-0.353403026965407"
"exdqlm_univar_synth","draw_095",1481,"2022-12-27","forecast","1.26808404078817"
"exdqlm_univar_synth","draw_095",1481,"2022-12-28","forecast","0.610102299143901"
"exdqlm_univar_synth","draw_095",1481,"2022-12-29","forecast","0.224466203151228"
"exdqlm_univar_synth","draw_095",1481,"2022-12-30","forecast","0.0939256952515608"
"exdqlm_univar_synth","draw_095",1481,"2022-12-31","forecast","0.874392636302390"
"exdqlm_univar_synth","draw_095",1481,"2023-01-01","forecast","0.342824613939072"
"exdqlm_univar_synth","draw_095",1481,"2023-01-02","forecast","-0.214530898220902"
"exdqlm_univar_synth","draw_095",1481,"2023-01-03","forecast","0.157469027713044"
"exdqlm_univar_synth","draw_095",1481,"2023-01-04","forecast","-0.612200501889142"
"exdqlm_univar_synth","draw_095",1481,"2023-01-05","forecast","-0.0256951701285799"
"exdqlm_univar_synth","draw_095",1481,"2023-01-06","forecast","-0.430119586879834"
"exdqlm_univar_synth","draw_095",1481,"2023-01-07","forecast","-0.734376558704947"
"exdqlm_univar_synth","draw_095",1481,"2023-01-08","forecast","-0.0138484391256119"
"exdqlm_univar_synth","draw_095",1481,"2023-01-09","forecast","-0.453798250703947"
"exdqlm_univar_synth","draw_095",1481,"2023-01-10","forecast","-0.489634640221869"
"exdqlm_univar_synth","draw_095",1481,"2023-01-11","forecast","-0.611064410266955"
"exdqlm_univar_synth","draw_095",1481,"2023-01-12","forecast","-0.129436389117910"
"exdqlm_univar_synth","draw_095",1481,"2023-01-13","forecast","-0.0737456354067406"
"exdqlm_univar_synth","draw_095",1481,"2023-01-14","forecast","-0.658344047237213"
"exdqlm_univar_synth","draw_095",1481,"2023-01-15","forecast","-0.681772468571562"
"exdqlm_univar_synth","draw_095",1481,"2023-01-16","forecast","-0.0927628638575135"
"exdqlm_univar_synth","draw_095",1481,"2023-01-17","forecast","-1.04258389033780"
"exdqlm_univar_synth","draw_095",1481,"2023-01-18","forecast","-0.607056933161470"
"exdqlm_univar_synth","draw_095",1481,"2023-01-19","forecast","-0.753614848171554"
"exdqlm_univar_synth","draw_095",1481,"2023-01-20","forecast","-1.11410923152421"
"exdqlm_univar_synth","draw_095",1481,"2023-01-21","forecast","-1.53719794319944"
"exdqlm_univar_synth","draw_095",1481,"2023-01-22","forecast","-1.12515307342417"
"exdqlm_univar_synth","draw_096",1496,"2022-12-26","forecast","-0.171224344049532"
"exdqlm_univar_synth","draw_096",1496,"2022-12-27","forecast","0.588391966745512"
"exdqlm_univar_synth","draw_096",1496,"2022-12-28","forecast","0.370218039443239"
"exdqlm_univar_synth","draw_096",1496,"2022-12-29","forecast","0.319392644384574"
"exdqlm_univar_synth","draw_096",1496,"2022-12-30","forecast","0.266990604916971"
"exdqlm_univar_synth","draw_096",1496,"2022-12-31","forecast","1.03794767952548"
"exdqlm_univar_synth","draw_096",1496,"2023-01-01","forecast","0.636896932411681"
"exdqlm_univar_synth","draw_096",1496,"2023-01-02","forecast","-0.0523522218890127"
"exdqlm_univar_synth","draw_096",1496,"2023-01-03","forecast","0.264992211042264"
"exdqlm_univar_synth","draw_096",1496,"2023-01-04","forecast","-0.0252285937719082"
"exdqlm_univar_synth","draw_096",1496,"2023-01-05","forecast","-0.425717647297900"
"exdqlm_univar_synth","draw_096",1496,"2023-01-06","forecast","-0.450653750045784"
"exdqlm_univar_synth","draw_096",1496,"2023-01-07","forecast","-0.751608665506321"
"exdqlm_univar_synth","draw_096",1496,"2023-01-08","forecast","0.108161369709294"
"exdqlm_univar_synth","draw_096",1496,"2023-01-09","forecast","-0.287053610897772"
"exdqlm_univar_synth","draw_096",1496,"2023-01-10","forecast","0.0712555448006223"
"exdqlm_univar_synth","draw_096",1496,"2023-01-11","forecast","-0.227929667655312"
"exdqlm_univar_synth","draw_096",1496,"2023-01-12","forecast","-0.871825191024789"
"exdqlm_univar_synth","draw_096",1496,"2023-01-13","forecast","-0.0831418582034817"
"exdqlm_univar_synth","draw_096",1496,"2023-01-14","forecast","-0.730195000170757"
"exdqlm_univar_synth","draw_096",1496,"2023-01-15","forecast","-0.0917592031115138"
"exdqlm_univar_synth","draw_096",1496,"2023-01-16","forecast","-0.0945534645265472"
"exdqlm_univar_synth","draw_096",1496,"2023-01-17","forecast","-0.349354193013119"
"exdqlm_univar_synth","draw_096",1496,"2023-01-18","forecast","-0.609303695023221"
"exdqlm_univar_synth","draw_096",1496,"2023-01-19","forecast","-0.870503926789832"
"exdqlm_univar_synth","draw_096",1496,"2023-01-20","forecast","-0.843770690019314"
"exdqlm_univar_synth","draw_096",1496,"2023-01-21","forecast","-1.23334360404266"
"exdqlm_univar_synth","draw_096",1496,"2023-01-22","forecast","-0.975992236397952"
"exdqlm_univar_synth","draw_097",1512,"2022-12-26","forecast","-0.197594637287967"
"exdqlm_univar_synth","draw_097",1512,"2022-12-27","forecast","0.685796954639608"
"exdqlm_univar_synth","draw_097",1512,"2022-12-28","forecast","0.855578850539348"
"exdqlm_univar_synth","draw_097",1512,"2022-12-29","forecast","0.220115153950163"
"exdqlm_univar_synth","draw_097",1512,"2022-12-30","forecast","0.300866203883373"
"exdqlm_univar_synth","draw_097",1512,"2022-12-31","forecast","0.822480720333883"
"exdqlm_univar_synth","draw_097",1512,"2023-01-01","forecast","0.145135246063909"
"exdqlm_univar_synth","draw_097",1512,"2023-01-02","forecast","0.0716775286211661"
"exdqlm_univar_synth","draw_097",1512,"2023-01-03","forecast","0.266836524590054"
"exdqlm_univar_synth","draw_097",1512,"2023-01-04","forecast","-0.170552793619994"
"exdqlm_univar_synth","draw_097",1512,"2023-01-05","forecast","0.0765299021123656"
"exdqlm_univar_synth","draw_097",1512,"2023-01-06","forecast","-0.168798817417588"
"exdqlm_univar_synth","draw_097",1512,"2023-01-07","forecast","-0.529064204453201"
"exdqlm_univar_synth","draw_097",1512,"2023-01-08","forecast","-0.118337303450873"
"exdqlm_univar_synth","draw_097",1512,"2023-01-09","forecast","-0.168245483345304"
"exdqlm_univar_synth","draw_097",1512,"2023-01-10","forecast","-0.322130458730304"
"exdqlm_univar_synth","draw_097",1512,"2023-01-11","forecast","-0.205498600722039"
"exdqlm_univar_synth","draw_097",1512,"2023-01-12","forecast","-0.624591057580851"
"exdqlm_univar_synth","draw_097",1512,"2023-01-13","forecast","-0.514190142759309"
"exdqlm_univar_synth","draw_097",1512,"2023-01-14","forecast","-0.385649872853859"
"exdqlm_univar_synth","draw_097",1512,"2023-01-15","forecast","-0.778797736892738"
"exdqlm_univar_synth","draw_097",1512,"2023-01-16","forecast","-0.123006104729362"
"exdqlm_univar_synth","draw_097",1512,"2023-01-17","forecast","-0.384628033303757"
"exdqlm_univar_synth","draw_097",1512,"2023-01-18","forecast","-0.602757413618069"
"exdqlm_univar_synth","draw_097",1512,"2023-01-19","forecast","-0.793502078214512"
"exdqlm_univar_synth","draw_097",1512,"2023-01-20","forecast","-1.05080231867105"
"exdqlm_univar_synth","draw_097",1512,"2023-01-21","forecast","-0.893017985808776"
"exdqlm_univar_synth","draw_097",1512,"2023-01-22","forecast","-1.02730887726468"
"exdqlm_univar_synth","draw_098",1528,"2022-12-26","forecast","-0.275033079641834"
"exdqlm_univar_synth","draw_098",1528,"2022-12-27","forecast","0.637809727800226"
"exdqlm_univar_synth","draw_098",1528,"2022-12-28","forecast","0.704760069970656"
"exdqlm_univar_synth","draw_098",1528,"2022-12-29","forecast","-0.0673667762211774"
"exdqlm_univar_synth","draw_098",1528,"2022-12-30","forecast","-0.00431723056702052"
"exdqlm_univar_synth","draw_098",1528,"2022-12-31","forecast","0.405867978298273"
"exdqlm_univar_synth","draw_098",1528,"2023-01-01","forecast","0.311840402734966"
"exdqlm_univar_synth","draw_098",1528,"2023-01-02","forecast","0.169147942284253"
"exdqlm_univar_synth","draw_098",1528,"2023-01-03","forecast","-0.240994900946123"
"exdqlm_univar_synth","draw_098",1528,"2023-01-04","forecast","0.149188199338810"
"exdqlm_univar_synth","draw_098",1528,"2023-01-05","forecast","-0.411806689664467"
"exdqlm_univar_synth","draw_098",1528,"2023-01-06","forecast","-0.913524777077784"
"exdqlm_univar_synth","draw_098",1528,"2023-01-07","forecast","-0.609975922055850"
"exdqlm_univar_synth","draw_098",1528,"2023-01-08","forecast","-0.0141841276778201"
"exdqlm_univar_synth","draw_098",1528,"2023-01-09","forecast","-0.598996580020562"
"exdqlm_univar_synth","draw_098",1528,"2023-01-10","forecast","0.0953851953013666"
"exdqlm_univar_synth","draw_098",1528,"2023-01-11","forecast","-0.492150584790113"
"exdqlm_univar_synth","draw_098",1528,"2023-01-12","forecast","-0.249592955605320"
"exdqlm_univar_synth","draw_098",1528,"2023-01-13","forecast","-0.0800281492420493"
"exdqlm_univar_synth","draw_098",1528,"2023-01-14","forecast","-0.174189455830362"
"exdqlm_univar_synth","draw_098",1528,"2023-01-15","forecast","-0.209662504548020"
"exdqlm_univar_synth","draw_098",1528,"2023-01-16","forecast","-0.0985338860081508"
"exdqlm_univar_synth","draw_098",1528,"2023-01-17","forecast","-0.593069924712641"
"exdqlm_univar_synth","draw_098",1528,"2023-01-18","forecast","-0.599594670440161"
"exdqlm_univar_synth","draw_098",1528,"2023-01-19","forecast","-0.508600069186249"
"exdqlm_univar_synth","draw_098",1528,"2023-01-20","forecast","-0.829402457486949"
"exdqlm_univar_synth","draw_098",1528,"2023-01-21","forecast","-1.31593989186431"
"exdqlm_univar_synth","draw_098",1528,"2023-01-22","forecast","-0.815430754297025"
"exdqlm_univar_synth","draw_099",1544,"2022-12-26","forecast","-0.324679624054756"
"exdqlm_univar_synth","draw_099",1544,"2022-12-27","forecast","0.958158784373060"
"exdqlm_univar_synth","draw_099",1544,"2022-12-28","forecast","0.419075237544294"
"exdqlm_univar_synth","draw_099",1544,"2022-12-29","forecast","0.488727155654747"
"exdqlm_univar_synth","draw_099",1544,"2022-12-30","forecast","-0.187833070376704"
"exdqlm_univar_synth","draw_099",1544,"2022-12-31","forecast","0.818942811786106"
"exdqlm_univar_synth","draw_099",1544,"2023-01-01","forecast","0.662902709232629"
"exdqlm_univar_synth","draw_099",1544,"2023-01-02","forecast","0.0719486739722645"
"exdqlm_univar_synth","draw_099",1544,"2023-01-03","forecast","0.218879532466398"
"exdqlm_univar_synth","draw_099",1544,"2023-01-04","forecast","-0.170291242814183"
"exdqlm_univar_synth","draw_099",1544,"2023-01-05","forecast","-0.553112935662192"
"exdqlm_univar_synth","draw_099",1544,"2023-01-06","forecast","-0.738809867306334"
"exdqlm_univar_synth","draw_099",1544,"2023-01-07","forecast","-0.501669128447376"
"exdqlm_univar_synth","draw_099",1544,"2023-01-08","forecast","-0.270292845907491"
"exdqlm_univar_synth","draw_099",1544,"2023-01-09","forecast","-0.745807186465946"
"exdqlm_univar_synth","draw_099",1544,"2023-01-10","forecast","0.308099377547261"
"exdqlm_univar_synth","draw_099",1544,"2023-01-11","forecast","-0.446742196129719"
"exdqlm_univar_synth","draw_099",1544,"2023-01-12","forecast","-0.386656824562535"
"exdqlm_univar_synth","draw_099",1544,"2023-01-13","forecast","-0.327355623595420"
"exdqlm_univar_synth","draw_099",1544,"2023-01-14","forecast","-0.256224868884639"
"exdqlm_univar_synth","draw_099",1544,"2023-01-15","forecast","-0.107974672207205"
"exdqlm_univar_synth","draw_099",1544,"2023-01-16","forecast","-0.0945961560625988"
"exdqlm_univar_synth","draw_099",1544,"2023-01-17","forecast","-0.604197340804910"
"exdqlm_univar_synth","draw_099",1544,"2023-01-18","forecast","-0.598859387811369"
"exdqlm_univar_synth","draw_099",1544,"2023-01-19","forecast","-0.286073798211938"
"exdqlm_univar_synth","draw_099",1544,"2023-01-20","forecast","-1.36036191527685"
"exdqlm_univar_synth","draw_099",1544,"2023-01-21","forecast","-1.41620824629487"
"exdqlm_univar_synth","draw_099",1544,"2023-01-22","forecast","-1.26280977881679"
"exdqlm_univar_synth","draw_100",1559,"2022-12-26","forecast","-0.126965627177409"
"exdqlm_univar_synth","draw_100",1559,"2022-12-27","forecast","0.478924420852629"
"exdqlm_univar_synth","draw_100",1559,"2022-12-28","forecast","0.753675689245479"
"exdqlm_univar_synth","draw_100",1559,"2022-12-29","forecast","0.274902481400929"
"exdqlm_univar_synth","draw_100",1559,"2022-12-30","forecast","-0.166620821878896"
"exdqlm_univar_synth","draw_100",1559,"2022-12-31","forecast","0.879404096424696"
"exdqlm_univar_synth","draw_100",1559,"2023-01-01","forecast","0.648820904539382"
"exdqlm_univar_synth","draw_100",1559,"2023-01-02","forecast","-0.326744162946148"
"exdqlm_univar_synth","draw_100",1559,"2023-01-03","forecast","0.263360686172026"
"exdqlm_univar_synth","draw_100",1559,"2023-01-04","forecast","-0.612042235943545"
"exdqlm_univar_synth","draw_100",1559,"2023-01-05","forecast","-0.447982803460294"
"exdqlm_univar_synth","draw_100",1559,"2023-01-06","forecast","-0.601785562980370"
"exdqlm_univar_synth","draw_100",1559,"2023-01-07","forecast","-0.837264718819788"
"exdqlm_univar_synth","draw_100",1559,"2023-01-08","forecast","-0.0927734604385420"
"exdqlm_univar_synth","draw_100",1559,"2023-01-09","forecast","-0.267042683498108"
"exdqlm_univar_synth","draw_100",1559,"2023-01-10","forecast","-0.460780621739313"
"exdqlm_univar_synth","draw_100",1559,"2023-01-11","forecast","-0.161866579261264"
"exdqlm_univar_synth","draw_100",1559,"2023-01-12","forecast","-0.424214472959992"
"exdqlm_univar_synth","draw_100",1559,"2023-01-13","forecast","-0.264546318379394"
"exdqlm_univar_synth","draw_100",1559,"2023-01-14","forecast","-0.288278383231402"
"exdqlm_univar_synth","draw_100",1559,"2023-01-15","forecast","-0.150660152229739"
"exdqlm_univar_synth","draw_100",1559,"2023-01-16","forecast","-0.122255426631588"
"exdqlm_univar_synth","draw_100",1559,"2023-01-17","forecast","-0.632961420381725"
"exdqlm_univar_synth","draw_100",1559,"2023-01-18","forecast","-0.595268709885313"
"exdqlm_univar_synth","draw_100",1559,"2023-01-19","forecast","-0.238331656303378"
"exdqlm_univar_synth","draw_100",1559,"2023-01-20","forecast","-0.830885035451179"
"exdqlm_univar_synth","draw_100",1559,"2023-01-21","forecast","-1.22132964282106"
"exdqlm_univar_synth","draw_100",1559,"2023-01-22","forecast","-1.21269844866013"
"exdqlm_univar_synth","draw_101",1575,"2022-12-26","forecast","-0.0668977961958378"
"exdqlm_univar_synth","draw_101",1575,"2022-12-27","forecast","0.477540296202719"
"exdqlm_univar_synth","draw_101",1575,"2022-12-28","forecast","0.584877792163282"
"exdqlm_univar_synth","draw_101",1575,"2022-12-29","forecast","0.181167172055312"
"exdqlm_univar_synth","draw_101",1575,"2022-12-30","forecast","0.241188785620678"
"exdqlm_univar_synth","draw_101",1575,"2022-12-31","forecast","1.00242804798416"
"exdqlm_univar_synth","draw_101",1575,"2023-01-01","forecast","0.282363082033027"
"exdqlm_univar_synth","draw_101",1575,"2023-01-02","forecast","-0.390955672356892"
"exdqlm_univar_synth","draw_101",1575,"2023-01-03","forecast","-0.159055951544771"
"exdqlm_univar_synth","draw_101",1575,"2023-01-04","forecast","-0.173044309101318"
"exdqlm_univar_synth","draw_101",1575,"2023-01-05","forecast","0.117308109959861"
"exdqlm_univar_synth","draw_101",1575,"2023-01-06","forecast","-0.157535197893531"
"exdqlm_univar_synth","draw_101",1575,"2023-01-07","forecast","-0.457747346742285"
"exdqlm_univar_synth","draw_101",1575,"2023-01-08","forecast","-0.0175086282898457"
"exdqlm_univar_synth","draw_101",1575,"2023-01-09","forecast","-0.504494845220567"
"exdqlm_univar_synth","draw_101",1575,"2023-01-10","forecast","-0.288765948567837"
"exdqlm_univar_synth","draw_101",1575,"2023-01-11","forecast","-0.224158104040235"
"exdqlm_univar_synth","draw_101",1575,"2023-01-12","forecast","-0.882667143878272"
"exdqlm_univar_synth","draw_101",1575,"2023-01-13","forecast","-0.0828692476801076"
"exdqlm_univar_synth","draw_101",1575,"2023-01-14","forecast","-0.766407739892902"
"exdqlm_univar_synth","draw_101",1575,"2023-01-15","forecast","-0.814181738709045"
"exdqlm_univar_synth","draw_101",1575,"2023-01-16","forecast","-0.230773882224077"
"exdqlm_univar_synth","draw_101",1575,"2023-01-17","forecast","-0.421859187299432"
"exdqlm_univar_synth","draw_101",1575,"2023-01-18","forecast","-1.16225861996991"
"exdqlm_univar_synth","draw_101",1575,"2023-01-19","forecast","-1.01148529463144"
"exdqlm_univar_synth","draw_101",1575,"2023-01-20","forecast","-0.830998215618945"
"exdqlm_univar_synth","draw_101",1575,"2023-01-21","forecast","-1.19881802183636"
"exdqlm_univar_synth","draw_101",1575,"2023-01-22","forecast","-1.37754141620657"
"exdqlm_univar_synth","draw_102",1591,"2022-12-26","forecast","-0.372209082881538"
"exdqlm_univar_synth","draw_102",1591,"2022-12-27","forecast","1.19876390850455"
"exdqlm_univar_synth","draw_102",1591,"2022-12-28","forecast","0.915789999086223"
"exdqlm_univar_synth","draw_102",1591,"2022-12-29","forecast","0.00507104903383344"
"exdqlm_univar_synth","draw_102",1591,"2022-12-30","forecast","-0.00649286245252333"
"exdqlm_univar_synth","draw_102",1591,"2022-12-31","forecast","0.334743185117846"
"exdqlm_univar_synth","draw_102",1591,"2023-01-01","forecast","0.0349349278960758"
"exdqlm_univar_synth","draw_102",1591,"2023-01-02","forecast","0.451410776115528"
"exdqlm_univar_synth","draw_102",1591,"2023-01-03","forecast","-0.140028762207411"
"exdqlm_univar_synth","draw_102",1591,"2023-01-04","forecast","-0.260558921129618"
"exdqlm_univar_synth","draw_102",1591,"2023-01-05","forecast","-0.162038405708126"
"exdqlm_univar_synth","draw_102",1591,"2023-01-06","forecast","-0.243971918635697"
"exdqlm_univar_synth","draw_102",1591,"2023-01-07","forecast","-0.769065341132683"
"exdqlm_univar_synth","draw_102",1591,"2023-01-08","forecast","-0.131208700806842"
"exdqlm_univar_synth","draw_102",1591,"2023-01-09","forecast","-0.135183109279558"
"exdqlm_univar_synth","draw_102",1591,"2023-01-10","forecast","-0.467359736765162"
"exdqlm_univar_synth","draw_102",1591,"2023-01-11","forecast","-0.215763815810144"
"exdqlm_univar_synth","draw_102",1591,"2023-01-12","forecast","-0.176294644581261"
"exdqlm_univar_synth","draw_102",1591,"2023-01-13","forecast","-0.445186725625477"
"exdqlm_univar_synth","draw_102",1591,"2023-01-14","forecast","-0.179591222880094"
"exdqlm_univar_synth","draw_102",1591,"2023-01-15","forecast","-0.109071346481058"
"exdqlm_univar_synth","draw_102",1591,"2023-01-16","forecast","-0.306350588524708"
"exdqlm_univar_synth","draw_102",1591,"2023-01-17","forecast","-0.551916594312769"
"exdqlm_univar_synth","draw_102",1591,"2023-01-18","forecast","-0.916119797381570"
"exdqlm_univar_synth","draw_102",1591,"2023-01-19","forecast","-0.555582243658073"
"exdqlm_univar_synth","draw_102",1591,"2023-01-20","forecast","-0.997469572482958"
"exdqlm_univar_synth","draw_102",1591,"2023-01-21","forecast","-0.893386940369184"
"exdqlm_univar_synth","draw_102",1591,"2023-01-22","forecast","-0.816343301686263"
"exdqlm_univar_synth","draw_103",1606,"2022-12-26","forecast","-0.361007731100882"
"exdqlm_univar_synth","draw_103",1606,"2022-12-27","forecast","1.36363760957487"
"exdqlm_univar_synth","draw_103",1606,"2022-12-28","forecast","0.556493445900703"
"exdqlm_univar_synth","draw_103",1606,"2022-12-29","forecast","0.521943473226603"
"exdqlm_univar_synth","draw_103",1606,"2022-12-30","forecast","-0.0660711339933854"
"exdqlm_univar_synth","draw_103",1606,"2022-12-31","forecast","0.648812864671602"
"exdqlm_univar_synth","draw_103",1606,"2023-01-01","forecast","0.626448769002133"
"exdqlm_univar_synth","draw_103",1606,"2023-01-02","forecast","0.0711193767223717"
"exdqlm_univar_synth","draw_103",1606,"2023-01-03","forecast","0.333920208659702"
"exdqlm_univar_synth","draw_103",1606,"2023-01-04","forecast","-0.0478070716677285"
"exdqlm_univar_synth","draw_103",1606,"2023-01-05","forecast","0.0770544668532519"
"exdqlm_univar_synth","draw_103",1606,"2023-01-06","forecast","-0.167801263335142"
"exdqlm_univar_synth","draw_103",1606,"2023-01-07","forecast","-0.475946684282359"
"exdqlm_univar_synth","draw_103",1606,"2023-01-08","forecast","0.0641265180479839"
"exdqlm_univar_synth","draw_103",1606,"2023-01-09","forecast","-0.143495759736505"
"exdqlm_univar_synth","draw_103",1606,"2023-01-10","forecast","-0.440905657182871"
"exdqlm_univar_synth","draw_103",1606,"2023-01-11","forecast","-0.227645140751115"
"exdqlm_univar_synth","draw_103",1606,"2023-01-12","forecast","-0.126056211272113"
"exdqlm_univar_synth","draw_103",1606,"2023-01-13","forecast","-0.0544293746644481"
"exdqlm_univar_synth","draw_103",1606,"2023-01-14","forecast","-0.178920273223290"
"exdqlm_univar_synth","draw_103",1606,"2023-01-15","forecast","-0.467923007550504"
"exdqlm_univar_synth","draw_103",1606,"2023-01-16","forecast","-0.0247415994587345"
"exdqlm_univar_synth","draw_103",1606,"2023-01-17","forecast","-0.931091663230516"
"exdqlm_univar_synth","draw_103",1606,"2023-01-18","forecast","-0.597457622312318"
"exdqlm_univar_synth","draw_103",1606,"2023-01-19","forecast","-0.501927448456636"
"exdqlm_univar_synth","draw_103",1606,"2023-01-20","forecast","-1.38461994784481"
"exdqlm_univar_synth","draw_103",1606,"2023-01-21","forecast","-1.67754839988193"
"exdqlm_univar_synth","draw_103",1606,"2023-01-22","forecast","-1.51471682600366"
"exdqlm_univar_synth","draw_104",1622,"2022-12-26","forecast","0.0775687677764727"
"exdqlm_univar_synth","draw_104",1622,"2022-12-27","forecast","0.634706799012860"
"exdqlm_univar_synth","draw_104",1622,"2022-12-28","forecast","0.578497416489619"
"exdqlm_univar_synth","draw_104",1622,"2022-12-29","forecast","0.399871486671429"
"exdqlm_univar_synth","draw_104",1622,"2022-12-30","forecast","0.447064344587379"
"exdqlm_univar_synth","draw_104",1622,"2022-12-31","forecast","0.495938908411156"
"exdqlm_univar_synth","draw_104",1622,"2023-01-01","forecast","0.271797662113766"
"exdqlm_univar_synth","draw_104",1622,"2023-01-02","forecast","-0.439541515395648"
"exdqlm_univar_synth","draw_104",1622,"2023-01-03","forecast","0.324002960688660"
"exdqlm_univar_synth","draw_104",1622,"2023-01-04","forecast","-0.558314060181946"
"exdqlm_univar_synth","draw_104",1622,"2023-01-05","forecast","0.0682715546675362"
"exdqlm_univar_synth","draw_104",1622,"2023-01-06","forecast","-0.244152591053070"
"exdqlm_univar_synth","draw_104",1622,"2023-01-07","forecast","-0.459485449997030"
"exdqlm_univar_synth","draw_104",1622,"2023-01-08","forecast","-0.261855995933806"
"exdqlm_univar_synth","draw_104",1622,"2023-01-09","forecast","-0.770721813823904"
"exdqlm_univar_synth","draw_104",1622,"2023-01-10","forecast","-0.548869144528690"
"exdqlm_univar_synth","draw_104",1622,"2023-01-11","forecast","-0.308965573312172"
"exdqlm_univar_synth","draw_104",1622,"2023-01-12","forecast","-0.485225774023530"
"exdqlm_univar_synth","draw_104",1622,"2023-01-13","forecast","-0.392939638530025"
"exdqlm_univar_synth","draw_104",1622,"2023-01-14","forecast","-0.154938363092484"
"exdqlm_univar_synth","draw_104",1622,"2023-01-15","forecast","-0.108916346699630"
"exdqlm_univar_synth","draw_104",1622,"2023-01-16","forecast","0.163257051382888"
"exdqlm_univar_synth","draw_104",1622,"2023-01-17","forecast","-0.829904633225126"
"exdqlm_univar_synth","draw_104",1622,"2023-01-18","forecast","-0.602384911130918"
"exdqlm_univar_synth","draw_104",1622,"2023-01-19","forecast","-0.967265422259007"
"exdqlm_univar_synth","draw_104",1622,"2023-01-20","forecast","-1.17148369396782"
"exdqlm_univar_synth","draw_104",1622,"2023-01-21","forecast","-0.901011906531670"
"exdqlm_univar_synth","draw_104",1622,"2023-01-22","forecast","-1.18925723436735"
"exdqlm_univar_synth","draw_105",1638,"2022-12-26","forecast","-0.104543291447389"
"exdqlm_univar_synth","draw_105",1638,"2022-12-27","forecast","0.624826038902821"
"exdqlm_univar_synth","draw_105",1638,"2022-12-28","forecast","0.317726964495392"
"exdqlm_univar_synth","draw_105",1638,"2022-12-29","forecast","-0.0232866198547355"
"exdqlm_univar_synth","draw_105",1638,"2022-12-30","forecast","-0.0171167082982223"
"exdqlm_univar_synth","draw_105",1638,"2022-12-31","forecast","0.427579366471949"
"exdqlm_univar_synth","draw_105",1638,"2023-01-01","forecast","0.318110079670306"
"exdqlm_univar_synth","draw_105",1638,"2023-01-02","forecast","0.0753457427767882"
"exdqlm_univar_synth","draw_105",1638,"2023-01-03","forecast","0.264151119343410"
"exdqlm_univar_synth","draw_105",1638,"2023-01-04","forecast","-0.171260884541439"
"exdqlm_univar_synth","draw_105",1638,"2023-01-05","forecast","-0.334115469156872"
"exdqlm_univar_synth","draw_105",1638,"2023-01-06","forecast","-0.336526773206572"
"exdqlm_univar_synth","draw_105",1638,"2023-01-07","forecast","-0.823026772690010"
"exdqlm_univar_synth","draw_105",1638,"2023-01-08","forecast","-0.491300880848451"
"exdqlm_univar_synth","draw_105",1638,"2023-01-09","forecast","-0.502600647543000"
"exdqlm_univar_synth","draw_105",1638,"2023-01-10","forecast","-0.156225466721081"
"exdqlm_univar_synth","draw_105",1638,"2023-01-11","forecast","-0.194633199177287"
"exdqlm_univar_synth","draw_105",1638,"2023-01-12","forecast","-0.285834135509990"
"exdqlm_univar_synth","draw_105",1638,"2023-01-13","forecast","-0.679362975451539"
"exdqlm_univar_synth","draw_105",1638,"2023-01-14","forecast","-0.165329552015229"
"exdqlm_univar_synth","draw_105",1638,"2023-01-15","forecast","-0.594569838558785"
"exdqlm_univar_synth","draw_105",1638,"2023-01-16","forecast","-0.109718864611430"
"exdqlm_univar_synth","draw_105",1638,"2023-01-17","forecast","-0.413404510385000"
"exdqlm_univar_synth","draw_105",1638,"2023-01-18","forecast","-0.602485041836823"
"exdqlm_univar_synth","draw_105",1638,"2023-01-19","forecast","-0.573641071426079"
"exdqlm_univar_synth","draw_105",1638,"2023-01-20","forecast","-0.834411074732637"
"exdqlm_univar_synth","draw_105",1638,"2023-01-21","forecast","-1.03624491906972"
"exdqlm_univar_synth","draw_105",1638,"2023-01-22","forecast","-0.867875130497887"
"exdqlm_univar_synth","draw_106",1654,"2022-12-26","forecast","-0.546135434801091"
"exdqlm_univar_synth","draw_106",1654,"2022-12-27","forecast","1.10546939409845"
"exdqlm_univar_synth","draw_106",1654,"2022-12-28","forecast","0.400928216483765"
"exdqlm_univar_synth","draw_106",1654,"2022-12-29","forecast","0.368172466358498"
"exdqlm_univar_synth","draw_106",1654,"2022-12-30","forecast","0.300293708852434"
"exdqlm_univar_synth","draw_106",1654,"2022-12-31","forecast","0.894842165683111"
"exdqlm_univar_synth","draw_106",1654,"2023-01-01","forecast","0.414464764026210"
"exdqlm_univar_synth","draw_106",1654,"2023-01-02","forecast","0.0750564076040752"
"exdqlm_univar_synth","draw_106",1654,"2023-01-03","forecast","0.264838266431099"
"exdqlm_univar_synth","draw_106",1654,"2023-01-04","forecast","-0.272734602278590"
"exdqlm_univar_synth","draw_106",1654,"2023-01-05","forecast","-0.0185577863669716"
"exdqlm_univar_synth","draw_106",1654,"2023-01-06","forecast","-0.610604431411745"
"exdqlm_univar_synth","draw_106",1654,"2023-01-07","forecast","-0.823532745781678"
"exdqlm_univar_synth","draw_106",1654,"2023-01-08","forecast","-0.0147205441175282"
"exdqlm_univar_synth","draw_106",1654,"2023-01-09","forecast","-0.532447026762484"
"exdqlm_univar_synth","draw_106",1654,"2023-01-10","forecast","0.232900462664889"
"exdqlm_univar_synth","draw_106",1654,"2023-01-11","forecast","-0.824254735522352"
"exdqlm_univar_synth","draw_106",1654,"2023-01-12","forecast","-0.144173892414708"
"exdqlm_univar_synth","draw_106",1654,"2023-01-13","forecast","-0.0127662916046443"
"exdqlm_univar_synth","draw_106",1654,"2023-01-14","forecast","-0.116177738164021"
"exdqlm_univar_synth","draw_106",1654,"2023-01-15","forecast","-0.380317654779279"
"exdqlm_univar_synth","draw_106",1654,"2023-01-16","forecast","-0.618965867252962"
"exdqlm_univar_synth","draw_106",1654,"2023-01-17","forecast","-0.403576439947550"
"exdqlm_univar_synth","draw_106",1654,"2023-01-18","forecast","-0.607066564577368"
"exdqlm_univar_synth","draw_106",1654,"2023-01-19","forecast","-0.498723081358948"
"exdqlm_univar_synth","draw_106",1654,"2023-01-20","forecast","-0.940527862575149"
"exdqlm_univar_synth","draw_106",1654,"2023-01-21","forecast","-1.21381429529943"
"exdqlm_univar_synth","draw_106",1654,"2023-01-22","forecast","-0.825687674638187"
"exdqlm_univar_synth","draw_107",1669,"2022-12-26","forecast","-0.401896028881393"
"exdqlm_univar_synth","draw_107",1669,"2022-12-27","forecast","0.766191610992955"
"exdqlm_univar_synth","draw_107",1669,"2022-12-28","forecast","0.613900159994503"
"exdqlm_univar_synth","draw_107",1669,"2022-12-29","forecast","0.475204023479692"
"exdqlm_univar_synth","draw_107",1669,"2022-12-30","forecast","0.301690213040872"
"exdqlm_univar_synth","draw_107",1669,"2022-12-31","forecast","0.394262080306576"
"exdqlm_univar_synth","draw_107",1669,"2023-01-01","forecast","0.448288504420204"
"exdqlm_univar_synth","draw_107",1669,"2023-01-02","forecast","-0.106440504333708"
"exdqlm_univar_synth","draw_107",1669,"2023-01-03","forecast","0.376822047245624"
"exdqlm_univar_synth","draw_107",1669,"2023-01-04","forecast","-0.652035874325277"
"exdqlm_univar_synth","draw_107",1669,"2023-01-05","forecast","0.0680169028050312"
"exdqlm_univar_synth","draw_107",1669,"2023-01-06","forecast","-0.165354393431694"
"exdqlm_univar_synth","draw_107",1669,"2023-01-07","forecast","-0.456415017845128"
"exdqlm_univar_synth","draw_107",1669,"2023-01-08","forecast","-0.0177935337513135"
"exdqlm_univar_synth","draw_107",1669,"2023-01-09","forecast","-0.447796632997663"
"exdqlm_univar_synth","draw_107",1669,"2023-01-10","forecast","0.0726034234203314"
"exdqlm_univar_synth","draw_107",1669,"2023-01-11","forecast","-0.454786869806330"
"exdqlm_univar_synth","draw_107",1669,"2023-01-12","forecast","-0.360472274054980"
"exdqlm_univar_synth","draw_107",1669,"2023-01-13","forecast","-0.257891409796102"
"exdqlm_univar_synth","draw_107",1669,"2023-01-14","forecast","-0.155843603751805"
"exdqlm_univar_synth","draw_107",1669,"2023-01-15","forecast","-0.0471377960642320"
"exdqlm_univar_synth","draw_107",1669,"2023-01-16","forecast","-0.0874742154217918"
"exdqlm_univar_synth","draw_107",1669,"2023-01-17","forecast","-0.383722661186083"
"exdqlm_univar_synth","draw_107",1669,"2023-01-18","forecast","-0.560482947836235"
"exdqlm_univar_synth","draw_107",1669,"2023-01-19","forecast","-0.555981305990969"
"exdqlm_univar_synth","draw_107",1669,"2023-01-20","forecast","-0.862915274661166"
"exdqlm_univar_synth","draw_107",1669,"2023-01-21","forecast","-1.01491025952937"
"exdqlm_univar_synth","draw_107",1669,"2023-01-22","forecast","-0.887902310338771"
"exdqlm_univar_synth","draw_108",1685,"2022-12-26","forecast","-0.273743234905032"
"exdqlm_univar_synth","draw_108",1685,"2022-12-27","forecast","1.03693934176754"
"exdqlm_univar_synth","draw_108",1685,"2022-12-28","forecast","0.510397289737357"
"exdqlm_univar_synth","draw_108",1685,"2022-12-29","forecast","0.292026243416137"
"exdqlm_univar_synth","draw_108",1685,"2022-12-30","forecast","-0.154137444645871"
"exdqlm_univar_synth","draw_108",1685,"2022-12-31","forecast","0.740969855167755"
"exdqlm_univar_synth","draw_108",1685,"2023-01-01","forecast","0.736339915672638"
"exdqlm_univar_synth","draw_108",1685,"2023-01-02","forecast","0.0746852308672438"
"exdqlm_univar_synth","draw_108",1685,"2023-01-03","forecast","0.321021804513568"
"exdqlm_univar_synth","draw_108",1685,"2023-01-04","forecast","-0.494210913182366"
"exdqlm_univar_synth","draw_108",1685,"2023-01-05","forecast","0.0233951505663912"
"exdqlm_univar_synth","draw_108",1685,"2023-01-06","forecast","-0.167040486331339"
"exdqlm_univar_synth","draw_108",1685,"2023-01-07","forecast","-0.552590870322917"
"exdqlm_univar_synth","draw_108",1685,"2023-01-08","forecast","-0.391910462689255"
"exdqlm_univar_synth","draw_108",1685,"2023-01-09","forecast","-0.167775166125702"
"exdqlm_univar_synth","draw_108",1685,"2023-01-10","forecast","-0.00524955904864141"
"exdqlm_univar_synth","draw_108",1685,"2023-01-11","forecast","-0.769666819529867"
"exdqlm_univar_synth","draw_108",1685,"2023-01-12","forecast","-0.193618651816835"
"exdqlm_univar_synth","draw_108",1685,"2023-01-13","forecast","-0.000490986865975567"
"exdqlm_univar_synth","draw_108",1685,"2023-01-14","forecast","-0.454785395733737"
"exdqlm_univar_synth","draw_108",1685,"2023-01-15","forecast","-0.107134398274334"
"exdqlm_univar_synth","draw_108",1685,"2023-01-16","forecast","-0.0735620101818626"
"exdqlm_univar_synth","draw_108",1685,"2023-01-17","forecast","-0.736457658241222"
"exdqlm_univar_synth","draw_108",1685,"2023-01-18","forecast","-1.02830391340607"
"exdqlm_univar_synth","draw_108",1685,"2023-01-19","forecast","-0.555735786507707"
"exdqlm_univar_synth","draw_108",1685,"2023-01-20","forecast","-0.841700859313220"
"exdqlm_univar_synth","draw_108",1685,"2023-01-21","forecast","-0.899824940821446"
"exdqlm_univar_synth","draw_108",1685,"2023-01-22","forecast","-0.813795776750278"
"exdqlm_univar_synth","draw_109",1701,"2022-12-26","forecast","-0.319528166159836"
"exdqlm_univar_synth","draw_109",1701,"2022-12-27","forecast","0.686380714493288"
"exdqlm_univar_synth","draw_109",1701,"2022-12-28","forecast","0.0645169996906132"
"exdqlm_univar_synth","draw_109",1701,"2022-12-29","forecast","0.315193881717904"
"exdqlm_univar_synth","draw_109",1701,"2022-12-30","forecast","-0.0372517709694004"
"exdqlm_univar_synth","draw_109",1701,"2022-12-31","forecast","0.797614931660949"
"exdqlm_univar_synth","draw_109",1701,"2023-01-01","forecast","0.667988501959609"
"exdqlm_univar_synth","draw_109",1701,"2023-01-02","forecast","0.139016263657112"
"exdqlm_univar_synth","draw_109",1701,"2023-01-03","forecast","-0.0523612341312222"
"exdqlm_univar_synth","draw_109",1701,"2023-01-04","forecast","-0.432205486743761"
"exdqlm_univar_synth","draw_109",1701,"2023-01-05","forecast","0.00348997304501392"
"exdqlm_univar_synth","draw_109",1701,"2023-01-06","forecast","-0.518941336626458"
"exdqlm_univar_synth","draw_109",1701,"2023-01-07","forecast","-0.462705535410155"
"exdqlm_univar_synth","draw_109",1701,"2023-01-08","forecast","-0.0156347563944885"
"exdqlm_univar_synth","draw_109",1701,"2023-01-09","forecast","-0.108703140804035"
"exdqlm_univar_synth","draw_109",1701,"2023-01-10","forecast","0.0332248481406750"
"exdqlm_univar_synth","draw_109",1701,"2023-01-11","forecast","-0.472978679783057"
"exdqlm_univar_synth","draw_109",1701,"2023-01-12","forecast","-0.271689707372061"
"exdqlm_univar_synth","draw_109",1701,"2023-01-13","forecast","-0.307736800966745"
"exdqlm_univar_synth","draw_109",1701,"2023-01-14","forecast","-0.722015225557589"
"exdqlm_univar_synth","draw_109",1701,"2023-01-15","forecast","-0.100145619790079"
"exdqlm_univar_synth","draw_109",1701,"2023-01-16","forecast","-0.0887649493343722"
"exdqlm_univar_synth","draw_109",1701,"2023-01-17","forecast","-0.449911260729494"
"exdqlm_univar_synth","draw_109",1701,"2023-01-18","forecast","-0.634182481852751"
"exdqlm_univar_synth","draw_109",1701,"2023-01-19","forecast","-0.552395688289330"
"exdqlm_univar_synth","draw_109",1701,"2023-01-20","forecast","-0.715549864364091"
"exdqlm_univar_synth","draw_109",1701,"2023-01-21","forecast","-0.893414798683125"
"exdqlm_univar_synth","draw_109",1701,"2023-01-22","forecast","-0.816746061205630"
"exdqlm_univar_synth","draw_110",1717,"2022-12-26","forecast","-0.163784216663848"
"exdqlm_univar_synth","draw_110",1717,"2022-12-27","forecast","1.23028494057427"
"exdqlm_univar_synth","draw_110",1717,"2022-12-28","forecast","0.374493936945610"
"exdqlm_univar_synth","draw_110",1717,"2022-12-29","forecast","0.472461128194136"
"exdqlm_univar_synth","draw_110",1717,"2022-12-30","forecast","0.0343098781876970"
"exdqlm_univar_synth","draw_110",1717,"2022-12-31","forecast","0.991491808995023"
"exdqlm_univar_synth","draw_110",1717,"2023-01-01","forecast","0.348926878547544"
"exdqlm_univar_synth","draw_110",1717,"2023-01-02","forecast","-0.113418291551867"
"exdqlm_univar_synth","draw_110",1717,"2023-01-03","forecast","0.366165127698816"
"exdqlm_univar_synth","draw_110",1717,"2023-01-04","forecast","-0.389856583232268"
"exdqlm_univar_synth","draw_110",1717,"2023-01-05","forecast","0.239127062827918"
"exdqlm_univar_synth","draw_110",1717,"2023-01-06","forecast","-0.166340292442850"
"exdqlm_univar_synth","draw_110",1717,"2023-01-07","forecast","-0.514857790948118"
"exdqlm_univar_synth","draw_110",1717,"2023-01-08","forecast","-0.163913580387527"
"exdqlm_univar_synth","draw_110",1717,"2023-01-09","forecast","-0.529064980843782"
"exdqlm_univar_synth","draw_110",1717,"2023-01-10","forecast","0.0766321619839644"
"exdqlm_univar_synth","draw_110",1717,"2023-01-11","forecast","-0.226564030692270"
"exdqlm_univar_synth","draw_110",1717,"2023-01-12","forecast","-0.409622620154156"
"exdqlm_univar_synth","draw_110",1717,"2023-01-13","forecast","-0.433825774414714"
"exdqlm_univar_synth","draw_110",1717,"2023-01-14","forecast","-0.297451688466438"
"exdqlm_univar_synth","draw_110",1717,"2023-01-15","forecast","-0.266443502590665"
"exdqlm_univar_synth","draw_110",1717,"2023-01-16","forecast","-0.103847526434730"
"exdqlm_univar_synth","draw_110",1717,"2023-01-17","forecast","-0.443936447865397"
"exdqlm_univar_synth","draw_110",1717,"2023-01-18","forecast","-0.602073683289634"
"exdqlm_univar_synth","draw_110",1717,"2023-01-19","forecast","-1.03174635439475"
"exdqlm_univar_synth","draw_110",1717,"2023-01-20","forecast","-0.830204945023350"
"exdqlm_univar_synth","draw_110",1717,"2023-01-21","forecast","-0.833238764492566"
"exdqlm_univar_synth","draw_110",1717,"2023-01-22","forecast","-1.08076846479979"
"exdqlm_univar_synth","draw_111",1732,"2022-12-26","forecast","-0.390582850875350"
"exdqlm_univar_synth","draw_111",1732,"2022-12-27","forecast","0.974764311786701"
"exdqlm_univar_synth","draw_111",1732,"2022-12-28","forecast","0.462994525825249"
"exdqlm_univar_synth","draw_111",1732,"2022-12-29","forecast","0.250943563972664"
"exdqlm_univar_synth","draw_111",1732,"2022-12-30","forecast","0.225216795018870"
"exdqlm_univar_synth","draw_111",1732,"2022-12-31","forecast","0.480528629021312"
"exdqlm_univar_synth","draw_111",1732,"2023-01-01","forecast","0.677538458042500"
"exdqlm_univar_synth","draw_111",1732,"2023-01-02","forecast","-0.155070520018705"
"exdqlm_univar_synth","draw_111",1732,"2023-01-03","forecast","-0.177921806777858"
"exdqlm_univar_synth","draw_111",1732,"2023-01-04","forecast","-0.162374526551281"
"exdqlm_univar_synth","draw_111",1732,"2023-01-05","forecast","0.00757315115255304"
"exdqlm_univar_synth","draw_111",1732,"2023-01-06","forecast","-0.256613634630820"
"exdqlm_univar_synth","draw_111",1732,"2023-01-07","forecast","-0.455218020267130"
"exdqlm_univar_synth","draw_111",1732,"2023-01-08","forecast","-0.511691468562166"
"exdqlm_univar_synth","draw_111",1732,"2023-01-09","forecast","-0.138060877542300"
"exdqlm_univar_synth","draw_111",1732,"2023-01-10","forecast","-0.435213150269159"
"exdqlm_univar_synth","draw_111",1732,"2023-01-11","forecast","-0.357415685414021"
"exdqlm_univar_synth","draw_111",1732,"2023-01-12","forecast","-0.198306458018319"
"exdqlm_univar_synth","draw_111",1732,"2023-01-13","forecast","-0.101581711390019"
"exdqlm_univar_synth","draw_111",1732,"2023-01-14","forecast","-0.154483904834439"
"exdqlm_univar_synth","draw_111",1732,"2023-01-15","forecast","-0.824574770417023"
"exdqlm_univar_synth","draw_111",1732,"2023-01-16","forecast","-0.0963730724628687"
"exdqlm_univar_synth","draw_111",1732,"2023-01-17","forecast","-0.399443894397164"
"exdqlm_univar_synth","draw_111",1732,"2023-01-18","forecast","-0.716299094240304"
"exdqlm_univar_synth","draw_111",1732,"2023-01-19","forecast","-0.554752125635453"
"exdqlm_univar_synth","draw_111",1732,"2023-01-20","forecast","-0.842972829460616"
"exdqlm_univar_synth","draw_111",1732,"2023-01-21","forecast","-0.892106454221807"
"exdqlm_univar_synth","draw_111",1732,"2023-01-22","forecast","-0.817755860385179"
"exdqlm_univar_synth","draw_112",1748,"2022-12-26","forecast","-0.0410484865318140"
"exdqlm_univar_synth","draw_112",1748,"2022-12-27","forecast","0.884037055397356"
"exdqlm_univar_synth","draw_112",1748,"2022-12-28","forecast","0.703815571541209"
"exdqlm_univar_synth","draw_112",1748,"2022-12-29","forecast","0.205980346174627"
"exdqlm_univar_synth","draw_112",1748,"2022-12-30","forecast","0.230882481712024"
"exdqlm_univar_synth","draw_112",1748,"2022-12-31","forecast","0.808669883703141"
"exdqlm_univar_synth","draw_112",1748,"2023-01-01","forecast","0.317938314336171"
"exdqlm_univar_synth","draw_112",1748,"2023-01-02","forecast","-0.110777608355198"
"exdqlm_univar_synth","draw_112",1748,"2023-01-03","forecast","0.387474810650582"
"exdqlm_univar_synth","draw_112",1748,"2023-01-04","forecast","-0.606659709821999"
"exdqlm_univar_synth","draw_112",1748,"2023-01-05","forecast","0.0676462805843847"
"exdqlm_univar_synth","draw_112",1748,"2023-01-06","forecast","-0.134225495824621"
"exdqlm_univar_synth","draw_112",1748,"2023-01-07","forecast","-0.467625454955027"
"exdqlm_univar_synth","draw_112",1748,"2023-01-08","forecast","-0.588809028338727"
"exdqlm_univar_synth","draw_112",1748,"2023-01-09","forecast","-0.172414161579472"
"exdqlm_univar_synth","draw_112",1748,"2023-01-10","forecast","-0.333568213237350"
"exdqlm_univar_synth","draw_112",1748,"2023-01-11","forecast","-0.225739183898002"
"exdqlm_univar_synth","draw_112",1748,"2023-01-12","forecast","-0.180849315124684"
"exdqlm_univar_synth","draw_112",1748,"2023-01-13","forecast","-0.598794816751306"
"exdqlm_univar_synth","draw_112",1748,"2023-01-14","forecast","-0.159001268371874"
"exdqlm_univar_synth","draw_112",1748,"2023-01-15","forecast","0.267939187630368"
"exdqlm_univar_synth","draw_112",1748,"2023-01-16","forecast","-0.0983107422942611"
"exdqlm_univar_synth","draw_112",1748,"2023-01-17","forecast","-0.926533633612781"
"exdqlm_univar_synth","draw_112",1748,"2023-01-18","forecast","-0.597577648279800"
"exdqlm_univar_synth","draw_112",1748,"2023-01-19","forecast","-0.555530530565652"
"exdqlm_univar_synth","draw_112",1748,"2023-01-20","forecast","-1.09788306384600"
"exdqlm_univar_synth","draw_112",1748,"2023-01-21","forecast","-0.950203127947251"
"exdqlm_univar_synth","draw_112",1748,"2023-01-22","forecast","-0.818587107237720"
"exdqlm_univar_synth","draw_113",1764,"2022-12-26","forecast","-0.181717005829071"
"exdqlm_univar_synth","draw_113",1764,"2022-12-27","forecast","0.705403128969261"
"exdqlm_univar_synth","draw_113",1764,"2022-12-28","forecast","0.512195861397382"
"exdqlm_univar_synth","draw_113",1764,"2022-12-29","forecast","0.334231961515482"
"exdqlm_univar_synth","draw_113",1764,"2022-12-30","forecast","-0.00874685702346603"
"exdqlm_univar_synth","draw_113",1764,"2022-12-31","forecast","0.348077856490290"
"exdqlm_univar_synth","draw_113",1764,"2023-01-01","forecast","0.561698941795257"
"exdqlm_univar_synth","draw_113",1764,"2023-01-02","forecast","-0.167838867032856"
"exdqlm_univar_synth","draw_113",1764,"2023-01-03","forecast","0.474478038599489"
"exdqlm_univar_synth","draw_113",1764,"2023-01-04","forecast","-0.367300343481118"
"exdqlm_univar_synth","draw_113",1764,"2023-01-05","forecast","-0.0666848781661010"
"exdqlm_univar_synth","draw_113",1764,"2023-01-06","forecast","-0.207069496339772"
"exdqlm_univar_synth","draw_113",1764,"2023-01-07","forecast","-0.604959067171515"
"exdqlm_univar_synth","draw_113",1764,"2023-01-08","forecast","-0.134507858559097"
"exdqlm_univar_synth","draw_113",1764,"2023-01-09","forecast","-0.384322288447973"
"exdqlm_univar_synth","draw_113",1764,"2023-01-10","forecast","0.0479790773395308"
"exdqlm_univar_synth","draw_113",1764,"2023-01-11","forecast","-0.427260386227816"
"exdqlm_univar_synth","draw_113",1764,"2023-01-12","forecast","-0.705091629204290"
"exdqlm_univar_synth","draw_113",1764,"2023-01-13","forecast","-0.284239224705002"
"exdqlm_univar_synth","draw_113",1764,"2023-01-14","forecast","-0.638085359530426"
"exdqlm_univar_synth","draw_113",1764,"2023-01-15","forecast","-0.108033586028618"
"exdqlm_univar_synth","draw_113",1764,"2023-01-16","forecast","-0.0919454399592125"
"exdqlm_univar_synth","draw_113",1764,"2023-01-17","forecast","-0.411934227211321"
"exdqlm_univar_synth","draw_113",1764,"2023-01-18","forecast","-0.976445521464109"
"exdqlm_univar_synth","draw_113",1764,"2023-01-19","forecast","-0.502868966761686"
"exdqlm_univar_synth","draw_113",1764,"2023-01-20","forecast","-1.32323840754743"
"exdqlm_univar_synth","draw_113",1764,"2023-01-21","forecast","-1.18909286343646"
"exdqlm_univar_synth","draw_113",1764,"2023-01-22","forecast","-0.815473912073045"
"exdqlm_univar_synth","draw_114",1780,"2022-12-26","forecast","-0.177869290017967"
"exdqlm_univar_synth","draw_114",1780,"2022-12-27","forecast","0.384641884572141"
"exdqlm_univar_synth","draw_114",1780,"2022-12-28","forecast","0.189660371960186"
"exdqlm_univar_synth","draw_114",1780,"2022-12-29","forecast","0.402588809196503"
"exdqlm_univar_synth","draw_114",1780,"2022-12-30","forecast","0.243237088280963"
"exdqlm_univar_synth","draw_114",1780,"2022-12-31","forecast","0.231032967605025"
"exdqlm_univar_synth","draw_114",1780,"2023-01-01","forecast","0.643623683772059"
"exdqlm_univar_synth","draw_114",1780,"2023-01-02","forecast","0.257313086817047"
"exdqlm_univar_synth","draw_114",1780,"2023-01-03","forecast","0.259019093157738"
"exdqlm_univar_synth","draw_114",1780,"2023-01-04","forecast","-0.150463344842824"
"exdqlm_univar_synth","draw_114",1780,"2023-01-05","forecast","0.133963533655682"
"exdqlm_univar_synth","draw_114",1780,"2023-01-06","forecast","-0.151988836351300"
"exdqlm_univar_synth","draw_114",1780,"2023-01-07","forecast","-0.748189709165592"
"exdqlm_univar_synth","draw_114",1780,"2023-01-08","forecast","0.0103071370705646"
"exdqlm_univar_synth","draw_114",1780,"2023-01-09","forecast","-0.221765769816628"
"exdqlm_univar_synth","draw_114",1780,"2023-01-10","forecast","0.156827865506213"
"exdqlm_univar_synth","draw_114",1780,"2023-01-11","forecast","-0.225180610440536"
"exdqlm_univar_synth","draw_114",1780,"2023-01-12","forecast","-0.179341718165492"
"exdqlm_univar_synth","draw_114",1780,"2023-01-13","forecast","-0.717635417503006"
"exdqlm_univar_synth","draw_114",1780,"2023-01-14","forecast","-0.565818950437775"
"exdqlm_univar_synth","draw_114",1780,"2023-01-15","forecast","-0.110343767296909"
"exdqlm_univar_synth","draw_114",1780,"2023-01-16","forecast","-0.103281377461710"
"exdqlm_univar_synth","draw_114",1780,"2023-01-17","forecast","-0.384746338667411"
"exdqlm_univar_synth","draw_114",1780,"2023-01-18","forecast","-0.681988860886983"
"exdqlm_univar_synth","draw_114",1780,"2023-01-19","forecast","-0.428575357071939"
"exdqlm_univar_synth","draw_114",1780,"2023-01-20","forecast","-1.40337800739179"
"exdqlm_univar_synth","draw_114",1780,"2023-01-21","forecast","-1.16629284778695"
"exdqlm_univar_synth","draw_114",1780,"2023-01-22","forecast","-0.816139359517426"
"exdqlm_univar_synth","draw_115",1795,"2022-12-26","forecast","-0.334132681831413"
"exdqlm_univar_synth","draw_115",1795,"2022-12-27","forecast","0.668077504260466"
"exdqlm_univar_synth","draw_115",1795,"2022-12-28","forecast","0.493267295266817"
"exdqlm_univar_synth","draw_115",1795,"2022-12-29","forecast","0.401730654873269"
"exdqlm_univar_synth","draw_115",1795,"2022-12-30","forecast","0.263199924430555"
"exdqlm_univar_synth","draw_115",1795,"2022-12-31","forecast","0.648167163734587"
"exdqlm_univar_synth","draw_115",1795,"2023-01-01","forecast","0.659221972882549"
"exdqlm_univar_synth","draw_115",1795,"2023-01-02","forecast","0.0408671904677697"
"exdqlm_univar_synth","draw_115",1795,"2023-01-03","forecast","0.108542425318693"
"exdqlm_univar_synth","draw_115",1795,"2023-01-04","forecast","-0.170615091375520"
"exdqlm_univar_synth","draw_115",1795,"2023-01-05","forecast","-0.0267663123779946"
"exdqlm_univar_synth","draw_115",1795,"2023-01-06","forecast","-0.189577443326582"
"exdqlm_univar_synth","draw_115",1795,"2023-01-07","forecast","-0.453869334162159"
"exdqlm_univar_synth","draw_115",1795,"2023-01-08","forecast","-0.336460177269663"
"exdqlm_univar_synth","draw_115",1795,"2023-01-09","forecast","-0.667048572012298"
"exdqlm_univar_synth","draw_115",1795,"2023-01-10","forecast","-0.340730819493539"
"exdqlm_univar_synth","draw_115",1795,"2023-01-11","forecast","-0.427123690484916"
"exdqlm_univar_synth","draw_115",1795,"2023-01-12","forecast","-0.544919862891724"
"exdqlm_univar_synth","draw_115",1795,"2023-01-13","forecast","-0.245859061427820"
"exdqlm_univar_synth","draw_115",1795,"2023-01-14","forecast","-0.357138824977608"
"exdqlm_univar_synth","draw_115",1795,"2023-01-15","forecast","-0.165200409960142"
"exdqlm_univar_synth","draw_115",1795,"2023-01-16","forecast","-0.147212451234134"
"exdqlm_univar_synth","draw_115",1795,"2023-01-17","forecast","-0.457325341515272"
"exdqlm_univar_synth","draw_115",1795,"2023-01-18","forecast","-0.979451185635446"
"exdqlm_univar_synth","draw_115",1795,"2023-01-19","forecast","-0.555077331106178"
"exdqlm_univar_synth","draw_115",1795,"2023-01-20","forecast","-1.29627341768876"
"exdqlm_univar_synth","draw_115",1795,"2023-01-21","forecast","-1.23358552025218"
"exdqlm_univar_synth","draw_115",1795,"2023-01-22","forecast","-1.23782140928655"
"exdqlm_univar_synth","draw_116",1811,"2022-12-26","forecast","-0.110225499306371"
"exdqlm_univar_synth","draw_116",1811,"2022-12-27","forecast","0.504578972477327"
"exdqlm_univar_synth","draw_116",1811,"2022-12-28","forecast","0.289122848027198"
"exdqlm_univar_synth","draw_116",1811,"2022-12-29","forecast","0.341493191458115"
"exdqlm_univar_synth","draw_116",1811,"2022-12-30","forecast","0.235054516284675"
"exdqlm_univar_synth","draw_116",1811,"2022-12-31","forecast","1.02881984413892"
"exdqlm_univar_synth","draw_116",1811,"2023-01-01","forecast","0.682905594877563"
"exdqlm_univar_synth","draw_116",1811,"2023-01-02","forecast","0.0764382341441210"
"exdqlm_univar_synth","draw_116",1811,"2023-01-03","forecast","-0.416482570678409"
"exdqlm_univar_synth","draw_116",1811,"2023-01-04","forecast","-0.560425563316975"
"exdqlm_univar_synth","draw_116",1811,"2023-01-05","forecast","-0.461161863909613"
"exdqlm_univar_synth","draw_116",1811,"2023-01-06","forecast","-0.165890196197199"
"exdqlm_univar_synth","draw_116",1811,"2023-01-07","forecast","-0.754049065469893"
"exdqlm_univar_synth","draw_116",1811,"2023-01-08","forecast","-0.478423652444445"
"exdqlm_univar_synth","draw_116",1811,"2023-01-09","forecast","-0.137059085081280"
"exdqlm_univar_synth","draw_116",1811,"2023-01-10","forecast","-0.305099708435721"
"exdqlm_univar_synth","draw_116",1811,"2023-01-11","forecast","-0.852844506153047"
"exdqlm_univar_synth","draw_116",1811,"2023-01-12","forecast","-0.133720659968211"
"exdqlm_univar_synth","draw_116",1811,"2023-01-13","forecast","-0.521323687268672"
"exdqlm_univar_synth","draw_116",1811,"2023-01-14","forecast","-0.383817380564724"
"exdqlm_univar_synth","draw_116",1811,"2023-01-15","forecast","-0.514625862349570"
"exdqlm_univar_synth","draw_116",1811,"2023-01-16","forecast","-0.445230430564034"
"exdqlm_univar_synth","draw_116",1811,"2023-01-17","forecast","-0.424829032666218"
"exdqlm_univar_synth","draw_116",1811,"2023-01-18","forecast","-1.07851339888522"
"exdqlm_univar_synth","draw_116",1811,"2023-01-19","forecast","-0.471775372913264"
"exdqlm_univar_synth","draw_116",1811,"2023-01-20","forecast","-0.582204675429270"
"exdqlm_univar_synth","draw_116",1811,"2023-01-21","forecast","-0.917134284834151"
"exdqlm_univar_synth","draw_116",1811,"2023-01-22","forecast","-1.28993891930661"
"exdqlm_univar_synth","draw_117",1827,"2022-12-26","forecast","-0.0726738844225352"
"exdqlm_univar_synth","draw_117",1827,"2022-12-27","forecast","0.570826323930844"
"exdqlm_univar_synth","draw_117",1827,"2022-12-28","forecast","0.575924053578438"
"exdqlm_univar_synth","draw_117",1827,"2022-12-29","forecast","0.140599096550247"
"exdqlm_univar_synth","draw_117",1827,"2022-12-30","forecast","0.379574502363713"
"exdqlm_univar_synth","draw_117",1827,"2022-12-31","forecast","0.215550923254319"
"exdqlm_univar_synth","draw_117",1827,"2023-01-01","forecast","0.430431574928312"
"exdqlm_univar_synth","draw_117",1827,"2023-01-02","forecast","0.0727709605648271"
"exdqlm_univar_synth","draw_117",1827,"2023-01-03","forecast","0.296860473290783"
"exdqlm_univar_synth","draw_117",1827,"2023-01-04","forecast","-0.327296423078474"
"exdqlm_univar_synth","draw_117",1827,"2023-01-05","forecast","-0.155342281939953"
"exdqlm_univar_synth","draw_117",1827,"2023-01-06","forecast","-0.752681450506645"
"exdqlm_univar_synth","draw_117",1827,"2023-01-07","forecast","-1.04351937526895"
"exdqlm_univar_synth","draw_117",1827,"2023-01-08","forecast","-0.432656793029617"
"exdqlm_univar_synth","draw_117",1827,"2023-01-09","forecast","-0.136938384073481"
"exdqlm_univar_synth","draw_117",1827,"2023-01-10","forecast","-0.356719752758577"
"exdqlm_univar_synth","draw_117",1827,"2023-01-11","forecast","-0.632473563491602"
"exdqlm_univar_synth","draw_117",1827,"2023-01-12","forecast","-0.234712366035818"
"exdqlm_univar_synth","draw_117",1827,"2023-01-13","forecast","-0.127240104910483"
"exdqlm_univar_synth","draw_117",1827,"2023-01-14","forecast","-0.496981896073408"
"exdqlm_univar_synth","draw_117",1827,"2023-01-15","forecast","-0.107609492749084"
"exdqlm_univar_synth","draw_117",1827,"2023-01-16","forecast","-0.125213341077743"
"exdqlm_univar_synth","draw_117",1827,"2023-01-17","forecast","-1.00738605100566"
"exdqlm_univar_synth","draw_117",1827,"2023-01-18","forecast","-0.644898257336277"
"exdqlm_univar_synth","draw_117",1827,"2023-01-19","forecast","-1.27137601546341"
"exdqlm_univar_synth","draw_117",1827,"2023-01-20","forecast","-0.901051229162496"
"exdqlm_univar_synth","draw_117",1827,"2023-01-21","forecast","-1.03913621970240"
"exdqlm_univar_synth","draw_117",1827,"2023-01-22","forecast","-0.841087523346433"
"exdqlm_univar_synth","draw_118",1843,"2022-12-26","forecast","-0.137491303012986"
"exdqlm_univar_synth","draw_118",1843,"2022-12-27","forecast","0.742569183140012"
"exdqlm_univar_synth","draw_118",1843,"2022-12-28","forecast","0.611965678782144"
"exdqlm_univar_synth","draw_118",1843,"2022-12-29","forecast","0.276136320607154"
"exdqlm_univar_synth","draw_118",1843,"2022-12-30","forecast","0.250165778589186"
"exdqlm_univar_synth","draw_118",1843,"2022-12-31","forecast","0.841950761205937"
"exdqlm_univar_synth","draw_118",1843,"2023-01-01","forecast","0.690340022546037"
"exdqlm_univar_synth","draw_118",1843,"2023-01-02","forecast","0.112562790310612"
"exdqlm_univar_synth","draw_118",1843,"2023-01-03","forecast","0.139765719284692"
"exdqlm_univar_synth","draw_118",1843,"2023-01-04","forecast","-0.131772044044907"
"exdqlm_univar_synth","draw_118",1843,"2023-01-05","forecast","0.130224894847561"
"exdqlm_univar_synth","draw_118",1843,"2023-01-06","forecast","-0.197906210686339"
"exdqlm_univar_synth","draw_118",1843,"2023-01-07","forecast","-0.728361356958894"
"exdqlm_univar_synth","draw_118",1843,"2023-01-08","forecast","-0.331312248846929"
"exdqlm_univar_synth","draw_118",1843,"2023-01-09","forecast","-0.536462852720779"
"exdqlm_univar_synth","draw_118",1843,"2023-01-10","forecast","0.0344516785909255"
"exdqlm_univar_synth","draw_118",1843,"2023-01-11","forecast","-0.481440876684209"
"exdqlm_univar_synth","draw_118",1843,"2023-01-12","forecast","-0.837156417415479"
"exdqlm_univar_synth","draw_118",1843,"2023-01-13","forecast","-0.0674860092821615"
"exdqlm_univar_synth","draw_118",1843,"2023-01-14","forecast","-0.163940668064161"
"exdqlm_univar_synth","draw_118",1843,"2023-01-15","forecast","-0.344102459726957"
"exdqlm_univar_synth","draw_118",1843,"2023-01-16","forecast","-0.119811156851989"
"exdqlm_univar_synth","draw_118",1843,"2023-01-17","forecast","-0.831305856511971"
"exdqlm_univar_synth","draw_118",1843,"2023-01-18","forecast","-0.788265593489006"
"exdqlm_univar_synth","draw_118",1843,"2023-01-19","forecast","-0.592144685127504"
"exdqlm_univar_synth","draw_118",1843,"2023-01-20","forecast","-0.837014469398481"
"exdqlm_univar_synth","draw_118",1843,"2023-01-21","forecast","-1.11939531222034"
"exdqlm_univar_synth","draw_118",1843,"2023-01-22","forecast","-0.820290390420482"
"exdqlm_univar_synth","draw_119",1858,"2022-12-26","forecast","-0.367655675303006"
"exdqlm_univar_synth","draw_119",1858,"2022-12-27","forecast","0.573156772022237"
"exdqlm_univar_synth","draw_119",1858,"2022-12-28","forecast","0.421689709217084"
"exdqlm_univar_synth","draw_119",1858,"2022-12-29","forecast","-0.0846162428241588"
"exdqlm_univar_synth","draw_119",1858,"2022-12-30","forecast","0.292637976570459"
"exdqlm_univar_synth","draw_119",1858,"2022-12-31","forecast","0.0484456606334002"
"exdqlm_univar_synth","draw_119",1858,"2023-01-01","forecast","0.244016229250963"
"exdqlm_univar_synth","draw_119",1858,"2023-01-02","forecast","0.00493177320077725"
"exdqlm_univar_synth","draw_119",1858,"2023-01-03","forecast","0.266662500250027"
"exdqlm_univar_synth","draw_119",1858,"2023-01-04","forecast","-0.461143877427398"
"exdqlm_univar_synth","draw_119",1858,"2023-01-05","forecast","0.0391527329402390"
"exdqlm_univar_synth","draw_119",1858,"2023-01-06","forecast","-0.880072114131420"
"exdqlm_univar_synth","draw_119",1858,"2023-01-07","forecast","-0.741215710037398"
"exdqlm_univar_synth","draw_119",1858,"2023-01-08","forecast","-0.757037454402154"
"exdqlm_univar_synth","draw_119",1858,"2023-01-09","forecast","-0.696347271408896"
"exdqlm_univar_synth","draw_119",1858,"2023-01-10","forecast","-0.172393131194284"
"exdqlm_univar_synth","draw_119",1858,"2023-01-11","forecast","-0.224875798221137"
"exdqlm_univar_synth","draw_119",1858,"2023-01-12","forecast","-0.126733669904094"
"exdqlm_univar_synth","draw_119",1858,"2023-01-13","forecast","-0.719547280677042"
"exdqlm_univar_synth","draw_119",1858,"2023-01-14","forecast","-0.582223286207916"
"exdqlm_univar_synth","draw_119",1858,"2023-01-15","forecast","-0.108571900330020"
"exdqlm_univar_synth","draw_119",1858,"2023-01-16","forecast","-0.787288955799253"
"exdqlm_univar_synth","draw_119",1858,"2023-01-17","forecast","-0.829253477834633"
"exdqlm_univar_synth","draw_119",1858,"2023-01-18","forecast","-1.09911763575574"
"exdqlm_univar_synth","draw_119",1858,"2023-01-19","forecast","-0.579864313724407"
"exdqlm_univar_synth","draw_119",1858,"2023-01-20","forecast","-0.844000835386692"
"exdqlm_univar_synth","draw_119",1858,"2023-01-21","forecast","-1.30096274151098"
"exdqlm_univar_synth","draw_119",1858,"2023-01-22","forecast","-0.877910468452402"
"exdqlm_univar_synth","draw_120",1874,"2022-12-26","forecast","-0.274042006325660"
"exdqlm_univar_synth","draw_120",1874,"2022-12-27","forecast","1.08936606491894"
"exdqlm_univar_synth","draw_120",1874,"2022-12-28","forecast","0.573733498720087"
"exdqlm_univar_synth","draw_120",1874,"2022-12-29","forecast","0.0766195904871225"
"exdqlm_univar_synth","draw_120",1874,"2022-12-30","forecast","0.302310291079109"
"exdqlm_univar_synth","draw_120",1874,"2022-12-31","forecast","0.266201283570140"
"exdqlm_univar_synth","draw_120",1874,"2023-01-01","forecast","0.649056499516036"
"exdqlm_univar_synth","draw_120",1874,"2023-01-02","forecast","-0.0596121757315058"
"exdqlm_univar_synth","draw_120",1874,"2023-01-03","forecast","-0.290522592131639"
"exdqlm_univar_synth","draw_120",1874,"2023-01-04","forecast","-0.171613233207737"
"exdqlm_univar_synth","draw_120",1874,"2023-01-05","forecast","-0.443520373160846"
"exdqlm_univar_synth","draw_120",1874,"2023-01-06","forecast","-0.559869761995698"
"exdqlm_univar_synth","draw_120",1874,"2023-01-07","forecast","-0.913649872948265"
"exdqlm_univar_synth","draw_120",1874,"2023-01-08","forecast","0.0133901276297023"
"exdqlm_univar_synth","draw_120",1874,"2023-01-09","forecast","-0.141538414062226"
"exdqlm_univar_synth","draw_120",1874,"2023-01-10","forecast","0.0643345736944776"
"exdqlm_univar_synth","draw_120",1874,"2023-01-11","forecast","-0.134862027967897"
"exdqlm_univar_synth","draw_120",1874,"2023-01-12","forecast","-0.124945996305838"
"exdqlm_univar_synth","draw_120",1874,"2023-01-13","forecast","-0.236073173633042"
"exdqlm_univar_synth","draw_120",1874,"2023-01-14","forecast","-0.729804797888258"
"exdqlm_univar_synth","draw_120",1874,"2023-01-15","forecast","-0.845394907540039"
"exdqlm_univar_synth","draw_120",1874,"2023-01-16","forecast","-0.0952359407943257"
"exdqlm_univar_synth","draw_120",1874,"2023-01-17","forecast","-0.417350022402684"
"exdqlm_univar_synth","draw_120",1874,"2023-01-18","forecast","-0.603112881301792"
"exdqlm_univar_synth","draw_120",1874,"2023-01-19","forecast","-1.08696520817136"
"exdqlm_univar_synth","draw_120",1874,"2023-01-20","forecast","-0.842000766677875"
"exdqlm_univar_synth","draw_120",1874,"2023-01-21","forecast","-1.25319580161540"
"exdqlm_univar_synth","draw_120",1874,"2023-01-22","forecast","-0.819434655905970"
"exdqlm_univar_synth","draw_121",1890,"2022-12-26","forecast","-0.187476085511620"
"exdqlm_univar_synth","draw_121",1890,"2022-12-27","forecast","0.394865791100240"
"exdqlm_univar_synth","draw_121",1890,"2022-12-28","forecast","0.573491953062124"
"exdqlm_univar_synth","draw_121",1890,"2022-12-29","forecast","0.0114374785742580"
"exdqlm_univar_synth","draw_121",1890,"2022-12-30","forecast","0.0161159188970704"
"exdqlm_univar_synth","draw_121",1890,"2022-12-31","forecast","0.481986357619758"
"exdqlm_univar_synth","draw_121",1890,"2023-01-01","forecast","0.406505357048391"
"exdqlm_univar_synth","draw_121",1890,"2023-01-02","forecast","-0.0712751453334393"
"exdqlm_univar_synth","draw_121",1890,"2023-01-03","forecast","-0.0260283690485781"
"exdqlm_univar_synth","draw_121",1890,"2023-01-04","forecast","-0.556494607317528"
"exdqlm_univar_synth","draw_121",1890,"2023-01-05","forecast","-0.146344601310927"
"exdqlm_univar_synth","draw_121",1890,"2023-01-06","forecast","-0.421268255740541"
"exdqlm_univar_synth","draw_121",1890,"2023-01-07","forecast","-0.458716969579003"
"exdqlm_univar_synth","draw_121",1890,"2023-01-08","forecast","-0.456478711430220"
"exdqlm_univar_synth","draw_121",1890,"2023-01-09","forecast","-0.136881758723173"
"exdqlm_univar_synth","draw_121",1890,"2023-01-10","forecast","0.0669322055912341"
"exdqlm_univar_synth","draw_121",1890,"2023-01-11","forecast","-0.225385592105219"
"exdqlm_univar_synth","draw_121",1890,"2023-01-12","forecast","-0.145712796118543"
"exdqlm_univar_synth","draw_121",1890,"2023-01-13","forecast","-0.100553251824666"
"exdqlm_univar_synth","draw_121",1890,"2023-01-14","forecast","-0.486354065031005"
"exdqlm_univar_synth","draw_121",1890,"2023-01-15","forecast","-0.108439841441578"
"exdqlm_univar_synth","draw_121",1890,"2023-01-16","forecast","-0.678865714801229"
"exdqlm_univar_synth","draw_121",1890,"2023-01-17","forecast","-0.405479837034939"
"exdqlm_univar_synth","draw_121",1890,"2023-01-18","forecast","-1.13615439748369"
"exdqlm_univar_synth","draw_121",1890,"2023-01-19","forecast","-0.986470639654725"
"exdqlm_univar_synth","draw_121",1890,"2023-01-20","forecast","-0.829622920118250"
"exdqlm_univar_synth","draw_121",1890,"2023-01-21","forecast","-0.904646575512664"
"exdqlm_univar_synth","draw_121",1890,"2023-01-22","forecast","-1.19949735937213"
"exdqlm_univar_synth","draw_122",1906,"2022-12-26","forecast","-0.0619329610896622"
"exdqlm_univar_synth","draw_122",1906,"2022-12-27","forecast","1.17190293435523"
"exdqlm_univar_synth","draw_122",1906,"2022-12-28","forecast","0.591257440800366"
"exdqlm_univar_synth","draw_122",1906,"2022-12-29","forecast","0.385836353960678"
"exdqlm_univar_synth","draw_122",1906,"2022-12-30","forecast","-0.0885256681742461"
"exdqlm_univar_synth","draw_122",1906,"2022-12-31","forecast","0.264584182253576"
"exdqlm_univar_synth","draw_122",1906,"2023-01-01","forecast","0.389576194346275"
"exdqlm_univar_synth","draw_122",1906,"2023-01-02","forecast","-0.207027523176455"
"exdqlm_univar_synth","draw_122",1906,"2023-01-03","forecast","0.265737466806147"
"exdqlm_univar_synth","draw_122",1906,"2023-01-04","forecast","-0.139001283276338"
"exdqlm_univar_synth","draw_122",1906,"2023-01-05","forecast","0.0675275026427775"
"exdqlm_univar_synth","draw_122",1906,"2023-01-06","forecast","-0.682143164112290"
"exdqlm_univar_synth","draw_122",1906,"2023-01-07","forecast","-0.569181355247175"
"exdqlm_univar_synth","draw_122",1906,"2023-01-08","forecast","-0.710646402605991"
"exdqlm_univar_synth","draw_122",1906,"2023-01-09","forecast","-0.258582680251890"
"exdqlm_univar_synth","draw_122",1906,"2023-01-10","forecast","0.0732985096673150"
"exdqlm_univar_synth","draw_122",1906,"2023-01-11","forecast","-0.161959945772735"
"exdqlm_univar_synth","draw_122",1906,"2023-01-12","forecast","-0.705265254226478"
"exdqlm_univar_synth","draw_122",1906,"2023-01-13","forecast","-0.624373879868424"
"exdqlm_univar_synth","draw_122",1906,"2023-01-14","forecast","-0.156183903744952"
"exdqlm_univar_synth","draw_122",1906,"2023-01-15","forecast","-0.578387488828561"
"exdqlm_univar_synth","draw_122",1906,"2023-01-16","forecast","-0.0944525745586411"
"exdqlm_univar_synth","draw_122",1906,"2023-01-17","forecast","-0.416870623569994"
"exdqlm_univar_synth","draw_122",1906,"2023-01-18","forecast","-0.599360783066644"
"exdqlm_univar_synth","draw_122",1906,"2023-01-19","forecast","-0.773109795181129"
"exdqlm_univar_synth","draw_122",1906,"2023-01-20","forecast","-1.09783800889754"
"exdqlm_univar_synth","draw_122",1906,"2023-01-21","forecast","-1.16576955814978"
"exdqlm_univar_synth","draw_122",1906,"2023-01-22","forecast","-0.815592890189713"
"exdqlm_univar_synth","draw_123",1921,"2022-12-26","forecast","-0.540934365998763"
"exdqlm_univar_synth","draw_123",1921,"2022-12-27","forecast","0.993350210861380"
"exdqlm_univar_synth","draw_123",1921,"2022-12-28","forecast","0.558289137763659"
"exdqlm_univar_synth","draw_123",1921,"2022-12-29","forecast","0.0668149484647101"
"exdqlm_univar_synth","draw_123",1921,"2022-12-30","forecast","0.421355041987459"
"exdqlm_univar_synth","draw_123",1921,"2022-12-31","forecast","0.803011029438056"
"exdqlm_univar_synth","draw_123",1921,"2023-01-01","forecast","0.412790604190211"
"exdqlm_univar_synth","draw_123",1921,"2023-01-02","forecast","0.0978058905442442"
"exdqlm_univar_synth","draw_123",1921,"2023-01-03","forecast","0.263612709163316"
"exdqlm_univar_synth","draw_123",1921,"2023-01-04","forecast","-0.662825055672491"
"exdqlm_univar_synth","draw_123",1921,"2023-01-05","forecast","-0.293796845868018"
"exdqlm_univar_synth","draw_123",1921,"2023-01-06","forecast","-0.0559494411665419"
"exdqlm_univar_synth","draw_123",1921,"2023-01-07","forecast","-0.680260071419021"
"exdqlm_univar_synth","draw_123",1921,"2023-01-08","forecast","0.0306783892383179"
"exdqlm_univar_synth","draw_123",1921,"2023-01-09","forecast","-0.390027490766128"
"exdqlm_univar_synth","draw_123",1921,"2023-01-10","forecast","0.0739906290712548"
"exdqlm_univar_synth","draw_123",1921,"2023-01-11","forecast","-0.308031337468420"
"exdqlm_univar_synth","draw_123",1921,"2023-01-12","forecast","-0.871161632606748"
"exdqlm_univar_synth","draw_123",1921,"2023-01-13","forecast","-0.390112920538745"
"exdqlm_univar_synth","draw_123",1921,"2023-01-14","forecast","-0.154017727648644"
"exdqlm_univar_synth","draw_123",1921,"2023-01-15","forecast","-0.514120370624345"
"exdqlm_univar_synth","draw_123",1921,"2023-01-16","forecast","-0.870831977494089"
"exdqlm_univar_synth","draw_123",1921,"2023-01-17","forecast","-1.02806770552249"
"exdqlm_univar_synth","draw_123",1921,"2023-01-18","forecast","-0.599042886567903"
"exdqlm_univar_synth","draw_123",1921,"2023-01-19","forecast","-0.556267352421798"
"exdqlm_univar_synth","draw_123",1921,"2023-01-20","forecast","-0.835974697965291"
"exdqlm_univar_synth","draw_123",1921,"2023-01-21","forecast","-0.898337271065525"
"exdqlm_univar_synth","draw_123",1921,"2023-01-22","forecast","-1.07331800121812"
"exdqlm_univar_synth","draw_124",1937,"2022-12-26","forecast","-0.422565582750472"
"exdqlm_univar_synth","draw_124",1937,"2022-12-27","forecast","1.10326062790487"
"exdqlm_univar_synth","draw_124",1937,"2022-12-28","forecast","0.403675165733481"
"exdqlm_univar_synth","draw_124",1937,"2022-12-29","forecast","0.524417434981043"
"exdqlm_univar_synth","draw_124",1937,"2022-12-30","forecast","0.0193311121880659"
"exdqlm_univar_synth","draw_124",1937,"2022-12-31","forecast","0.921035790206991"
"exdqlm_univar_synth","draw_124",1937,"2023-01-01","forecast","0.649624658590718"
"exdqlm_univar_synth","draw_124",1937,"2023-01-02","forecast","0.0764309405839383"
"exdqlm_univar_synth","draw_124",1937,"2023-01-03","forecast","0.173335856077963"
"exdqlm_univar_synth","draw_124",1937,"2023-01-04","forecast","-0.168046028933316"
"exdqlm_univar_synth","draw_124",1937,"2023-01-05","forecast","0.0904369446004396"
"exdqlm_univar_synth","draw_124",1937,"2023-01-06","forecast","-0.242596968241074"
"exdqlm_univar_synth","draw_124",1937,"2023-01-07","forecast","-0.870138896946271"
"exdqlm_univar_synth","draw_124",1937,"2023-01-08","forecast","-0.484210450001405"
"exdqlm_univar_synth","draw_124",1937,"2023-01-09","forecast","-0.143308603001240"
"exdqlm_univar_synth","draw_124",1937,"2023-01-10","forecast","-0.345038830242799"
"exdqlm_univar_synth","draw_124",1937,"2023-01-11","forecast","-0.202493996101707"
"exdqlm_univar_synth","draw_124",1937,"2023-01-12","forecast","-0.146870215581285"
"exdqlm_univar_synth","draw_124",1937,"2023-01-13","forecast","-0.0826290934931653"
"exdqlm_univar_synth","draw_124",1937,"2023-01-14","forecast","-0.586297623682586"
"exdqlm_univar_synth","draw_124",1937,"2023-01-15","forecast","-0.707915335513384"
"exdqlm_univar_synth","draw_124",1937,"2023-01-16","forecast","-0.552020898384388"
"exdqlm_univar_synth","draw_124",1937,"2023-01-17","forecast","-0.986402224926248"
"exdqlm_univar_synth","draw_124",1937,"2023-01-18","forecast","-0.808871854080494"
"exdqlm_univar_synth","draw_124",1937,"2023-01-19","forecast","-0.897543264911084"
"exdqlm_univar_synth","draw_124",1937,"2023-01-20","forecast","-1.25717639168785"
"exdqlm_univar_synth","draw_124",1937,"2023-01-21","forecast","-0.904821263344170"
"exdqlm_univar_synth","draw_124",1937,"2023-01-22","forecast","-1.04252051627503"
"exdqlm_univar_synth","draw_125",1953,"2022-12-26","forecast","-0.168861516487123"
"exdqlm_univar_synth","draw_125",1953,"2022-12-27","forecast","0.970766184711684"
"exdqlm_univar_synth","draw_125",1953,"2022-12-28","forecast","0.561016874915459"
"exdqlm_univar_synth","draw_125",1953,"2022-12-29","forecast","0.399070917119502"
"exdqlm_univar_synth","draw_125",1953,"2022-12-30","forecast","-0.214985335172873"
"exdqlm_univar_synth","draw_125",1953,"2022-12-31","forecast","0.919244261992846"
"exdqlm_univar_synth","draw_125",1953,"2023-01-01","forecast","0.346223602532187"
"exdqlm_univar_synth","draw_125",1953,"2023-01-02","forecast","-0.261356425545071"
"exdqlm_univar_synth","draw_125",1953,"2023-01-03","forecast","0.0848653038147372"
"exdqlm_univar_synth","draw_125",1953,"2023-01-04","forecast","-0.645375904677551"
"exdqlm_univar_synth","draw_125",1953,"2023-01-05","forecast","-0.329196927246703"
"exdqlm_univar_synth","draw_125",1953,"2023-01-06","forecast","-0.212177760920734"
"exdqlm_univar_synth","draw_125",1953,"2023-01-07","forecast","-0.512620193685022"
"exdqlm_univar_synth","draw_125",1953,"2023-01-08","forecast","-0.420104749311519"
"exdqlm_univar_synth","draw_125",1953,"2023-01-09","forecast","-0.539484405393035"
"exdqlm_univar_synth","draw_125",1953,"2023-01-10","forecast","-0.00508116237782656"
"exdqlm_univar_synth","draw_125",1953,"2023-01-11","forecast","-0.594634577239706"
"exdqlm_univar_synth","draw_125",1953,"2023-01-12","forecast","-0.871032114851928"
"exdqlm_univar_synth","draw_125",1953,"2023-01-13","forecast","-0.367272407394105"
"exdqlm_univar_synth","draw_125",1953,"2023-01-14","forecast","-0.164023768559902"
"exdqlm_univar_synth","draw_125",1953,"2023-01-15","forecast","-0.107398670342550"
"exdqlm_univar_synth","draw_125",1953,"2023-01-16","forecast","-0.436355346259651"
"exdqlm_univar_synth","draw_125",1953,"2023-01-17","forecast","-1.07941725259762"
"exdqlm_univar_synth","draw_125",1953,"2023-01-18","forecast","-1.02805458699200"
"exdqlm_univar_synth","draw_125",1953,"2023-01-19","forecast","-0.633472512300986"
"exdqlm_univar_synth","draw_125",1953,"2023-01-20","forecast","-0.831340864162844"
"exdqlm_univar_synth","draw_125",1953,"2023-01-21","forecast","-1.00133178655489"
"exdqlm_univar_synth","draw_125",1953,"2023-01-22","forecast","-0.875553496007544"
"exdqlm_univar_synth","draw_126",1969,"2022-12-26","forecast","-0.265910243829127"
"exdqlm_univar_synth","draw_126",1969,"2022-12-27","forecast","1.18740684532903"
"exdqlm_univar_synth","draw_126",1969,"2022-12-28","forecast","0.466745700516581"
"exdqlm_univar_synth","draw_126",1969,"2022-12-29","forecast","0.316638098742613"
"exdqlm_univar_synth","draw_126",1969,"2022-12-30","forecast","0.00831647967012659"
"exdqlm_univar_synth","draw_126",1969,"2022-12-31","forecast","0.318335638905158"
"exdqlm_univar_synth","draw_126",1969,"2023-01-01","forecast","0.648591024095341"
"exdqlm_univar_synth","draw_126",1969,"2023-01-02","forecast","-0.0951184717824432"
"exdqlm_univar_synth","draw_126",1969,"2023-01-03","forecast","-0.232159005243575"
"exdqlm_univar_synth","draw_126",1969,"2023-01-04","forecast","-0.511959112246191"
"exdqlm_univar_synth","draw_126",1969,"2023-01-05","forecast","0.0662195119964263"
"exdqlm_univar_synth","draw_126",1969,"2023-01-06","forecast","-0.479953608003962"
"exdqlm_univar_synth","draw_126",1969,"2023-01-07","forecast","-0.481156697858896"
"exdqlm_univar_synth","draw_126",1969,"2023-01-08","forecast","-0.133518682609120"
"exdqlm_univar_synth","draw_126",1969,"2023-01-09","forecast","-0.173046787353451"
"exdqlm_univar_synth","draw_126",1969,"2023-01-10","forecast","0.0248009156639658"
"exdqlm_univar_synth","draw_126",1969,"2023-01-11","forecast","-0.151774432310327"
"exdqlm_univar_synth","draw_126",1969,"2023-01-12","forecast","-0.483688771288496"
"exdqlm_univar_synth","draw_126",1969,"2023-01-13","forecast","-0.659132209909329"
"exdqlm_univar_synth","draw_126",1969,"2023-01-14","forecast","-0.164252177107411"
"exdqlm_univar_synth","draw_126",1969,"2023-01-15","forecast","-0.165746467232180"
"exdqlm_univar_synth","draw_126",1969,"2023-01-16","forecast","-0.122252903162679"
"exdqlm_univar_synth","draw_126",1969,"2023-01-17","forecast","-0.746089722901490"
"exdqlm_univar_synth","draw_126",1969,"2023-01-18","forecast","-0.597755786709869"
"exdqlm_univar_synth","draw_126",1969,"2023-01-19","forecast","-0.568612300933497"
"exdqlm_univar_synth","draw_126",1969,"2023-01-20","forecast","-0.840596237458610"
"exdqlm_univar_synth","draw_126",1969,"2023-01-21","forecast","-0.934313972465781"
"exdqlm_univar_synth","draw_126",1969,"2023-01-22","forecast","-0.865610710294290"
"exdqlm_univar_synth","draw_127",1984,"2022-12-26","forecast","-0.0600264352057794"
"exdqlm_univar_synth","draw_127",1984,"2022-12-27","forecast","1.09664868388948"
"exdqlm_univar_synth","draw_127",1984,"2022-12-28","forecast","0.737200637707869"
"exdqlm_univar_synth","draw_127",1984,"2022-12-29","forecast","0.455322283036205"
"exdqlm_univar_synth","draw_127",1984,"2022-12-30","forecast","0.344896885451736"
"exdqlm_univar_synth","draw_127",1984,"2022-12-31","forecast","0.832959216399665"
"exdqlm_univar_synth","draw_127",1984,"2023-01-01","forecast","0.438808556935175"
"exdqlm_univar_synth","draw_127",1984,"2023-01-02","forecast","0.0772236132428476"
"exdqlm_univar_synth","draw_127",1984,"2023-01-03","forecast","-0.129973858808302"
"exdqlm_univar_synth","draw_127",1984,"2023-01-04","forecast","-0.0939924013971758"
"exdqlm_univar_synth","draw_127",1984,"2023-01-05","forecast","-0.0613110191043028"
"exdqlm_univar_synth","draw_127",1984,"2023-01-06","forecast","-0.777821934078311"
"exdqlm_univar_synth","draw_127",1984,"2023-01-07","forecast","-0.610533928260668"
"exdqlm_univar_synth","draw_127",1984,"2023-01-08","forecast","0.0446590152563641"
"exdqlm_univar_synth","draw_127",1984,"2023-01-09","forecast","-0.0768400423354043"
"exdqlm_univar_synth","draw_127",1984,"2023-01-10","forecast","-0.317604395511537"
"exdqlm_univar_synth","draw_127",1984,"2023-01-11","forecast","-0.224175672837315"
"exdqlm_univar_synth","draw_127",1984,"2023-01-12","forecast","-0.315349486332202"
"exdqlm_univar_synth","draw_127",1984,"2023-01-13","forecast","-0.466419058627951"
"exdqlm_univar_synth","draw_127",1984,"2023-01-14","forecast","-0.527729273122200"
"exdqlm_univar_synth","draw_127",1984,"2023-01-15","forecast","-0.786376646131376"
"exdqlm_univar_synth","draw_127",1984,"2023-01-16","forecast","-0.0950322145030505"
"exdqlm_univar_synth","draw_127",1984,"2023-01-17","forecast","-0.325365032893149"
"exdqlm_univar_synth","draw_127",1984,"2023-01-18","forecast","-1.00072887999713"
"exdqlm_univar_synth","draw_127",1984,"2023-01-19","forecast","-0.543496725454679"
"exdqlm_univar_synth","draw_127",1984,"2023-01-20","forecast","-0.860114862548280"
"exdqlm_univar_synth","draw_127",1984,"2023-01-21","forecast","-1.41648118109194"
"exdqlm_univar_synth","draw_127",1984,"2023-01-22","forecast","-1.18252157288544"
"exdqlm_univar_synth","draw_128",2000,"2022-12-26","forecast","-0.263815642319831"
"exdqlm_univar_synth","draw_128",2000,"2022-12-27","forecast","0.812339785996319"
"exdqlm_univar_synth","draw_128",2000,"2022-12-28","forecast","0.572455951099982"
"exdqlm_univar_synth","draw_128",2000,"2022-12-29","forecast","0.357888941621889"
"exdqlm_univar_synth","draw_128",2000,"2022-12-30","forecast","0.00923116055752890"
"exdqlm_univar_synth","draw_128",2000,"2022-12-31","forecast","0.740773393035013"
"exdqlm_univar_synth","draw_128",2000,"2023-01-01","forecast","0.415125066876875"
"exdqlm_univar_synth","draw_128",2000,"2023-01-02","forecast","-0.209117841146232"
"exdqlm_univar_synth","draw_128",2000,"2023-01-03","forecast","-0.376529167398283"
"exdqlm_univar_synth","draw_128",2000,"2023-01-04","forecast","-0.117185586231840"
"exdqlm_univar_synth","draw_128",2000,"2023-01-05","forecast","0.111638713062408"
"exdqlm_univar_synth","draw_128",2000,"2023-01-06","forecast","-0.462936948906962"
"exdqlm_univar_synth","draw_128",2000,"2023-01-07","forecast","-0.478735708301398"
"exdqlm_univar_synth","draw_128",2000,"2023-01-08","forecast","0.0289203958472159"
"exdqlm_univar_synth","draw_128",2000,"2023-01-09","forecast","-0.781365726768080"
"exdqlm_univar_synth","draw_128",2000,"2023-01-10","forecast","-0.654531651055539"
"exdqlm_univar_synth","draw_128",2000,"2023-01-11","forecast","-0.224884786486284"
"exdqlm_univar_synth","draw_128",2000,"2023-01-12","forecast","-0.643049220912982"
"exdqlm_univar_synth","draw_128",2000,"2023-01-13","forecast","0.00743095413223024"
"exdqlm_univar_synth","draw_128",2000,"2023-01-14","forecast","-0.599145142956523"
"exdqlm_univar_synth","draw_128",2000,"2023-01-15","forecast","-0.814001909201609"
"exdqlm_univar_synth","draw_128",2000,"2023-01-16","forecast","-0.209477762058610"
"exdqlm_univar_synth","draw_128",2000,"2023-01-17","forecast","-0.385097466730570"
"exdqlm_univar_synth","draw_128",2000,"2023-01-18","forecast","-0.829514014260964"
"exdqlm_univar_synth","draw_128",2000,"2023-01-19","forecast","-0.612952388191735"
"exdqlm_univar_synth","draw_128",2000,"2023-01-20","forecast","-1.16141100700937"
"exdqlm_univar_synth","draw_128",2000,"2023-01-21","forecast","-0.891952157987557"
"exdqlm_univar_synth","draw_128",2000,"2023-01-22","forecast","-0.819886413333175"
