"model_id","draw_id","sample_index","date","segment","value"
"exdqlm_univar_synth","draw_001",1,"2022-04-23","history","-0.351145001282330"
"exdqlm_univar_synth","draw_001",1,"2022-04-24","history","-0.639274172023438"
"exdqlm_univar_synth","draw_001",1,"2022-04-25","history","-0.587328618397830"
"exdqlm_univar_synth","draw_001",1,"2022-04-26","history","-0.323392004521326"
"exdqlm_univar_synth","draw_001",1,"2022-04-27","history","-0.405917399049499"
"exdqlm_univar_synth","draw_001",1,"2022-04-28","history","-0.416571179914406"
"exdqlm_univar_synth","draw_001",1,"2022-04-29","history","-0.528945194614735"
"exdqlm_univar_synth","draw_001",1,"2022-04-30","history","-0.427033005075389"
"exdqlm_univar_synth","draw_001",1,"2022-05-01","history","-0.447825478500738"
"exdqlm_univar_synth","draw_001",1,"2022-05-02","history","-0.0800948014240032"
"exdqlm_univar_synth","draw_001",1,"2022-05-03","history","-0.383530358184413"
"exdqlm_univar_synth","draw_001",1,"2022-05-04","history","-0.108420072269757"
"exdqlm_univar_synth","draw_001",1,"2022-05-05","history","-0.703310627451518"
"exdqlm_univar_synth","draw_001",1,"2022-05-06","history","-0.841940048976212"
"exdqlm_univar_synth","draw_001",1,"2022-05-07","history","-0.475852545180056"
"exdqlm_univar_synth","draw_001",1,"2022-05-08","history","-0.731972244478145"
"exdqlm_univar_synth","draw_001",1,"2022-05-09","history","-0.394885703703064"
"exdqlm_univar_synth","draw_001",1,"2022-05-10","history","-0.338382091484504"
"exdqlm_univar_synth","draw_001",1,"2022-05-11","history","-0.335109316587446"
"exdqlm_univar_synth","draw_002",17,"2022-04-23","history","-0.114771739704047"
"exdqlm_univar_synth","draw_002",17,"2022-04-24","history","-0.775476538954342"
"exdqlm_univar_synth","draw_002",17,"2022-04-25","history","-0.459300682145248"
"exdqlm_univar_synth","draw_002",17,"2022-04-26","history","-0.499297635139647"
"exdqlm_univar_synth","draw_002",17,"2022-04-27","history","-0.617824848948820"
"exdqlm_univar_synth","draw_002",17,"2022-04-28","history","-0.592384895932237"
"exdqlm_univar_synth","draw_002",17,"2022-04-29","history","-0.552107703082429"
"exdqlm_univar_synth","draw_002",17,"2022-04-30","history","-0.450621929008417"
"exdqlm_univar_synth","draw_002",17,"2022-05-01","history","-0.499385386129002"
"exdqlm_univar_synth","draw_002",17,"2022-05-02","history","-0.273936365142619"
"exdqlm_univar_synth","draw_002",17,"2022-05-03","history","-0.370475731359139"
"exdqlm_univar_synth","draw_002",17,"2022-05-04","history","-0.816015720408185"
"exdqlm_univar_synth","draw_002",17,"2022-05-05","history","-0.503240094365175"
"exdqlm_univar_synth","draw_002",17,"2022-05-06","history","-0.719493627193670"
"exdqlm_univar_synth","draw_002",17,"2022-05-07","history","-0.329691152470835"
"exdqlm_univar_synth","draw_002",17,"2022-05-08","history","-0.745789369164950"
"exdqlm_univar_synth","draw_002",17,"2022-05-09","history","-0.591677109888583"
"exdqlm_univar_synth","draw_002",17,"2022-05-10","history","-0.684380581833960"
"exdqlm_univar_synth","draw_002",17,"2022-05-11","history","-0.550384757601620"
"exdqlm_univar_synth","draw_003",32,"2022-04-23","history","-0.563627879281958"
"exdqlm_univar_synth","draw_003",32,"2022-04-24","history","-0.292597613312786"
"exdqlm_univar_synth","draw_003",32,"2022-04-25","history","-0.211878221142848"
"exdqlm_univar_synth","draw_003",32,"2022-04-26","history","-0.148112076870920"
"exdqlm_univar_synth","draw_003",32,"2022-04-27","history","0.115266703664385"
"exdqlm_univar_synth","draw_003",32,"2022-04-28","history","-0.429804698983388"
"exdqlm_univar_synth","draw_003",32,"2022-04-29","history","-0.451600277690928"
"exdqlm_univar_synth","draw_003",32,"2022-04-30","history","-0.350402429103820"
"exdqlm_univar_synth","draw_003",32,"2022-05-01","history","-0.177294175789943"
"exdqlm_univar_synth","draw_003",32,"2022-05-02","history","-0.318047799518868"
"exdqlm_univar_synth","draw_003",32,"2022-05-03","history","-0.494851039775960"
"exdqlm_univar_synth","draw_003",32,"2022-05-04","history","-0.345638943673091"
"exdqlm_univar_synth","draw_003",32,"2022-05-05","history","-0.499398498339238"
"exdqlm_univar_synth","draw_003",32,"2022-05-06","history","-0.890688674804426"
"exdqlm_univar_synth","draw_003",32,"2022-05-07","history","-0.873601880685157"
"exdqlm_univar_synth","draw_003",32,"2022-05-08","history","-0.192156845056283"
"exdqlm_univar_synth","draw_003",32,"2022-05-09","history","-0.347191975284132"
"exdqlm_univar_synth","draw_003",32,"2022-05-10","history","-0.184104245461219"
"exdqlm_univar_synth","draw_003",32,"2022-05-11","history","-0.495581441474386"
"exdqlm_univar_synth","draw_004",48,"2022-04-23","history","-0.158936870747410"
"exdqlm_univar_synth","draw_004",48,"2022-04-24","history","-0.451119791194155"
"exdqlm_univar_synth","draw_004",48,"2022-04-25","history","-0.480635667114379"
"exdqlm_univar_synth","draw_004",48,"2022-04-26","history","-0.589021156785508"
"exdqlm_univar_synth","draw_004",48,"2022-04-27","history","-0.288692509934211"
"exdqlm_univar_synth","draw_004",48,"2022-04-28","history","-0.283465405353607"
"exdqlm_univar_synth","draw_004",48,"2022-04-29","history","-0.569390650353815"
"exdqlm_univar_synth","draw_004",48,"2022-04-30","history","-0.161026928611526"
"exdqlm_univar_synth","draw_004",48,"2022-05-01","history","-0.475783027658192"
"exdqlm_univar_synth","draw_004",48,"2022-05-02","history","-0.334279602545457"
"exdqlm_univar_synth","draw_004",48,"2022-05-03","history","-0.402248969011035"
"exdqlm_univar_synth","draw_004",48,"2022-05-04","history","-0.517176318152579"
"exdqlm_univar_synth","draw_004",48,"2022-05-05","history","-0.578295711243652"
"exdqlm_univar_synth","draw_004",48,"2022-05-06","history","-0.582389913440861"
"exdqlm_univar_synth","draw_004",48,"2022-05-07","history","-0.612991618106553"
"exdqlm_univar_synth","draw_004",48,"2022-05-08","history","-0.525101544853784"
"exdqlm_univar_synth","draw_004",48,"2022-05-09","history","-0.790062786630596"
"exdqlm_univar_synth","draw_004",48,"2022-05-10","history","-0.367621430175179"
"exdqlm_univar_synth","draw_004",48,"2022-05-11","history","-0.363593786788252"
"exdqlm_univar_synth","draw_005",64,"2022-04-23","history","-0.345034390967051"
"exdqlm_univar_synth","draw_005",64,"2022-04-24","history","-0.0693534910200117"
"exdqlm_univar_synth","draw_005",64,"2022-04-25","history","-0.417922746571888"
"exdqlm_univar_synth","draw_005",64,"2022-04-26","history","-0.207182395798158"
"exdqlm_univar_synth","draw_005",64,"2022-04-27","history","-0.629436285271510"
"exdqlm_univar_synth","draw_005",64,"2022-04-28","history","-0.197542725508241"
"exdqlm_univar_synth","draw_005",64,"2022-04-29","history","-0.430788148168173"
"exdqlm_univar_synth","draw_005",64,"2022-04-30","history","-0.385494172703095"
"exdqlm_univar_synth","draw_005",64,"2022-05-01","history","-0.288206738978607"
"exdqlm_univar_synth","draw_005",64,"2022-05-02","history","-0.269866526192536"
"exdqlm_univar_synth","draw_005",64,"2022-05-03","history","-0.399603260799538"
"exdqlm_univar_synth","draw_005",64,"2022-05-04","history","-0.299962736844360"
"exdqlm_univar_synth","draw_005",64,"2022-05-05","history","-0.125037019913091"
"exdqlm_univar_synth","draw_005",64,"2022-05-06","history","-0.506024204855252"
"exdqlm_univar_synth","draw_005",64,"2022-05-07","history","-0.585205457215258"
"exdqlm_univar_synth","draw_005",64,"2022-05-08","history","-0.427174495765373"
"exdqlm_univar_synth","draw_005",64,"2022-05-09","history","-0.353713446408294"
"exdqlm_univar_synth","draw_005",64,"2022-05-10","history","-0.616682357327398"
"exdqlm_univar_synth","draw_005",64,"2022-05-11","history","-0.369872878672816"
"exdqlm_univar_synth","draw_006",80,"2022-04-23","history","-0.527926840057069"
"exdqlm_univar_synth","draw_006",80,"2022-04-24","history","-0.458087995785451"
"exdqlm_univar_synth","draw_006",80,"2022-04-25","history","-0.423670948993059"
"exdqlm_univar_synth","draw_006",80,"2022-04-26","history","-0.493207985702824"
"exdqlm_univar_synth","draw_006",80,"2022-04-27","history","-0.466038768692029"
"exdqlm_univar_synth","draw_006",80,"2022-04-28","history","-0.677838998502420"
"exdqlm_univar_synth","draw_006",80,"2022-04-29","history","-0.342681093742448"
"exdqlm_univar_synth","draw_006",80,"2022-04-30","history","-0.489965229610385"
"exdqlm_univar_synth","draw_006",80,"2022-05-01","history","-0.300228889031699"
"exdqlm_univar_synth","draw_006",80,"2022-05-02","history","-0.727618181721523"
"exdqlm_univar_synth","draw_006",80,"2022-05-03","history","-0.0766821043534269"
"exdqlm_univar_synth","draw_006",80,"2022-05-04","history","-0.418704262776893"
"exdqlm_univar_synth","draw_006",80,"2022-05-05","history","-0.193354243493322"
"exdqlm_univar_synth","draw_006",80,"2022-05-06","history","-0.0957582462200729"
"exdqlm_univar_synth","draw_006",80,"2022-05-07","history","-0.751217528335345"
"exdqlm_univar_synth","draw_006",80,"2022-05-08","history","-0.479016286429548"
"exdqlm_univar_synth","draw_006",80,"2022-05-09","history","-0.490865527122113"
"exdqlm_univar_synth","draw_006",80,"2022-05-10","history","-0.850412488294531"
"exdqlm_univar_synth","draw_006",80,"2022-05-11","history","-0.501613766056544"
"exdqlm_univar_synth","draw_007",95,"2022-04-23","history","-0.504572635351271"
"exdqlm_univar_synth","draw_007",95,"2022-04-24","history","-0.499087239182385"
"exdqlm_univar_synth","draw_007",95,"2022-04-25","history","-0.581244850530603"
"exdqlm_univar_synth","draw_007",95,"2022-04-26","history","-0.486220897802533"
"exdqlm_univar_synth","draw_007",95,"2022-04-27","history","-0.707899805711841"
"exdqlm_univar_synth","draw_007",95,"2022-04-28","history","-0.618594487185901"
"exdqlm_univar_synth","draw_007",95,"2022-04-29","history","-0.650381649633584"
"exdqlm_univar_synth","draw_007",95,"2022-04-30","history","-0.493854986909053"
"exdqlm_univar_synth","draw_007",95,"2022-05-01","history","-0.424248145417624"
"exdqlm_univar_synth","draw_007",95,"2022-05-02","history","-0.334770427192485"
"exdqlm_univar_synth","draw_007",95,"2022-05-03","history","-0.624253098460177"
"exdqlm_univar_synth","draw_007",95,"2022-05-04","history","-0.809229804440060"
"exdqlm_univar_synth","draw_007",95,"2022-05-05","history","-0.529470605070643"
"exdqlm_univar_synth","draw_007",95,"2022-05-06","history","-0.341231842022299"
"exdqlm_univar_synth","draw_007",95,"2022-05-07","history","-0.360457093503079"
"exdqlm_univar_synth","draw_007",95,"2022-05-08","history","-0.366948735808904"
"exdqlm_univar_synth","draw_007",95,"2022-05-09","history","-0.0369491352073073"
"exdqlm_univar_synth","draw_007",95,"2022-05-10","history","-0.309897657511675"
"exdqlm_univar_synth","draw_007",95,"2022-05-11","history","-0.240749007190008"
"exdqlm_univar_synth","draw_008",111,"2022-04-23","history","-0.379015413881087"
"exdqlm_univar_synth","draw_008",111,"2022-04-24","history","-0.500015526480986"
"exdqlm_univar_synth","draw_008",111,"2022-04-25","history","-0.624793735204071"
"exdqlm_univar_synth","draw_008",111,"2022-04-26","history","-0.309325624649047"
"exdqlm_univar_synth","draw_008",111,"2022-04-27","history","-0.640717223549937"
"exdqlm_univar_synth","draw_008",111,"2022-04-28","history","-0.206340199327920"
"exdqlm_univar_synth","draw_008",111,"2022-04-29","history","-0.721949313760368"
"exdqlm_univar_synth","draw_008",111,"2022-04-30","history","-0.223994195364940"
"exdqlm_univar_synth","draw_008",111,"2022-05-01","history","-0.142736992928658"
"exdqlm_univar_synth","draw_008",111,"2022-05-02","history","-0.582618273040996"
"exdqlm_univar_synth","draw_008",111,"2022-05-03","history","-0.459626122305015"
"exdqlm_univar_synth","draw_008",111,"2022-05-04","history","-0.640964122262752"
"exdqlm_univar_synth","draw_008",111,"2022-05-05","history","-0.0811798275447918"
"exdqlm_univar_synth","draw_008",111,"2022-05-06","history","-0.835794351340459"
"exdqlm_univar_synth","draw_008",111,"2022-05-07","history","-0.572456341704268"
"exdqlm_univar_synth","draw_008",111,"2022-05-08","history","-0.353508850347487"
"exdqlm_univar_synth","draw_008",111,"2022-05-09","history","-0.223560139074898"
"exdqlm_univar_synth","draw_008",111,"2022-05-10","history","-0.361826201479861"
"exdqlm_univar_synth","draw_008",111,"2022-05-11","history","-0.190031172892277"
"exdqlm_univar_synth","draw_009",127,"2022-04-23","history","-0.134635505642234"
"exdqlm_univar_synth","draw_009",127,"2022-04-24","history","-0.481521960365469"
"exdqlm_univar_synth","draw_009",127,"2022-04-25","history","-0.616074026525978"
"exdqlm_univar_synth","draw_009",127,"2022-04-26","history","-0.119751063414993"
"exdqlm_univar_synth","draw_009",127,"2022-04-27","history","-0.346141089590395"
"exdqlm_univar_synth","draw_009",127,"2022-04-28","history","-0.303931601807787"
"exdqlm_univar_synth","draw_009",127,"2022-04-29","history","-0.598676794574277"
"exdqlm_univar_synth","draw_009",127,"2022-04-30","history","-0.0149324917233327"
"exdqlm_univar_synth","draw_009",127,"2022-05-01","history","-0.150288518659331"
"exdqlm_univar_synth","draw_009",127,"2022-05-02","history","-0.317229364910087"
"exdqlm_univar_synth","draw_009",127,"2022-05-03","history","-0.641310812865756"
"exdqlm_univar_synth","draw_009",127,"2022-05-04","history","0.138006888991704"
"exdqlm_univar_synth","draw_009",127,"2022-05-05","history","-0.809045789097302"
"exdqlm_univar_synth","draw_009",127,"2022-05-06","history","-0.115807051277562"
"exdqlm_univar_synth","draw_009",127,"2022-05-07","history","-0.409006723338415"
"exdqlm_univar_synth","draw_009",127,"2022-05-08","history","-0.615128501802268"
"exdqlm_univar_synth","draw_009",127,"2022-05-09","history","-0.409515733438628"
"exdqlm_univar_synth","draw_009",127,"2022-05-10","history","-0.489451418077044"
"exdqlm_univar_synth","draw_009",127,"2022-05-11","history","-0.430787522908318"
"exdqlm_univar_synth","draw_010",143,"2022-04-23","history","-0.372203489924822"
"exdqlm_univar_synth","draw_010",143,"2022-04-24","history","-0.309014871277195"
"exdqlm_univar_synth","draw_010",143,"2022-04-25","history","-0.344240485083825"
"exdqlm_univar_synth","draw_010",143,"2022-04-26","history","-0.308083714492110"
"exdqlm_univar_synth","draw_010",143,"2022-04-27","history","-0.682343567793239"
"exdqlm_univar_synth","draw_010",143,"2022-04-28","history","-0.489454840049213"
"exdqlm_univar_synth","draw_010",143,"2022-04-29","history","-0.289997150351330"
"exdqlm_univar_synth","draw_010",143,"2022-04-30","history","-0.282837406179585"
"exdqlm_univar_synth","draw_010",143,"2022-05-01","history","-0.338029131514426"
"exdqlm_univar_synth","draw_010",143,"2022-05-02","history","-0.307436264224925"
"exdqlm_univar_synth","draw_010",143,"2022-05-03","history","-0.449239855331803"
"exdqlm_univar_synth","draw_010",143,"2022-05-04","history","-0.537542420725763"
"exdqlm_univar_synth","draw_010",143,"2022-05-05","history","-0.311519853836817"
"exdqlm_univar_synth","draw_010",143,"2022-05-06","history","-0.725867744353508"
"exdqlm_univar_synth","draw_010",143,"2022-05-07","history","-0.783738204154554"
"exdqlm_univar_synth","draw_010",143,"2022-05-08","history","-0.0619667519919148"
"exdqlm_univar_synth","draw_010",143,"2022-05-09","history","-0.583136700944479"
"exdqlm_univar_synth","draw_010",143,"2022-05-10","history","-0.231453442278651"
"exdqlm_univar_synth","draw_010",143,"2022-05-11","history","-0.426147212845477"
"exdqlm_univar_synth","draw_011",158,"2022-04-23","history","-0.475038938059038"
"exdqlm_univar_synth","draw_011",158,"2022-04-24","history","-0.495888273169908"
"exdqlm_univar_synth","draw_011",158,"2022-04-25","history","-0.338297605734883"
"exdqlm_univar_synth","draw_011",158,"2022-04-26","history","-0.199714452276384"
"exdqlm_univar_synth","draw_011",158,"2022-04-27","history","-0.369544852842360"
"exdqlm_univar_synth","draw_011",158,"2022-04-28","history","-0.695519704073783"
"exdqlm_univar_synth","draw_011",158,"2022-04-29","history","-0.383625687708827"
"exdqlm_univar_synth","draw_011",158,"2022-04-30","history","-0.495661709040177"
"exdqlm_univar_synth","draw_011",158,"2022-05-01","history","-0.504302360084799"
"exdqlm_univar_synth","draw_011",158,"2022-05-02","history","-0.864819088333528"
"exdqlm_univar_synth","draw_011",158,"2022-05-03","history","-0.577880901658667"
"exdqlm_univar_synth","draw_011",158,"2022-05-04","history","-0.764074110023824"
"exdqlm_univar_synth","draw_011",158,"2022-05-05","history","-0.723224938345819"
"exdqlm_univar_synth","draw_011",158,"2022-05-06","history","-0.531495494136842"
"exdqlm_univar_synth","draw_011",158,"2022-05-07","history","-0.275226158400238"
"exdqlm_univar_synth","draw_011",158,"2022-05-08","history","-0.644880067472638"
"exdqlm_univar_synth","draw_011",158,"2022-05-09","history","-0.461103698971323"
"exdqlm_univar_synth","draw_011",158,"2022-05-10","history","-0.640032917689718"
"exdqlm_univar_synth","draw_011",158,"2022-05-11","history","-0.191500162701812"
"exdqlm_univar_synth","draw_012",174,"2022-04-23","history","-0.102557525284193"
"exdqlm_univar_synth","draw_012",174,"2022-04-24","history","-0.305927877672580"
"exdqlm_univar_synth","draw_012",174,"2022-04-25","history","-0.293705094414479"
"exdqlm_univar_synth","draw_012",174,"2022-04-26","history","-0.469396819996680"
"exdqlm_univar_synth","draw_012",174,"2022-04-27","history","-0.458890783005972"
"exdqlm_univar_synth","draw_012",174,"2022-04-28","history","-0.368632697305923"
"exdqlm_univar_synth","draw_012",174,"2022-04-29","history","-0.516026819172805"
"exdqlm_univar_synth","draw_012",174,"2022-04-30","history","-0.329889167985429"
"exdqlm_univar_synth","draw_012",174,"2022-05-01","history","-0.278084579874523"
"exdqlm_univar_synth","draw_012",174,"2022-05-02","history","-0.761192822755080"
"exdqlm_univar_synth","draw_012",174,"2022-05-03","history","-0.188666189246084"
"exdqlm_univar_synth","draw_012",174,"2022-05-04","history","-0.969156301540266"
"exdqlm_univar_synth","draw_012",174,"2022-05-05","history","-0.320442127145277"
"exdqlm_univar_synth","draw_012",174,"2022-05-06","history","-0.219235208665738"
"exdqlm_univar_synth","draw_012",174,"2022-05-07","history","-0.742659288950975"
"exdqlm_univar_synth","draw_012",174,"2022-05-08","history","-0.549787765439358"
"exdqlm_univar_synth","draw_012",174,"2022-05-09","history","-0.235903338430905"
"exdqlm_univar_synth","draw_012",174,"2022-05-10","history","-0.608558874268579"
"exdqlm_univar_synth","draw_012",174,"2022-05-11","history","-0.405323189866001"
"exdqlm_univar_synth","draw_013",190,"2022-04-23","history","-0.205380259773253"
"exdqlm_univar_synth","draw_013",190,"2022-04-24","history","-0.733796358683574"
"exdqlm_univar_synth","draw_013",190,"2022-04-25","history","-0.615968730988008"
"exdqlm_univar_synth","draw_013",190,"2022-04-26","history","-0.625832431180474"
"exdqlm_univar_synth","draw_013",190,"2022-04-27","history","-0.356661502127152"
"exdqlm_univar_synth","draw_013",190,"2022-04-28","history","-0.389792129733711"
"exdqlm_univar_synth","draw_013",190,"2022-04-29","history","-0.438136096263536"
"exdqlm_univar_synth","draw_013",190,"2022-04-30","history","-0.280229004680908"
"exdqlm_univar_synth","draw_013",190,"2022-05-01","history","-0.555079254664357"
"exdqlm_univar_synth","draw_013",190,"2022-05-02","history","-0.194147858714253"
"exdqlm_univar_synth","draw_013",190,"2022-05-03","history","-0.305073763728650"
"exdqlm_univar_synth","draw_013",190,"2022-05-04","history","-0.284943520705480"
"exdqlm_univar_synth","draw_013",190,"2022-05-05","history","-0.410669949157479"
"exdqlm_univar_synth","draw_013",190,"2022-05-06","history","-0.710066362533938"
"exdqlm_univar_synth","draw_013",190,"2022-05-07","history","-0.980025814294410"
"exdqlm_univar_synth","draw_013",190,"2022-05-08","history","-0.281154147401672"
"exdqlm_univar_synth","draw_013",190,"2022-05-09","history","-0.823287125201515"
"exdqlm_univar_synth","draw_013",190,"2022-05-10","history","-0.138090447938370"
"exdqlm_univar_synth","draw_013",190,"2022-05-11","history","-0.204372473387208"
"exdqlm_univar_synth","draw_014",206,"2022-04-23","history","-0.0343295699373631"
"exdqlm_univar_synth","draw_014",206,"2022-04-24","history","-0.562462209934646"
"exdqlm_univar_synth","draw_014",206,"2022-04-25","history","-0.404583622043914"
"exdqlm_univar_synth","draw_014",206,"2022-04-26","history","-0.0522556482614207"
"exdqlm_univar_synth","draw_014",206,"2022-04-27","history","-0.133117473358796"
"exdqlm_univar_synth","draw_014",206,"2022-04-28","history","-0.225237797082509"
"exdqlm_univar_synth","draw_014",206,"2022-04-29","history","-0.233082416941480"
"exdqlm_univar_synth","draw_014",206,"2022-04-30","history","-0.722862519507455"
"exdqlm_univar_synth","draw_014",206,"2022-05-01","history","-0.552079643726969"
"exdqlm_univar_synth","draw_014",206,"2022-05-02","history","-0.617748592582452"
"exdqlm_univar_synth","draw_014",206,"2022-05-03","history","-0.322000675806892"
"exdqlm_univar_synth","draw_014",206,"2022-05-04","history","-0.513313136567090"
"exdqlm_univar_synth","draw_014",206,"2022-05-05","history","-0.317504237967349"
"exdqlm_univar_synth","draw_014",206,"2022-05-06","history","-0.128918008637229"
"exdqlm_univar_synth","draw_014",206,"2022-05-07","history","-0.579515897329979"
"exdqlm_univar_synth","draw_014",206,"2022-05-08","history","-0.256668349608811"
"exdqlm_univar_synth","draw_014",206,"2022-05-09","history","-0.632009116311831"
"exdqlm_univar_synth","draw_014",206,"2022-05-10","history","-0.375024339808745"
"exdqlm_univar_synth","draw_014",206,"2022-05-11","history","-0.374730320777107"
"exdqlm_univar_synth","draw_015",221,"2022-04-23","history","-0.495314966446604"
"exdqlm_univar_synth","draw_015",221,"2022-04-24","history","-0.370668977584816"
"exdqlm_univar_synth","draw_015",221,"2022-04-25","history","-0.597783522712410"
"exdqlm_univar_synth","draw_015",221,"2022-04-26","history","-0.229407831062225"
"exdqlm_univar_synth","draw_015",221,"2022-04-27","history","-0.590578570365824"
"exdqlm_univar_synth","draw_015",221,"2022-04-28","history","-0.657832466435307"
"exdqlm_univar_synth","draw_015",221,"2022-04-29","history","-0.501413412440465"
"exdqlm_univar_synth","draw_015",221,"2022-04-30","history","-0.391022034016926"
"exdqlm_univar_synth","draw_015",221,"2022-05-01","history","-0.615259812951179"
"exdqlm_univar_synth","draw_015",221,"2022-05-02","history","-0.292945241818212"
"exdqlm_univar_synth","draw_015",221,"2022-05-03","history","-0.418847681812119"
"exdqlm_univar_synth","draw_015",221,"2022-05-04","history","-0.354394251127392"
"exdqlm_univar_synth","draw_015",221,"2022-05-05","history","-0.393259385207005"
"exdqlm_univar_synth","draw_015",221,"2022-05-06","history","-0.330408311102810"
"exdqlm_univar_synth","draw_015",221,"2022-05-07","history","-0.373447451685938"
"exdqlm_univar_synth","draw_015",221,"2022-05-08","history","-0.552983109163158"
"exdqlm_univar_synth","draw_015",221,"2022-05-09","history","-0.329910505092490"
"exdqlm_univar_synth","draw_015",221,"2022-05-10","history","-0.0423847424688501"
"exdqlm_univar_synth","draw_015",221,"2022-05-11","history","-0.345023098213782"
"exdqlm_univar_synth","draw_016",237,"2022-04-23","history","-0.243444917952380"
"exdqlm_univar_synth","draw_016",237,"2022-04-24","history","-0.529069580448260"
"exdqlm_univar_synth","draw_016",237,"2022-04-25","history","-0.104080527738166"
"exdqlm_univar_synth","draw_016",237,"2022-04-26","history","-0.520629672598760"
"exdqlm_univar_synth","draw_016",237,"2022-04-27","history","-0.295467844074597"
"exdqlm_univar_synth","draw_016",237,"2022-04-28","history","-0.234444975246210"
"exdqlm_univar_synth","draw_016",237,"2022-04-29","history","-0.683147938059724"
"exdqlm_univar_synth","draw_016",237,"2022-04-30","history","-0.584347887565894"
"exdqlm_univar_synth","draw_016",237,"2022-05-01","history","-0.273473127897120"
"exdqlm_univar_synth","draw_016",237,"2022-05-02","history","-0.479631857278721"
"exdqlm_univar_synth","draw_016",237,"2022-05-03","history","-0.487799545714433"
"exdqlm_univar_synth","draw_016",237,"2022-05-04","history","-0.556395534833056"
"exdqlm_univar_synth","draw_016",237,"2022-05-05","history","-0.557976886899011"
"exdqlm_univar_synth","draw_016",237,"2022-05-06","history","-0.553439546478694"
"exdqlm_univar_synth","draw_016",237,"2022-05-07","history","-0.351830807248454"
"exdqlm_univar_synth","draw_016",237,"2022-05-08","history","-0.597661470537170"
"exdqlm_univar_synth","draw_016",237,"2022-05-09","history","-0.416493231689204"
"exdqlm_univar_synth","draw_016",237,"2022-05-10","history","-0.825151019562619"
"exdqlm_univar_synth","draw_016",237,"2022-05-11","history","-0.862574586546693"
"exdqlm_univar_synth","draw_017",253,"2022-04-23","history","-0.239776425874658"
"exdqlm_univar_synth","draw_017",253,"2022-04-24","history","-0.487877406736221"
"exdqlm_univar_synth","draw_017",253,"2022-04-25","history","-0.296478437916926"
"exdqlm_univar_synth","draw_017",253,"2022-04-26","history","-0.609948548538601"
"exdqlm_univar_synth","draw_017",253,"2022-04-27","history","-0.272798748722510"
"exdqlm_univar_synth","draw_017",253,"2022-04-28","history","-0.521150975415659"
"exdqlm_univar_synth","draw_017",253,"2022-04-29","history","-0.569934633037272"
"exdqlm_univar_synth","draw_017",253,"2022-04-30","history","-0.517618230408583"
"exdqlm_univar_synth","draw_017",253,"2022-05-01","history","-0.497305754007000"
"exdqlm_univar_synth","draw_017",253,"2022-05-02","history","-0.661493771079134"
"exdqlm_univar_synth","draw_017",253,"2022-05-03","history","-0.140049640009445"
"exdqlm_univar_synth","draw_017",253,"2022-05-04","history","-0.661322043994146"
"exdqlm_univar_synth","draw_017",253,"2022-05-05","history","-0.709353209629021"
"exdqlm_univar_synth","draw_017",253,"2022-05-06","history","-0.556576368984559"
"exdqlm_univar_synth","draw_017",253,"2022-05-07","history","-0.408862123313137"
"exdqlm_univar_synth","draw_017",253,"2022-05-08","history","-0.0647658517551751"
"exdqlm_univar_synth","draw_017",253,"2022-05-09","history","-0.801292155132341"
"exdqlm_univar_synth","draw_017",253,"2022-05-10","history","-0.714678812630566"
"exdqlm_univar_synth","draw_017",253,"2022-05-11","history","-0.390710695473447"
"exdqlm_univar_synth","draw_018",269,"2022-04-23","history","-0.411800652758615"
"exdqlm_univar_synth","draw_018",269,"2022-04-24","history","-0.236369345008595"
"exdqlm_univar_synth","draw_018",269,"2022-04-25","history","-0.475495250507858"
"exdqlm_univar_synth","draw_018",269,"2022-04-26","history","-0.560447892472381"
"exdqlm_univar_synth","draw_018",269,"2022-04-27","history","-0.490863655222861"
"exdqlm_univar_synth","draw_018",269,"2022-04-28","history","-0.0902383854041424"
"exdqlm_univar_synth","draw_018",269,"2022-04-29","history","-0.535015770740109"
"exdqlm_univar_synth","draw_018",269,"2022-04-30","history","-0.519220345787136"
"exdqlm_univar_synth","draw_018",269,"2022-05-01","history","-0.210388349888008"
"exdqlm_univar_synth","draw_018",269,"2022-05-02","history","-0.0392448244137133"
"exdqlm_univar_synth","draw_018",269,"2022-05-03","history","-0.190142003568046"
"exdqlm_univar_synth","draw_018",269,"2022-05-04","history","-0.645764736880304"
"exdqlm_univar_synth","draw_018",269,"2022-05-05","history","-0.458914245172271"
"exdqlm_univar_synth","draw_018",269,"2022-05-06","history","-0.699049988402620"
"exdqlm_univar_synth","draw_018",269,"2022-05-07","history","-1.01699768639893"
"exdqlm_univar_synth","draw_018",269,"2022-05-08","history","-0.483354458845022"
"exdqlm_univar_synth","draw_018",269,"2022-05-09","history","-0.342980842391721"
"exdqlm_univar_synth","draw_018",269,"2022-05-10","history","-0.402224897395688"
"exdqlm_univar_synth","draw_018",269,"2022-05-11","history","-0.772685490922170"
"exdqlm_univar_synth","draw_019",284,"2022-04-23","history","-0.258525438212966"
"exdqlm_univar_synth","draw_019",284,"2022-04-24","history","-0.119720732597362"
"exdqlm_univar_synth","draw_019",284,"2022-04-25","history","-0.646613074557707"
"exdqlm_univar_synth","draw_019",284,"2022-04-26","history","-0.643241228050942"
"exdqlm_univar_synth","draw_019",284,"2022-04-27","history","-0.677781097744013"
"exdqlm_univar_synth","draw_019",284,"2022-04-28","history","-0.704009175331555"
"exdqlm_univar_synth","draw_019",284,"2022-04-29","history","-0.389076851912636"
"exdqlm_univar_synth","draw_019",284,"2022-04-30","history","-0.301677721466258"
"exdqlm_univar_synth","draw_019",284,"2022-05-01","history","-0.441198006737653"
"exdqlm_univar_synth","draw_019",284,"2022-05-02","history","-0.331647382818706"
"exdqlm_univar_synth","draw_019",284,"2022-05-03","history","-0.294068341507111"
"exdqlm_univar_synth","draw_019",284,"2022-05-04","history","-0.846178662344732"
"exdqlm_univar_synth","draw_019",284,"2022-05-05","history","-0.435280556874223"
"exdqlm_univar_synth","draw_019",284,"2022-05-06","history","-0.398318325165874"
"exdqlm_univar_synth","draw_019",284,"2022-05-07","history","-0.837806030780033"
"exdqlm_univar_synth","draw_019",284,"2022-05-08","history","-0.201289931095264"
"exdqlm_univar_synth","draw_019",284,"2022-05-09","history","-0.476482081002351"
"exdqlm_univar_synth","draw_019",284,"2022-05-10","history","-0.688595406133752"
"exdqlm_univar_synth","draw_019",284,"2022-05-11","history","-0.840749577162850"
"exdqlm_univar_synth","draw_020",300,"2022-04-23","history","-0.453564496761214"
"exdqlm_univar_synth","draw_020",300,"2022-04-24","history","-0.210434876758889"
"exdqlm_univar_synth","draw_020",300,"2022-04-25","history","-0.321925545538256"
"exdqlm_univar_synth","draw_020",300,"2022-04-26","history","-0.0530712432936677"
"exdqlm_univar_synth","draw_020",300,"2022-04-27","history","-0.665432355871086"
"exdqlm_univar_synth","draw_020",300,"2022-04-28","history","-0.283121283004034"
"exdqlm_univar_synth","draw_020",300,"2022-04-29","history","-0.563046828992283"
"exdqlm_univar_synth","draw_020",300,"2022-04-30","history","-0.753801803179065"
"exdqlm_univar_synth","draw_020",300,"2022-05-01","history","-0.684874834651426"
"exdqlm_univar_synth","draw_020",300,"2022-05-02","history","-0.542745695929178"
"exdqlm_univar_synth","draw_020",300,"2022-05-03","history","-0.400951302822358"
"exdqlm_univar_synth","draw_020",300,"2022-05-04","history","-0.656936949764280"
"exdqlm_univar_synth","draw_020",300,"2022-05-05","history","-0.657862332574826"
"exdqlm_univar_synth","draw_020",300,"2022-05-06","history","-0.533485911506866"
"exdqlm_univar_synth","draw_020",300,"2022-05-07","history","-0.121795247749771"
"exdqlm_univar_synth","draw_020",300,"2022-05-08","history","-0.571285594040331"
"exdqlm_univar_synth","draw_020",300,"2022-05-09","history","-0.308636697490706"
"exdqlm_univar_synth","draw_020",300,"2022-05-10","history","-0.498862992327557"
"exdqlm_univar_synth","draw_020",300,"2022-05-11","history","-0.500871442097812"
"exdqlm_univar_synth","draw_021",316,"2022-04-23","history","-0.136145887021524"
"exdqlm_univar_synth","draw_021",316,"2022-04-24","history","-0.371502072491698"
"exdqlm_univar_synth","draw_021",316,"2022-04-25","history","-0.328453718202354"
"exdqlm_univar_synth","draw_021",316,"2022-04-26","history","-0.465136156177552"
"exdqlm_univar_synth","draw_021",316,"2022-04-27","history","-0.590942256810767"
"exdqlm_univar_synth","draw_021",316,"2022-04-28","history","-0.490396746659532"
"exdqlm_univar_synth","draw_021",316,"2022-04-29","history","-0.279758610078817"
"exdqlm_univar_synth","draw_021",316,"2022-04-30","history","-0.379805931135676"
"exdqlm_univar_synth","draw_021",316,"2022-05-01","history","-0.250886614052397"
"exdqlm_univar_synth","draw_021",316,"2022-05-02","history","-0.174915228470438"
"exdqlm_univar_synth","draw_021",316,"2022-05-03","history","-0.576914804846710"
"exdqlm_univar_synth","draw_021",316,"2022-05-04","history","-0.351663517671030"
"exdqlm_univar_synth","draw_021",316,"2022-05-05","history","-0.566000976633538"
"exdqlm_univar_synth","draw_021",316,"2022-05-06","history","-0.339621847942703"
"exdqlm_univar_synth","draw_021",316,"2022-05-07","history","-0.159648555339440"
"exdqlm_univar_synth","draw_021",316,"2022-05-08","history","-0.329449299090091"
"exdqlm_univar_synth","draw_021",316,"2022-05-09","history","-0.330931768627814"
"exdqlm_univar_synth","draw_021",316,"2022-05-10","history","-0.517894024369319"
"exdqlm_univar_synth","draw_021",316,"2022-05-11","history","-0.631857263974582"
"exdqlm_univar_synth","draw_022",332,"2022-04-23","history","-0.532494844904858"
"exdqlm_univar_synth","draw_022",332,"2022-04-24","history","-0.672291482339797"
"exdqlm_univar_synth","draw_022",332,"2022-04-25","history","-0.517859497706138"
"exdqlm_univar_synth","draw_022",332,"2022-04-26","history","-0.308198081748662"
"exdqlm_univar_synth","draw_022",332,"2022-04-27","history","-0.638748843538449"
"exdqlm_univar_synth","draw_022",332,"2022-04-28","history","-0.671239263326577"
"exdqlm_univar_synth","draw_022",332,"2022-04-29","history","-0.478809230291273"
"exdqlm_univar_synth","draw_022",332,"2022-04-30","history","-0.225972029137448"
"exdqlm_univar_synth","draw_022",332,"2022-05-01","history","-0.683655512804180"
"exdqlm_univar_synth","draw_022",332,"2022-05-02","history","-0.537700048185245"
"exdqlm_univar_synth","draw_022",332,"2022-05-03","history","-0.533956574849614"
"exdqlm_univar_synth","draw_022",332,"2022-05-04","history","-0.456385024631467"
"exdqlm_univar_synth","draw_022",332,"2022-05-05","history","-0.267491275618385"
"exdqlm_univar_synth","draw_022",332,"2022-05-06","history","-0.322862733363666"
"exdqlm_univar_synth","draw_022",332,"2022-05-07","history","-0.250777184393349"
"exdqlm_univar_synth","draw_022",332,"2022-05-08","history","-0.384504279640509"
"exdqlm_univar_synth","draw_022",332,"2022-05-09","history","-0.591270585285527"
"exdqlm_univar_synth","draw_022",332,"2022-05-10","history","-0.334851799738331"
"exdqlm_univar_synth","draw_022",332,"2022-05-11","history","-0.369381818645380"
"exdqlm_univar_synth","draw_023",347,"2022-04-23","history","-0.000120141440451913"
"exdqlm_univar_synth","draw_023",347,"2022-04-24","history","-0.310468732247686"
"exdqlm_univar_synth","draw_023",347,"2022-04-25","history","-0.638676411768648"
"exdqlm_univar_synth","draw_023",347,"2022-04-26","history","-0.361656450189476"
"exdqlm_univar_synth","draw_023",347,"2022-04-27","history","-0.441349080765255"
"exdqlm_univar_synth","draw_023",347,"2022-04-28","history","-0.857160348758792"
"exdqlm_univar_synth","draw_023",347,"2022-04-29","history","-0.735712662989120"
"exdqlm_univar_synth","draw_023",347,"2022-04-30","history","-0.380408711778998"
"exdqlm_univar_synth","draw_023",347,"2022-05-01","history","-0.268864375023650"
"exdqlm_univar_synth","draw_023",347,"2022-05-02","history","-0.490661074754460"
"exdqlm_univar_synth","draw_023",347,"2022-05-03","history","-0.212656989166071"
"exdqlm_univar_synth","draw_023",347,"2022-05-04","history","-0.267493568469845"
"exdqlm_univar_synth","draw_023",347,"2022-05-05","history","-0.693277010148971"
"exdqlm_univar_synth","draw_023",347,"2022-05-06","history","-0.687949675069142"
"exdqlm_univar_synth","draw_023",347,"2022-05-07","history","-0.603500611818769"
"exdqlm_univar_synth","draw_023",347,"2022-05-08","history","-0.180521680965968"
"exdqlm_univar_synth","draw_023",347,"2022-05-09","history","-0.460205649066177"
"exdqlm_univar_synth","draw_023",347,"2022-05-10","history","-0.500730254042296"
"exdqlm_univar_synth","draw_023",347,"2022-05-11","history","-0.474172298648905"
"exdqlm_univar_synth","draw_024",363,"2022-04-23","history","-0.205690529553228"
"exdqlm_univar_synth","draw_024",363,"2022-04-24","history","-0.464219145199406"
"exdqlm_univar_synth","draw_024",363,"2022-04-25","history","-0.397055365736409"
"exdqlm_univar_synth","draw_024",363,"2022-04-26","history","-0.440188810216270"
"exdqlm_univar_synth","draw_024",363,"2022-04-27","history","-0.439040077254739"
"exdqlm_univar_synth","draw_024",363,"2022-04-28","history","-0.695550937452411"
"exdqlm_univar_synth","draw_024",363,"2022-04-29","history","-0.286549725586240"
"exdqlm_univar_synth","draw_024",363,"2022-04-30","history","-0.638604248792437"
"exdqlm_univar_synth","draw_024",363,"2022-05-01","history","-0.190157957422431"
"exdqlm_univar_synth","draw_024",363,"2022-05-02","history","-0.395472071417821"
"exdqlm_univar_synth","draw_024",363,"2022-05-03","history","-0.427410617620117"
"exdqlm_univar_synth","draw_024",363,"2022-05-04","history","-0.380268923982539"
"exdqlm_univar_synth","draw_024",363,"2022-05-05","history","-0.597268427792379"
"exdqlm_univar_synth","draw_024",363,"2022-05-06","history","-0.651424176255933"
"exdqlm_univar_synth","draw_024",363,"2022-05-07","history","-0.190240483543757"
"exdqlm_univar_synth","draw_024",363,"2022-05-08","history","-0.557206158666725"
"exdqlm_univar_synth","draw_024",363,"2022-05-09","history","0.0641769270030251"
"exdqlm_univar_synth","draw_024",363,"2022-05-10","history","-0.0851330452402715"
"exdqlm_univar_synth","draw_024",363,"2022-05-11","history","-0.704393389569367"
"exdqlm_univar_synth","draw_025",379,"2022-04-23","history","-0.246066917671785"
"exdqlm_univar_synth","draw_025",379,"2022-04-24","history","-0.629366812249065"
"exdqlm_univar_synth","draw_025",379,"2022-04-25","history","-0.500700919952423"
"exdqlm_univar_synth","draw_025",379,"2022-04-26","history","-0.479937943723582"
"exdqlm_univar_synth","draw_025",379,"2022-04-27","history","-0.420536621485478"
"exdqlm_univar_synth","draw_025",379,"2022-04-28","history","-0.698441352276939"
"exdqlm_univar_synth","draw_025",379,"2022-04-29","history","-0.537486512544565"
"exdqlm_univar_synth","draw_025",379,"2022-04-30","history","-0.586068269247576"
"exdqlm_univar_synth","draw_025",379,"2022-05-01","history","-0.410528544611715"
"exdqlm_univar_synth","draw_025",379,"2022-05-02","history","-0.535689145884121"
"exdqlm_univar_synth","draw_025",379,"2022-05-03","history","-0.387135039774212"
"exdqlm_univar_synth","draw_025",379,"2022-05-04","history","-0.485464026071563"
"exdqlm_univar_synth","draw_025",379,"2022-05-05","history","-0.374208536510613"
"exdqlm_univar_synth","draw_025",379,"2022-05-06","history","-0.835239532476114"
"exdqlm_univar_synth","draw_025",379,"2022-05-07","history","-0.179226418994424"
"exdqlm_univar_synth","draw_025",379,"2022-05-08","history","-0.115553852886281"
"exdqlm_univar_synth","draw_025",379,"2022-05-09","history","-0.210988537071734"
"exdqlm_univar_synth","draw_025",379,"2022-05-10","history","-0.454592950745052"
"exdqlm_univar_synth","draw_025",379,"2022-05-11","history","-0.0409339810028747"
"exdqlm_univar_synth","draw_026",395,"2022-04-23","history","-0.271081380120282"
"exdqlm_univar_synth","draw_026",395,"2022-04-24","history","-0.710007958765125"
"exdqlm_univar_synth","draw_026",395,"2022-04-25","history","-0.331807950952303"
"exdqlm_univar_synth","draw_026",395,"2022-04-26","history","-0.560588494908720"
"exdqlm_univar_synth","draw_026",395,"2022-04-27","history","-0.209063306176902"
"exdqlm_univar_synth","draw_026",395,"2022-04-28","history","-0.279538237095883"
"exdqlm_univar_synth","draw_026",395,"2022-04-29","history","-0.569196611271147"
"exdqlm_univar_synth","draw_026",395,"2022-04-30","history","-0.654117384756810"
"exdqlm_univar_synth","draw_026",395,"2022-05-01","history","-0.484338886378649"
"exdqlm_univar_synth","draw_026",395,"2022-05-02","history","-0.476682533001454"
"exdqlm_univar_synth","draw_026",395,"2022-05-03","history","-0.182741886707203"
"exdqlm_univar_synth","draw_026",395,"2022-05-04","history","-0.308633296963284"
"exdqlm_univar_synth","draw_026",395,"2022-05-05","history","-0.829798602008458"
"exdqlm_univar_synth","draw_026",395,"2022-05-06","history","-0.331751464046199"
"exdqlm_univar_synth","draw_026",395,"2022-05-07","history","-0.295379453695115"
"exdqlm_univar_synth","draw_026",395,"2022-05-08","history","-0.611054986914497"
"exdqlm_univar_synth","draw_026",395,"2022-05-09","history","-0.451220808590756"
"exdqlm_univar_synth","draw_026",395,"2022-05-10","history","-0.668770907804794"
"exdqlm_univar_synth","draw_026",395,"2022-05-11","history","-0.852849249151731"
"exdqlm_univar_synth","draw_027",410,"2022-04-23","history","-0.242720529823386"
"exdqlm_univar_synth","draw_027",410,"2022-04-24","history","-0.258191921593268"
"exdqlm_univar_synth","draw_027",410,"2022-04-25","history","-0.254444638165309"
"exdqlm_univar_synth","draw_027",410,"2022-04-26","history","-0.225100771679681"
"exdqlm_univar_synth","draw_027",410,"2022-04-27","history","0.0267829435535180"
"exdqlm_univar_synth","draw_027",410,"2022-04-28","history","-0.560268520943152"
"exdqlm_univar_synth","draw_027",410,"2022-04-29","history","-0.560809600033217"
"exdqlm_univar_synth","draw_027",410,"2022-04-30","history","-0.242197008734689"
"exdqlm_univar_synth","draw_027",410,"2022-05-01","history","-0.329763179069746"
"exdqlm_univar_synth","draw_027",410,"2022-05-02","history","-0.277566947115373"
"exdqlm_univar_synth","draw_027",410,"2022-05-03","history","-0.111404993790011"
"exdqlm_univar_synth","draw_027",410,"2022-05-04","history","-0.403257393949068"
"exdqlm_univar_synth","draw_027",410,"2022-05-05","history","-0.399439407108620"
"exdqlm_univar_synth","draw_027",410,"2022-05-06","history","-0.697116889707707"
"exdqlm_univar_synth","draw_027",410,"2022-05-07","history","-0.274944844933602"
"exdqlm_univar_synth","draw_027",410,"2022-05-08","history","-0.570734038311697"
"exdqlm_univar_synth","draw_027",410,"2022-05-09","history","-0.623678477286839"
"exdqlm_univar_synth","draw_027",410,"2022-05-10","history","-0.777905606016351"
"exdqlm_univar_synth","draw_027",410,"2022-05-11","history","-0.575666115217328"
"exdqlm_univar_synth","draw_028",426,"2022-04-23","history","-0.336455697497600"
"exdqlm_univar_synth","draw_028",426,"2022-04-24","history","-0.324771761945854"
"exdqlm_univar_synth","draw_028",426,"2022-04-25","history","-0.457568001649403"
"exdqlm_univar_synth","draw_028",426,"2022-04-26","history","-0.690179899550616"
"exdqlm_univar_synth","draw_028",426,"2022-04-27","history","-0.704338418830371"
"exdqlm_univar_synth","draw_028",426,"2022-04-28","history","-0.298874986895479"
"exdqlm_univar_synth","draw_028",426,"2022-04-29","history","-0.299123206777474"
"exdqlm_univar_synth","draw_028",426,"2022-04-30","history","-0.633448082789209"
"exdqlm_univar_synth","draw_028",426,"2022-05-01","history","-0.334604487482271"
"exdqlm_univar_synth","draw_028",426,"2022-05-02","history","-0.543403925399507"
"exdqlm_univar_synth","draw_028",426,"2022-05-03","history","-0.481846800515799"
"exdqlm_univar_synth","draw_028",426,"2022-05-04","history","-0.755768881685657"
"exdqlm_univar_synth","draw_028",426,"2022-05-05","history","-0.337184533163874"
"exdqlm_univar_synth","draw_028",426,"2022-05-06","history","-0.708697290907476"
"exdqlm_univar_synth","draw_028",426,"2022-05-07","history","-0.167069523650453"
"exdqlm_univar_synth","draw_028",426,"2022-05-08","history","-0.349709348363897"
"exdqlm_univar_synth","draw_028",426,"2022-05-09","history","-0.778940255934934"
"exdqlm_univar_synth","draw_028",426,"2022-05-10","history","-0.380797922404922"
"exdqlm_univar_synth","draw_028",426,"2022-05-11","history","-0.402559466941052"
"exdqlm_univar_synth","draw_029",442,"2022-04-23","history","-0.226798143220030"
"exdqlm_univar_synth","draw_029",442,"2022-04-24","history","-0.692503157627738"
"exdqlm_univar_synth","draw_029",442,"2022-04-25","history","-0.625528663133462"
"exdqlm_univar_synth","draw_029",442,"2022-04-26","history","-0.796217698328996"
"exdqlm_univar_synth","draw_029",442,"2022-04-27","history","-0.990975364932503"
"exdqlm_univar_synth","draw_029",442,"2022-04-28","history","-0.315106533507956"
"exdqlm_univar_synth","draw_029",442,"2022-04-29","history","-0.179007725423986"
"exdqlm_univar_synth","draw_029",442,"2022-04-30","history","-0.688215398941645"
"exdqlm_univar_synth","draw_029",442,"2022-05-01","history","-0.680225660314560"
"exdqlm_univar_synth","draw_029",442,"2022-05-02","history","-0.702459729890343"
"exdqlm_univar_synth","draw_029",442,"2022-05-03","history","-0.489113838974123"
"exdqlm_univar_synth","draw_029",442,"2022-05-04","history","-0.659510706979121"
"exdqlm_univar_synth","draw_029",442,"2022-05-05","history","-0.508350660798880"
"exdqlm_univar_synth","draw_029",442,"2022-05-06","history","-0.506111476334213"
"exdqlm_univar_synth","draw_029",442,"2022-05-07","history","-0.000744622714882735"
"exdqlm_univar_synth","draw_029",442,"2022-05-08","history","-0.389265329101263"
"exdqlm_univar_synth","draw_029",442,"2022-05-09","history","-0.190802103610295"
"exdqlm_univar_synth","draw_029",442,"2022-05-10","history","-0.582701452097665"
"exdqlm_univar_synth","draw_029",442,"2022-05-11","history","-0.222430207558990"
"exdqlm_univar_synth","draw_030",457,"2022-04-23","history","-0.511381671844617"
"exdqlm_univar_synth","draw_030",457,"2022-04-24","history","-0.606591975526328"
"exdqlm_univar_synth","draw_030",457,"2022-04-25","history","-0.459792148475878"
"exdqlm_univar_synth","draw_030",457,"2022-04-26","history","-0.709676621040266"
"exdqlm_univar_synth","draw_030",457,"2022-04-27","history","-0.130035005273855"
"exdqlm_univar_synth","draw_030",457,"2022-04-28","history","-0.492216481226357"
"exdqlm_univar_synth","draw_030",457,"2022-04-29","history","-0.251938219211277"
"exdqlm_univar_synth","draw_030",457,"2022-04-30","history","-0.359603197027309"
"exdqlm_univar_synth","draw_030",457,"2022-05-01","history","-0.244732115578654"
"exdqlm_univar_synth","draw_030",457,"2022-05-02","history","-0.611676079840723"
"exdqlm_univar_synth","draw_030",457,"2022-05-03","history","-0.707253459245719"
"exdqlm_univar_synth","draw_030",457,"2022-05-04","history","-0.442487656832066"
"exdqlm_univar_synth","draw_030",457,"2022-05-05","history","-0.633450065426389"
"exdqlm_univar_synth","draw_030",457,"2022-05-06","history","-0.560732383014508"
"exdqlm_univar_synth","draw_030",457,"2022-05-07","history","-0.522998549441072"
"exdqlm_univar_synth","draw_030",457,"2022-05-08","history","-0.737772270415282"
"exdqlm_univar_synth","draw_030",457,"2022-05-09","history","-0.342599180709816"
"exdqlm_univar_synth","draw_030",457,"2022-05-10","history","-0.306347630918528"
"exdqlm_univar_synth","draw_030",457,"2022-05-11","history","-0.448939923217017"
"exdqlm_univar_synth","draw_031",473,"2022-04-23","history","-0.506043759505927"
"exdqlm_univar_synth","draw_031",473,"2022-04-24","history","-0.625549925118785"
"exdqlm_univar_synth","draw_031",473,"2022-04-25","history","-0.389370698851776"
"exdqlm_univar_synth","draw_031",473,"2022-04-26","history","-0.298538628637051"
"exdqlm_univar_synth","draw_031",473,"2022-04-27","history","-0.293592335899358"
"exdqlm_univar_synth","draw_031",473,"2022-04-28","history","-0.331235409480826"
"exdqlm_univar_synth","draw_031",473,"2022-04-29","history","-0.488566894160598"
"exdqlm_univar_synth","draw_031",473,"2022-04-30","history","-0.546345420722671"
"exdqlm_univar_synth","draw_031",473,"2022-05-01","history","-0.363681940974368"
"exdqlm_univar_synth","draw_031",473,"2022-05-02","history","-0.487974121970351"
"exdqlm_univar_synth","draw_031",473,"2022-05-03","history","-0.623551709960214"
"exdqlm_univar_synth","draw_031",473,"2022-05-04","history","-0.595476318944775"
"exdqlm_univar_synth","draw_031",473,"2022-05-05","history","-0.153776982596249"
"exdqlm_univar_synth","draw_031",473,"2022-05-06","history","-0.661277937262606"
"exdqlm_univar_synth","draw_031",473,"2022-05-07","history","-0.459245040786005"
"exdqlm_univar_synth","draw_031",473,"2022-05-08","history","-0.628308531191533"
"exdqlm_univar_synth","draw_031",473,"2022-05-09","history","-0.379499094647729"
"exdqlm_univar_synth","draw_031",473,"2022-05-10","history","-0.825433519997645"
"exdqlm_univar_synth","draw_031",473,"2022-05-11","history","-0.449719808975088"
"exdqlm_univar_synth","draw_032",489,"2022-04-23","history","-0.199916599606917"
"exdqlm_univar_synth","draw_032",489,"2022-04-24","history","-0.717697352172289"
"exdqlm_univar_synth","draw_032",489,"2022-04-25","history","-0.459988813877942"
"exdqlm_univar_synth","draw_032",489,"2022-04-26","history","-0.150581399692928"
"exdqlm_univar_synth","draw_032",489,"2022-04-27","history","-0.237054315929041"
"exdqlm_univar_synth","draw_032",489,"2022-04-28","history","-0.358062274301341"
"exdqlm_univar_synth","draw_032",489,"2022-04-29","history","-0.330263462055666"
"exdqlm_univar_synth","draw_032",489,"2022-04-30","history","-0.460771633824421"
"exdqlm_univar_synth","draw_032",489,"2022-05-01","history","-0.501132898615925"
"exdqlm_univar_synth","draw_032",489,"2022-05-02","history","-0.574936530956448"
"exdqlm_univar_synth","draw_032",489,"2022-05-03","history","-0.664505551441384"
"exdqlm_univar_synth","draw_032",489,"2022-05-04","history","-0.350232771049183"
"exdqlm_univar_synth","draw_032",489,"2022-05-05","history","-0.649455085710212"
"exdqlm_univar_synth","draw_032",489,"2022-05-06","history","-0.598269548828861"
"exdqlm_univar_synth","draw_032",489,"2022-05-07","history","-0.500515631000658"
"exdqlm_univar_synth","draw_032",489,"2022-05-08","history","-0.373552772881250"
"exdqlm_univar_synth","draw_032",489,"2022-05-09","history","-0.215644372873810"
"exdqlm_univar_synth","draw_032",489,"2022-05-10","history","-0.727231072280235"
"exdqlm_univar_synth","draw_032",489,"2022-05-11","history","-0.370458343612249"
"exdqlm_univar_synth","draw_033",505,"2022-04-23","history","-0.206607680806046"
"exdqlm_univar_synth","draw_033",505,"2022-04-24","history","-0.503582475749430"
"exdqlm_univar_synth","draw_033",505,"2022-04-25","history","-0.599207589157811"
"exdqlm_univar_synth","draw_033",505,"2022-04-26","history","-0.276937130441813"
"exdqlm_univar_synth","draw_033",505,"2022-04-27","history","-0.288817472276045"
"exdqlm_univar_synth","draw_033",505,"2022-04-28","history","-0.539047585610806"
"exdqlm_univar_synth","draw_033",505,"2022-04-29","history","-0.666067742056834"
"exdqlm_univar_synth","draw_033",505,"2022-04-30","history","-0.696487385101072"
"exdqlm_univar_synth","draw_033",505,"2022-05-01","history","-0.522323491161116"
"exdqlm_univar_synth","draw_033",505,"2022-05-02","history","-0.384801154101161"
"exdqlm_univar_synth","draw_033",505,"2022-05-03","history","-0.311169093085440"
"exdqlm_univar_synth","draw_033",505,"2022-05-04","history","-0.0693849884363204"
"exdqlm_univar_synth","draw_033",505,"2022-05-05","history","-0.769199993461746"
"exdqlm_univar_synth","draw_033",505,"2022-05-06","history","-0.473241814023679"
"exdqlm_univar_synth","draw_033",505,"2022-05-07","history","-0.401758499074412"
"exdqlm_univar_synth","draw_033",505,"2022-05-08","history","-0.639606703932327"
"exdqlm_univar_synth","draw_033",505,"2022-05-09","history","-0.502817989628623"
"exdqlm_univar_synth","draw_033",505,"2022-05-10","history","-0.843925196375000"
"exdqlm_univar_synth","draw_033",505,"2022-05-11","history","-0.861610779280659"
"exdqlm_univar_synth","draw_034",520,"2022-04-23","history","-0.146754045837964"
"exdqlm_univar_synth","draw_034",520,"2022-04-24","history","-0.214508302464898"
"exdqlm_univar_synth","draw_034",520,"2022-04-25","history","-0.457032878852554"
"exdqlm_univar_synth","draw_034",520,"2022-04-26","history","-0.343586800269773"
"exdqlm_univar_synth","draw_034",520,"2022-04-27","history","-0.615941288792798"
"exdqlm_univar_synth","draw_034",520,"2022-04-28","history","-0.182888094273883"
"exdqlm_univar_synth","draw_034",520,"2022-04-29","history","-0.584966468343431"
"exdqlm_univar_synth","draw_034",520,"2022-04-30","history","-0.516744807678411"
"exdqlm_univar_synth","draw_034",520,"2022-05-01","history","-0.518967288865717"
"exdqlm_univar_synth","draw_034",520,"2022-05-02","history","-0.299673982947310"
"exdqlm_univar_synth","draw_034",520,"2022-05-03","history","-0.143434567345751"
"exdqlm_univar_synth","draw_034",520,"2022-05-04","history","-0.468188265792280"
"exdqlm_univar_synth","draw_034",520,"2022-05-05","history","-0.317153116403810"
"exdqlm_univar_synth","draw_034",520,"2022-05-06","history","-0.400660451424775"
"exdqlm_univar_synth","draw_034",520,"2022-05-07","history","-0.0321531980502466"
"exdqlm_univar_synth","draw_034",520,"2022-05-08","history","-0.625788869683864"
"exdqlm_univar_synth","draw_034",520,"2022-05-09","history","-0.180067031925588"
"exdqlm_univar_synth","draw_034",520,"2022-05-10","history","-0.831409807259113"
"exdqlm_univar_synth","draw_034",520,"2022-05-11","history","-0.819106313677360"
"exdqlm_univar_synth","draw_035",536,"2022-04-23","history","-0.543597449486631"
"exdqlm_univar_synth","draw_035",536,"2022-04-24","history","-0.627516916561288"
"exdqlm_univar_synth","draw_035",536,"2022-04-25","history","-0.168637699290646"
"exdqlm_univar_synth","draw_035",536,"2022-04-26","history","-0.471716408876921"
"exdqlm_univar_synth","draw_035",536,"2022-04-27","history","-0.607537153604847"
"exdqlm_univar_synth","draw_035",536,"2022-04-28","history","-0.649208007491850"
"exdqlm_univar_synth","draw_035",536,"2022-04-29","history","-0.812520453151723"
"exdqlm_univar_synth","draw_035",536,"2022-04-30","history","-0.583071266416247"
"exdqlm_univar_synth","draw_035",536,"2022-05-01","history","-0.374970670175055"
"exdqlm_univar_synth","draw_035",536,"2022-05-02","history","-0.291839949330270"
"exdqlm_univar_synth","draw_035",536,"2022-05-03","history","-0.322943581475334"
"exdqlm_univar_synth","draw_035",536,"2022-05-04","history","0.138006888991704"
"exdqlm_univar_synth","draw_035",536,"2022-05-05","history","-0.112962427576277"
"exdqlm_univar_synth","draw_035",536,"2022-05-06","history","-0.644792821244485"
"exdqlm_univar_synth","draw_035",536,"2022-05-07","history","-0.685719030693300"
"exdqlm_univar_synth","draw_035",536,"2022-05-08","history","-0.209178519298054"
"exdqlm_univar_synth","draw_035",536,"2022-05-09","history","-0.663497084199572"
"exdqlm_univar_synth","draw_035",536,"2022-05-10","history","-0.774434441352518"
"exdqlm_univar_synth","draw_035",536,"2022-05-11","history","-0.566113757289026"
"exdqlm_univar_synth","draw_036",552,"2022-04-23","history","-0.0789720963011298"
"exdqlm_univar_synth","draw_036",552,"2022-04-24","history","-0.747510309224412"
"exdqlm_univar_synth","draw_036",552,"2022-04-25","history","-0.312529477754179"
"exdqlm_univar_synth","draw_036",552,"2022-04-26","history","-0.301669203924611"
"exdqlm_univar_synth","draw_036",552,"2022-04-27","history","-0.136480799716774"
"exdqlm_univar_synth","draw_036",552,"2022-04-28","history","-0.314957656355093"
"exdqlm_univar_synth","draw_036",552,"2022-04-29","history","-0.766739389531927"
"exdqlm_univar_synth","draw_036",552,"2022-04-30","history","-0.269389200608609"
"exdqlm_univar_synth","draw_036",552,"2022-05-01","history","-0.317941418798933"
"exdqlm_univar_synth","draw_036",552,"2022-05-02","history","-0.210555978216591"
"exdqlm_univar_synth","draw_036",552,"2022-05-03","history","-0.543984615930000"
"exdqlm_univar_synth","draw_036",552,"2022-05-04","history","-0.407458746613670"
"exdqlm_univar_synth","draw_036",552,"2022-05-05","history","-0.560534944720874"
"exdqlm_univar_synth","draw_036",552,"2022-05-06","history","-0.529009760441151"
"exdqlm_univar_synth","draw_036",552,"2022-05-07","history","-0.533001955337031"
"exdqlm_univar_synth","draw_036",552,"2022-05-08","history","-0.332716924533032"
"exdqlm_univar_synth","draw_036",552,"2022-05-09","history","-0.383654796132737"
"exdqlm_univar_synth","draw_036",552,"2022-05-10","history","-0.828962169774792"
"exdqlm_univar_synth","draw_036",552,"2022-05-11","history","-0.728461928071350"
"exdqlm_univar_synth","draw_037",568,"2022-04-23","history","-0.383732987306993"
"exdqlm_univar_synth","draw_037",568,"2022-04-24","history","-0.266868903825752"
"exdqlm_univar_synth","draw_037",568,"2022-04-25","history","-0.487611851466807"
"exdqlm_univar_synth","draw_037",568,"2022-04-26","history","-0.734907535237976"
"exdqlm_univar_synth","draw_037",568,"2022-04-27","history","-0.0820131830078435"
"exdqlm_univar_synth","draw_037",568,"2022-04-28","history","-0.286112091496385"
"exdqlm_univar_synth","draw_037",568,"2022-04-29","history","-0.362805974027854"
"exdqlm_univar_synth","draw_037",568,"2022-04-30","history","-0.306573487573389"
"exdqlm_univar_synth","draw_037",568,"2022-05-01","history","-0.359409688837678"
"exdqlm_univar_synth","draw_037",568,"2022-05-02","history","-0.538657434987838"
"exdqlm_univar_synth","draw_037",568,"2022-05-03","history","-0.612087040534711"
"exdqlm_univar_synth","draw_037",568,"2022-05-04","history","-0.472025373840274"
"exdqlm_univar_synth","draw_037",568,"2022-05-05","history","-0.227388441284725"
"exdqlm_univar_synth","draw_037",568,"2022-05-06","history","-0.677534158649354"
"exdqlm_univar_synth","draw_037",568,"2022-05-07","history","-0.334737375273882"
"exdqlm_univar_synth","draw_037",568,"2022-05-08","history","-0.420340666893887"
"exdqlm_univar_synth","draw_037",568,"2022-05-09","history","-0.892805628890220"
"exdqlm_univar_synth","draw_037",568,"2022-05-10","history","-0.259604165098245"
"exdqlm_univar_synth","draw_037",568,"2022-05-11","history","-0.855236052665366"
"exdqlm_univar_synth","draw_038",583,"2022-04-23","history","-0.371005927088135"
"exdqlm_univar_synth","draw_038",583,"2022-04-24","history","-0.642777271796423"
"exdqlm_univar_synth","draw_038",583,"2022-04-25","history","-0.644026399511447"
"exdqlm_univar_synth","draw_038",583,"2022-04-26","history","-0.510404774668914"
"exdqlm_univar_synth","draw_038",583,"2022-04-27","history","-0.321766106851913"
"exdqlm_univar_synth","draw_038",583,"2022-04-28","history","-0.470615154701535"
"exdqlm_univar_synth","draw_038",583,"2022-04-29","history","-0.0824991884317036"
"exdqlm_univar_synth","draw_038",583,"2022-04-30","history","-0.161167729124129"
"exdqlm_univar_synth","draw_038",583,"2022-05-01","history","-0.410456176478455"
"exdqlm_univar_synth","draw_038",583,"2022-05-02","history","-0.163101480818892"
"exdqlm_univar_synth","draw_038",583,"2022-05-03","history","-0.473561385744434"
"exdqlm_univar_synth","draw_038",583,"2022-05-04","history","-0.550310856027863"
"exdqlm_univar_synth","draw_038",583,"2022-05-05","history","-0.410839636963725"
"exdqlm_univar_synth","draw_038",583,"2022-05-06","history","-0.416848733751665"
"exdqlm_univar_synth","draw_038",583,"2022-05-07","history","-0.186723100986305"
"exdqlm_univar_synth","draw_038",583,"2022-05-08","history","-0.598270239124503"
"exdqlm_univar_synth","draw_038",583,"2022-05-09","history","-0.546138020030269"
"exdqlm_univar_synth","draw_038",583,"2022-05-10","history","-0.618962872128080"
"exdqlm_univar_synth","draw_038",583,"2022-05-11","history","-0.0758200247019888"
"exdqlm_univar_synth","draw_039",599,"2022-04-23","history","-0.0256383255977673"
"exdqlm_univar_synth","draw_039",599,"2022-04-24","history","-0.407555087579888"
"exdqlm_univar_synth","draw_039",599,"2022-04-25","history","-0.147202319802340"
"exdqlm_univar_synth","draw_039",599,"2022-04-26","history","-0.644440200321750"
"exdqlm_univar_synth","draw_039",599,"2022-04-27","history","-0.419796360718811"
"exdqlm_univar_synth","draw_039",599,"2022-04-28","history","-0.284807027891415"
"exdqlm_univar_synth","draw_039",599,"2022-04-29","history","-0.331770742569740"
"exdqlm_univar_synth","draw_039",599,"2022-04-30","history","-0.714573081278092"
"exdqlm_univar_synth","draw_039",599,"2022-05-01","history","-0.103182792971429"
"exdqlm_univar_synth","draw_039",599,"2022-05-02","history","-0.190668911828238"
"exdqlm_univar_synth","draw_039",599,"2022-05-03","history","-0.639789171173605"
"exdqlm_univar_synth","draw_039",599,"2022-05-04","history","-0.350255822297525"
"exdqlm_univar_synth","draw_039",599,"2022-05-05","history","-0.135957142858976"
"exdqlm_univar_synth","draw_039",599,"2022-05-06","history","-0.290707523682475"
"exdqlm_univar_synth","draw_039",599,"2022-05-07","history","-0.611572641625721"
"exdqlm_univar_synth","draw_039",599,"2022-05-08","history","-0.446333504283107"
"exdqlm_univar_synth","draw_039",599,"2022-05-09","history","-0.569719120264663"
"exdqlm_univar_synth","draw_039",599,"2022-05-10","history","-0.316657917830906"
"exdqlm_univar_synth","draw_039",599,"2022-05-11","history","-0.830999578764313"
"exdqlm_univar_synth","draw_040",615,"2022-04-23","history","-0.176364697888063"
"exdqlm_univar_synth","draw_040",615,"2022-04-24","history","-0.670439974891613"
"exdqlm_univar_synth","draw_040",615,"2022-04-25","history","-0.648615611552691"
"exdqlm_univar_synth","draw_040",615,"2022-04-26","history","-0.748207566802232"
"exdqlm_univar_synth","draw_040",615,"2022-04-27","history","-0.450003986927522"
"exdqlm_univar_synth","draw_040",615,"2022-04-28","history","-0.494842027402680"
"exdqlm_univar_synth","draw_040",615,"2022-04-29","history","-0.453396456631188"
"exdqlm_univar_synth","draw_040",615,"2022-04-30","history","-0.178486145232499"
"exdqlm_univar_synth","draw_040",615,"2022-05-01","history","-0.631314878689686"
"exdqlm_univar_synth","draw_040",615,"2022-05-02","history","-0.307284947094774"
"exdqlm_univar_synth","draw_040",615,"2022-05-03","history","-0.375296816134107"
"exdqlm_univar_synth","draw_040",615,"2022-05-04","history","-0.542639202689633"
"exdqlm_univar_synth","draw_040",615,"2022-05-05","history","-0.575135006145101"
"exdqlm_univar_synth","draw_040",615,"2022-05-06","history","-0.494301454001058"
"exdqlm_univar_synth","draw_040",615,"2022-05-07","history","-0.526290933730903"
"exdqlm_univar_synth","draw_040",615,"2022-05-08","history","-0.725328324290028"
"exdqlm_univar_synth","draw_040",615,"2022-05-09","history","-0.124087985904451"
"exdqlm_univar_synth","draw_040",615,"2022-05-10","history","-0.378241983975700"
"exdqlm_univar_synth","draw_040",615,"2022-05-11","history","-0.850752319376857"
"exdqlm_univar_synth","draw_041",631,"2022-04-23","history","-0.0807041492412552"
"exdqlm_univar_synth","draw_041",631,"2022-04-24","history","-0.477262288427415"
"exdqlm_univar_synth","draw_041",631,"2022-04-25","history","-0.385561201556823"
"exdqlm_univar_synth","draw_041",631,"2022-04-26","history","-0.351423033736719"
"exdqlm_univar_synth","draw_041",631,"2022-04-27","history","-0.302320630118521"
"exdqlm_univar_synth","draw_041",631,"2022-04-28","history","-0.655567046833350"
"exdqlm_univar_synth","draw_041",631,"2022-04-29","history","-0.186472962672906"
"exdqlm_univar_synth","draw_041",631,"2022-04-30","history","-0.696299676108932"
"exdqlm_univar_synth","draw_041",631,"2022-05-01","history","-0.473615014162219"
"exdqlm_univar_synth","draw_041",631,"2022-05-02","history","-0.484503116911052"
"exdqlm_univar_synth","draw_041",631,"2022-05-03","history","-0.366768273200101"
"exdqlm_univar_synth","draw_041",631,"2022-05-04","history","-0.0692791638620613"
"exdqlm_univar_synth","draw_041",631,"2022-05-05","history","-0.559042717011749"
"exdqlm_univar_synth","draw_041",631,"2022-05-06","history","-0.330409815241464"
"exdqlm_univar_synth","draw_041",631,"2022-05-07","history","-0.502602880546943"
"exdqlm_univar_synth","draw_041",631,"2022-05-08","history","-0.631431412200286"
"exdqlm_univar_synth","draw_041",631,"2022-05-09","history","-0.688185749177311"
"exdqlm_univar_synth","draw_041",631,"2022-05-10","history","-0.553504965341679"
"exdqlm_univar_synth","draw_041",631,"2022-05-11","history","-0.417423856893097"
"exdqlm_univar_synth","draw_042",646,"2022-04-23","history","-0.544531664719958"
"exdqlm_univar_synth","draw_042",646,"2022-04-24","history","-0.579328983454737"
"exdqlm_univar_synth","draw_042",646,"2022-04-25","history","-0.441472819612740"
"exdqlm_univar_synth","draw_042",646,"2022-04-26","history","-0.514215363339824"
"exdqlm_univar_synth","draw_042",646,"2022-04-27","history","-0.742334766573651"
"exdqlm_univar_synth","draw_042",646,"2022-04-28","history","-0.487949670761651"
"exdqlm_univar_synth","draw_042",646,"2022-04-29","history","-0.484945289939698"
"exdqlm_univar_synth","draw_042",646,"2022-04-30","history","-0.449400027685143"
"exdqlm_univar_synth","draw_042",646,"2022-05-01","history","-0.381583514743183"
"exdqlm_univar_synth","draw_042",646,"2022-05-02","history","-0.421082448367711"
"exdqlm_univar_synth","draw_042",646,"2022-05-03","history","-0.499682370040297"
"exdqlm_univar_synth","draw_042",646,"2022-05-04","history","-0.429157622760166"
"exdqlm_univar_synth","draw_042",646,"2022-05-05","history","-0.462470385268571"
"exdqlm_univar_synth","draw_042",646,"2022-05-06","history","-0.234952374119091"
"exdqlm_univar_synth","draw_042",646,"2022-05-07","history","-0.521071972443556"
"exdqlm_univar_synth","draw_042",646,"2022-05-08","history","-0.511948594625468"
"exdqlm_univar_synth","draw_042",646,"2022-05-09","history","-0.352771622787978"
"exdqlm_univar_synth","draw_042",646,"2022-05-10","history","-0.518256658766664"
"exdqlm_univar_synth","draw_042",646,"2022-05-11","history","-0.537485805538711"
"exdqlm_univar_synth","draw_043",662,"2022-04-23","history","-0.504693268648900"
"exdqlm_univar_synth","draw_043",662,"2022-04-24","history","-0.412854389704577"
"exdqlm_univar_synth","draw_043",662,"2022-04-25","history","-0.563319133494844"
"exdqlm_univar_synth","draw_043",662,"2022-04-26","history","-0.712702820672009"
"exdqlm_univar_synth","draw_043",662,"2022-04-27","history","0.0850835690484088"
"exdqlm_univar_synth","draw_043",662,"2022-04-28","history","-0.0891619373362731"
"exdqlm_univar_synth","draw_043",662,"2022-04-29","history","-0.327459107094832"
"exdqlm_univar_synth","draw_043",662,"2022-04-30","history","-0.688765896776279"
"exdqlm_univar_synth","draw_043",662,"2022-05-01","history","-0.488051781190264"
"exdqlm_univar_synth","draw_043",662,"2022-05-02","history","-0.702792063734356"
"exdqlm_univar_synth","draw_043",662,"2022-05-03","history","-0.121820355674366"
"exdqlm_univar_synth","draw_043",662,"2022-05-04","history","-0.381767863547876"
"exdqlm_univar_synth","draw_043",662,"2022-05-05","history","-0.368362248941024"
"exdqlm_univar_synth","draw_043",662,"2022-05-06","history","-0.577735836026629"
"exdqlm_univar_synth","draw_043",662,"2022-05-07","history","-0.568049935987462"
"exdqlm_univar_synth","draw_043",662,"2022-05-08","history","-0.622345866069193"
"exdqlm_univar_synth","draw_043",662,"2022-05-09","history","-0.0942857182029540"
"exdqlm_univar_synth","draw_043",662,"2022-05-10","history","-0.448607972200892"
"exdqlm_univar_synth","draw_043",662,"2022-05-11","history","-0.231227439836042"
"exdqlm_univar_synth","draw_044",678,"2022-04-23","history","-0.530385339031962"
"exdqlm_univar_synth","draw_044",678,"2022-04-24","history","-0.272573955764425"
"exdqlm_univar_synth","draw_044",678,"2022-04-25","history","-0.0642946743783287"
"exdqlm_univar_synth","draw_044",678,"2022-04-26","history","-0.452122091830295"
"exdqlm_univar_synth","draw_044",678,"2022-04-27","history","-0.561336057170589"
"exdqlm_univar_synth","draw_044",678,"2022-04-28","history","-0.696707814439799"
"exdqlm_univar_synth","draw_044",678,"2022-04-29","history","-0.607999766971085"
"exdqlm_univar_synth","draw_044",678,"2022-04-30","history","-0.120028219561112"
"exdqlm_univar_synth","draw_044",678,"2022-05-01","history","-0.679616114751195"
"exdqlm_univar_synth","draw_044",678,"2022-05-02","history","-0.465559313329842"
"exdqlm_univar_synth","draw_044",678,"2022-05-03","history","-0.313206393542387"
"exdqlm_univar_synth","draw_044",678,"2022-05-04","history","-0.278219958195048"
"exdqlm_univar_synth","draw_044",678,"2022-05-05","history","-0.417184930589687"
"exdqlm_univar_synth","draw_044",678,"2022-05-06","history","-0.511790628754474"
"exdqlm_univar_synth","draw_044",678,"2022-05-07","history","-0.295492449787319"
"exdqlm_univar_synth","draw_044",678,"2022-05-08","history","-0.572443631263560"
"exdqlm_univar_synth","draw_044",678,"2022-05-09","history","-0.100538978426226"
"exdqlm_univar_synth","draw_044",678,"2022-05-10","history","-0.642919688071094"
"exdqlm_univar_synth","draw_044",678,"2022-05-11","history","-0.649216511321322"
"exdqlm_univar_synth","draw_045",694,"2022-04-23","history","-0.322703698148930"
"exdqlm_univar_synth","draw_045",694,"2022-04-24","history","-0.724674568711052"
"exdqlm_univar_synth","draw_045",694,"2022-04-25","history","-0.129805783303195"
"exdqlm_univar_synth","draw_045",694,"2022-04-26","history","-0.330140539709343"
"exdqlm_univar_synth","draw_045",694,"2022-04-27","history","-0.498051601076745"
"exdqlm_univar_synth","draw_045",694,"2022-04-28","history","-0.681006086566064"
"exdqlm_univar_synth","draw_045",694,"2022-04-29","history","-0.170256891899133"
"exdqlm_univar_synth","draw_045",694,"2022-04-30","history","-0.542031508965849"
"exdqlm_univar_synth","draw_045",694,"2022-05-01","history","-0.511555076151951"
"exdqlm_univar_synth","draw_045",694,"2022-05-02","history","-0.182820014443754"
"exdqlm_univar_synth","draw_045",694,"2022-05-03","history","-0.179908824882390"
"exdqlm_univar_synth","draw_045",694,"2022-05-04","history","-0.570457494050591"
"exdqlm_univar_synth","draw_045",694,"2022-05-05","history","-0.348465452163705"
"exdqlm_univar_synth","draw_045",694,"2022-05-06","history","-0.621335136441965"
"exdqlm_univar_synth","draw_045",694,"2022-05-07","history","-0.734639716523828"
"exdqlm_univar_synth","draw_045",694,"2022-05-08","history","-0.309645168922609"
"exdqlm_univar_synth","draw_045",694,"2022-05-09","history","-0.273860384780983"
"exdqlm_univar_synth","draw_045",694,"2022-05-10","history","-0.594116037045284"
"exdqlm_univar_synth","draw_045",694,"2022-05-11","history","-0.551642623042500"
"exdqlm_univar_synth","draw_046",709,"2022-04-23","history","-0.385889840328646"
"exdqlm_univar_synth","draw_046",709,"2022-04-24","history","-0.770727764376160"
"exdqlm_univar_synth","draw_046",709,"2022-04-25","history","-0.687834969092009"
"exdqlm_univar_synth","draw_046",709,"2022-04-26","history","-0.453851776862226"
"exdqlm_univar_synth","draw_046",709,"2022-04-27","history","-0.558839634011747"
"exdqlm_univar_synth","draw_046",709,"2022-04-28","history","-0.555685218694956"
"exdqlm_univar_synth","draw_046",709,"2022-04-29","history","-0.473061330173418"
"exdqlm_univar_synth","draw_046",709,"2022-04-30","history","-0.674291994067295"
"exdqlm_univar_synth","draw_046",709,"2022-05-01","history","-0.338109596828669"
"exdqlm_univar_synth","draw_046",709,"2022-05-02","history","-0.408728102917837"
"exdqlm_univar_synth","draw_046",709,"2022-05-03","history","-0.560350187528295"
"exdqlm_univar_synth","draw_046",709,"2022-05-04","history","-0.501212061375632"
"exdqlm_univar_synth","draw_046",709,"2022-05-05","history","-0.271522890610769"
"exdqlm_univar_synth","draw_046",709,"2022-05-06","history","-0.289709211356443"
"exdqlm_univar_synth","draw_046",709,"2022-05-07","history","-0.262441354418132"
"exdqlm_univar_synth","draw_046",709,"2022-05-08","history","-0.848358212285008"
"exdqlm_univar_synth","draw_046",709,"2022-05-09","history","-0.677461235707530"
"exdqlm_univar_synth","draw_046",709,"2022-05-10","history","-0.389868401111150"
"exdqlm_univar_synth","draw_046",709,"2022-05-11","history","-0.613463877563046"
"exdqlm_univar_synth","draw_047",725,"2022-04-23","history","-0.251791821038915"
"exdqlm_univar_synth","draw_047",725,"2022-04-24","history","-0.499737782094689"
"exdqlm_univar_synth","draw_047",725,"2022-04-25","history","-0.561007581728220"
"exdqlm_univar_synth","draw_047",725,"2022-04-26","history","-0.401100083861672"
"exdqlm_univar_synth","draw_047",725,"2022-04-27","history","-0.380553412552371"
"exdqlm_univar_synth","draw_047",725,"2022-04-28","history","-0.547318307264634"
"exdqlm_univar_synth","draw_047",725,"2022-04-29","history","-0.286402566737545"
"exdqlm_univar_synth","draw_047",725,"2022-04-30","history","-0.230482419996488"
"exdqlm_univar_synth","draw_047",725,"2022-05-01","history","-0.528490963859344"
"exdqlm_univar_synth","draw_047",725,"2022-05-02","history","-0.0859039659393667"
"exdqlm_univar_synth","draw_047",725,"2022-05-03","history","-0.607404171954775"
"exdqlm_univar_synth","draw_047",725,"2022-05-04","history","-0.553843697454636"
"exdqlm_univar_synth","draw_047",725,"2022-05-05","history","-0.363343027656417"
"exdqlm_univar_synth","draw_047",725,"2022-05-06","history","-0.226179305964601"
"exdqlm_univar_synth","draw_047",725,"2022-05-07","history","-0.338384696171420"
"exdqlm_univar_synth","draw_047",725,"2022-05-08","history","-0.294802576094446"
"exdqlm_univar_synth","draw_047",725,"2022-05-09","history","-0.580713993556067"
"exdqlm_univar_synth","draw_047",725,"2022-05-10","history","-0.264390931802886"
"exdqlm_univar_synth","draw_047",725,"2022-05-11","history","-0.269968365119786"
"exdqlm_univar_synth","draw_048",741,"2022-04-23","history","-0.440140956488717"
"exdqlm_univar_synth","draw_048",741,"2022-04-24","history","-0.488617495368559"
"exdqlm_univar_synth","draw_048",741,"2022-04-25","history","-0.140745495341948"
"exdqlm_univar_synth","draw_048",741,"2022-04-26","history","-0.452952888764972"
"exdqlm_univar_synth","draw_048",741,"2022-04-27","history","-0.281884353605967"
"exdqlm_univar_synth","draw_048",741,"2022-04-28","history","-0.291442872903885"
"exdqlm_univar_synth","draw_048",741,"2022-04-29","history","-0.556754324654850"
"exdqlm_univar_synth","draw_048",741,"2022-04-30","history","-0.450101274025528"
"exdqlm_univar_synth","draw_048",741,"2022-05-01","history","-0.324576964960321"
"exdqlm_univar_synth","draw_048",741,"2022-05-02","history","-0.386400955458319"
"exdqlm_univar_synth","draw_048",741,"2022-05-03","history","-0.361515047874430"
"exdqlm_univar_synth","draw_048",741,"2022-05-04","history","-0.595645612231945"
"exdqlm_univar_synth","draw_048",741,"2022-05-05","history","-0.420999542391462"
"exdqlm_univar_synth","draw_048",741,"2022-05-06","history","-0.714776450958114"
"exdqlm_univar_synth","draw_048",741,"2022-05-07","history","-0.419915764854057"
"exdqlm_univar_synth","draw_048",741,"2022-05-08","history","-0.360240473859926"
"exdqlm_univar_synth","draw_048",741,"2022-05-09","history","-0.336014824769445"
"exdqlm_univar_synth","draw_048",741,"2022-05-10","history","-0.833289222779985"
"exdqlm_univar_synth","draw_048",741,"2022-05-11","history","-0.328027808990111"
"exdqlm_univar_synth","draw_049",757,"2022-04-23","history","-0.591426060681357"
"exdqlm_univar_synth","draw_049",757,"2022-04-24","history","-0.340704197953528"
"exdqlm_univar_synth","draw_049",757,"2022-04-25","history","-0.413796610885111"
"exdqlm_univar_synth","draw_049",757,"2022-04-26","history","-0.115910678187585"
"exdqlm_univar_synth","draw_049",757,"2022-04-27","history","-0.292452031330869"
"exdqlm_univar_synth","draw_049",757,"2022-04-28","history","-0.182192048265295"
"exdqlm_univar_synth","draw_049",757,"2022-04-29","history","-0.742501982680191"
"exdqlm_univar_synth","draw_049",757,"2022-04-30","history","-0.724479823066481"
"exdqlm_univar_synth","draw_049",757,"2022-05-01","history","-0.386436912728496"
"exdqlm_univar_synth","draw_049",757,"2022-05-02","history","-0.611662431792894"
"exdqlm_univar_synth","draw_049",757,"2022-05-03","history","-0.0985626281014326"
"exdqlm_univar_synth","draw_049",757,"2022-05-04","history","0.000580234728240896"
"exdqlm_univar_synth","draw_049",757,"2022-05-05","history","-0.489697772503587"
"exdqlm_univar_synth","draw_049",757,"2022-05-06","history","-0.678743709197713"
"exdqlm_univar_synth","draw_049",757,"2022-05-07","history","-0.676505308966842"
"exdqlm_univar_synth","draw_049",757,"2022-05-08","history","-0.767467541926076"
"exdqlm_univar_synth","draw_049",757,"2022-05-09","history","-0.352860368605982"
"exdqlm_univar_synth","draw_049",757,"2022-05-10","history","-0.842716775355677"
"exdqlm_univar_synth","draw_049",757,"2022-05-11","history","-0.342961553066557"
"exdqlm_univar_synth","draw_050",772,"2022-04-23","history","-0.290180569727391"
"exdqlm_univar_synth","draw_050",772,"2022-04-24","history","-0.576810759203947"
"exdqlm_univar_synth","draw_050",772,"2022-04-25","history","-0.294747449843593"
"exdqlm_univar_synth","draw_050",772,"2022-04-26","history","-0.428355246822342"
"exdqlm_univar_synth","draw_050",772,"2022-04-27","history","-0.295109905293797"
"exdqlm_univar_synth","draw_050",772,"2022-04-28","history","-0.275364828467475"
"exdqlm_univar_synth","draw_050",772,"2022-04-29","history","-0.671769804163447"
"exdqlm_univar_synth","draw_050",772,"2022-04-30","history","-0.486617836461324"
"exdqlm_univar_synth","draw_050",772,"2022-05-01","history","-0.370773614759988"
"exdqlm_univar_synth","draw_050",772,"2022-05-02","history","-0.529257582703010"
"exdqlm_univar_synth","draw_050",772,"2022-05-03","history","-0.213571370361817"
"exdqlm_univar_synth","draw_050",772,"2022-05-04","history","-0.632439797614174"
"exdqlm_univar_synth","draw_050",772,"2022-05-05","history","-0.565608179921707"
"exdqlm_univar_synth","draw_050",772,"2022-05-06","history","-0.445201982023062"
"exdqlm_univar_synth","draw_050",772,"2022-05-07","history","-0.654078542610455"
"exdqlm_univar_synth","draw_050",772,"2022-05-08","history","-0.722388829412574"
"exdqlm_univar_synth","draw_050",772,"2022-05-09","history","-0.680191591447776"
"exdqlm_univar_synth","draw_050",772,"2022-05-10","history","-0.354320573511857"
"exdqlm_univar_synth","draw_050",772,"2022-05-11","history","-0.734143884558814"
"exdqlm_univar_synth","draw_051",788,"2022-04-23","history","-0.401065352993419"
"exdqlm_univar_synth","draw_051",788,"2022-04-24","history","-0.188532106392955"
"exdqlm_univar_synth","draw_051",788,"2022-04-25","history","-0.560240334372293"
"exdqlm_univar_synth","draw_051",788,"2022-04-26","history","-0.284627753156473"
"exdqlm_univar_synth","draw_051",788,"2022-04-27","history","-0.694147432879781"
"exdqlm_univar_synth","draw_051",788,"2022-04-28","history","-0.512389020104589"
"exdqlm_univar_synth","draw_051",788,"2022-04-29","history","-0.843309656073299"
"exdqlm_univar_synth","draw_051",788,"2022-04-30","history","-0.650719386310124"
"exdqlm_univar_synth","draw_051",788,"2022-05-01","history","-0.449561045262445"
"exdqlm_univar_synth","draw_051",788,"2022-05-02","history","-0.429054447884341"
"exdqlm_univar_synth","draw_051",788,"2022-05-03","history","-0.165974134869713"
"exdqlm_univar_synth","draw_051",788,"2022-05-04","history","-0.393772913611390"
"exdqlm_univar_synth","draw_051",788,"2022-05-05","history","-0.363934578230717"
"exdqlm_univar_synth","draw_051",788,"2022-05-06","history","-0.527595103967031"
"exdqlm_univar_synth","draw_051",788,"2022-05-07","history","-0.636761416593626"
"exdqlm_univar_synth","draw_051",788,"2022-05-08","history","-0.664605558882082"
"exdqlm_univar_synth","draw_051",788,"2022-05-09","history","-0.477142068742505"
"exdqlm_univar_synth","draw_051",788,"2022-05-10","history","-0.171179963542430"
"exdqlm_univar_synth","draw_051",788,"2022-05-11","history","-0.823447222374448"
"exdqlm_univar_synth","draw_052",804,"2022-04-23","history","-0.0722832823742494"
"exdqlm_univar_synth","draw_052",804,"2022-04-24","history","-0.533948740653714"
"exdqlm_univar_synth","draw_052",804,"2022-04-25","history","-0.212678191002980"
"exdqlm_univar_synth","draw_052",804,"2022-04-26","history","-0.545226514519063"
"exdqlm_univar_synth","draw_052",804,"2022-04-27","history","-0.548699206643025"
"exdqlm_univar_synth","draw_052",804,"2022-04-28","history","-0.111146827119357"
"exdqlm_univar_synth","draw_052",804,"2022-04-29","history","-0.0828172694867789"
"exdqlm_univar_synth","draw_052",804,"2022-04-30","history","-0.310225773715537"
"exdqlm_univar_synth","draw_052",804,"2022-05-01","history","-0.360439778165471"
"exdqlm_univar_synth","draw_052",804,"2022-05-02","history","-0.550761194457640"
"exdqlm_univar_synth","draw_052",804,"2022-05-03","history","-0.265798356654483"
"exdqlm_univar_synth","draw_052",804,"2022-05-04","history","-0.634581640128563"
"exdqlm_univar_synth","draw_052",804,"2022-05-05","history","0.0156055023419797"
"exdqlm_univar_synth","draw_052",804,"2022-05-06","history","-0.795088522584059"
"exdqlm_univar_synth","draw_052",804,"2022-05-07","history","-0.580745089586871"
"exdqlm_univar_synth","draw_052",804,"2022-05-08","history","-0.533310858992640"
"exdqlm_univar_synth","draw_052",804,"2022-05-09","history","-0.753786945153012"
"exdqlm_univar_synth","draw_052",804,"2022-05-10","history","-0.322927850141085"
"exdqlm_univar_synth","draw_052",804,"2022-05-11","history","-0.731660558417831"
"exdqlm_univar_synth","draw_053",819,"2022-04-23","history","-0.0764360021270259"
"exdqlm_univar_synth","draw_053",819,"2022-04-24","history","-0.468647992532990"
"exdqlm_univar_synth","draw_053",819,"2022-04-25","history","-0.174317546926942"
"exdqlm_univar_synth","draw_053",819,"2022-04-26","history","-0.318586535407682"
"exdqlm_univar_synth","draw_053",819,"2022-04-27","history","-0.624799456405794"
"exdqlm_univar_synth","draw_053",819,"2022-04-28","history","-0.284770575658213"
"exdqlm_univar_synth","draw_053",819,"2022-04-29","history","-0.209177955961205"
"exdqlm_univar_synth","draw_053",819,"2022-04-30","history","-0.550635576578748"
"exdqlm_univar_synth","draw_053",819,"2022-05-01","history","-0.551175524806034"
"exdqlm_univar_synth","draw_053",819,"2022-05-02","history","-0.630307033133136"
"exdqlm_univar_synth","draw_053",819,"2022-05-03","history","-0.664380743910898"
"exdqlm_univar_synth","draw_053",819,"2022-05-04","history","0.0373470365661448"
"exdqlm_univar_synth","draw_053",819,"2022-05-05","history","-0.653619773117859"
"exdqlm_univar_synth","draw_053",819,"2022-05-06","history","-0.336433079262497"
"exdqlm_univar_synth","draw_053",819,"2022-05-07","history","-0.317163970576938"
"exdqlm_univar_synth","draw_053",819,"2022-05-08","history","-0.711519371919404"
"exdqlm_univar_synth","draw_053",819,"2022-05-09","history","-0.350960106650192"
"exdqlm_univar_synth","draw_053",819,"2022-05-10","history","-0.317433301515661"
"exdqlm_univar_synth","draw_053",819,"2022-05-11","history","-0.558383187131084"
"exdqlm_univar_synth","draw_054",835,"2022-04-23","history","-0.0950043426165364"
"exdqlm_univar_synth","draw_054",835,"2022-04-24","history","-0.404459590106637"
"exdqlm_univar_synth","draw_054",835,"2022-04-25","history","-0.547177569772502"
"exdqlm_univar_synth","draw_054",835,"2022-04-26","history","-0.663002683568499"
"exdqlm_univar_synth","draw_054",835,"2022-04-27","history","-0.351172135459713"
"exdqlm_univar_synth","draw_054",835,"2022-04-28","history","-0.666264712972682"
"exdqlm_univar_synth","draw_054",835,"2022-04-29","history","-0.307219095003639"
"exdqlm_univar_synth","draw_054",835,"2022-04-30","history","-0.523726943005601"
"exdqlm_univar_synth","draw_054",835,"2022-05-01","history","-0.626177748392514"
"exdqlm_univar_synth","draw_054",835,"2022-05-02","history","-0.326390020598914"
"exdqlm_univar_synth","draw_054",835,"2022-05-03","history","-0.498874034780883"
"exdqlm_univar_synth","draw_054",835,"2022-05-04","history","0.00118243557441683"
"exdqlm_univar_synth","draw_054",835,"2022-05-05","history","-0.526947577786864"
"exdqlm_univar_synth","draw_054",835,"2022-05-06","history","-0.651122914161288"
"exdqlm_univar_synth","draw_054",835,"2022-05-07","history","-0.194362389545103"
"exdqlm_univar_synth","draw_054",835,"2022-05-08","history","-0.231181622476113"
"exdqlm_univar_synth","draw_054",835,"2022-05-09","history","-0.163833302995699"
"exdqlm_univar_synth","draw_054",835,"2022-05-10","history","-0.329787849133486"
"exdqlm_univar_synth","draw_054",835,"2022-05-11","history","-0.445638623810815"
"exdqlm_univar_synth","draw_055",851,"2022-04-23","history","-0.486279332374311"
"exdqlm_univar_synth","draw_055",851,"2022-04-24","history","-0.569262703557373"
"exdqlm_univar_synth","draw_055",851,"2022-04-25","history","-0.407217703575127"
"exdqlm_univar_synth","draw_055",851,"2022-04-26","history","-0.432536670449037"
"exdqlm_univar_synth","draw_055",851,"2022-04-27","history","-0.641900570643992"
"exdqlm_univar_synth","draw_055",851,"2022-04-28","history","-0.441832433138317"
"exdqlm_univar_synth","draw_055",851,"2022-04-29","history","-0.750830226532905"
"exdqlm_univar_synth","draw_055",851,"2022-04-30","history","-0.544170983829269"
"exdqlm_univar_synth","draw_055",851,"2022-05-01","history","-0.272560957478589"
"exdqlm_univar_synth","draw_055",851,"2022-05-02","history","-0.252989093427042"
"exdqlm_univar_synth","draw_055",851,"2022-05-03","history","-0.596428980624660"
"exdqlm_univar_synth","draw_055",851,"2022-05-04","history","-0.335943828119528"
"exdqlm_univar_synth","draw_055",851,"2022-05-05","history","-0.0470904893952429"
"exdqlm_univar_synth","draw_055",851,"2022-05-06","history","-0.0657133918289445"
"exdqlm_univar_synth","draw_055",851,"2022-05-07","history","-0.520062187495230"
"exdqlm_univar_synth","draw_055",851,"2022-05-08","history","-0.735748270289067"
"exdqlm_univar_synth","draw_055",851,"2022-05-09","history","-0.851558942846310"
"exdqlm_univar_synth","draw_055",851,"2022-05-10","history","-0.109198761037076"
"exdqlm_univar_synth","draw_055",851,"2022-05-11","history","-0.157924761184150"
"exdqlm_univar_synth","draw_056",867,"2022-04-23","history","-0.430008204513334"
"exdqlm_univar_synth","draw_056",867,"2022-04-24","history","-0.164184727366470"
"exdqlm_univar_synth","draw_056",867,"2022-04-25","history","-0.453689992268212"
"exdqlm_univar_synth","draw_056",867,"2022-04-26","history","-0.210727813550028"
"exdqlm_univar_synth","draw_056",867,"2022-04-27","history","-0.322250887957692"
"exdqlm_univar_synth","draw_056",867,"2022-04-28","history","-0.627193998470482"
"exdqlm_univar_synth","draw_056",867,"2022-04-29","history","-0.647306271304966"
"exdqlm_univar_synth","draw_056",867,"2022-04-30","history","-0.330129038950871"
"exdqlm_univar_synth","draw_056",867,"2022-05-01","history","-0.288410740244468"
"exdqlm_univar_synth","draw_056",867,"2022-05-02","history","-0.555734517072049"
"exdqlm_univar_synth","draw_056",867,"2022-05-03","history","-0.221856105936788"
"exdqlm_univar_synth","draw_056",867,"2022-05-04","history","-0.321969469730197"
"exdqlm_univar_synth","draw_056",867,"2022-05-05","history","-0.543568101790627"
"exdqlm_univar_synth","draw_056",867,"2022-05-06","history","-0.651256978416983"
"exdqlm_univar_synth","draw_056",867,"2022-05-07","history","-0.743281064619984"
"exdqlm_univar_synth","draw_056",867,"2022-05-08","history","-0.134828060529143"
"exdqlm_univar_synth","draw_056",867,"2022-05-09","history","-0.205227293376800"
"exdqlm_univar_synth","draw_056",867,"2022-05-10","history","-0.408984707239495"
"exdqlm_univar_synth","draw_056",867,"2022-05-11","history","-0.677499463470669"
"exdqlm_univar_synth","draw_057",882,"2022-04-23","history","-0.240682888843610"
"exdqlm_univar_synth","draw_057",882,"2022-04-24","history","-0.524708959498377"
"exdqlm_univar_synth","draw_057",882,"2022-04-25","history","-0.698835430891146"
"exdqlm_univar_synth","draw_057",882,"2022-04-26","history","-0.620404555561896"
"exdqlm_univar_synth","draw_057",882,"2022-04-27","history","-0.511617313375838"
"exdqlm_univar_synth","draw_057",882,"2022-04-28","history","-0.512600587790324"
"exdqlm_univar_synth","draw_057",882,"2022-04-29","history","-0.464421530104128"
"exdqlm_univar_synth","draw_057",882,"2022-04-30","history","-0.216352451029705"
"exdqlm_univar_synth","draw_057",882,"2022-05-01","history","-0.384680405181834"
"exdqlm_univar_synth","draw_057",882,"2022-05-02","history","-0.143545454348268"
"exdqlm_univar_synth","draw_057",882,"2022-05-03","history","-0.402843030410071"
"exdqlm_univar_synth","draw_057",882,"2022-05-04","history","-0.324849735609183"
"exdqlm_univar_synth","draw_057",882,"2022-05-05","history","-0.485443636708091"
"exdqlm_univar_synth","draw_057",882,"2022-05-06","history","0.00254778513774085"
"exdqlm_univar_synth","draw_057",882,"2022-05-07","history","-0.317073070229732"
"exdqlm_univar_synth","draw_057",882,"2022-05-08","history","-0.662007177562847"
"exdqlm_univar_synth","draw_057",882,"2022-05-09","history","-0.125140569046452"
"exdqlm_univar_synth","draw_057",882,"2022-05-10","history","-0.145885744830477"
"exdqlm_univar_synth","draw_057",882,"2022-05-11","history","-0.377758639788884"
"exdqlm_univar_synth","draw_058",898,"2022-04-23","history","-0.432413545356369"
"exdqlm_univar_synth","draw_058",898,"2022-04-24","history","-0.318394077706419"
"exdqlm_univar_synth","draw_058",898,"2022-04-25","history","-0.149739376262288"
"exdqlm_univar_synth","draw_058",898,"2022-04-26","history","-0.565698250371246"
"exdqlm_univar_synth","draw_058",898,"2022-04-27","history","-0.0941384139726399"
"exdqlm_univar_synth","draw_058",898,"2022-04-28","history","-0.299726852950260"
"exdqlm_univar_synth","draw_058",898,"2022-04-29","history","-0.186649722597544"
"exdqlm_univar_synth","draw_058",898,"2022-04-30","history","-0.207811700101130"
"exdqlm_univar_synth","draw_058",898,"2022-05-01","history","-0.111814191183481"
"exdqlm_univar_synth","draw_058",898,"2022-05-02","history","-0.296038313551267"
"exdqlm_univar_synth","draw_058",898,"2022-05-03","history","-0.291019610306298"
"exdqlm_univar_synth","draw_058",898,"2022-05-04","history","-0.717137024264278"
"exdqlm_univar_synth","draw_058",898,"2022-05-05","history","-0.555892653417498"
"exdqlm_univar_synth","draw_058",898,"2022-05-06","history","-0.742979146687276"
"exdqlm_univar_synth","draw_058",898,"2022-05-07","history","-0.557267413476773"
"exdqlm_univar_synth","draw_058",898,"2022-05-08","history","-0.689027711635536"
"exdqlm_univar_synth","draw_058",898,"2022-05-09","history","-0.747448204063819"
"exdqlm_univar_synth","draw_058",898,"2022-05-10","history","-0.578455209294365"
"exdqlm_univar_synth","draw_058",898,"2022-05-11","history","-0.783236169875180"
"exdqlm_univar_synth","draw_059",914,"2022-04-23","history","-0.335582011098004"
"exdqlm_univar_synth","draw_059",914,"2022-04-24","history","-0.400689442324804"
"exdqlm_univar_synth","draw_059",914,"2022-04-25","history","-0.472754360941774"
"exdqlm_univar_synth","draw_059",914,"2022-04-26","history","-0.627497155279542"
"exdqlm_univar_synth","draw_059",914,"2022-04-27","history","-0.300361869583000"
"exdqlm_univar_synth","draw_059",914,"2022-04-28","history","-0.355904554979892"
"exdqlm_univar_synth","draw_059",914,"2022-04-29","history","-0.491433609965983"
"exdqlm_univar_synth","draw_059",914,"2022-04-30","history","-0.310615891518153"
"exdqlm_univar_synth","draw_059",914,"2022-05-01","history","-0.500654356018344"
"exdqlm_univar_synth","draw_059",914,"2022-05-02","history","-0.103238873352700"
"exdqlm_univar_synth","draw_059",914,"2022-05-03","history","-0.154989649529775"
"exdqlm_univar_synth","draw_059",914,"2022-05-04","history","-0.208490072079143"
"exdqlm_univar_synth","draw_059",914,"2022-05-05","history","-0.582049685758330"
"exdqlm_univar_synth","draw_059",914,"2022-05-06","history","-0.374964783968147"
"exdqlm_univar_synth","draw_059",914,"2022-05-07","history","-0.385523715445456"
"exdqlm_univar_synth","draw_059",914,"2022-05-08","history","-0.467287487111721"
"exdqlm_univar_synth","draw_059",914,"2022-05-09","history","-0.541155741276792"
"exdqlm_univar_synth","draw_059",914,"2022-05-10","history","-0.813638361803040"
"exdqlm_univar_synth","draw_059",914,"2022-05-11","history","-0.707949674208608"
"exdqlm_univar_synth","draw_060",930,"2022-04-23","history","-0.286521345051141"
"exdqlm_univar_synth","draw_060",930,"2022-04-24","history","-0.568522508632739"
"exdqlm_univar_synth","draw_060",930,"2022-04-25","history","-0.309311768040679"
"exdqlm_univar_synth","draw_060",930,"2022-04-26","history","-0.756391853479079"
"exdqlm_univar_synth","draw_060",930,"2022-04-27","history","-0.702247683613350"
"exdqlm_univar_synth","draw_060",930,"2022-04-28","history","-0.313622036099820"
"exdqlm_univar_synth","draw_060",930,"2022-04-29","history","-0.282555823126431"
"exdqlm_univar_synth","draw_060",930,"2022-04-30","history","-0.674541699865650"
"exdqlm_univar_synth","draw_060",930,"2022-05-01","history","-0.232085818553098"
"exdqlm_univar_synth","draw_060",930,"2022-05-02","history","-0.367533046827485"
"exdqlm_univar_synth","draw_060",930,"2022-05-03","history","-0.408107893875559"
"exdqlm_univar_synth","draw_060",930,"2022-05-04","history","-0.543039316356536"
"exdqlm_univar_synth","draw_060",930,"2022-05-05","history","-0.241535875587639"
"exdqlm_univar_synth","draw_060",930,"2022-05-06","history","-0.682853194403696"
"exdqlm_univar_synth","draw_060",930,"2022-05-07","history","-0.273409912102007"
"exdqlm_univar_synth","draw_060",930,"2022-05-08","history","-0.281197249365790"
"exdqlm_univar_synth","draw_060",930,"2022-05-09","history","-0.392141886973029"
"exdqlm_univar_synth","draw_060",930,"2022-05-10","history","-0.720019014583538"
"exdqlm_univar_synth","draw_060",930,"2022-05-11","history","-0.857257194219805"
"exdqlm_univar_synth","draw_061",945,"2022-04-23","history","-0.299914812257924"
"exdqlm_univar_synth","draw_061",945,"2022-04-24","history","-0.601893637872861"
"exdqlm_univar_synth","draw_061",945,"2022-04-25","history","-0.609204098512654"
"exdqlm_univar_synth","draw_061",945,"2022-04-26","history","-0.209719862959047"
"exdqlm_univar_synth","draw_061",945,"2022-04-27","history","-0.482004996115453"
"exdqlm_univar_synth","draw_061",945,"2022-04-28","history","-0.111673201308698"
"exdqlm_univar_synth","draw_061",945,"2022-04-29","history","-0.538114004500457"
"exdqlm_univar_synth","draw_061",945,"2022-04-30","history","-0.239081521194805"
"exdqlm_univar_synth","draw_061",945,"2022-05-01","history","-0.632629299717036"
"exdqlm_univar_synth","draw_061",945,"2022-05-02","history","-0.617492733963742"
"exdqlm_univar_synth","draw_061",945,"2022-05-03","history","-0.786195322063698"
"exdqlm_univar_synth","draw_061",945,"2022-05-04","history","-0.439002815827784"
"exdqlm_univar_synth","draw_061",945,"2022-05-05","history","-0.544140496214257"
"exdqlm_univar_synth","draw_061",945,"2022-05-06","history","-0.637987800677698"
"exdqlm_univar_synth","draw_061",945,"2022-05-07","history","-0.629207075374789"
"exdqlm_univar_synth","draw_061",945,"2022-05-08","history","-0.788546836883155"
"exdqlm_univar_synth","draw_061",945,"2022-05-09","history","-0.609239527683239"
"exdqlm_univar_synth","draw_061",945,"2022-05-10","history","-0.377382173818225"
"exdqlm_univar_synth","draw_061",945,"2022-05-11","history","-0.146589136423147"
"exdqlm_univar_synth","draw_062",961,"2022-04-23","history","-0.106508150015756"
"exdqlm_univar_synth","draw_062",961,"2022-04-24","history","-0.00272199918496913"
"exdqlm_univar_synth","draw_062",961,"2022-04-25","history","-0.567490351777193"
"exdqlm_univar_synth","draw_062",961,"2022-04-26","history","-0.694359938684709"
"exdqlm_univar_synth","draw_062",961,"2022-04-27","history","-0.990975364932503"
"exdqlm_univar_synth","draw_062",961,"2022-04-28","history","-0.461349166474198"
"exdqlm_univar_synth","draw_062",961,"2022-04-29","history","-0.558557172704635"
"exdqlm_univar_synth","draw_062",961,"2022-04-30","history","-0.460567396052562"
"exdqlm_univar_synth","draw_062",961,"2022-05-01","history","-0.658841264168030"
"exdqlm_univar_synth","draw_062",961,"2022-05-02","history","-0.433868043167092"
"exdqlm_univar_synth","draw_062",961,"2022-05-03","history","-0.793885983979177"
"exdqlm_univar_synth","draw_062",961,"2022-05-04","history","-0.315788201067789"
"exdqlm_univar_synth","draw_062",961,"2022-05-05","history","-0.314608300864062"
"exdqlm_univar_synth","draw_062",961,"2022-05-06","history","-0.367257503195654"
"exdqlm_univar_synth","draw_062",961,"2022-05-07","history","-0.510920166427717"
"exdqlm_univar_synth","draw_062",961,"2022-05-08","history","-0.937918969635946"
"exdqlm_univar_synth","draw_062",961,"2022-05-09","history","-0.497103373487229"
"exdqlm_univar_synth","draw_062",961,"2022-05-10","history","-0.538866470998908"
"exdqlm_univar_synth","draw_062",961,"2022-05-11","history","-0.641880359117004"
"exdqlm_univar_synth","draw_063",977,"2022-04-23","history","-0.222345444448188"
"exdqlm_univar_synth","draw_063",977,"2022-04-24","history","-0.372432301970901"
"exdqlm_univar_synth","draw_063",977,"2022-04-25","history","-0.659937414587247"
"exdqlm_univar_synth","draw_063",977,"2022-04-26","history","-0.0469335799622228"
"exdqlm_univar_synth","draw_063",977,"2022-04-27","history","-0.147214357484351"
"exdqlm_univar_synth","draw_063",977,"2022-04-28","history","-0.458673101968128"
"exdqlm_univar_synth","draw_063",977,"2022-04-29","history","-0.172188600451593"
"exdqlm_univar_synth","draw_063",977,"2022-04-30","history","-0.687306272615990"
"exdqlm_univar_synth","draw_063",977,"2022-05-01","history","-0.366607927531614"
"exdqlm_univar_synth","draw_063",977,"2022-05-02","history","-0.475733849818711"
"exdqlm_univar_synth","draw_063",977,"2022-05-03","history","-0.397559707102939"
"exdqlm_univar_synth","draw_063",977,"2022-05-04","history","-0.319790461608839"
"exdqlm_univar_synth","draw_063",977,"2022-05-05","history","-0.553315805260123"
"exdqlm_univar_synth","draw_063",977,"2022-05-06","history","-0.585409553663064"
"exdqlm_univar_synth","draw_063",977,"2022-05-07","history","-0.272969356927212"
"exdqlm_univar_synth","draw_063",977,"2022-05-08","history","-0.0167861331720722"
"exdqlm_univar_synth","draw_063",977,"2022-05-09","history","-0.527290726005678"
"exdqlm_univar_synth","draw_063",977,"2022-05-10","history","-0.250979981665367"
"exdqlm_univar_synth","draw_063",977,"2022-05-11","history","-0.665551783122253"
"exdqlm_univar_synth","draw_064",993,"2022-04-23","history","-0.225246943679774"
"exdqlm_univar_synth","draw_064",993,"2022-04-24","history","-0.274328611379920"
"exdqlm_univar_synth","draw_064",993,"2022-04-25","history","-0.487746888985306"
"exdqlm_univar_synth","draw_064",993,"2022-04-26","history","-0.522419471235627"
"exdqlm_univar_synth","draw_064",993,"2022-04-27","history","-0.205062782954304"
"exdqlm_univar_synth","draw_064",993,"2022-04-28","history","-0.459776730348277"
"exdqlm_univar_synth","draw_064",993,"2022-04-29","history","-0.561399506100387"
"exdqlm_univar_synth","draw_064",993,"2022-04-30","history","-0.559604235578791"
"exdqlm_univar_synth","draw_064",993,"2022-05-01","history","-0.447681239376765"
"exdqlm_univar_synth","draw_064",993,"2022-05-02","history","-0.740717157761761"
"exdqlm_univar_synth","draw_064",993,"2022-05-03","history","-0.689227967631402"
"exdqlm_univar_synth","draw_064",993,"2022-05-04","history","-0.305376329207818"
"exdqlm_univar_synth","draw_064",993,"2022-05-05","history","-0.557702558714132"
"exdqlm_univar_synth","draw_064",993,"2022-05-06","history","-0.723717231184588"
"exdqlm_univar_synth","draw_064",993,"2022-05-07","history","-0.319362895650453"
"exdqlm_univar_synth","draw_064",993,"2022-05-08","history","-0.523046029891100"
"exdqlm_univar_synth","draw_064",993,"2022-05-09","history","-0.534484234352649"
"exdqlm_univar_synth","draw_064",993,"2022-05-10","history","-0.609245273891523"
"exdqlm_univar_synth","draw_064",993,"2022-05-11","history","-0.620281267177078"
"exdqlm_univar_synth","draw_065",1008,"2022-04-23","history","-0.243222244919697"
"exdqlm_univar_synth","draw_065",1008,"2022-04-24","history","-0.214903158109326"
"exdqlm_univar_synth","draw_065",1008,"2022-04-25","history","-0.163380277351370"
"exdqlm_univar_synth","draw_065",1008,"2022-04-26","history","-0.404677009372926"
"exdqlm_univar_synth","draw_065",1008,"2022-04-27","history","-0.333268449207326"
"exdqlm_univar_synth","draw_065",1008,"2022-04-28","history","-0.373656392587096"
"exdqlm_univar_synth","draw_065",1008,"2022-04-29","history","-0.807211876571017"
"exdqlm_univar_synth","draw_065",1008,"2022-04-30","history","-0.637444307682656"
"exdqlm_univar_synth","draw_065",1008,"2022-05-01","history","-0.742930586928262"
"exdqlm_univar_synth","draw_065",1008,"2022-05-02","history","-0.246418347314983"
"exdqlm_univar_synth","draw_065",1008,"2022-05-03","history","-0.492220332749174"
"exdqlm_univar_synth","draw_065",1008,"2022-05-04","history","-0.336593204221111"
"exdqlm_univar_synth","draw_065",1008,"2022-05-05","history","-0.717268762848027"
"exdqlm_univar_synth","draw_065",1008,"2022-05-06","history","-0.373507192175855"
"exdqlm_univar_synth","draw_065",1008,"2022-05-07","history","-0.269888005557414"
"exdqlm_univar_synth","draw_065",1008,"2022-05-08","history","-0.225448168447263"
"exdqlm_univar_synth","draw_065",1008,"2022-05-09","history","-0.775312236747183"
"exdqlm_univar_synth","draw_065",1008,"2022-05-10","history","-0.347709037365007"
"exdqlm_univar_synth","draw_065",1008,"2022-05-11","history","-0.410378658096379"
"exdqlm_univar_synth","draw_066",1024,"2022-04-23","history","-0.578943229628306"
"exdqlm_univar_synth","draw_066",1024,"2022-04-24","history","-0.135808265926695"
"exdqlm_univar_synth","draw_066",1024,"2022-04-25","history","-0.635876127573039"
"exdqlm_univar_synth","draw_066",1024,"2022-04-26","history","-0.135691605521612"
"exdqlm_univar_synth","draw_066",1024,"2022-04-27","history","-0.394149435109709"
"exdqlm_univar_synth","draw_066",1024,"2022-04-28","history","-0.279225781075153"
"exdqlm_univar_synth","draw_066",1024,"2022-04-29","history","-0.696409513541129"
"exdqlm_univar_synth","draw_066",1024,"2022-04-30","history","-0.572236897389879"
"exdqlm_univar_synth","draw_066",1024,"2022-05-01","history","-0.720918964989153"
"exdqlm_univar_synth","draw_066",1024,"2022-05-02","history","-0.206595080004784"
"exdqlm_univar_synth","draw_066",1024,"2022-05-03","history","-0.555195399887770"
"exdqlm_univar_synth","draw_066",1024,"2022-05-04","history","-0.299377136054534"
"exdqlm_univar_synth","draw_066",1024,"2022-05-05","history","-0.671150556282863"
"exdqlm_univar_synth","draw_066",1024,"2022-05-06","history","-0.449243752390079"
"exdqlm_univar_synth","draw_066",1024,"2022-05-07","history","-0.758819468248272"
"exdqlm_univar_synth","draw_066",1024,"2022-05-08","history","-0.102794933115347"
"exdqlm_univar_synth","draw_066",1024,"2022-05-09","history","-0.274247796605602"
"exdqlm_univar_synth","draw_066",1024,"2022-05-10","history","-0.684796123809849"
"exdqlm_univar_synth","draw_066",1024,"2022-05-11","history","-0.542609632866887"
"exdqlm_univar_synth","draw_067",1040,"2022-04-23","history","-0.0514678550990306"
"exdqlm_univar_synth","draw_067",1040,"2022-04-24","history","-0.729288150486671"
"exdqlm_univar_synth","draw_067",1040,"2022-04-25","history","-0.647337062869413"
"exdqlm_univar_synth","draw_067",1040,"2022-04-26","history","-0.633852780299567"
"exdqlm_univar_synth","draw_067",1040,"2022-04-27","history","-0.617457770245437"
"exdqlm_univar_synth","draw_067",1040,"2022-04-28","history","-0.438520150202795"
"exdqlm_univar_synth","draw_067",1040,"2022-04-29","history","-0.622089550294185"
"exdqlm_univar_synth","draw_067",1040,"2022-04-30","history","-0.545765835575758"
"exdqlm_univar_synth","draw_067",1040,"2022-05-01","history","-0.148832057650855"
"exdqlm_univar_synth","draw_067",1040,"2022-05-02","history","-0.630043078384002"
"exdqlm_univar_synth","draw_067",1040,"2022-05-03","history","-0.730540285028852"
"exdqlm_univar_synth","draw_067",1040,"2022-05-04","history","-0.654231456217418"
"exdqlm_univar_synth","draw_067",1040,"2022-05-05","history","-0.789881284871953"
"exdqlm_univar_synth","draw_067",1040,"2022-05-06","history","-0.519055495741703"
"exdqlm_univar_synth","draw_067",1040,"2022-05-07","history","-0.426702203784033"
"exdqlm_univar_synth","draw_067",1040,"2022-05-08","history","-0.437513134906516"
"exdqlm_univar_synth","draw_067",1040,"2022-05-09","history","-0.586415851313219"
"exdqlm_univar_synth","draw_067",1040,"2022-05-10","history","-0.758208625625241"
"exdqlm_univar_synth","draw_067",1040,"2022-05-11","history","-0.282906722518150"
"exdqlm_univar_synth","draw_068",1056,"2022-04-23","history","-0.0386513895573660"
"exdqlm_univar_synth","draw_068",1056,"2022-04-24","history","-0.313135495616189"
"exdqlm_univar_synth","draw_068",1056,"2022-04-25","history","-0.479483259670222"
"exdqlm_univar_synth","draw_068",1056,"2022-04-26","history","-0.131739457281934"
"exdqlm_univar_synth","draw_068",1056,"2022-04-27","history","-0.499074459946936"
"exdqlm_univar_synth","draw_068",1056,"2022-04-28","history","-0.537480976536054"
"exdqlm_univar_synth","draw_068",1056,"2022-04-29","history","-0.302135024959194"
"exdqlm_univar_synth","draw_068",1056,"2022-04-30","history","-0.383232392620166"
"exdqlm_univar_synth","draw_068",1056,"2022-05-01","history","-0.637474268505549"
"exdqlm_univar_synth","draw_068",1056,"2022-05-02","history","-0.884122844739550"
"exdqlm_univar_synth","draw_068",1056,"2022-05-03","history","-0.840931372596154"
"exdqlm_univar_synth","draw_068",1056,"2022-05-04","history","-0.255666827881872"
"exdqlm_univar_synth","draw_068",1056,"2022-05-05","history","-0.628204812030134"
"exdqlm_univar_synth","draw_068",1056,"2022-05-06","history","-0.430734858398398"
"exdqlm_univar_synth","draw_068",1056,"2022-05-07","history","-0.510973507452542"
"exdqlm_univar_synth","draw_068",1056,"2022-05-08","history","-0.495756678934568"
"exdqlm_univar_synth","draw_068",1056,"2022-05-09","history","-0.775834490034764"
"exdqlm_univar_synth","draw_068",1056,"2022-05-10","history","-0.242278066961958"
"exdqlm_univar_synth","draw_068",1056,"2022-05-11","history","-0.735162039839624"
"exdqlm_univar_synth","draw_069",1071,"2022-04-23","history","-0.199917998288994"
"exdqlm_univar_synth","draw_069",1071,"2022-04-24","history","-0.578580976651908"
"exdqlm_univar_synth","draw_069",1071,"2022-04-25","history","-0.530271330864832"
"exdqlm_univar_synth","draw_069",1071,"2022-04-26","history","-0.0349485132822146"
"exdqlm_univar_synth","draw_069",1071,"2022-04-27","history","-0.247594847247895"
"exdqlm_univar_synth","draw_069",1071,"2022-04-28","history","-0.393999512941159"
"exdqlm_univar_synth","draw_069",1071,"2022-04-29","history","-0.774740070810356"
"exdqlm_univar_synth","draw_069",1071,"2022-04-30","history","-0.452166707616643"
"exdqlm_univar_synth","draw_069",1071,"2022-05-01","history","-0.624316177874728"
"exdqlm_univar_synth","draw_069",1071,"2022-05-02","history","-0.296121166641105"
"exdqlm_univar_synth","draw_069",1071,"2022-05-03","history","-0.283911612797880"
"exdqlm_univar_synth","draw_069",1071,"2022-05-04","history","-0.644741258860290"
"exdqlm_univar_synth","draw_069",1071,"2022-05-05","history","-0.327918257860046"
"exdqlm_univar_synth","draw_069",1071,"2022-05-06","history","-0.111872575278425"
"exdqlm_univar_synth","draw_069",1071,"2022-05-07","history","-0.511760146310681"
"exdqlm_univar_synth","draw_069",1071,"2022-05-08","history","-0.201042052356262"
"exdqlm_univar_synth","draw_069",1071,"2022-05-09","history","-0.767450622333745"
"exdqlm_univar_synth","draw_069",1071,"2022-05-10","history","-0.309963381931397"
"exdqlm_univar_synth","draw_069",1071,"2022-05-11","history","-0.431652173701967"
"exdqlm_univar_synth","draw_070",1087,"2022-04-23","history","-0.529941278168145"
"exdqlm_univar_synth","draw_070",1087,"2022-04-24","history","-0.165871763854687"
"exdqlm_univar_synth","draw_070",1087,"2022-04-25","history","-0.541160334360024"
"exdqlm_univar_synth","draw_070",1087,"2022-04-26","history","-0.361508902838623"
"exdqlm_univar_synth","draw_070",1087,"2022-04-27","history","-0.275286258187075"
"exdqlm_univar_synth","draw_070",1087,"2022-04-28","history","-0.529302974126665"
"exdqlm_univar_synth","draw_070",1087,"2022-04-29","history","-0.244688483846042"
"exdqlm_univar_synth","draw_070",1087,"2022-04-30","history","-0.634261285186854"
"exdqlm_univar_synth","draw_070",1087,"2022-05-01","history","-0.643773892800883"
"exdqlm_univar_synth","draw_070",1087,"2022-05-02","history","0.0970123450878465"
"exdqlm_univar_synth","draw_070",1087,"2022-05-03","history","-0.184436443818567"
"exdqlm_univar_synth","draw_070",1087,"2022-05-04","history","-0.393512065663187"
"exdqlm_univar_synth","draw_070",1087,"2022-05-05","history","-0.408209967092824"
"exdqlm_univar_synth","draw_070",1087,"2022-05-06","history","-0.331356560759975"
"exdqlm_univar_synth","draw_070",1087,"2022-05-07","history","-0.345481005129392"
"exdqlm_univar_synth","draw_070",1087,"2022-05-08","history","-0.617977954679824"
"exdqlm_univar_synth","draw_070",1087,"2022-05-09","history","-0.372357684669629"
"exdqlm_univar_synth","draw_070",1087,"2022-05-10","history","-0.446220040891131"
"exdqlm_univar_synth","draw_070",1087,"2022-05-11","history","-0.638014482425192"
"exdqlm_univar_synth","draw_071",1103,"2022-04-23","history","-0.352371694207615"
"exdqlm_univar_synth","draw_071",1103,"2022-04-24","history","-0.669985618971650"
"exdqlm_univar_synth","draw_071",1103,"2022-04-25","history","-0.448418878967900"
"exdqlm_univar_synth","draw_071",1103,"2022-04-26","history","-0.276052917514009"
"exdqlm_univar_synth","draw_071",1103,"2022-04-27","history","0.0525670570995463"
"exdqlm_univar_synth","draw_071",1103,"2022-04-28","history","-0.323772813051217"
"exdqlm_univar_synth","draw_071",1103,"2022-04-29","history","-0.496639063915530"
"exdqlm_univar_synth","draw_071",1103,"2022-04-30","history","-0.230402334506772"
"exdqlm_univar_synth","draw_071",1103,"2022-05-01","history","-0.549780205280256"
"exdqlm_univar_synth","draw_071",1103,"2022-05-02","history","-0.292554053200732"
"exdqlm_univar_synth","draw_071",1103,"2022-05-03","history","-0.207461517666448"
"exdqlm_univar_synth","draw_071",1103,"2022-05-04","history","-0.314644575230331"
"exdqlm_univar_synth","draw_071",1103,"2022-05-05","history","-0.114907960516513"
"exdqlm_univar_synth","draw_071",1103,"2022-05-06","history","-0.418473335794040"
"exdqlm_univar_synth","draw_071",1103,"2022-05-07","history","-0.221283977899433"
"exdqlm_univar_synth","draw_071",1103,"2022-05-08","history","-0.508167398681353"
"exdqlm_univar_synth","draw_071",1103,"2022-05-09","history","-0.495998898640236"
"exdqlm_univar_synth","draw_071",1103,"2022-05-10","history","-0.589774838883382"
"exdqlm_univar_synth","draw_071",1103,"2022-05-11","history","-0.760719279861548"
"exdqlm_univar_synth","draw_072",1119,"2022-04-23","history","-0.221188834940833"
"exdqlm_univar_synth","draw_072",1119,"2022-04-24","history","-0.711283730038741"
"exdqlm_univar_synth","draw_072",1119,"2022-04-25","history","-0.277023363676720"
"exdqlm_univar_synth","draw_072",1119,"2022-04-26","history","-0.447173971350714"
"exdqlm_univar_synth","draw_072",1119,"2022-04-27","history","-0.311193970473012"
"exdqlm_univar_synth","draw_072",1119,"2022-04-28","history","-0.271767938270289"
"exdqlm_univar_synth","draw_072",1119,"2022-04-29","history","-0.430312345003741"
"exdqlm_univar_synth","draw_072",1119,"2022-04-30","history","-0.749741750433913"
"exdqlm_univar_synth","draw_072",1119,"2022-05-01","history","-0.501501676678641"
"exdqlm_univar_synth","draw_072",1119,"2022-05-02","history","-0.517528373257547"
"exdqlm_univar_synth","draw_072",1119,"2022-05-03","history","-0.424219692016562"
"exdqlm_univar_synth","draw_072",1119,"2022-05-04","history","-0.694945423290931"
"exdqlm_univar_synth","draw_072",1119,"2022-05-05","history","-0.636511561238236"
"exdqlm_univar_synth","draw_072",1119,"2022-05-06","history","-0.564813585326629"
"exdqlm_univar_synth","draw_072",1119,"2022-05-07","history","-0.548550563210989"
"exdqlm_univar_synth","draw_072",1119,"2022-05-08","history","-0.575982112091086"
"exdqlm_univar_synth","draw_072",1119,"2022-05-09","history","-0.429527488388867"
"exdqlm_univar_synth","draw_072",1119,"2022-05-10","history","-0.529176815714551"
"exdqlm_univar_synth","draw_072",1119,"2022-05-11","history","-0.398290819828552"
"exdqlm_univar_synth","draw_073",1134,"2022-04-23","history","-0.533064121958088"
"exdqlm_univar_synth","draw_073",1134,"2022-04-24","history","-0.252213712317199"
"exdqlm_univar_synth","draw_073",1134,"2022-04-25","history","-0.591349834853980"
"exdqlm_univar_synth","draw_073",1134,"2022-04-26","history","-0.659820409065167"
"exdqlm_univar_synth","draw_073",1134,"2022-04-27","history","-0.294993090210431"
"exdqlm_univar_synth","draw_073",1134,"2022-04-28","history","-0.295763392199485"
"exdqlm_univar_synth","draw_073",1134,"2022-04-29","history","-0.131386213765898"
"exdqlm_univar_synth","draw_073",1134,"2022-04-30","history","-0.149824452341824"
"exdqlm_univar_synth","draw_073",1134,"2022-05-01","history","-0.624068730233039"
"exdqlm_univar_synth","draw_073",1134,"2022-05-02","history","-0.544039988382942"
"exdqlm_univar_synth","draw_073",1134,"2022-05-03","history","-0.693901002367542"
"exdqlm_univar_synth","draw_073",1134,"2022-05-04","history","-0.417057191051772"
"exdqlm_univar_synth","draw_073",1134,"2022-05-05","history","-0.462111521306119"
"exdqlm_univar_synth","draw_073",1134,"2022-05-06","history","-0.868805105040939"
"exdqlm_univar_synth","draw_073",1134,"2022-05-07","history","-0.447999535716940"
"exdqlm_univar_synth","draw_073",1134,"2022-05-08","history","-0.670975968136707"
"exdqlm_univar_synth","draw_073",1134,"2022-05-09","history","-0.641470195694008"
"exdqlm_univar_synth","draw_073",1134,"2022-05-10","history","-0.625267934940329"
"exdqlm_univar_synth","draw_073",1134,"2022-05-11","history","-0.892365057261477"
"exdqlm_univar_synth","draw_074",1150,"2022-04-23","history","-0.486450922635833"
"exdqlm_univar_synth","draw_074",1150,"2022-04-24","history","-0.120153104109386"
"exdqlm_univar_synth","draw_074",1150,"2022-04-25","history","-0.549112671605150"
"exdqlm_univar_synth","draw_074",1150,"2022-04-26","history","-0.262175334853926"
"exdqlm_univar_synth","draw_074",1150,"2022-04-27","history","-0.638962339120695"
"exdqlm_univar_synth","draw_074",1150,"2022-04-28","history","-0.646284378870448"
"exdqlm_univar_synth","draw_074",1150,"2022-04-29","history","-0.566644081266215"
"exdqlm_univar_synth","draw_074",1150,"2022-04-30","history","-0.277569076446731"
"exdqlm_univar_synth","draw_074",1150,"2022-05-01","history","-0.718853164622779"
"exdqlm_univar_synth","draw_074",1150,"2022-05-02","history","-0.837981702775298"
"exdqlm_univar_synth","draw_074",1150,"2022-05-03","history","-0.729666076413892"
"exdqlm_univar_synth","draw_074",1150,"2022-05-04","history","-0.0630170751344115"
"exdqlm_univar_synth","draw_074",1150,"2022-05-05","history","-0.229294994882761"
"exdqlm_univar_synth","draw_074",1150,"2022-05-06","history","-0.169411324389884"
"exdqlm_univar_synth","draw_074",1150,"2022-05-07","history","-0.780206097318091"
"exdqlm_univar_synth","draw_074",1150,"2022-05-08","history","-0.459651405456498"
"exdqlm_univar_synth","draw_074",1150,"2022-05-09","history","-0.137059631379891"
"exdqlm_univar_synth","draw_074",1150,"2022-05-10","history","-0.398536188429005"
"exdqlm_univar_synth","draw_074",1150,"2022-05-11","history","-0.574580149588854"
"exdqlm_univar_synth","draw_075",1166,"2022-04-23","history","-0.347757681112306"
"exdqlm_univar_synth","draw_075",1166,"2022-04-24","history","-0.520019417118581"
"exdqlm_univar_synth","draw_075",1166,"2022-04-25","history","-0.387635274565084"
"exdqlm_univar_synth","draw_075",1166,"2022-04-26","history","-0.528428839539639"
"exdqlm_univar_synth","draw_075",1166,"2022-04-27","history","-0.441298601875665"
"exdqlm_univar_synth","draw_075",1166,"2022-04-28","history","-0.271844156036086"
"exdqlm_univar_synth","draw_075",1166,"2022-04-29","history","-0.614417211927806"
"exdqlm_univar_synth","draw_075",1166,"2022-04-30","history","-0.512338578116321"
"exdqlm_univar_synth","draw_075",1166,"2022-05-01","history","-0.272308058252312"
"exdqlm_univar_synth","draw_075",1166,"2022-05-02","history","-0.467908974715116"
"exdqlm_univar_synth","draw_075",1166,"2022-05-03","history","-0.198650059443736"
"exdqlm_univar_synth","draw_075",1166,"2022-05-04","history","-0.499350037345246"
"exdqlm_univar_synth","draw_075",1166,"2022-05-05","history","-0.517954837852911"
"exdqlm_univar_synth","draw_075",1166,"2022-05-06","history","-0.795328036538380"
"exdqlm_univar_synth","draw_075",1166,"2022-05-07","history","-0.620574016983604"
"exdqlm_univar_synth","draw_075",1166,"2022-05-08","history","-0.204094743742935"
"exdqlm_univar_synth","draw_075",1166,"2022-05-09","history","-0.371538747888988"
"exdqlm_univar_synth","draw_075",1166,"2022-05-10","history","-0.417263651074640"
"exdqlm_univar_synth","draw_075",1166,"2022-05-11","history","-0.369944481374130"
"exdqlm_univar_synth","draw_076",1182,"2022-04-23","history","-0.0768153328869464"
"exdqlm_univar_synth","draw_076",1182,"2022-04-24","history","-0.347903431059061"
"exdqlm_univar_synth","draw_076",1182,"2022-04-25","history","-0.315249085335803"
"exdqlm_univar_synth","draw_076",1182,"2022-04-26","history","-0.370307185206223"
"exdqlm_univar_synth","draw_076",1182,"2022-04-27","history","-0.660999884029580"
"exdqlm_univar_synth","draw_076",1182,"2022-04-28","history","-0.229955974398718"
"exdqlm_univar_synth","draw_076",1182,"2022-04-29","history","-0.471305309832091"
"exdqlm_univar_synth","draw_076",1182,"2022-04-30","history","-0.652068357121245"
"exdqlm_univar_synth","draw_076",1182,"2022-05-01","history","-0.387675572757307"
"exdqlm_univar_synth","draw_076",1182,"2022-05-02","history","-0.533737531482171"
"exdqlm_univar_synth","draw_076",1182,"2022-05-03","history","-0.515300287536854"
"exdqlm_univar_synth","draw_076",1182,"2022-05-04","history","-0.491557259889797"
"exdqlm_univar_synth","draw_076",1182,"2022-05-05","history","-0.619150229812397"
"exdqlm_univar_synth","draw_076",1182,"2022-05-06","history","-0.373862790495017"
"exdqlm_univar_synth","draw_076",1182,"2022-05-07","history","-0.119878726365578"
"exdqlm_univar_synth","draw_076",1182,"2022-05-08","history","-0.479575943302709"
"exdqlm_univar_synth","draw_076",1182,"2022-05-09","history","-0.713089782244985"
"exdqlm_univar_synth","draw_076",1182,"2022-05-10","history","-0.430257396337334"
"exdqlm_univar_synth","draw_076",1182,"2022-05-11","history","-0.507171163921569"
"exdqlm_univar_synth","draw_077",1197,"2022-04-23","history","0.0417867348287353"
"exdqlm_univar_synth","draw_077",1197,"2022-04-24","history","-0.430340860645824"
"exdqlm_univar_synth","draw_077",1197,"2022-04-25","history","-0.278756360291309"
"exdqlm_univar_synth","draw_077",1197,"2022-04-26","history","-0.330489360430378"
"exdqlm_univar_synth","draw_077",1197,"2022-04-27","history","-0.279051255161226"
"exdqlm_univar_synth","draw_077",1197,"2022-04-28","history","-0.575536929830616"
"exdqlm_univar_synth","draw_077",1197,"2022-04-29","history","-0.313018030766071"
"exdqlm_univar_synth","draw_077",1197,"2022-04-30","history","-0.335695813521859"
"exdqlm_univar_synth","draw_077",1197,"2022-05-01","history","-0.0303479487335308"
"exdqlm_univar_synth","draw_077",1197,"2022-05-02","history","-0.309480700585082"
"exdqlm_univar_synth","draw_077",1197,"2022-05-03","history","-0.670127291128675"
"exdqlm_univar_synth","draw_077",1197,"2022-05-04","history","-0.452547774965429"
"exdqlm_univar_synth","draw_077",1197,"2022-05-05","history","-0.514261009694391"
"exdqlm_univar_synth","draw_077",1197,"2022-05-06","history","-0.547227245983490"
"exdqlm_univar_synth","draw_077",1197,"2022-05-07","history","-0.705338562219912"
"exdqlm_univar_synth","draw_077",1197,"2022-05-08","history","-0.629906630570732"
"exdqlm_univar_synth","draw_077",1197,"2022-05-09","history","-0.533890236973934"
"exdqlm_univar_synth","draw_077",1197,"2022-05-10","history","-0.307052124659283"
"exdqlm_univar_synth","draw_077",1197,"2022-05-11","history","-0.270773380756191"
"exdqlm_univar_synth","draw_078",1213,"2022-04-23","history","-0.485421217520096"
"exdqlm_univar_synth","draw_078",1213,"2022-04-24","history","-0.507539480150409"
"exdqlm_univar_synth","draw_078",1213,"2022-04-25","history","-0.405779366341538"
"exdqlm_univar_synth","draw_078",1213,"2022-04-26","history","-0.412879748008252"
"exdqlm_univar_synth","draw_078",1213,"2022-04-27","history","-0.636464950664698"
"exdqlm_univar_synth","draw_078",1213,"2022-04-28","history","-0.294631102620732"
"exdqlm_univar_synth","draw_078",1213,"2022-04-29","history","-0.314985869582105"
"exdqlm_univar_synth","draw_078",1213,"2022-04-30","history","-0.503063056024907"
"exdqlm_univar_synth","draw_078",1213,"2022-05-01","history","-0.356834339181360"
"exdqlm_univar_synth","draw_078",1213,"2022-05-02","history","-0.544710296622002"
"exdqlm_univar_synth","draw_078",1213,"2022-05-03","history","-0.442085456940172"
"exdqlm_univar_synth","draw_078",1213,"2022-05-04","history","-0.315864059008599"
"exdqlm_univar_synth","draw_078",1213,"2022-05-05","history","-0.263317654111964"
"exdqlm_univar_synth","draw_078",1213,"2022-05-06","history","-0.767009690648368"
"exdqlm_univar_synth","draw_078",1213,"2022-05-07","history","-0.570445719241689"
"exdqlm_univar_synth","draw_078",1213,"2022-05-08","history","-0.656337144857774"
"exdqlm_univar_synth","draw_078",1213,"2022-05-09","history","-0.298193308677025"
"exdqlm_univar_synth","draw_078",1213,"2022-05-10","history","-0.761569346902898"
"exdqlm_univar_synth","draw_078",1213,"2022-05-11","history","-0.391353000218528"
"exdqlm_univar_synth","draw_079",1229,"2022-04-23","history","-0.365445829243140"
"exdqlm_univar_synth","draw_079",1229,"2022-04-24","history","-0.421650205948312"
"exdqlm_univar_synth","draw_079",1229,"2022-04-25","history","-0.434972388175990"
"exdqlm_univar_synth","draw_079",1229,"2022-04-26","history","-0.533723567374236"
"exdqlm_univar_synth","draw_079",1229,"2022-04-27","history","-0.720427424072435"
"exdqlm_univar_synth","draw_079",1229,"2022-04-28","history","-0.693738462118561"
"exdqlm_univar_synth","draw_079",1229,"2022-04-29","history","-0.0660744069250004"
"exdqlm_univar_synth","draw_079",1229,"2022-04-30","history","-0.670910363490948"
"exdqlm_univar_synth","draw_079",1229,"2022-05-01","history","-0.276201074252858"
"exdqlm_univar_synth","draw_079",1229,"2022-05-02","history","-0.508734460865049"
"exdqlm_univar_synth","draw_079",1229,"2022-05-03","history","-0.500953495836278"
"exdqlm_univar_synth","draw_079",1229,"2022-05-04","history","-0.237886319293763"
"exdqlm_univar_synth","draw_079",1229,"2022-05-05","history","-0.337802909544494"
"exdqlm_univar_synth","draw_079",1229,"2022-05-06","history","-0.361290710976946"
"exdqlm_univar_synth","draw_079",1229,"2022-05-07","history","-0.385676802242011"
"exdqlm_univar_synth","draw_079",1229,"2022-05-08","history","-0.625515193864516"
"exdqlm_univar_synth","draw_079",1229,"2022-05-09","history","-0.790346990474839"
"exdqlm_univar_synth","draw_079",1229,"2022-05-10","history","-0.647441284667128"
"exdqlm_univar_synth","draw_079",1229,"2022-05-11","history","-0.199951608202293"
"exdqlm_univar_synth","draw_080",1244,"2022-04-23","history","-0.352335225772526"
"exdqlm_univar_synth","draw_080",1244,"2022-04-24","history","-0.250298991273947"
"exdqlm_univar_synth","draw_080",1244,"2022-04-25","history","-0.506209371442426"
"exdqlm_univar_synth","draw_080",1244,"2022-04-26","history","-0.449607747773059"
"exdqlm_univar_synth","draw_080",1244,"2022-04-27","history","-0.490310465065438"
"exdqlm_univar_synth","draw_080",1244,"2022-04-28","history","-0.770524626920893"
"exdqlm_univar_synth","draw_080",1244,"2022-04-29","history","-0.563655338929874"
"exdqlm_univar_synth","draw_080",1244,"2022-04-30","history","-0.121562268312582"
"exdqlm_univar_synth","draw_080",1244,"2022-05-01","history","-0.668436519702103"
"exdqlm_univar_synth","draw_080",1244,"2022-05-02","history","-0.342687816820087"
"exdqlm_univar_synth","draw_080",1244,"2022-05-03","history","-0.527384201276047"
"exdqlm_univar_synth","draw_080",1244,"2022-05-04","history","-0.203821692593676"
"exdqlm_univar_synth","draw_080",1244,"2022-05-05","history","-0.546700105714611"
"exdqlm_univar_synth","draw_080",1244,"2022-05-06","history","-0.129225178403845"
"exdqlm_univar_synth","draw_080",1244,"2022-05-07","history","-0.777669045741981"
"exdqlm_univar_synth","draw_080",1244,"2022-05-08","history","-0.715573030753001"
"exdqlm_univar_synth","draw_080",1244,"2022-05-09","history","-0.362195366259815"
"exdqlm_univar_synth","draw_080",1244,"2022-05-10","history","-0.711816247696076"
"exdqlm_univar_synth","draw_080",1244,"2022-05-11","history","-0.371038381119046"
"exdqlm_univar_synth","draw_081",1260,"2022-04-23","history","-0.259662114365953"
"exdqlm_univar_synth","draw_081",1260,"2022-04-24","history","-0.641296151558022"
"exdqlm_univar_synth","draw_081",1260,"2022-04-25","history","-0.692809794150753"
"exdqlm_univar_synth","draw_081",1260,"2022-04-26","history","-0.306148621359703"
"exdqlm_univar_synth","draw_081",1260,"2022-04-27","history","-0.662407933031374"
"exdqlm_univar_synth","draw_081",1260,"2022-04-28","history","-0.286117090358277"
"exdqlm_univar_synth","draw_081",1260,"2022-04-29","history","-0.703549231187278"
"exdqlm_univar_synth","draw_081",1260,"2022-04-30","history","-0.485768299816441"
"exdqlm_univar_synth","draw_081",1260,"2022-05-01","history","-0.360451137901082"
"exdqlm_univar_synth","draw_081",1260,"2022-05-02","history","-0.502756677717252"
"exdqlm_univar_synth","draw_081",1260,"2022-05-03","history","-0.822378642438467"
"exdqlm_univar_synth","draw_081",1260,"2022-05-04","history","-0.308080435965959"
"exdqlm_univar_synth","draw_081",1260,"2022-05-05","history","-0.482170824513432"
"exdqlm_univar_synth","draw_081",1260,"2022-05-06","history","-0.505832499384829"
"exdqlm_univar_synth","draw_081",1260,"2022-05-07","history","-0.460270830246019"
"exdqlm_univar_synth","draw_081",1260,"2022-05-08","history","-0.523088997844130"
"exdqlm_univar_synth","draw_081",1260,"2022-05-09","history","-0.392743486368639"
"exdqlm_univar_synth","draw_081",1260,"2022-05-10","history","-0.829361796073969"
"exdqlm_univar_synth","draw_081",1260,"2022-05-11","history","-0.527958918986946"
"exdqlm_univar_synth","draw_082",1276,"2022-04-23","history","0.00721764511226072"
"exdqlm_univar_synth","draw_082",1276,"2022-04-24","history","-0.126198310814243"
"exdqlm_univar_synth","draw_082",1276,"2022-04-25","history","-0.442769471567482"
"exdqlm_univar_synth","draw_082",1276,"2022-04-26","history","-0.218799909266938"
"exdqlm_univar_synth","draw_082",1276,"2022-04-27","history","-0.412350544489237"
"exdqlm_univar_synth","draw_082",1276,"2022-04-28","history","-0.276261895837782"
"exdqlm_univar_synth","draw_082",1276,"2022-04-29","history","-0.422561878879755"
"exdqlm_univar_synth","draw_082",1276,"2022-04-30","history","-0.337372592737798"
"exdqlm_univar_synth","draw_082",1276,"2022-05-01","history","-0.657275565411158"
"exdqlm_univar_synth","draw_082",1276,"2022-05-02","history","-0.849100309398923"
"exdqlm_univar_synth","draw_082",1276,"2022-05-03","history","-0.437870491794537"
"exdqlm_univar_synth","draw_082",1276,"2022-05-04","history","-0.519458792724768"
"exdqlm_univar_synth","draw_082",1276,"2022-05-05","history","-0.369802658674950"
"exdqlm_univar_synth","draw_082",1276,"2022-05-06","history","-0.390409124831004"
"exdqlm_univar_synth","draw_082",1276,"2022-05-07","history","-0.428301686843228"
"exdqlm_univar_synth","draw_082",1276,"2022-05-08","history","-0.124002253264256"
"exdqlm_univar_synth","draw_082",1276,"2022-05-09","history","-0.571499447230640"
"exdqlm_univar_synth","draw_082",1276,"2022-05-10","history","-0.717482604674378"
"exdqlm_univar_synth","draw_082",1276,"2022-05-11","history","-0.175366587381035"
"exdqlm_univar_synth","draw_083",1292,"2022-04-23","history","-0.486867641860557"
"exdqlm_univar_synth","draw_083",1292,"2022-04-24","history","-0.716649290722630"
"exdqlm_univar_synth","draw_083",1292,"2022-04-25","history","-0.204793743513255"
"exdqlm_univar_synth","draw_083",1292,"2022-04-26","history","-0.170445622171814"
"exdqlm_univar_synth","draw_083",1292,"2022-04-27","history","-0.225367315602502"
"exdqlm_univar_synth","draw_083",1292,"2022-04-28","history","-0.351813517795405"
"exdqlm_univar_synth","draw_083",1292,"2022-04-29","history","-0.447343602040125"
"exdqlm_univar_synth","draw_083",1292,"2022-04-30","history","-0.654199722535416"
"exdqlm_univar_synth","draw_083",1292,"2022-05-01","history","-0.298382442270122"
"exdqlm_univar_synth","draw_083",1292,"2022-05-02","history","-0.0923884193183714"
"exdqlm_univar_synth","draw_083",1292,"2022-05-03","history","-0.586367047421607"
"exdqlm_univar_synth","draw_083",1292,"2022-05-04","history","-0.0350257340059012"
"exdqlm_univar_synth","draw_083",1292,"2022-05-05","history","-0.563622411204579"
"exdqlm_univar_synth","draw_083",1292,"2022-05-06","history","-0.596061866442471"
"exdqlm_univar_synth","draw_083",1292,"2022-05-07","history","-0.698874515013595"
"exdqlm_univar_synth","draw_083",1292,"2022-05-08","history","-0.355580479510443"
"exdqlm_univar_synth","draw_083",1292,"2022-05-09","history","-0.563663563990943"
"exdqlm_univar_synth","draw_083",1292,"2022-05-10","history","-0.173535403744053"
"exdqlm_univar_synth","draw_083",1292,"2022-05-11","history","-0.209703880624197"
"exdqlm_univar_synth","draw_084",1307,"2022-04-23","history","-0.0827148756803174"
"exdqlm_univar_synth","draw_084",1307,"2022-04-24","history","-0.354363235401788"
"exdqlm_univar_synth","draw_084",1307,"2022-04-25","history","-0.314191497181327"
"exdqlm_univar_synth","draw_084",1307,"2022-04-26","history","-0.194741611639403"
"exdqlm_univar_synth","draw_084",1307,"2022-04-27","history","-0.619053548373021"
"exdqlm_univar_synth","draw_084",1307,"2022-04-28","history","-0.465032210359553"
"exdqlm_univar_synth","draw_084",1307,"2022-04-29","history","-0.386895731020072"
"exdqlm_univar_synth","draw_084",1307,"2022-04-30","history","-0.290040749517328"
"exdqlm_univar_synth","draw_084",1307,"2022-05-01","history","-0.0116291931498568"
"exdqlm_univar_synth","draw_084",1307,"2022-05-02","history","-0.277683641109114"
"exdqlm_univar_synth","draw_084",1307,"2022-05-03","history","-0.758005514991408"
"exdqlm_univar_synth","draw_084",1307,"2022-05-04","history","-0.750137283807551"
"exdqlm_univar_synth","draw_084",1307,"2022-05-05","history","-0.200037733163251"
"exdqlm_univar_synth","draw_084",1307,"2022-05-06","history","-0.615347813017476"
"exdqlm_univar_synth","draw_084",1307,"2022-05-07","history","-0.732137120093703"
"exdqlm_univar_synth","draw_084",1307,"2022-05-08","history","-0.211840251594783"
"exdqlm_univar_synth","draw_084",1307,"2022-05-09","history","-0.620683008270603"
"exdqlm_univar_synth","draw_084",1307,"2022-05-10","history","-0.594716066185662"
"exdqlm_univar_synth","draw_084",1307,"2022-05-11","history","-0.248572450455062"
"exdqlm_univar_synth","draw_085",1323,"2022-04-23","history","-0.312259208078188"
"exdqlm_univar_synth","draw_085",1323,"2022-04-24","history","-0.329908927240625"
"exdqlm_univar_synth","draw_085",1323,"2022-04-25","history","-0.387042921742220"
"exdqlm_univar_synth","draw_085",1323,"2022-04-26","history","-0.292095526399738"
"exdqlm_univar_synth","draw_085",1323,"2022-04-27","history","-0.0195380024089774"
"exdqlm_univar_synth","draw_085",1323,"2022-04-28","history","-0.626505422866253"
"exdqlm_univar_synth","draw_085",1323,"2022-04-29","history","-0.502061652940547"
"exdqlm_univar_synth","draw_085",1323,"2022-04-30","history","-0.380789418464320"
"exdqlm_univar_synth","draw_085",1323,"2022-05-01","history","-0.791380048857467"
"exdqlm_univar_synth","draw_085",1323,"2022-05-02","history","-0.445935053324736"
"exdqlm_univar_synth","draw_085",1323,"2022-05-03","history","-0.517151074624431"
"exdqlm_univar_synth","draw_085",1323,"2022-05-04","history","-0.425866552323584"
"exdqlm_univar_synth","draw_085",1323,"2022-05-05","history","-0.633055539230242"
"exdqlm_univar_synth","draw_085",1323,"2022-05-06","history","-0.709252219917740"
"exdqlm_univar_synth","draw_085",1323,"2022-05-07","history","-0.529414684281745"
"exdqlm_univar_synth","draw_085",1323,"2022-05-08","history","-0.481889356125250"
"exdqlm_univar_synth","draw_085",1323,"2022-05-09","history","-0.621301833395389"
"exdqlm_univar_synth","draw_085",1323,"2022-05-10","history","-0.279832086580855"
"exdqlm_univar_synth","draw_085",1323,"2022-05-11","history","-0.478849517066622"
"exdqlm_univar_synth","draw_086",1339,"2022-04-23","history","-0.206153102652128"
"exdqlm_univar_synth","draw_086",1339,"2022-04-24","history","-0.340283489314592"
"exdqlm_univar_synth","draw_086",1339,"2022-04-25","history","-0.616289099589796"
"exdqlm_univar_synth","draw_086",1339,"2022-04-26","history","-0.399168992906246"
"exdqlm_univar_synth","draw_086",1339,"2022-04-27","history","-0.553260347471032"
"exdqlm_univar_synth","draw_086",1339,"2022-04-28","history","-0.475036449027300"
"exdqlm_univar_synth","draw_086",1339,"2022-04-29","history","-0.132655955813116"
"exdqlm_univar_synth","draw_086",1339,"2022-04-30","history","-0.644141831493506"
"exdqlm_univar_synth","draw_086",1339,"2022-05-01","history","-0.216872138684785"
"exdqlm_univar_synth","draw_086",1339,"2022-05-02","history","-0.331370778336601"
"exdqlm_univar_synth","draw_086",1339,"2022-05-03","history","-0.554875150884265"
"exdqlm_univar_synth","draw_086",1339,"2022-05-04","history","-0.564258584568290"
"exdqlm_univar_synth","draw_086",1339,"2022-05-05","history","-0.388598377831319"
"exdqlm_univar_synth","draw_086",1339,"2022-05-06","history","-0.689949899876192"
"exdqlm_univar_synth","draw_086",1339,"2022-05-07","history","-0.820392729667644"
"exdqlm_univar_synth","draw_086",1339,"2022-05-08","history","-0.518258983000102"
"exdqlm_univar_synth","draw_086",1339,"2022-05-09","history","-0.748460325841191"
"exdqlm_univar_synth","draw_086",1339,"2022-05-10","history","-0.371355758679273"
"exdqlm_univar_synth","draw_086",1339,"2022-05-11","history","-0.462631730947718"
"exdqlm_univar_synth","draw_087",1355,"2022-04-23","history","-0.386300298948058"
"exdqlm_univar_synth","draw_087",1355,"2022-04-24","history","-0.713794808605245"
"exdqlm_univar_synth","draw_087",1355,"2022-04-25","history","-0.574598604072792"
"exdqlm_univar_synth","draw_087",1355,"2022-04-26","history","-0.580137350704186"
"exdqlm_univar_synth","draw_087",1355,"2022-04-27","history","-0.687149895774263"
"exdqlm_univar_synth","draw_087",1355,"2022-04-28","history","-0.542635050457259"
"exdqlm_univar_synth","draw_087",1355,"2022-04-29","history","-0.254083598115264"
"exdqlm_univar_synth","draw_087",1355,"2022-04-30","history","-0.785682741215359"
"exdqlm_univar_synth","draw_087",1355,"2022-05-01","history","-0.717768763752998"
"exdqlm_univar_synth","draw_087",1355,"2022-05-02","history","-0.483555891776228"
"exdqlm_univar_synth","draw_087",1355,"2022-05-03","history","-0.188838162041601"
"exdqlm_univar_synth","draw_087",1355,"2022-05-04","history","-0.717005820468521"
"exdqlm_univar_synth","draw_087",1355,"2022-05-05","history","-0.375213547853576"
"exdqlm_univar_synth","draw_087",1355,"2022-05-06","history","-0.396780620038271"
"exdqlm_univar_synth","draw_087",1355,"2022-05-07","history","-0.523965149062447"
"exdqlm_univar_synth","draw_087",1355,"2022-05-08","history","-0.797738816607010"
"exdqlm_univar_synth","draw_087",1355,"2022-05-09","history","-0.345784750130650"
"exdqlm_univar_synth","draw_087",1355,"2022-05-10","history","-0.631548320232072"
"exdqlm_univar_synth","draw_087",1355,"2022-05-11","history","-0.631757319644336"
"exdqlm_univar_synth","draw_088",1370,"2022-04-23","history","0.0867913583355166"
"exdqlm_univar_synth","draw_088",1370,"2022-04-24","history","-0.373743337859628"
"exdqlm_univar_synth","draw_088",1370,"2022-04-25","history","-0.395535413717342"
"exdqlm_univar_synth","draw_088",1370,"2022-04-26","history","-0.681919183566584"
"exdqlm_univar_synth","draw_088",1370,"2022-04-27","history","-0.830671329684234"
"exdqlm_univar_synth","draw_088",1370,"2022-04-28","history","-0.745786182630972"
"exdqlm_univar_synth","draw_088",1370,"2022-04-29","history","-0.470539647545705"
"exdqlm_univar_synth","draw_088",1370,"2022-04-30","history","-0.281467589973921"
"exdqlm_univar_synth","draw_088",1370,"2022-05-01","history","-0.251716441355193"
"exdqlm_univar_synth","draw_088",1370,"2022-05-02","history","-0.474603869018163"
"exdqlm_univar_synth","draw_088",1370,"2022-05-03","history","-0.299989547296941"
"exdqlm_univar_synth","draw_088",1370,"2022-05-04","history","-0.205513999094922"
"exdqlm_univar_synth","draw_088",1370,"2022-05-05","history","-0.428244022397516"
"exdqlm_univar_synth","draw_088",1370,"2022-05-06","history","-0.356007479990967"
"exdqlm_univar_synth","draw_088",1370,"2022-05-07","history","-0.694019783515283"
"exdqlm_univar_synth","draw_088",1370,"2022-05-08","history","-0.720231018118110"
"exdqlm_univar_synth","draw_088",1370,"2022-05-09","history","-0.327571983251019"
"exdqlm_univar_synth","draw_088",1370,"2022-05-10","history","-0.718589205828189"
"exdqlm_univar_synth","draw_088",1370,"2022-05-11","history","-0.101293221973489"
"exdqlm_univar_synth","draw_089",1386,"2022-04-23","history","-0.459545366043605"
"exdqlm_univar_synth","draw_089",1386,"2022-04-24","history","-0.569750346107080"
"exdqlm_univar_synth","draw_089",1386,"2022-04-25","history","-0.303092754831313"
"exdqlm_univar_synth","draw_089",1386,"2022-04-26","history","-0.0959116299312156"
"exdqlm_univar_synth","draw_089",1386,"2022-04-27","history","0.0881174462207039"
"exdqlm_univar_synth","draw_089",1386,"2022-04-28","history","-0.112351968785671"
"exdqlm_univar_synth","draw_089",1386,"2022-04-29","history","-0.342225206854701"
"exdqlm_univar_synth","draw_089",1386,"2022-04-30","history","-0.474212502829166"
"exdqlm_univar_synth","draw_089",1386,"2022-05-01","history","-0.332892982621580"
"exdqlm_univar_synth","draw_089",1386,"2022-05-02","history","-0.226318534438148"
"exdqlm_univar_synth","draw_089",1386,"2022-05-03","history","-0.523067310914183"
"exdqlm_univar_synth","draw_089",1386,"2022-05-04","history","-0.595373394935778"
"exdqlm_univar_synth","draw_089",1386,"2022-05-05","history","-0.723322294226399"
"exdqlm_univar_synth","draw_089",1386,"2022-05-06","history","-0.620461101656658"
"exdqlm_univar_synth","draw_089",1386,"2022-05-07","history","-0.634605107059187"
"exdqlm_univar_synth","draw_089",1386,"2022-05-08","history","-0.664112068689296"
"exdqlm_univar_synth","draw_089",1386,"2022-05-09","history","-0.694260186786426"
"exdqlm_univar_synth","draw_089",1386,"2022-05-10","history","-0.547971080587965"
"exdqlm_univar_synth","draw_089",1386,"2022-05-11","history","-0.641716084056821"
"exdqlm_univar_synth","draw_090",1402,"2022-04-23","history","-0.579624939924512"
"exdqlm_univar_synth","draw_090",1402,"2022-04-24","history","-0.672907727011087"
"exdqlm_univar_synth","draw_090",1402,"2022-04-25","history","-0.311356497963383"
"exdqlm_univar_synth","draw_090",1402,"2022-04-26","history","-0.502181073298476"
"exdqlm_univar_synth","draw_090",1402,"2022-04-27","history","-0.502585500599377"
"exdqlm_univar_synth","draw_090",1402,"2022-04-28","history","-0.507752263302947"
"exdqlm_univar_synth","draw_090",1402,"2022-04-29","history","-0.405692806565289"
"exdqlm_univar_synth","draw_090",1402,"2022-04-30","history","-0.610417823145914"
"exdqlm_univar_synth","draw_090",1402,"2022-05-01","history","-0.299076367475248"
"exdqlm_univar_synth","draw_090",1402,"2022-05-02","history","-0.211293001647870"
"exdqlm_univar_synth","draw_090",1402,"2022-05-03","history","-0.477094439389370"
"exdqlm_univar_synth","draw_090",1402,"2022-05-04","history","-0.512651571841379"
"exdqlm_univar_synth","draw_090",1402,"2022-05-05","history","-0.587114462636027"
"exdqlm_univar_synth","draw_090",1402,"2022-05-06","history","-0.233046784601504"
"exdqlm_univar_synth","draw_090",1402,"2022-05-07","history","-0.381722454740387"
"exdqlm_univar_synth","draw_090",1402,"2022-05-08","history","-0.550596779616482"
"exdqlm_univar_synth","draw_090",1402,"2022-05-09","history","-0.612548266215445"
"exdqlm_univar_synth","draw_090",1402,"2022-05-10","history","-0.470082676837930"
"exdqlm_univar_synth","draw_090",1402,"2022-05-11","history","-0.645170180713649"
"exdqlm_univar_synth","draw_091",1418,"2022-04-23","history","-0.286823106708878"
"exdqlm_univar_synth","draw_091",1418,"2022-04-24","history","-0.358664974100238"
"exdqlm_univar_synth","draw_091",1418,"2022-04-25","history","-0.482238778102712"
"exdqlm_univar_synth","draw_091",1418,"2022-04-26","history","-0.435347731048936"
"exdqlm_univar_synth","draw_091",1418,"2022-04-27","history","-0.597083089042295"
"exdqlm_univar_synth","draw_091",1418,"2022-04-28","history","-0.293592992472722"
"exdqlm_univar_synth","draw_091",1418,"2022-04-29","history","-0.537712497108945"
"exdqlm_univar_synth","draw_091",1418,"2022-04-30","history","-0.462266349744531"
"exdqlm_univar_synth","draw_091",1418,"2022-05-01","history","-0.648619434541075"
"exdqlm_univar_synth","draw_091",1418,"2022-05-02","history","-0.339920564549339"
"exdqlm_univar_synth","draw_091",1418,"2022-05-03","history","-0.131286507094770"
"exdqlm_univar_synth","draw_091",1418,"2022-05-04","history","-0.180589162288879"
"exdqlm_univar_synth","draw_091",1418,"2022-05-05","history","-0.456688765219739"
"exdqlm_univar_synth","draw_091",1418,"2022-05-06","history","-0.773567580339776"
"exdqlm_univar_synth","draw_091",1418,"2022-05-07","history","-0.710656855858947"
"exdqlm_univar_synth","draw_091",1418,"2022-05-08","history","-0.427651149489444"
"exdqlm_univar_synth","draw_091",1418,"2022-05-09","history","-0.591674238309901"
"exdqlm_univar_synth","draw_091",1418,"2022-05-10","history","-0.440292439646359"
"exdqlm_univar_synth","draw_091",1418,"2022-05-11","history","-0.302823026183858"
"exdqlm_univar_synth","draw_092",1433,"2022-04-23","history","-0.366828875784354"
"exdqlm_univar_synth","draw_092",1433,"2022-04-24","history","-0.219557226320426"
"exdqlm_univar_synth","draw_092",1433,"2022-04-25","history","-0.583084783410030"
"exdqlm_univar_synth","draw_092",1433,"2022-04-26","history","-0.692560854160008"
"exdqlm_univar_synth","draw_092",1433,"2022-04-27","history","-0.510840174404537"
"exdqlm_univar_synth","draw_092",1433,"2022-04-28","history","-0.335964959128521"
"exdqlm_univar_synth","draw_092",1433,"2022-04-29","history","-0.123530903753815"
"exdqlm_univar_synth","draw_092",1433,"2022-04-30","history","-0.588208267127424"
"exdqlm_univar_synth","draw_092",1433,"2022-05-01","history","-0.0666138937201968"
"exdqlm_univar_synth","draw_092",1433,"2022-05-02","history","-0.681218391532760"
"exdqlm_univar_synth","draw_092",1433,"2022-05-03","history","-0.782863466854313"
"exdqlm_univar_synth","draw_092",1433,"2022-05-04","history","-0.641156781466699"
"exdqlm_univar_synth","draw_092",1433,"2022-05-05","history","-0.265988159209273"
"exdqlm_univar_synth","draw_092",1433,"2022-05-06","history","-0.626247684873073"
"exdqlm_univar_synth","draw_092",1433,"2022-05-07","history","-0.551239015384139"
"exdqlm_univar_synth","draw_092",1433,"2022-05-08","history","-0.617614923995530"
"exdqlm_univar_synth","draw_092",1433,"2022-05-09","history","-0.651156220722176"
"exdqlm_univar_synth","draw_092",1433,"2022-05-10","history","-0.735438407800233"
"exdqlm_univar_synth","draw_092",1433,"2022-05-11","history","-0.667185483622965"
"exdqlm_univar_synth","draw_093",1449,"2022-04-23","history","-0.529725446133199"
"exdqlm_univar_synth","draw_093",1449,"2022-04-24","history","-0.315467527606188"
"exdqlm_univar_synth","draw_093",1449,"2022-04-25","history","-0.305873111502913"
"exdqlm_univar_synth","draw_093",1449,"2022-04-26","history","-0.497439317541323"
"exdqlm_univar_synth","draw_093",1449,"2022-04-27","history","-0.525314085770379"
"exdqlm_univar_synth","draw_093",1449,"2022-04-28","history","-0.227837884971126"
"exdqlm_univar_synth","draw_093",1449,"2022-04-29","history","-0.168761520336260"
"exdqlm_univar_synth","draw_093",1449,"2022-04-30","history","-0.236422758441856"
"exdqlm_univar_synth","draw_093",1449,"2022-05-01","history","-0.328374243816799"
"exdqlm_univar_synth","draw_093",1449,"2022-05-02","history","-0.674374706492239"
"exdqlm_univar_synth","draw_093",1449,"2022-05-03","history","-0.275077442147356"
"exdqlm_univar_synth","draw_093",1449,"2022-05-04","history","-0.552424295148243"
"exdqlm_univar_synth","draw_093",1449,"2022-05-05","history","-0.429579224275387"
"exdqlm_univar_synth","draw_093",1449,"2022-05-06","history","-0.297440590486269"
"exdqlm_univar_synth","draw_093",1449,"2022-05-07","history","-0.160561853492280"
"exdqlm_univar_synth","draw_093",1449,"2022-05-08","history","-0.710663420487909"
"exdqlm_univar_synth","draw_093",1449,"2022-05-09","history","-0.786685836076636"
"exdqlm_univar_synth","draw_093",1449,"2022-05-10","history","-0.839383311515023"
"exdqlm_univar_synth","draw_093",1449,"2022-05-11","history","-0.421971215564847"
"exdqlm_univar_synth","draw_094",1465,"2022-04-23","history","-0.424545509221755"
"exdqlm_univar_synth","draw_094",1465,"2022-04-24","history","-0.323717993894963"
"exdqlm_univar_synth","draw_094",1465,"2022-04-25","history","-0.359705190786365"
"exdqlm_univar_synth","draw_094",1465,"2022-04-26","history","-0.465248456854704"
"exdqlm_univar_synth","draw_094",1465,"2022-04-27","history","-0.427180509011289"
"exdqlm_univar_synth","draw_094",1465,"2022-04-28","history","-0.270380048423018"
"exdqlm_univar_synth","draw_094",1465,"2022-04-29","history","-0.566960226653946"
"exdqlm_univar_synth","draw_094",1465,"2022-04-30","history","-0.345731043971658"
"exdqlm_univar_synth","draw_094",1465,"2022-05-01","history","-0.338487945409026"
"exdqlm_univar_synth","draw_094",1465,"2022-05-02","history","-0.378428935978079"
"exdqlm_univar_synth","draw_094",1465,"2022-05-03","history","-0.599373759843613"
"exdqlm_univar_synth","draw_094",1465,"2022-05-04","history","-0.380539942451854"
"exdqlm_univar_synth","draw_094",1465,"2022-05-05","history","-0.0989112384182562"
"exdqlm_univar_synth","draw_094",1465,"2022-05-06","history","-0.369080022507545"
"exdqlm_univar_synth","draw_094",1465,"2022-05-07","history","-0.336026308334088"
"exdqlm_univar_synth","draw_094",1465,"2022-05-08","history","-0.567370889592533"
"exdqlm_univar_synth","draw_094",1465,"2022-05-09","history","-0.625300973518794"
"exdqlm_univar_synth","draw_094",1465,"2022-05-10","history","-0.629849452558438"
"exdqlm_univar_synth","draw_094",1465,"2022-05-11","history","-0.638412179494068"
"exdqlm_univar_synth","draw_095",1481,"2022-04-23","history","-0.210479731542994"
"exdqlm_univar_synth","draw_095",1481,"2022-04-24","history","-0.553426211600289"
"exdqlm_univar_synth","draw_095",1481,"2022-04-25","history","-0.249874889642631"
"exdqlm_univar_synth","draw_095",1481,"2022-04-26","history","-0.285165502965746"
"exdqlm_univar_synth","draw_095",1481,"2022-04-27","history","-0.319784167281631"
"exdqlm_univar_synth","draw_095",1481,"2022-04-28","history","-0.413017530445338"
"exdqlm_univar_synth","draw_095",1481,"2022-04-29","history","-0.820485186221262"
"exdqlm_univar_synth","draw_095",1481,"2022-04-30","history","-0.513138107529888"
"exdqlm_univar_synth","draw_095",1481,"2022-05-01","history","-0.494990725503517"
"exdqlm_univar_synth","draw_095",1481,"2022-05-02","history","-0.334445071127849"
"exdqlm_univar_synth","draw_095",1481,"2022-05-03","history","-0.727655145192481"
"exdqlm_univar_synth","draw_095",1481,"2022-05-04","history","-0.274106535007073"
"exdqlm_univar_synth","draw_095",1481,"2022-05-05","history","-0.675756997551367"
"exdqlm_univar_synth","draw_095",1481,"2022-05-06","history","-0.520255367899428"
"exdqlm_univar_synth","draw_095",1481,"2022-05-07","history","-0.466207616724363"
"exdqlm_univar_synth","draw_095",1481,"2022-05-08","history","-0.763320615732552"
"exdqlm_univar_synth","draw_095",1481,"2022-05-09","history","-0.203984760504408"
"exdqlm_univar_synth","draw_095",1481,"2022-05-10","history","-0.249889373522520"
"exdqlm_univar_synth","draw_095",1481,"2022-05-11","history","-0.434525754047433"
"exdqlm_univar_synth","draw_096",1496,"2022-04-23","history","-0.218405103465314"
"exdqlm_univar_synth","draw_096",1496,"2022-04-24","history","-0.700735179149830"
"exdqlm_univar_synth","draw_096",1496,"2022-04-25","history","-0.485509681529780"
"exdqlm_univar_synth","draw_096",1496,"2022-04-26","history","-0.151919621340576"
"exdqlm_univar_synth","draw_096",1496,"2022-04-27","history","-0.649889062154638"
"exdqlm_univar_synth","draw_096",1496,"2022-04-28","history","-0.0761955166601982"
"exdqlm_univar_synth","draw_096",1496,"2022-04-29","history","-0.650375995898814"
"exdqlm_univar_synth","draw_096",1496,"2022-04-30","history","-0.130424566739940"
"exdqlm_univar_synth","draw_096",1496,"2022-05-01","history","-0.379776496418408"
"exdqlm_univar_synth","draw_096",1496,"2022-05-02","history","-0.186829845743500"
"exdqlm_univar_synth","draw_096",1496,"2022-05-03","history","-0.701439691583416"
"exdqlm_univar_synth","draw_096",1496,"2022-05-04","history","-0.291169504986994"
"exdqlm_univar_synth","draw_096",1496,"2022-05-05","history","-0.212477395866661"
"exdqlm_univar_synth","draw_096",1496,"2022-05-06","history","-0.236728068846953"
"exdqlm_univar_synth","draw_096",1496,"2022-05-07","history","-0.506226297787762"
"exdqlm_univar_synth","draw_096",1496,"2022-05-08","history","-0.169309127673791"
"exdqlm_univar_synth","draw_096",1496,"2022-05-09","history","-0.651968534672894"
"exdqlm_univar_synth","draw_096",1496,"2022-05-10","history","-0.625257695461877"
"exdqlm_univar_synth","draw_096",1496,"2022-05-11","history","-0.200105916946171"
"exdqlm_univar_synth","draw_097",1512,"2022-04-23","history","-0.360680786910518"
"exdqlm_univar_synth","draw_097",1512,"2022-04-24","history","-0.420923698697716"
"exdqlm_univar_synth","draw_097",1512,"2022-04-25","history","-0.557823222280274"
"exdqlm_univar_synth","draw_097",1512,"2022-04-26","history","-0.409363309868715"
"exdqlm_univar_synth","draw_097",1512,"2022-04-27","history","-0.619895205706043"
"exdqlm_univar_synth","draw_097",1512,"2022-04-28","history","-0.661715652191208"
"exdqlm_univar_synth","draw_097",1512,"2022-04-29","history","-0.725766486673806"
"exdqlm_univar_synth","draw_097",1512,"2022-04-30","history","-0.334828582723924"
"exdqlm_univar_synth","draw_097",1512,"2022-05-01","history","-0.605983740572748"
"exdqlm_univar_synth","draw_097",1512,"2022-05-02","history","-0.628555487269112"
"exdqlm_univar_synth","draw_097",1512,"2022-05-03","history","-0.697546136167219"
"exdqlm_univar_synth","draw_097",1512,"2022-05-04","history","-0.270713227102584"
"exdqlm_univar_synth","draw_097",1512,"2022-05-05","history","-0.351927362525507"
"exdqlm_univar_synth","draw_097",1512,"2022-05-06","history","-0.342744770594348"
"exdqlm_univar_synth","draw_097",1512,"2022-05-07","history","-0.201226985664972"
"exdqlm_univar_synth","draw_097",1512,"2022-05-08","history","-0.528957694601661"
"exdqlm_univar_synth","draw_097",1512,"2022-05-09","history","-0.0989669876377752"
"exdqlm_univar_synth","draw_097",1512,"2022-05-10","history","-0.193051004395410"
"exdqlm_univar_synth","draw_097",1512,"2022-05-11","history","-0.442648653625006"
"exdqlm_univar_synth","draw_098",1528,"2022-04-23","history","-0.0945232328566014"
"exdqlm_univar_synth","draw_098",1528,"2022-04-24","history","-0.628648464499966"
"exdqlm_univar_synth","draw_098",1528,"2022-04-25","history","-0.575238631170845"
"exdqlm_univar_synth","draw_098",1528,"2022-04-26","history","-0.522979711260801"
"exdqlm_univar_synth","draw_098",1528,"2022-04-27","history","-0.323137686729144"
"exdqlm_univar_synth","draw_098",1528,"2022-04-28","history","-0.409576371539488"
"exdqlm_univar_synth","draw_098",1528,"2022-04-29","history","-0.00318923867956357"
"exdqlm_univar_synth","draw_098",1528,"2022-04-30","history","-0.549975046166756"
"exdqlm_univar_synth","draw_098",1528,"2022-05-01","history","-0.411619989247645"
"exdqlm_univar_synth","draw_098",1528,"2022-05-02","history","-0.608335361444163"
"exdqlm_univar_synth","draw_098",1528,"2022-05-03","history","-0.273419264169259"
"exdqlm_univar_synth","draw_098",1528,"2022-05-04","history","-0.304850404709255"
"exdqlm_univar_synth","draw_098",1528,"2022-05-05","history","-0.0616517175032612"
"exdqlm_univar_synth","draw_098",1528,"2022-05-06","history","-0.700135307970287"
"exdqlm_univar_synth","draw_098",1528,"2022-05-07","history","-0.188283487780651"
"exdqlm_univar_synth","draw_098",1528,"2022-05-08","history","-0.773696089321414"
"exdqlm_univar_synth","draw_098",1528,"2022-05-09","history","-0.780385120806391"
"exdqlm_univar_synth","draw_098",1528,"2022-05-10","history","-0.588416374827617"
"exdqlm_univar_synth","draw_098",1528,"2022-05-11","history","-0.570041615015542"
"exdqlm_univar_synth","draw_099",1544,"2022-04-23","history","-0.348278838191108"
"exdqlm_univar_synth","draw_099",1544,"2022-04-24","history","-0.516705057353161"
"exdqlm_univar_synth","draw_099",1544,"2022-04-25","history","-0.481959481661693"
"exdqlm_univar_synth","draw_099",1544,"2022-04-26","history","-0.235733241726417"
"exdqlm_univar_synth","draw_099",1544,"2022-04-27","history","-0.279689906525313"
"exdqlm_univar_synth","draw_099",1544,"2022-04-28","history","-0.475593641458904"
"exdqlm_univar_synth","draw_099",1544,"2022-04-29","history","-0.475258456945573"
"exdqlm_univar_synth","draw_099",1544,"2022-04-30","history","-0.530426197521570"
"exdqlm_univar_synth","draw_099",1544,"2022-05-01","history","-0.540656252531371"
"exdqlm_univar_synth","draw_099",1544,"2022-05-02","history","-0.537729655237365"
"exdqlm_univar_synth","draw_099",1544,"2022-05-03","history","-0.173611893685980"
"exdqlm_univar_synth","draw_099",1544,"2022-05-04","history","-0.227323604787090"
"exdqlm_univar_synth","draw_099",1544,"2022-05-05","history","-0.305506280681070"
"exdqlm_univar_synth","draw_099",1544,"2022-05-06","history","-0.501730990198393"
"exdqlm_univar_synth","draw_099",1544,"2022-05-07","history","-0.264481717320897"
"exdqlm_univar_synth","draw_099",1544,"2022-05-08","history","-0.725191144985928"
"exdqlm_univar_synth","draw_099",1544,"2022-05-09","history","-0.567199640431074"
"exdqlm_univar_synth","draw_099",1544,"2022-05-10","history","-0.492828624101638"
"exdqlm_univar_synth","draw_099",1544,"2022-05-11","history","-0.339462135182957"
"exdqlm_univar_synth","draw_100",1559,"2022-04-23","history","-0.218336359879295"
"exdqlm_univar_synth","draw_100",1559,"2022-04-24","history","-0.364058413259173"
"exdqlm_univar_synth","draw_100",1559,"2022-04-25","history","-0.352352569207334"
"exdqlm_univar_synth","draw_100",1559,"2022-04-26","history","-0.493494867992595"
"exdqlm_univar_synth","draw_100",1559,"2022-04-27","history","-0.237257923775251"
"exdqlm_univar_synth","draw_100",1559,"2022-04-28","history","-0.451043015967469"
"exdqlm_univar_synth","draw_100",1559,"2022-04-29","history","-0.318928700382241"
"exdqlm_univar_synth","draw_100",1559,"2022-04-30","history","-0.275064700127353"
"exdqlm_univar_synth","draw_100",1559,"2022-05-01","history","-0.501553829724162"
"exdqlm_univar_synth","draw_100",1559,"2022-05-02","history","-0.159986086832592"
"exdqlm_univar_synth","draw_100",1559,"2022-05-03","history","-0.558403771902451"
"exdqlm_univar_synth","draw_100",1559,"2022-05-04","history","-0.268399564085087"
"exdqlm_univar_synth","draw_100",1559,"2022-05-05","history","-0.448617931214532"
"exdqlm_univar_synth","draw_100",1559,"2022-05-06","history","-0.565585345716460"
"exdqlm_univar_synth","draw_100",1559,"2022-05-07","history","-0.211293836176285"
"exdqlm_univar_synth","draw_100",1559,"2022-05-08","history","-0.321094980210706"
"exdqlm_univar_synth","draw_100",1559,"2022-05-09","history","-0.474342134212671"
"exdqlm_univar_synth","draw_100",1559,"2022-05-10","history","-0.791354813664049"
"exdqlm_univar_synth","draw_100",1559,"2022-05-11","history","-0.478362031517495"
"exdqlm_univar_synth","draw_101",1575,"2022-04-23","history","0.0461353720989515"
"exdqlm_univar_synth","draw_101",1575,"2022-04-24","history","-0.361675096807973"
"exdqlm_univar_synth","draw_101",1575,"2022-04-25","history","-0.660424217608174"
"exdqlm_univar_synth","draw_101",1575,"2022-04-26","history","-0.584544899323489"
"exdqlm_univar_synth","draw_101",1575,"2022-04-27","history","-0.786549455507749"
"exdqlm_univar_synth","draw_101",1575,"2022-04-28","history","-0.653630185015287"
"exdqlm_univar_synth","draw_101",1575,"2022-04-29","history","-0.438288940730058"
"exdqlm_univar_synth","draw_101",1575,"2022-04-30","history","-0.551848439453265"
"exdqlm_univar_synth","draw_101",1575,"2022-05-01","history","-0.163955928819926"
"exdqlm_univar_synth","draw_101",1575,"2022-05-02","history","-0.623901133163479"
"exdqlm_univar_synth","draw_101",1575,"2022-05-03","history","0.155489419830405"
"exdqlm_univar_synth","draw_101",1575,"2022-05-04","history","-0.758651320620894"
"exdqlm_univar_synth","draw_101",1575,"2022-05-05","history","-0.452715951268036"
"exdqlm_univar_synth","draw_101",1575,"2022-05-06","history","-0.297159476451280"
"exdqlm_univar_synth","draw_101",1575,"2022-05-07","history","-0.358132105083877"
"exdqlm_univar_synth","draw_101",1575,"2022-05-08","history","-0.189539345430581"
"exdqlm_univar_synth","draw_101",1575,"2022-05-09","history","-0.609124444961507"
"exdqlm_univar_synth","draw_101",1575,"2022-05-10","history","-0.247767889178706"
"exdqlm_univar_synth","draw_101",1575,"2022-05-11","history","-0.361201003591958"
"exdqlm_univar_synth","draw_102",1591,"2022-04-23","history","-0.345983780714417"
"exdqlm_univar_synth","draw_102",1591,"2022-04-24","history","-0.555018221350780"
"exdqlm_univar_synth","draw_102",1591,"2022-04-25","history","-0.139629100108899"
"exdqlm_univar_synth","draw_102",1591,"2022-04-26","history","-0.559227563571484"
"exdqlm_univar_synth","draw_102",1591,"2022-04-27","history","-0.290868055281009"
"exdqlm_univar_synth","draw_102",1591,"2022-04-28","history","-0.725656094476689"
"exdqlm_univar_synth","draw_102",1591,"2022-04-29","history","-0.568566001513203"
"exdqlm_univar_synth","draw_102",1591,"2022-04-30","history","-0.554708502903522"
"exdqlm_univar_synth","draw_102",1591,"2022-05-01","history","-0.393460560619867"
"exdqlm_univar_synth","draw_102",1591,"2022-05-02","history","-0.114730514027065"
"exdqlm_univar_synth","draw_102",1591,"2022-05-03","history","-0.222754805942551"
"exdqlm_univar_synth","draw_102",1591,"2022-05-04","history","-0.526009677268054"
"exdqlm_univar_synth","draw_102",1591,"2022-05-05","history","-0.683106115542887"
"exdqlm_univar_synth","draw_102",1591,"2022-05-06","history","-0.170383851333312"
"exdqlm_univar_synth","draw_102",1591,"2022-05-07","history","-0.467607393816733"
"exdqlm_univar_synth","draw_102",1591,"2022-05-08","history","-0.447150970994669"
"exdqlm_univar_synth","draw_102",1591,"2022-05-09","history","-0.581399351964940"
"exdqlm_univar_synth","draw_102",1591,"2022-05-10","history","-0.582554387073856"
"exdqlm_univar_synth","draw_102",1591,"2022-05-11","history","-0.343736532409568"
"exdqlm_univar_synth","draw_103",1606,"2022-04-23","history","-0.490545528603852"
"exdqlm_univar_synth","draw_103",1606,"2022-04-24","history","-0.617249109120045"
"exdqlm_univar_synth","draw_103",1606,"2022-04-25","history","-0.256573054006502"
"exdqlm_univar_synth","draw_103",1606,"2022-04-26","history","-0.0762550664211093"
"exdqlm_univar_synth","draw_103",1606,"2022-04-27","history","-0.725413128369019"
"exdqlm_univar_synth","draw_103",1606,"2022-04-28","history","-0.669319983478648"
"exdqlm_univar_synth","draw_103",1606,"2022-04-29","history","-0.329670144234185"
"exdqlm_univar_synth","draw_103",1606,"2022-04-30","history","-0.320688077761912"
"exdqlm_univar_synth","draw_103",1606,"2022-05-01","history","-0.710033010480856"
"exdqlm_univar_synth","draw_103",1606,"2022-05-02","history","-0.518713184753631"
"exdqlm_univar_synth","draw_103",1606,"2022-05-03","history","-0.460161255373926"
"exdqlm_univar_synth","draw_103",1606,"2022-05-04","history","-0.714915626585402"
"exdqlm_univar_synth","draw_103",1606,"2022-05-05","history","-0.401256009010008"
"exdqlm_univar_synth","draw_103",1606,"2022-05-06","history","-0.299259492360223"
"exdqlm_univar_synth","draw_103",1606,"2022-05-07","history","-0.223286495532228"
"exdqlm_univar_synth","draw_103",1606,"2022-05-08","history","-0.765459105390578"
"exdqlm_univar_synth","draw_103",1606,"2022-05-09","history","-0.160741289885683"
"exdqlm_univar_synth","draw_103",1606,"2022-05-10","history","-0.582493994647252"
"exdqlm_univar_synth","draw_103",1606,"2022-05-11","history","-0.155529579236766"
"exdqlm_univar_synth","draw_104",1622,"2022-04-23","history","-0.366480469282431"
"exdqlm_univar_synth","draw_104",1622,"2022-04-24","history","-0.562812421833538"
"exdqlm_univar_synth","draw_104",1622,"2022-04-25","history","-0.488036568446705"
"exdqlm_univar_synth","draw_104",1622,"2022-04-26","history","-0.726802817351616"
"exdqlm_univar_synth","draw_104",1622,"2022-04-27","history","-0.340806849035035"
"exdqlm_univar_synth","draw_104",1622,"2022-04-28","history","-0.155541212604258"
"exdqlm_univar_synth","draw_104",1622,"2022-04-29","history","-0.495465940881190"
"exdqlm_univar_synth","draw_104",1622,"2022-04-30","history","-0.122549833473298"
"exdqlm_univar_synth","draw_104",1622,"2022-05-01","history","-0.759269751548079"
"exdqlm_univar_synth","draw_104",1622,"2022-05-02","history","-0.431278783571533"
"exdqlm_univar_synth","draw_104",1622,"2022-05-03","history","-0.0925466939666760"
"exdqlm_univar_synth","draw_104",1622,"2022-05-04","history","-0.200039357630940"
"exdqlm_univar_synth","draw_104",1622,"2022-05-05","history","-0.762925157863123"
"exdqlm_univar_synth","draw_104",1622,"2022-05-06","history","-0.156717972170430"
"exdqlm_univar_synth","draw_104",1622,"2022-05-07","history","-0.632045681220901"
"exdqlm_univar_synth","draw_104",1622,"2022-05-08","history","-0.756881116025262"
"exdqlm_univar_synth","draw_104",1622,"2022-05-09","history","-0.211676425727090"
"exdqlm_univar_synth","draw_104",1622,"2022-05-10","history","-0.589491864759388"
"exdqlm_univar_synth","draw_104",1622,"2022-05-11","history","-0.673023973341312"
"exdqlm_univar_synth","draw_105",1638,"2022-04-23","history","-0.294597580612059"
"exdqlm_univar_synth","draw_105",1638,"2022-04-24","history","-0.304067961201804"
"exdqlm_univar_synth","draw_105",1638,"2022-04-25","history","-0.222173973811884"
"exdqlm_univar_synth","draw_105",1638,"2022-04-26","history","-0.290144684960152"
"exdqlm_univar_synth","draw_105",1638,"2022-04-27","history","-0.129745093347538"
"exdqlm_univar_synth","draw_105",1638,"2022-04-28","history","-0.308274123671089"
"exdqlm_univar_synth","draw_105",1638,"2022-04-29","history","-0.327277435160215"
"exdqlm_univar_synth","draw_105",1638,"2022-04-30","history","-0.582269848120616"
"exdqlm_univar_synth","draw_105",1638,"2022-05-01","history","-0.193507635111958"
"exdqlm_univar_synth","draw_105",1638,"2022-05-02","history","-0.277549407371036"
"exdqlm_univar_synth","draw_105",1638,"2022-05-03","history","-0.558092635880891"
"exdqlm_univar_synth","draw_105",1638,"2022-05-04","history","-0.276864887872905"
"exdqlm_univar_synth","draw_105",1638,"2022-05-05","history","-0.415705665838534"
"exdqlm_univar_synth","draw_105",1638,"2022-05-06","history","-0.376018918991120"
"exdqlm_univar_synth","draw_105",1638,"2022-05-07","history","-0.796733078054677"
"exdqlm_univar_synth","draw_105",1638,"2022-05-08","history","-0.661764374234861"
"exdqlm_univar_synth","draw_105",1638,"2022-05-09","history","-0.364410999626078"
"exdqlm_univar_synth","draw_105",1638,"2022-05-10","history","-0.323349634000771"
"exdqlm_univar_synth","draw_105",1638,"2022-05-11","history","-0.612061217356844"
"exdqlm_univar_synth","draw_106",1654,"2022-04-23","history","-0.0695338362081125"
"exdqlm_univar_synth","draw_106",1654,"2022-04-24","history","-0.405172950443418"
"exdqlm_univar_synth","draw_106",1654,"2022-04-25","history","-0.791641231732505"
"exdqlm_univar_synth","draw_106",1654,"2022-04-26","history","-0.188914268323168"
"exdqlm_univar_synth","draw_106",1654,"2022-04-27","history","-0.467453756346654"
"exdqlm_univar_synth","draw_106",1654,"2022-04-28","history","-0.389193678670324"
"exdqlm_univar_synth","draw_106",1654,"2022-04-29","history","-0.673802039869290"
"exdqlm_univar_synth","draw_106",1654,"2022-04-30","history","-0.499976690605463"
"exdqlm_univar_synth","draw_106",1654,"2022-05-01","history","-0.187251624068163"
"exdqlm_univar_synth","draw_106",1654,"2022-05-02","history","-0.531754270384760"
"exdqlm_univar_synth","draw_106",1654,"2022-05-03","history","-0.499612445307819"
"exdqlm_univar_synth","draw_106",1654,"2022-05-04","history","-0.513865321997474"
"exdqlm_univar_synth","draw_106",1654,"2022-05-05","history","-0.709258085189983"
"exdqlm_univar_synth","draw_106",1654,"2022-05-06","history","-0.346217053095715"
"exdqlm_univar_synth","draw_106",1654,"2022-05-07","history","-0.228304512258508"
"exdqlm_univar_synth","draw_106",1654,"2022-05-08","history","-0.606114905884250"
"exdqlm_univar_synth","draw_106",1654,"2022-05-09","history","-0.846784733817685"
"exdqlm_univar_synth","draw_106",1654,"2022-05-10","history","-0.530897609000134"
"exdqlm_univar_synth","draw_106",1654,"2022-05-11","history","-0.314151233927725"
"exdqlm_univar_synth","draw_107",1669,"2022-04-23","history","-0.294429886183536"
"exdqlm_univar_synth","draw_107",1669,"2022-04-24","history","-0.226327029074718"
"exdqlm_univar_synth","draw_107",1669,"2022-04-25","history","-0.320177864223238"
"exdqlm_univar_synth","draw_107",1669,"2022-04-26","history","-0.609381358670927"
"exdqlm_univar_synth","draw_107",1669,"2022-04-27","history","-0.483864235944127"
"exdqlm_univar_synth","draw_107",1669,"2022-04-28","history","-0.228947241372814"
"exdqlm_univar_synth","draw_107",1669,"2022-04-29","history","-0.393485473525264"
"exdqlm_univar_synth","draw_107",1669,"2022-04-30","history","-0.222416684848894"
"exdqlm_univar_synth","draw_107",1669,"2022-05-01","history","-0.296105190947462"
"exdqlm_univar_synth","draw_107",1669,"2022-05-02","history","-0.692859198402856"
"exdqlm_univar_synth","draw_107",1669,"2022-05-03","history","-0.567270667654240"
"exdqlm_univar_synth","draw_107",1669,"2022-05-04","history","-0.559158367364058"
"exdqlm_univar_synth","draw_107",1669,"2022-05-05","history","-0.0474709522926889"
"exdqlm_univar_synth","draw_107",1669,"2022-05-06","history","-0.663164462653382"
"exdqlm_univar_synth","draw_107",1669,"2022-05-07","history","-0.322574489675539"
"exdqlm_univar_synth","draw_107",1669,"2022-05-08","history","-0.315608484570230"
"exdqlm_univar_synth","draw_107",1669,"2022-05-09","history","-0.457855669748436"
"exdqlm_univar_synth","draw_107",1669,"2022-05-10","history","-0.339638679742800"
"exdqlm_univar_synth","draw_107",1669,"2022-05-11","history","-0.754573149720145"
"exdqlm_univar_synth","draw_108",1685,"2022-04-23","history","-0.348246386083053"
"exdqlm_univar_synth","draw_108",1685,"2022-04-24","history","-0.610734040219674"
"exdqlm_univar_synth","draw_108",1685,"2022-04-25","history","-0.893717295056415"
"exdqlm_univar_synth","draw_108",1685,"2022-04-26","history","-0.732822873402589"
"exdqlm_univar_synth","draw_108",1685,"2022-04-27","history","-0.330027670279757"
"exdqlm_univar_synth","draw_108",1685,"2022-04-28","history","-0.0862225651928159"
"exdqlm_univar_synth","draw_108",1685,"2022-04-29","history","-0.693059227524544"
"exdqlm_univar_synth","draw_108",1685,"2022-04-30","history","-0.321212360476340"
"exdqlm_univar_synth","draw_108",1685,"2022-05-01","history","-0.461116672075870"
"exdqlm_univar_synth","draw_108",1685,"2022-05-02","history","-0.340628846872977"
"exdqlm_univar_synth","draw_108",1685,"2022-05-03","history","-0.310769630869370"
"exdqlm_univar_synth","draw_108",1685,"2022-05-04","history","-0.446927253751723"
"exdqlm_univar_synth","draw_108",1685,"2022-05-05","history","-0.623575360950983"
"exdqlm_univar_synth","draw_108",1685,"2022-05-06","history","-0.447498645138346"
"exdqlm_univar_synth","draw_108",1685,"2022-05-07","history","-0.444595100707684"
"exdqlm_univar_synth","draw_108",1685,"2022-05-08","history","-0.278711272987904"
"exdqlm_univar_synth","draw_108",1685,"2022-05-09","history","-0.212590877955937"
"exdqlm_univar_synth","draw_108",1685,"2022-05-10","history","-0.558233104181367"
"exdqlm_univar_synth","draw_108",1685,"2022-05-11","history","-0.771320546580505"
"exdqlm_univar_synth","draw_109",1701,"2022-04-23","history","-0.374510932600876"
"exdqlm_univar_synth","draw_109",1701,"2022-04-24","history","-0.566899130164725"
"exdqlm_univar_synth","draw_109",1701,"2022-04-25","history","-0.179131921073888"
"exdqlm_univar_synth","draw_109",1701,"2022-04-26","history","-0.687042002995751"
"exdqlm_univar_synth","draw_109",1701,"2022-04-27","history","-0.178427446857516"
"exdqlm_univar_synth","draw_109",1701,"2022-04-28","history","-0.367942042836433"
"exdqlm_univar_synth","draw_109",1701,"2022-04-29","history","-0.293107015414282"
"exdqlm_univar_synth","draw_109",1701,"2022-04-30","history","-0.686259239192830"
"exdqlm_univar_synth","draw_109",1701,"2022-05-01","history","-0.597675242736612"
"exdqlm_univar_synth","draw_109",1701,"2022-05-02","history","-0.230599564598765"
"exdqlm_univar_synth","draw_109",1701,"2022-05-03","history","-0.344491297068321"
"exdqlm_univar_synth","draw_109",1701,"2022-05-04","history","-0.474027873274701"
"exdqlm_univar_synth","draw_109",1701,"2022-05-05","history","-0.346763230975694"
"exdqlm_univar_synth","draw_109",1701,"2022-05-06","history","-0.801829344069714"
"exdqlm_univar_synth","draw_109",1701,"2022-05-07","history","-0.494397555626388"
"exdqlm_univar_synth","draw_109",1701,"2022-05-08","history","-0.121432061917960"
"exdqlm_univar_synth","draw_109",1701,"2022-05-09","history","-0.411533615524439"
"exdqlm_univar_synth","draw_109",1701,"2022-05-10","history","-0.364517601219566"
"exdqlm_univar_synth","draw_109",1701,"2022-05-11","history","-0.565788085674791"
"exdqlm_univar_synth","draw_110",1717,"2022-04-23","history","-0.343237752911867"
"exdqlm_univar_synth","draw_110",1717,"2022-04-24","history","-0.197558831112972"
"exdqlm_univar_synth","draw_110",1717,"2022-04-25","history","-0.318987561304754"
"exdqlm_univar_synth","draw_110",1717,"2022-04-26","history","-0.532080021266805"
"exdqlm_univar_synth","draw_110",1717,"2022-04-27","history","-0.721279416790661"
"exdqlm_univar_synth","draw_110",1717,"2022-04-28","history","0.110628260230542"
"exdqlm_univar_synth","draw_110",1717,"2022-04-29","history","-0.310344242003851"
"exdqlm_univar_synth","draw_110",1717,"2022-04-30","history","-0.688779699339765"
"exdqlm_univar_synth","draw_110",1717,"2022-05-01","history","-0.278760358122440"
"exdqlm_univar_synth","draw_110",1717,"2022-05-02","history","-0.333728190600184"
"exdqlm_univar_synth","draw_110",1717,"2022-05-03","history","-0.284611349090239"
"exdqlm_univar_synth","draw_110",1717,"2022-05-04","history","-0.552218508729443"
"exdqlm_univar_synth","draw_110",1717,"2022-05-05","history","-0.307335733095229"
"exdqlm_univar_synth","draw_110",1717,"2022-05-06","history","-0.319381398408554"
"exdqlm_univar_synth","draw_110",1717,"2022-05-07","history","-0.790264451794963"
"exdqlm_univar_synth","draw_110",1717,"2022-05-08","history","-0.783082019477064"
"exdqlm_univar_synth","draw_110",1717,"2022-05-09","history","-0.147256855332490"
"exdqlm_univar_synth","draw_110",1717,"2022-05-10","history","-0.679553005045870"
"exdqlm_univar_synth","draw_110",1717,"2022-05-11","history","-1.00373978038099"
"exdqlm_univar_synth","draw_111",1732,"2022-04-23","history","0.0483901607238639"
"exdqlm_univar_synth","draw_111",1732,"2022-04-24","history","-0.606847537544847"
"exdqlm_univar_synth","draw_111",1732,"2022-04-25","history","-0.478675877748350"
"exdqlm_univar_synth","draw_111",1732,"2022-04-26","history","-0.322956989784834"
"exdqlm_univar_synth","draw_111",1732,"2022-04-27","history","-0.296239564708490"
"exdqlm_univar_synth","draw_111",1732,"2022-04-28","history","-0.366312420979050"
"exdqlm_univar_synth","draw_111",1732,"2022-04-29","history","-0.513517803435998"
"exdqlm_univar_synth","draw_111",1732,"2022-04-30","history","-0.612143516280295"
"exdqlm_univar_synth","draw_111",1732,"2022-05-01","history","-0.341534977259496"
"exdqlm_univar_synth","draw_111",1732,"2022-05-02","history","-0.478372985810325"
"exdqlm_univar_synth","draw_111",1732,"2022-05-03","history","-0.517750738869333"
"exdqlm_univar_synth","draw_111",1732,"2022-05-04","history","-0.0641477213047148"
"exdqlm_univar_synth","draw_111",1732,"2022-05-05","history","-0.640675360648932"
"exdqlm_univar_synth","draw_111",1732,"2022-05-06","history","-0.203386175004816"
"exdqlm_univar_synth","draw_111",1732,"2022-05-07","history","-0.346748153864584"
"exdqlm_univar_synth","draw_111",1732,"2022-05-08","history","-0.197952346599869"
"exdqlm_univar_synth","draw_111",1732,"2022-05-09","history","-0.389544116940467"
"exdqlm_univar_synth","draw_111",1732,"2022-05-10","history","-0.571971794663223"
"exdqlm_univar_synth","draw_111",1732,"2022-05-11","history","-0.439548629209598"
"exdqlm_univar_synth","draw_112",1748,"2022-04-23","history","-0.378186249535974"
"exdqlm_univar_synth","draw_112",1748,"2022-04-24","history","-0.400626168118853"
"exdqlm_univar_synth","draw_112",1748,"2022-04-25","history","-0.390669087539969"
"exdqlm_univar_synth","draw_112",1748,"2022-04-26","history","-0.270656949810968"
"exdqlm_univar_synth","draw_112",1748,"2022-04-27","history","-0.551770895963685"
"exdqlm_univar_synth","draw_112",1748,"2022-04-28","history","-0.599800509539651"
"exdqlm_univar_synth","draw_112",1748,"2022-04-29","history","-0.703981085182985"
"exdqlm_univar_synth","draw_112",1748,"2022-04-30","history","-0.705620495194381"
"exdqlm_univar_synth","draw_112",1748,"2022-05-01","history","-0.651939895855831"
"exdqlm_univar_synth","draw_112",1748,"2022-05-02","history","-0.344990714845313"
"exdqlm_univar_synth","draw_112",1748,"2022-05-03","history","-0.312210820564609"
"exdqlm_univar_synth","draw_112",1748,"2022-05-04","history","-0.314710757488438"
"exdqlm_univar_synth","draw_112",1748,"2022-05-05","history","-0.136466404990391"
"exdqlm_univar_synth","draw_112",1748,"2022-05-06","history","-0.653179751799929"
"exdqlm_univar_synth","draw_112",1748,"2022-05-07","history","-0.362780548008332"
"exdqlm_univar_synth","draw_112",1748,"2022-05-08","history","-0.457681078782468"
"exdqlm_univar_synth","draw_112",1748,"2022-05-09","history","-0.404865888493830"
"exdqlm_univar_synth","draw_112",1748,"2022-05-10","history","-0.592246655020926"
"exdqlm_univar_synth","draw_112",1748,"2022-05-11","history","-0.489999926946347"
"exdqlm_univar_synth","draw_113",1764,"2022-04-23","history","-0.439483133469458"
"exdqlm_univar_synth","draw_113",1764,"2022-04-24","history","-0.317925132340216"
"exdqlm_univar_synth","draw_113",1764,"2022-04-25","history","-0.396263623325268"
"exdqlm_univar_synth","draw_113",1764,"2022-04-26","history","-0.309985573026249"
"exdqlm_univar_synth","draw_113",1764,"2022-04-27","history","-0.568289279449864"
"exdqlm_univar_synth","draw_113",1764,"2022-04-28","history","-0.291696271990804"
"exdqlm_univar_synth","draw_113",1764,"2022-04-29","history","-0.454305138739312"
"exdqlm_univar_synth","draw_113",1764,"2022-04-30","history","-0.287327435546999"
"exdqlm_univar_synth","draw_113",1764,"2022-05-01","history","-0.173943225898772"
"exdqlm_univar_synth","draw_113",1764,"2022-05-02","history","-0.547290565596300"
"exdqlm_univar_synth","draw_113",1764,"2022-05-03","history","-0.639173376432522"
"exdqlm_univar_synth","draw_113",1764,"2022-05-04","history","-0.510408745763807"
"exdqlm_univar_synth","draw_113",1764,"2022-05-05","history","-0.519977505038009"
"exdqlm_univar_synth","draw_113",1764,"2022-05-06","history","-0.550870313810890"
"exdqlm_univar_synth","draw_113",1764,"2022-05-07","history","-0.598694302873064"
"exdqlm_univar_synth","draw_113",1764,"2022-05-08","history","-0.534962558270542"
"exdqlm_univar_synth","draw_113",1764,"2022-05-09","history","-0.542722176413978"
"exdqlm_univar_synth","draw_113",1764,"2022-05-10","history","-0.639937082721448"
"exdqlm_univar_synth","draw_113",1764,"2022-05-11","history","-0.406408543708523"
"exdqlm_univar_synth","draw_114",1780,"2022-04-23","history","-0.488574569722492"
"exdqlm_univar_synth","draw_114",1780,"2022-04-24","history","-0.736936559035083"
"exdqlm_univar_synth","draw_114",1780,"2022-04-25","history","-0.292906084810494"
"exdqlm_univar_synth","draw_114",1780,"2022-04-26","history","-0.402893967221725"
"exdqlm_univar_synth","draw_114",1780,"2022-04-27","history","-0.296952500364737"
"exdqlm_univar_synth","draw_114",1780,"2022-04-28","history","-0.285323894757259"
"exdqlm_univar_synth","draw_114",1780,"2022-04-29","history","-0.221989413058569"
"exdqlm_univar_synth","draw_114",1780,"2022-04-30","history","-0.544953013655527"
"exdqlm_univar_synth","draw_114",1780,"2022-05-01","history","-0.0994625996775321"
"exdqlm_univar_synth","draw_114",1780,"2022-05-02","history","-0.222669871604974"
"exdqlm_univar_synth","draw_114",1780,"2022-05-03","history","-0.539648898763794"
"exdqlm_univar_synth","draw_114",1780,"2022-05-04","history","-0.789484203996370"
"exdqlm_univar_synth","draw_114",1780,"2022-05-05","history","-0.572322456801874"
"exdqlm_univar_synth","draw_114",1780,"2022-05-06","history","-0.445390187213515"
"exdqlm_univar_synth","draw_114",1780,"2022-05-07","history","-0.271281661952369"
"exdqlm_univar_synth","draw_114",1780,"2022-05-08","history","-0.763610822484888"
"exdqlm_univar_synth","draw_114",1780,"2022-05-09","history","-0.444950606992164"
"exdqlm_univar_synth","draw_114",1780,"2022-05-10","history","-0.623810607084726"
"exdqlm_univar_synth","draw_114",1780,"2022-05-11","history","-0.394873467132753"
"exdqlm_univar_synth","draw_115",1795,"2022-04-23","history","-0.226242558506815"
"exdqlm_univar_synth","draw_115",1795,"2022-04-24","history","-0.626762663928333"
"exdqlm_univar_synth","draw_115",1795,"2022-04-25","history","-0.430035465010659"
"exdqlm_univar_synth","draw_115",1795,"2022-04-26","history","-0.458935560156764"
"exdqlm_univar_synth","draw_115",1795,"2022-04-27","history","-0.359494915759680"
"exdqlm_univar_synth","draw_115",1795,"2022-04-28","history","-0.112036241950508"
"exdqlm_univar_synth","draw_115",1795,"2022-04-29","history","-0.463449874765529"
"exdqlm_univar_synth","draw_115",1795,"2022-04-30","history","-0.450567945162636"
"exdqlm_univar_synth","draw_115",1795,"2022-05-01","history","-0.505420280224301"
"exdqlm_univar_synth","draw_115",1795,"2022-05-02","history","-0.396414111262738"
"exdqlm_univar_synth","draw_115",1795,"2022-05-03","history","-0.525035741922990"
"exdqlm_univar_synth","draw_115",1795,"2022-05-04","history","-0.546136842982356"
"exdqlm_univar_synth","draw_115",1795,"2022-05-05","history","-0.811489354481992"
"exdqlm_univar_synth","draw_115",1795,"2022-05-06","history","-0.174912624861187"
"exdqlm_univar_synth","draw_115",1795,"2022-05-07","history","-0.516674164658746"
"exdqlm_univar_synth","draw_115",1795,"2022-05-08","history","0.0392134318678108"
"exdqlm_univar_synth","draw_115",1795,"2022-05-09","history","-0.414996769386723"
"exdqlm_univar_synth","draw_115",1795,"2022-05-10","history","-0.537616076199910"
"exdqlm_univar_synth","draw_115",1795,"2022-05-11","history","-0.380587561781659"
"exdqlm_univar_synth","draw_116",1811,"2022-04-23","history","-0.191254449477803"
"exdqlm_univar_synth","draw_116",1811,"2022-04-24","history","-0.499406315849839"
"exdqlm_univar_synth","draw_116",1811,"2022-04-25","history","-0.304463317773161"
"exdqlm_univar_synth","draw_116",1811,"2022-04-26","history","-0.504364730853612"
"exdqlm_univar_synth","draw_116",1811,"2022-04-27","history","-0.469590768214560"
"exdqlm_univar_synth","draw_116",1811,"2022-04-28","history","-0.605673472386397"
"exdqlm_univar_synth","draw_116",1811,"2022-04-29","history","-0.290024936442103"
"exdqlm_univar_synth","draw_116",1811,"2022-04-30","history","-0.457802955696242"
"exdqlm_univar_synth","draw_116",1811,"2022-05-01","history","-0.101637093926717"
"exdqlm_univar_synth","draw_116",1811,"2022-05-02","history","-0.292778606829348"
"exdqlm_univar_synth","draw_116",1811,"2022-05-03","history","-0.512598597272401"
"exdqlm_univar_synth","draw_116",1811,"2022-05-04","history","-0.272894563473577"
"exdqlm_univar_synth","draw_116",1811,"2022-05-05","history","-0.643462090339756"
"exdqlm_univar_synth","draw_116",1811,"2022-05-06","history","-0.390340547625083"
"exdqlm_univar_synth","draw_116",1811,"2022-05-07","history","-0.164989742220618"
"exdqlm_univar_synth","draw_116",1811,"2022-05-08","history","-0.421799123035710"
"exdqlm_univar_synth","draw_116",1811,"2022-05-09","history","-0.415793286138030"
"exdqlm_univar_synth","draw_116",1811,"2022-05-10","history","-0.769843402958991"
"exdqlm_univar_synth","draw_116",1811,"2022-05-11","history","-0.358188331033639"
"exdqlm_univar_synth","draw_117",1827,"2022-04-23","history","-0.0532031877313255"
"exdqlm_univar_synth","draw_117",1827,"2022-04-24","history","-0.519961680465431"
"exdqlm_univar_synth","draw_117",1827,"2022-04-25","history","-0.433870892963228"
"exdqlm_univar_synth","draw_117",1827,"2022-04-26","history","-0.365135247495895"
"exdqlm_univar_synth","draw_117",1827,"2022-04-27","history","-0.276790085557184"
"exdqlm_univar_synth","draw_117",1827,"2022-04-28","history","-0.481092336654476"
"exdqlm_univar_synth","draw_117",1827,"2022-04-29","history","-0.447002720705320"
"exdqlm_univar_synth","draw_117",1827,"2022-04-30","history","-0.243676423726072"
"exdqlm_univar_synth","draw_117",1827,"2022-05-01","history","-0.672642163196807"
"exdqlm_univar_synth","draw_117",1827,"2022-05-02","history","-0.181889084883502"
"exdqlm_univar_synth","draw_117",1827,"2022-05-03","history","-0.347946107533873"
"exdqlm_univar_synth","draw_117",1827,"2022-05-04","history","-0.516515029651751"
"exdqlm_univar_synth","draw_117",1827,"2022-05-05","history","-0.720747838648362"
"exdqlm_univar_synth","draw_117",1827,"2022-05-06","history","-0.545894167031172"
"exdqlm_univar_synth","draw_117",1827,"2022-05-07","history","-0.662597988824253"
"exdqlm_univar_synth","draw_117",1827,"2022-05-08","history","-0.337397789433110"
"exdqlm_univar_synth","draw_117",1827,"2022-05-09","history","-0.568850867259057"
"exdqlm_univar_synth","draw_117",1827,"2022-05-10","history","-0.346233651441498"
"exdqlm_univar_synth","draw_117",1827,"2022-05-11","history","-0.359610563879146"
"exdqlm_univar_synth","draw_118",1843,"2022-04-23","history","-0.464498096746903"
"exdqlm_univar_synth","draw_118",1843,"2022-04-24","history","-0.594631354082100"
"exdqlm_univar_synth","draw_118",1843,"2022-04-25","history","0.0624376260211421"
"exdqlm_univar_synth","draw_118",1843,"2022-04-26","history","-0.380534540356444"
"exdqlm_univar_synth","draw_118",1843,"2022-04-27","history","-0.719616380193713"
"exdqlm_univar_synth","draw_118",1843,"2022-04-28","history","-0.292100529664122"
"exdqlm_univar_synth","draw_118",1843,"2022-04-29","history","-0.379888964323544"
"exdqlm_univar_synth","draw_118",1843,"2022-04-30","history","-0.667134443511030"
"exdqlm_univar_synth","draw_118",1843,"2022-05-01","history","-0.472653407631309"
"exdqlm_univar_synth","draw_118",1843,"2022-05-02","history","-0.217675776417157"
"exdqlm_univar_synth","draw_118",1843,"2022-05-03","history","-0.223703800825816"
"exdqlm_univar_synth","draw_118",1843,"2022-05-04","history","-0.331381828517596"
"exdqlm_univar_synth","draw_118",1843,"2022-05-05","history","-0.532174123126166"
"exdqlm_univar_synth","draw_118",1843,"2022-05-06","history","-0.567392219225653"
"exdqlm_univar_synth","draw_118",1843,"2022-05-07","history","-0.214200768765308"
"exdqlm_univar_synth","draw_118",1843,"2022-05-08","history","-0.295057159443791"
"exdqlm_univar_synth","draw_118",1843,"2022-05-09","history","-0.564611242271051"
"exdqlm_univar_synth","draw_118",1843,"2022-05-10","history","-0.322425421632005"
"exdqlm_univar_synth","draw_118",1843,"2022-05-11","history","-0.593397920420197"
"exdqlm_univar_synth","draw_119",1858,"2022-04-23","history","-0.0852289578862216"
"exdqlm_univar_synth","draw_119",1858,"2022-04-24","history","-0.0946494713319513"
"exdqlm_univar_synth","draw_119",1858,"2022-04-25","history","-0.532706272754151"
"exdqlm_univar_synth","draw_119",1858,"2022-04-26","history","-0.491032778798879"
"exdqlm_univar_synth","draw_119",1858,"2022-04-27","history","-0.186022652723597"
"exdqlm_univar_synth","draw_119",1858,"2022-04-28","history","-0.306321144465467"
"exdqlm_univar_synth","draw_119",1858,"2022-04-29","history","-0.315268863166460"
"exdqlm_univar_synth","draw_119",1858,"2022-04-30","history","-0.549672904367515"
"exdqlm_univar_synth","draw_119",1858,"2022-05-01","history","-0.573809431894702"
"exdqlm_univar_synth","draw_119",1858,"2022-05-02","history","-0.479576725923240"
"exdqlm_univar_synth","draw_119",1858,"2022-05-03","history","-0.322943575547961"
"exdqlm_univar_synth","draw_119",1858,"2022-05-04","history","-0.300766864678957"
"exdqlm_univar_synth","draw_119",1858,"2022-05-05","history","-0.649528751367069"
"exdqlm_univar_synth","draw_119",1858,"2022-05-06","history","-0.868808236278380"
"exdqlm_univar_synth","draw_119",1858,"2022-05-07","history","-0.601239749608930"
"exdqlm_univar_synth","draw_119",1858,"2022-05-08","history","-0.690053667746233"
"exdqlm_univar_synth","draw_119",1858,"2022-05-09","history","-0.363900079293839"
"exdqlm_univar_synth","draw_119",1858,"2022-05-10","history","-0.598096213155728"
"exdqlm_univar_synth","draw_119",1858,"2022-05-11","history","-0.353838304069642"
"exdqlm_univar_synth","draw_120",1874,"2022-04-23","history","-0.429399565476435"
"exdqlm_univar_synth","draw_120",1874,"2022-04-24","history","-0.488099456000286"
"exdqlm_univar_synth","draw_120",1874,"2022-04-25","history","-0.295766590126118"
"exdqlm_univar_synth","draw_120",1874,"2022-04-26","history","-0.333189920308488"
"exdqlm_univar_synth","draw_120",1874,"2022-04-27","history","-0.338606419356994"
"exdqlm_univar_synth","draw_120",1874,"2022-04-28","history","-0.298483329479934"
"exdqlm_univar_synth","draw_120",1874,"2022-04-29","history","-0.466262863312702"
"exdqlm_univar_synth","draw_120",1874,"2022-04-30","history","-0.337058109294313"
"exdqlm_univar_synth","draw_120",1874,"2022-05-01","history","-0.834667867313119"
"exdqlm_univar_synth","draw_120",1874,"2022-05-02","history","-0.283517393950268"
"exdqlm_univar_synth","draw_120",1874,"2022-05-03","history","-0.614102921679567"
"exdqlm_univar_synth","draw_120",1874,"2022-05-04","history","-0.628318688997480"
"exdqlm_univar_synth","draw_120",1874,"2022-05-05","history","-0.196346970057909"
"exdqlm_univar_synth","draw_120",1874,"2022-05-06","history","-0.754902550364949"
"exdqlm_univar_synth","draw_120",1874,"2022-05-07","history","-0.247882844953535"
"exdqlm_univar_synth","draw_120",1874,"2022-05-08","history","-0.763819884506822"
"exdqlm_univar_synth","draw_120",1874,"2022-05-09","history","-0.148612506129150"
"exdqlm_univar_synth","draw_120",1874,"2022-05-10","history","-0.383258278923496"
"exdqlm_univar_synth","draw_120",1874,"2022-05-11","history","-0.0327175923928302"
"exdqlm_univar_synth","draw_121",1890,"2022-04-23","history","-0.235627371353232"
"exdqlm_univar_synth","draw_121",1890,"2022-04-24","history","-0.452356405601259"
"exdqlm_univar_synth","draw_121",1890,"2022-04-25","history","-0.0321413680176932"
"exdqlm_univar_synth","draw_121",1890,"2022-04-26","history","-0.693743646176729"
"exdqlm_univar_synth","draw_121",1890,"2022-04-27","history","-0.384310313005592"
"exdqlm_univar_synth","draw_121",1890,"2022-04-28","history","-0.131115614315726"
"exdqlm_univar_synth","draw_121",1890,"2022-04-29","history","-0.454351625841047"
"exdqlm_univar_synth","draw_121",1890,"2022-04-30","history","-0.304996229826793"
"exdqlm_univar_synth","draw_121",1890,"2022-05-01","history","-0.0984335529955461"
"exdqlm_univar_synth","draw_121",1890,"2022-05-02","history","-0.210632278821998"
"exdqlm_univar_synth","draw_121",1890,"2022-05-03","history","-0.495964747629133"
"exdqlm_univar_synth","draw_121",1890,"2022-05-04","history","-0.127577513483760"
"exdqlm_univar_synth","draw_121",1890,"2022-05-05","history","-0.646301103046413"
"exdqlm_univar_synth","draw_121",1890,"2022-05-06","history","-0.545438022912347"
"exdqlm_univar_synth","draw_121",1890,"2022-05-07","history","-0.640408910297995"
"exdqlm_univar_synth","draw_121",1890,"2022-05-08","history","-0.706960600650481"
"exdqlm_univar_synth","draw_121",1890,"2022-05-09","history","-0.228392984802321"
"exdqlm_univar_synth","draw_121",1890,"2022-05-10","history","-0.529019805231241"
"exdqlm_univar_synth","draw_121",1890,"2022-05-11","history","-0.571514115113656"
"exdqlm_univar_synth","draw_122",1906,"2022-04-23","history","-0.525838005875101"
"exdqlm_univar_synth","draw_122",1906,"2022-04-24","history","-0.517457024555117"
"exdqlm_univar_synth","draw_122",1906,"2022-04-25","history","-0.317996847238976"
"exdqlm_univar_synth","draw_122",1906,"2022-04-26","history","-0.235712112703334"
"exdqlm_univar_synth","draw_122",1906,"2022-04-27","history","-0.527620106786976"
"exdqlm_univar_synth","draw_122",1906,"2022-04-28","history","-0.322153165061610"
"exdqlm_univar_synth","draw_122",1906,"2022-04-29","history","-0.451855247384085"
"exdqlm_univar_synth","draw_122",1906,"2022-04-30","history","-0.341475704732008"
"exdqlm_univar_synth","draw_122",1906,"2022-05-01","history","-0.664995153883491"
"exdqlm_univar_synth","draw_122",1906,"2022-05-02","history","-0.812504194047730"
"exdqlm_univar_synth","draw_122",1906,"2022-05-03","history","-0.116626486430751"
"exdqlm_univar_synth","draw_122",1906,"2022-05-04","history","-0.362696181585539"
"exdqlm_univar_synth","draw_122",1906,"2022-05-05","history","-0.298076287039866"
"exdqlm_univar_synth","draw_122",1906,"2022-05-06","history","-0.469008861020720"
"exdqlm_univar_synth","draw_122",1906,"2022-05-07","history","-0.266261012257143"
"exdqlm_univar_synth","draw_122",1906,"2022-05-08","history","-0.721813879276159"
"exdqlm_univar_synth","draw_122",1906,"2022-05-09","history","-0.868853556586708"
"exdqlm_univar_synth","draw_122",1906,"2022-05-10","history","-0.350758381198629"
"exdqlm_univar_synth","draw_122",1906,"2022-05-11","history","-0.256985328830316"
"exdqlm_univar_synth","draw_123",1921,"2022-04-23","history","-0.436470536565558"
"exdqlm_univar_synth","draw_123",1921,"2022-04-24","history","-0.318006226760325"
"exdqlm_univar_synth","draw_123",1921,"2022-04-25","history","-0.577445608907514"
"exdqlm_univar_synth","draw_123",1921,"2022-04-26","history","-0.588946224926238"
"exdqlm_univar_synth","draw_123",1921,"2022-04-27","history","-0.721350171048804"
"exdqlm_univar_synth","draw_123",1921,"2022-04-28","history","-0.488071126741535"
"exdqlm_univar_synth","draw_123",1921,"2022-04-29","history","-0.753704089543705"
"exdqlm_univar_synth","draw_123",1921,"2022-04-30","history","-0.593484646366057"
"exdqlm_univar_synth","draw_123",1921,"2022-05-01","history","-0.682519530412967"
"exdqlm_univar_synth","draw_123",1921,"2022-05-02","history","-0.475770028746488"
"exdqlm_univar_synth","draw_123",1921,"2022-05-03","history","-0.613249836965400"
"exdqlm_univar_synth","draw_123",1921,"2022-05-04","history","-0.162155477432409"
"exdqlm_univar_synth","draw_123",1921,"2022-05-05","history","-0.547378395664474"
"exdqlm_univar_synth","draw_123",1921,"2022-05-06","history","-0.449994921938314"
"exdqlm_univar_synth","draw_123",1921,"2022-05-07","history","-0.429732166076736"
"exdqlm_univar_synth","draw_123",1921,"2022-05-08","history","-0.798083737620928"
"exdqlm_univar_synth","draw_123",1921,"2022-05-09","history","-0.348764082265842"
"exdqlm_univar_synth","draw_123",1921,"2022-05-10","history","-0.773791581740268"
"exdqlm_univar_synth","draw_123",1921,"2022-05-11","history","-0.570938506554402"
"exdqlm_univar_synth","draw_124",1937,"2022-04-23","history","-0.156562141012896"
"exdqlm_univar_synth","draw_124",1937,"2022-04-24","history","-0.163211543998812"
"exdqlm_univar_synth","draw_124",1937,"2022-04-25","history","-0.410202153969351"
"exdqlm_univar_synth","draw_124",1937,"2022-04-26","history","-0.280616944063214"
"exdqlm_univar_synth","draw_124",1937,"2022-04-27","history","-0.283152089372095"
"exdqlm_univar_synth","draw_124",1937,"2022-04-28","history","-0.729035302003615"
"exdqlm_univar_synth","draw_124",1937,"2022-04-29","history","-0.572236995635597"
"exdqlm_univar_synth","draw_124",1937,"2022-04-30","history","-0.212021544580759"
"exdqlm_univar_synth","draw_124",1937,"2022-05-01","history","-0.322172918877355"
"exdqlm_univar_synth","draw_124",1937,"2022-05-02","history","-0.525245863218072"
"exdqlm_univar_synth","draw_124",1937,"2022-05-03","history","-0.376246428098316"
"exdqlm_univar_synth","draw_124",1937,"2022-05-04","history","-0.639370870193130"
"exdqlm_univar_synth","draw_124",1937,"2022-05-05","history","-0.0585449978168555"
"exdqlm_univar_synth","draw_124",1937,"2022-05-06","history","-0.644112108531171"
"exdqlm_univar_synth","draw_124",1937,"2022-05-07","history","-0.786230583700422"
"exdqlm_univar_synth","draw_124",1937,"2022-05-08","history","-0.560216814687188"
"exdqlm_univar_synth","draw_124",1937,"2022-05-09","history","-0.518279209227685"
"exdqlm_univar_synth","draw_124",1937,"2022-05-10","history","-0.641273874743778"
"exdqlm_univar_synth","draw_124",1937,"2022-05-11","history","-0.658455519280294"
"exdqlm_univar_synth","draw_125",1953,"2022-04-23","history","-0.228466261004935"
"exdqlm_univar_synth","draw_125",1953,"2022-04-24","history","-0.203541092244555"
"exdqlm_univar_synth","draw_125",1953,"2022-04-25","history","-0.280732673729042"
"exdqlm_univar_synth","draw_125",1953,"2022-04-26","history","-0.205831520581517"
"exdqlm_univar_synth","draw_125",1953,"2022-04-27","history","-0.314257573943547"
"exdqlm_univar_synth","draw_125",1953,"2022-04-28","history","-0.395688534346727"
"exdqlm_univar_synth","draw_125",1953,"2022-04-29","history","-0.153170210776963"
"exdqlm_univar_synth","draw_125",1953,"2022-04-30","history","-0.126921986719655"
"exdqlm_univar_synth","draw_125",1953,"2022-05-01","history","-0.297842388572548"
"exdqlm_univar_synth","draw_125",1953,"2022-05-02","history","-0.900670201858327"
"exdqlm_univar_synth","draw_125",1953,"2022-05-03","history","-0.347499931529472"
"exdqlm_univar_synth","draw_125",1953,"2022-05-04","history","-0.464506440332358"
"exdqlm_univar_synth","draw_125",1953,"2022-05-05","history","-0.767501138282728"
"exdqlm_univar_synth","draw_125",1953,"2022-05-06","history","-0.369070462257055"
"exdqlm_univar_synth","draw_125",1953,"2022-05-07","history","-0.608508006456757"
"exdqlm_univar_synth","draw_125",1953,"2022-05-08","history","-0.614674159929943"
"exdqlm_univar_synth","draw_125",1953,"2022-05-09","history","-0.172487744929521"
"exdqlm_univar_synth","draw_125",1953,"2022-05-10","history","-0.673190494724749"
"exdqlm_univar_synth","draw_125",1953,"2022-05-11","history","-0.783822677939247"
"exdqlm_univar_synth","draw_126",1969,"2022-04-23","history","-0.445027815308934"
"exdqlm_univar_synth","draw_126",1969,"2022-04-24","history","-0.341514564922359"
"exdqlm_univar_synth","draw_126",1969,"2022-04-25","history","-0.677414747289373"
"exdqlm_univar_synth","draw_126",1969,"2022-04-26","history","-0.441919840401055"
"exdqlm_univar_synth","draw_126",1969,"2022-04-27","history","-0.297274771530962"
"exdqlm_univar_synth","draw_126",1969,"2022-04-28","history","-0.324482942501780"
"exdqlm_univar_synth","draw_126",1969,"2022-04-29","history","-0.461964994522402"
"exdqlm_univar_synth","draw_126",1969,"2022-04-30","history","-0.570643172651994"
"exdqlm_univar_synth","draw_126",1969,"2022-05-01","history","-0.287751905023796"
"exdqlm_univar_synth","draw_126",1969,"2022-05-02","history","-0.777081099752093"
"exdqlm_univar_synth","draw_126",1969,"2022-05-03","history","-0.645020068718326"
"exdqlm_univar_synth","draw_126",1969,"2022-05-04","history","-0.642736196698081"
"exdqlm_univar_synth","draw_126",1969,"2022-05-05","history","-0.495823554495904"
"exdqlm_univar_synth","draw_126",1969,"2022-05-06","history","-0.344111334599101"
"exdqlm_univar_synth","draw_126",1969,"2022-05-07","history","-0.146296602281252"
"exdqlm_univar_synth","draw_126",1969,"2022-05-08","history","-0.601305238036964"
"exdqlm_univar_synth","draw_126",1969,"2022-05-09","history","-0.613996128602263"
"exdqlm_univar_synth","draw_126",1969,"2022-05-10","history","-0.590692006440683"
"exdqlm_univar_synth","draw_126",1969,"2022-05-11","history","-0.389562983099380"
"exdqlm_univar_synth","draw_127",1984,"2022-04-23","history","-0.519615906033029"
"exdqlm_univar_synth","draw_127",1984,"2022-04-24","history","-0.667709676237715"
"exdqlm_univar_synth","draw_127",1984,"2022-04-25","history","-0.239248813104583"
"exdqlm_univar_synth","draw_127",1984,"2022-04-26","history","-0.571329672546239"
"exdqlm_univar_synth","draw_127",1984,"2022-04-27","history","-0.283060557738507"
"exdqlm_univar_synth","draw_127",1984,"2022-04-28","history","-0.624235880955345"
"exdqlm_univar_synth","draw_127",1984,"2022-04-29","history","-0.105055873551068"
"exdqlm_univar_synth","draw_127",1984,"2022-04-30","history","-0.397095189309241"
"exdqlm_univar_synth","draw_127",1984,"2022-05-01","history","-0.287183711017165"
"exdqlm_univar_synth","draw_127",1984,"2022-05-02","history","-0.370082263190631"
"exdqlm_univar_synth","draw_127",1984,"2022-05-03","history","-0.649353912662067"
"exdqlm_univar_synth","draw_127",1984,"2022-05-04","history","-0.634241951492054"
"exdqlm_univar_synth","draw_127",1984,"2022-05-05","history","-0.505282116061176"
"exdqlm_univar_synth","draw_127",1984,"2022-05-06","history","-0.506977939122839"
"exdqlm_univar_synth","draw_127",1984,"2022-05-07","history","-0.471360887125254"
"exdqlm_univar_synth","draw_127",1984,"2022-05-08","history","-0.787174660566426"
"exdqlm_univar_synth","draw_127",1984,"2022-05-09","history","-0.508526866666198"
"exdqlm_univar_synth","draw_127",1984,"2022-05-10","history","-0.605271817007505"
"exdqlm_univar_synth","draw_127",1984,"2022-05-11","history","-0.809878042936132"
"exdqlm_univar_synth","draw_128",2000,"2022-04-23","history","-0.348739843636086"
"exdqlm_univar_synth","draw_128",2000,"2022-04-24","history","-0.328416948747530"
"exdqlm_univar_synth","draw_128",2000,"2022-04-25","history","-0.643036819154582"
"exdqlm_univar_synth","draw_128",2000,"2022-04-26","history","-0.448765557710595"
"exdqlm_univar_synth","draw_128",2000,"2022-04-27","history","-0.740389289783007"
"exdqlm_univar_synth","draw_128",2000,"2022-04-28","history","-0.432725320301406"
"exdqlm_univar_synth","draw_128",2000,"2022-04-29","history","-0.791754800964632"
"exdqlm_univar_synth","draw_128",2000,"2022-04-30","history","-0.499060243655325"
"exdqlm_univar_synth","draw_128",2000,"2022-05-01","history","-0.358856543761778"
"exdqlm_univar_synth","draw_128",2000,"2022-05-02","history","-0.340609033786459"
"exdqlm_univar_synth","draw_128",2000,"2022-05-03","history","-0.606009305282238"
"exdqlm_univar_synth","draw_128",2000,"2022-05-04","history","-0.676602245984098"
"exdqlm_univar_synth","draw_128",2000,"2022-05-05","history","-0.557190087717797"
"exdqlm_univar_synth","draw_128",2000,"2022-05-06","history","-0.346844025425075"
"exdqlm_univar_synth","draw_128",2000,"2022-05-07","history","-0.364841059919654"
"exdqlm_univar_synth","draw_128",2000,"2022-05-08","history","-0.451271425319944"
"exdqlm_univar_synth","draw_128",2000,"2022-05-09","history","-0.797737032768980"
"exdqlm_univar_synth","draw_128",2000,"2022-05-10","history","-0.592792453811431"
"exdqlm_univar_synth","draw_128",2000,"2022-05-11","history","-0.271921155865231"
"exdqlm_univar_synth","draw_001",1,"2022-05-12","forecast","-0.297388820584982"
"exdqlm_univar_synth","draw_001",1,"2022-05-13","forecast","-0.502613087108699"
"exdqlm_univar_synth","draw_001",1,"2022-05-14","forecast","-0.532211555024958"
"exdqlm_univar_synth","draw_001",1,"2022-05-15","forecast","-0.574227543096599"
"exdqlm_univar_synth","draw_001",1,"2022-05-16","forecast","-0.604687407540033"
"exdqlm_univar_synth","draw_001",1,"2022-05-17","forecast","-1.11782725967876"
"exdqlm_univar_synth","draw_001",1,"2022-05-18","forecast","-0.398906999608430"
"exdqlm_univar_synth","draw_001",1,"2022-05-19","forecast","-0.969296090274743"
"exdqlm_univar_synth","draw_001",1,"2022-05-20","forecast","-0.699250919634936"
"exdqlm_univar_synth","draw_001",1,"2022-05-21","forecast","-1.01553501120527"
"exdqlm_univar_synth","draw_001",1,"2022-05-22","forecast","-0.726574739997528"
"exdqlm_univar_synth","draw_001",1,"2022-05-23","forecast","-0.599499984388889"
"exdqlm_univar_synth","draw_001",1,"2022-05-24","forecast","-1.21103698917883"
"exdqlm_univar_synth","draw_001",1,"2022-05-25","forecast","-1.11204296182177"
"exdqlm_univar_synth","draw_001",1,"2022-05-26","forecast","-1.05205495073930"
"exdqlm_univar_synth","draw_001",1,"2022-05-27","forecast","-0.896860107987780"
"exdqlm_univar_synth","draw_001",1,"2022-05-28","forecast","-1.16118497654270"
"exdqlm_univar_synth","draw_001",1,"2022-05-29","forecast","-0.819184861702920"
"exdqlm_univar_synth","draw_001",1,"2022-05-30","forecast","-0.594551416271492"
"exdqlm_univar_synth","draw_001",1,"2022-05-31","forecast","-1.74244387212688"
"exdqlm_univar_synth","draw_001",1,"2022-06-01","forecast","-1.11276037767354"
"exdqlm_univar_synth","draw_001",1,"2022-06-02","forecast","-1.08592293519976"
"exdqlm_univar_synth","draw_001",1,"2022-06-03","forecast","-0.906173135431039"
"exdqlm_univar_synth","draw_001",1,"2022-06-04","forecast","-1.43889769486750"
"exdqlm_univar_synth","draw_001",1,"2022-06-05","forecast","-0.409011911653642"
"exdqlm_univar_synth","draw_001",1,"2022-06-06","forecast","-1.13591290199191"
"exdqlm_univar_synth","draw_001",1,"2022-06-07","forecast","-1.35423736945866"
"exdqlm_univar_synth","draw_001",1,"2022-06-08","forecast","-0.826850471694007"
"exdqlm_univar_synth","draw_002",17,"2022-05-12","forecast","-0.277046074705178"
"exdqlm_univar_synth","draw_002",17,"2022-05-13","forecast","-0.263949677864708"
"exdqlm_univar_synth","draw_002",17,"2022-05-14","forecast","-0.392156943422241"
"exdqlm_univar_synth","draw_002",17,"2022-05-15","forecast","-0.892013142940280"
"exdqlm_univar_synth","draw_002",17,"2022-05-16","forecast","-0.540605026488070"
"exdqlm_univar_synth","draw_002",17,"2022-05-17","forecast","-0.866958739058452"
"exdqlm_univar_synth","draw_002",17,"2022-05-18","forecast","-0.856807810909518"
"exdqlm_univar_synth","draw_002",17,"2022-05-19","forecast","-1.42384936418434"
"exdqlm_univar_synth","draw_002",17,"2022-05-20","forecast","-1.01189416560968"
"exdqlm_univar_synth","draw_002",17,"2022-05-21","forecast","-1.05726713750183"
"exdqlm_univar_synth","draw_002",17,"2022-05-22","forecast","-0.700490957008543"
"exdqlm_univar_synth","draw_002",17,"2022-05-23","forecast","-0.616977933555991"
"exdqlm_univar_synth","draw_002",17,"2022-05-24","forecast","-1.12664384486310"
"exdqlm_univar_synth","draw_002",17,"2022-05-25","forecast","-0.572032597268365"
"exdqlm_univar_synth","draw_002",17,"2022-05-26","forecast","-0.817595454087020"
"exdqlm_univar_synth","draw_002",17,"2022-05-27","forecast","-1.44557602317376"
"exdqlm_univar_synth","draw_002",17,"2022-05-28","forecast","-1.08018197755545"
"exdqlm_univar_synth","draw_002",17,"2022-05-29","forecast","-0.821394823181582"
"exdqlm_univar_synth","draw_002",17,"2022-05-30","forecast","-0.869508599611274"
"exdqlm_univar_synth","draw_002",17,"2022-05-31","forecast","-1.47195097478652"
"exdqlm_univar_synth","draw_002",17,"2022-06-01","forecast","-0.871224064601577"
"exdqlm_univar_synth","draw_002",17,"2022-06-02","forecast","-0.870107723421990"
"exdqlm_univar_synth","draw_002",17,"2022-06-03","forecast","-1.35017959329114"
"exdqlm_univar_synth","draw_002",17,"2022-06-04","forecast","-1.02207318827960"
"exdqlm_univar_synth","draw_002",17,"2022-06-05","forecast","-0.403958197119580"
"exdqlm_univar_synth","draw_002",17,"2022-06-06","forecast","-1.00447874110950"
"exdqlm_univar_synth","draw_002",17,"2022-06-07","forecast","-0.685731518946775"
"exdqlm_univar_synth","draw_002",17,"2022-06-08","forecast","-1.38894092833669"
"exdqlm_univar_synth","draw_003",32,"2022-05-12","forecast","-0.521736020485235"
"exdqlm_univar_synth","draw_003",32,"2022-05-13","forecast","-0.435647758727886"
"exdqlm_univar_synth","draw_003",32,"2022-05-14","forecast","-0.861751502945088"
"exdqlm_univar_synth","draw_003",32,"2022-05-15","forecast","-0.800295116222639"
"exdqlm_univar_synth","draw_003",32,"2022-05-16","forecast","-1.06371731492048"
"exdqlm_univar_synth","draw_003",32,"2022-05-17","forecast","-0.604136002637316"
"exdqlm_univar_synth","draw_003",32,"2022-05-18","forecast","-0.640076698113458"
"exdqlm_univar_synth","draw_003",32,"2022-05-19","forecast","-1.26654268222640"
"exdqlm_univar_synth","draw_003",32,"2022-05-20","forecast","-0.700483578055774"
"exdqlm_univar_synth","draw_003",32,"2022-05-21","forecast","-0.735652581663190"
"exdqlm_univar_synth","draw_003",32,"2022-05-22","forecast","-1.37958643339241"
"exdqlm_univar_synth","draw_003",32,"2022-05-23","forecast","-0.589359255558216"
"exdqlm_univar_synth","draw_003",32,"2022-05-24","forecast","-1.11811145293139"
"exdqlm_univar_synth","draw_003",32,"2022-05-25","forecast","-0.884301527375816"
"exdqlm_univar_synth","draw_003",32,"2022-05-26","forecast","-1.22666122048722"
"exdqlm_univar_synth","draw_003",32,"2022-05-27","forecast","-1.50779623161027"
"exdqlm_univar_synth","draw_003",32,"2022-05-28","forecast","-0.722402456264669"
"exdqlm_univar_synth","draw_003",32,"2022-05-29","forecast","-1.71480378763160"
"exdqlm_univar_synth","draw_003",32,"2022-05-30","forecast","-1.08686572929279"
"exdqlm_univar_synth","draw_003",32,"2022-05-31","forecast","-1.69585883951701"
"exdqlm_univar_synth","draw_003",32,"2022-06-01","forecast","-0.820612229335864"
"exdqlm_univar_synth","draw_003",32,"2022-06-02","forecast","-0.987837537583229"
"exdqlm_univar_synth","draw_003",32,"2022-06-03","forecast","-0.840881498057745"
"exdqlm_univar_synth","draw_003",32,"2022-06-04","forecast","-1.50920385029130"
"exdqlm_univar_synth","draw_003",32,"2022-06-05","forecast","-0.446405731694815"
"exdqlm_univar_synth","draw_003",32,"2022-06-06","forecast","-1.48563553018524"
"exdqlm_univar_synth","draw_003",32,"2022-06-07","forecast","-0.681271471316370"
"exdqlm_univar_synth","draw_003",32,"2022-06-08","forecast","-0.843493247399762"
"exdqlm_univar_synth","draw_004",48,"2022-05-12","forecast","-0.641619627511068"
"exdqlm_univar_synth","draw_004",48,"2022-05-13","forecast","-0.550797927479414"
"exdqlm_univar_synth","draw_004",48,"2022-05-14","forecast","-0.878131245758116"
"exdqlm_univar_synth","draw_004",48,"2022-05-15","forecast","-0.464674824580671"
"exdqlm_univar_synth","draw_004",48,"2022-05-16","forecast","-0.586641143005787"
"exdqlm_univar_synth","draw_004",48,"2022-05-17","forecast","-0.655409434754866"
"exdqlm_univar_synth","draw_004",48,"2022-05-18","forecast","-0.436677799507976"
"exdqlm_univar_synth","draw_004",48,"2022-05-19","forecast","-1.04230170083580"
"exdqlm_univar_synth","draw_004",48,"2022-05-20","forecast","-0.778582944525081"
"exdqlm_univar_synth","draw_004",48,"2022-05-21","forecast","-0.890854299544729"
"exdqlm_univar_synth","draw_004",48,"2022-05-22","forecast","-1.08286117289260"
"exdqlm_univar_synth","draw_004",48,"2022-05-23","forecast","-0.533077789637666"
"exdqlm_univar_synth","draw_004",48,"2022-05-24","forecast","-1.10321132945866"
"exdqlm_univar_synth","draw_004",48,"2022-05-25","forecast","-0.957307830646113"
"exdqlm_univar_synth","draw_004",48,"2022-05-26","forecast","-1.12418865795217"
"exdqlm_univar_synth","draw_004",48,"2022-05-27","forecast","-1.27265864509322"
"exdqlm_univar_synth","draw_004",48,"2022-05-28","forecast","-0.978886551985024"
"exdqlm_univar_synth","draw_004",48,"2022-05-29","forecast","-0.921147462023786"
"exdqlm_univar_synth","draw_004",48,"2022-05-30","forecast","-0.773709994438274"
"exdqlm_univar_synth","draw_004",48,"2022-05-31","forecast","-0.892398727756105"
"exdqlm_univar_synth","draw_004",48,"2022-06-01","forecast","-1.05913125719689"
"exdqlm_univar_synth","draw_004",48,"2022-06-02","forecast","-1.61773919923249"
"exdqlm_univar_synth","draw_004",48,"2022-06-03","forecast","-0.840723881083670"
"exdqlm_univar_synth","draw_004",48,"2022-06-04","forecast","-0.865572476985873"
"exdqlm_univar_synth","draw_004",48,"2022-06-05","forecast","-0.793249616563522"
"exdqlm_univar_synth","draw_004",48,"2022-06-06","forecast","-1.08376430310525"
"exdqlm_univar_synth","draw_004",48,"2022-06-07","forecast","-0.698543199053795"
"exdqlm_univar_synth","draw_004",48,"2022-06-08","forecast","-1.06335930116623"
"exdqlm_univar_synth","draw_005",64,"2022-05-12","forecast","-0.416470852103639"
"exdqlm_univar_synth","draw_005",64,"2022-05-13","forecast","-0.624574367457419"
"exdqlm_univar_synth","draw_005",64,"2022-05-14","forecast","-0.547838274756876"
"exdqlm_univar_synth","draw_005",64,"2022-05-15","forecast","-0.655926743715307"
"exdqlm_univar_synth","draw_005",64,"2022-05-16","forecast","-0.717631711535146"
"exdqlm_univar_synth","draw_005",64,"2022-05-17","forecast","-0.502702257140474"
"exdqlm_univar_synth","draw_005",64,"2022-05-18","forecast","-0.391320444239672"
"exdqlm_univar_synth","draw_005",64,"2022-05-19","forecast","-0.805234029585070"
"exdqlm_univar_synth","draw_005",64,"2022-05-20","forecast","-0.702742169585708"
"exdqlm_univar_synth","draw_005",64,"2022-05-21","forecast","-1.31041733694281"
"exdqlm_univar_synth","draw_005",64,"2022-05-22","forecast","-0.746624168431268"
"exdqlm_univar_synth","draw_005",64,"2022-05-23","forecast","-0.675208356561281"
"exdqlm_univar_synth","draw_005",64,"2022-05-24","forecast","-0.896129636075043"
"exdqlm_univar_synth","draw_005",64,"2022-05-25","forecast","-1.13301188406900"
"exdqlm_univar_synth","draw_005",64,"2022-05-26","forecast","-1.02881025744462"
"exdqlm_univar_synth","draw_005",64,"2022-05-27","forecast","-1.11927812510805"
"exdqlm_univar_synth","draw_005",64,"2022-05-28","forecast","-0.693727511960471"
"exdqlm_univar_synth","draw_005",64,"2022-05-29","forecast","-0.829086474618821"
"exdqlm_univar_synth","draw_005",64,"2022-05-30","forecast","-0.773669577647373"
"exdqlm_univar_synth","draw_005",64,"2022-05-31","forecast","-0.883622454819328"
"exdqlm_univar_synth","draw_005",64,"2022-06-01","forecast","-1.53899053707435"
"exdqlm_univar_synth","draw_005",64,"2022-06-02","forecast","-1.16895672729007"
"exdqlm_univar_synth","draw_005",64,"2022-06-03","forecast","-1.45597828386457"
"exdqlm_univar_synth","draw_005",64,"2022-06-04","forecast","-0.955531320482925"
"exdqlm_univar_synth","draw_005",64,"2022-06-05","forecast","-0.376843402146747"
"exdqlm_univar_synth","draw_005",64,"2022-06-06","forecast","-0.867901119627759"
"exdqlm_univar_synth","draw_005",64,"2022-06-07","forecast","-0.704976102855556"
"exdqlm_univar_synth","draw_005",64,"2022-06-08","forecast","-0.878856050597875"
"exdqlm_univar_synth","draw_006",80,"2022-05-12","forecast","-0.500876930351877"
"exdqlm_univar_synth","draw_006",80,"2022-05-13","forecast","-0.410179082919916"
"exdqlm_univar_synth","draw_006",80,"2022-05-14","forecast","-0.615251519551494"
"exdqlm_univar_synth","draw_006",80,"2022-05-15","forecast","-0.649698126761461"
"exdqlm_univar_synth","draw_006",80,"2022-05-16","forecast","-0.608676370666191"
"exdqlm_univar_synth","draw_006",80,"2022-05-17","forecast","-0.971383525459418"
"exdqlm_univar_synth","draw_006",80,"2022-05-18","forecast","-0.579378517546827"
"exdqlm_univar_synth","draw_006",80,"2022-05-19","forecast","-0.817046866087323"
"exdqlm_univar_synth","draw_006",80,"2022-05-20","forecast","-1.12817757775844"
"exdqlm_univar_synth","draw_006",80,"2022-05-21","forecast","-0.741532311052586"
"exdqlm_univar_synth","draw_006",80,"2022-05-22","forecast","-1.34604350953329"
"exdqlm_univar_synth","draw_006",80,"2022-05-23","forecast","-0.616858212640398"
"exdqlm_univar_synth","draw_006",80,"2022-05-24","forecast","-0.894522563727081"
"exdqlm_univar_synth","draw_006",80,"2022-05-25","forecast","-0.752162879593971"
"exdqlm_univar_synth","draw_006",80,"2022-05-26","forecast","-0.887544916750863"
"exdqlm_univar_synth","draw_006",80,"2022-05-27","forecast","-0.929027305701966"
"exdqlm_univar_synth","draw_006",80,"2022-05-28","forecast","-1.32053900923663"
"exdqlm_univar_synth","draw_006",80,"2022-05-29","forecast","-0.821160004437411"
"exdqlm_univar_synth","draw_006",80,"2022-05-30","forecast","-0.757762168039462"
"exdqlm_univar_synth","draw_006",80,"2022-05-31","forecast","-0.909093896939766"
"exdqlm_univar_synth","draw_006",80,"2022-06-01","forecast","-1.27669992528663"
"exdqlm_univar_synth","draw_006",80,"2022-06-02","forecast","-0.945452368028484"
"exdqlm_univar_synth","draw_006",80,"2022-06-03","forecast","-0.839117650536502"
"exdqlm_univar_synth","draw_006",80,"2022-06-04","forecast","-1.30306491945530"
"exdqlm_univar_synth","draw_006",80,"2022-06-05","forecast","-0.407036085482632"
"exdqlm_univar_synth","draw_006",80,"2022-06-06","forecast","-0.774106410492553"
"exdqlm_univar_synth","draw_006",80,"2022-06-07","forecast","-0.687475110535431"
"exdqlm_univar_synth","draw_006",80,"2022-06-08","forecast","-0.851819728357605"
"exdqlm_univar_synth","draw_007",95,"2022-05-12","forecast","-0.828303581685074"
"exdqlm_univar_synth","draw_007",95,"2022-05-13","forecast","-0.424423359708046"
"exdqlm_univar_synth","draw_007",95,"2022-05-14","forecast","-0.583062779282155"
"exdqlm_univar_synth","draw_007",95,"2022-05-15","forecast","-0.394589861627286"
"exdqlm_univar_synth","draw_007",95,"2022-05-16","forecast","-0.918947073674669"
"exdqlm_univar_synth","draw_007",95,"2022-05-17","forecast","-0.802231417712344"
"exdqlm_univar_synth","draw_007",95,"2022-05-18","forecast","-0.692896847514486"
"exdqlm_univar_synth","draw_007",95,"2022-05-19","forecast","-1.01431018133304"
"exdqlm_univar_synth","draw_007",95,"2022-05-20","forecast","-1.12403357889615"
"exdqlm_univar_synth","draw_007",95,"2022-05-21","forecast","-0.741575524857028"
"exdqlm_univar_synth","draw_007",95,"2022-05-22","forecast","-0.764622792305291"
"exdqlm_univar_synth","draw_007",95,"2022-05-23","forecast","-0.723850916241465"
"exdqlm_univar_synth","draw_007",95,"2022-05-24","forecast","-0.884043810236119"
"exdqlm_univar_synth","draw_007",95,"2022-05-25","forecast","-0.763768372625436"
"exdqlm_univar_synth","draw_007",95,"2022-05-26","forecast","-1.37351104055732"
"exdqlm_univar_synth","draw_007",95,"2022-05-27","forecast","-1.22529841618837"
"exdqlm_univar_synth","draw_007",95,"2022-05-28","forecast","-1.04451450275323"
"exdqlm_univar_synth","draw_007",95,"2022-05-29","forecast","-1.35791136529357"
"exdqlm_univar_synth","draw_007",95,"2022-05-30","forecast","-0.778540443193304"
"exdqlm_univar_synth","draw_007",95,"2022-05-31","forecast","-0.918804427752369"
"exdqlm_univar_synth","draw_007",95,"2022-06-01","forecast","-1.16642620223503"
"exdqlm_univar_synth","draw_007",95,"2022-06-02","forecast","-1.51194182634927"
"exdqlm_univar_synth","draw_007",95,"2022-06-03","forecast","-1.45245391057063"
"exdqlm_univar_synth","draw_007",95,"2022-06-04","forecast","-1.32239087333328"
"exdqlm_univar_synth","draw_007",95,"2022-06-05","forecast","-0.417071433818504"
"exdqlm_univar_synth","draw_007",95,"2022-06-06","forecast","-1.11093954830984"
"exdqlm_univar_synth","draw_007",95,"2022-06-07","forecast","-1.28121803053110"
"exdqlm_univar_synth","draw_007",95,"2022-06-08","forecast","-0.843507548516243"
"exdqlm_univar_synth","draw_008",111,"2022-05-12","forecast","-0.356819666854019"
"exdqlm_univar_synth","draw_008",111,"2022-05-13","forecast","-0.741259333499620"
"exdqlm_univar_synth","draw_008",111,"2022-05-14","forecast","-0.658602678713251"
"exdqlm_univar_synth","draw_008",111,"2022-05-15","forecast","-0.870522433277406"
"exdqlm_univar_synth","draw_008",111,"2022-05-16","forecast","-0.575875213325015"
"exdqlm_univar_synth","draw_008",111,"2022-05-17","forecast","-0.738305089228480"
"exdqlm_univar_synth","draw_008",111,"2022-05-18","forecast","-0.629308125341864"
"exdqlm_univar_synth","draw_008",111,"2022-05-19","forecast","-1.32145699105449"
"exdqlm_univar_synth","draw_008",111,"2022-05-20","forecast","-1.26670312188777"
"exdqlm_univar_synth","draw_008",111,"2022-05-21","forecast","-0.935713394266329"
"exdqlm_univar_synth","draw_008",111,"2022-05-22","forecast","-0.713531875587440"
"exdqlm_univar_synth","draw_008",111,"2022-05-23","forecast","-0.803174221847479"
"exdqlm_univar_synth","draw_008",111,"2022-05-24","forecast","-0.883592013967488"
"exdqlm_univar_synth","draw_008",111,"2022-05-25","forecast","-0.763843454826344"
"exdqlm_univar_synth","draw_008",111,"2022-05-26","forecast","-0.796620649506959"
"exdqlm_univar_synth","draw_008",111,"2022-05-27","forecast","-1.24762927889900"
"exdqlm_univar_synth","draw_008",111,"2022-05-28","forecast","-1.15642540006869"
"exdqlm_univar_synth","draw_008",111,"2022-05-29","forecast","-1.02389442139382"
"exdqlm_univar_synth","draw_008",111,"2022-05-30","forecast","-0.777200511751011"
"exdqlm_univar_synth","draw_008",111,"2022-05-31","forecast","-1.40389891216229"
"exdqlm_univar_synth","draw_008",111,"2022-06-01","forecast","-1.05745234789797"
"exdqlm_univar_synth","draw_008",111,"2022-06-02","forecast","-0.946210048318090"
"exdqlm_univar_synth","draw_008",111,"2022-06-03","forecast","-0.756825764707205"
"exdqlm_univar_synth","draw_008",111,"2022-06-04","forecast","-1.08239778020980"
"exdqlm_univar_synth","draw_008",111,"2022-06-05","forecast","-0.301673364921644"
"exdqlm_univar_synth","draw_008",111,"2022-06-06","forecast","-1.21566140373618"
"exdqlm_univar_synth","draw_008",111,"2022-06-07","forecast","-0.688617407897914"
"exdqlm_univar_synth","draw_008",111,"2022-06-08","forecast","-0.873410549414009"
"exdqlm_univar_synth","draw_009",127,"2022-05-12","forecast","-0.472388213522298"
"exdqlm_univar_synth","draw_009",127,"2022-05-13","forecast","-0.824043766673792"
"exdqlm_univar_synth","draw_009",127,"2022-05-14","forecast","-0.284906426560097"
"exdqlm_univar_synth","draw_009",127,"2022-05-15","forecast","-0.448737520036338"
"exdqlm_univar_synth","draw_009",127,"2022-05-16","forecast","-0.562035033829374"
"exdqlm_univar_synth","draw_009",127,"2022-05-17","forecast","-0.606093869964630"
"exdqlm_univar_synth","draw_009",127,"2022-05-18","forecast","-0.630138947574519"
"exdqlm_univar_synth","draw_009",127,"2022-05-19","forecast","-0.801559395679306"
"exdqlm_univar_synth","draw_009",127,"2022-05-20","forecast","-1.18314649615678"
"exdqlm_univar_synth","draw_009",127,"2022-05-21","forecast","-0.716399385694427"
"exdqlm_univar_synth","draw_009",127,"2022-05-22","forecast","-1.14586225318271"
"exdqlm_univar_synth","draw_009",127,"2022-05-23","forecast","-0.753458070282577"
"exdqlm_univar_synth","draw_009",127,"2022-05-24","forecast","-0.929362555199460"
"exdqlm_univar_synth","draw_009",127,"2022-05-25","forecast","-0.982631163176659"
"exdqlm_univar_synth","draw_009",127,"2022-05-26","forecast","-0.809775298139210"
"exdqlm_univar_synth","draw_009",127,"2022-05-27","forecast","-1.61052822201976"
"exdqlm_univar_synth","draw_009",127,"2022-05-28","forecast","-1.06501713249431"
"exdqlm_univar_synth","draw_009",127,"2022-05-29","forecast","-0.822452069387325"
"exdqlm_univar_synth","draw_009",127,"2022-05-30","forecast","-0.669301270382103"
"exdqlm_univar_synth","draw_009",127,"2022-05-31","forecast","-1.14437775012985"
"exdqlm_univar_synth","draw_009",127,"2022-06-01","forecast","-1.17919890107641"
"exdqlm_univar_synth","draw_009",127,"2022-06-02","forecast","-1.61738449190087"
"exdqlm_univar_synth","draw_009",127,"2022-06-03","forecast","-0.778788813794605"
"exdqlm_univar_synth","draw_009",127,"2022-06-04","forecast","-1.57334499494167"
"exdqlm_univar_synth","draw_009",127,"2022-06-05","forecast","-0.636438582296508"
"exdqlm_univar_synth","draw_009",127,"2022-06-06","forecast","-1.11115413801120"
"exdqlm_univar_synth","draw_009",127,"2022-06-07","forecast","-0.697921473666295"
"exdqlm_univar_synth","draw_009",127,"2022-06-08","forecast","-1.04836465385191"
"exdqlm_univar_synth","draw_010",143,"2022-05-12","forecast","-0.695480227629252"
"exdqlm_univar_synth","draw_010",143,"2022-05-13","forecast","-0.744973824874983"
"exdqlm_univar_synth","draw_010",143,"2022-05-14","forecast","-0.947829864192112"
"exdqlm_univar_synth","draw_010",143,"2022-05-15","forecast","-1.04939730666473"
"exdqlm_univar_synth","draw_010",143,"2022-05-16","forecast","-0.465214263174484"
"exdqlm_univar_synth","draw_010",143,"2022-05-17","forecast","-0.680270469363490"
"exdqlm_univar_synth","draw_010",143,"2022-05-18","forecast","-0.829928504898645"
"exdqlm_univar_synth","draw_010",143,"2022-05-19","forecast","-0.809601257183506"
"exdqlm_univar_synth","draw_010",143,"2022-05-20","forecast","-0.931671163925711"
"exdqlm_univar_synth","draw_010",143,"2022-05-21","forecast","-1.03947583230283"
"exdqlm_univar_synth","draw_010",143,"2022-05-22","forecast","-0.785314936631611"
"exdqlm_univar_synth","draw_010",143,"2022-05-23","forecast","-0.610978948946823"
"exdqlm_univar_synth","draw_010",143,"2022-05-24","forecast","-0.736573523569621"
"exdqlm_univar_synth","draw_010",143,"2022-05-25","forecast","-0.746792061068207"
"exdqlm_univar_synth","draw_010",143,"2022-05-26","forecast","-0.867870250756828"
"exdqlm_univar_synth","draw_010",143,"2022-05-27","forecast","-0.988471274760450"
"exdqlm_univar_synth","draw_010",143,"2022-05-28","forecast","-0.889251286105895"
"exdqlm_univar_synth","draw_010",143,"2022-05-29","forecast","-1.17381257929665"
"exdqlm_univar_synth","draw_010",143,"2022-05-30","forecast","-1.01444235458484"
"exdqlm_univar_synth","draw_010",143,"2022-05-31","forecast","-1.24721604650997"
"exdqlm_univar_synth","draw_010",143,"2022-06-01","forecast","-0.798528567598162"
"exdqlm_univar_synth","draw_010",143,"2022-06-02","forecast","-0.944034529804657"
"exdqlm_univar_synth","draw_010",143,"2022-06-03","forecast","-1.45007546709906"
"exdqlm_univar_synth","draw_010",143,"2022-06-04","forecast","-0.961981254611813"
"exdqlm_univar_synth","draw_010",143,"2022-06-05","forecast","-0.485032666342107"
"exdqlm_univar_synth","draw_010",143,"2022-06-06","forecast","-1.41100024583740"
"exdqlm_univar_synth","draw_010",143,"2022-06-07","forecast","-0.685514918318295"
"exdqlm_univar_synth","draw_010",143,"2022-06-08","forecast","-0.842313017498582"
"exdqlm_univar_synth","draw_011",158,"2022-05-12","forecast","-0.366869028794595"
"exdqlm_univar_synth","draw_011",158,"2022-05-13","forecast","-0.353128867427353"
"exdqlm_univar_synth","draw_011",158,"2022-05-14","forecast","-0.904993861104827"
"exdqlm_univar_synth","draw_011",158,"2022-05-15","forecast","-0.966213381899766"
"exdqlm_univar_synth","draw_011",158,"2022-05-16","forecast","-0.608897305986950"
"exdqlm_univar_synth","draw_011",158,"2022-05-17","forecast","-0.699554140399602"
"exdqlm_univar_synth","draw_011",158,"2022-05-18","forecast","-0.678308399082863"
"exdqlm_univar_synth","draw_011",158,"2022-05-19","forecast","-0.972945936616729"
"exdqlm_univar_synth","draw_011",158,"2022-05-20","forecast","-1.03667542445043"
"exdqlm_univar_synth","draw_011",158,"2022-05-21","forecast","-0.715465567196008"
"exdqlm_univar_synth","draw_011",158,"2022-05-22","forecast","-1.09660054781370"
"exdqlm_univar_synth","draw_011",158,"2022-05-23","forecast","-0.617233248320901"
"exdqlm_univar_synth","draw_011",158,"2022-05-24","forecast","-1.37852054696773"
"exdqlm_univar_synth","draw_011",158,"2022-05-25","forecast","-0.748870486874454"
"exdqlm_univar_synth","draw_011",158,"2022-05-26","forecast","-0.797075872216949"
"exdqlm_univar_synth","draw_011",158,"2022-05-27","forecast","-1.57940806345463"
"exdqlm_univar_synth","draw_011",158,"2022-05-28","forecast","-1.43177076193305"
"exdqlm_univar_synth","draw_011",158,"2022-05-29","forecast","-0.888137228926442"
"exdqlm_univar_synth","draw_011",158,"2022-05-30","forecast","-1.06319547825507"
"exdqlm_univar_synth","draw_011",158,"2022-05-31","forecast","-0.886690812808650"
"exdqlm_univar_synth","draw_011",158,"2022-06-01","forecast","-1.27513147253552"
"exdqlm_univar_synth","draw_011",158,"2022-06-02","forecast","-0.905689376579172"
"exdqlm_univar_synth","draw_011",158,"2022-06-03","forecast","-1.25815078730606"
"exdqlm_univar_synth","draw_011",158,"2022-06-04","forecast","-0.950042185165810"
"exdqlm_univar_synth","draw_011",158,"2022-06-05","forecast","-0.405261344037352"
"exdqlm_univar_synth","draw_011",158,"2022-06-06","forecast","-0.778836332891494"
"exdqlm_univar_synth","draw_011",158,"2022-06-07","forecast","-1.09714849770252"
"exdqlm_univar_synth","draw_011",158,"2022-06-08","forecast","-0.843536371869029"
"exdqlm_univar_synth","draw_012",174,"2022-05-12","forecast","-0.435646536199779"
"exdqlm_univar_synth","draw_012",174,"2022-05-13","forecast","-0.489420233770571"
"exdqlm_univar_synth","draw_012",174,"2022-05-14","forecast","-0.491185207921519"
"exdqlm_univar_synth","draw_012",174,"2022-05-15","forecast","-0.989777233130913"
"exdqlm_univar_synth","draw_012",174,"2022-05-16","forecast","-0.981392620314250"
"exdqlm_univar_synth","draw_012",174,"2022-05-17","forecast","-1.16419312308641"
"exdqlm_univar_synth","draw_012",174,"2022-05-18","forecast","-0.391207900074586"
"exdqlm_univar_synth","draw_012",174,"2022-05-19","forecast","-1.16568696319326"
"exdqlm_univar_synth","draw_012",174,"2022-05-20","forecast","-0.762770594972475"
"exdqlm_univar_synth","draw_012",174,"2022-05-21","forecast","-1.17458727250183"
"exdqlm_univar_synth","draw_012",174,"2022-05-22","forecast","-0.757461431444444"
"exdqlm_univar_synth","draw_012",174,"2022-05-23","forecast","-0.703725374646448"
"exdqlm_univar_synth","draw_012",174,"2022-05-24","forecast","-0.883409488461770"
"exdqlm_univar_synth","draw_012",174,"2022-05-25","forecast","-0.896766228789656"
"exdqlm_univar_synth","draw_012",174,"2022-05-26","forecast","-1.24773210491305"
"exdqlm_univar_synth","draw_012",174,"2022-05-27","forecast","-1.21319284058043"
"exdqlm_univar_synth","draw_012",174,"2022-05-28","forecast","-0.691303140140062"
"exdqlm_univar_synth","draw_012",174,"2022-05-29","forecast","-0.802308473242658"
"exdqlm_univar_synth","draw_012",174,"2022-05-30","forecast","-0.587618471764213"
"exdqlm_univar_synth","draw_012",174,"2022-05-31","forecast","-1.52011875105399"
"exdqlm_univar_synth","draw_012",174,"2022-06-01","forecast","-0.923459162304608"
"exdqlm_univar_synth","draw_012",174,"2022-06-02","forecast","-1.29850287017867"
"exdqlm_univar_synth","draw_012",174,"2022-06-03","forecast","-1.56881505425109"
"exdqlm_univar_synth","draw_012",174,"2022-06-04","forecast","-0.960651935388507"
"exdqlm_univar_synth","draw_012",174,"2022-06-05","forecast","-0.946200823429870"
"exdqlm_univar_synth","draw_012",174,"2022-06-06","forecast","-1.49211298502240"
"exdqlm_univar_synth","draw_012",174,"2022-06-07","forecast","-1.21219742693944"
"exdqlm_univar_synth","draw_012",174,"2022-06-08","forecast","-1.12956004972720"
"exdqlm_univar_synth","draw_013",190,"2022-05-12","forecast","-0.882336236970429"
"exdqlm_univar_synth","draw_013",190,"2022-05-13","forecast","-0.655235109650299"
"exdqlm_univar_synth","draw_013",190,"2022-05-14","forecast","-0.628965138757926"
"exdqlm_univar_synth","draw_013",190,"2022-05-15","forecast","-0.760155303865554"
"exdqlm_univar_synth","draw_013",190,"2022-05-16","forecast","-0.559940655327106"
"exdqlm_univar_synth","draw_013",190,"2022-05-17","forecast","-0.764182023828815"
"exdqlm_univar_synth","draw_013",190,"2022-05-18","forecast","-0.519181853900828"
"exdqlm_univar_synth","draw_013",190,"2022-05-19","forecast","-0.809283868607268"
"exdqlm_univar_synth","draw_013",190,"2022-05-20","forecast","-0.883671816320576"
"exdqlm_univar_synth","draw_013",190,"2022-05-21","forecast","-0.812480535225263"
"exdqlm_univar_synth","draw_013",190,"2022-05-22","forecast","-0.728416285007560"
"exdqlm_univar_synth","draw_013",190,"2022-05-23","forecast","-0.926343631637789"
"exdqlm_univar_synth","draw_013",190,"2022-05-24","forecast","-1.11927294058056"
"exdqlm_univar_synth","draw_013",190,"2022-05-25","forecast","-0.731073451868550"
"exdqlm_univar_synth","draw_013",190,"2022-05-26","forecast","-1.13294529557379"
"exdqlm_univar_synth","draw_013",190,"2022-05-27","forecast","-1.40471110861303"
"exdqlm_univar_synth","draw_013",190,"2022-05-28","forecast","-1.07297316271196"
"exdqlm_univar_synth","draw_013",190,"2022-05-29","forecast","-0.832780555753246"
"exdqlm_univar_synth","draw_013",190,"2022-05-30","forecast","-0.791254359497225"
"exdqlm_univar_synth","draw_013",190,"2022-05-31","forecast","-0.867511137167204"
"exdqlm_univar_synth","draw_013",190,"2022-06-01","forecast","-0.877087558827148"
"exdqlm_univar_synth","draw_013",190,"2022-06-02","forecast","-0.953891091067623"
"exdqlm_univar_synth","draw_013",190,"2022-06-03","forecast","-0.840485711703393"
"exdqlm_univar_synth","draw_013",190,"2022-06-04","forecast","-1.29421115489552"
"exdqlm_univar_synth","draw_013",190,"2022-06-05","forecast","-0.581765163870081"
"exdqlm_univar_synth","draw_013",190,"2022-06-06","forecast","-0.779846870132956"
"exdqlm_univar_synth","draw_013",190,"2022-06-07","forecast","-1.07192728755972"
"exdqlm_univar_synth","draw_013",190,"2022-06-08","forecast","-1.43606776003270"
"exdqlm_univar_synth","draw_014",206,"2022-05-12","forecast","-0.475319977011099"
"exdqlm_univar_synth","draw_014",206,"2022-05-13","forecast","-0.450635862997635"
"exdqlm_univar_synth","draw_014",206,"2022-05-14","forecast","-1.00570601691579"
"exdqlm_univar_synth","draw_014",206,"2022-05-15","forecast","-0.789073481453073"
"exdqlm_univar_synth","draw_014",206,"2022-05-16","forecast","-1.03511728675857"
"exdqlm_univar_synth","draw_014",206,"2022-05-17","forecast","-0.832205765190785"
"exdqlm_univar_synth","draw_014",206,"2022-05-18","forecast","-0.337551524089951"
"exdqlm_univar_synth","draw_014",206,"2022-05-19","forecast","-1.18103145888153"
"exdqlm_univar_synth","draw_014",206,"2022-05-20","forecast","-1.28013017390196"
"exdqlm_univar_synth","draw_014",206,"2022-05-21","forecast","-1.07932442190463"
"exdqlm_univar_synth","draw_014",206,"2022-05-22","forecast","-0.754307229962605"
"exdqlm_univar_synth","draw_014",206,"2022-05-23","forecast","-0.730583057065297"
"exdqlm_univar_synth","draw_014",206,"2022-05-24","forecast","-1.35999997587462"
"exdqlm_univar_synth","draw_014",206,"2022-05-25","forecast","-0.765524421623813"
"exdqlm_univar_synth","draw_014",206,"2022-05-26","forecast","-0.797088273826816"
"exdqlm_univar_synth","draw_014",206,"2022-05-27","forecast","-0.891579145899493"
"exdqlm_univar_synth","draw_014",206,"2022-05-28","forecast","-1.44049315876222"
"exdqlm_univar_synth","draw_014",206,"2022-05-29","forecast","-0.842553886971143"
"exdqlm_univar_synth","draw_014",206,"2022-05-30","forecast","-0.820822119252826"
"exdqlm_univar_synth","draw_014",206,"2022-05-31","forecast","-0.889175639871377"
"exdqlm_univar_synth","draw_014",206,"2022-06-01","forecast","-0.817144097580264"
"exdqlm_univar_synth","draw_014",206,"2022-06-02","forecast","-0.970881932330957"
"exdqlm_univar_synth","draw_014",206,"2022-06-03","forecast","-0.838621311774305"
"exdqlm_univar_synth","draw_014",206,"2022-06-04","forecast","-1.12525245729864"
"exdqlm_univar_synth","draw_014",206,"2022-06-05","forecast","-0.408399167884477"
"exdqlm_univar_synth","draw_014",206,"2022-06-06","forecast","-1.40777232646610"
"exdqlm_univar_synth","draw_014",206,"2022-06-07","forecast","-0.985004935122348"
"exdqlm_univar_synth","draw_014",206,"2022-06-08","forecast","-0.887054822605974"
"exdqlm_univar_synth","draw_015",221,"2022-05-12","forecast","-0.490962440694412"
"exdqlm_univar_synth","draw_015",221,"2022-05-13","forecast","-0.601196592289240"
"exdqlm_univar_synth","draw_015",221,"2022-05-14","forecast","-0.477988946156331"
"exdqlm_univar_synth","draw_015",221,"2022-05-15","forecast","-0.817107568033292"
"exdqlm_univar_synth","draw_015",221,"2022-05-16","forecast","-1.06872248733416"
"exdqlm_univar_synth","draw_015",221,"2022-05-17","forecast","-1.05093446621921"
"exdqlm_univar_synth","draw_015",221,"2022-05-18","forecast","-0.399043318437590"
"exdqlm_univar_synth","draw_015",221,"2022-05-19","forecast","-1.31258830031716"
"exdqlm_univar_synth","draw_015",221,"2022-05-20","forecast","-0.616814164898362"
"exdqlm_univar_synth","draw_015",221,"2022-05-21","forecast","-0.739439416258938"
"exdqlm_univar_synth","draw_015",221,"2022-05-22","forecast","-0.855486459023855"
"exdqlm_univar_synth","draw_015",221,"2022-05-23","forecast","-0.822068463900518"
"exdqlm_univar_synth","draw_015",221,"2022-05-24","forecast","-0.883800487447635"
"exdqlm_univar_synth","draw_015",221,"2022-05-25","forecast","-0.969118161292394"
"exdqlm_univar_synth","draw_015",221,"2022-05-26","forecast","-1.37372346347664"
"exdqlm_univar_synth","draw_015",221,"2022-05-27","forecast","-0.897013237637839"
"exdqlm_univar_synth","draw_015",221,"2022-05-28","forecast","-0.695056572591071"
"exdqlm_univar_synth","draw_015",221,"2022-05-29","forecast","-1.04686851915207"
"exdqlm_univar_synth","draw_015",221,"2022-05-30","forecast","-0.603503724013905"
"exdqlm_univar_synth","draw_015",221,"2022-05-31","forecast","-1.24474817967775"
"exdqlm_univar_synth","draw_015",221,"2022-06-01","forecast","-1.12398856063973"
"exdqlm_univar_synth","draw_015",221,"2022-06-02","forecast","-0.947520873568888"
"exdqlm_univar_synth","draw_015",221,"2022-06-03","forecast","-1.44455523710643"
"exdqlm_univar_synth","draw_015",221,"2022-06-04","forecast","-1.27998638127193"
"exdqlm_univar_synth","draw_015",221,"2022-06-05","forecast","-0.406129494430514"
"exdqlm_univar_synth","draw_015",221,"2022-06-06","forecast","-0.985008502529892"
"exdqlm_univar_synth","draw_015",221,"2022-06-07","forecast","-0.688740444701114"
"exdqlm_univar_synth","draw_015",221,"2022-06-08","forecast","-0.883975371067335"
"exdqlm_univar_synth","draw_016",237,"2022-05-12","forecast","-0.794173974711369"
"exdqlm_univar_synth","draw_016",237,"2022-05-13","forecast","-0.664938082271316"
"exdqlm_univar_synth","draw_016",237,"2022-05-14","forecast","-0.883901621106145"
"exdqlm_univar_synth","draw_016",237,"2022-05-15","forecast","-1.05961166187408"
"exdqlm_univar_synth","draw_016",237,"2022-05-16","forecast","-0.413793907681494"
"exdqlm_univar_synth","draw_016",237,"2022-05-17","forecast","-0.756936772147603"
"exdqlm_univar_synth","draw_016",237,"2022-05-18","forecast","-0.532223533342020"
"exdqlm_univar_synth","draw_016",237,"2022-05-19","forecast","-1.10831209638230"
"exdqlm_univar_synth","draw_016",237,"2022-05-20","forecast","-1.04502404918136"
"exdqlm_univar_synth","draw_016",237,"2022-05-21","forecast","-0.741341209626434"
"exdqlm_univar_synth","draw_016",237,"2022-05-22","forecast","-0.769628819977417"
"exdqlm_univar_synth","draw_016",237,"2022-05-23","forecast","-0.610565852315008"
"exdqlm_univar_synth","draw_016",237,"2022-05-24","forecast","-0.843542447031736"
"exdqlm_univar_synth","draw_016",237,"2022-05-25","forecast","-1.05580181957031"
"exdqlm_univar_synth","draw_016",237,"2022-05-26","forecast","-0.922850181581123"
"exdqlm_univar_synth","draw_016",237,"2022-05-27","forecast","-0.895073464920234"
"exdqlm_univar_synth","draw_016",237,"2022-05-28","forecast","-1.00642402912621"
"exdqlm_univar_synth","draw_016",237,"2022-05-29","forecast","-0.830674821697066"
"exdqlm_univar_synth","draw_016",237,"2022-05-30","forecast","-0.772881211687647"
"exdqlm_univar_synth","draw_016",237,"2022-05-31","forecast","-0.956709326701884"
"exdqlm_univar_synth","draw_016",237,"2022-06-01","forecast","-0.956413012326240"
"exdqlm_univar_synth","draw_016",237,"2022-06-02","forecast","-0.946997225928080"
"exdqlm_univar_synth","draw_016",237,"2022-06-03","forecast","-1.09673376669501"
"exdqlm_univar_synth","draw_016",237,"2022-06-04","forecast","-1.32906617037333"
"exdqlm_univar_synth","draw_016",237,"2022-06-05","forecast","-0.594299560178704"
"exdqlm_univar_synth","draw_016",237,"2022-06-06","forecast","-1.13391014485793"
"exdqlm_univar_synth","draw_016",237,"2022-06-07","forecast","-0.801749430197308"
"exdqlm_univar_synth","draw_016",237,"2022-06-08","forecast","-0.845968889728707"
"exdqlm_univar_synth","draw_017",253,"2022-05-12","forecast","-0.696548934944734"
"exdqlm_univar_synth","draw_017",253,"2022-05-13","forecast","-0.533231962694222"
"exdqlm_univar_synth","draw_017",253,"2022-05-14","forecast","-0.377037597472545"
"exdqlm_univar_synth","draw_017",253,"2022-05-15","forecast","-0.478620280588306"
"exdqlm_univar_synth","draw_017",253,"2022-05-16","forecast","-1.02074902948185"
"exdqlm_univar_synth","draw_017",253,"2022-05-17","forecast","-0.853419051326216"
"exdqlm_univar_synth","draw_017",253,"2022-05-18","forecast","-0.884240645536402"
"exdqlm_univar_synth","draw_017",253,"2022-05-19","forecast","-0.826611810226255"
"exdqlm_univar_synth","draw_017",253,"2022-05-20","forecast","-0.681395882486490"
"exdqlm_univar_synth","draw_017",253,"2022-05-21","forecast","-0.743232388943454"
"exdqlm_univar_synth","draw_017",253,"2022-05-22","forecast","-0.860224598849111"
"exdqlm_univar_synth","draw_017",253,"2022-05-23","forecast","-0.717497358007385"
"exdqlm_univar_synth","draw_017",253,"2022-05-24","forecast","-0.894455006533962"
"exdqlm_univar_synth","draw_017",253,"2022-05-25","forecast","-0.656109409697658"
"exdqlm_univar_synth","draw_017",253,"2022-05-26","forecast","-0.787836960973338"
"exdqlm_univar_synth","draw_017",253,"2022-05-27","forecast","-0.895328708191681"
"exdqlm_univar_synth","draw_017",253,"2022-05-28","forecast","-0.697982084341273"
"exdqlm_univar_synth","draw_017",253,"2022-05-29","forecast","-0.821295467604136"
"exdqlm_univar_synth","draw_017",253,"2022-05-30","forecast","-0.778368335233111"
"exdqlm_univar_synth","draw_017",253,"2022-05-31","forecast","-1.41635580662362"
"exdqlm_univar_synth","draw_017",253,"2022-06-01","forecast","-0.819052961188513"
"exdqlm_univar_synth","draw_017",253,"2022-06-02","forecast","-1.26378566463476"
"exdqlm_univar_synth","draw_017",253,"2022-06-03","forecast","-1.16907513977537"
"exdqlm_univar_synth","draw_017",253,"2022-06-04","forecast","-1.50023080583718"
"exdqlm_univar_synth","draw_017",253,"2022-06-05","forecast","-1.08766000270009"
"exdqlm_univar_synth","draw_017",253,"2022-06-06","forecast","-0.759107235082562"
"exdqlm_univar_synth","draw_017",253,"2022-06-07","forecast","-0.689370719790387"
"exdqlm_univar_synth","draw_017",253,"2022-06-08","forecast","-0.960288993188233"
"exdqlm_univar_synth","draw_018",269,"2022-05-12","forecast","-0.697070438735980"
"exdqlm_univar_synth","draw_018",269,"2022-05-13","forecast","-0.432242025613582"
"exdqlm_univar_synth","draw_018",269,"2022-05-14","forecast","-0.555632991096905"
"exdqlm_univar_synth","draw_018",269,"2022-05-15","forecast","-0.615500888082823"
"exdqlm_univar_synth","draw_018",269,"2022-05-16","forecast","-0.770827979413373"
"exdqlm_univar_synth","draw_018",269,"2022-05-17","forecast","-0.697750770620034"
"exdqlm_univar_synth","draw_018",269,"2022-05-18","forecast","-0.487405847561768"
"exdqlm_univar_synth","draw_018",269,"2022-05-19","forecast","-0.801832471865515"
"exdqlm_univar_synth","draw_018",269,"2022-05-20","forecast","-0.702374977520261"
"exdqlm_univar_synth","draw_018",269,"2022-05-21","forecast","-1.07518122402949"
"exdqlm_univar_synth","draw_018",269,"2022-05-22","forecast","-0.763294393921394"
"exdqlm_univar_synth","draw_018",269,"2022-05-23","forecast","-0.668892509770047"
"exdqlm_univar_synth","draw_018",269,"2022-05-24","forecast","-0.927835678531284"
"exdqlm_univar_synth","draw_018",269,"2022-05-25","forecast","-1.34976822842040"
"exdqlm_univar_synth","draw_018",269,"2022-05-26","forecast","-0.910921362296124"
"exdqlm_univar_synth","draw_018",269,"2022-05-27","forecast","-0.833342800080403"
"exdqlm_univar_synth","draw_018",269,"2022-05-28","forecast","-0.687155781822025"
"exdqlm_univar_synth","draw_018",269,"2022-05-29","forecast","-0.828504268789416"
"exdqlm_univar_synth","draw_018",269,"2022-05-30","forecast","-0.747341006375713"
"exdqlm_univar_synth","draw_018",269,"2022-05-31","forecast","-1.34158833018799"
"exdqlm_univar_synth","draw_018",269,"2022-06-01","forecast","-0.820230871347164"
"exdqlm_univar_synth","draw_018",269,"2022-06-02","forecast","-1.70452388612889"
"exdqlm_univar_synth","draw_018",269,"2022-06-03","forecast","-1.16136628730789"
"exdqlm_univar_synth","draw_018",269,"2022-06-04","forecast","-0.955231369079592"
"exdqlm_univar_synth","draw_018",269,"2022-06-05","forecast","-0.349176099231936"
"exdqlm_univar_synth","draw_018",269,"2022-06-06","forecast","-0.784155036418061"
"exdqlm_univar_synth","draw_018",269,"2022-06-07","forecast","-0.684154309480400"
"exdqlm_univar_synth","draw_018",269,"2022-06-08","forecast","-0.873305822192860"
"exdqlm_univar_synth","draw_019",284,"2022-05-12","forecast","-0.549533361921157"
"exdqlm_univar_synth","draw_019",284,"2022-05-13","forecast","-0.430092344771011"
"exdqlm_univar_synth","draw_019",284,"2022-05-14","forecast","-0.937838142500447"
"exdqlm_univar_synth","draw_019",284,"2022-05-15","forecast","-0.581413450190394"
"exdqlm_univar_synth","draw_019",284,"2022-05-16","forecast","-0.868335077460903"
"exdqlm_univar_synth","draw_019",284,"2022-05-17","forecast","-0.699596494816732"
"exdqlm_univar_synth","draw_019",284,"2022-05-18","forecast","-0.717921678858904"
"exdqlm_univar_synth","draw_019",284,"2022-05-19","forecast","-1.19377473941968"
"exdqlm_univar_synth","draw_019",284,"2022-05-20","forecast","-0.731977420969712"
"exdqlm_univar_synth","draw_019",284,"2022-05-21","forecast","-1.06902412530189"
"exdqlm_univar_synth","draw_019",284,"2022-05-22","forecast","-1.04189195149975"
"exdqlm_univar_synth","draw_019",284,"2022-05-23","forecast","-0.610691913350367"
"exdqlm_univar_synth","draw_019",284,"2022-05-24","forecast","-1.11713988623492"
"exdqlm_univar_synth","draw_019",284,"2022-05-25","forecast","-1.05571710629061"
"exdqlm_univar_synth","draw_019",284,"2022-05-26","forecast","-0.947807031417625"
"exdqlm_univar_synth","draw_019",284,"2022-05-27","forecast","-0.966381778420005"
"exdqlm_univar_synth","draw_019",284,"2022-05-28","forecast","-0.744286551839060"
"exdqlm_univar_synth","draw_019",284,"2022-05-29","forecast","-1.18533116875806"
"exdqlm_univar_synth","draw_019",284,"2022-05-30","forecast","-1.08577852691087"
"exdqlm_univar_synth","draw_019",284,"2022-05-31","forecast","-1.14206376976281"
"exdqlm_univar_synth","draw_019",284,"2022-06-01","forecast","-0.798546100860249"
"exdqlm_univar_synth","draw_019",284,"2022-06-02","forecast","-1.26688038338597"
"exdqlm_univar_synth","draw_019",284,"2022-06-03","forecast","-0.821071182587102"
"exdqlm_univar_synth","draw_019",284,"2022-06-04","forecast","-0.961123421364189"
"exdqlm_univar_synth","draw_019",284,"2022-06-05","forecast","-0.364039572962168"
"exdqlm_univar_synth","draw_019",284,"2022-06-06","forecast","-0.544674141778604"
"exdqlm_univar_synth","draw_019",284,"2022-06-07","forecast","-1.46849370026930"
"exdqlm_univar_synth","draw_019",284,"2022-06-08","forecast","-1.16438739472937"
"exdqlm_univar_synth","draw_020",300,"2022-05-12","forecast","-0.628171845718052"
"exdqlm_univar_synth","draw_020",300,"2022-05-13","forecast","-0.653226251493483"
"exdqlm_univar_synth","draw_020",300,"2022-05-14","forecast","-0.445658613496477"
"exdqlm_univar_synth","draw_020",300,"2022-05-15","forecast","-0.935152272089775"
"exdqlm_univar_synth","draw_020",300,"2022-05-16","forecast","-1.06145714675996"
"exdqlm_univar_synth","draw_020",300,"2022-05-17","forecast","-1.04628151711662"
"exdqlm_univar_synth","draw_020",300,"2022-05-18","forecast","-0.340197983936738"
"exdqlm_univar_synth","draw_020",300,"2022-05-19","forecast","-0.804351414128201"
"exdqlm_univar_synth","draw_020",300,"2022-05-20","forecast","-0.789267137160553"
"exdqlm_univar_synth","draw_020",300,"2022-05-21","forecast","-0.801113180655778"
"exdqlm_univar_synth","draw_020",300,"2022-05-22","forecast","-0.757457990474307"
"exdqlm_univar_synth","draw_020",300,"2022-05-23","forecast","-0.617227534856347"
"exdqlm_univar_synth","draw_020",300,"2022-05-24","forecast","-1.27758289682727"
"exdqlm_univar_synth","draw_020",300,"2022-05-25","forecast","-0.766343361942979"
"exdqlm_univar_synth","draw_020",300,"2022-05-26","forecast","-1.11987476164719"
"exdqlm_univar_synth","draw_020",300,"2022-05-27","forecast","-1.19520797392943"
"exdqlm_univar_synth","draw_020",300,"2022-05-28","forecast","-1.35285860337587"
"exdqlm_univar_synth","draw_020",300,"2022-05-29","forecast","-0.843282092116749"
"exdqlm_univar_synth","draw_020",300,"2022-05-30","forecast","-0.917398371575488"
"exdqlm_univar_synth","draw_020",300,"2022-05-31","forecast","-0.966178738799267"
"exdqlm_univar_synth","draw_020",300,"2022-06-01","forecast","-1.27458907542408"
"exdqlm_univar_synth","draw_020",300,"2022-06-02","forecast","-1.43191397833675"
"exdqlm_univar_synth","draw_020",300,"2022-06-03","forecast","-0.932186589496645"
"exdqlm_univar_synth","draw_020",300,"2022-06-04","forecast","-0.947180616963658"
"exdqlm_univar_synth","draw_020",300,"2022-06-05","forecast","-1.10872230326410"
"exdqlm_univar_synth","draw_020",300,"2022-06-06","forecast","-1.56877190990208"
"exdqlm_univar_synth","draw_020",300,"2022-06-07","forecast","-1.48388845444733"
"exdqlm_univar_synth","draw_020",300,"2022-06-08","forecast","-0.844186539393104"
"exdqlm_univar_synth","draw_021",316,"2022-05-12","forecast","-0.898960394580963"
"exdqlm_univar_synth","draw_021",316,"2022-05-13","forecast","-1.10288005477794"
"exdqlm_univar_synth","draw_021",316,"2022-05-14","forecast","-0.540335695797360"
"exdqlm_univar_synth","draw_021",316,"2022-05-15","forecast","-0.618636364370501"
"exdqlm_univar_synth","draw_021",316,"2022-05-16","forecast","-0.724611396744724"
"exdqlm_univar_synth","draw_021",316,"2022-05-17","forecast","-0.969960088308238"
"exdqlm_univar_synth","draw_021",316,"2022-05-18","forecast","-0.623612939875330"
"exdqlm_univar_synth","draw_021",316,"2022-05-19","forecast","-0.747040779324610"
"exdqlm_univar_synth","draw_021",316,"2022-05-20","forecast","-0.800171162201266"
"exdqlm_univar_synth","draw_021",316,"2022-05-21","forecast","-1.23720395614403"
"exdqlm_univar_synth","draw_021",316,"2022-05-22","forecast","-0.763119560180914"
"exdqlm_univar_synth","draw_021",316,"2022-05-23","forecast","-0.681935751868014"
"exdqlm_univar_synth","draw_021",316,"2022-05-24","forecast","-1.20563059923493"
"exdqlm_univar_synth","draw_021",316,"2022-05-25","forecast","-1.16807517217429"
"exdqlm_univar_synth","draw_021",316,"2022-05-26","forecast","-0.679696767991839"
"exdqlm_univar_synth","draw_021",316,"2022-05-27","forecast","-1.53222477617457"
"exdqlm_univar_synth","draw_021",316,"2022-05-28","forecast","-1.18276335778842"
"exdqlm_univar_synth","draw_021",316,"2022-05-29","forecast","-1.25439435466205"
"exdqlm_univar_synth","draw_021",316,"2022-05-30","forecast","-0.732881634846251"
"exdqlm_univar_synth","draw_021",316,"2022-05-31","forecast","-1.11379482641720"
"exdqlm_univar_synth","draw_021",316,"2022-06-01","forecast","-0.816995852953282"
"exdqlm_univar_synth","draw_021",316,"2022-06-02","forecast","-1.49055171559871"
"exdqlm_univar_synth","draw_021",316,"2022-06-03","forecast","-1.45848728675109"
"exdqlm_univar_synth","draw_021",316,"2022-06-04","forecast","-1.47538454946071"
"exdqlm_univar_synth","draw_021",316,"2022-06-05","forecast","-0.432516430393560"
"exdqlm_univar_synth","draw_021",316,"2022-06-06","forecast","-0.777988828138647"
"exdqlm_univar_synth","draw_021",316,"2022-06-07","forecast","-0.900987810516187"
"exdqlm_univar_synth","draw_021",316,"2022-06-08","forecast","-0.851724317659230"
"exdqlm_univar_synth","draw_022",332,"2022-05-12","forecast","-0.900658292847780"
"exdqlm_univar_synth","draw_022",332,"2022-05-13","forecast","-0.755698295214272"
"exdqlm_univar_synth","draw_022",332,"2022-05-14","forecast","-0.545777447575259"
"exdqlm_univar_synth","draw_022",332,"2022-05-15","forecast","-0.663180900524048"
"exdqlm_univar_synth","draw_022",332,"2022-05-16","forecast","-1.01162690152876"
"exdqlm_univar_synth","draw_022",332,"2022-05-17","forecast","-0.699257475476948"
"exdqlm_univar_synth","draw_022",332,"2022-05-18","forecast","-0.515634262111330"
"exdqlm_univar_synth","draw_022",332,"2022-05-19","forecast","-0.809684307898437"
"exdqlm_univar_synth","draw_022",332,"2022-05-20","forecast","-0.844416769619509"
"exdqlm_univar_synth","draw_022",332,"2022-05-21","forecast","-0.825776680304743"
"exdqlm_univar_synth","draw_022",332,"2022-05-22","forecast","-1.10014682234665"
"exdqlm_univar_synth","draw_022",332,"2022-05-23","forecast","-0.818024724248053"
"exdqlm_univar_synth","draw_022",332,"2022-05-24","forecast","-0.883873411795200"
"exdqlm_univar_synth","draw_022",332,"2022-05-25","forecast","-1.42478858001237"
"exdqlm_univar_synth","draw_022",332,"2022-05-26","forecast","-1.30924801870459"
"exdqlm_univar_synth","draw_022",332,"2022-05-27","forecast","-0.896931257663063"
"exdqlm_univar_synth","draw_022",332,"2022-05-28","forecast","-0.692943982250750"
"exdqlm_univar_synth","draw_022",332,"2022-05-29","forecast","-1.01226399575681"
"exdqlm_univar_synth","draw_022",332,"2022-05-30","forecast","-0.890672110090282"
"exdqlm_univar_synth","draw_022",332,"2022-05-31","forecast","-0.900105348445698"
"exdqlm_univar_synth","draw_022",332,"2022-06-01","forecast","-0.884592693810859"
"exdqlm_univar_synth","draw_022",332,"2022-06-02","forecast","-0.947459054099311"
"exdqlm_univar_synth","draw_022",332,"2022-06-03","forecast","-0.750415706948626"
"exdqlm_univar_synth","draw_022",332,"2022-06-04","forecast","-0.958142210602694"
"exdqlm_univar_synth","draw_022",332,"2022-06-05","forecast","-0.376907569411145"
"exdqlm_univar_synth","draw_022",332,"2022-06-06","forecast","-1.13981236040497"
"exdqlm_univar_synth","draw_022",332,"2022-06-07","forecast","-0.688463218356274"
"exdqlm_univar_synth","draw_022",332,"2022-06-08","forecast","-0.844421810437954"
"exdqlm_univar_synth","draw_023",347,"2022-05-12","forecast","-0.791112772804145"
"exdqlm_univar_synth","draw_023",347,"2022-05-13","forecast","-0.415260953083439"
"exdqlm_univar_synth","draw_023",347,"2022-05-14","forecast","-0.828747841526404"
"exdqlm_univar_synth","draw_023",347,"2022-05-15","forecast","-0.857361280769102"
"exdqlm_univar_synth","draw_023",347,"2022-05-16","forecast","-0.512682752641346"
"exdqlm_univar_synth","draw_023",347,"2022-05-17","forecast","-0.680332341938566"
"exdqlm_univar_synth","draw_023",347,"2022-05-18","forecast","-0.883732219914009"
"exdqlm_univar_synth","draw_023",347,"2022-05-19","forecast","-1.11231464822101"
"exdqlm_univar_synth","draw_023",347,"2022-05-20","forecast","-0.519020337563026"
"exdqlm_univar_synth","draw_023",347,"2022-05-21","forecast","-0.740180591225330"
"exdqlm_univar_synth","draw_023",347,"2022-05-22","forecast","-1.01332507669772"
"exdqlm_univar_synth","draw_023",347,"2022-05-23","forecast","-0.943154676706103"
"exdqlm_univar_synth","draw_023",347,"2022-05-24","forecast","-1.20846233909433"
"exdqlm_univar_synth","draw_023",347,"2022-05-25","forecast","-1.13887761637287"
"exdqlm_univar_synth","draw_023",347,"2022-05-26","forecast","-0.967410802838923"
"exdqlm_univar_synth","draw_023",347,"2022-05-27","forecast","-0.891920485916835"
"exdqlm_univar_synth","draw_023",347,"2022-05-28","forecast","-0.977294163713905"
"exdqlm_univar_synth","draw_023",347,"2022-05-29","forecast","-0.851808548775794"
"exdqlm_univar_synth","draw_023",347,"2022-05-30","forecast","-0.998323667457545"
"exdqlm_univar_synth","draw_023",347,"2022-05-31","forecast","-1.26407787512214"
"exdqlm_univar_synth","draw_023",347,"2022-06-01","forecast","-1.38782874723250"
"exdqlm_univar_synth","draw_023",347,"2022-06-02","forecast","-0.955057898963038"
"exdqlm_univar_synth","draw_023",347,"2022-06-03","forecast","-0.843286337258548"
"exdqlm_univar_synth","draw_023",347,"2022-06-04","forecast","-0.986538889227764"
"exdqlm_univar_synth","draw_023",347,"2022-06-05","forecast","-0.107956018584619"
"exdqlm_univar_synth","draw_023",347,"2022-06-06","forecast","-0.772470238482172"
"exdqlm_univar_synth","draw_023",347,"2022-06-07","forecast","-1.14727531688041"
"exdqlm_univar_synth","draw_023",347,"2022-06-08","forecast","-0.889082381428460"
"exdqlm_univar_synth","draw_024",363,"2022-05-12","forecast","-0.950524433054850"
"exdqlm_univar_synth","draw_024",363,"2022-05-13","forecast","-0.465463955865339"
"exdqlm_univar_synth","draw_024",363,"2022-05-14","forecast","-0.483166202036437"
"exdqlm_univar_synth","draw_024",363,"2022-05-15","forecast","-0.666802857286471"
"exdqlm_univar_synth","draw_024",363,"2022-05-16","forecast","-0.605011358276892"
"exdqlm_univar_synth","draw_024",363,"2022-05-17","forecast","-0.848322463475280"
"exdqlm_univar_synth","draw_024",363,"2022-05-18","forecast","-0.687972622599292"
"exdqlm_univar_synth","draw_024",363,"2022-05-19","forecast","-0.805613688765883"
"exdqlm_univar_synth","draw_024",363,"2022-05-20","forecast","-0.690194170212360"
"exdqlm_univar_synth","draw_024",363,"2022-05-21","forecast","-0.898815946743066"
"exdqlm_univar_synth","draw_024",363,"2022-05-22","forecast","-0.763593062315301"
"exdqlm_univar_synth","draw_024",363,"2022-05-23","forecast","-0.650637332500072"
"exdqlm_univar_synth","draw_024",363,"2022-05-24","forecast","-1.28076484420715"
"exdqlm_univar_synth","draw_024",363,"2022-05-25","forecast","-1.19918214138817"
"exdqlm_univar_synth","draw_024",363,"2022-05-26","forecast","-1.52976700423977"
"exdqlm_univar_synth","draw_024",363,"2022-05-27","forecast","-1.11471749390158"
"exdqlm_univar_synth","draw_024",363,"2022-05-28","forecast","-1.20998364708972"
"exdqlm_univar_synth","draw_024",363,"2022-05-29","forecast","-1.45551919738129"
"exdqlm_univar_synth","draw_024",363,"2022-05-30","forecast","-0.820660898766214"
"exdqlm_univar_synth","draw_024",363,"2022-05-31","forecast","-1.31095826845761"
"exdqlm_univar_synth","draw_024",363,"2022-06-01","forecast","-1.24098561603098"
"exdqlm_univar_synth","draw_024",363,"2022-06-02","forecast","-1.31702199095839"
"exdqlm_univar_synth","draw_024",363,"2022-06-03","forecast","-0.833397940435177"
"exdqlm_univar_synth","draw_024",363,"2022-06-04","forecast","-1.48662726870211"
"exdqlm_univar_synth","draw_024",363,"2022-06-05","forecast","-0.346854689097179"
"exdqlm_univar_synth","draw_024",363,"2022-06-06","forecast","-0.805895306722135"
"exdqlm_univar_synth","draw_024",363,"2022-06-07","forecast","-0.980413133181408"
"exdqlm_univar_synth","draw_024",363,"2022-06-08","forecast","-0.845402708442010"
"exdqlm_univar_synth","draw_025",379,"2022-05-12","forecast","-0.767257657043994"
"exdqlm_univar_synth","draw_025",379,"2022-05-13","forecast","-0.384930089833064"
"exdqlm_univar_synth","draw_025",379,"2022-05-14","forecast","0"
"exdqlm_univar_synth","draw_025",379,"2022-05-15","forecast","-0.365299154289260"
"exdqlm_univar_synth","draw_025",379,"2022-05-16","forecast","-1.05678529911314"
"exdqlm_univar_synth","draw_025",379,"2022-05-17","forecast","-1.24769499342175"
"exdqlm_univar_synth","draw_025",379,"2022-05-18","forecast","-1.07261891070541"
"exdqlm_univar_synth","draw_025",379,"2022-05-19","forecast","-1.30638215577306"
"exdqlm_univar_synth","draw_025",379,"2022-05-20","forecast","-0.724935364368926"
"exdqlm_univar_synth","draw_025",379,"2022-05-21","forecast","-1.03500200155438"
"exdqlm_univar_synth","draw_025",379,"2022-05-22","forecast","-1.33544552372592"
"exdqlm_univar_synth","draw_025",379,"2022-05-23","forecast","-0.670776082336733"
"exdqlm_univar_synth","draw_025",379,"2022-05-24","forecast","-1.19853002519070"
"exdqlm_univar_synth","draw_025",379,"2022-05-25","forecast","-1.43384004481959"
"exdqlm_univar_synth","draw_025",379,"2022-05-26","forecast","-0.797337352611113"
"exdqlm_univar_synth","draw_025",379,"2022-05-27","forecast","-1.51917306650565"
"exdqlm_univar_synth","draw_025",379,"2022-05-28","forecast","-0.679190428527040"
"exdqlm_univar_synth","draw_025",379,"2022-05-29","forecast","-1.07244932277307"
"exdqlm_univar_synth","draw_025",379,"2022-05-30","forecast","-0.776144062643930"
"exdqlm_univar_synth","draw_025",379,"2022-05-31","forecast","-1.11716148535445"
"exdqlm_univar_synth","draw_025",379,"2022-06-01","forecast","-1.05388535054795"
"exdqlm_univar_synth","draw_025",379,"2022-06-02","forecast","-0.990699489432914"
"exdqlm_univar_synth","draw_025",379,"2022-06-03","forecast","-0.841738832640352"
"exdqlm_univar_synth","draw_025",379,"2022-06-04","forecast","-1.19948117810441"
"exdqlm_univar_synth","draw_025",379,"2022-06-05","forecast","-0.386502769974527"
"exdqlm_univar_synth","draw_025",379,"2022-06-06","forecast","-0.805900465535053"
"exdqlm_univar_synth","draw_025",379,"2022-06-07","forecast","-1.32001529026948"
"exdqlm_univar_synth","draw_025",379,"2022-06-08","forecast","-1.22328466638443"
"exdqlm_univar_synth","draw_026",395,"2022-05-12","forecast","-0.682701611714174"
"exdqlm_univar_synth","draw_026",395,"2022-05-13","forecast","-0.593659039353559"
"exdqlm_univar_synth","draw_026",395,"2022-05-14","forecast","-0.478241114944899"
"exdqlm_univar_synth","draw_026",395,"2022-05-15","forecast","-0.486828564493985"
"exdqlm_univar_synth","draw_026",395,"2022-05-16","forecast","-0.606216521139174"
"exdqlm_univar_synth","draw_026",395,"2022-05-17","forecast","-0.981812086598737"
"exdqlm_univar_synth","draw_026",395,"2022-05-18","forecast","-1.05041832365260"
"exdqlm_univar_synth","draw_026",395,"2022-05-19","forecast","-1.11791516228579"
"exdqlm_univar_synth","draw_026",395,"2022-05-20","forecast","-0.670868064896866"
"exdqlm_univar_synth","draw_026",395,"2022-05-21","forecast","-1.31636435223162"
"exdqlm_univar_synth","draw_026",395,"2022-05-22","forecast","-0.912108718926420"
"exdqlm_univar_synth","draw_026",395,"2022-05-23","forecast","-0.724318224307343"
"exdqlm_univar_synth","draw_026",395,"2022-05-24","forecast","-1.19966310213477"
"exdqlm_univar_synth","draw_026",395,"2022-05-25","forecast","-0.788447811068018"
"exdqlm_univar_synth","draw_026",395,"2022-05-26","forecast","-1.25414742548489"
"exdqlm_univar_synth","draw_026",395,"2022-05-27","forecast","-1.23329244052576"
"exdqlm_univar_synth","draw_026",395,"2022-05-28","forecast","-0.694509883117376"
"exdqlm_univar_synth","draw_026",395,"2022-05-29","forecast","-0.869233100010000"
"exdqlm_univar_synth","draw_026",395,"2022-05-30","forecast","-1.20333419794754"
"exdqlm_univar_synth","draw_026",395,"2022-05-31","forecast","-1.06318126871578"
"exdqlm_univar_synth","draw_026",395,"2022-06-01","forecast","-1.57198949788506"
"exdqlm_univar_synth","draw_026",395,"2022-06-02","forecast","-0.936146384704158"
"exdqlm_univar_synth","draw_026",395,"2022-06-03","forecast","-0.839071567106051"
"exdqlm_univar_synth","draw_026",395,"2022-06-04","forecast","-1.22296142670765"
"exdqlm_univar_synth","draw_026",395,"2022-06-05","forecast","-1.34847866350788"
"exdqlm_univar_synth","draw_026",395,"2022-06-06","forecast","-1.39159273820586"
"exdqlm_univar_synth","draw_026",395,"2022-06-07","forecast","-0.849577008872900"
"exdqlm_univar_synth","draw_026",395,"2022-06-08","forecast","-0.843756452803127"
"exdqlm_univar_synth","draw_027",410,"2022-05-12","forecast","-0.661720554490227"
"exdqlm_univar_synth","draw_027",410,"2022-05-13","forecast","-0.775985239062167"
"exdqlm_univar_synth","draw_027",410,"2022-05-14","forecast","-0.828497387262880"
"exdqlm_univar_synth","draw_027",410,"2022-05-15","forecast","-0.588854072012243"
"exdqlm_univar_synth","draw_027",410,"2022-05-16","forecast","-0.670895747589757"
"exdqlm_univar_synth","draw_027",410,"2022-05-17","forecast","-0.743146095105942"
"exdqlm_univar_synth","draw_027",410,"2022-05-18","forecast","-0.919886773814138"
"exdqlm_univar_synth","draw_027",410,"2022-05-19","forecast","-0.888035116274705"
"exdqlm_univar_synth","draw_027",410,"2022-05-20","forecast","-0.701715618598759"
"exdqlm_univar_synth","draw_027",410,"2022-05-21","forecast","-0.871524850140066"
"exdqlm_univar_synth","draw_027",410,"2022-05-22","forecast","-1.14095977921210"
"exdqlm_univar_synth","draw_027",410,"2022-05-23","forecast","-1.13964392713921"
"exdqlm_univar_synth","draw_027",410,"2022-05-24","forecast","-1.00727948430798"
"exdqlm_univar_synth","draw_027",410,"2022-05-25","forecast","-0.955688760302521"
"exdqlm_univar_synth","draw_027",410,"2022-05-26","forecast","-0.800979284151233"
"exdqlm_univar_synth","draw_027",410,"2022-05-27","forecast","-1.28393709943157"
"exdqlm_univar_synth","draw_027",410,"2022-05-28","forecast","-1.06480617367338"
"exdqlm_univar_synth","draw_027",410,"2022-05-29","forecast","-0.824015698284379"
"exdqlm_univar_synth","draw_027",410,"2022-05-30","forecast","-0.778247992203874"
"exdqlm_univar_synth","draw_027",410,"2022-05-31","forecast","-0.887706703051660"
"exdqlm_univar_synth","draw_027",410,"2022-06-01","forecast","-1.18831301185991"
"exdqlm_univar_synth","draw_027",410,"2022-06-02","forecast","-1.48518155981774"
"exdqlm_univar_synth","draw_027",410,"2022-06-03","forecast","-0.841992342070574"
"exdqlm_univar_synth","draw_027",410,"2022-06-04","forecast","-1.16507362579454"
"exdqlm_univar_synth","draw_027",410,"2022-06-05","forecast","-0.452738591966992"
"exdqlm_univar_synth","draw_027",410,"2022-06-06","forecast","-0.811722588558935"
"exdqlm_univar_synth","draw_027",410,"2022-06-07","forecast","-0.702100564888088"
"exdqlm_univar_synth","draw_027",410,"2022-06-08","forecast","-0.845288979389341"
"exdqlm_univar_synth","draw_028",426,"2022-05-12","forecast","-0.584144966172571"
"exdqlm_univar_synth","draw_028",426,"2022-05-13","forecast","-0.419261467390566"
"exdqlm_univar_synth","draw_028",426,"2022-05-14","forecast","-0.509617421958196"
"exdqlm_univar_synth","draw_028",426,"2022-05-15","forecast","-0.350700243035852"
"exdqlm_univar_synth","draw_028",426,"2022-05-16","forecast","-1.02755306790841"
"exdqlm_univar_synth","draw_028",426,"2022-05-17","forecast","-0.936713038032050"
"exdqlm_univar_synth","draw_028",426,"2022-05-18","forecast","-0.871919994502292"
"exdqlm_univar_synth","draw_028",426,"2022-05-19","forecast","-1.18548554583546"
"exdqlm_univar_synth","draw_028",426,"2022-05-20","forecast","-1.23691722495314"
"exdqlm_univar_synth","draw_028",426,"2022-05-21","forecast","-0.972754202748184"
"exdqlm_univar_synth","draw_028",426,"2022-05-22","forecast","-0.952272847034898"
"exdqlm_univar_synth","draw_028",426,"2022-05-23","forecast","-0.761216149471833"
"exdqlm_univar_synth","draw_028",426,"2022-05-24","forecast","-1.14067477015369"
"exdqlm_univar_synth","draw_028",426,"2022-05-25","forecast","-1.12222092973884"
"exdqlm_univar_synth","draw_028",426,"2022-05-26","forecast","-1.10657825527744"
"exdqlm_univar_synth","draw_028",426,"2022-05-27","forecast","-0.903207074903450"
"exdqlm_univar_synth","draw_028",426,"2022-05-28","forecast","-0.696592893345731"
"exdqlm_univar_synth","draw_028",426,"2022-05-29","forecast","-0.824811531781631"
"exdqlm_univar_synth","draw_028",426,"2022-05-30","forecast","-0.829683382924544"
"exdqlm_univar_synth","draw_028",426,"2022-05-31","forecast","-0.985536004803065"
"exdqlm_univar_synth","draw_028",426,"2022-06-01","forecast","-0.787587323402589"
"exdqlm_univar_synth","draw_028",426,"2022-06-02","forecast","-1.14702626695728"
"exdqlm_univar_synth","draw_028",426,"2022-06-03","forecast","-1.18227176179702"
"exdqlm_univar_synth","draw_028",426,"2022-06-04","forecast","-1.46985256537960"
"exdqlm_univar_synth","draw_028",426,"2022-06-05","forecast","-1.13761201830775"
"exdqlm_univar_synth","draw_028",426,"2022-06-06","forecast","-0.778631863272621"
"exdqlm_univar_synth","draw_028",426,"2022-06-07","forecast","-1.23067913820857"
"exdqlm_univar_synth","draw_028",426,"2022-06-08","forecast","-0.845518412694610"
"exdqlm_univar_synth","draw_029",442,"2022-05-12","forecast","-0.797857610187830"
"exdqlm_univar_synth","draw_029",442,"2022-05-13","forecast","-0.329397141676119"
"exdqlm_univar_synth","draw_029",442,"2022-05-14","forecast","-0.473882548422512"
"exdqlm_univar_synth","draw_029",442,"2022-05-15","forecast","-0.288213091672008"
"exdqlm_univar_synth","draw_029",442,"2022-05-16","forecast","-0.694237404524991"
"exdqlm_univar_synth","draw_029",442,"2022-05-17","forecast","-0.704681424915752"
"exdqlm_univar_synth","draw_029",442,"2022-05-18","forecast","-0.648889676510376"
"exdqlm_univar_synth","draw_029",442,"2022-05-19","forecast","-0.811002820654183"
"exdqlm_univar_synth","draw_029",442,"2022-05-20","forecast","-1.00270654588633"
"exdqlm_univar_synth","draw_029",442,"2022-05-21","forecast","-0.792953867279248"
"exdqlm_univar_synth","draw_029",442,"2022-05-22","forecast","-0.764493302914206"
"exdqlm_univar_synth","draw_029",442,"2022-05-23","forecast","-0.654421934207058"
"exdqlm_univar_synth","draw_029",442,"2022-05-24","forecast","-0.911272408900983"
"exdqlm_univar_synth","draw_029",442,"2022-05-25","forecast","-0.750669876830667"
"exdqlm_univar_synth","draw_029",442,"2022-05-26","forecast","-1.22757565092562"
"exdqlm_univar_synth","draw_029",442,"2022-05-27","forecast","-0.773063940706612"
"exdqlm_univar_synth","draw_029",442,"2022-05-28","forecast","-1.04289013154100"
"exdqlm_univar_synth","draw_029",442,"2022-05-29","forecast","-0.875348207395170"
"exdqlm_univar_synth","draw_029",442,"2022-05-30","forecast","-0.795117913230924"
"exdqlm_univar_synth","draw_029",442,"2022-05-31","forecast","-0.883648615004103"
"exdqlm_univar_synth","draw_029",442,"2022-06-01","forecast","-1.38623180169849"
"exdqlm_univar_synth","draw_029",442,"2022-06-02","forecast","-0.944307532416791"
"exdqlm_univar_synth","draw_029",442,"2022-06-03","forecast","-0.842122923736696"
"exdqlm_univar_synth","draw_029",442,"2022-06-04","forecast","-1.31163807261488"
"exdqlm_univar_synth","draw_029",442,"2022-06-05","forecast","-0.543390182826100"
"exdqlm_univar_synth","draw_029",442,"2022-06-06","forecast","-0.942952745411819"
"exdqlm_univar_synth","draw_029",442,"2022-06-07","forecast","-0.707867913341545"
"exdqlm_univar_synth","draw_029",442,"2022-06-08","forecast","-1.51768877670151"
"exdqlm_univar_synth","draw_030",457,"2022-05-12","forecast","-0.567106238525303"
"exdqlm_univar_synth","draw_030",457,"2022-05-13","forecast","-0.644083763160023"
"exdqlm_univar_synth","draw_030",457,"2022-05-14","forecast","-0.821826600536406"
"exdqlm_univar_synth","draw_030",457,"2022-05-15","forecast","-0.494426152555048"
"exdqlm_univar_synth","draw_030",457,"2022-05-16","forecast","-0.764994644752200"
"exdqlm_univar_synth","draw_030",457,"2022-05-17","forecast","-0.973385695646221"
"exdqlm_univar_synth","draw_030",457,"2022-05-18","forecast","-1.12918706705566"
"exdqlm_univar_synth","draw_030",457,"2022-05-19","forecast","-0.801291973713503"
"exdqlm_univar_synth","draw_030",457,"2022-05-20","forecast","-0.826938200113731"
"exdqlm_univar_synth","draw_030",457,"2022-05-21","forecast","-0.726806040267249"
"exdqlm_univar_synth","draw_030",457,"2022-05-22","forecast","-0.764519547245305"
"exdqlm_univar_synth","draw_030",457,"2022-05-23","forecast","-0.840704346356242"
"exdqlm_univar_synth","draw_030",457,"2022-05-24","forecast","-0.883542124845151"
"exdqlm_univar_synth","draw_030",457,"2022-05-25","forecast","-1.03892369097794"
"exdqlm_univar_synth","draw_030",457,"2022-05-26","forecast","-0.798903150105015"
"exdqlm_univar_synth","draw_030",457,"2022-05-27","forecast","-1.11968170059423"
"exdqlm_univar_synth","draw_030",457,"2022-05-28","forecast","-1.55227811721500"
"exdqlm_univar_synth","draw_030",457,"2022-05-29","forecast","-0.823385235869418"
"exdqlm_univar_synth","draw_030",457,"2022-05-30","forecast","-0.778105863755310"
"exdqlm_univar_synth","draw_030",457,"2022-05-31","forecast","-1.13691315700959"
"exdqlm_univar_synth","draw_030",457,"2022-06-01","forecast","-0.821179132927522"
"exdqlm_univar_synth","draw_030",457,"2022-06-02","forecast","-0.920271492200788"
"exdqlm_univar_synth","draw_030",457,"2022-06-03","forecast","-1.29118562922646"
"exdqlm_univar_synth","draw_030",457,"2022-06-04","forecast","-0.950199594901068"
"exdqlm_univar_synth","draw_030",457,"2022-06-05","forecast","-0.478709371255978"
"exdqlm_univar_synth","draw_030",457,"2022-06-06","forecast","-0.804422485453728"
"exdqlm_univar_synth","draw_030",457,"2022-06-07","forecast","-0.945303643739099"
"exdqlm_univar_synth","draw_030",457,"2022-06-08","forecast","-1.46569873353578"
"exdqlm_univar_synth","draw_031",473,"2022-05-12","forecast","-0.511525801128300"
"exdqlm_univar_synth","draw_031",473,"2022-05-13","forecast","-0.410429395687839"
"exdqlm_univar_synth","draw_031",473,"2022-05-14","forecast","-0.542087532412785"
"exdqlm_univar_synth","draw_031",473,"2022-05-15","forecast","-0.484921861504484"
"exdqlm_univar_synth","draw_031",473,"2022-05-16","forecast","-0.605525581578400"
"exdqlm_univar_synth","draw_031",473,"2022-05-17","forecast","-0.989275746271138"
"exdqlm_univar_synth","draw_031",473,"2022-05-18","forecast","-0.860401192439577"
"exdqlm_univar_synth","draw_031",473,"2022-05-19","forecast","-0.863034542951210"
"exdqlm_univar_synth","draw_031",473,"2022-05-20","forecast","-0.571945184370017"
"exdqlm_univar_synth","draw_031",473,"2022-05-21","forecast","-0.707583333272793"
"exdqlm_univar_synth","draw_031",473,"2022-05-22","forecast","-0.646451190882026"
"exdqlm_univar_synth","draw_031",473,"2022-05-23","forecast","-0.615627464268072"
"exdqlm_univar_synth","draw_031",473,"2022-05-24","forecast","-1.11361534362115"
"exdqlm_univar_synth","draw_031",473,"2022-05-25","forecast","-1.37447214469913"
"exdqlm_univar_synth","draw_031",473,"2022-05-26","forecast","-1.15752497483589"
"exdqlm_univar_synth","draw_031",473,"2022-05-27","forecast","-0.898284829014058"
"exdqlm_univar_synth","draw_031",473,"2022-05-28","forecast","-0.907676893047316"
"exdqlm_univar_synth","draw_031",473,"2022-05-29","forecast","-0.823397114714314"
"exdqlm_univar_synth","draw_031",473,"2022-05-30","forecast","-0.777708410753063"
"exdqlm_univar_synth","draw_031",473,"2022-05-31","forecast","-0.891322416676747"
"exdqlm_univar_synth","draw_031",473,"2022-06-01","forecast","-0.821229909568043"
"exdqlm_univar_synth","draw_031",473,"2022-06-02","forecast","-0.975335157318909"
"exdqlm_univar_synth","draw_031",473,"2022-06-03","forecast","-0.958138535368071"
"exdqlm_univar_synth","draw_031",473,"2022-06-04","forecast","-0.986419878244763"
"exdqlm_univar_synth","draw_031",473,"2022-06-05","forecast","-0.350061384064060"
"exdqlm_univar_synth","draw_031",473,"2022-06-06","forecast","-1.31131334940758"
"exdqlm_univar_synth","draw_031",473,"2022-06-07","forecast","-0.687498958881946"
"exdqlm_univar_synth","draw_031",473,"2022-06-08","forecast","-1.11852209983275"
"exdqlm_univar_synth","draw_032",489,"2022-05-12","forecast","-0.875860626699543"
"exdqlm_univar_synth","draw_032",489,"2022-05-13","forecast","-0.496118278472924"
"exdqlm_univar_synth","draw_032",489,"2022-05-14","forecast","-0.979619158422540"
"exdqlm_univar_synth","draw_032",489,"2022-05-15","forecast","-0.325672804677302"
"exdqlm_univar_synth","draw_032",489,"2022-05-16","forecast","-0.608685631239507"
"exdqlm_univar_synth","draw_032",489,"2022-05-17","forecast","-0.840701648535083"
"exdqlm_univar_synth","draw_032",489,"2022-05-18","forecast","-0.729742248509184"
"exdqlm_univar_synth","draw_032",489,"2022-05-19","forecast","-0.805262320367340"
"exdqlm_univar_synth","draw_032",489,"2022-05-20","forecast","-1.10234114175545"
"exdqlm_univar_synth","draw_032",489,"2022-05-21","forecast","-0.738004046913994"
"exdqlm_univar_synth","draw_032",489,"2022-05-22","forecast","-1.12828232292646"
"exdqlm_univar_synth","draw_032",489,"2022-05-23","forecast","-0.547063252894089"
"exdqlm_univar_synth","draw_032",489,"2022-05-24","forecast","-1.29897068234471"
"exdqlm_univar_synth","draw_032",489,"2022-05-25","forecast","-1.08911537252608"
"exdqlm_univar_synth","draw_032",489,"2022-05-26","forecast","-1.39757655632088"
"exdqlm_univar_synth","draw_032",489,"2022-05-27","forecast","-1.48028961649389"
"exdqlm_univar_synth","draw_032",489,"2022-05-28","forecast","-0.613703719940997"
"exdqlm_univar_synth","draw_032",489,"2022-05-29","forecast","-0.819011552823947"
"exdqlm_univar_synth","draw_032",489,"2022-05-30","forecast","-0.775423720515617"
"exdqlm_univar_synth","draw_032",489,"2022-05-31","forecast","-1.62572991703963"
"exdqlm_univar_synth","draw_032",489,"2022-06-01","forecast","-1.07175809815748"
"exdqlm_univar_synth","draw_032",489,"2022-06-02","forecast","-0.953544243605220"
"exdqlm_univar_synth","draw_032",489,"2022-06-03","forecast","-1.05546704851634"
"exdqlm_univar_synth","draw_032",489,"2022-06-04","forecast","-0.959002438387902"
"exdqlm_univar_synth","draw_032",489,"2022-06-05","forecast","-0.850982828197923"
"exdqlm_univar_synth","draw_032",489,"2022-06-06","forecast","-0.778041263560536"
"exdqlm_univar_synth","draw_032",489,"2022-06-07","forecast","-0.678648250866329"
"exdqlm_univar_synth","draw_032",489,"2022-06-08","forecast","-1.46915108935715"
"exdqlm_univar_synth","draw_033",505,"2022-05-12","forecast","-0.741513272628029"
"exdqlm_univar_synth","draw_033",505,"2022-05-13","forecast","-0.919302806675677"
"exdqlm_univar_synth","draw_033",505,"2022-05-14","forecast","-0.493905204374933"
"exdqlm_univar_synth","draw_033",505,"2022-05-15","forecast","-0.840061548206863"
"exdqlm_univar_synth","draw_033",505,"2022-05-16","forecast","-0.695241602075520"
"exdqlm_univar_synth","draw_033",505,"2022-05-17","forecast","-0.693122509130105"
"exdqlm_univar_synth","draw_033",505,"2022-05-18","forecast","-1.02522470771469"
"exdqlm_univar_synth","draw_033",505,"2022-05-19","forecast","-1.04864361023157"
"exdqlm_univar_synth","draw_033",505,"2022-05-20","forecast","-0.645051221502553"
"exdqlm_univar_synth","draw_033",505,"2022-05-21","forecast","-0.733556322394104"
"exdqlm_univar_synth","draw_033",505,"2022-05-22","forecast","-0.949472384073233"
"exdqlm_univar_synth","draw_033",505,"2022-05-23","forecast","-0.729110412479692"
"exdqlm_univar_synth","draw_033",505,"2022-05-24","forecast","-1.29600608056506"
"exdqlm_univar_synth","draw_033",505,"2022-05-25","forecast","-0.900999078822769"
"exdqlm_univar_synth","draw_033",505,"2022-05-26","forecast","-0.797442577039606"
"exdqlm_univar_synth","draw_033",505,"2022-05-27","forecast","-1.32509547638654"
"exdqlm_univar_synth","draw_033",505,"2022-05-28","forecast","-0.694925146348389"
"exdqlm_univar_synth","draw_033",505,"2022-05-29","forecast","-0.839672276007553"
"exdqlm_univar_synth","draw_033",505,"2022-05-30","forecast","-0.849516845370429"
"exdqlm_univar_synth","draw_033",505,"2022-05-31","forecast","-1.00289582538846"
"exdqlm_univar_synth","draw_033",505,"2022-06-01","forecast","-0.932606549850493"
"exdqlm_univar_synth","draw_033",505,"2022-06-02","forecast","-1.31434512760607"
"exdqlm_univar_synth","draw_033",505,"2022-06-03","forecast","-1.33112439807812"
"exdqlm_univar_synth","draw_033",505,"2022-06-04","forecast","-0.946047567952611"
"exdqlm_univar_synth","draw_033",505,"2022-06-05","forecast","-0.412885838114053"
"exdqlm_univar_synth","draw_033",505,"2022-06-06","forecast","-0.784462271972233"
"exdqlm_univar_synth","draw_033",505,"2022-06-07","forecast","-0.687680198851386"
"exdqlm_univar_synth","draw_033",505,"2022-06-08","forecast","-0.843396674793047"
"exdqlm_univar_synth","draw_034",520,"2022-05-12","forecast","-0.297175544166857"
"exdqlm_univar_synth","draw_034",520,"2022-05-13","forecast","-0.898363164889599"
"exdqlm_univar_synth","draw_034",520,"2022-05-14","forecast","-0.860690768026103"
"exdqlm_univar_synth","draw_034",520,"2022-05-15","forecast","-0.457124918172251"
"exdqlm_univar_synth","draw_034",520,"2022-05-16","forecast","-0.848338349953781"
"exdqlm_univar_synth","draw_034",520,"2022-05-17","forecast","-0.700211847060028"
"exdqlm_univar_synth","draw_034",520,"2022-05-18","forecast","-0.501205461614139"
"exdqlm_univar_synth","draw_034",520,"2022-05-19","forecast","-0.808376548144938"
"exdqlm_univar_synth","draw_034",520,"2022-05-20","forecast","-0.702556627670749"
"exdqlm_univar_synth","draw_034",520,"2022-05-21","forecast","-0.832160894041831"
"exdqlm_univar_synth","draw_034",520,"2022-05-22","forecast","-0.963199361310511"
"exdqlm_univar_synth","draw_034",520,"2022-05-23","forecast","-0.753661894392009"
"exdqlm_univar_synth","draw_034",520,"2022-05-24","forecast","-0.895254830050661"
"exdqlm_univar_synth","draw_034",520,"2022-05-25","forecast","-0.716111922300640"
"exdqlm_univar_synth","draw_034",520,"2022-05-26","forecast","-0.966356690226214"
"exdqlm_univar_synth","draw_034",520,"2022-05-27","forecast","-0.893679839713152"
"exdqlm_univar_synth","draw_034",520,"2022-05-28","forecast","-0.878711813902066"
"exdqlm_univar_synth","draw_034",520,"2022-05-29","forecast","-0.818469108012615"
"exdqlm_univar_synth","draw_034",520,"2022-05-30","forecast","-1.67532060828505"
"exdqlm_univar_synth","draw_034",520,"2022-05-31","forecast","-0.885815014644764"
"exdqlm_univar_synth","draw_034",520,"2022-06-01","forecast","-1.28401719840536"
"exdqlm_univar_synth","draw_034",520,"2022-06-02","forecast","-1.20695516662751"
"exdqlm_univar_synth","draw_034",520,"2022-06-03","forecast","-1.32348425570111"
"exdqlm_univar_synth","draw_034",520,"2022-06-04","forecast","-1.12009318965729"
"exdqlm_univar_synth","draw_034",520,"2022-06-05","forecast","-1.10083776722693"
"exdqlm_univar_synth","draw_034",520,"2022-06-06","forecast","-1.49127887212218"
"exdqlm_univar_synth","draw_034",520,"2022-06-07","forecast","-1.47063268125577"
"exdqlm_univar_synth","draw_034",520,"2022-06-08","forecast","-1.39444058842207"
"exdqlm_univar_synth","draw_035",536,"2022-05-12","forecast","-0.345677751102636"
"exdqlm_univar_synth","draw_035",536,"2022-05-13","forecast","-0.418531683561595"
"exdqlm_univar_synth","draw_035",536,"2022-05-14","forecast","-0.537962405574447"
"exdqlm_univar_synth","draw_035",536,"2022-05-15","forecast","-0.811079015669486"
"exdqlm_univar_synth","draw_035",536,"2022-05-16","forecast","-0.596881816600240"
"exdqlm_univar_synth","draw_035",536,"2022-05-17","forecast","-0.772809271161279"
"exdqlm_univar_synth","draw_035",536,"2022-05-18","forecast","-0.609604942266474"
"exdqlm_univar_synth","draw_035",536,"2022-05-19","forecast","-1.23281837866865"
"exdqlm_univar_synth","draw_035",536,"2022-05-20","forecast","-0.953101133929953"
"exdqlm_univar_synth","draw_035",536,"2022-05-21","forecast","-0.840677401571340"
"exdqlm_univar_synth","draw_035",536,"2022-05-22","forecast","-0.751484591419107"
"exdqlm_univar_synth","draw_035",536,"2022-05-23","forecast","-0.590926954848184"
"exdqlm_univar_synth","draw_035",536,"2022-05-24","forecast","-1.46797955642800"
"exdqlm_univar_synth","draw_035",536,"2022-05-25","forecast","-1.03033011593268"
"exdqlm_univar_synth","draw_035",536,"2022-05-26","forecast","-0.889280734370966"
"exdqlm_univar_synth","draw_035",536,"2022-05-27","forecast","-1.37199974750373"
"exdqlm_univar_synth","draw_035",536,"2022-05-28","forecast","-1.00119243726012"
"exdqlm_univar_synth","draw_035",536,"2022-05-29","forecast","-1.25109673069684"
"exdqlm_univar_synth","draw_035",536,"2022-05-30","forecast","-0.777668712943483"
"exdqlm_univar_synth","draw_035",536,"2022-05-31","forecast","-0.892491819593499"
"exdqlm_univar_synth","draw_035",536,"2022-06-01","forecast","-1.33530554039943"
"exdqlm_univar_synth","draw_035",536,"2022-06-02","forecast","-1.47123702289169"
"exdqlm_univar_synth","draw_035",536,"2022-06-03","forecast","-0.882256361999525"
"exdqlm_univar_synth","draw_035",536,"2022-06-04","forecast","-1.04601728472228"
"exdqlm_univar_synth","draw_035",536,"2022-06-05","forecast","-1.37843334742329"
"exdqlm_univar_synth","draw_035",536,"2022-06-06","forecast","-0.777458134672345"
"exdqlm_univar_synth","draw_035",536,"2022-06-07","forecast","-1.10127812436073"
"exdqlm_univar_synth","draw_035",536,"2022-06-08","forecast","-1.46687977616707"
"exdqlm_univar_synth","draw_036",552,"2022-05-12","forecast","-0.664524970598967"
"exdqlm_univar_synth","draw_036",552,"2022-05-13","forecast","-0.513153048056895"
"exdqlm_univar_synth","draw_036",552,"2022-05-14","forecast","-0.598459493217669"
"exdqlm_univar_synth","draw_036",552,"2022-05-15","forecast","-0.652204969055799"
"exdqlm_univar_synth","draw_036",552,"2022-05-16","forecast","-0.554627671248743"
"exdqlm_univar_synth","draw_036",552,"2022-05-17","forecast","-0.587332717893947"
"exdqlm_univar_synth","draw_036",552,"2022-05-18","forecast","-0.709175577362907"
"exdqlm_univar_synth","draw_036",552,"2022-05-19","forecast","-1.03455709928364"
"exdqlm_univar_synth","draw_036",552,"2022-05-20","forecast","-0.959763587998134"
"exdqlm_univar_synth","draw_036",552,"2022-05-21","forecast","-1.27710362032086"
"exdqlm_univar_synth","draw_036",552,"2022-05-22","forecast","-0.828669966597624"
"exdqlm_univar_synth","draw_036",552,"2022-05-23","forecast","-1.03027800052952"
"exdqlm_univar_synth","draw_036",552,"2022-05-24","forecast","-0.891057719249848"
"exdqlm_univar_synth","draw_036",552,"2022-05-25","forecast","-1.54784212255453"
"exdqlm_univar_synth","draw_036",552,"2022-05-26","forecast","-0.881941894249830"
"exdqlm_univar_synth","draw_036",552,"2022-05-27","forecast","-0.924106051621884"
"exdqlm_univar_synth","draw_036",552,"2022-05-28","forecast","-1.42114045079249"
"exdqlm_univar_synth","draw_036",552,"2022-05-29","forecast","-0.818725675763979"
"exdqlm_univar_synth","draw_036",552,"2022-05-30","forecast","-1.03057454505071"
"exdqlm_univar_synth","draw_036",552,"2022-05-31","forecast","-0.907738445434304"
"exdqlm_univar_synth","draw_036",552,"2022-06-01","forecast","-0.961261712761316"
"exdqlm_univar_synth","draw_036",552,"2022-06-02","forecast","-0.962987505546493"
"exdqlm_univar_synth","draw_036",552,"2022-06-03","forecast","-0.880144779993700"
"exdqlm_univar_synth","draw_036",552,"2022-06-04","forecast","-1.04794134529768"
"exdqlm_univar_synth","draw_036",552,"2022-06-05","forecast","-0.636967126158986"
"exdqlm_univar_synth","draw_036",552,"2022-06-06","forecast","-0.814990884119461"
"exdqlm_univar_synth","draw_036",552,"2022-06-07","forecast","-1.10580658008174"
"exdqlm_univar_synth","draw_036",552,"2022-06-08","forecast","-1.59777969952641"
"exdqlm_univar_synth","draw_037",568,"2022-05-12","forecast","-0.225367766161195"
"exdqlm_univar_synth","draw_037",568,"2022-05-13","forecast","-0.894198978403353"
"exdqlm_univar_synth","draw_037",568,"2022-05-14","forecast","-0.549539336102889"
"exdqlm_univar_synth","draw_037",568,"2022-05-15","forecast","-0.458248633002318"
"exdqlm_univar_synth","draw_037",568,"2022-05-16","forecast","-0.604507400935672"
"exdqlm_univar_synth","draw_037",568,"2022-05-17","forecast","-0.773461883978749"
"exdqlm_univar_synth","draw_037",568,"2022-05-18","forecast","-0.851586332742075"
"exdqlm_univar_synth","draw_037",568,"2022-05-19","forecast","-1.06110795832917"
"exdqlm_univar_synth","draw_037",568,"2022-05-20","forecast","-1.01012020009682"
"exdqlm_univar_synth","draw_037",568,"2022-05-21","forecast","-0.764536050537934"
"exdqlm_univar_synth","draw_037",568,"2022-05-22","forecast","-0.602371831588337"
"exdqlm_univar_synth","draw_037",568,"2022-05-23","forecast","-1.03985683996363"
"exdqlm_univar_synth","draw_037",568,"2022-05-24","forecast","-1.32196419744548"
"exdqlm_univar_synth","draw_037",568,"2022-05-25","forecast","-0.806660422503702"
"exdqlm_univar_synth","draw_037",568,"2022-05-26","forecast","-0.753095437995040"
"exdqlm_univar_synth","draw_037",568,"2022-05-27","forecast","-0.883631935349566"
"exdqlm_univar_synth","draw_037",568,"2022-05-28","forecast","-1.00194456156730"
"exdqlm_univar_synth","draw_037",568,"2022-05-29","forecast","-0.820127976488619"
"exdqlm_univar_synth","draw_037",568,"2022-05-30","forecast","-1.21389509323599"
"exdqlm_univar_synth","draw_037",568,"2022-05-31","forecast","-0.885981926980349"
"exdqlm_univar_synth","draw_037",568,"2022-06-01","forecast","-0.821348800297171"
"exdqlm_univar_synth","draw_037",568,"2022-06-02","forecast","-0.954433964129991"
"exdqlm_univar_synth","draw_037",568,"2022-06-03","forecast","-1.36981918608843"
"exdqlm_univar_synth","draw_037",568,"2022-06-04","forecast","-1.28770536468030"
"exdqlm_univar_synth","draw_037",568,"2022-06-05","forecast","-1.05742030103852"
"exdqlm_univar_synth","draw_037",568,"2022-06-06","forecast","-0.784111445985062"
"exdqlm_univar_synth","draw_037",568,"2022-06-07","forecast","-0.892639539560377"
"exdqlm_univar_synth","draw_037",568,"2022-06-08","forecast","-0.842380660359079"
"exdqlm_univar_synth","draw_038",583,"2022-05-12","forecast","-0.518973619814941"
"exdqlm_univar_synth","draw_038",583,"2022-05-13","forecast","-0.405774750249336"
"exdqlm_univar_synth","draw_038",583,"2022-05-14","forecast","-1.00042627207806"
"exdqlm_univar_synth","draw_038",583,"2022-05-15","forecast","-0.302379509632164"
"exdqlm_univar_synth","draw_038",583,"2022-05-16","forecast","-0.531804523179986"
"exdqlm_univar_synth","draw_038",583,"2022-05-17","forecast","-0.698791884561287"
"exdqlm_univar_synth","draw_038",583,"2022-05-18","forecast","-0.737699509058395"
"exdqlm_univar_synth","draw_038",583,"2022-05-19","forecast","-1.15042288764123"
"exdqlm_univar_synth","draw_038",583,"2022-05-20","forecast","-0.824403614642774"
"exdqlm_univar_synth","draw_038",583,"2022-05-21","forecast","-0.708525798688498"
"exdqlm_univar_synth","draw_038",583,"2022-05-22","forecast","-0.941693131510628"
"exdqlm_univar_synth","draw_038",583,"2022-05-23","forecast","-0.610570776085633"
"exdqlm_univar_synth","draw_038",583,"2022-05-24","forecast","-0.894895387286550"
"exdqlm_univar_synth","draw_038",583,"2022-05-25","forecast","-0.716645259968966"
"exdqlm_univar_synth","draw_038",583,"2022-05-26","forecast","-0.504957817358636"
"exdqlm_univar_synth","draw_038",583,"2022-05-27","forecast","-1.07581990584851"
"exdqlm_univar_synth","draw_038",583,"2022-05-28","forecast","-0.695611570721901"
"exdqlm_univar_synth","draw_038",583,"2022-05-29","forecast","-0.826135846897463"
"exdqlm_univar_synth","draw_038",583,"2022-05-30","forecast","-0.776370849593807"
"exdqlm_univar_synth","draw_038",583,"2022-05-31","forecast","-0.963510682051729"
"exdqlm_univar_synth","draw_038",583,"2022-06-01","forecast","-0.931817763184913"
"exdqlm_univar_synth","draw_038",583,"2022-06-02","forecast","-0.948365155397477"
"exdqlm_univar_synth","draw_038",583,"2022-06-03","forecast","-0.911648656129299"
"exdqlm_univar_synth","draw_038",583,"2022-06-04","forecast","-0.955256159551402"
"exdqlm_univar_synth","draw_038",583,"2022-06-05","forecast","-1.14292039519363"
"exdqlm_univar_synth","draw_038",583,"2022-06-06","forecast","-0.780162886485235"
"exdqlm_univar_synth","draw_038",583,"2022-06-07","forecast","-0.697583096696463"
"exdqlm_univar_synth","draw_038",583,"2022-06-08","forecast","-0.841302680021836"
"exdqlm_univar_synth","draw_039",599,"2022-05-12","forecast","-0.755809391430927"
"exdqlm_univar_synth","draw_039",599,"2022-05-13","forecast","-0.251208655827915"
"exdqlm_univar_synth","draw_039",599,"2022-05-14","forecast","-0.677068926839837"
"exdqlm_univar_synth","draw_039",599,"2022-05-15","forecast","-1.09489807440643"
"exdqlm_univar_synth","draw_039",599,"2022-05-16","forecast","-0.770186607632879"
"exdqlm_univar_synth","draw_039",599,"2022-05-17","forecast","-0.745244009369274"
"exdqlm_univar_synth","draw_039",599,"2022-05-18","forecast","-0.677013407848535"
"exdqlm_univar_synth","draw_039",599,"2022-05-19","forecast","-1.41452190704940"
"exdqlm_univar_synth","draw_039",599,"2022-05-20","forecast","-0.700700930677528"
"exdqlm_univar_synth","draw_039",599,"2022-05-21","forecast","-1.08280601210463"
"exdqlm_univar_synth","draw_039",599,"2022-05-22","forecast","-0.940170038433498"
"exdqlm_univar_synth","draw_039",599,"2022-05-23","forecast","-0.582577464083891"
"exdqlm_univar_synth","draw_039",599,"2022-05-24","forecast","-0.897246026501374"
"exdqlm_univar_synth","draw_039",599,"2022-05-25","forecast","-1.25346730388563"
"exdqlm_univar_synth","draw_039",599,"2022-05-26","forecast","-0.797268287898699"
"exdqlm_univar_synth","draw_039",599,"2022-05-27","forecast","-1.03908570068550"
"exdqlm_univar_synth","draw_039",599,"2022-05-28","forecast","-1.00700191909980"
"exdqlm_univar_synth","draw_039",599,"2022-05-29","forecast","-0.897873919059216"
"exdqlm_univar_synth","draw_039",599,"2022-05-30","forecast","-0.660750744487677"
"exdqlm_univar_synth","draw_039",599,"2022-05-31","forecast","-1.42996403161539"
"exdqlm_univar_synth","draw_039",599,"2022-06-01","forecast","-1.25886548204744"
"exdqlm_univar_synth","draw_039",599,"2022-06-02","forecast","-0.944629228469089"
"exdqlm_univar_synth","draw_039",599,"2022-06-03","forecast","-0.759581002379915"
"exdqlm_univar_synth","draw_039",599,"2022-06-04","forecast","-1.35519544283396"
"exdqlm_univar_synth","draw_039",599,"2022-06-05","forecast","-0.406898827826322"
"exdqlm_univar_synth","draw_039",599,"2022-06-06","forecast","-1.51934623644864"
"exdqlm_univar_synth","draw_039",599,"2022-06-07","forecast","-0.878482170439182"
"exdqlm_univar_synth","draw_039",599,"2022-06-08","forecast","-0.845518886544319"
"exdqlm_univar_synth","draw_040",615,"2022-05-12","forecast","-0.691355822793205"
"exdqlm_univar_synth","draw_040",615,"2022-05-13","forecast","-0.216284863434835"
"exdqlm_univar_synth","draw_040",615,"2022-05-14","forecast","-0.540362305092861"
"exdqlm_univar_synth","draw_040",615,"2022-05-15","forecast","-0.873142845946672"
"exdqlm_univar_synth","draw_040",615,"2022-05-16","forecast","-0.805051124292721"
"exdqlm_univar_synth","draw_040",615,"2022-05-17","forecast","-0.772482057650247"
"exdqlm_univar_synth","draw_040",615,"2022-05-18","forecast","-0.684378872880347"
"exdqlm_univar_synth","draw_040",615,"2022-05-19","forecast","-0.804975341892961"
"exdqlm_univar_synth","draw_040",615,"2022-05-20","forecast","-0.807922783730437"
"exdqlm_univar_synth","draw_040",615,"2022-05-21","forecast","-0.720890393043866"
"exdqlm_univar_synth","draw_040",615,"2022-05-22","forecast","-0.747723768733519"
"exdqlm_univar_synth","draw_040",615,"2022-05-23","forecast","-0.769393518166450"
"exdqlm_univar_synth","draw_040",615,"2022-05-24","forecast","-0.899118807897107"
"exdqlm_univar_synth","draw_040",615,"2022-05-25","forecast","-1.04263215800470"
"exdqlm_univar_synth","draw_040",615,"2022-05-26","forecast","-0.831313159079736"
"exdqlm_univar_synth","draw_040",615,"2022-05-27","forecast","-0.976701305211156"
"exdqlm_univar_synth","draw_040",615,"2022-05-28","forecast","-1.47861434420983"
"exdqlm_univar_synth","draw_040",615,"2022-05-29","forecast","-0.827830595606154"
"exdqlm_univar_synth","draw_040",615,"2022-05-30","forecast","-0.795405092380263"
"exdqlm_univar_synth","draw_040",615,"2022-05-31","forecast","-1.20054694694745"
"exdqlm_univar_synth","draw_040",615,"2022-06-01","forecast","-0.816668995340022"
"exdqlm_univar_synth","draw_040",615,"2022-06-02","forecast","-0.999246366968992"
"exdqlm_univar_synth","draw_040",615,"2022-06-03","forecast","-0.801019630814990"
"exdqlm_univar_synth","draw_040",615,"2022-06-04","forecast","-1.31373740282634"
"exdqlm_univar_synth","draw_040",615,"2022-06-05","forecast","-0.525544756587716"
"exdqlm_univar_synth","draw_040",615,"2022-06-06","forecast","-0.779259516650661"
"exdqlm_univar_synth","draw_040",615,"2022-06-07","forecast","-0.704118641964544"
"exdqlm_univar_synth","draw_040",615,"2022-06-08","forecast","-0.845133817642054"
"exdqlm_univar_synth","draw_041",631,"2022-05-12","forecast","-0.696095825535497"
"exdqlm_univar_synth","draw_041",631,"2022-05-13","forecast","-0.481020431608956"
"exdqlm_univar_synth","draw_041",631,"2022-05-14","forecast","-0.374660720492273"
"exdqlm_univar_synth","draw_041",631,"2022-05-15","forecast","-0.653487260774334"
"exdqlm_univar_synth","draw_041",631,"2022-05-16","forecast","-0.950664301002304"
"exdqlm_univar_synth","draw_041",631,"2022-05-17","forecast","-1.02675119049937"
"exdqlm_univar_synth","draw_041",631,"2022-05-18","forecast","-0.264267264428417"
"exdqlm_univar_synth","draw_041",631,"2022-05-19","forecast","-0.809930625376178"
"exdqlm_univar_synth","draw_041",631,"2022-05-20","forecast","-0.578052826953104"
"exdqlm_univar_synth","draw_041",631,"2022-05-21","forecast","-0.742572782140498"
"exdqlm_univar_synth","draw_041",631,"2022-05-22","forecast","-0.807031992020929"
"exdqlm_univar_synth","draw_041",631,"2022-05-23","forecast","-0.575187206971876"
"exdqlm_univar_synth","draw_041",631,"2022-05-24","forecast","-1.04281177259639"
"exdqlm_univar_synth","draw_041",631,"2022-05-25","forecast","-0.762767001896068"
"exdqlm_univar_synth","draw_041",631,"2022-05-26","forecast","-1.30266078461588"
"exdqlm_univar_synth","draw_041",631,"2022-05-27","forecast","-1.46623233640102"
"exdqlm_univar_synth","draw_041",631,"2022-05-28","forecast","-1.24325487536951"
"exdqlm_univar_synth","draw_041",631,"2022-05-29","forecast","-1.46596380154805"
"exdqlm_univar_synth","draw_041",631,"2022-05-30","forecast","-0.777931591366209"
"exdqlm_univar_synth","draw_041",631,"2022-05-31","forecast","-1.32334390201016"
"exdqlm_univar_synth","draw_041",631,"2022-06-01","forecast","-1.42079119367818"
"exdqlm_univar_synth","draw_041",631,"2022-06-02","forecast","-1.38614119983554"
"exdqlm_univar_synth","draw_041",631,"2022-06-03","forecast","-0.840885032799604"
"exdqlm_univar_synth","draw_041",631,"2022-06-04","forecast","-0.885313071791730"
"exdqlm_univar_synth","draw_041",631,"2022-06-05","forecast","-0.408715592969124"
"exdqlm_univar_synth","draw_041",631,"2022-06-06","forecast","-0.962670378743591"
"exdqlm_univar_synth","draw_041",631,"2022-06-07","forecast","-1.18069442305204"
"exdqlm_univar_synth","draw_041",631,"2022-06-08","forecast","-0.845200729507382"
"exdqlm_univar_synth","draw_042",646,"2022-05-12","forecast","-0.229599452617829"
"exdqlm_univar_synth","draw_042",646,"2022-05-13","forecast","-0.456328084622268"
"exdqlm_univar_synth","draw_042",646,"2022-05-14","forecast","-0.843862362351675"
"exdqlm_univar_synth","draw_042",646,"2022-05-15","forecast","-0.332551007431204"
"exdqlm_univar_synth","draw_042",646,"2022-05-16","forecast","-1.09858436357549"
"exdqlm_univar_synth","draw_042",646,"2022-05-17","forecast","-1.07407712145740"
"exdqlm_univar_synth","draw_042",646,"2022-05-18","forecast","-0.717937516607554"
"exdqlm_univar_synth","draw_042",646,"2022-05-19","forecast","-1.15083529448471"
"exdqlm_univar_synth","draw_042",646,"2022-05-20","forecast","-1.12446642201140"
"exdqlm_univar_synth","draw_042",646,"2022-05-21","forecast","-1.04666357790941"
"exdqlm_univar_synth","draw_042",646,"2022-05-22","forecast","-1.08255956959408"
"exdqlm_univar_synth","draw_042",646,"2022-05-23","forecast","-0.733981943415054"
"exdqlm_univar_synth","draw_042",646,"2022-05-24","forecast","-1.18023631176923"
"exdqlm_univar_synth","draw_042",646,"2022-05-25","forecast","-0.830362001565019"
"exdqlm_univar_synth","draw_042",646,"2022-05-26","forecast","-0.888490102924868"
"exdqlm_univar_synth","draw_042",646,"2022-05-27","forecast","-0.866707523932934"
"exdqlm_univar_synth","draw_042",646,"2022-05-28","forecast","-0.693366659208590"
"exdqlm_univar_synth","draw_042",646,"2022-05-29","forecast","-0.849821711659138"
"exdqlm_univar_synth","draw_042",646,"2022-05-30","forecast","-1.10331876949818"
"exdqlm_univar_synth","draw_042",646,"2022-05-31","forecast","-0.886199420242092"
"exdqlm_univar_synth","draw_042",646,"2022-06-01","forecast","-0.813422187156877"
"exdqlm_univar_synth","draw_042",646,"2022-06-02","forecast","-1.01059574027943"
"exdqlm_univar_synth","draw_042",646,"2022-06-03","forecast","-1.67770732622061"
"exdqlm_univar_synth","draw_042",646,"2022-06-04","forecast","-0.959836224229408"
"exdqlm_univar_synth","draw_042",646,"2022-06-05","forecast","-1.27929107653436"
"exdqlm_univar_synth","draw_042",646,"2022-06-06","forecast","-1.21127091681680"
"exdqlm_univar_synth","draw_042",646,"2022-06-07","forecast","-1.45605380177683"
"exdqlm_univar_synth","draw_042",646,"2022-06-08","forecast","-0.846140776401264"
"exdqlm_univar_synth","draw_043",662,"2022-05-12","forecast","-0.922648213340231"
"exdqlm_univar_synth","draw_043",662,"2022-05-13","forecast","-0.660803250441385"
"exdqlm_univar_synth","draw_043",662,"2022-05-14","forecast","-0.553433368402816"
"exdqlm_univar_synth","draw_043",662,"2022-05-15","forecast","-0.463424641446730"
"exdqlm_univar_synth","draw_043",662,"2022-05-16","forecast","-0.525329576677219"
"exdqlm_univar_synth","draw_043",662,"2022-05-17","forecast","-1.15665985408181"
"exdqlm_univar_synth","draw_043",662,"2022-05-18","forecast","-1.00262546977000"
"exdqlm_univar_synth","draw_043",662,"2022-05-19","forecast","-0.965180926039835"
"exdqlm_univar_synth","draw_043",662,"2022-05-20","forecast","-0.701495028932635"
"exdqlm_univar_synth","draw_043",662,"2022-05-21","forecast","-0.741879456801645"
"exdqlm_univar_synth","draw_043",662,"2022-05-22","forecast","-1.27176064571682"
"exdqlm_univar_synth","draw_043",662,"2022-05-23","forecast","-0.616607881771814"
"exdqlm_univar_synth","draw_043",662,"2022-05-24","forecast","-1.46977428475981"
"exdqlm_univar_synth","draw_043",662,"2022-05-25","forecast","-1.24044913614964"
"exdqlm_univar_synth","draw_043",662,"2022-05-26","forecast","-1.29223173929117"
"exdqlm_univar_synth","draw_043",662,"2022-05-27","forecast","-0.896159467911893"
"exdqlm_univar_synth","draw_043",662,"2022-05-28","forecast","-0.871165955641463"
"exdqlm_univar_synth","draw_043",662,"2022-05-29","forecast","-0.819254943432676"
"exdqlm_univar_synth","draw_043",662,"2022-05-30","forecast","-1.42240705521835"
"exdqlm_univar_synth","draw_043",662,"2022-05-31","forecast","-0.892272196275544"
"exdqlm_univar_synth","draw_043",662,"2022-06-01","forecast","-0.820211429462377"
"exdqlm_univar_synth","draw_043",662,"2022-06-02","forecast","-1.11378274625080"
"exdqlm_univar_synth","draw_043",662,"2022-06-03","forecast","-0.840481913283150"
"exdqlm_univar_synth","draw_043",662,"2022-06-04","forecast","-1.40436909014911"
"exdqlm_univar_synth","draw_043",662,"2022-06-05","forecast","-0.592019905116365"
"exdqlm_univar_synth","draw_043",662,"2022-06-06","forecast","-0.926871595717904"
"exdqlm_univar_synth","draw_043",662,"2022-06-07","forecast","-0.929296322061445"
"exdqlm_univar_synth","draw_043",662,"2022-06-08","forecast","-0.854156546278009"
"exdqlm_univar_synth","draw_044",678,"2022-05-12","forecast","-0.749962885489121"
"exdqlm_univar_synth","draw_044",678,"2022-05-13","forecast","-0.667397094826790"
"exdqlm_univar_synth","draw_044",678,"2022-05-14","forecast","-0.460790687515407"
"exdqlm_univar_synth","draw_044",678,"2022-05-15","forecast","-0.694720930964161"
"exdqlm_univar_synth","draw_044",678,"2022-05-16","forecast","-0.728257525484746"
"exdqlm_univar_synth","draw_044",678,"2022-05-17","forecast","-0.690981386571302"
"exdqlm_univar_synth","draw_044",678,"2022-05-18","forecast","-0.909437851699691"
"exdqlm_univar_synth","draw_044",678,"2022-05-19","forecast","-1.24318509064165"
"exdqlm_univar_synth","draw_044",678,"2022-05-20","forecast","-0.936272098464320"
"exdqlm_univar_synth","draw_044",678,"2022-05-21","forecast","-0.742476696433955"
"exdqlm_univar_synth","draw_044",678,"2022-05-22","forecast","-0.701891818047322"
"exdqlm_univar_synth","draw_044",678,"2022-05-23","forecast","-1.04853557219021"
"exdqlm_univar_synth","draw_044",678,"2022-05-24","forecast","-1.28145183961826"
"exdqlm_univar_synth","draw_044",678,"2022-05-25","forecast","-1.34252521612283"
"exdqlm_univar_synth","draw_044",678,"2022-05-26","forecast","-0.795881413460729"
"exdqlm_univar_synth","draw_044",678,"2022-05-27","forecast","-0.928102198328541"
"exdqlm_univar_synth","draw_044",678,"2022-05-28","forecast","-1.11409707355300"
"exdqlm_univar_synth","draw_044",678,"2022-05-29","forecast","-1.59949133838703"
"exdqlm_univar_synth","draw_044",678,"2022-05-30","forecast","-1.18166548605429"
"exdqlm_univar_synth","draw_044",678,"2022-05-31","forecast","-0.939650212101507"
"exdqlm_univar_synth","draw_044",678,"2022-06-01","forecast","-0.886330289695989"
"exdqlm_univar_synth","draw_044",678,"2022-06-02","forecast","-0.954002107928823"
"exdqlm_univar_synth","draw_044",678,"2022-06-03","forecast","-0.731187285701121"
"exdqlm_univar_synth","draw_044",678,"2022-06-04","forecast","-1.59613366278471"
"exdqlm_univar_synth","draw_044",678,"2022-06-05","forecast","-0.275438350643584"
"exdqlm_univar_synth","draw_044",678,"2022-06-06","forecast","-0.808229615921575"
"exdqlm_univar_synth","draw_044",678,"2022-06-07","forecast","-0.804550229906452"
"exdqlm_univar_synth","draw_044",678,"2022-06-08","forecast","-1.17788668525846"
"exdqlm_univar_synth","draw_045",694,"2022-05-12","forecast","-0.476673831006588"
"exdqlm_univar_synth","draw_045",694,"2022-05-13","forecast","-0.433591091689318"
"exdqlm_univar_synth","draw_045",694,"2022-05-14","forecast","-0.544038166971844"
"exdqlm_univar_synth","draw_045",694,"2022-05-15","forecast","-0.850332433540872"
"exdqlm_univar_synth","draw_045",694,"2022-05-16","forecast","-0.992446864272990"
"exdqlm_univar_synth","draw_045",694,"2022-05-17","forecast","-0.918667458985014"
"exdqlm_univar_synth","draw_045",694,"2022-05-18","forecast","-0.871837172919048"
"exdqlm_univar_synth","draw_045",694,"2022-05-19","forecast","-1.01312522589644"
"exdqlm_univar_synth","draw_045",694,"2022-05-20","forecast","-0.768770526404306"
"exdqlm_univar_synth","draw_045",694,"2022-05-21","forecast","-0.744860285678274"
"exdqlm_univar_synth","draw_045",694,"2022-05-22","forecast","-1.37561393046765"
"exdqlm_univar_synth","draw_045",694,"2022-05-23","forecast","-0.867632541159563"
"exdqlm_univar_synth","draw_045",694,"2022-05-24","forecast","-0.884517683252224"
"exdqlm_univar_synth","draw_045",694,"2022-05-25","forecast","-1.15130349815386"
"exdqlm_univar_synth","draw_045",694,"2022-05-26","forecast","-1.39572033889159"
"exdqlm_univar_synth","draw_045",694,"2022-05-27","forecast","-1.41416071943727"
"exdqlm_univar_synth","draw_045",694,"2022-05-28","forecast","-0.793586260116509"
"exdqlm_univar_synth","draw_045",694,"2022-05-29","forecast","-1.12975595131214"
"exdqlm_univar_synth","draw_045",694,"2022-05-30","forecast","-0.852926315377552"
"exdqlm_univar_synth","draw_045",694,"2022-05-31","forecast","-1.01200622509311"
"exdqlm_univar_synth","draw_045",694,"2022-06-01","forecast","-0.797894884314706"
"exdqlm_univar_synth","draw_045",694,"2022-06-02","forecast","-0.945992982285296"
"exdqlm_univar_synth","draw_045",694,"2022-06-03","forecast","-1.15644528357367"
"exdqlm_univar_synth","draw_045",694,"2022-06-04","forecast","-0.999372612026616"
"exdqlm_univar_synth","draw_045",694,"2022-06-05","forecast","-1.20845747570758"
"exdqlm_univar_synth","draw_045",694,"2022-06-06","forecast","-0.894963916748726"
"exdqlm_univar_synth","draw_045",694,"2022-06-07","forecast","-0.879740569757727"
"exdqlm_univar_synth","draw_045",694,"2022-06-08","forecast","-1.71706370749684"
"exdqlm_univar_synth","draw_046",709,"2022-05-12","forecast","-0.960216999966017"
"exdqlm_univar_synth","draw_046",709,"2022-05-13","forecast","-0.933741329558595"
"exdqlm_univar_synth","draw_046",709,"2022-05-14","forecast","-0.629918300019473"
"exdqlm_univar_synth","draw_046",709,"2022-05-15","forecast","-0.621905995378704"
"exdqlm_univar_synth","draw_046",709,"2022-05-16","forecast","-0.909646836820499"
"exdqlm_univar_synth","draw_046",709,"2022-05-17","forecast","-0.769731203112636"
"exdqlm_univar_synth","draw_046",709,"2022-05-18","forecast","-0.386701460497067"
"exdqlm_univar_synth","draw_046",709,"2022-05-19","forecast","-1.14640372733395"
"exdqlm_univar_synth","draw_046",709,"2022-05-20","forecast","-1.06234197748900"
"exdqlm_univar_synth","draw_046",709,"2022-05-21","forecast","-0.815487876174690"
"exdqlm_univar_synth","draw_046",709,"2022-05-22","forecast","-0.764634798892134"
"exdqlm_univar_synth","draw_046",709,"2022-05-23","forecast","-0.537506219929619"
"exdqlm_univar_synth","draw_046",709,"2022-05-24","forecast","-0.913965439761800"
"exdqlm_univar_synth","draw_046",709,"2022-05-25","forecast","-0.763640167928904"
"exdqlm_univar_synth","draw_046",709,"2022-05-26","forecast","-0.943222683565307"
"exdqlm_univar_synth","draw_046",709,"2022-05-27","forecast","-1.48611252047891"
"exdqlm_univar_synth","draw_046",709,"2022-05-28","forecast","-0.778813542749084"
"exdqlm_univar_synth","draw_046",709,"2022-05-29","forecast","-0.819346472539027"
"exdqlm_univar_synth","draw_046",709,"2022-05-30","forecast","-0.922221710450052"
"exdqlm_univar_synth","draw_046",709,"2022-05-31","forecast","-1.17924335725684"
"exdqlm_univar_synth","draw_046",709,"2022-06-01","forecast","-0.783616485231073"
"exdqlm_univar_synth","draw_046",709,"2022-06-02","forecast","-0.947133523086712"
"exdqlm_univar_synth","draw_046",709,"2022-06-03","forecast","-0.875653403594970"
"exdqlm_univar_synth","draw_046",709,"2022-06-04","forecast","-1.40393119895736"
"exdqlm_univar_synth","draw_046",709,"2022-06-05","forecast","-0.397847872220623"
"exdqlm_univar_synth","draw_046",709,"2022-06-06","forecast","-1.41695516785400"
"exdqlm_univar_synth","draw_046",709,"2022-06-07","forecast","-1.48602246823546"
"exdqlm_univar_synth","draw_046",709,"2022-06-08","forecast","-1.23701903044702"
"exdqlm_univar_synth","draw_047",725,"2022-05-12","forecast","-0.729920261225166"
"exdqlm_univar_synth","draw_047",725,"2022-05-13","forecast","-0.818941715975782"
"exdqlm_univar_synth","draw_047",725,"2022-05-14","forecast","-0.858638925061560"
"exdqlm_univar_synth","draw_047",725,"2022-05-15","forecast","-0.369073736093266"
"exdqlm_univar_synth","draw_047",725,"2022-05-16","forecast","-0.865439194092588"
"exdqlm_univar_synth","draw_047",725,"2022-05-17","forecast","-1.16901668639482"
"exdqlm_univar_synth","draw_047",725,"2022-05-18","forecast","-0.531936821546672"
"exdqlm_univar_synth","draw_047",725,"2022-05-19","forecast","-1.29073644378346"
"exdqlm_univar_synth","draw_047",725,"2022-05-20","forecast","-1.03806672406501"
"exdqlm_univar_synth","draw_047",725,"2022-05-21","forecast","-0.776556597571351"
"exdqlm_univar_synth","draw_047",725,"2022-05-22","forecast","-0.988510429658992"
"exdqlm_univar_synth","draw_047",725,"2022-05-23","forecast","-0.966611889303870"
"exdqlm_univar_synth","draw_047",725,"2022-05-24","forecast","-0.886779904982580"
"exdqlm_univar_synth","draw_047",725,"2022-05-25","forecast","-1.07116066451388"
"exdqlm_univar_synth","draw_047",725,"2022-05-26","forecast","-1.17929835890564"
"exdqlm_univar_synth","draw_047",725,"2022-05-27","forecast","-1.36435834150746"
"exdqlm_univar_synth","draw_047",725,"2022-05-28","forecast","-1.26867194158358"
"exdqlm_univar_synth","draw_047",725,"2022-05-29","forecast","-0.823930301522595"
"exdqlm_univar_synth","draw_047",725,"2022-05-30","forecast","-0.880705339593418"
"exdqlm_univar_synth","draw_047",725,"2022-05-31","forecast","-0.887331112228599"
"exdqlm_univar_synth","draw_047",725,"2022-06-01","forecast","-1.01143430263028"
"exdqlm_univar_synth","draw_047",725,"2022-06-02","forecast","-0.948358672507668"
"exdqlm_univar_synth","draw_047",725,"2022-06-03","forecast","-1.37294708536942"
"exdqlm_univar_synth","draw_047",725,"2022-06-04","forecast","-1.52899696872332"
"exdqlm_univar_synth","draw_047",725,"2022-06-05","forecast","-0.421755446583463"
"exdqlm_univar_synth","draw_047",725,"2022-06-06","forecast","-1.12043819002905"
"exdqlm_univar_synth","draw_047",725,"2022-06-07","forecast","-0.691119711424312"
"exdqlm_univar_synth","draw_047",725,"2022-06-08","forecast","-0.963991237526801"
"exdqlm_univar_synth","draw_048",741,"2022-05-12","forecast","-0.556700840438196"
"exdqlm_univar_synth","draw_048",741,"2022-05-13","forecast","-0.353971885976285"
"exdqlm_univar_synth","draw_048",741,"2022-05-14","forecast","-0.493873363243001"
"exdqlm_univar_synth","draw_048",741,"2022-05-15","forecast","-0.828098060447328"
"exdqlm_univar_synth","draw_048",741,"2022-05-16","forecast","-1.07954365425271"
"exdqlm_univar_synth","draw_048",741,"2022-05-17","forecast","-1.13031171967010"
"exdqlm_univar_synth","draw_048",741,"2022-05-18","forecast","-0.408811795395066"
"exdqlm_univar_synth","draw_048",741,"2022-05-19","forecast","-1.05179963544549"
"exdqlm_univar_synth","draw_048",741,"2022-05-20","forecast","-1.07594287075719"
"exdqlm_univar_synth","draw_048",741,"2022-05-21","forecast","-0.706356380289592"
"exdqlm_univar_synth","draw_048",741,"2022-05-22","forecast","-1.00703014767999"
"exdqlm_univar_synth","draw_048",741,"2022-05-23","forecast","-0.598212966800423"
"exdqlm_univar_synth","draw_048",741,"2022-05-24","forecast","-1.17746954719372"
"exdqlm_univar_synth","draw_048",741,"2022-05-25","forecast","-0.877330316206720"
"exdqlm_univar_synth","draw_048",741,"2022-05-26","forecast","-1.13949935101644"
"exdqlm_univar_synth","draw_048",741,"2022-05-27","forecast","-0.892742457774776"
"exdqlm_univar_synth","draw_048",741,"2022-05-28","forecast","-1.37229773601700"
"exdqlm_univar_synth","draw_048",741,"2022-05-29","forecast","-0.851024771905497"
"exdqlm_univar_synth","draw_048",741,"2022-05-30","forecast","-0.966114809716835"
"exdqlm_univar_synth","draw_048",741,"2022-05-31","forecast","-1.12938600148362"
"exdqlm_univar_synth","draw_048",741,"2022-06-01","forecast","-0.818073497484391"
"exdqlm_univar_synth","draw_048",741,"2022-06-02","forecast","-1.23923641060541"
"exdqlm_univar_synth","draw_048",741,"2022-06-03","forecast","-1.27581650270621"
"exdqlm_univar_synth","draw_048",741,"2022-06-04","forecast","-1.33290243974789"
"exdqlm_univar_synth","draw_048",741,"2022-06-05","forecast","-0.259824082334290"
"exdqlm_univar_synth","draw_048",741,"2022-06-06","forecast","-0.868099876600308"
"exdqlm_univar_synth","draw_048",741,"2022-06-07","forecast","-1.20112471390657"
"exdqlm_univar_synth","draw_048",741,"2022-06-08","forecast","-0.779698657959896"
"exdqlm_univar_synth","draw_049",757,"2022-05-12","forecast","-0.662299114111301"
"exdqlm_univar_synth","draw_049",757,"2022-05-13","forecast","-0.434619812709407"
"exdqlm_univar_synth","draw_049",757,"2022-05-14","forecast","-0.721235971221034"
"exdqlm_univar_synth","draw_049",757,"2022-05-15","forecast","-0.623266197578569"
"exdqlm_univar_synth","draw_049",757,"2022-05-16","forecast","-0.714603725201838"
"exdqlm_univar_synth","draw_049",757,"2022-05-17","forecast","-0.952808166405831"
"exdqlm_univar_synth","draw_049",757,"2022-05-18","forecast","-0.965147795479769"
"exdqlm_univar_synth","draw_049",757,"2022-05-19","forecast","-0.810402789179368"
"exdqlm_univar_synth","draw_049",757,"2022-05-20","forecast","-0.933254594571606"
"exdqlm_univar_synth","draw_049",757,"2022-05-21","forecast","-0.967397107032759"
"exdqlm_univar_synth","draw_049",757,"2022-05-22","forecast","-0.976546438704389"
"exdqlm_univar_synth","draw_049",757,"2022-05-23","forecast","-1.03173658215883"
"exdqlm_univar_synth","draw_049",757,"2022-05-24","forecast","-0.891558116969931"
"exdqlm_univar_synth","draw_049",757,"2022-05-25","forecast","-1.12323125851934"
"exdqlm_univar_synth","draw_049",757,"2022-05-26","forecast","-1.20415514632558"
"exdqlm_univar_synth","draw_049",757,"2022-05-27","forecast","-0.927039023108604"
"exdqlm_univar_synth","draw_049",757,"2022-05-28","forecast","-0.683361691253971"
"exdqlm_univar_synth","draw_049",757,"2022-05-29","forecast","-0.819801207596043"
"exdqlm_univar_synth","draw_049",757,"2022-05-30","forecast","-1.25597141096102"
"exdqlm_univar_synth","draw_049",757,"2022-05-31","forecast","-0.887068214219979"
"exdqlm_univar_synth","draw_049",757,"2022-06-01","forecast","-0.819997292667203"
"exdqlm_univar_synth","draw_049",757,"2022-06-02","forecast","-1.49289451106137"
"exdqlm_univar_synth","draw_049",757,"2022-06-03","forecast","-0.839188997328865"
"exdqlm_univar_synth","draw_049",757,"2022-06-04","forecast","-1.38698632193278"
"exdqlm_univar_synth","draw_049",757,"2022-06-05","forecast","-0.906092479401536"
"exdqlm_univar_synth","draw_049",757,"2022-06-06","forecast","-0.812114956495023"
"exdqlm_univar_synth","draw_049",757,"2022-06-07","forecast","-0.713828569183556"
"exdqlm_univar_synth","draw_049",757,"2022-06-08","forecast","-1.08205596524113"
"exdqlm_univar_synth","draw_050",772,"2022-05-12","forecast","-0.197778092558324"
"exdqlm_univar_synth","draw_050",772,"2022-05-13","forecast","-0.432116417341560"
"exdqlm_univar_synth","draw_050",772,"2022-05-14","forecast","-0.460895177962816"
"exdqlm_univar_synth","draw_050",772,"2022-05-15","forecast","-0.702403841352778"
"exdqlm_univar_synth","draw_050",772,"2022-05-16","forecast","-0.603467426999111"
"exdqlm_univar_synth","draw_050",772,"2022-05-17","forecast","-0.654997577749944"
"exdqlm_univar_synth","draw_050",772,"2022-05-18","forecast","-1.11115205799580"
"exdqlm_univar_synth","draw_050",772,"2022-05-19","forecast","-0.813479459124284"
"exdqlm_univar_synth","draw_050",772,"2022-05-20","forecast","-1.23319845500227"
"exdqlm_univar_synth","draw_050",772,"2022-05-21","forecast","-1.01518739141634"
"exdqlm_univar_synth","draw_050",772,"2022-05-22","forecast","-1.20305261991182"
"exdqlm_univar_synth","draw_050",772,"2022-05-23","forecast","-1.13167343084490"
"exdqlm_univar_synth","draw_050",772,"2022-05-24","forecast","-1.21843105068183"
"exdqlm_univar_synth","draw_050",772,"2022-05-25","forecast","-0.511578493899767"
"exdqlm_univar_synth","draw_050",772,"2022-05-26","forecast","-1.18031291788159"
"exdqlm_univar_synth","draw_050",772,"2022-05-27","forecast","-1.22229737235332"
"exdqlm_univar_synth","draw_050",772,"2022-05-28","forecast","-0.694335737693958"
"exdqlm_univar_synth","draw_050",772,"2022-05-29","forecast","-0.819389397823717"
"exdqlm_univar_synth","draw_050",772,"2022-05-30","forecast","-0.832833453188674"
"exdqlm_univar_synth","draw_050",772,"2022-05-31","forecast","-0.887439884362151"
"exdqlm_univar_synth","draw_050",772,"2022-06-01","forecast","-0.846165162191271"
"exdqlm_univar_synth","draw_050",772,"2022-06-02","forecast","-1.33044316466358"
"exdqlm_univar_synth","draw_050",772,"2022-06-03","forecast","-0.829220520093496"
"exdqlm_univar_synth","draw_050",772,"2022-06-04","forecast","-0.960657754094294"
"exdqlm_univar_synth","draw_050",772,"2022-06-05","forecast","-0.731746524407000"
"exdqlm_univar_synth","draw_050",772,"2022-06-06","forecast","-0.814653375515245"
"exdqlm_univar_synth","draw_050",772,"2022-06-07","forecast","-1.11045326365219"
"exdqlm_univar_synth","draw_050",772,"2022-06-08","forecast","-1.52560033304769"
"exdqlm_univar_synth","draw_051",788,"2022-05-12","forecast","-0.378478742542306"
"exdqlm_univar_synth","draw_051",788,"2022-05-13","forecast","-0.658584813697883"
"exdqlm_univar_synth","draw_051",788,"2022-05-14","forecast","-0.430046146838478"
"exdqlm_univar_synth","draw_051",788,"2022-05-15","forecast","-0.455138706845111"
"exdqlm_univar_synth","draw_051",788,"2022-05-16","forecast","-0.654893988002713"
"exdqlm_univar_synth","draw_051",788,"2022-05-17","forecast","-1.13749549503316"
"exdqlm_univar_synth","draw_051",788,"2022-05-18","forecast","-0.766633161097708"
"exdqlm_univar_synth","draw_051",788,"2022-05-19","forecast","-0.805105396311594"
"exdqlm_univar_synth","draw_051",788,"2022-05-20","forecast","-0.701760962692767"
"exdqlm_univar_synth","draw_051",788,"2022-05-21","forecast","-0.739558831834376"
"exdqlm_univar_synth","draw_051",788,"2022-05-22","forecast","-1.08772348927929"
"exdqlm_univar_synth","draw_051",788,"2022-05-23","forecast","-0.617013745309972"
"exdqlm_univar_synth","draw_051",788,"2022-05-24","forecast","-1.02708352275776"
"exdqlm_univar_synth","draw_051",788,"2022-05-25","forecast","-1.03862025070499"
"exdqlm_univar_synth","draw_051",788,"2022-05-26","forecast","-1.12435456980543"
"exdqlm_univar_synth","draw_051",788,"2022-05-27","forecast","-0.893320204364094"
"exdqlm_univar_synth","draw_051",788,"2022-05-28","forecast","-1.05501860179288"
"exdqlm_univar_synth","draw_051",788,"2022-05-29","forecast","-0.811426219734677"
"exdqlm_univar_synth","draw_051",788,"2022-05-30","forecast","-1.10332471004400"
"exdqlm_univar_synth","draw_051",788,"2022-05-31","forecast","-1.32070132836479"
"exdqlm_univar_synth","draw_051",788,"2022-06-01","forecast","-0.817087147968428"
"exdqlm_univar_synth","draw_051",788,"2022-06-02","forecast","-1.25757987435941"
"exdqlm_univar_synth","draw_051",788,"2022-06-03","forecast","-1.13785475862712"
"exdqlm_univar_synth","draw_051",788,"2022-06-04","forecast","-1.16960889001410"
"exdqlm_univar_synth","draw_051",788,"2022-06-05","forecast","-0.350880992766748"
"exdqlm_univar_synth","draw_051",788,"2022-06-06","forecast","-1.25840119261203"
"exdqlm_univar_synth","draw_051",788,"2022-06-07","forecast","-0.702651890770928"
"exdqlm_univar_synth","draw_051",788,"2022-06-08","forecast","-1.07251108247464"
"exdqlm_univar_synth","draw_052",804,"2022-05-12","forecast","-0.497458109635019"
"exdqlm_univar_synth","draw_052",804,"2022-05-13","forecast","-0.939497449669010"
"exdqlm_univar_synth","draw_052",804,"2022-05-14","forecast","-0.557554767461629"
"exdqlm_univar_synth","draw_052",804,"2022-05-15","forecast","-0.695269495403104"
"exdqlm_univar_synth","draw_052",804,"2022-05-16","forecast","-0.789073988722161"
"exdqlm_univar_synth","draw_052",804,"2022-05-17","forecast","-1.17169285130073"
"exdqlm_univar_synth","draw_052",804,"2022-05-18","forecast","-0.515925808752926"
"exdqlm_univar_synth","draw_052",804,"2022-05-19","forecast","-1.11056470594264"
"exdqlm_univar_synth","draw_052",804,"2022-05-20","forecast","-0.884147661283119"
"exdqlm_univar_synth","draw_052",804,"2022-05-21","forecast","-0.742777877867348"
"exdqlm_univar_synth","draw_052",804,"2022-05-22","forecast","-1.31542289523314"
"exdqlm_univar_synth","draw_052",804,"2022-05-23","forecast","-0.865770016118379"
"exdqlm_univar_synth","draw_052",804,"2022-05-24","forecast","-0.896097242081311"
"exdqlm_univar_synth","draw_052",804,"2022-05-25","forecast","-0.660654373761045"
"exdqlm_univar_synth","draw_052",804,"2022-05-26","forecast","-0.930352465448211"
"exdqlm_univar_synth","draw_052",804,"2022-05-27","forecast","-0.891746488929777"
"exdqlm_univar_synth","draw_052",804,"2022-05-28","forecast","-0.635577629906776"
"exdqlm_univar_synth","draw_052",804,"2022-05-29","forecast","-1.14313017205357"
"exdqlm_univar_synth","draw_052",804,"2022-05-30","forecast","-0.763819297531412"
"exdqlm_univar_synth","draw_052",804,"2022-05-31","forecast","-0.886090310227396"
"exdqlm_univar_synth","draw_052",804,"2022-06-01","forecast","-1.21795969152952"
"exdqlm_univar_synth","draw_052",804,"2022-06-02","forecast","-0.988354175362455"
"exdqlm_univar_synth","draw_052",804,"2022-06-03","forecast","-0.956876478901111"
"exdqlm_univar_synth","draw_052",804,"2022-06-04","forecast","-1.04524853728638"
"exdqlm_univar_synth","draw_052",804,"2022-06-05","forecast","-0.883190813360145"
"exdqlm_univar_synth","draw_052",804,"2022-06-06","forecast","-0.781839995432610"
"exdqlm_univar_synth","draw_052",804,"2022-06-07","forecast","-0.758571266250631"
"exdqlm_univar_synth","draw_052",804,"2022-06-08","forecast","-0.845300663166297"
"exdqlm_univar_synth","draw_053",819,"2022-05-12","forecast","-0.856226467166640"
"exdqlm_univar_synth","draw_053",819,"2022-05-13","forecast","-0.428660201911112"
"exdqlm_univar_synth","draw_053",819,"2022-05-14","forecast","-0.707608378675204"
"exdqlm_univar_synth","draw_053",819,"2022-05-15","forecast","-0.796860780079261"
"exdqlm_univar_synth","draw_053",819,"2022-05-16","forecast","-0.544089214578651"
"exdqlm_univar_synth","draw_053",819,"2022-05-17","forecast","-1.16135465474669"
"exdqlm_univar_synth","draw_053",819,"2022-05-18","forecast","-0.806966624211406"
"exdqlm_univar_synth","draw_053",819,"2022-05-19","forecast","-0.919473903431151"
"exdqlm_univar_synth","draw_053",819,"2022-05-20","forecast","-0.814916120992212"
"exdqlm_univar_synth","draw_053",819,"2022-05-21","forecast","-0.891654664791814"
"exdqlm_univar_synth","draw_053",819,"2022-05-22","forecast","-1.19869198816835"
"exdqlm_univar_synth","draw_053",819,"2022-05-23","forecast","-1.00318501769756"
"exdqlm_univar_synth","draw_053",819,"2022-05-24","forecast","-0.997417811500569"
"exdqlm_univar_synth","draw_053",819,"2022-05-25","forecast","-1.24443713988298"
"exdqlm_univar_synth","draw_053",819,"2022-05-26","forecast","-0.806232848875485"
"exdqlm_univar_synth","draw_053",819,"2022-05-27","forecast","-0.935227623544395"
"exdqlm_univar_synth","draw_053",819,"2022-05-28","forecast","-0.696147799978242"
"exdqlm_univar_synth","draw_053",819,"2022-05-29","forecast","-0.948574358435519"
"exdqlm_univar_synth","draw_053",819,"2022-05-30","forecast","-0.743965155789268"
"exdqlm_univar_synth","draw_053",819,"2022-05-31","forecast","-0.889559778914249"
"exdqlm_univar_synth","draw_053",819,"2022-06-01","forecast","-0.871137648645326"
"exdqlm_univar_synth","draw_053",819,"2022-06-02","forecast","-1.55440336890624"
"exdqlm_univar_synth","draw_053",819,"2022-06-03","forecast","-1.21420652859407"
"exdqlm_univar_synth","draw_053",819,"2022-06-04","forecast","-1.52865797904290"
"exdqlm_univar_synth","draw_053",819,"2022-06-05","forecast","-0.735129494093979"
"exdqlm_univar_synth","draw_053",819,"2022-06-06","forecast","-1.28184257501418"
"exdqlm_univar_synth","draw_053",819,"2022-06-07","forecast","-1.08231505418964"
"exdqlm_univar_synth","draw_053",819,"2022-06-08","forecast","-1.54497877835965"
"exdqlm_univar_synth","draw_054",835,"2022-05-12","forecast","-0.747419393136798"
"exdqlm_univar_synth","draw_054",835,"2022-05-13","forecast","-0.860910847669529"
"exdqlm_univar_synth","draw_054",835,"2022-05-14","forecast","-0.908688568154716"
"exdqlm_univar_synth","draw_054",835,"2022-05-15","forecast","-0.674132067736435"
"exdqlm_univar_synth","draw_054",835,"2022-05-16","forecast","-0.660152829465258"
"exdqlm_univar_synth","draw_054",835,"2022-05-17","forecast","-1.23847607051443"
"exdqlm_univar_synth","draw_054",835,"2022-05-18","forecast","-0.751664514867528"
"exdqlm_univar_synth","draw_054",835,"2022-05-19","forecast","-1.06278642698011"
"exdqlm_univar_synth","draw_054",835,"2022-05-20","forecast","-0.768798338797887"
"exdqlm_univar_synth","draw_054",835,"2022-05-21","forecast","-0.742321881380033"
"exdqlm_univar_synth","draw_054",835,"2022-05-22","forecast","-1.26002625467894"
"exdqlm_univar_synth","draw_054",835,"2022-05-23","forecast","-1.11718286914763"
"exdqlm_univar_synth","draw_054",835,"2022-05-24","forecast","-1.23941800383162"
"exdqlm_univar_synth","draw_054",835,"2022-05-25","forecast","-0.710124261628018"
"exdqlm_univar_synth","draw_054",835,"2022-05-26","forecast","-0.796823435091504"
"exdqlm_univar_synth","draw_054",835,"2022-05-27","forecast","-0.974569090855596"
"exdqlm_univar_synth","draw_054",835,"2022-05-28","forecast","-0.695260971236838"
"exdqlm_univar_synth","draw_054",835,"2022-05-29","forecast","-0.821667180305922"
"exdqlm_univar_synth","draw_054",835,"2022-05-30","forecast","-0.940674103015316"
"exdqlm_univar_synth","draw_054",835,"2022-05-31","forecast","-1.03083341817403"
"exdqlm_univar_synth","draw_054",835,"2022-06-01","forecast","-1.09702456948535"
"exdqlm_univar_synth","draw_054",835,"2022-06-02","forecast","-1.51728806303009"
"exdqlm_univar_synth","draw_054",835,"2022-06-03","forecast","-0.840595461468958"
"exdqlm_univar_synth","draw_054",835,"2022-06-04","forecast","-1.35309545184687"
"exdqlm_univar_synth","draw_054",835,"2022-06-05","forecast","-0.691069987953058"
"exdqlm_univar_synth","draw_054",835,"2022-06-06","forecast","-1.21496123921441"
"exdqlm_univar_synth","draw_054",835,"2022-06-07","forecast","-1.64843899233792"
"exdqlm_univar_synth","draw_054",835,"2022-06-08","forecast","-0.845287524895567"
"exdqlm_univar_synth","draw_055",851,"2022-05-12","forecast","-0.740115097134574"
"exdqlm_univar_synth","draw_055",851,"2022-05-13","forecast","-0.691628537779960"
"exdqlm_univar_synth","draw_055",851,"2022-05-14","forecast","-0.444237345413472"
"exdqlm_univar_synth","draw_055",851,"2022-05-15","forecast","-0.604525698577453"
"exdqlm_univar_synth","draw_055",851,"2022-05-16","forecast","-0.606181022203123"
"exdqlm_univar_synth","draw_055",851,"2022-05-17","forecast","-0.965701603811791"
"exdqlm_univar_synth","draw_055",851,"2022-05-18","forecast","-0.796046548936245"
"exdqlm_univar_synth","draw_055",851,"2022-05-19","forecast","-0.810301715365986"
"exdqlm_univar_synth","draw_055",851,"2022-05-20","forecast","-1.03704147314660"
"exdqlm_univar_synth","draw_055",851,"2022-05-21","forecast","-1.09048844162681"
"exdqlm_univar_synth","draw_055",851,"2022-05-22","forecast","-1.07526035919765"
"exdqlm_univar_synth","draw_055",851,"2022-05-23","forecast","-0.607750475364661"
"exdqlm_univar_synth","draw_055",851,"2022-05-24","forecast","-0.893926922878176"
"exdqlm_univar_synth","draw_055",851,"2022-05-25","forecast","-1.30827012122740"
"exdqlm_univar_synth","draw_055",851,"2022-05-26","forecast","-1.11003026798648"
"exdqlm_univar_synth","draw_055",851,"2022-05-27","forecast","-1.35629560959672"
"exdqlm_univar_synth","draw_055",851,"2022-05-28","forecast","-0.682903774561152"
"exdqlm_univar_synth","draw_055",851,"2022-05-29","forecast","-0.819373487249606"
"exdqlm_univar_synth","draw_055",851,"2022-05-30","forecast","-0.778809982580730"
"exdqlm_univar_synth","draw_055",851,"2022-05-31","forecast","-1.13813842017409"
"exdqlm_univar_synth","draw_055",851,"2022-06-01","forecast","-0.785414043137093"
"exdqlm_univar_synth","draw_055",851,"2022-06-02","forecast","-1.28505623477356"
"exdqlm_univar_synth","draw_055",851,"2022-06-03","forecast","-0.840325574981295"
"exdqlm_univar_synth","draw_055",851,"2022-06-04","forecast","-0.953264298305470"
"exdqlm_univar_synth","draw_055",851,"2022-06-05","forecast","-0.632891141464063"
"exdqlm_univar_synth","draw_055",851,"2022-06-06","forecast","-1.51643588980055"
"exdqlm_univar_synth","draw_055",851,"2022-06-07","forecast","-1.44296088003976"
"exdqlm_univar_synth","draw_055",851,"2022-06-08","forecast","-1.19787465057454"
"exdqlm_univar_synth","draw_056",867,"2022-05-12","forecast","-0.841054275197503"
"exdqlm_univar_synth","draw_056",867,"2022-05-13","forecast","-0.960819966568094"
"exdqlm_univar_synth","draw_056",867,"2022-05-14","forecast","-0.557724852615576"
"exdqlm_univar_synth","draw_056",867,"2022-05-15","forecast","-0.527528217504325"
"exdqlm_univar_synth","draw_056",867,"2022-05-16","forecast","-1.02659830750003"
"exdqlm_univar_synth","draw_056",867,"2022-05-17","forecast","-0.811655186836120"
"exdqlm_univar_synth","draw_056",867,"2022-05-18","forecast","-0.589932326616566"
"exdqlm_univar_synth","draw_056",867,"2022-05-19","forecast","-0.826710392472211"
"exdqlm_univar_synth","draw_056",867,"2022-05-20","forecast","-0.567901288869359"
"exdqlm_univar_synth","draw_056",867,"2022-05-21","forecast","-0.740738556978780"
"exdqlm_univar_synth","draw_056",867,"2022-05-22","forecast","-1.23779558054652"
"exdqlm_univar_synth","draw_056",867,"2022-05-23","forecast","-0.616289026128796"
"exdqlm_univar_synth","draw_056",867,"2022-05-24","forecast","-0.883350398857221"
"exdqlm_univar_synth","draw_056",867,"2022-05-25","forecast","-0.764289093706712"
"exdqlm_univar_synth","draw_056",867,"2022-05-26","forecast","-0.712763232068393"
"exdqlm_univar_synth","draw_056",867,"2022-05-27","forecast","-0.694450338924305"
"exdqlm_univar_synth","draw_056",867,"2022-05-28","forecast","-0.694746103815747"
"exdqlm_univar_synth","draw_056",867,"2022-05-29","forecast","-1.16433342055550"
"exdqlm_univar_synth","draw_056",867,"2022-05-30","forecast","-0.777239899955023"
"exdqlm_univar_synth","draw_056",867,"2022-05-31","forecast","-0.900518598547953"
"exdqlm_univar_synth","draw_056",867,"2022-06-01","forecast","-0.896727161206229"
"exdqlm_univar_synth","draw_056",867,"2022-06-02","forecast","-0.955046437786172"
"exdqlm_univar_synth","draw_056",867,"2022-06-03","forecast","-0.852524175540464"
"exdqlm_univar_synth","draw_056",867,"2022-06-04","forecast","-1.31990069317796"
"exdqlm_univar_synth","draw_056",867,"2022-06-05","forecast","-0.209627628587114"
"exdqlm_univar_synth","draw_056",867,"2022-06-06","forecast","-0.777399638098169"
"exdqlm_univar_synth","draw_056",867,"2022-06-07","forecast","-0.873191661802386"
"exdqlm_univar_synth","draw_056",867,"2022-06-08","forecast","-1.50715247343272"
"exdqlm_univar_synth","draw_057",882,"2022-05-12","forecast","-0.359230812754211"
"exdqlm_univar_synth","draw_057",882,"2022-05-13","forecast","-0.406154223783397"
"exdqlm_univar_synth","draw_057",882,"2022-05-14","forecast","-0.537388818779326"
"exdqlm_univar_synth","draw_057",882,"2022-05-15","forecast","-0.476837403843496"
"exdqlm_univar_synth","draw_057",882,"2022-05-16","forecast","-0.836943031032411"
"exdqlm_univar_synth","draw_057",882,"2022-05-17","forecast","-0.664328534805188"
"exdqlm_univar_synth","draw_057",882,"2022-05-18","forecast","-1.05772592876438"
"exdqlm_univar_synth","draw_057",882,"2022-05-19","forecast","-0.861560631634297"
"exdqlm_univar_synth","draw_057",882,"2022-05-20","forecast","-0.773850277227502"
"exdqlm_univar_synth","draw_057",882,"2022-05-21","forecast","-1.09044126296416"
"exdqlm_univar_synth","draw_057",882,"2022-05-22","forecast","-0.760676658251535"
"exdqlm_univar_synth","draw_057",882,"2022-05-23","forecast","-0.723449429723210"
"exdqlm_univar_synth","draw_057",882,"2022-05-24","forecast","-1.10049873277547"
"exdqlm_univar_synth","draw_057",882,"2022-05-25","forecast","-1.16606218609052"
"exdqlm_univar_synth","draw_057",882,"2022-05-26","forecast","-0.784254754911943"
"exdqlm_univar_synth","draw_057",882,"2022-05-27","forecast","-0.891787068209800"
"exdqlm_univar_synth","draw_057",882,"2022-05-28","forecast","-0.969706555175234"
"exdqlm_univar_synth","draw_057",882,"2022-05-29","forecast","-0.886134397597659"
"exdqlm_univar_synth","draw_057",882,"2022-05-30","forecast","-1.16646795312202"
"exdqlm_univar_synth","draw_057",882,"2022-05-31","forecast","-0.884230231687483"
"exdqlm_univar_synth","draw_057",882,"2022-06-01","forecast","-0.875427243618556"
"exdqlm_univar_synth","draw_057",882,"2022-06-02","forecast","-1.33454366941357"
"exdqlm_univar_synth","draw_057",882,"2022-06-03","forecast","-0.848409270301418"
"exdqlm_univar_synth","draw_057",882,"2022-06-04","forecast","-1.05860373305413"
"exdqlm_univar_synth","draw_057",882,"2022-06-05","forecast","-1.06205419197440"
"exdqlm_univar_synth","draw_057",882,"2022-06-06","forecast","-0.881080588753557"
"exdqlm_univar_synth","draw_057",882,"2022-06-07","forecast","-0.702806069946347"
"exdqlm_univar_synth","draw_057",882,"2022-06-08","forecast","-1.17167768865171"
"exdqlm_univar_synth","draw_058",898,"2022-05-12","forecast","-0.387588192815294"
"exdqlm_univar_synth","draw_058",898,"2022-05-13","forecast","-0.593604600651534"
"exdqlm_univar_synth","draw_058",898,"2022-05-14","forecast","-0.592852758015641"
"exdqlm_univar_synth","draw_058",898,"2022-05-15","forecast","-0.472652216863132"
"exdqlm_univar_synth","draw_058",898,"2022-05-16","forecast","-0.750831947829778"
"exdqlm_univar_synth","draw_058",898,"2022-05-17","forecast","-0.699285571074507"
"exdqlm_univar_synth","draw_058",898,"2022-05-18","forecast","-0.522344278505459"
"exdqlm_univar_synth","draw_058",898,"2022-05-19","forecast","-1.32723833329835"
"exdqlm_univar_synth","draw_058",898,"2022-05-20","forecast","-1.00580596495693"
"exdqlm_univar_synth","draw_058",898,"2022-05-21","forecast","-1.12355086414585"
"exdqlm_univar_synth","draw_058",898,"2022-05-22","forecast","-1.21936562531641"
"exdqlm_univar_synth","draw_058",898,"2022-05-23","forecast","-0.509930865491897"
"exdqlm_univar_synth","draw_058",898,"2022-05-24","forecast","-1.16987108358491"
"exdqlm_univar_synth","draw_058",898,"2022-05-25","forecast","-0.705829460573232"
"exdqlm_univar_synth","draw_058",898,"2022-05-26","forecast","-0.920866831425610"
"exdqlm_univar_synth","draw_058",898,"2022-05-27","forecast","-1.29507859873684"
"exdqlm_univar_synth","draw_058",898,"2022-05-28","forecast","-0.679179326622607"
"exdqlm_univar_synth","draw_058",898,"2022-05-29","forecast","-0.820765724156927"
"exdqlm_univar_synth","draw_058",898,"2022-05-30","forecast","-0.751914080552980"
"exdqlm_univar_synth","draw_058",898,"2022-05-31","forecast","-1.33880213561197"
"exdqlm_univar_synth","draw_058",898,"2022-06-01","forecast","-0.820217393483845"
"exdqlm_univar_synth","draw_058",898,"2022-06-02","forecast","-0.994360122882260"
"exdqlm_univar_synth","draw_058",898,"2022-06-03","forecast","-1.46842410733615"
"exdqlm_univar_synth","draw_058",898,"2022-06-04","forecast","-0.984561358979410"
"exdqlm_univar_synth","draw_058",898,"2022-06-05","forecast","-1.02179443251640"
"exdqlm_univar_synth","draw_058",898,"2022-06-06","forecast","-0.776031344203423"
"exdqlm_univar_synth","draw_058",898,"2022-06-07","forecast","-1.29313423244742"
"exdqlm_univar_synth","draw_058",898,"2022-06-08","forecast","-1.19128455179371"
"exdqlm_univar_synth","draw_059",914,"2022-05-12","forecast","-0.758556553675834"
"exdqlm_univar_synth","draw_059",914,"2022-05-13","forecast","-0.778977423803829"
"exdqlm_univar_synth","draw_059",914,"2022-05-14","forecast","-0.400417165292429"
"exdqlm_univar_synth","draw_059",914,"2022-05-15","forecast","-0.478142630896582"
"exdqlm_univar_synth","draw_059",914,"2022-05-16","forecast","-0.859512695343974"
"exdqlm_univar_synth","draw_059",914,"2022-05-17","forecast","-1.01563648473958"
"exdqlm_univar_synth","draw_059",914,"2022-05-18","forecast","-1.06659769123669"
"exdqlm_univar_synth","draw_059",914,"2022-05-19","forecast","-1.23293520175376"
"exdqlm_univar_synth","draw_059",914,"2022-05-20","forecast","-0.766268015358860"
"exdqlm_univar_synth","draw_059",914,"2022-05-21","forecast","-1.01748115719521"
"exdqlm_univar_synth","draw_059",914,"2022-05-22","forecast","-0.851403312237184"
"exdqlm_univar_synth","draw_059",914,"2022-05-23","forecast","-0.942298141749611"
"exdqlm_univar_synth","draw_059",914,"2022-05-24","forecast","-1.43119931699142"
"exdqlm_univar_synth","draw_059",914,"2022-05-25","forecast","-0.749975250443518"
"exdqlm_univar_synth","draw_059",914,"2022-05-26","forecast","-1.22291253780860"
"exdqlm_univar_synth","draw_059",914,"2022-05-27","forecast","-1.00041022358078"
"exdqlm_univar_synth","draw_059",914,"2022-05-28","forecast","-0.694537461894615"
"exdqlm_univar_synth","draw_059",914,"2022-05-29","forecast","-1.24479687596069"
"exdqlm_univar_synth","draw_059",914,"2022-05-30","forecast","-1.08658096898643"
"exdqlm_univar_synth","draw_059",914,"2022-05-31","forecast","-0.887711342947490"
"exdqlm_univar_synth","draw_059",914,"2022-06-01","forecast","-0.951200267233205"
"exdqlm_univar_synth","draw_059",914,"2022-06-02","forecast","-1.34304380064505"
"exdqlm_univar_synth","draw_059",914,"2022-06-03","forecast","-0.835639831246781"
"exdqlm_univar_synth","draw_059",914,"2022-06-04","forecast","-1.07425949958555"
"exdqlm_univar_synth","draw_059",914,"2022-06-05","forecast","-1.03667723565342"
"exdqlm_univar_synth","draw_059",914,"2022-06-06","forecast","-1.26184315871695"
"exdqlm_univar_synth","draw_059",914,"2022-06-07","forecast","-0.689003379535409"
"exdqlm_univar_synth","draw_059",914,"2022-06-08","forecast","-0.875795596311866"
"exdqlm_univar_synth","draw_060",930,"2022-05-12","forecast","-0.604806778072318"
"exdqlm_univar_synth","draw_060",930,"2022-05-13","forecast","-0.454393683102483"
"exdqlm_univar_synth","draw_060",930,"2022-05-14","forecast","-0.820713370995910"
"exdqlm_univar_synth","draw_060",930,"2022-05-15","forecast","-1.12941235795205"
"exdqlm_univar_synth","draw_060",930,"2022-05-16","forecast","-0.596953420040300"
"exdqlm_univar_synth","draw_060",930,"2022-05-17","forecast","-0.897260372125640"
"exdqlm_univar_synth","draw_060",930,"2022-05-18","forecast","-0.413715067224746"
"exdqlm_univar_synth","draw_060",930,"2022-05-19","forecast","-0.803402974118244"
"exdqlm_univar_synth","draw_060",930,"2022-05-20","forecast","-1.08031181483220"
"exdqlm_univar_synth","draw_060",930,"2022-05-21","forecast","-1.08504774105376"
"exdqlm_univar_synth","draw_060",930,"2022-05-22","forecast","-0.924251089219821"
"exdqlm_univar_synth","draw_060",930,"2022-05-23","forecast","-1.24858124020436"
"exdqlm_univar_synth","draw_060",930,"2022-05-24","forecast","-1.36134831784893"
"exdqlm_univar_synth","draw_060",930,"2022-05-25","forecast","-0.876011765497709"
"exdqlm_univar_synth","draw_060",930,"2022-05-26","forecast","-1.06966004770597"
"exdqlm_univar_synth","draw_060",930,"2022-05-27","forecast","-0.890673274040937"
"exdqlm_univar_synth","draw_060",930,"2022-05-28","forecast","-1.04219921116384"
"exdqlm_univar_synth","draw_060",930,"2022-05-29","forecast","-0.829896896402494"
"exdqlm_univar_synth","draw_060",930,"2022-05-30","forecast","-0.948409078756887"
"exdqlm_univar_synth","draw_060",930,"2022-05-31","forecast","-1.14824402388198"
"exdqlm_univar_synth","draw_060",930,"2022-06-01","forecast","-0.979821915394525"
"exdqlm_univar_synth","draw_060",930,"2022-06-02","forecast","-0.946311988984218"
"exdqlm_univar_synth","draw_060",930,"2022-06-03","forecast","-0.840477737653161"
"exdqlm_univar_synth","draw_060",930,"2022-06-04","forecast","-1.61349546269919"
"exdqlm_univar_synth","draw_060",930,"2022-06-05","forecast","-0.964453699697513"
"exdqlm_univar_synth","draw_060",930,"2022-06-06","forecast","-0.785195916915497"
"exdqlm_univar_synth","draw_060",930,"2022-06-07","forecast","-0.879522409960423"
"exdqlm_univar_synth","draw_060",930,"2022-06-08","forecast","-0.843561963086089"
"exdqlm_univar_synth","draw_061",945,"2022-05-12","forecast","-0.716395060005310"
"exdqlm_univar_synth","draw_061",945,"2022-05-13","forecast","-0.445875907186308"
"exdqlm_univar_synth","draw_061",945,"2022-05-14","forecast","-1.00438640963902"
"exdqlm_univar_synth","draw_061",945,"2022-05-15","forecast","-1.17332524494110"
"exdqlm_univar_synth","draw_061",945,"2022-05-16","forecast","-0.689521488481066"
"exdqlm_univar_synth","draw_061",945,"2022-05-17","forecast","-1.05222798019243"
"exdqlm_univar_synth","draw_061",945,"2022-05-18","forecast","-0.787653707163873"
"exdqlm_univar_synth","draw_061",945,"2022-05-19","forecast","-1.11488815859065"
"exdqlm_univar_synth","draw_061",945,"2022-05-20","forecast","-1.18219907327338"
"exdqlm_univar_synth","draw_061",945,"2022-05-21","forecast","-1.19444876289507"
"exdqlm_univar_synth","draw_061",945,"2022-05-22","forecast","-0.760714479889079"
"exdqlm_univar_synth","draw_061",945,"2022-05-23","forecast","-0.739884360202653"
"exdqlm_univar_synth","draw_061",945,"2022-05-24","forecast","-0.887792531262090"
"exdqlm_univar_synth","draw_061",945,"2022-05-25","forecast","-1.09334307480257"
"exdqlm_univar_synth","draw_061",945,"2022-05-26","forecast","-1.14225774121736"
"exdqlm_univar_synth","draw_061",945,"2022-05-27","forecast","-1.34652308260384"
"exdqlm_univar_synth","draw_061",945,"2022-05-28","forecast","-0.700161748732952"
"exdqlm_univar_synth","draw_061",945,"2022-05-29","forecast","-1.46472412480346"
"exdqlm_univar_synth","draw_061",945,"2022-05-30","forecast","-0.979620758756571"
"exdqlm_univar_synth","draw_061",945,"2022-05-31","forecast","-0.885231676304826"
"exdqlm_univar_synth","draw_061",945,"2022-06-01","forecast","-1.46205020320775"
"exdqlm_univar_synth","draw_061",945,"2022-06-02","forecast","-0.961227988501164"
"exdqlm_univar_synth","draw_061",945,"2022-06-03","forecast","-1.42962129004928"
"exdqlm_univar_synth","draw_061",945,"2022-06-04","forecast","-0.983052074178172"
"exdqlm_univar_synth","draw_061",945,"2022-06-05","forecast","-0.408629738284394"
"exdqlm_univar_synth","draw_061",945,"2022-06-06","forecast","-1.24946558753596"
"exdqlm_univar_synth","draw_061",945,"2022-06-07","forecast","-1.25004457896219"
"exdqlm_univar_synth","draw_061",945,"2022-06-08","forecast","-0.840869165483140"
"exdqlm_univar_synth","draw_062",961,"2022-05-12","forecast","-0.372918002873543"
"exdqlm_univar_synth","draw_062",961,"2022-05-13","forecast","-0.756847610156869"
"exdqlm_univar_synth","draw_062",961,"2022-05-14","forecast","-0.740193735141221"
"exdqlm_univar_synth","draw_062",961,"2022-05-15","forecast","-0.589986486501153"
"exdqlm_univar_synth","draw_062",961,"2022-05-16","forecast","-1.06495442686466"
"exdqlm_univar_synth","draw_062",961,"2022-05-17","forecast","-0.608673556545102"
"exdqlm_univar_synth","draw_062",961,"2022-05-18","forecast","-0.830410473320774"
"exdqlm_univar_synth","draw_062",961,"2022-05-19","forecast","-0.804961685241572"
"exdqlm_univar_synth","draw_062",961,"2022-05-20","forecast","-0.929828940822956"
"exdqlm_univar_synth","draw_062",961,"2022-05-21","forecast","-0.995441241686238"
"exdqlm_univar_synth","draw_062",961,"2022-05-22","forecast","-1.40331459752145"
"exdqlm_univar_synth","draw_062",961,"2022-05-23","forecast","-0.611082519924929"
"exdqlm_univar_synth","draw_062",961,"2022-05-24","forecast","-1.16150404928621"
"exdqlm_univar_synth","draw_062",961,"2022-05-25","forecast","-0.780930855538071"
"exdqlm_univar_synth","draw_062",961,"2022-05-26","forecast","-1.12024180539055"
"exdqlm_univar_synth","draw_062",961,"2022-05-27","forecast","-1.04147634216841"
"exdqlm_univar_synth","draw_062",961,"2022-05-28","forecast","-0.691456565967465"
"exdqlm_univar_synth","draw_062",961,"2022-05-29","forecast","-1.49293749660678"
"exdqlm_univar_synth","draw_062",961,"2022-05-30","forecast","-1.51489185251350"
"exdqlm_univar_synth","draw_062",961,"2022-05-31","forecast","-1.09106188742150"
"exdqlm_univar_synth","draw_062",961,"2022-06-01","forecast","-1.03059017414843"
"exdqlm_univar_synth","draw_062",961,"2022-06-02","forecast","-1.20513100710343"
"exdqlm_univar_synth","draw_062",961,"2022-06-03","forecast","-0.820397289371391"
"exdqlm_univar_synth","draw_062",961,"2022-06-04","forecast","-1.33465620715868"
"exdqlm_univar_synth","draw_062",961,"2022-06-05","forecast","-0.406353322148224"
"exdqlm_univar_synth","draw_062",961,"2022-06-06","forecast","-1.02491967882671"
"exdqlm_univar_synth","draw_062",961,"2022-06-07","forecast","-1.34312572326370"
"exdqlm_univar_synth","draw_062",961,"2022-06-08","forecast","-0.869805881136847"
"exdqlm_univar_synth","draw_063",977,"2022-05-12","forecast","-0.719672915055121"
"exdqlm_univar_synth","draw_063",977,"2022-05-13","forecast","-0.524966448790746"
"exdqlm_univar_synth","draw_063",977,"2022-05-14","forecast","-0.575328360849907"
"exdqlm_univar_synth","draw_063",977,"2022-05-15","forecast","-0.882330770417134"
"exdqlm_univar_synth","draw_063",977,"2022-05-16","forecast","-0.605313288465525"
"exdqlm_univar_synth","draw_063",977,"2022-05-17","forecast","-0.812357967570055"
"exdqlm_univar_synth","draw_063",977,"2022-05-18","forecast","-0.605961552045581"
"exdqlm_univar_synth","draw_063",977,"2022-05-19","forecast","-0.808756428995930"
"exdqlm_univar_synth","draw_063",977,"2022-05-20","forecast","-0.953454867779038"
"exdqlm_univar_synth","draw_063",977,"2022-05-21","forecast","-0.739036553564158"
"exdqlm_univar_synth","draw_063",977,"2022-05-22","forecast","-0.738247005009609"
"exdqlm_univar_synth","draw_063",977,"2022-05-23","forecast","-0.528878687139326"
"exdqlm_univar_synth","draw_063",977,"2022-05-24","forecast","-1.46227875713561"
"exdqlm_univar_synth","draw_063",977,"2022-05-25","forecast","-0.944075580641469"
"exdqlm_univar_synth","draw_063",977,"2022-05-26","forecast","-0.797045484521434"
"exdqlm_univar_synth","draw_063",977,"2022-05-27","forecast","-0.796205612039598"
"exdqlm_univar_synth","draw_063",977,"2022-05-28","forecast","-0.977223864061757"
"exdqlm_univar_synth","draw_063",977,"2022-05-29","forecast","-1.50745923233611"
"exdqlm_univar_synth","draw_063",977,"2022-05-30","forecast","-0.968170156746546"
"exdqlm_univar_synth","draw_063",977,"2022-05-31","forecast","-1.33529258364114"
"exdqlm_univar_synth","draw_063",977,"2022-06-01","forecast","-1.24863679281647"
"exdqlm_univar_synth","draw_063",977,"2022-06-02","forecast","-1.02910488859879"
"exdqlm_univar_synth","draw_063",977,"2022-06-03","forecast","-0.805575651263984"
"exdqlm_univar_synth","draw_063",977,"2022-06-04","forecast","-1.01392343414655"
"exdqlm_univar_synth","draw_063",977,"2022-06-05","forecast","-0.398248828321082"
"exdqlm_univar_synth","draw_063",977,"2022-06-06","forecast","-1.74935820762953"
"exdqlm_univar_synth","draw_063",977,"2022-06-07","forecast","-1.02971332990959"
"exdqlm_univar_synth","draw_063",977,"2022-06-08","forecast","-1.60846565138511"
"exdqlm_univar_synth","draw_064",993,"2022-05-12","forecast","-0.815725956320238"
"exdqlm_univar_synth","draw_064",993,"2022-05-13","forecast","-0.654248755664957"
"exdqlm_univar_synth","draw_064",993,"2022-05-14","forecast","-0.801867840468080"
"exdqlm_univar_synth","draw_064",993,"2022-05-15","forecast","-0.641222690806327"
"exdqlm_univar_synth","draw_064",993,"2022-05-16","forecast","-1.11066919797674"
"exdqlm_univar_synth","draw_064",993,"2022-05-17","forecast","-0.712003429607443"
"exdqlm_univar_synth","draw_064",993,"2022-05-18","forecast","-0.443205295641126"
"exdqlm_univar_synth","draw_064",993,"2022-05-19","forecast","-0.811813172642029"
"exdqlm_univar_synth","draw_064",993,"2022-05-20","forecast","-0.578098304907062"
"exdqlm_univar_synth","draw_064",993,"2022-05-21","forecast","-1.04211589649743"
"exdqlm_univar_synth","draw_064",993,"2022-05-22","forecast","-0.764242380670554"
"exdqlm_univar_synth","draw_064",993,"2022-05-23","forecast","-0.614133030248403"
"exdqlm_univar_synth","draw_064",993,"2022-05-24","forecast","-0.995890359421199"
"exdqlm_univar_synth","draw_064",993,"2022-05-25","forecast","-0.954034988781590"
"exdqlm_univar_synth","draw_064",993,"2022-05-26","forecast","-0.789906621437604"
"exdqlm_univar_synth","draw_064",993,"2022-05-27","forecast","-1.18219922041935"
"exdqlm_univar_synth","draw_064",993,"2022-05-28","forecast","-0.696461562013271"
"exdqlm_univar_synth","draw_064",993,"2022-05-29","forecast","-0.827200852710382"
"exdqlm_univar_synth","draw_064",993,"2022-05-30","forecast","-0.966409865770656"
"exdqlm_univar_synth","draw_064",993,"2022-05-31","forecast","-0.887019152804228"
"exdqlm_univar_synth","draw_064",993,"2022-06-01","forecast","-1.27144721712754"
"exdqlm_univar_synth","draw_064",993,"2022-06-02","forecast","-0.944684625150066"
"exdqlm_univar_synth","draw_064",993,"2022-06-03","forecast","-1.17059795721135"
"exdqlm_univar_synth","draw_064",993,"2022-06-04","forecast","-1.40516123758390"
"exdqlm_univar_synth","draw_064",993,"2022-06-05","forecast","0"
"exdqlm_univar_synth","draw_064",993,"2022-06-06","forecast","-0.746704960245531"
"exdqlm_univar_synth","draw_064",993,"2022-06-07","forecast","-1.51354383954753"
"exdqlm_univar_synth","draw_064",993,"2022-06-08","forecast","-0.978639832168872"
"exdqlm_univar_synth","draw_065",1008,"2022-05-12","forecast","-0.460280849015128"
"exdqlm_univar_synth","draw_065",1008,"2022-05-13","forecast","-0.577775954567729"
"exdqlm_univar_synth","draw_065",1008,"2022-05-14","forecast","-1.00563904012913"
"exdqlm_univar_synth","draw_065",1008,"2022-05-15","forecast","-0.794179303361136"
"exdqlm_univar_synth","draw_065",1008,"2022-05-16","forecast","-0.696148930868808"
"exdqlm_univar_synth","draw_065",1008,"2022-05-17","forecast","-0.925722978435622"
"exdqlm_univar_synth","draw_065",1008,"2022-05-18","forecast","-0.343991748660621"
"exdqlm_univar_synth","draw_065",1008,"2022-05-19","forecast","-0.813352284360749"
"exdqlm_univar_synth","draw_065",1008,"2022-05-20","forecast","-0.968506795287084"
"exdqlm_univar_synth","draw_065",1008,"2022-05-21","forecast","-0.703333754463919"
"exdqlm_univar_synth","draw_065",1008,"2022-05-22","forecast","-0.811355968921595"
"exdqlm_univar_synth","draw_065",1008,"2022-05-23","forecast","-0.917951274068684"
"exdqlm_univar_synth","draw_065",1008,"2022-05-24","forecast","-1.28360207519925"
"exdqlm_univar_synth","draw_065",1008,"2022-05-25","forecast","-0.706009768849082"
"exdqlm_univar_synth","draw_065",1008,"2022-05-26","forecast","-0.875813684866762"
"exdqlm_univar_synth","draw_065",1008,"2022-05-27","forecast","-0.983166732451500"
"exdqlm_univar_synth","draw_065",1008,"2022-05-28","forecast","-1.15879256445780"
"exdqlm_univar_synth","draw_065",1008,"2022-05-29","forecast","-0.828012502911966"
"exdqlm_univar_synth","draw_065",1008,"2022-05-30","forecast","-0.776643833145566"
"exdqlm_univar_synth","draw_065",1008,"2022-05-31","forecast","-1.28049018027302"
"exdqlm_univar_synth","draw_065",1008,"2022-06-01","forecast","-1.58766756592208"
"exdqlm_univar_synth","draw_065",1008,"2022-06-02","forecast","-1.55676671964140"
"exdqlm_univar_synth","draw_065",1008,"2022-06-03","forecast","-1.10167638582733"
"exdqlm_univar_synth","draw_065",1008,"2022-06-04","forecast","-1.44428784110436"
"exdqlm_univar_synth","draw_065",1008,"2022-06-05","forecast","-0.396004143050241"
"exdqlm_univar_synth","draw_065",1008,"2022-06-06","forecast","-1.15902872826074"
"exdqlm_univar_synth","draw_065",1008,"2022-06-07","forecast","-0.698590860076545"
"exdqlm_univar_synth","draw_065",1008,"2022-06-08","forecast","-0.845513355099439"
"exdqlm_univar_synth","draw_066",1024,"2022-05-12","forecast","-0.700854726140673"
"exdqlm_univar_synth","draw_066",1024,"2022-05-13","forecast","-0.582837390784075"
"exdqlm_univar_synth","draw_066",1024,"2022-05-14","forecast","-0.663991254135084"
"exdqlm_univar_synth","draw_066",1024,"2022-05-15","forecast","-0.282116540194715"
"exdqlm_univar_synth","draw_066",1024,"2022-05-16","forecast","-0.835079356963395"
"exdqlm_univar_synth","draw_066",1024,"2022-05-17","forecast","-1.05388603055102"
"exdqlm_univar_synth","draw_066",1024,"2022-05-18","forecast","-1.07448319719160"
"exdqlm_univar_synth","draw_066",1024,"2022-05-19","forecast","-0.809692367091513"
"exdqlm_univar_synth","draw_066",1024,"2022-05-20","forecast","-0.756337801325935"
"exdqlm_univar_synth","draw_066",1024,"2022-05-21","forecast","-0.894700134339463"
"exdqlm_univar_synth","draw_066",1024,"2022-05-22","forecast","-0.756592849469085"
"exdqlm_univar_synth","draw_066",1024,"2022-05-23","forecast","-0.591682959932999"
"exdqlm_univar_synth","draw_066",1024,"2022-05-24","forecast","-1.01970721730618"
"exdqlm_univar_synth","draw_066",1024,"2022-05-25","forecast","-1.14196887033294"
"exdqlm_univar_synth","draw_066",1024,"2022-05-26","forecast","-0.860930656811969"
"exdqlm_univar_synth","draw_066",1024,"2022-05-27","forecast","-1.14037588293346"
"exdqlm_univar_synth","draw_066",1024,"2022-05-28","forecast","-0.828323463008205"
"exdqlm_univar_synth","draw_066",1024,"2022-05-29","forecast","-1.22542708859691"
"exdqlm_univar_synth","draw_066",1024,"2022-05-30","forecast","-1.12533575444771"
"exdqlm_univar_synth","draw_066",1024,"2022-05-31","forecast","-0.948926051913371"
"exdqlm_univar_synth","draw_066",1024,"2022-06-01","forecast","-1.03341575716237"
"exdqlm_univar_synth","draw_066",1024,"2022-06-02","forecast","-0.938575050169277"
"exdqlm_univar_synth","draw_066",1024,"2022-06-03","forecast","-0.922128728719505"
"exdqlm_univar_synth","draw_066",1024,"2022-06-04","forecast","-0.975082283302128"
"exdqlm_univar_synth","draw_066",1024,"2022-06-05","forecast","-0.795682533531119"
"exdqlm_univar_synth","draw_066",1024,"2022-06-06","forecast","-0.779208985554274"
"exdqlm_univar_synth","draw_066",1024,"2022-06-07","forecast","-0.717290790632099"
"exdqlm_univar_synth","draw_066",1024,"2022-06-08","forecast","-0.843709416103447"
"exdqlm_univar_synth","draw_067",1040,"2022-05-12","forecast","-0.648499743374700"
"exdqlm_univar_synth","draw_067",1040,"2022-05-13","forecast","-0.910239905528126"
"exdqlm_univar_synth","draw_067",1040,"2022-05-14","forecast","-0.453283228114132"
"exdqlm_univar_synth","draw_067",1040,"2022-05-15","forecast","-0.216581893004397"
"exdqlm_univar_synth","draw_067",1040,"2022-05-16","forecast","-0.774787983981181"
"exdqlm_univar_synth","draw_067",1040,"2022-05-17","forecast","-0.759413551659490"
"exdqlm_univar_synth","draw_067",1040,"2022-05-18","forecast","-0.560081416395450"
"exdqlm_univar_synth","draw_067",1040,"2022-05-19","forecast","-0.809868795869844"
"exdqlm_univar_synth","draw_067",1040,"2022-05-20","forecast","-1.01469693858293"
"exdqlm_univar_synth","draw_067",1040,"2022-05-21","forecast","-0.956426514088847"
"exdqlm_univar_synth","draw_067",1040,"2022-05-22","forecast","-1.04696382172021"
"exdqlm_univar_synth","draw_067",1040,"2022-05-23","forecast","-0.720031951200672"
"exdqlm_univar_synth","draw_067",1040,"2022-05-24","forecast","-0.883752403442383"
"exdqlm_univar_synth","draw_067",1040,"2022-05-25","forecast","-1.13674908791633"
"exdqlm_univar_synth","draw_067",1040,"2022-05-26","forecast","-0.821793284115132"
"exdqlm_univar_synth","draw_067",1040,"2022-05-27","forecast","-0.953069192176761"
"exdqlm_univar_synth","draw_067",1040,"2022-05-28","forecast","-1.07540004452081"
"exdqlm_univar_synth","draw_067",1040,"2022-05-29","forecast","-0.918241750881590"
"exdqlm_univar_synth","draw_067",1040,"2022-05-30","forecast","-0.783053969022912"
"exdqlm_univar_synth","draw_067",1040,"2022-05-31","forecast","-0.890761719644548"
"exdqlm_univar_synth","draw_067",1040,"2022-06-01","forecast","-1.12946537804451"
"exdqlm_univar_synth","draw_067",1040,"2022-06-02","forecast","-1.09495002979578"
"exdqlm_univar_synth","draw_067",1040,"2022-06-03","forecast","-0.768119600199317"
"exdqlm_univar_synth","draw_067",1040,"2022-06-04","forecast","-1.57091812664784"
"exdqlm_univar_synth","draw_067",1040,"2022-06-05","forecast","-0.586386733498441"
"exdqlm_univar_synth","draw_067",1040,"2022-06-06","forecast","-1.05416951151580"
"exdqlm_univar_synth","draw_067",1040,"2022-06-07","forecast","-1.29205293577935"
"exdqlm_univar_synth","draw_067",1040,"2022-06-08","forecast","-1.50831998766936"
"exdqlm_univar_synth","draw_068",1056,"2022-05-12","forecast","-0.824111773448270"
"exdqlm_univar_synth","draw_068",1056,"2022-05-13","forecast","-0.776361503196253"
"exdqlm_univar_synth","draw_068",1056,"2022-05-14","forecast","-0.696097032394326"
"exdqlm_univar_synth","draw_068",1056,"2022-05-15","forecast","-0.752835122422909"
"exdqlm_univar_synth","draw_068",1056,"2022-05-16","forecast","-0.865125390953434"
"exdqlm_univar_synth","draw_068",1056,"2022-05-17","forecast","-0.934647119701361"
"exdqlm_univar_synth","draw_068",1056,"2022-05-18","forecast","-0.742446656001750"
"exdqlm_univar_synth","draw_068",1056,"2022-05-19","forecast","-0.800968954320041"
"exdqlm_univar_synth","draw_068",1056,"2022-05-20","forecast","-1.02579771352709"
"exdqlm_univar_synth","draw_068",1056,"2022-05-21","forecast","-1.09976193773306"
"exdqlm_univar_synth","draw_068",1056,"2022-05-22","forecast","-0.707443454928067"
"exdqlm_univar_synth","draw_068",1056,"2022-05-23","forecast","-0.635625580968628"
"exdqlm_univar_synth","draw_068",1056,"2022-05-24","forecast","-1.22376930762647"
"exdqlm_univar_synth","draw_068",1056,"2022-05-25","forecast","-0.750479926618177"
"exdqlm_univar_synth","draw_068",1056,"2022-05-26","forecast","-0.809251711869345"
"exdqlm_univar_synth","draw_068",1056,"2022-05-27","forecast","-1.36173963143017"
"exdqlm_univar_synth","draw_068",1056,"2022-05-28","forecast","-0.691956325113528"
"exdqlm_univar_synth","draw_068",1056,"2022-05-29","forecast","-1.19436331067346"
"exdqlm_univar_synth","draw_068",1056,"2022-05-30","forecast","-1.06544826314244"
"exdqlm_univar_synth","draw_068",1056,"2022-05-31","forecast","-1.03650051916052"
"exdqlm_univar_synth","draw_068",1056,"2022-06-01","forecast","-0.896409922444987"
"exdqlm_univar_synth","draw_068",1056,"2022-06-02","forecast","-0.949264703850030"
"exdqlm_univar_synth","draw_068",1056,"2022-06-03","forecast","-0.776506300370139"
"exdqlm_univar_synth","draw_068",1056,"2022-06-04","forecast","-1.15145288135393"
"exdqlm_univar_synth","draw_068",1056,"2022-06-05","forecast","-0.464909234391398"
"exdqlm_univar_synth","draw_068",1056,"2022-06-06","forecast","-0.752303935114351"
"exdqlm_univar_synth","draw_068",1056,"2022-06-07","forecast","-1.00732653769865"
"exdqlm_univar_synth","draw_068",1056,"2022-06-08","forecast","-0.842182660352437"
"exdqlm_univar_synth","draw_069",1071,"2022-05-12","forecast","-0.624553563266354"
"exdqlm_univar_synth","draw_069",1071,"2022-05-13","forecast","-0.897830532110306"
"exdqlm_univar_synth","draw_069",1071,"2022-05-14","forecast","-0.809865447545308"
"exdqlm_univar_synth","draw_069",1071,"2022-05-15","forecast","-0.480448870226397"
"exdqlm_univar_synth","draw_069",1071,"2022-05-16","forecast","-0.592660934897231"
"exdqlm_univar_synth","draw_069",1071,"2022-05-17","forecast","-0.772736818795029"
"exdqlm_univar_synth","draw_069",1071,"2022-05-18","forecast","-0.794304421479797"
"exdqlm_univar_synth","draw_069",1071,"2022-05-19","forecast","-1.27735171371158"
"exdqlm_univar_synth","draw_069",1071,"2022-05-20","forecast","-1.22909652626728"
"exdqlm_univar_synth","draw_069",1071,"2022-05-21","forecast","-0.741347169443916"
"exdqlm_univar_synth","draw_069",1071,"2022-05-22","forecast","-0.802354364648141"
"exdqlm_univar_synth","draw_069",1071,"2022-05-23","forecast","-0.615440675958456"
"exdqlm_univar_synth","draw_069",1071,"2022-05-24","forecast","-0.905794995279838"
"exdqlm_univar_synth","draw_069",1071,"2022-05-25","forecast","-0.870959640006804"
"exdqlm_univar_synth","draw_069",1071,"2022-05-26","forecast","-0.796948633512264"
"exdqlm_univar_synth","draw_069",1071,"2022-05-27","forecast","-1.15680074025640"
"exdqlm_univar_synth","draw_069",1071,"2022-05-28","forecast","-1.35047115163248"
"exdqlm_univar_synth","draw_069",1071,"2022-05-29","forecast","-1.47186237608334"
"exdqlm_univar_synth","draw_069",1071,"2022-05-30","forecast","-0.776878894478170"
"exdqlm_univar_synth","draw_069",1071,"2022-05-31","forecast","-1.28048394282065"
"exdqlm_univar_synth","draw_069",1071,"2022-06-01","forecast","-1.38117254748176"
"exdqlm_univar_synth","draw_069",1071,"2022-06-02","forecast","-0.971052047611929"
"exdqlm_univar_synth","draw_069",1071,"2022-06-03","forecast","-0.840324747438024"
"exdqlm_univar_synth","draw_069",1071,"2022-06-04","forecast","-1.38433674873744"
"exdqlm_univar_synth","draw_069",1071,"2022-06-05","forecast","-0.815109880574393"
"exdqlm_univar_synth","draw_069",1071,"2022-06-06","forecast","-1.43199103369926"
"exdqlm_univar_synth","draw_069",1071,"2022-06-07","forecast","-0.689236009976133"
"exdqlm_univar_synth","draw_069",1071,"2022-06-08","forecast","-0.845298836488259"
"exdqlm_univar_synth","draw_070",1087,"2022-05-12","forecast","-0.522928037139819"
"exdqlm_univar_synth","draw_070",1087,"2022-05-13","forecast","-1.09741877555761"
"exdqlm_univar_synth","draw_070",1087,"2022-05-14","forecast","-0.735879146249556"
"exdqlm_univar_synth","draw_070",1087,"2022-05-15","forecast","-0.324057887993870"
"exdqlm_univar_synth","draw_070",1087,"2022-05-16","forecast","-0.508208183131031"
"exdqlm_univar_synth","draw_070",1087,"2022-05-17","forecast","-0.969514333972090"
"exdqlm_univar_synth","draw_070",1087,"2022-05-18","forecast","-1.13149403555037"
"exdqlm_univar_synth","draw_070",1087,"2022-05-19","forecast","-1.30580521475208"
"exdqlm_univar_synth","draw_070",1087,"2022-05-20","forecast","-0.754780148119042"
"exdqlm_univar_synth","draw_070",1087,"2022-05-21","forecast","-0.720575120745573"
"exdqlm_univar_synth","draw_070",1087,"2022-05-22","forecast","-0.737963355085247"
"exdqlm_univar_synth","draw_070",1087,"2022-05-23","forecast","-0.841042294892345"
"exdqlm_univar_synth","draw_070",1087,"2022-05-24","forecast","-0.855256162669830"
"exdqlm_univar_synth","draw_070",1087,"2022-05-25","forecast","-0.752273263946199"
"exdqlm_univar_synth","draw_070",1087,"2022-05-26","forecast","-1.03731082792302"
"exdqlm_univar_synth","draw_070",1087,"2022-05-27","forecast","-1.25232698575148"
"exdqlm_univar_synth","draw_070",1087,"2022-05-28","forecast","-0.811541201222404"
"exdqlm_univar_synth","draw_070",1087,"2022-05-29","forecast","-1.31189930325927"
"exdqlm_univar_synth","draw_070",1087,"2022-05-30","forecast","-0.775728605021443"
"exdqlm_univar_synth","draw_070",1087,"2022-05-31","forecast","-0.877449273186154"
"exdqlm_univar_synth","draw_070",1087,"2022-06-01","forecast","-1.25439204583757"
"exdqlm_univar_synth","draw_070",1087,"2022-06-02","forecast","-0.955759336172890"
"exdqlm_univar_synth","draw_070",1087,"2022-06-03","forecast","-0.911956341015351"
"exdqlm_univar_synth","draw_070",1087,"2022-06-04","forecast","-1.37963008122224"
"exdqlm_univar_synth","draw_070",1087,"2022-06-05","forecast","-0.447645176577609"
"exdqlm_univar_synth","draw_070",1087,"2022-06-06","forecast","-0.776410688605246"
"exdqlm_univar_synth","draw_070",1087,"2022-06-07","forecast","-0.737775841155327"
"exdqlm_univar_synth","draw_070",1087,"2022-06-08","forecast","-0.845126787594101"
"exdqlm_univar_synth","draw_071",1103,"2022-05-12","forecast","-0.804347306948766"
"exdqlm_univar_synth","draw_071",1103,"2022-05-13","forecast","-0.559149559229059"
"exdqlm_univar_synth","draw_071",1103,"2022-05-14","forecast","-0.824237146959805"
"exdqlm_univar_synth","draw_071",1103,"2022-05-15","forecast","-1.02894846207415"
"exdqlm_univar_synth","draw_071",1103,"2022-05-16","forecast","-0.556227582961080"
"exdqlm_univar_synth","draw_071",1103,"2022-05-17","forecast","-0.938630594657934"
"exdqlm_univar_synth","draw_071",1103,"2022-05-18","forecast","-0.517091042371889"
"exdqlm_univar_synth","draw_071",1103,"2022-05-19","forecast","-0.644476862195802"
"exdqlm_univar_synth","draw_071",1103,"2022-05-20","forecast","-1.21364106454677"
"exdqlm_univar_synth","draw_071",1103,"2022-05-21","forecast","-1.04610866680631"
"exdqlm_univar_synth","draw_071",1103,"2022-05-22","forecast","-1.14907545680386"
"exdqlm_univar_synth","draw_071",1103,"2022-05-23","forecast","-0.802097217925653"
"exdqlm_univar_synth","draw_071",1103,"2022-05-24","forecast","-0.889733484953845"
"exdqlm_univar_synth","draw_071",1103,"2022-05-25","forecast","-0.764393369106880"
"exdqlm_univar_synth","draw_071",1103,"2022-05-26","forecast","-0.797420157661558"
"exdqlm_univar_synth","draw_071",1103,"2022-05-27","forecast","-0.947343594651131"
"exdqlm_univar_synth","draw_071",1103,"2022-05-28","forecast","-0.692920978499342"
"exdqlm_univar_synth","draw_071",1103,"2022-05-29","forecast","-0.614766048679301"
"exdqlm_univar_synth","draw_071",1103,"2022-05-30","forecast","-0.886800664364883"
"exdqlm_univar_synth","draw_071",1103,"2022-05-31","forecast","-1.47847964920460"
"exdqlm_univar_synth","draw_071",1103,"2022-06-01","forecast","-1.18627271432239"
"exdqlm_univar_synth","draw_071",1103,"2022-06-02","forecast","-1.31155094534564"
"exdqlm_univar_synth","draw_071",1103,"2022-06-03","forecast","-0.842651375864616"
"exdqlm_univar_synth","draw_071",1103,"2022-06-04","forecast","-0.933312993409129"
"exdqlm_univar_synth","draw_071",1103,"2022-06-05","forecast","-0.785724519789857"
"exdqlm_univar_synth","draw_071",1103,"2022-06-06","forecast","-0.783995235346268"
"exdqlm_univar_synth","draw_071",1103,"2022-06-07","forecast","-0.784480431459226"
"exdqlm_univar_synth","draw_071",1103,"2022-06-08","forecast","-0.842169964887634"
"exdqlm_univar_synth","draw_072",1119,"2022-05-12","forecast","-0.905545413624117"
"exdqlm_univar_synth","draw_072",1119,"2022-05-13","forecast","-0.722623053433700"
"exdqlm_univar_synth","draw_072",1119,"2022-05-14","forecast","-0.673875402556803"
"exdqlm_univar_synth","draw_072",1119,"2022-05-15","forecast","-0.908324095990910"
"exdqlm_univar_synth","draw_072",1119,"2022-05-16","forecast","-1.13264305781586"
"exdqlm_univar_synth","draw_072",1119,"2022-05-17","forecast","-0.761609476753883"
"exdqlm_univar_synth","draw_072",1119,"2022-05-18","forecast","-0.460424214877466"
"exdqlm_univar_synth","draw_072",1119,"2022-05-19","forecast","-0.988544143890522"
"exdqlm_univar_synth","draw_072",1119,"2022-05-20","forecast","-0.599238068561748"
"exdqlm_univar_synth","draw_072",1119,"2022-05-21","forecast","-0.742541007006575"
"exdqlm_univar_synth","draw_072",1119,"2022-05-22","forecast","-1.24253583808263"
"exdqlm_univar_synth","draw_072",1119,"2022-05-23","forecast","-0.787394390997451"
"exdqlm_univar_synth","draw_072",1119,"2022-05-24","forecast","-1.24584716610841"
"exdqlm_univar_synth","draw_072",1119,"2022-05-25","forecast","-1.13621923042306"
"exdqlm_univar_synth","draw_072",1119,"2022-05-26","forecast","-0.913657339679638"
"exdqlm_univar_synth","draw_072",1119,"2022-05-27","forecast","-0.892081602165228"
"exdqlm_univar_synth","draw_072",1119,"2022-05-28","forecast","-0.876344218510173"
"exdqlm_univar_synth","draw_072",1119,"2022-05-29","forecast","-0.819400447480758"
"exdqlm_univar_synth","draw_072",1119,"2022-05-30","forecast","-0.773984365597839"
"exdqlm_univar_synth","draw_072",1119,"2022-05-31","forecast","-1.27885167426354"
"exdqlm_univar_synth","draw_072",1119,"2022-06-01","forecast","-0.962267507775611"
"exdqlm_univar_synth","draw_072",1119,"2022-06-02","forecast","-1.25078889598240"
"exdqlm_univar_synth","draw_072",1119,"2022-06-03","forecast","-0.841195803210838"
"exdqlm_univar_synth","draw_072",1119,"2022-06-04","forecast","-1.14682872233606"
"exdqlm_univar_synth","draw_072",1119,"2022-06-05","forecast","-0.733767304395388"
"exdqlm_univar_synth","draw_072",1119,"2022-06-06","forecast","-0.774035628017463"
"exdqlm_univar_synth","draw_072",1119,"2022-06-07","forecast","-1.34120404197843"
"exdqlm_univar_synth","draw_072",1119,"2022-06-08","forecast","-1.43180494259130"
"exdqlm_univar_synth","draw_073",1134,"2022-05-12","forecast","-0.418810566506437"
"exdqlm_univar_synth","draw_073",1134,"2022-05-13","forecast","-0.750959703045685"
"exdqlm_univar_synth","draw_073",1134,"2022-05-14","forecast","-0.543243458244886"
"exdqlm_univar_synth","draw_073",1134,"2022-05-15","forecast","-0.730555060183315"
"exdqlm_univar_synth","draw_073",1134,"2022-05-16","forecast","-0.935840991472159"
"exdqlm_univar_synth","draw_073",1134,"2022-05-17","forecast","-0.699174917786408"
"exdqlm_univar_synth","draw_073",1134,"2022-05-18","forecast","-0.891415684349297"
"exdqlm_univar_synth","draw_073",1134,"2022-05-19","forecast","-0.808631818777070"
"exdqlm_univar_synth","draw_073",1134,"2022-05-20","forecast","-0.702180228084404"
"exdqlm_univar_synth","draw_073",1134,"2022-05-21","forecast","-0.765708784454097"
"exdqlm_univar_synth","draw_073",1134,"2022-05-22","forecast","-1.22894007887306"
"exdqlm_univar_synth","draw_073",1134,"2022-05-23","forecast","-0.847159181910331"
"exdqlm_univar_synth","draw_073",1134,"2022-05-24","forecast","-1.38962072802793"
"exdqlm_univar_synth","draw_073",1134,"2022-05-25","forecast","-0.926844990569282"
"exdqlm_univar_synth","draw_073",1134,"2022-05-26","forecast","-0.721490231769518"
"exdqlm_univar_synth","draw_073",1134,"2022-05-27","forecast","-0.899014635503874"
"exdqlm_univar_synth","draw_073",1134,"2022-05-28","forecast","-1.12098052490890"
"exdqlm_univar_synth","draw_073",1134,"2022-05-29","forecast","-0.898698698671678"
"exdqlm_univar_synth","draw_073",1134,"2022-05-30","forecast","-0.866270206738640"
"exdqlm_univar_synth","draw_073",1134,"2022-05-31","forecast","-1.08343997891764"
"exdqlm_univar_synth","draw_073",1134,"2022-06-01","forecast","-0.819445570832427"
"exdqlm_univar_synth","draw_073",1134,"2022-06-02","forecast","-0.982421342900577"
"exdqlm_univar_synth","draw_073",1134,"2022-06-03","forecast","-1.26215125765085"
"exdqlm_univar_synth","draw_073",1134,"2022-06-04","forecast","-1.08582836312915"
"exdqlm_univar_synth","draw_073",1134,"2022-06-05","forecast","-0.425676750938426"
"exdqlm_univar_synth","draw_073",1134,"2022-06-06","forecast","-0.788991290385044"
"exdqlm_univar_synth","draw_073",1134,"2022-06-07","forecast","-1.30933837190991"
"exdqlm_univar_synth","draw_073",1134,"2022-06-08","forecast","-0.939435294422876"
"exdqlm_univar_synth","draw_074",1150,"2022-05-12","forecast","-0.831245143478283"
"exdqlm_univar_synth","draw_074",1150,"2022-05-13","forecast","-0.706730900773213"
"exdqlm_univar_synth","draw_074",1150,"2022-05-14","forecast","-0.543606821253286"
"exdqlm_univar_synth","draw_074",1150,"2022-05-15","forecast","-0.755389824000323"
"exdqlm_univar_synth","draw_074",1150,"2022-05-16","forecast","-0.565997768622138"
"exdqlm_univar_synth","draw_074",1150,"2022-05-17","forecast","-0.744926716617310"
"exdqlm_univar_synth","draw_074",1150,"2022-05-18","forecast","-0.970772441775646"
"exdqlm_univar_synth","draw_074",1150,"2022-05-19","forecast","-0.809357604363240"
"exdqlm_univar_synth","draw_074",1150,"2022-05-20","forecast","-0.916940690722069"
"exdqlm_univar_synth","draw_074",1150,"2022-05-21","forecast","-0.741994176280827"
"exdqlm_univar_synth","draw_074",1150,"2022-05-22","forecast","-0.730328519387932"
"exdqlm_univar_synth","draw_074",1150,"2022-05-23","forecast","-0.648282411638611"
"exdqlm_univar_synth","draw_074",1150,"2022-05-24","forecast","-0.901412614970888"
"exdqlm_univar_synth","draw_074",1150,"2022-05-25","forecast","-0.728688753804656"
"exdqlm_univar_synth","draw_074",1150,"2022-05-26","forecast","-0.979269166202191"
"exdqlm_univar_synth","draw_074",1150,"2022-05-27","forecast","-0.897818917495495"
"exdqlm_univar_synth","draw_074",1150,"2022-05-28","forecast","-0.692942745942324"
"exdqlm_univar_synth","draw_074",1150,"2022-05-29","forecast","-0.819266677439889"
"exdqlm_univar_synth","draw_074",1150,"2022-05-30","forecast","-0.761096244831425"
"exdqlm_univar_synth","draw_074",1150,"2022-05-31","forecast","-1.29269791644723"
"exdqlm_univar_synth","draw_074",1150,"2022-06-01","forecast","-1.05864204041994"
"exdqlm_univar_synth","draw_074",1150,"2022-06-02","forecast","-0.946158303699595"
"exdqlm_univar_synth","draw_074",1150,"2022-06-03","forecast","-0.832249493543459"
"exdqlm_univar_synth","draw_074",1150,"2022-06-04","forecast","-0.947677680776066"
"exdqlm_univar_synth","draw_074",1150,"2022-06-05","forecast","-0.888407001651300"
"exdqlm_univar_synth","draw_074",1150,"2022-06-06","forecast","-0.961579130931358"
"exdqlm_univar_synth","draw_074",1150,"2022-06-07","forecast","-0.912649526830196"
"exdqlm_univar_synth","draw_074",1150,"2022-06-08","forecast","-0.872549129031291"
"exdqlm_univar_synth","draw_075",1166,"2022-05-12","forecast","-0.690595961732693"
"exdqlm_univar_synth","draw_075",1166,"2022-05-13","forecast","-0.606099097340399"
"exdqlm_univar_synth","draw_075",1166,"2022-05-14","forecast","-0.757898819617069"
"exdqlm_univar_synth","draw_075",1166,"2022-05-15","forecast","-1.05457590453775"
"exdqlm_univar_synth","draw_075",1166,"2022-05-16","forecast","-0.961811629723717"
"exdqlm_univar_synth","draw_075",1166,"2022-05-17","forecast","-1.07130480238953"
"exdqlm_univar_synth","draw_075",1166,"2022-05-18","forecast","-0.913700820549685"
"exdqlm_univar_synth","draw_075",1166,"2022-05-19","forecast","-1.03830118186068"
"exdqlm_univar_synth","draw_075",1166,"2022-05-20","forecast","-1.09338197563954"
"exdqlm_univar_synth","draw_075",1166,"2022-05-21","forecast","-0.850183284456059"
"exdqlm_univar_synth","draw_075",1166,"2022-05-22","forecast","-1.09379952244972"
"exdqlm_univar_synth","draw_075",1166,"2022-05-23","forecast","-0.579418673503019"
"exdqlm_univar_synth","draw_075",1166,"2022-05-24","forecast","-1.24188674932069"
"exdqlm_univar_synth","draw_075",1166,"2022-05-25","forecast","-1.43390835302387"
"exdqlm_univar_synth","draw_075",1166,"2022-05-26","forecast","-1.04918399388706"
"exdqlm_univar_synth","draw_075",1166,"2022-05-27","forecast","-1.05541213813173"
"exdqlm_univar_synth","draw_075",1166,"2022-05-28","forecast","-1.11992116237744"
"exdqlm_univar_synth","draw_075",1166,"2022-05-29","forecast","-0.884290893461700"
"exdqlm_univar_synth","draw_075",1166,"2022-05-30","forecast","-0.830308791848489"
"exdqlm_univar_synth","draw_075",1166,"2022-05-31","forecast","-0.887163165140308"
"exdqlm_univar_synth","draw_075",1166,"2022-06-01","forecast","-0.909336282795795"
"exdqlm_univar_synth","draw_075",1166,"2022-06-02","forecast","-1.12769691200678"
"exdqlm_univar_synth","draw_075",1166,"2022-06-03","forecast","-1.26586998595882"
"exdqlm_univar_synth","draw_075",1166,"2022-06-04","forecast","-1.16549909779908"
"exdqlm_univar_synth","draw_075",1166,"2022-06-05","forecast","-1.35150546506330"
"exdqlm_univar_synth","draw_075",1166,"2022-06-06","forecast","-0.799124894277121"
"exdqlm_univar_synth","draw_075",1166,"2022-06-07","forecast","-0.682869686406824"
"exdqlm_univar_synth","draw_075",1166,"2022-06-08","forecast","-0.908183781525018"
"exdqlm_univar_synth","draw_076",1182,"2022-05-12","forecast","-0.488479978432955"
"exdqlm_univar_synth","draw_076",1182,"2022-05-13","forecast","-0.428168673406828"
"exdqlm_univar_synth","draw_076",1182,"2022-05-14","forecast","-0.812341914873472"
"exdqlm_univar_synth","draw_076",1182,"2022-05-15","forecast","-0.431229293242589"
"exdqlm_univar_synth","draw_076",1182,"2022-05-16","forecast","-0.999140298613829"
"exdqlm_univar_synth","draw_076",1182,"2022-05-17","forecast","-0.699045892950293"
"exdqlm_univar_synth","draw_076",1182,"2022-05-18","forecast","-0.613091138320212"
"exdqlm_univar_synth","draw_076",1182,"2022-05-19","forecast","-1.23172166310059"
"exdqlm_univar_synth","draw_076",1182,"2022-05-20","forecast","-0.700177168482303"
"exdqlm_univar_synth","draw_076",1182,"2022-05-21","forecast","-1.10737757730389"
"exdqlm_univar_synth","draw_076",1182,"2022-05-22","forecast","-1.23649159653107"
"exdqlm_univar_synth","draw_076",1182,"2022-05-23","forecast","-0.881692724485778"
"exdqlm_univar_synth","draw_076",1182,"2022-05-24","forecast","-1.22395123987784"
"exdqlm_univar_synth","draw_076",1182,"2022-05-25","forecast","-1.42792377763971"
"exdqlm_univar_synth","draw_076",1182,"2022-05-26","forecast","-1.14825495413070"
"exdqlm_univar_synth","draw_076",1182,"2022-05-27","forecast","-0.899543965372303"
"exdqlm_univar_synth","draw_076",1182,"2022-05-28","forecast","-0.732300360243335"
"exdqlm_univar_synth","draw_076",1182,"2022-05-29","forecast","-1.31526716302086"
"exdqlm_univar_synth","draw_076",1182,"2022-05-30","forecast","-0.974688072687099"
"exdqlm_univar_synth","draw_076",1182,"2022-05-31","forecast","-0.889494791529862"
"exdqlm_univar_synth","draw_076",1182,"2022-06-01","forecast","-0.806333414521811"
"exdqlm_univar_synth","draw_076",1182,"2022-06-02","forecast","-0.944574973546972"
"exdqlm_univar_synth","draw_076",1182,"2022-06-03","forecast","-1.06259158316795"
"exdqlm_univar_synth","draw_076",1182,"2022-06-04","forecast","-1.32209663205072"
"exdqlm_univar_synth","draw_076",1182,"2022-06-05","forecast","-0.345671461395100"
"exdqlm_univar_synth","draw_076",1182,"2022-06-06","forecast","-1.49596136975094"
"exdqlm_univar_synth","draw_076",1182,"2022-06-07","forecast","-0.680830844506128"
"exdqlm_univar_synth","draw_076",1182,"2022-06-08","forecast","-1.28012573634593"
"exdqlm_univar_synth","draw_077",1197,"2022-05-12","forecast","-0.458278918085464"
"exdqlm_univar_synth","draw_077",1197,"2022-05-13","forecast","-0.694570106421668"
"exdqlm_univar_synth","draw_077",1197,"2022-05-14","forecast","-1.00453389246649"
"exdqlm_univar_synth","draw_077",1197,"2022-05-15","forecast","-0.950348447645392"
"exdqlm_univar_synth","draw_077",1197,"2022-05-16","forecast","-0.697893399748822"
"exdqlm_univar_synth","draw_077",1197,"2022-05-17","forecast","-0.921393640859979"
"exdqlm_univar_synth","draw_077",1197,"2022-05-18","forecast","-0.824729853936508"
"exdqlm_univar_synth","draw_077",1197,"2022-05-19","forecast","-1.15713242797674"
"exdqlm_univar_synth","draw_077",1197,"2022-05-20","forecast","-0.787762117108141"
"exdqlm_univar_synth","draw_077",1197,"2022-05-21","forecast","-0.615238634481742"
"exdqlm_univar_synth","draw_077",1197,"2022-05-22","forecast","-1.38689511881229"
"exdqlm_univar_synth","draw_077",1197,"2022-05-23","forecast","-1.14298141625185"
"exdqlm_univar_synth","draw_077",1197,"2022-05-24","forecast","-0.882452872887776"
"exdqlm_univar_synth","draw_077",1197,"2022-05-25","forecast","-1.34399148655043"
"exdqlm_univar_synth","draw_077",1197,"2022-05-26","forecast","-1.18602329967140"
"exdqlm_univar_synth","draw_077",1197,"2022-05-27","forecast","-1.54107102367372"
"exdqlm_univar_synth","draw_077",1197,"2022-05-28","forecast","-1.06702503304676"
"exdqlm_univar_synth","draw_077",1197,"2022-05-29","forecast","-0.874308682462129"
"exdqlm_univar_synth","draw_077",1197,"2022-05-30","forecast","-1.28865472306335"
"exdqlm_univar_synth","draw_077",1197,"2022-05-31","forecast","-0.917711475359907"
"exdqlm_univar_synth","draw_077",1197,"2022-06-01","forecast","-0.818944533130714"
"exdqlm_univar_synth","draw_077",1197,"2022-06-02","forecast","-1.53182876196926"
"exdqlm_univar_synth","draw_077",1197,"2022-06-03","forecast","-0.841164108293747"
"exdqlm_univar_synth","draw_077",1197,"2022-06-04","forecast","-0.952215357625687"
"exdqlm_univar_synth","draw_077",1197,"2022-06-05","forecast","-0.557544450056120"
"exdqlm_univar_synth","draw_077",1197,"2022-06-06","forecast","-0.777918965421191"
"exdqlm_univar_synth","draw_077",1197,"2022-06-07","forecast","-1.34295725125493"
"exdqlm_univar_synth","draw_077",1197,"2022-06-08","forecast","-0.841043609865130"
"exdqlm_univar_synth","draw_078",1213,"2022-05-12","forecast","-0.766232312850014"
"exdqlm_univar_synth","draw_078",1213,"2022-05-13","forecast","-0.427943414378051"
"exdqlm_univar_synth","draw_078",1213,"2022-05-14","forecast","-1.01730157394993"
"exdqlm_univar_synth","draw_078",1213,"2022-05-15","forecast","-0.486836365960803"
"exdqlm_univar_synth","draw_078",1213,"2022-05-16","forecast","-0.605329232886172"
"exdqlm_univar_synth","draw_078",1213,"2022-05-17","forecast","-1.01229907356267"
"exdqlm_univar_synth","draw_078",1213,"2022-05-18","forecast","-0.926286024808830"
"exdqlm_univar_synth","draw_078",1213,"2022-05-19","forecast","-1.08388344780443"
"exdqlm_univar_synth","draw_078",1213,"2022-05-20","forecast","-1.34446754128951"
"exdqlm_univar_synth","draw_078",1213,"2022-05-21","forecast","-0.776335965965455"
"exdqlm_univar_synth","draw_078",1213,"2022-05-22","forecast","-1.10837567444100"
"exdqlm_univar_synth","draw_078",1213,"2022-05-23","forecast","-0.616841893041893"
"exdqlm_univar_synth","draw_078",1213,"2022-05-24","forecast","-1.02734686570878"
"exdqlm_univar_synth","draw_078",1213,"2022-05-25","forecast","-0.763579391026074"
"exdqlm_univar_synth","draw_078",1213,"2022-05-26","forecast","-0.797673620760185"
"exdqlm_univar_synth","draw_078",1213,"2022-05-27","forecast","-0.898160376776807"
"exdqlm_univar_synth","draw_078",1213,"2022-05-28","forecast","-1.18518618621642"
"exdqlm_univar_synth","draw_078",1213,"2022-05-29","forecast","-0.852854355264459"
"exdqlm_univar_synth","draw_078",1213,"2022-05-30","forecast","-1.06480961275016"
"exdqlm_univar_synth","draw_078",1213,"2022-05-31","forecast","-1.60258007880518"
"exdqlm_univar_synth","draw_078",1213,"2022-06-01","forecast","-1.04647512657700"
"exdqlm_univar_synth","draw_078",1213,"2022-06-02","forecast","-0.944595949596533"
"exdqlm_univar_synth","draw_078",1213,"2022-06-03","forecast","-0.933324547108634"
"exdqlm_univar_synth","draw_078",1213,"2022-06-04","forecast","-1.35161933836749"
"exdqlm_univar_synth","draw_078",1213,"2022-06-05","forecast","-0.868066926534565"
"exdqlm_univar_synth","draw_078",1213,"2022-06-06","forecast","-0.776018665106499"
"exdqlm_univar_synth","draw_078",1213,"2022-06-07","forecast","-0.790777344993993"
"exdqlm_univar_synth","draw_078",1213,"2022-06-08","forecast","-0.975112810844352"
"exdqlm_univar_synth","draw_079",1229,"2022-05-12","forecast","-0.893248030746717"
"exdqlm_univar_synth","draw_079",1229,"2022-05-13","forecast","-0.409898670987973"
"exdqlm_univar_synth","draw_079",1229,"2022-05-14","forecast","-0.539576667462394"
"exdqlm_univar_synth","draw_079",1229,"2022-05-15","forecast","-0.352734013057384"
"exdqlm_univar_synth","draw_079",1229,"2022-05-16","forecast","-0.597380737670033"
"exdqlm_univar_synth","draw_079",1229,"2022-05-17","forecast","-0.581960224581768"
"exdqlm_univar_synth","draw_079",1229,"2022-05-18","forecast","-0.944283080493550"
"exdqlm_univar_synth","draw_079",1229,"2022-05-19","forecast","-0.813003906641646"
"exdqlm_univar_synth","draw_079",1229,"2022-05-20","forecast","-0.938272658665156"
"exdqlm_univar_synth","draw_079",1229,"2022-05-21","forecast","-1.02740914367986"
"exdqlm_univar_synth","draw_079",1229,"2022-05-22","forecast","-0.930650090718663"
"exdqlm_univar_synth","draw_079",1229,"2022-05-23","forecast","-1.17551960736731"
"exdqlm_univar_synth","draw_079",1229,"2022-05-24","forecast","-1.14481595076862"
"exdqlm_univar_synth","draw_079",1229,"2022-05-25","forecast","-0.763678709786683"
"exdqlm_univar_synth","draw_079",1229,"2022-05-26","forecast","-0.921442978358289"
"exdqlm_univar_synth","draw_079",1229,"2022-05-27","forecast","-0.895968217851717"
"exdqlm_univar_synth","draw_079",1229,"2022-05-28","forecast","-0.780310509757748"
"exdqlm_univar_synth","draw_079",1229,"2022-05-29","forecast","-0.846367398547352"
"exdqlm_univar_synth","draw_079",1229,"2022-05-30","forecast","-1.00753126375869"
"exdqlm_univar_synth","draw_079",1229,"2022-05-31","forecast","-1.10991244355559"
"exdqlm_univar_synth","draw_079",1229,"2022-06-01","forecast","-0.815036852290024"
"exdqlm_univar_synth","draw_079",1229,"2022-06-02","forecast","-1.19070614706591"
"exdqlm_univar_synth","draw_079",1229,"2022-06-03","forecast","-1.60576661628690"
"exdqlm_univar_synth","draw_079",1229,"2022-06-04","forecast","-0.952032315605668"
"exdqlm_univar_synth","draw_079",1229,"2022-06-05","forecast","-0.504615675031824"
"exdqlm_univar_synth","draw_079",1229,"2022-06-06","forecast","-0.774409676918230"
"exdqlm_univar_synth","draw_079",1229,"2022-06-07","forecast","-0.684313243334899"
"exdqlm_univar_synth","draw_079",1229,"2022-06-08","forecast","-0.844195386741516"
"exdqlm_univar_synth","draw_080",1244,"2022-05-12","forecast","-0.571860528119423"
"exdqlm_univar_synth","draw_080",1244,"2022-05-13","forecast","-0.410542089854256"
"exdqlm_univar_synth","draw_080",1244,"2022-05-14","forecast","-0.548376925193523"
"exdqlm_univar_synth","draw_080",1244,"2022-05-15","forecast","-0.460027124343108"
"exdqlm_univar_synth","draw_080",1244,"2022-05-16","forecast","-0.531767384225298"
"exdqlm_univar_synth","draw_080",1244,"2022-05-17","forecast","-1.08122541133869"
"exdqlm_univar_synth","draw_080",1244,"2022-05-18","forecast","-0.516968396825401"
"exdqlm_univar_synth","draw_080",1244,"2022-05-19","forecast","-0.982733231342907"
"exdqlm_univar_synth","draw_080",1244,"2022-05-20","forecast","-0.700426598316865"
"exdqlm_univar_synth","draw_080",1244,"2022-05-21","forecast","-0.881928651502071"
"exdqlm_univar_synth","draw_080",1244,"2022-05-22","forecast","-0.977990285090139"
"exdqlm_univar_synth","draw_080",1244,"2022-05-23","forecast","-0.579451739549565"
"exdqlm_univar_synth","draw_080",1244,"2022-05-24","forecast","-1.43965560245956"
"exdqlm_univar_synth","draw_080",1244,"2022-05-25","forecast","-0.807623948201506"
"exdqlm_univar_synth","draw_080",1244,"2022-05-26","forecast","-1.33515516412170"
"exdqlm_univar_synth","draw_080",1244,"2022-05-27","forecast","-1.38830151859052"
"exdqlm_univar_synth","draw_080",1244,"2022-05-28","forecast","-0.742718805695891"
"exdqlm_univar_synth","draw_080",1244,"2022-05-29","forecast","-1.19406887240287"
"exdqlm_univar_synth","draw_080",1244,"2022-05-30","forecast","-1.00905350499935"
"exdqlm_univar_synth","draw_080",1244,"2022-05-31","forecast","-1.40587950481996"
"exdqlm_univar_synth","draw_080",1244,"2022-06-01","forecast","-1.17702776655986"
"exdqlm_univar_synth","draw_080",1244,"2022-06-02","forecast","-0.944895800106288"
"exdqlm_univar_synth","draw_080",1244,"2022-06-03","forecast","-1.44452909671310"
"exdqlm_univar_synth","draw_080",1244,"2022-06-04","forecast","-1.64860743460205"
"exdqlm_univar_synth","draw_080",1244,"2022-06-05","forecast","-0.411671892633329"
"exdqlm_univar_synth","draw_080",1244,"2022-06-06","forecast","-0.780584796015435"
"exdqlm_univar_synth","draw_080",1244,"2022-06-07","forecast","-1.50619746558936"
"exdqlm_univar_synth","draw_080",1244,"2022-06-08","forecast","-0.844490908553932"
"exdqlm_univar_synth","draw_081",1260,"2022-05-12","forecast","-0.437741231077368"
"exdqlm_univar_synth","draw_081",1260,"2022-05-13","forecast","-0.809240859966041"
"exdqlm_univar_synth","draw_081",1260,"2022-05-14","forecast","-0.532079413432110"
"exdqlm_univar_synth","draw_081",1260,"2022-05-15","forecast","-0.815588468269759"
"exdqlm_univar_synth","draw_081",1260,"2022-05-16","forecast","-0.677218704988604"
"exdqlm_univar_synth","draw_081",1260,"2022-05-17","forecast","-1.05912193188777"
"exdqlm_univar_synth","draw_081",1260,"2022-05-18","forecast","-0.906509289933975"
"exdqlm_univar_synth","draw_081",1260,"2022-05-19","forecast","-0.938740669182561"
"exdqlm_univar_synth","draw_081",1260,"2022-05-20","forecast","-0.867058849285626"
"exdqlm_univar_synth","draw_081",1260,"2022-05-21","forecast","-0.822625892530925"
"exdqlm_univar_synth","draw_081",1260,"2022-05-22","forecast","-0.726425271100301"
"exdqlm_univar_synth","draw_081",1260,"2022-05-23","forecast","-0.666030372261510"
"exdqlm_univar_synth","draw_081",1260,"2022-05-24","forecast","-1.60129729231974"
"exdqlm_univar_synth","draw_081",1260,"2022-05-25","forecast","-1.10414411598146"
"exdqlm_univar_synth","draw_081",1260,"2022-05-26","forecast","-1.09748963133042"
"exdqlm_univar_synth","draw_081",1260,"2022-05-27","forecast","-1.04715125380601"
"exdqlm_univar_synth","draw_081",1260,"2022-05-28","forecast","-1.01245077689138"
"exdqlm_univar_synth","draw_081",1260,"2022-05-29","forecast","-1.49293390718515"
"exdqlm_univar_synth","draw_081",1260,"2022-05-30","forecast","-0.777246015421679"
"exdqlm_univar_synth","draw_081",1260,"2022-05-31","forecast","-1.24506980971027"
"exdqlm_univar_synth","draw_081",1260,"2022-06-01","forecast","-0.979524750404710"
"exdqlm_univar_synth","draw_081",1260,"2022-06-02","forecast","-1.00797302238618"
"exdqlm_univar_synth","draw_081",1260,"2022-06-03","forecast","-1.22769761076985"
"exdqlm_univar_synth","draw_081",1260,"2022-06-04","forecast","-1.50121067393639"
"exdqlm_univar_synth","draw_081",1260,"2022-06-05","forecast","-0.406311171499941"
"exdqlm_univar_synth","draw_081",1260,"2022-06-06","forecast","-1.42140051742266"
"exdqlm_univar_synth","draw_081",1260,"2022-06-07","forecast","-0.678621773951449"
"exdqlm_univar_synth","draw_081",1260,"2022-06-08","forecast","-1.16031660576760"
"exdqlm_univar_synth","draw_082",1276,"2022-05-12","forecast","-0.401187226213618"
"exdqlm_univar_synth","draw_082",1276,"2022-05-13","forecast","-0.509638445591479"
"exdqlm_univar_synth","draw_082",1276,"2022-05-14","forecast","-0.584697664962900"
"exdqlm_univar_synth","draw_082",1276,"2022-05-15","forecast","-0.915584950143666"
"exdqlm_univar_synth","draw_082",1276,"2022-05-16","forecast","-0.604668849119085"
"exdqlm_univar_synth","draw_082",1276,"2022-05-17","forecast","-0.699872043048735"
"exdqlm_univar_synth","draw_082",1276,"2022-05-18","forecast","-0.315739399953598"
"exdqlm_univar_synth","draw_082",1276,"2022-05-19","forecast","-1.12833038581455"
"exdqlm_univar_synth","draw_082",1276,"2022-05-20","forecast","-0.681880839245919"
"exdqlm_univar_synth","draw_082",1276,"2022-05-21","forecast","-0.743751950141416"
"exdqlm_univar_synth","draw_082",1276,"2022-05-22","forecast","-1.38037728571544"
"exdqlm_univar_synth","draw_082",1276,"2022-05-23","forecast","-0.537243759051451"
"exdqlm_univar_synth","draw_082",1276,"2022-05-24","forecast","-1.37336404064612"
"exdqlm_univar_synth","draw_082",1276,"2022-05-25","forecast","-1.38477287446389"
"exdqlm_univar_synth","draw_082",1276,"2022-05-26","forecast","-0.797585178575855"
"exdqlm_univar_synth","draw_082",1276,"2022-05-27","forecast","-0.914515170611716"
"exdqlm_univar_synth","draw_082",1276,"2022-05-28","forecast","-1.26813740386094"
"exdqlm_univar_synth","draw_082",1276,"2022-05-29","forecast","-1.34886944201142"
"exdqlm_univar_synth","draw_082",1276,"2022-05-30","forecast","-0.777788966530722"
"exdqlm_univar_synth","draw_082",1276,"2022-05-31","forecast","-1.77822655809759"
"exdqlm_univar_synth","draw_082",1276,"2022-06-01","forecast","-0.936363009752207"
"exdqlm_univar_synth","draw_082",1276,"2022-06-02","forecast","-1.38959319850615"
"exdqlm_univar_synth","draw_082",1276,"2022-06-03","forecast","-1.02833712824478"
"exdqlm_univar_synth","draw_082",1276,"2022-06-04","forecast","-1.48971893555581"
"exdqlm_univar_synth","draw_082",1276,"2022-06-05","forecast","-1.13984763459977"
"exdqlm_univar_synth","draw_082",1276,"2022-06-06","forecast","-0.781586769693220"
"exdqlm_univar_synth","draw_082",1276,"2022-06-07","forecast","-0.685824838692935"
"exdqlm_univar_synth","draw_082",1276,"2022-06-08","forecast","-0.845063573013969"
"exdqlm_univar_synth","draw_083",1292,"2022-05-12","forecast","-0.482807498872571"
"exdqlm_univar_synth","draw_083",1292,"2022-05-13","forecast","-0.944107290429051"
"exdqlm_univar_synth","draw_083",1292,"2022-05-14","forecast","-0.560919824318372"
"exdqlm_univar_synth","draw_083",1292,"2022-05-15","forecast","-0.316152347768746"
"exdqlm_univar_synth","draw_083",1292,"2022-05-16","forecast","-0.923935819454799"
"exdqlm_univar_synth","draw_083",1292,"2022-05-17","forecast","-0.973141674578704"
"exdqlm_univar_synth","draw_083",1292,"2022-05-18","forecast","-0.440100512745498"
"exdqlm_univar_synth","draw_083",1292,"2022-05-19","forecast","-1.17697595292995"
"exdqlm_univar_synth","draw_083",1292,"2022-05-20","forecast","-1.28534964362725"
"exdqlm_univar_synth","draw_083",1292,"2022-05-21","forecast","-0.720914908771469"
"exdqlm_univar_synth","draw_083",1292,"2022-05-22","forecast","-1.05163738263610"
"exdqlm_univar_synth","draw_083",1292,"2022-05-23","forecast","-0.955465413751672"
"exdqlm_univar_synth","draw_083",1292,"2022-05-24","forecast","-1.20971577211597"
"exdqlm_univar_synth","draw_083",1292,"2022-05-25","forecast","-0.752517793652173"
"exdqlm_univar_synth","draw_083",1292,"2022-05-26","forecast","-1.42922745932009"
"exdqlm_univar_synth","draw_083",1292,"2022-05-27","forecast","-0.899578205402349"
"exdqlm_univar_synth","draw_083",1292,"2022-05-28","forecast","-1.42959438749712"
"exdqlm_univar_synth","draw_083",1292,"2022-05-29","forecast","-1.12980920201876"
"exdqlm_univar_synth","draw_083",1292,"2022-05-30","forecast","-1.14074830149199"
"exdqlm_univar_synth","draw_083",1292,"2022-05-31","forecast","-1.06139778006600"
"exdqlm_univar_synth","draw_083",1292,"2022-06-01","forecast","-1.16379584729179"
"exdqlm_univar_synth","draw_083",1292,"2022-06-02","forecast","-0.947754082628863"
"exdqlm_univar_synth","draw_083",1292,"2022-06-03","forecast","-1.41455422591423"
"exdqlm_univar_synth","draw_083",1292,"2022-06-04","forecast","-1.57782520015839"
"exdqlm_univar_synth","draw_083",1292,"2022-06-05","forecast","-0.397872974921400"
"exdqlm_univar_synth","draw_083",1292,"2022-06-06","forecast","-0.777797521732872"
"exdqlm_univar_synth","draw_083",1292,"2022-06-07","forecast","-0.714227161274311"
"exdqlm_univar_synth","draw_083",1292,"2022-06-08","forecast","-0.841594227470489"
"exdqlm_univar_synth","draw_084",1307,"2022-05-12","forecast","-0.689570115579554"
"exdqlm_univar_synth","draw_084",1307,"2022-05-13","forecast","-0.694641056439276"
"exdqlm_univar_synth","draw_084",1307,"2022-05-14","forecast","-0.941696372114398"
"exdqlm_univar_synth","draw_084",1307,"2022-05-15","forecast","-0.318901126322975"
"exdqlm_univar_synth","draw_084",1307,"2022-05-16","forecast","-0.664094475703207"
"exdqlm_univar_synth","draw_084",1307,"2022-05-17","forecast","-0.802679201805886"
"exdqlm_univar_synth","draw_084",1307,"2022-05-18","forecast","-0.667451841566963"
"exdqlm_univar_synth","draw_084",1307,"2022-05-19","forecast","-1.11265107632541"
"exdqlm_univar_synth","draw_084",1307,"2022-05-20","forecast","-0.731107222451221"
"exdqlm_univar_synth","draw_084",1307,"2022-05-21","forecast","-0.744663164251008"
"exdqlm_univar_synth","draw_084",1307,"2022-05-22","forecast","-0.895288799048565"
"exdqlm_univar_synth","draw_084",1307,"2022-05-23","forecast","-0.613883566771486"
"exdqlm_univar_synth","draw_084",1307,"2022-05-24","forecast","-1.05982342842458"
"exdqlm_univar_synth","draw_084",1307,"2022-05-25","forecast","-0.841435385968315"
"exdqlm_univar_synth","draw_084",1307,"2022-05-26","forecast","-1.01440161959541"
"exdqlm_univar_synth","draw_084",1307,"2022-05-27","forecast","-1.42175995983707"
"exdqlm_univar_synth","draw_084",1307,"2022-05-28","forecast","-0.691787780664992"
"exdqlm_univar_synth","draw_084",1307,"2022-05-29","forecast","-0.889415295999761"
"exdqlm_univar_synth","draw_084",1307,"2022-05-30","forecast","-0.687771073287193"
"exdqlm_univar_synth","draw_084",1307,"2022-05-31","forecast","-0.900645723586571"
"exdqlm_univar_synth","draw_084",1307,"2022-06-01","forecast","-1.19690498912753"
"exdqlm_univar_synth","draw_084",1307,"2022-06-02","forecast","-0.986281173042392"
"exdqlm_univar_synth","draw_084",1307,"2022-06-03","forecast","-0.841746395366623"
"exdqlm_univar_synth","draw_084",1307,"2022-06-04","forecast","-1.41429807227878"
"exdqlm_univar_synth","draw_084",1307,"2022-06-05","forecast","-0.556563784909319"
"exdqlm_univar_synth","draw_084",1307,"2022-06-06","forecast","-1.09459416917206"
"exdqlm_univar_synth","draw_084",1307,"2022-06-07","forecast","-0.617710167958510"
"exdqlm_univar_synth","draw_084",1307,"2022-06-08","forecast","-1.21591834012271"
"exdqlm_univar_synth","draw_085",1323,"2022-05-12","forecast","-0.472793891099986"
"exdqlm_univar_synth","draw_085",1323,"2022-05-13","forecast","-0.842668994997026"
"exdqlm_univar_synth","draw_085",1323,"2022-05-14","forecast","-0.481427383513014"
"exdqlm_univar_synth","draw_085",1323,"2022-05-15","forecast","-0.765193280199522"
"exdqlm_univar_synth","draw_085",1323,"2022-05-16","forecast","-0.543361201110885"
"exdqlm_univar_synth","draw_085",1323,"2022-05-17","forecast","-0.626418136512194"
"exdqlm_univar_synth","draw_085",1323,"2022-05-18","forecast","-0.579501109926904"
"exdqlm_univar_synth","draw_085",1323,"2022-05-19","forecast","-0.809807760644139"
"exdqlm_univar_synth","draw_085",1323,"2022-05-20","forecast","-0.716604576418436"
"exdqlm_univar_synth","draw_085",1323,"2022-05-21","forecast","-0.788684238285657"
"exdqlm_univar_synth","draw_085",1323,"2022-05-22","forecast","-0.763585991844585"
"exdqlm_univar_synth","draw_085",1323,"2022-05-23","forecast","-0.616322730271182"
"exdqlm_univar_synth","draw_085",1323,"2022-05-24","forecast","-1.36365237683690"
"exdqlm_univar_synth","draw_085",1323,"2022-05-25","forecast","-1.23284157619330"
"exdqlm_univar_synth","draw_085",1323,"2022-05-26","forecast","-1.35544982488853"
"exdqlm_univar_synth","draw_085",1323,"2022-05-27","forecast","-0.893307019221232"
"exdqlm_univar_synth","draw_085",1323,"2022-05-28","forecast","-1.45134594309850"
"exdqlm_univar_synth","draw_085",1323,"2022-05-29","forecast","-1.42928210910064"
"exdqlm_univar_synth","draw_085",1323,"2022-05-30","forecast","-1.10000485575066"
"exdqlm_univar_synth","draw_085",1323,"2022-05-31","forecast","-1.02897179060899"
"exdqlm_univar_synth","draw_085",1323,"2022-06-01","forecast","-1.18739175227457"
"exdqlm_univar_synth","draw_085",1323,"2022-06-02","forecast","-1.00979313782345"
"exdqlm_univar_synth","draw_085",1323,"2022-06-03","forecast","-1.36465939700651"
"exdqlm_univar_synth","draw_085",1323,"2022-06-04","forecast","-0.954878019391207"
"exdqlm_univar_synth","draw_085",1323,"2022-06-05","forecast","-0.773210784610906"
"exdqlm_univar_synth","draw_085",1323,"2022-06-06","forecast","-1.29739005724224"
"exdqlm_univar_synth","draw_085",1323,"2022-06-07","forecast","-0.681903248420670"
"exdqlm_univar_synth","draw_085",1323,"2022-06-08","forecast","-0.848973173420406"
"exdqlm_univar_synth","draw_086",1339,"2022-05-12","forecast","-0.425418449545143"
"exdqlm_univar_synth","draw_086",1339,"2022-05-13","forecast","-0.728700316368815"
"exdqlm_univar_synth","draw_086",1339,"2022-05-14","forecast","-0.854877048035456"
"exdqlm_univar_synth","draw_086",1339,"2022-05-15","forecast","-0.622136618833179"
"exdqlm_univar_synth","draw_086",1339,"2022-05-16","forecast","-0.603885504224312"
"exdqlm_univar_synth","draw_086",1339,"2022-05-17","forecast","-0.887190683717765"
"exdqlm_univar_synth","draw_086",1339,"2022-05-18","forecast","-0.516404182963851"
"exdqlm_univar_synth","draw_086",1339,"2022-05-19","forecast","-0.803517631698568"
"exdqlm_univar_synth","draw_086",1339,"2022-05-20","forecast","-1.00103716797162"
"exdqlm_univar_synth","draw_086",1339,"2022-05-21","forecast","-1.28881596769440"
"exdqlm_univar_synth","draw_086",1339,"2022-05-22","forecast","-0.807183836018807"
"exdqlm_univar_synth","draw_086",1339,"2022-05-23","forecast","-0.791598098686336"
"exdqlm_univar_synth","draw_086",1339,"2022-05-24","forecast","-1.27707069357921"
"exdqlm_univar_synth","draw_086",1339,"2022-05-25","forecast","-1.14578564843062"
"exdqlm_univar_synth","draw_086",1339,"2022-05-26","forecast","-1.18057359395164"
"exdqlm_univar_synth","draw_086",1339,"2022-05-27","forecast","-0.891437326588438"
"exdqlm_univar_synth","draw_086",1339,"2022-05-28","forecast","-0.694973795904373"
"exdqlm_univar_synth","draw_086",1339,"2022-05-29","forecast","-0.818526722672496"
"exdqlm_univar_synth","draw_086",1339,"2022-05-30","forecast","-1.27454926682859"
"exdqlm_univar_synth","draw_086",1339,"2022-05-31","forecast","-0.883916369636295"
"exdqlm_univar_synth","draw_086",1339,"2022-06-01","forecast","-1.13744026071067"
"exdqlm_univar_synth","draw_086",1339,"2022-06-02","forecast","-1.30793087020851"
"exdqlm_univar_synth","draw_086",1339,"2022-06-03","forecast","-1.42046151229433"
"exdqlm_univar_synth","draw_086",1339,"2022-06-04","forecast","-1.51875928755244"
"exdqlm_univar_synth","draw_086",1339,"2022-06-05","forecast","-0.860712752372071"
"exdqlm_univar_synth","draw_086",1339,"2022-06-06","forecast","-1.51585027359271"
"exdqlm_univar_synth","draw_086",1339,"2022-06-07","forecast","-0.897739922089301"
"exdqlm_univar_synth","draw_086",1339,"2022-06-08","forecast","-0.842080101034870"
"exdqlm_univar_synth","draw_087",1355,"2022-05-12","forecast","-0.883551237181268"
"exdqlm_univar_synth","draw_087",1355,"2022-05-13","forecast","-0.745585492298747"
"exdqlm_univar_synth","draw_087",1355,"2022-05-14","forecast","-0.291834768952946"
"exdqlm_univar_synth","draw_087",1355,"2022-05-15","forecast","-0.424557923018695"
"exdqlm_univar_synth","draw_087",1355,"2022-05-16","forecast","-0.564464347134471"
"exdqlm_univar_synth","draw_087",1355,"2022-05-17","forecast","-1.15109271800979"
"exdqlm_univar_synth","draw_087",1355,"2022-05-18","forecast","-0.798396043133169"
"exdqlm_univar_synth","draw_087",1355,"2022-05-19","forecast","-0.809693900433023"
"exdqlm_univar_synth","draw_087",1355,"2022-05-20","forecast","-0.701272342295866"
"exdqlm_univar_synth","draw_087",1355,"2022-05-21","forecast","-1.06776555622088"
"exdqlm_univar_synth","draw_087",1355,"2022-05-22","forecast","-0.745845908252751"
"exdqlm_univar_synth","draw_087",1355,"2022-05-23","forecast","-0.914335877423070"
"exdqlm_univar_synth","draw_087",1355,"2022-05-24","forecast","-1.12851260653580"
"exdqlm_univar_synth","draw_087",1355,"2022-05-25","forecast","-1.17954523690709"
"exdqlm_univar_synth","draw_087",1355,"2022-05-26","forecast","-0.826710659817161"
"exdqlm_univar_synth","draw_087",1355,"2022-05-27","forecast","-0.896230380060327"
"exdqlm_univar_synth","draw_087",1355,"2022-05-28","forecast","-0.694208651177722"
"exdqlm_univar_synth","draw_087",1355,"2022-05-29","forecast","-0.826179910055881"
"exdqlm_univar_synth","draw_087",1355,"2022-05-30","forecast","-0.774937790746229"
"exdqlm_univar_synth","draw_087",1355,"2022-05-31","forecast","-0.964634144802525"
"exdqlm_univar_synth","draw_087",1355,"2022-06-01","forecast","-1.17289377488972"
"exdqlm_univar_synth","draw_087",1355,"2022-06-02","forecast","-1.25578379791727"
"exdqlm_univar_synth","draw_087",1355,"2022-06-03","forecast","-1.36162639652433"
"exdqlm_univar_synth","draw_087",1355,"2022-06-04","forecast","-0.952434618722782"
"exdqlm_univar_synth","draw_087",1355,"2022-06-05","forecast","-0.346616004881450"
"exdqlm_univar_synth","draw_087",1355,"2022-06-06","forecast","-0.815281715238514"
"exdqlm_univar_synth","draw_087",1355,"2022-06-07","forecast","-1.18552006079264"
"exdqlm_univar_synth","draw_087",1355,"2022-06-08","forecast","-0.844234940934728"
"exdqlm_univar_synth","draw_088",1370,"2022-05-12","forecast","-0.477500924525545"
"exdqlm_univar_synth","draw_088",1370,"2022-05-13","forecast","-0.536404341869982"
"exdqlm_univar_synth","draw_088",1370,"2022-05-14","forecast","-0.980360929888479"
"exdqlm_univar_synth","draw_088",1370,"2022-05-15","forecast","-0.301234454043511"
"exdqlm_univar_synth","draw_088",1370,"2022-05-16","forecast","-1.00505486629909"
"exdqlm_univar_synth","draw_088",1370,"2022-05-17","forecast","-1.17690727520835"
"exdqlm_univar_synth","draw_088",1370,"2022-05-18","forecast","-0.516016053328678"
"exdqlm_univar_synth","draw_088",1370,"2022-05-19","forecast","-0.802150053029289"
"exdqlm_univar_synth","draw_088",1370,"2022-05-20","forecast","-1.39222821256000"
"exdqlm_univar_synth","draw_088",1370,"2022-05-21","forecast","-1.31941598248203"
"exdqlm_univar_synth","draw_088",1370,"2022-05-22","forecast","-0.874040766645409"
"exdqlm_univar_synth","draw_088",1370,"2022-05-23","forecast","-1.13106427918320"
"exdqlm_univar_synth","draw_088",1370,"2022-05-24","forecast","-1.07118709855017"
"exdqlm_univar_synth","draw_088",1370,"2022-05-25","forecast","-0.721195099696769"
"exdqlm_univar_synth","draw_088",1370,"2022-05-26","forecast","-0.786046706300698"
"exdqlm_univar_synth","draw_088",1370,"2022-05-27","forecast","-0.989120375273218"
"exdqlm_univar_synth","draw_088",1370,"2022-05-28","forecast","-0.696072317770823"
"exdqlm_univar_synth","draw_088",1370,"2022-05-29","forecast","-0.819917363972394"
"exdqlm_univar_synth","draw_088",1370,"2022-05-30","forecast","-0.994214730764696"
"exdqlm_univar_synth","draw_088",1370,"2022-05-31","forecast","-0.883339786194885"
"exdqlm_univar_synth","draw_088",1370,"2022-06-01","forecast","-0.786127059758716"
"exdqlm_univar_synth","draw_088",1370,"2022-06-02","forecast","-1.10308528490746"
"exdqlm_univar_synth","draw_088",1370,"2022-06-03","forecast","-0.786007185605294"
"exdqlm_univar_synth","draw_088",1370,"2022-06-04","forecast","-0.949501625704853"
"exdqlm_univar_synth","draw_088",1370,"2022-06-05","forecast","-0.391325885540413"
"exdqlm_univar_synth","draw_088",1370,"2022-06-06","forecast","-0.771586295251316"
"exdqlm_univar_synth","draw_088",1370,"2022-06-07","forecast","-1.07623973384843"
"exdqlm_univar_synth","draw_088",1370,"2022-06-08","forecast","-0.926754201460633"
"exdqlm_univar_synth","draw_089",1386,"2022-05-12","forecast","-0.479857287221543"
"exdqlm_univar_synth","draw_089",1386,"2022-05-13","forecast","-0.576743941219481"
"exdqlm_univar_synth","draw_089",1386,"2022-05-14","forecast","-1.01724151903586"
"exdqlm_univar_synth","draw_089",1386,"2022-05-15","forecast","-0.821101713282345"
"exdqlm_univar_synth","draw_089",1386,"2022-05-16","forecast","-0.931432179109278"
"exdqlm_univar_synth","draw_089",1386,"2022-05-17","forecast","-0.697742914378148"
"exdqlm_univar_synth","draw_089",1386,"2022-05-18","forecast","-1.00265443949129"
"exdqlm_univar_synth","draw_089",1386,"2022-05-19","forecast","-0.809068924988266"
"exdqlm_univar_synth","draw_089",1386,"2022-05-20","forecast","-1.10762476875911"
"exdqlm_univar_synth","draw_089",1386,"2022-05-21","forecast","-1.07228391387454"
"exdqlm_univar_synth","draw_089",1386,"2022-05-22","forecast","-0.748678220760606"
"exdqlm_univar_synth","draw_089",1386,"2022-05-23","forecast","-0.616605195499221"
"exdqlm_univar_synth","draw_089",1386,"2022-05-24","forecast","-1.09659517858697"
"exdqlm_univar_synth","draw_089",1386,"2022-05-25","forecast","-1.21163447308141"
"exdqlm_univar_synth","draw_089",1386,"2022-05-26","forecast","-1.24847667880020"
"exdqlm_univar_synth","draw_089",1386,"2022-05-27","forecast","-0.897206177632218"
"exdqlm_univar_synth","draw_089",1386,"2022-05-28","forecast","-1.10449006561706"
"exdqlm_univar_synth","draw_089",1386,"2022-05-29","forecast","-1.18482333078379"
"exdqlm_univar_synth","draw_089",1386,"2022-05-30","forecast","-0.761066357128859"
"exdqlm_univar_synth","draw_089",1386,"2022-05-31","forecast","-0.885033685014827"
"exdqlm_univar_synth","draw_089",1386,"2022-06-01","forecast","-1.18003985565478"
"exdqlm_univar_synth","draw_089",1386,"2022-06-02","forecast","-0.943555290234429"
"exdqlm_univar_synth","draw_089",1386,"2022-06-03","forecast","-1.28448945510861"
"exdqlm_univar_synth","draw_089",1386,"2022-06-04","forecast","-1.22736879855807"
"exdqlm_univar_synth","draw_089",1386,"2022-06-05","forecast","-0.349447557993228"
"exdqlm_univar_synth","draw_089",1386,"2022-06-06","forecast","-0.780142868019164"
"exdqlm_univar_synth","draw_089",1386,"2022-06-07","forecast","-0.687149006832819"
"exdqlm_univar_synth","draw_089",1386,"2022-06-08","forecast","-1.10957702125878"
"exdqlm_univar_synth","draw_090",1402,"2022-05-12","forecast","-0.411961286744572"
"exdqlm_univar_synth","draw_090",1402,"2022-05-13","forecast","-0.347570523664090"
"exdqlm_univar_synth","draw_090",1402,"2022-05-14","forecast","-0.606057262722523"
"exdqlm_univar_synth","draw_090",1402,"2022-05-15","forecast","-0.683063726098555"
"exdqlm_univar_synth","draw_090",1402,"2022-05-16","forecast","-0.604481970501761"
"exdqlm_univar_synth","draw_090",1402,"2022-05-17","forecast","-1.05998684034776"
"exdqlm_univar_synth","draw_090",1402,"2022-05-18","forecast","-0.984036831938155"
"exdqlm_univar_synth","draw_090",1402,"2022-05-19","forecast","-0.853483106638581"
"exdqlm_univar_synth","draw_090",1402,"2022-05-20","forecast","-1.16014676356938"
"exdqlm_univar_synth","draw_090",1402,"2022-05-21","forecast","-0.739276915162401"
"exdqlm_univar_synth","draw_090",1402,"2022-05-22","forecast","-0.764914152285870"
"exdqlm_univar_synth","draw_090",1402,"2022-05-23","forecast","-0.469086643591747"
"exdqlm_univar_synth","draw_090",1402,"2022-05-24","forecast","-0.849421276617630"
"exdqlm_univar_synth","draw_090",1402,"2022-05-25","forecast","-1.45601523052109"
"exdqlm_univar_synth","draw_090",1402,"2022-05-26","forecast","-1.23180252358959"
"exdqlm_univar_synth","draw_090",1402,"2022-05-27","forecast","-0.899429111486930"
"exdqlm_univar_synth","draw_090",1402,"2022-05-28","forecast","-0.691566024615041"
"exdqlm_univar_synth","draw_090",1402,"2022-05-29","forecast","-0.819230656279802"
"exdqlm_univar_synth","draw_090",1402,"2022-05-30","forecast","-0.821977201736257"
"exdqlm_univar_synth","draw_090",1402,"2022-05-31","forecast","-1.33701879154608"
"exdqlm_univar_synth","draw_090",1402,"2022-06-01","forecast","-1.03397216043254"
"exdqlm_univar_synth","draw_090",1402,"2022-06-02","forecast","-0.954313982339689"
"exdqlm_univar_synth","draw_090",1402,"2022-06-03","forecast","-0.963442108541568"
"exdqlm_univar_synth","draw_090",1402,"2022-06-04","forecast","-1.14556635249948"
"exdqlm_univar_synth","draw_090",1402,"2022-06-05","forecast","-0.492803744639354"
"exdqlm_univar_synth","draw_090",1402,"2022-06-06","forecast","-0.777289890076355"
"exdqlm_univar_synth","draw_090",1402,"2022-06-07","forecast","-1.47276373040274"
"exdqlm_univar_synth","draw_090",1402,"2022-06-08","forecast","-0.843366413295654"
"exdqlm_univar_synth","draw_091",1418,"2022-05-12","forecast","-0.807222168753680"
"exdqlm_univar_synth","draw_091",1418,"2022-05-13","forecast","-0.838253148907369"
"exdqlm_univar_synth","draw_091",1418,"2022-05-14","forecast","-0.513905421752212"
"exdqlm_univar_synth","draw_091",1418,"2022-05-15","forecast","-0.758329179711280"
"exdqlm_univar_synth","draw_091",1418,"2022-05-16","forecast","-1.09903152934821"
"exdqlm_univar_synth","draw_091",1418,"2022-05-17","forecast","-0.778189060140564"
"exdqlm_univar_synth","draw_091",1418,"2022-05-18","forecast","-0.833566769313871"
"exdqlm_univar_synth","draw_091",1418,"2022-05-19","forecast","-1.13335130443554"
"exdqlm_univar_synth","draw_091",1418,"2022-05-20","forecast","-0.686427790825374"
"exdqlm_univar_synth","draw_091",1418,"2022-05-21","forecast","-0.997080569077474"
"exdqlm_univar_synth","draw_091",1418,"2022-05-22","forecast","-1.10964897906795"
"exdqlm_univar_synth","draw_091",1418,"2022-05-23","forecast","-0.618907529613073"
"exdqlm_univar_synth","draw_091",1418,"2022-05-24","forecast","-1.03075611476120"
"exdqlm_univar_synth","draw_091",1418,"2022-05-25","forecast","-1.03495069251724"
"exdqlm_univar_synth","draw_091",1418,"2022-05-26","forecast","-1.06270497729092"
"exdqlm_univar_synth","draw_091",1418,"2022-05-27","forecast","-1.16776816257339"
"exdqlm_univar_synth","draw_091",1418,"2022-05-28","forecast","-0.976809258940981"
"exdqlm_univar_synth","draw_091",1418,"2022-05-29","forecast","-1.08234100676909"
"exdqlm_univar_synth","draw_091",1418,"2022-05-30","forecast","-0.989056785820611"
"exdqlm_univar_synth","draw_091",1418,"2022-05-31","forecast","-1.39257863412335"
"exdqlm_univar_synth","draw_091",1418,"2022-06-01","forecast","-0.820191215421422"
"exdqlm_univar_synth","draw_091",1418,"2022-06-02","forecast","-0.908410901634428"
"exdqlm_univar_synth","draw_091",1418,"2022-06-03","forecast","-0.838936153091741"
"exdqlm_univar_synth","draw_091",1418,"2022-06-04","forecast","-0.989416214560293"
"exdqlm_univar_synth","draw_091",1418,"2022-06-05","forecast","-0.691609349418014"
"exdqlm_univar_synth","draw_091",1418,"2022-06-06","forecast","-0.779051335449619"
"exdqlm_univar_synth","draw_091",1418,"2022-06-07","forecast","-0.683348885644849"
"exdqlm_univar_synth","draw_091",1418,"2022-06-08","forecast","-0.845842856141103"
"exdqlm_univar_synth","draw_092",1433,"2022-05-12","forecast","-0.711729759342253"
"exdqlm_univar_synth","draw_092",1433,"2022-05-13","forecast","-0.476988345783487"
"exdqlm_univar_synth","draw_092",1433,"2022-05-14","forecast","-0.532173088184141"
"exdqlm_univar_synth","draw_092",1433,"2022-05-15","forecast","-0.515904646239115"
"exdqlm_univar_synth","draw_092",1433,"2022-05-16","forecast","-1.17994022035503"
"exdqlm_univar_synth","draw_092",1433,"2022-05-17","forecast","-1.01393644158463"
"exdqlm_univar_synth","draw_092",1433,"2022-05-18","forecast","-0.277483948866113"
"exdqlm_univar_synth","draw_092",1433,"2022-05-19","forecast","-0.812121503804257"
"exdqlm_univar_synth","draw_092",1433,"2022-05-20","forecast","0"
"exdqlm_univar_synth","draw_092",1433,"2022-05-21","forecast","-0.623358457677869"
"exdqlm_univar_synth","draw_092",1433,"2022-05-22","forecast","-1.24934607952899"
"exdqlm_univar_synth","draw_092",1433,"2022-05-23","forecast","-0.711974077964831"
"exdqlm_univar_synth","draw_092",1433,"2022-05-24","forecast","-1.22347610537171"
"exdqlm_univar_synth","draw_092",1433,"2022-05-25","forecast","-1.00178302633040"
"exdqlm_univar_synth","draw_092",1433,"2022-05-26","forecast","-0.724381690953110"
"exdqlm_univar_synth","draw_092",1433,"2022-05-27","forecast","-1.27920938732261"
"exdqlm_univar_synth","draw_092",1433,"2022-05-28","forecast","-0.758318105205380"
"exdqlm_univar_synth","draw_092",1433,"2022-05-29","forecast","-0.825672866995232"
"exdqlm_univar_synth","draw_092",1433,"2022-05-30","forecast","-0.778277659466524"
"exdqlm_univar_synth","draw_092",1433,"2022-05-31","forecast","-0.916145151550202"
"exdqlm_univar_synth","draw_092",1433,"2022-06-01","forecast","-1.07812003186182"
"exdqlm_univar_synth","draw_092",1433,"2022-06-02","forecast","-0.944732165380507"
"exdqlm_univar_synth","draw_092",1433,"2022-06-03","forecast","-1.26970827281252"
"exdqlm_univar_synth","draw_092",1433,"2022-06-04","forecast","-0.968567969164870"
"exdqlm_univar_synth","draw_092",1433,"2022-06-05","forecast","-0.387991542938982"
"exdqlm_univar_synth","draw_092",1433,"2022-06-06","forecast","-0.785744956143077"
"exdqlm_univar_synth","draw_092",1433,"2022-06-07","forecast","-0.687027225376248"
"exdqlm_univar_synth","draw_092",1433,"2022-06-08","forecast","-1.55282980638426"
"exdqlm_univar_synth","draw_093",1449,"2022-05-12","forecast","-0.376338696732960"
"exdqlm_univar_synth","draw_093",1449,"2022-05-13","forecast","-0.731988913945119"
"exdqlm_univar_synth","draw_093",1449,"2022-05-14","forecast","-0.819363169674476"
"exdqlm_univar_synth","draw_093",1449,"2022-05-15","forecast","-0.689436547235786"
"exdqlm_univar_synth","draw_093",1449,"2022-05-16","forecast","-0.487982667889818"
"exdqlm_univar_synth","draw_093",1449,"2022-05-17","forecast","-0.699614793817206"
"exdqlm_univar_synth","draw_093",1449,"2022-05-18","forecast","-1.03248254485123"
"exdqlm_univar_synth","draw_093",1449,"2022-05-19","forecast","-1.09855268570144"
"exdqlm_univar_synth","draw_093",1449,"2022-05-20","forecast","-1.03638827782992"
"exdqlm_univar_synth","draw_093",1449,"2022-05-21","forecast","-1.22477002127505"
"exdqlm_univar_synth","draw_093",1449,"2022-05-22","forecast","-0.757186623676696"
"exdqlm_univar_synth","draw_093",1449,"2022-05-23","forecast","-1.12824555556791"
"exdqlm_univar_synth","draw_093",1449,"2022-05-24","forecast","-0.891871095217367"
"exdqlm_univar_synth","draw_093",1449,"2022-05-25","forecast","-0.763899632948963"
"exdqlm_univar_synth","draw_093",1449,"2022-05-26","forecast","-0.837220810367170"
"exdqlm_univar_synth","draw_093",1449,"2022-05-27","forecast","-0.898424295589732"
"exdqlm_univar_synth","draw_093",1449,"2022-05-28","forecast","-0.640883947441688"
"exdqlm_univar_synth","draw_093",1449,"2022-05-29","forecast","-0.838510372784125"
"exdqlm_univar_synth","draw_093",1449,"2022-05-30","forecast","-0.836116237138993"
"exdqlm_univar_synth","draw_093",1449,"2022-05-31","forecast","-1.32732780202059"
"exdqlm_univar_synth","draw_093",1449,"2022-06-01","forecast","-0.987726333469180"
"exdqlm_univar_synth","draw_093",1449,"2022-06-02","forecast","-0.946314816015357"
"exdqlm_univar_synth","draw_093",1449,"2022-06-03","forecast","-0.937559345324225"
"exdqlm_univar_synth","draw_093",1449,"2022-06-04","forecast","-1.11938390285368"
"exdqlm_univar_synth","draw_093",1449,"2022-06-05","forecast","-0.336626869402730"
"exdqlm_univar_synth","draw_093",1449,"2022-06-06","forecast","-0.824717889573098"
"exdqlm_univar_synth","draw_093",1449,"2022-06-07","forecast","-0.680487380447837"
"exdqlm_univar_synth","draw_093",1449,"2022-06-08","forecast","-0.941174794419521"
"exdqlm_univar_synth","draw_094",1465,"2022-05-12","forecast","-0.499814983207197"
"exdqlm_univar_synth","draw_094",1465,"2022-05-13","forecast","-0.408528815530086"
"exdqlm_univar_synth","draw_094",1465,"2022-05-14","forecast","-0.779172668737247"
"exdqlm_univar_synth","draw_094",1465,"2022-05-15","forecast","-0.781653180647674"
"exdqlm_univar_synth","draw_094",1465,"2022-05-16","forecast","-0.604459331727444"
"exdqlm_univar_synth","draw_094",1465,"2022-05-17","forecast","-0.699960064626081"
"exdqlm_univar_synth","draw_094",1465,"2022-05-18","forecast","-0.779524988088106"
"exdqlm_univar_synth","draw_094",1465,"2022-05-19","forecast","-1.06993117822046"
"exdqlm_univar_synth","draw_094",1465,"2022-05-20","forecast","-0.775200374405600"
"exdqlm_univar_synth","draw_094",1465,"2022-05-21","forecast","-0.861304232067887"
"exdqlm_univar_synth","draw_094",1465,"2022-05-22","forecast","-1.02456592212626"
"exdqlm_univar_synth","draw_094",1465,"2022-05-23","forecast","-0.869556772026851"
"exdqlm_univar_synth","draw_094",1465,"2022-05-24","forecast","-1.04205135335839"
"exdqlm_univar_synth","draw_094",1465,"2022-05-25","forecast","-0.957833962590814"
"exdqlm_univar_synth","draw_094",1465,"2022-05-26","forecast","-0.921229218606719"
"exdqlm_univar_synth","draw_094",1465,"2022-05-27","forecast","-1.06560855946389"
"exdqlm_univar_synth","draw_094",1465,"2022-05-28","forecast","-0.634742746170250"
"exdqlm_univar_synth","draw_094",1465,"2022-05-29","forecast","-0.821084039535696"
"exdqlm_univar_synth","draw_094",1465,"2022-05-30","forecast","-0.847201599157783"
"exdqlm_univar_synth","draw_094",1465,"2022-05-31","forecast","-0.888732261953028"
"exdqlm_univar_synth","draw_094",1465,"2022-06-01","forecast","-0.820240473165857"
"exdqlm_univar_synth","draw_094",1465,"2022-06-02","forecast","-1.29476185276019"
"exdqlm_univar_synth","draw_094",1465,"2022-06-03","forecast","-0.934646280935574"
"exdqlm_univar_synth","draw_094",1465,"2022-06-04","forecast","-0.835723117344640"
"exdqlm_univar_synth","draw_094",1465,"2022-06-05","forecast","-0.330242246842310"
"exdqlm_univar_synth","draw_094",1465,"2022-06-06","forecast","-0.911828533124524"
"exdqlm_univar_synth","draw_094",1465,"2022-06-07","forecast","-1.14586602487038"
"exdqlm_univar_synth","draw_094",1465,"2022-06-08","forecast","-0.845337553963166"
"exdqlm_univar_synth","draw_095",1481,"2022-05-12","forecast","-0.780385784316019"
"exdqlm_univar_synth","draw_095",1481,"2022-05-13","forecast","-0.254853381266206"
"exdqlm_univar_synth","draw_095",1481,"2022-05-14","forecast","-0.544113559113321"
"exdqlm_univar_synth","draw_095",1481,"2022-05-15","forecast","-0.972079616572578"
"exdqlm_univar_synth","draw_095",1481,"2022-05-16","forecast","-0.728633846825647"
"exdqlm_univar_synth","draw_095",1481,"2022-05-17","forecast","-0.634038050202759"
"exdqlm_univar_synth","draw_095",1481,"2022-05-18","forecast","-0.363279938834925"
"exdqlm_univar_synth","draw_095",1481,"2022-05-19","forecast","-1.07093638351178"
"exdqlm_univar_synth","draw_095",1481,"2022-05-20","forecast","-0.518423355321663"
"exdqlm_univar_synth","draw_095",1481,"2022-05-21","forecast","-0.720947162046348"
"exdqlm_univar_synth","draw_095",1481,"2022-05-22","forecast","-1.46484443877744"
"exdqlm_univar_synth","draw_095",1481,"2022-05-23","forecast","-1.11846016694735"
"exdqlm_univar_synth","draw_095",1481,"2022-05-24","forecast","-0.883012944629050"
"exdqlm_univar_synth","draw_095",1481,"2022-05-25","forecast","-1.37079153779727"
"exdqlm_univar_synth","draw_095",1481,"2022-05-26","forecast","-0.802840615143290"
"exdqlm_univar_synth","draw_095",1481,"2022-05-27","forecast","-1.30119222083531"
"exdqlm_univar_synth","draw_095",1481,"2022-05-28","forecast","-0.758873402795719"
"exdqlm_univar_synth","draw_095",1481,"2022-05-29","forecast","-1.21471578737901"
"exdqlm_univar_synth","draw_095",1481,"2022-05-30","forecast","-1.22395670137310"
"exdqlm_univar_synth","draw_095",1481,"2022-05-31","forecast","-1.36163408575369"
"exdqlm_univar_synth","draw_095",1481,"2022-06-01","forecast","-0.904098680653851"
"exdqlm_univar_synth","draw_095",1481,"2022-06-02","forecast","-1.35568304284232"
"exdqlm_univar_synth","draw_095",1481,"2022-06-03","forecast","-1.13888715200105"
"exdqlm_univar_synth","draw_095",1481,"2022-06-04","forecast","-0.928140578906361"
"exdqlm_univar_synth","draw_095",1481,"2022-06-05","forecast","-1.30941062312016"
"exdqlm_univar_synth","draw_095",1481,"2022-06-06","forecast","-0.798574482806890"
"exdqlm_univar_synth","draw_095",1481,"2022-06-07","forecast","-1.43777746767138"
"exdqlm_univar_synth","draw_095",1481,"2022-06-08","forecast","-0.851796743990261"
"exdqlm_univar_synth","draw_096",1496,"2022-05-12","forecast","-0.810756964712672"
"exdqlm_univar_synth","draw_096",1496,"2022-05-13","forecast","-0.420403770653225"
"exdqlm_univar_synth","draw_096",1496,"2022-05-14","forecast","-0.920789892547545"
"exdqlm_univar_synth","draw_096",1496,"2022-05-15","forecast","-0.484923765768258"
"exdqlm_univar_synth","draw_096",1496,"2022-05-16","forecast","-0.436961729605203"
"exdqlm_univar_synth","draw_096",1496,"2022-05-17","forecast","-0.726874019030474"
"exdqlm_univar_synth","draw_096",1496,"2022-05-18","forecast","-0.609076896954117"
"exdqlm_univar_synth","draw_096",1496,"2022-05-19","forecast","-0.812417414127603"
"exdqlm_univar_synth","draw_096",1496,"2022-05-20","forecast","-0.691522173062732"
"exdqlm_univar_synth","draw_096",1496,"2022-05-21","forecast","-1.31054839089909"
"exdqlm_univar_synth","draw_096",1496,"2022-05-22","forecast","-0.736700090335204"
"exdqlm_univar_synth","draw_096",1496,"2022-05-23","forecast","0"
"exdqlm_univar_synth","draw_096",1496,"2022-05-24","forecast","-1.36130919354413"
"exdqlm_univar_synth","draw_096",1496,"2022-05-25","forecast","-1.20370964733817"
"exdqlm_univar_synth","draw_096",1496,"2022-05-26","forecast","-0.797007496668299"
"exdqlm_univar_synth","draw_096",1496,"2022-05-27","forecast","-0.897743489596731"
"exdqlm_univar_synth","draw_096",1496,"2022-05-28","forecast","-0.619700692268621"
"exdqlm_univar_synth","draw_096",1496,"2022-05-29","forecast","-0.896690002206313"
"exdqlm_univar_synth","draw_096",1496,"2022-05-30","forecast","-0.943557226500388"
"exdqlm_univar_synth","draw_096",1496,"2022-05-31","forecast","-0.879666216899502"
"exdqlm_univar_synth","draw_096",1496,"2022-06-01","forecast","-0.790430772952138"
"exdqlm_univar_synth","draw_096",1496,"2022-06-02","forecast","-1.28096835599199"
"exdqlm_univar_synth","draw_096",1496,"2022-06-03","forecast","-1.02198489485962"
"exdqlm_univar_synth","draw_096",1496,"2022-06-04","forecast","-1.57708493874470"
"exdqlm_univar_synth","draw_096",1496,"2022-06-05","forecast","-1.21694506534563"
"exdqlm_univar_synth","draw_096",1496,"2022-06-06","forecast","0"
"exdqlm_univar_synth","draw_096",1496,"2022-06-07","forecast","-0.905069894508915"
"exdqlm_univar_synth","draw_096",1496,"2022-06-08","forecast","-0.845066738579131"
"exdqlm_univar_synth","draw_097",1512,"2022-05-12","forecast","-0.769268981858734"
"exdqlm_univar_synth","draw_097",1512,"2022-05-13","forecast","-0.830570037526269"
"exdqlm_univar_synth","draw_097",1512,"2022-05-14","forecast","-0.915974497598471"
"exdqlm_univar_synth","draw_097",1512,"2022-05-15","forecast","-0.423288379796725"
"exdqlm_univar_synth","draw_097",1512,"2022-05-16","forecast","-1.08519214343398"
"exdqlm_univar_synth","draw_097",1512,"2022-05-17","forecast","-0.867513758801713"
"exdqlm_univar_synth","draw_097",1512,"2022-05-18","forecast","-0.606239115407802"
"exdqlm_univar_synth","draw_097",1512,"2022-05-19","forecast","-1.34557020317241"
"exdqlm_univar_synth","draw_097",1512,"2022-05-20","forecast","-0.700187015268898"
"exdqlm_univar_synth","draw_097",1512,"2022-05-21","forecast","-1.30230879714070"
"exdqlm_univar_synth","draw_097",1512,"2022-05-22","forecast","-0.747732276917461"
"exdqlm_univar_synth","draw_097",1512,"2022-05-23","forecast","-0.985701498215324"
"exdqlm_univar_synth","draw_097",1512,"2022-05-24","forecast","-1.04849968745862"
"exdqlm_univar_synth","draw_097",1512,"2022-05-25","forecast","-1.05265956775561"
"exdqlm_univar_synth","draw_097",1512,"2022-05-26","forecast","-0.970782219994296"
"exdqlm_univar_synth","draw_097",1512,"2022-05-27","forecast","-1.11791088715415"
"exdqlm_univar_synth","draw_097",1512,"2022-05-28","forecast","-0.695847811391777"
"exdqlm_univar_synth","draw_097",1512,"2022-05-29","forecast","-0.820336000258640"
"exdqlm_univar_synth","draw_097",1512,"2022-05-30","forecast","-1.28500813624766"
"exdqlm_univar_synth","draw_097",1512,"2022-05-31","forecast","-1.44271099078867"
"exdqlm_univar_synth","draw_097",1512,"2022-06-01","forecast","-0.817189370314009"
"exdqlm_univar_synth","draw_097",1512,"2022-06-02","forecast","-0.949246523220110"
"exdqlm_univar_synth","draw_097",1512,"2022-06-03","forecast","-1.53678332190798"
"exdqlm_univar_synth","draw_097",1512,"2022-06-04","forecast","-0.992135944001857"
"exdqlm_univar_synth","draw_097",1512,"2022-06-05","forecast","-0.287602503179744"
"exdqlm_univar_synth","draw_097",1512,"2022-06-06","forecast","-0.774006913852646"
"exdqlm_univar_synth","draw_097",1512,"2022-06-07","forecast","-0.689040178261343"
"exdqlm_univar_synth","draw_097",1512,"2022-06-08","forecast","-1.11207165113666"
"exdqlm_univar_synth","draw_098",1528,"2022-05-12","forecast","-0.848293339810960"
"exdqlm_univar_synth","draw_098",1528,"2022-05-13","forecast","-0.818231090566628"
"exdqlm_univar_synth","draw_098",1528,"2022-05-14","forecast","-0.875700006302547"
"exdqlm_univar_synth","draw_098",1528,"2022-05-15","forecast","-0.471174036074363"
"exdqlm_univar_synth","draw_098",1528,"2022-05-16","forecast","-0.819090901343950"
"exdqlm_univar_synth","draw_098",1528,"2022-05-17","forecast","-0.700496423062519"
"exdqlm_univar_synth","draw_098",1528,"2022-05-18","forecast","-0.487133094240577"
"exdqlm_univar_synth","draw_098",1528,"2022-05-19","forecast","-0.888896907983092"
"exdqlm_univar_synth","draw_098",1528,"2022-05-20","forecast","-0.946527359030446"
"exdqlm_univar_synth","draw_098",1528,"2022-05-21","forecast","-1.16189451410283"
"exdqlm_univar_synth","draw_098",1528,"2022-05-22","forecast","-1.00671480033088"
"exdqlm_univar_synth","draw_098",1528,"2022-05-23","forecast","-0.842731634454014"
"exdqlm_univar_synth","draw_098",1528,"2022-05-24","forecast","-0.884254756588822"
"exdqlm_univar_synth","draw_098",1528,"2022-05-25","forecast","-0.766170371574130"
"exdqlm_univar_synth","draw_098",1528,"2022-05-26","forecast","-1.13992398452358"
"exdqlm_univar_synth","draw_098",1528,"2022-05-27","forecast","-0.898171988543584"
"exdqlm_univar_synth","draw_098",1528,"2022-05-28","forecast","-1.01121164552607"
"exdqlm_univar_synth","draw_098",1528,"2022-05-29","forecast","-1.04340414430841"
"exdqlm_univar_synth","draw_098",1528,"2022-05-30","forecast","-1.12875668873495"
"exdqlm_univar_synth","draw_098",1528,"2022-05-31","forecast","-1.27083478577352"
"exdqlm_univar_synth","draw_098",1528,"2022-06-01","forecast","-0.805399396337465"
"exdqlm_univar_synth","draw_098",1528,"2022-06-02","forecast","-0.955019820045332"
"exdqlm_univar_synth","draw_098",1528,"2022-06-03","forecast","-0.838915080750885"
"exdqlm_univar_synth","draw_098",1528,"2022-06-04","forecast","-1.50702752953026"
"exdqlm_univar_synth","draw_098",1528,"2022-06-05","forecast","-0.843023897426983"
"exdqlm_univar_synth","draw_098",1528,"2022-06-06","forecast","-1.09501454547466"
"exdqlm_univar_synth","draw_098",1528,"2022-06-07","forecast","-1.13111941236067"
"exdqlm_univar_synth","draw_098",1528,"2022-06-08","forecast","-0.843867175263221"
"exdqlm_univar_synth","draw_099",1544,"2022-05-12","forecast","-0.648266407647506"
"exdqlm_univar_synth","draw_099",1544,"2022-05-13","forecast","-0.489924313523372"
"exdqlm_univar_synth","draw_099",1544,"2022-05-14","forecast","-0.478426358053209"
"exdqlm_univar_synth","draw_099",1544,"2022-05-15","forecast","-0.369667247843285"
"exdqlm_univar_synth","draw_099",1544,"2022-05-16","forecast","-0.947583794196356"
"exdqlm_univar_synth","draw_099",1544,"2022-05-17","forecast","-1.00397525583547"
"exdqlm_univar_synth","draw_099",1544,"2022-05-18","forecast","-0.735369073398543"
"exdqlm_univar_synth","draw_099",1544,"2022-05-19","forecast","-0.802184134634761"
"exdqlm_univar_synth","draw_099",1544,"2022-05-20","forecast","-1.15762560695612"
"exdqlm_univar_synth","draw_099",1544,"2022-05-21","forecast","-0.743792083691319"
"exdqlm_univar_synth","draw_099",1544,"2022-05-22","forecast","-1.11078804104107"
"exdqlm_univar_synth","draw_099",1544,"2022-05-23","forecast","-0.455475891052275"
"exdqlm_univar_synth","draw_099",1544,"2022-05-24","forecast","-0.956797313267408"
"exdqlm_univar_synth","draw_099",1544,"2022-05-25","forecast","-1.09739718067760"
"exdqlm_univar_synth","draw_099",1544,"2022-05-26","forecast","-1.27689942812411"
"exdqlm_univar_synth","draw_099",1544,"2022-05-27","forecast","-0.982618876101644"
"exdqlm_univar_synth","draw_099",1544,"2022-05-28","forecast","-0.670925289471616"
"exdqlm_univar_synth","draw_099",1544,"2022-05-29","forecast","-0.825234501945805"
"exdqlm_univar_synth","draw_099",1544,"2022-05-30","forecast","-0.993712707474997"
"exdqlm_univar_synth","draw_099",1544,"2022-05-31","forecast","-0.884434109311670"
"exdqlm_univar_synth","draw_099",1544,"2022-06-01","forecast","-0.960267117465442"
"exdqlm_univar_synth","draw_099",1544,"2022-06-02","forecast","-1.27404428109892"
"exdqlm_univar_synth","draw_099",1544,"2022-06-03","forecast","-1.37318401028230"
"exdqlm_univar_synth","draw_099",1544,"2022-06-04","forecast","-1.44827237758643"
"exdqlm_univar_synth","draw_099",1544,"2022-06-05","forecast","-0.411272156733290"
"exdqlm_univar_synth","draw_099",1544,"2022-06-06","forecast","-0.869438555466802"
"exdqlm_univar_synth","draw_099",1544,"2022-06-07","forecast","-0.615957044355648"
"exdqlm_univar_synth","draw_099",1544,"2022-06-08","forecast","-1.20157341102174"
"exdqlm_univar_synth","draw_100",1559,"2022-05-12","forecast","-0.438076961306816"
"exdqlm_univar_synth","draw_100",1559,"2022-05-13","forecast","-0.413181324303056"
"exdqlm_univar_synth","draw_100",1559,"2022-05-14","forecast","-0.548508673680509"
"exdqlm_univar_synth","draw_100",1559,"2022-05-15","forecast","-0.728066315686347"
"exdqlm_univar_synth","draw_100",1559,"2022-05-16","forecast","-0.765907154416023"
"exdqlm_univar_synth","draw_100",1559,"2022-05-17","forecast","-0.639818480367908"
"exdqlm_univar_synth","draw_100",1559,"2022-05-18","forecast","-0.552339053377303"
"exdqlm_univar_synth","draw_100",1559,"2022-05-19","forecast","-0.809233288288768"
"exdqlm_univar_synth","draw_100",1559,"2022-05-20","forecast","-0.568324648738379"
"exdqlm_univar_synth","draw_100",1559,"2022-05-21","forecast","-1.28299498180957"
"exdqlm_univar_synth","draw_100",1559,"2022-05-22","forecast","-0.733990040816402"
"exdqlm_univar_synth","draw_100",1559,"2022-05-23","forecast","-0.626370538194647"
"exdqlm_univar_synth","draw_100",1559,"2022-05-24","forecast","-1.20304211264634"
"exdqlm_univar_synth","draw_100",1559,"2022-05-25","forecast","-1.29377274845567"
"exdqlm_univar_synth","draw_100",1559,"2022-05-26","forecast","-0.999058205199022"
"exdqlm_univar_synth","draw_100",1559,"2022-05-27","forecast","-0.892092786235778"
"exdqlm_univar_synth","draw_100",1559,"2022-05-28","forecast","-1.41705315920074"
"exdqlm_univar_synth","draw_100",1559,"2022-05-29","forecast","-0.983730018270354"
"exdqlm_univar_synth","draw_100",1559,"2022-05-30","forecast","-1.57323273886602"
"exdqlm_univar_synth","draw_100",1559,"2022-05-31","forecast","-1.40212548374855"
"exdqlm_univar_synth","draw_100",1559,"2022-06-01","forecast","-1.20106452256122"
"exdqlm_univar_synth","draw_100",1559,"2022-06-02","forecast","-0.945286224715340"
"exdqlm_univar_synth","draw_100",1559,"2022-06-03","forecast","-0.840220096304850"
"exdqlm_univar_synth","draw_100",1559,"2022-06-04","forecast","-1.02293023962887"
"exdqlm_univar_synth","draw_100",1559,"2022-06-05","forecast","-0.449044544709042"
"exdqlm_univar_synth","draw_100",1559,"2022-06-06","forecast","-1.29269542181706"
"exdqlm_univar_synth","draw_100",1559,"2022-06-07","forecast","-0.687482765294717"
"exdqlm_univar_synth","draw_100",1559,"2022-06-08","forecast","-0.843942375340609"
"exdqlm_univar_synth","draw_101",1575,"2022-05-12","forecast","-0.426298035256709"
"exdqlm_univar_synth","draw_101",1575,"2022-05-13","forecast","-0.921083435628960"
"exdqlm_univar_synth","draw_101",1575,"2022-05-14","forecast","-0.482953922194312"
"exdqlm_univar_synth","draw_101",1575,"2022-05-15","forecast","-0.835131865681317"
"exdqlm_univar_synth","draw_101",1575,"2022-05-16","forecast","-1.04906119316495"
"exdqlm_univar_synth","draw_101",1575,"2022-05-17","forecast","-0.758276446568840"
"exdqlm_univar_synth","draw_101",1575,"2022-05-18","forecast","-0.775997535838595"
"exdqlm_univar_synth","draw_101",1575,"2022-05-19","forecast","-0.843615166966622"
"exdqlm_univar_synth","draw_101",1575,"2022-05-20","forecast","-0.931280146703890"
"exdqlm_univar_synth","draw_101",1575,"2022-05-21","forecast","-1.00502034145296"
"exdqlm_univar_synth","draw_101",1575,"2022-05-22","forecast","-0.860271085684127"
"exdqlm_univar_synth","draw_101",1575,"2022-05-23","forecast","-1.29433653005265"
"exdqlm_univar_synth","draw_101",1575,"2022-05-24","forecast","-1.24824308769063"
"exdqlm_univar_synth","draw_101",1575,"2022-05-25","forecast","-0.932515974013089"
"exdqlm_univar_synth","draw_101",1575,"2022-05-26","forecast","-1.19227882544838"
"exdqlm_univar_synth","draw_101",1575,"2022-05-27","forecast","-0.896867715054379"
"exdqlm_univar_synth","draw_101",1575,"2022-05-28","forecast","-0.752628021361899"
"exdqlm_univar_synth","draw_101",1575,"2022-05-29","forecast","-1.13468925249270"
"exdqlm_univar_synth","draw_101",1575,"2022-05-30","forecast","-0.777871513227388"
"exdqlm_univar_synth","draw_101",1575,"2022-05-31","forecast","-0.995178946106451"
"exdqlm_univar_synth","draw_101",1575,"2022-06-01","forecast","-1.34229992397504"
"exdqlm_univar_synth","draw_101",1575,"2022-06-02","forecast","-1.65032440315248"
"exdqlm_univar_synth","draw_101",1575,"2022-06-03","forecast","-1.23097834109172"
"exdqlm_univar_synth","draw_101",1575,"2022-06-04","forecast","-0.922658258114579"
"exdqlm_univar_synth","draw_101",1575,"2022-06-05","forecast","-0.409406525820399"
"exdqlm_univar_synth","draw_101",1575,"2022-06-06","forecast","-0.774565968080460"
"exdqlm_univar_synth","draw_101",1575,"2022-06-07","forecast","-0.687467561457600"
"exdqlm_univar_synth","draw_101",1575,"2022-06-08","forecast","-0.840808487647825"
"exdqlm_univar_synth","draw_102",1591,"2022-05-12","forecast","-0.261230518507491"
"exdqlm_univar_synth","draw_102",1591,"2022-05-13","forecast","-1.09919189707737"
"exdqlm_univar_synth","draw_102",1591,"2022-05-14","forecast","-1.09187896943687"
"exdqlm_univar_synth","draw_102",1591,"2022-05-15","forecast","-0.851321411258412"
"exdqlm_univar_synth","draw_102",1591,"2022-05-16","forecast","-0.645236493272916"
"exdqlm_univar_synth","draw_102",1591,"2022-05-17","forecast","-1.22503159836764"
"exdqlm_univar_synth","draw_102",1591,"2022-05-18","forecast","-0.531180626155076"
"exdqlm_univar_synth","draw_102",1591,"2022-05-19","forecast","-0.810004727261384"
"exdqlm_univar_synth","draw_102",1591,"2022-05-20","forecast","-1.22389051708438"
"exdqlm_univar_synth","draw_102",1591,"2022-05-21","forecast","-0.740731310587533"
"exdqlm_univar_synth","draw_102",1591,"2022-05-22","forecast","-1.26506133772831"
"exdqlm_univar_synth","draw_102",1591,"2022-05-23","forecast","-0.835597240416873"
"exdqlm_univar_synth","draw_102",1591,"2022-05-24","forecast","-1.34810067910815"
"exdqlm_univar_synth","draw_102",1591,"2022-05-25","forecast","-0.763777855905594"
"exdqlm_univar_synth","draw_102",1591,"2022-05-26","forecast","-0.794645044656541"
"exdqlm_univar_synth","draw_102",1591,"2022-05-27","forecast","-0.891102518951841"
"exdqlm_univar_synth","draw_102",1591,"2022-05-28","forecast","-0.898698971675965"
"exdqlm_univar_synth","draw_102",1591,"2022-05-29","forecast","-0.822367367537653"
"exdqlm_univar_synth","draw_102",1591,"2022-05-30","forecast","-0.778589415853846"
"exdqlm_univar_synth","draw_102",1591,"2022-05-31","forecast","-1.12466156671830"
"exdqlm_univar_synth","draw_102",1591,"2022-06-01","forecast","-0.820981160518990"
"exdqlm_univar_synth","draw_102",1591,"2022-06-02","forecast","-1.54438880525453"
"exdqlm_univar_synth","draw_102",1591,"2022-06-03","forecast","-0.838345941795746"
"exdqlm_univar_synth","draw_102",1591,"2022-06-04","forecast","-0.965609838328188"
"exdqlm_univar_synth","draw_102",1591,"2022-06-05","forecast","-0.409048046581791"
"exdqlm_univar_synth","draw_102",1591,"2022-06-06","forecast","-1.33932714375048"
"exdqlm_univar_synth","draw_102",1591,"2022-06-07","forecast","-0.682738188827354"
"exdqlm_univar_synth","draw_102",1591,"2022-06-08","forecast","-1.21704838607300"
"exdqlm_univar_synth","draw_103",1606,"2022-05-12","forecast","-0.790530469296975"
"exdqlm_univar_synth","draw_103",1606,"2022-05-13","forecast","-0.200498515952799"
"exdqlm_univar_synth","draw_103",1606,"2022-05-14","forecast","-0.793470682456839"
"exdqlm_univar_synth","draw_103",1606,"2022-05-15","forecast","-0.928000025146505"
"exdqlm_univar_synth","draw_103",1606,"2022-05-16","forecast","-1.08409048974292"
"exdqlm_univar_synth","draw_103",1606,"2022-05-17","forecast","-1.07758152356359"
"exdqlm_univar_synth","draw_103",1606,"2022-05-18","forecast","-1.03609580006769"
"exdqlm_univar_synth","draw_103",1606,"2022-05-19","forecast","-1.00309579890219"
"exdqlm_univar_synth","draw_103",1606,"2022-05-20","forecast","-0.857842650183882"
"exdqlm_univar_synth","draw_103",1606,"2022-05-21","forecast","-0.743147113239589"
"exdqlm_univar_synth","draw_103",1606,"2022-05-22","forecast","-0.826639087951614"
"exdqlm_univar_synth","draw_103",1606,"2022-05-23","forecast","-0.788919282417340"
"exdqlm_univar_synth","draw_103",1606,"2022-05-24","forecast","-0.910668940582051"
"exdqlm_univar_synth","draw_103",1606,"2022-05-25","forecast","-0.765395223383023"
"exdqlm_univar_synth","draw_103",1606,"2022-05-26","forecast","-0.793627847443286"
"exdqlm_univar_synth","draw_103",1606,"2022-05-27","forecast","-1.13800176884153"
"exdqlm_univar_synth","draw_103",1606,"2022-05-28","forecast","-1.34993080173756"
"exdqlm_univar_synth","draw_103",1606,"2022-05-29","forecast","-1.20200863044160"
"exdqlm_univar_synth","draw_103",1606,"2022-05-30","forecast","-0.778295146871899"
"exdqlm_univar_synth","draw_103",1606,"2022-05-31","forecast","-0.887101749388992"
"exdqlm_univar_synth","draw_103",1606,"2022-06-01","forecast","-0.992350397608394"
"exdqlm_univar_synth","draw_103",1606,"2022-06-02","forecast","-1.35760753290036"
"exdqlm_univar_synth","draw_103",1606,"2022-06-03","forecast","-1.26257172379956"
"exdqlm_univar_synth","draw_103",1606,"2022-06-04","forecast","-1.01965798526011"
"exdqlm_univar_synth","draw_103",1606,"2022-06-05","forecast","-0.390403731908239"
"exdqlm_univar_synth","draw_103",1606,"2022-06-06","forecast","-1.08356231517949"
"exdqlm_univar_synth","draw_103",1606,"2022-06-07","forecast","-0.738972915353400"
"exdqlm_univar_synth","draw_103",1606,"2022-06-08","forecast","-0.827452401432668"
"exdqlm_univar_synth","draw_104",1622,"2022-05-12","forecast","-0.531552096614055"
"exdqlm_univar_synth","draw_104",1622,"2022-05-13","forecast","-0.831273291794013"
"exdqlm_univar_synth","draw_104",1622,"2022-05-14","forecast","-0.457876316784121"
"exdqlm_univar_synth","draw_104",1622,"2022-05-15","forecast","-0.671951691508150"
"exdqlm_univar_synth","draw_104",1622,"2022-05-16","forecast","-0.605597957230956"
"exdqlm_univar_synth","draw_104",1622,"2022-05-17","forecast","-1.02927178386155"
"exdqlm_univar_synth","draw_104",1622,"2022-05-18","forecast","-1.04284813250593"
"exdqlm_univar_synth","draw_104",1622,"2022-05-19","forecast","-1.11422745852076"
"exdqlm_univar_synth","draw_104",1622,"2022-05-20","forecast","-0.777931972100132"
"exdqlm_univar_synth","draw_104",1622,"2022-05-21","forecast","-0.658822831950934"
"exdqlm_univar_synth","draw_104",1622,"2022-05-22","forecast","-0.763798744412624"
"exdqlm_univar_synth","draw_104",1622,"2022-05-23","forecast","-0.616708744893819"
"exdqlm_univar_synth","draw_104",1622,"2022-05-24","forecast","-0.926335913772999"
"exdqlm_univar_synth","draw_104",1622,"2022-05-25","forecast","-1.15361169317453"
"exdqlm_univar_synth","draw_104",1622,"2022-05-26","forecast","-0.889184123665878"
"exdqlm_univar_synth","draw_104",1622,"2022-05-27","forecast","-1.46620938686669"
"exdqlm_univar_synth","draw_104",1622,"2022-05-28","forecast","-0.691937062925572"
"exdqlm_univar_synth","draw_104",1622,"2022-05-29","forecast","-1.27977808080346"
"exdqlm_univar_synth","draw_104",1622,"2022-05-30","forecast","-0.760830543250539"
"exdqlm_univar_synth","draw_104",1622,"2022-05-31","forecast","-0.966684584451856"
"exdqlm_univar_synth","draw_104",1622,"2022-06-01","forecast","-0.875744939645214"
"exdqlm_univar_synth","draw_104",1622,"2022-06-02","forecast","-1.01399400416518"
"exdqlm_univar_synth","draw_104",1622,"2022-06-03","forecast","-0.840838995235927"
"exdqlm_univar_synth","draw_104",1622,"2022-06-04","forecast","-1.14642949740677"
"exdqlm_univar_synth","draw_104",1622,"2022-06-05","forecast","-0.281683438246888"
"exdqlm_univar_synth","draw_104",1622,"2022-06-06","forecast","-0.773451695785106"
"exdqlm_univar_synth","draw_104",1622,"2022-06-07","forecast","-1.30284154114134"
"exdqlm_univar_synth","draw_104",1622,"2022-06-08","forecast","-1.63089849056924"
"exdqlm_univar_synth","draw_105",1638,"2022-05-12","forecast","-0.872565380790625"
"exdqlm_univar_synth","draw_105",1638,"2022-05-13","forecast","-0.557629859563852"
"exdqlm_univar_synth","draw_105",1638,"2022-05-14","forecast","-0.793160435228921"
"exdqlm_univar_synth","draw_105",1638,"2022-05-15","forecast","-0.791736779086058"
"exdqlm_univar_synth","draw_105",1638,"2022-05-16","forecast","-0.900405783044478"
"exdqlm_univar_synth","draw_105",1638,"2022-05-17","forecast","-1.06534644937500"
"exdqlm_univar_synth","draw_105",1638,"2022-05-18","forecast","-0.492038139035399"
"exdqlm_univar_synth","draw_105",1638,"2022-05-19","forecast","-1.04139310813307"
"exdqlm_univar_synth","draw_105",1638,"2022-05-20","forecast","-0.700203619878839"
"exdqlm_univar_synth","draw_105",1638,"2022-05-21","forecast","-0.742412867335108"
"exdqlm_univar_synth","draw_105",1638,"2022-05-22","forecast","-0.583769256836804"
"exdqlm_univar_synth","draw_105",1638,"2022-05-23","forecast","-0.615920521916272"
"exdqlm_univar_synth","draw_105",1638,"2022-05-24","forecast","-0.895328992040908"
"exdqlm_univar_synth","draw_105",1638,"2022-05-25","forecast","-1.09777618745803"
"exdqlm_univar_synth","draw_105",1638,"2022-05-26","forecast","-0.803095760483141"
"exdqlm_univar_synth","draw_105",1638,"2022-05-27","forecast","-0.891405593239054"
"exdqlm_univar_synth","draw_105",1638,"2022-05-28","forecast","-0.666299225826519"
"exdqlm_univar_synth","draw_105",1638,"2022-05-29","forecast","-0.850887703100574"
"exdqlm_univar_synth","draw_105",1638,"2022-05-30","forecast","-0.762342733503182"
"exdqlm_univar_synth","draw_105",1638,"2022-05-31","forecast","-0.943028083665270"
"exdqlm_univar_synth","draw_105",1638,"2022-06-01","forecast","-0.707200110477966"
"exdqlm_univar_synth","draw_105",1638,"2022-06-02","forecast","-1.01197354443878"
"exdqlm_univar_synth","draw_105",1638,"2022-06-03","forecast","-1.47573754929525"
"exdqlm_univar_synth","draw_105",1638,"2022-06-04","forecast","-1.09842484242880"
"exdqlm_univar_synth","draw_105",1638,"2022-06-05","forecast","-0.406207581597674"
"exdqlm_univar_synth","draw_105",1638,"2022-06-06","forecast","-1.50506793368245"
"exdqlm_univar_synth","draw_105",1638,"2022-06-07","forecast","-0.689651713443075"
"exdqlm_univar_synth","draw_105",1638,"2022-06-08","forecast","-0.845213687337330"
"exdqlm_univar_synth","draw_106",1654,"2022-05-12","forecast","-0.616573208901686"
"exdqlm_univar_synth","draw_106",1654,"2022-05-13","forecast","-0.819697756633787"
"exdqlm_univar_synth","draw_106",1654,"2022-05-14","forecast","-0.703682386731913"
"exdqlm_univar_synth","draw_106",1654,"2022-05-15","forecast","-0.787009413209878"
"exdqlm_univar_synth","draw_106",1654,"2022-05-16","forecast","-0.792327649576935"
"exdqlm_univar_synth","draw_106",1654,"2022-05-17","forecast","-0.694506673317464"
"exdqlm_univar_synth","draw_106",1654,"2022-05-18","forecast","-0.704861648507079"
"exdqlm_univar_synth","draw_106",1654,"2022-05-19","forecast","-0.862675655910523"
"exdqlm_univar_synth","draw_106",1654,"2022-05-20","forecast","-0.665462440158395"
"exdqlm_univar_synth","draw_106",1654,"2022-05-21","forecast","-0.809207591105167"
"exdqlm_univar_synth","draw_106",1654,"2022-05-22","forecast","-0.713008607282588"
"exdqlm_univar_synth","draw_106",1654,"2022-05-23","forecast","-0.598489719846885"
"exdqlm_univar_synth","draw_106",1654,"2022-05-24","forecast","-0.883445639077987"
"exdqlm_univar_synth","draw_106",1654,"2022-05-25","forecast","-0.734788364267885"
"exdqlm_univar_synth","draw_106",1654,"2022-05-26","forecast","-0.979206544942753"
"exdqlm_univar_synth","draw_106",1654,"2022-05-27","forecast","-1.37733101213248"
"exdqlm_univar_synth","draw_106",1654,"2022-05-28","forecast","-0.692557452364920"
"exdqlm_univar_synth","draw_106",1654,"2022-05-29","forecast","-1.12418592625872"
"exdqlm_univar_synth","draw_106",1654,"2022-05-30","forecast","-1.16530855284966"
"exdqlm_univar_synth","draw_106",1654,"2022-05-31","forecast","-1.24101896640969"
"exdqlm_univar_synth","draw_106",1654,"2022-06-01","forecast","-1.22400730313487"
"exdqlm_univar_synth","draw_106",1654,"2022-06-02","forecast","-0.955761112441128"
"exdqlm_univar_synth","draw_106",1654,"2022-06-03","forecast","-0.922321264457458"
"exdqlm_univar_synth","draw_106",1654,"2022-06-04","forecast","-0.987097977973044"
"exdqlm_univar_synth","draw_106",1654,"2022-06-05","forecast","-0.933899353477828"
"exdqlm_univar_synth","draw_106",1654,"2022-06-06","forecast","-0.946297013200514"
"exdqlm_univar_synth","draw_106",1654,"2022-06-07","forecast","-1.29237718605530"
"exdqlm_univar_synth","draw_106",1654,"2022-06-08","forecast","-1.00572896773204"
"exdqlm_univar_synth","draw_107",1669,"2022-05-12","forecast","-0.851116419589468"
"exdqlm_univar_synth","draw_107",1669,"2022-05-13","forecast","-0.987249766263949"
"exdqlm_univar_synth","draw_107",1669,"2022-05-14","forecast","-0.828579016743068"
"exdqlm_univar_synth","draw_107",1669,"2022-05-15","forecast","-0.955251931315388"
"exdqlm_univar_synth","draw_107",1669,"2022-05-16","forecast","-0.959476939155198"
"exdqlm_univar_synth","draw_107",1669,"2022-05-17","forecast","-1.15118044001321"
"exdqlm_univar_synth","draw_107",1669,"2022-05-18","forecast","-0.756706576223118"
"exdqlm_univar_synth","draw_107",1669,"2022-05-19","forecast","-0.814275346266897"
"exdqlm_univar_synth","draw_107",1669,"2022-05-20","forecast","-1.23800293237550"
"exdqlm_univar_synth","draw_107",1669,"2022-05-21","forecast","-0.867197093691783"
"exdqlm_univar_synth","draw_107",1669,"2022-05-22","forecast","-1.05905163984581"
"exdqlm_univar_synth","draw_107",1669,"2022-05-23","forecast","-1.13068107290601"
"exdqlm_univar_synth","draw_107",1669,"2022-05-24","forecast","-1.22495857905041"
"exdqlm_univar_synth","draw_107",1669,"2022-05-25","forecast","-0.546417614620035"
"exdqlm_univar_synth","draw_107",1669,"2022-05-26","forecast","-1.25510923954896"
"exdqlm_univar_synth","draw_107",1669,"2022-05-27","forecast","-1.28133166077591"
"exdqlm_univar_synth","draw_107",1669,"2022-05-28","forecast","-0.859851504785245"
"exdqlm_univar_synth","draw_107",1669,"2022-05-29","forecast","-0.977045160914788"
"exdqlm_univar_synth","draw_107",1669,"2022-05-30","forecast","-0.773809572744756"
"exdqlm_univar_synth","draw_107",1669,"2022-05-31","forecast","-0.884661966799174"
"exdqlm_univar_synth","draw_107",1669,"2022-06-01","forecast","-1.50059745625908"
"exdqlm_univar_synth","draw_107",1669,"2022-06-02","forecast","-1.02059721639730"
"exdqlm_univar_synth","draw_107",1669,"2022-06-03","forecast","-0.829431295523815"
"exdqlm_univar_synth","draw_107",1669,"2022-06-04","forecast","-1.44071404329459"
"exdqlm_univar_synth","draw_107",1669,"2022-06-05","forecast","-0.367434411833732"
"exdqlm_univar_synth","draw_107",1669,"2022-06-06","forecast","-0.815092511159933"
"exdqlm_univar_synth","draw_107",1669,"2022-06-07","forecast","-0.684699156728993"
"exdqlm_univar_synth","draw_107",1669,"2022-06-08","forecast","-1.21849686949266"
"exdqlm_univar_synth","draw_108",1685,"2022-05-12","forecast","-0.648975334793428"
"exdqlm_univar_synth","draw_108",1685,"2022-05-13","forecast","-0.711349828710330"
"exdqlm_univar_synth","draw_108",1685,"2022-05-14","forecast","-0.753645541140578"
"exdqlm_univar_synth","draw_108",1685,"2022-05-15","forecast","-0.250587707550417"
"exdqlm_univar_synth","draw_108",1685,"2022-05-16","forecast","-0.606277869183988"
"exdqlm_univar_synth","draw_108",1685,"2022-05-17","forecast","-0.699452936766573"
"exdqlm_univar_synth","draw_108",1685,"2022-05-18","forecast","-0.823550636489354"
"exdqlm_univar_synth","draw_108",1685,"2022-05-19","forecast","-1.00744478177137"
"exdqlm_univar_synth","draw_108",1685,"2022-05-20","forecast","-1.13443796164099"
"exdqlm_univar_synth","draw_108",1685,"2022-05-21","forecast","-0.707277765516008"
"exdqlm_univar_synth","draw_108",1685,"2022-05-22","forecast","-0.762907285946866"
"exdqlm_univar_synth","draw_108",1685,"2022-05-23","forecast","-0.687482570296843"
"exdqlm_univar_synth","draw_108",1685,"2022-05-24","forecast","-1.06247568087507"
"exdqlm_univar_synth","draw_108",1685,"2022-05-25","forecast","-0.731301605366650"
"exdqlm_univar_synth","draw_108",1685,"2022-05-26","forecast","-0.797283883180654"
"exdqlm_univar_synth","draw_108",1685,"2022-05-27","forecast","-1.00630399081015"
"exdqlm_univar_synth","draw_108",1685,"2022-05-28","forecast","-0.679961170290760"
"exdqlm_univar_synth","draw_108",1685,"2022-05-29","forecast","-0.811565647999753"
"exdqlm_univar_synth","draw_108",1685,"2022-05-30","forecast","-0.779876005388693"
"exdqlm_univar_synth","draw_108",1685,"2022-05-31","forecast","-1.20751464052022"
"exdqlm_univar_synth","draw_108",1685,"2022-06-01","forecast","-1.13870400612137"
"exdqlm_univar_synth","draw_108",1685,"2022-06-02","forecast","-0.946359521546590"
"exdqlm_univar_synth","draw_108",1685,"2022-06-03","forecast","-1.49361378289158"
"exdqlm_univar_synth","draw_108",1685,"2022-06-04","forecast","-0.949909868863536"
"exdqlm_univar_synth","draw_108",1685,"2022-06-05","forecast","-0.978009621337601"
"exdqlm_univar_synth","draw_108",1685,"2022-06-06","forecast","-1.09965638359373"
"exdqlm_univar_synth","draw_108",1685,"2022-06-07","forecast","-0.697895483289133"
"exdqlm_univar_synth","draw_108",1685,"2022-06-08","forecast","-1.77053352416510"
"exdqlm_univar_synth","draw_109",1701,"2022-05-12","forecast","-0.713664084304862"
"exdqlm_univar_synth","draw_109",1701,"2022-05-13","forecast","-0.453951753811321"
"exdqlm_univar_synth","draw_109",1701,"2022-05-14","forecast","-0.574994960365014"
"exdqlm_univar_synth","draw_109",1701,"2022-05-15","forecast","-0.760079108962801"
"exdqlm_univar_synth","draw_109",1701,"2022-05-16","forecast","-0.990722494456300"
"exdqlm_univar_synth","draw_109",1701,"2022-05-17","forecast","-0.756137213062072"
"exdqlm_univar_synth","draw_109",1701,"2022-05-18","forecast","-0.363540215124700"
"exdqlm_univar_synth","draw_109",1701,"2022-05-19","forecast","-0.882866316995046"
"exdqlm_univar_synth","draw_109",1701,"2022-05-20","forecast","-1.23594035646927"
"exdqlm_univar_synth","draw_109",1701,"2022-05-21","forecast","-0.740161028858200"
"exdqlm_univar_synth","draw_109",1701,"2022-05-22","forecast","-0.765922496458445"
"exdqlm_univar_synth","draw_109",1701,"2022-05-23","forecast","-1.21314094233953"
"exdqlm_univar_synth","draw_109",1701,"2022-05-24","forecast","-0.977666931619378"
"exdqlm_univar_synth","draw_109",1701,"2022-05-25","forecast","-0.935503738866972"
"exdqlm_univar_synth","draw_109",1701,"2022-05-26","forecast","-0.834988747599222"
"exdqlm_univar_synth","draw_109",1701,"2022-05-27","forecast","-1.03091318319391"
"exdqlm_univar_synth","draw_109",1701,"2022-05-28","forecast","-1.31746466172180"
"exdqlm_univar_synth","draw_109",1701,"2022-05-29","forecast","-0.888674085640556"
"exdqlm_univar_synth","draw_109",1701,"2022-05-30","forecast","-1.05098734034460"
"exdqlm_univar_synth","draw_109",1701,"2022-05-31","forecast","-1.22842188701733"
"exdqlm_univar_synth","draw_109",1701,"2022-06-01","forecast","-1.17998131307228"
"exdqlm_univar_synth","draw_109",1701,"2022-06-02","forecast","-0.948749089803432"
"exdqlm_univar_synth","draw_109",1701,"2022-06-03","forecast","-0.905528311321524"
"exdqlm_univar_synth","draw_109",1701,"2022-06-04","forecast","-1.02702595081213"
"exdqlm_univar_synth","draw_109",1701,"2022-06-05","forecast","-1.08165170019879"
"exdqlm_univar_synth","draw_109",1701,"2022-06-06","forecast","-0.643815877993801"
"exdqlm_univar_synth","draw_109",1701,"2022-06-07","forecast","-0.687333125378935"
"exdqlm_univar_synth","draw_109",1701,"2022-06-08","forecast","-1.55123745596061"
"exdqlm_univar_synth","draw_110",1717,"2022-05-12","forecast","-0.888391144086549"
"exdqlm_univar_synth","draw_110",1717,"2022-05-13","forecast","-0.445396057898240"
"exdqlm_univar_synth","draw_110",1717,"2022-05-14","forecast","-0.537227830777776"
"exdqlm_univar_synth","draw_110",1717,"2022-05-15","forecast","-0.463215494515986"
"exdqlm_univar_synth","draw_110",1717,"2022-05-16","forecast","-0.543636301469613"
"exdqlm_univar_synth","draw_110",1717,"2022-05-17","forecast","-0.719542721587969"
"exdqlm_univar_synth","draw_110",1717,"2022-05-18","forecast","-0.588529726895846"
"exdqlm_univar_synth","draw_110",1717,"2022-05-19","forecast","-1.23691986146661"
"exdqlm_univar_synth","draw_110",1717,"2022-05-20","forecast","-0.908372632064832"
"exdqlm_univar_synth","draw_110",1717,"2022-05-21","forecast","-0.952724959953002"
"exdqlm_univar_synth","draw_110",1717,"2022-05-22","forecast","-0.958899159681557"
"exdqlm_univar_synth","draw_110",1717,"2022-05-23","forecast","-0.548728244935567"
"exdqlm_univar_synth","draw_110",1717,"2022-05-24","forecast","-0.883130912507002"
"exdqlm_univar_synth","draw_110",1717,"2022-05-25","forecast","-0.821967138895770"
"exdqlm_univar_synth","draw_110",1717,"2022-05-26","forecast","-1.20847618652753"
"exdqlm_univar_synth","draw_110",1717,"2022-05-27","forecast","-0.883038442726420"
"exdqlm_univar_synth","draw_110",1717,"2022-05-28","forecast","-0.936014936199663"
"exdqlm_univar_synth","draw_110",1717,"2022-05-29","forecast","-0.819796865984711"
"exdqlm_univar_synth","draw_110",1717,"2022-05-30","forecast","-0.774058661044897"
"exdqlm_univar_synth","draw_110",1717,"2022-05-31","forecast","-0.925567447677466"
"exdqlm_univar_synth","draw_110",1717,"2022-06-01","forecast","-1.41064585455443"
"exdqlm_univar_synth","draw_110",1717,"2022-06-02","forecast","-0.946958979090906"
"exdqlm_univar_synth","draw_110",1717,"2022-06-03","forecast","-0.839987955434911"
"exdqlm_univar_synth","draw_110",1717,"2022-06-04","forecast","-1.52113190889589"
"exdqlm_univar_synth","draw_110",1717,"2022-06-05","forecast","-0.326254637828276"
"exdqlm_univar_synth","draw_110",1717,"2022-06-06","forecast","-0.796538762665351"
"exdqlm_univar_synth","draw_110",1717,"2022-06-07","forecast","-1.19311287217120"
"exdqlm_univar_synth","draw_110",1717,"2022-06-08","forecast","-0.877972460259197"
"exdqlm_univar_synth","draw_111",1732,"2022-05-12","forecast","-0.476569124069261"
"exdqlm_univar_synth","draw_111",1732,"2022-05-13","forecast","-0.884895994766265"
"exdqlm_univar_synth","draw_111",1732,"2022-05-14","forecast","-0.585665203178663"
"exdqlm_univar_synth","draw_111",1732,"2022-05-15","forecast","-0.854739536370761"
"exdqlm_univar_synth","draw_111",1732,"2022-05-16","forecast","-0.550636561480798"
"exdqlm_univar_synth","draw_111",1732,"2022-05-17","forecast","-0.887046401207211"
"exdqlm_univar_synth","draw_111",1732,"2022-05-18","forecast","-0.369286726066659"
"exdqlm_univar_synth","draw_111",1732,"2022-05-19","forecast","-0.810023126296685"
"exdqlm_univar_synth","draw_111",1732,"2022-05-20","forecast","-0.695344595431979"
"exdqlm_univar_synth","draw_111",1732,"2022-05-21","forecast","-1.09091335853790"
"exdqlm_univar_synth","draw_111",1732,"2022-05-22","forecast","-0.738096678611418"
"exdqlm_univar_synth","draw_111",1732,"2022-05-23","forecast","-0.563180667012559"
"exdqlm_univar_synth","draw_111",1732,"2022-05-24","forecast","-1.32164528294322"
"exdqlm_univar_synth","draw_111",1732,"2022-05-25","forecast","-1.08242556684910"
"exdqlm_univar_synth","draw_111",1732,"2022-05-26","forecast","-1.18390828426284"
"exdqlm_univar_synth","draw_111",1732,"2022-05-27","forecast","-1.44113406904885"
"exdqlm_univar_synth","draw_111",1732,"2022-05-28","forecast","-0.822415938205384"
"exdqlm_univar_synth","draw_111",1732,"2022-05-29","forecast","-0.880182305355479"
"exdqlm_univar_synth","draw_111",1732,"2022-05-30","forecast","-0.861963555302121"
"exdqlm_univar_synth","draw_111",1732,"2022-05-31","forecast","-0.887983194823407"
"exdqlm_univar_synth","draw_111",1732,"2022-06-01","forecast","-0.821322636536332"
"exdqlm_univar_synth","draw_111",1732,"2022-06-02","forecast","-0.940634170329422"
"exdqlm_univar_synth","draw_111",1732,"2022-06-03","forecast","-0.807755095040714"
"exdqlm_univar_synth","draw_111",1732,"2022-06-04","forecast","-0.949499197069386"
"exdqlm_univar_synth","draw_111",1732,"2022-06-05","forecast","-0.791538481811134"
"exdqlm_univar_synth","draw_111",1732,"2022-06-06","forecast","-1.30401955247112"
"exdqlm_univar_synth","draw_111",1732,"2022-06-07","forecast","-0.923318102904520"
"exdqlm_univar_synth","draw_111",1732,"2022-06-08","forecast","-0.783258920804136"
"exdqlm_univar_synth","draw_112",1748,"2022-05-12","forecast","-0.905073009304800"
"exdqlm_univar_synth","draw_112",1748,"2022-05-13","forecast","-0.897252543919695"
"exdqlm_univar_synth","draw_112",1748,"2022-05-14","forecast","-0.385201962467551"
"exdqlm_univar_synth","draw_112",1748,"2022-05-15","forecast","-0.634494592452980"
"exdqlm_univar_synth","draw_112",1748,"2022-05-16","forecast","0"
"exdqlm_univar_synth","draw_112",1748,"2022-05-17","forecast","-1.07523267886932"
"exdqlm_univar_synth","draw_112",1748,"2022-05-18","forecast","-0.406785611693298"
"exdqlm_univar_synth","draw_112",1748,"2022-05-19","forecast","-0.808274580283465"
"exdqlm_univar_synth","draw_112",1748,"2022-05-20","forecast","-0.760385757982678"
"exdqlm_univar_synth","draw_112",1748,"2022-05-21","forecast","-0.716649014147796"
"exdqlm_univar_synth","draw_112",1748,"2022-05-22","forecast","-0.813901886080331"
"exdqlm_univar_synth","draw_112",1748,"2022-05-23","forecast","-0.616294105380323"
"exdqlm_univar_synth","draw_112",1748,"2022-05-24","forecast","-0.835985774600623"
"exdqlm_univar_synth","draw_112",1748,"2022-05-25","forecast","-1.28403045923603"
"exdqlm_univar_synth","draw_112",1748,"2022-05-26","forecast","-0.801557938162783"
"exdqlm_univar_synth","draw_112",1748,"2022-05-27","forecast","-1.26570656026331"
"exdqlm_univar_synth","draw_112",1748,"2022-05-28","forecast","-0.692387790574451"
"exdqlm_univar_synth","draw_112",1748,"2022-05-29","forecast","-0.827152006259074"
"exdqlm_univar_synth","draw_112",1748,"2022-05-30","forecast","-0.777633281877727"
"exdqlm_univar_synth","draw_112",1748,"2022-05-31","forecast","-0.885953343107729"
"exdqlm_univar_synth","draw_112",1748,"2022-06-01","forecast","-0.849471681715518"
"exdqlm_univar_synth","draw_112",1748,"2022-06-02","forecast","-1.19182543576567"
"exdqlm_univar_synth","draw_112",1748,"2022-06-03","forecast","-0.839638150831505"
"exdqlm_univar_synth","draw_112",1748,"2022-06-04","forecast","-1.01191575095965"
"exdqlm_univar_synth","draw_112",1748,"2022-06-05","forecast","-1.16059844104937"
"exdqlm_univar_synth","draw_112",1748,"2022-06-06","forecast","-0.776017773269095"
"exdqlm_univar_synth","draw_112",1748,"2022-06-07","forecast","-0.689284918468936"
"exdqlm_univar_synth","draw_112",1748,"2022-06-08","forecast","-1.12106313971218"
"exdqlm_univar_synth","draw_113",1764,"2022-05-12","forecast","-0.421699205853008"
"exdqlm_univar_synth","draw_113",1764,"2022-05-13","forecast","-0.456084915184105"
"exdqlm_univar_synth","draw_113",1764,"2022-05-14","forecast","-1.06076972082941"
"exdqlm_univar_synth","draw_113",1764,"2022-05-15","forecast","-0.958422810857307"
"exdqlm_univar_synth","draw_113",1764,"2022-05-16","forecast","-0.982681957719185"
"exdqlm_univar_synth","draw_113",1764,"2022-05-17","forecast","-1.22641482214314"
"exdqlm_univar_synth","draw_113",1764,"2022-05-18","forecast","-0.415073590069716"
"exdqlm_univar_synth","draw_113",1764,"2022-05-19","forecast","-0.827629263121699"
"exdqlm_univar_synth","draw_113",1764,"2022-05-20","forecast","-1.20679084694284"
"exdqlm_univar_synth","draw_113",1764,"2022-05-21","forecast","-0.767422841594613"
"exdqlm_univar_synth","draw_113",1764,"2022-05-22","forecast","-1.19926517452214"
"exdqlm_univar_synth","draw_113",1764,"2022-05-23","forecast","-0.980857827279934"
"exdqlm_univar_synth","draw_113",1764,"2022-05-24","forecast","-1.34201935284527"
"exdqlm_univar_synth","draw_113",1764,"2022-05-25","forecast","-0.762388761209330"
"exdqlm_univar_synth","draw_113",1764,"2022-05-26","forecast","-1.14008447476485"
"exdqlm_univar_synth","draw_113",1764,"2022-05-27","forecast","-1.14217214883700"
"exdqlm_univar_synth","draw_113",1764,"2022-05-28","forecast","-0.693366760150983"
"exdqlm_univar_synth","draw_113",1764,"2022-05-29","forecast","-1.33270421747689"
"exdqlm_univar_synth","draw_113",1764,"2022-05-30","forecast","-0.772136152372124"
"exdqlm_univar_synth","draw_113",1764,"2022-05-31","forecast","-1.56116012848579"
"exdqlm_univar_synth","draw_113",1764,"2022-06-01","forecast","-1.37517846721205"
"exdqlm_univar_synth","draw_113",1764,"2022-06-02","forecast","-1.10911917699839"
"exdqlm_univar_synth","draw_113",1764,"2022-06-03","forecast","-0.954377105055384"
"exdqlm_univar_synth","draw_113",1764,"2022-06-04","forecast","-0.951214177703878"
"exdqlm_univar_synth","draw_113",1764,"2022-06-05","forecast","-1.13785495668992"
"exdqlm_univar_synth","draw_113",1764,"2022-06-06","forecast","-1.05396579036191"
"exdqlm_univar_synth","draw_113",1764,"2022-06-07","forecast","-0.711305625143171"
"exdqlm_univar_synth","draw_113",1764,"2022-06-08","forecast","-1.16965293878852"
"exdqlm_univar_synth","draw_114",1780,"2022-05-12","forecast","-0.708109336119198"
"exdqlm_univar_synth","draw_114",1780,"2022-05-13","forecast","-0.682622110505661"
"exdqlm_univar_synth","draw_114",1780,"2022-05-14","forecast","-0.590045495974680"
"exdqlm_univar_synth","draw_114",1780,"2022-05-15","forecast","-0.408150089709122"
"exdqlm_univar_synth","draw_114",1780,"2022-05-16","forecast","-0.795179878293773"
"exdqlm_univar_synth","draw_114",1780,"2022-05-17","forecast","-0.838813369707656"
"exdqlm_univar_synth","draw_114",1780,"2022-05-18","forecast","-0.986107290827975"
"exdqlm_univar_synth","draw_114",1780,"2022-05-19","forecast","-0.869143800130399"
"exdqlm_univar_synth","draw_114",1780,"2022-05-20","forecast","-1.29413441717814"
"exdqlm_univar_synth","draw_114",1780,"2022-05-21","forecast","-0.737787891943016"
"exdqlm_univar_synth","draw_114",1780,"2022-05-22","forecast","-0.728123449915431"
"exdqlm_univar_synth","draw_114",1780,"2022-05-23","forecast","-0.667131181490999"
"exdqlm_univar_synth","draw_114",1780,"2022-05-24","forecast","-0.885857090579756"
"exdqlm_univar_synth","draw_114",1780,"2022-05-25","forecast","-1.51120259522952"
"exdqlm_univar_synth","draw_114",1780,"2022-05-26","forecast","-1.06379007749269"
"exdqlm_univar_synth","draw_114",1780,"2022-05-27","forecast","-1.43059544289204"
"exdqlm_univar_synth","draw_114",1780,"2022-05-28","forecast","-0.915272476719070"
"exdqlm_univar_synth","draw_114",1780,"2022-05-29","forecast","-0.818797303000024"
"exdqlm_univar_synth","draw_114",1780,"2022-05-30","forecast","-0.774575515559278"
"exdqlm_univar_synth","draw_114",1780,"2022-05-31","forecast","-0.922605636477631"
"exdqlm_univar_synth","draw_114",1780,"2022-06-01","forecast","-1.16990274847783"
"exdqlm_univar_synth","draw_114",1780,"2022-06-02","forecast","-1.56331259467178"
"exdqlm_univar_synth","draw_114",1780,"2022-06-03","forecast","-0.834714160684856"
"exdqlm_univar_synth","draw_114",1780,"2022-06-04","forecast","-1.50304747273566"
"exdqlm_univar_synth","draw_114",1780,"2022-06-05","forecast","-0.688484743219364"
"exdqlm_univar_synth","draw_114",1780,"2022-06-06","forecast","-0.779046834367820"
"exdqlm_univar_synth","draw_114",1780,"2022-06-07","forecast","-1.28253601244366"
"exdqlm_univar_synth","draw_114",1780,"2022-06-08","forecast","-1.12737658012137"
"exdqlm_univar_synth","draw_115",1795,"2022-05-12","forecast","-0.866037922696580"
"exdqlm_univar_synth","draw_115",1795,"2022-05-13","forecast","-0.620764132547217"
"exdqlm_univar_synth","draw_115",1795,"2022-05-14","forecast","-0.537253003515877"
"exdqlm_univar_synth","draw_115",1795,"2022-05-15","forecast","-0.327713868484187"
"exdqlm_univar_synth","draw_115",1795,"2022-05-16","forecast","-0.891381392685359"
"exdqlm_univar_synth","draw_115",1795,"2022-05-17","forecast","-0.698527707510546"
"exdqlm_univar_synth","draw_115",1795,"2022-05-18","forecast","-0.606149460892258"
"exdqlm_univar_synth","draw_115",1795,"2022-05-19","forecast","-1.04186040933978"
"exdqlm_univar_synth","draw_115",1795,"2022-05-20","forecast","-0.699916102685385"
"exdqlm_univar_synth","draw_115",1795,"2022-05-21","forecast","-1.41218481864204"
"exdqlm_univar_synth","draw_115",1795,"2022-05-22","forecast","-0.760759686264003"
"exdqlm_univar_synth","draw_115",1795,"2022-05-23","forecast","-0.484171746763869"
"exdqlm_univar_synth","draw_115",1795,"2022-05-24","forecast","-1.16489450389173"
"exdqlm_univar_synth","draw_115",1795,"2022-05-25","forecast","-0.881236381678545"
"exdqlm_univar_synth","draw_115",1795,"2022-05-26","forecast","-0.797288514691528"
"exdqlm_univar_synth","draw_115",1795,"2022-05-27","forecast","-1.24236748915575"
"exdqlm_univar_synth","draw_115",1795,"2022-05-28","forecast","-0.683431956381155"
"exdqlm_univar_synth","draw_115",1795,"2022-05-29","forecast","-1.29869722160661"
"exdqlm_univar_synth","draw_115",1795,"2022-05-30","forecast","-1.36045250669021"
"exdqlm_univar_synth","draw_115",1795,"2022-05-31","forecast","-0.958523100466477"
"exdqlm_univar_synth","draw_115",1795,"2022-06-01","forecast","-0.857191660941876"
"exdqlm_univar_synth","draw_115",1795,"2022-06-02","forecast","-1.34099658228351"
"exdqlm_univar_synth","draw_115",1795,"2022-06-03","forecast","-0.962678521572285"
"exdqlm_univar_synth","draw_115",1795,"2022-06-04","forecast","-0.949883976542312"
"exdqlm_univar_synth","draw_115",1795,"2022-06-05","forecast","-0.724064923551786"
"exdqlm_univar_synth","draw_115",1795,"2022-06-06","forecast","-0.775655765290041"
"exdqlm_univar_synth","draw_115",1795,"2022-06-07","forecast","-0.708376956431609"
"exdqlm_univar_synth","draw_115",1795,"2022-06-08","forecast","-1.14703604956452"
"exdqlm_univar_synth","draw_116",1811,"2022-05-12","forecast","-0.668702872779926"
"exdqlm_univar_synth","draw_116",1811,"2022-05-13","forecast","-0.572151661296961"
"exdqlm_univar_synth","draw_116",1811,"2022-05-14","forecast","-0.654451238806690"
"exdqlm_univar_synth","draw_116",1811,"2022-05-15","forecast","-0.212334834840938"
"exdqlm_univar_synth","draw_116",1811,"2022-05-16","forecast","-0.768714924801895"
"exdqlm_univar_synth","draw_116",1811,"2022-05-17","forecast","-1.18151944775200"
"exdqlm_univar_synth","draw_116",1811,"2022-05-18","forecast","-0.958398289835057"
"exdqlm_univar_synth","draw_116",1811,"2022-05-19","forecast","-0.884408738476464"
"exdqlm_univar_synth","draw_116",1811,"2022-05-20","forecast","-0.853315965531767"
"exdqlm_univar_synth","draw_116",1811,"2022-05-21","forecast","-1.06429527967913"
"exdqlm_univar_synth","draw_116",1811,"2022-05-22","forecast","-1.32737203939760"
"exdqlm_univar_synth","draw_116",1811,"2022-05-23","forecast","-0.610411433566839"
"exdqlm_univar_synth","draw_116",1811,"2022-05-24","forecast","-0.890364861328271"
"exdqlm_univar_synth","draw_116",1811,"2022-05-25","forecast","-0.921512671528842"
"exdqlm_univar_synth","draw_116",1811,"2022-05-26","forecast","-0.876505698770784"
"exdqlm_univar_synth","draw_116",1811,"2022-05-27","forecast","-0.884198047690277"
"exdqlm_univar_synth","draw_116",1811,"2022-05-28","forecast","-1.10705479479475"
"exdqlm_univar_synth","draw_116",1811,"2022-05-29","forecast","-1.46938286765643"
"exdqlm_univar_synth","draw_116",1811,"2022-05-30","forecast","-1.42142523403776"
"exdqlm_univar_synth","draw_116",1811,"2022-05-31","forecast","-0.891291588794085"
"exdqlm_univar_synth","draw_116",1811,"2022-06-01","forecast","-0.820890062726527"
"exdqlm_univar_synth","draw_116",1811,"2022-06-02","forecast","-1.27174712777141"
"exdqlm_univar_synth","draw_116",1811,"2022-06-03","forecast","-1.03411385235680"
"exdqlm_univar_synth","draw_116",1811,"2022-06-04","forecast","-1.59344625828528"
"exdqlm_univar_synth","draw_116",1811,"2022-06-05","forecast","-0.345970557228421"
"exdqlm_univar_synth","draw_116",1811,"2022-06-06","forecast","-1.34549585085858"
"exdqlm_univar_synth","draw_116",1811,"2022-06-07","forecast","-0.689500234619263"
"exdqlm_univar_synth","draw_116",1811,"2022-06-08","forecast","-0.844471505560992"
"exdqlm_univar_synth","draw_117",1827,"2022-05-12","forecast","-0.220543163811382"
"exdqlm_univar_synth","draw_117",1827,"2022-05-13","forecast","-0.862321493866962"
"exdqlm_univar_synth","draw_117",1827,"2022-05-14","forecast","-0.529594533704017"
"exdqlm_univar_synth","draw_117",1827,"2022-05-15","forecast","-0.794115269778055"
"exdqlm_univar_synth","draw_117",1827,"2022-05-16","forecast","-0.529425520597249"
"exdqlm_univar_synth","draw_117",1827,"2022-05-17","forecast","-0.697331910741921"
"exdqlm_univar_synth","draw_117",1827,"2022-05-18","forecast","-0.588756368334985"
"exdqlm_univar_synth","draw_117",1827,"2022-05-19","forecast","-1.16808636214755"
"exdqlm_univar_synth","draw_117",1827,"2022-05-20","forecast","-1.09181745751298"
"exdqlm_univar_synth","draw_117",1827,"2022-05-21","forecast","-0.741224069316271"
"exdqlm_univar_synth","draw_117",1827,"2022-05-22","forecast","-0.763016660598404"
"exdqlm_univar_synth","draw_117",1827,"2022-05-23","forecast","-0.757528708107208"
"exdqlm_univar_synth","draw_117",1827,"2022-05-24","forecast","-1.18696387750445"
"exdqlm_univar_synth","draw_117",1827,"2022-05-25","forecast","-0.716343182421689"
"exdqlm_univar_synth","draw_117",1827,"2022-05-26","forecast","-0.923614462663115"
"exdqlm_univar_synth","draw_117",1827,"2022-05-27","forecast","-0.895965047441475"
"exdqlm_univar_synth","draw_117",1827,"2022-05-28","forecast","-0.687184404475198"
"exdqlm_univar_synth","draw_117",1827,"2022-05-29","forecast","-1.08282739099602"
"exdqlm_univar_synth","draw_117",1827,"2022-05-30","forecast","-1.24232291191142"
"exdqlm_univar_synth","draw_117",1827,"2022-05-31","forecast","-0.960609559508490"
"exdqlm_univar_synth","draw_117",1827,"2022-06-01","forecast","-0.997175133243531"
"exdqlm_univar_synth","draw_117",1827,"2022-06-02","forecast","-1.26712393735868"
"exdqlm_univar_synth","draw_117",1827,"2022-06-03","forecast","-1.45938615196324"
"exdqlm_univar_synth","draw_117",1827,"2022-06-04","forecast","-0.959541349157992"
"exdqlm_univar_synth","draw_117",1827,"2022-06-05","forecast","-1.51608022964116"
"exdqlm_univar_synth","draw_117",1827,"2022-06-06","forecast","-1.48935966875217"
"exdqlm_univar_synth","draw_117",1827,"2022-06-07","forecast","-0.992996879905181"
"exdqlm_univar_synth","draw_117",1827,"2022-06-08","forecast","-0.841372220076659"
"exdqlm_univar_synth","draw_118",1843,"2022-05-12","forecast","-0.679271684322553"
"exdqlm_univar_synth","draw_118",1843,"2022-05-13","forecast","-0.297834039829522"
"exdqlm_univar_synth","draw_118",1843,"2022-05-14","forecast","-0.795846416359102"
"exdqlm_univar_synth","draw_118",1843,"2022-05-15","forecast","-0.876918301838077"
"exdqlm_univar_synth","draw_118",1843,"2022-05-16","forecast","-0.736989585557851"
"exdqlm_univar_synth","draw_118",1843,"2022-05-17","forecast","-0.699282560480181"
"exdqlm_univar_synth","draw_118",1843,"2022-05-18","forecast","-1.24141122564551"
"exdqlm_univar_synth","draw_118",1843,"2022-05-19","forecast","-0.805960194851597"
"exdqlm_univar_synth","draw_118",1843,"2022-05-20","forecast","-0.849551206985393"
"exdqlm_univar_synth","draw_118",1843,"2022-05-21","forecast","-0.739687503264512"
"exdqlm_univar_synth","draw_118",1843,"2022-05-22","forecast","-0.763823852364970"
"exdqlm_univar_synth","draw_118",1843,"2022-05-23","forecast","-0.698734568694511"
"exdqlm_univar_synth","draw_118",1843,"2022-05-24","forecast","-0.891487858758141"
"exdqlm_univar_synth","draw_118",1843,"2022-05-25","forecast","-0.722683874185056"
"exdqlm_univar_synth","draw_118",1843,"2022-05-26","forecast","-1.37442983799132"
"exdqlm_univar_synth","draw_118",1843,"2022-05-27","forecast","-0.892744599807623"
"exdqlm_univar_synth","draw_118",1843,"2022-05-28","forecast","-0.854655885934267"
"exdqlm_univar_synth","draw_118",1843,"2022-05-29","forecast","-0.825045291971726"
"exdqlm_univar_synth","draw_118",1843,"2022-05-30","forecast","-1.37559160762870"
"exdqlm_univar_synth","draw_118",1843,"2022-05-31","forecast","-0.747172941410301"
"exdqlm_univar_synth","draw_118",1843,"2022-06-01","forecast","-0.809754439282848"
"exdqlm_univar_synth","draw_118",1843,"2022-06-02","forecast","-0.946325519022079"
"exdqlm_univar_synth","draw_118",1843,"2022-06-03","forecast","-1.07441185196224"
"exdqlm_univar_synth","draw_118",1843,"2022-06-04","forecast","-1.46191811414237"
"exdqlm_univar_synth","draw_118",1843,"2022-06-05","forecast","-1.12291444550983"
"exdqlm_univar_synth","draw_118",1843,"2022-06-06","forecast","-1.51005708719934"
"exdqlm_univar_synth","draw_118",1843,"2022-06-07","forecast","-0.691933828943109"
"exdqlm_univar_synth","draw_118",1843,"2022-06-08","forecast","-0.903139391329146"
"exdqlm_univar_synth","draw_119",1858,"2022-05-12","forecast","-0.506784632714934"
"exdqlm_univar_synth","draw_119",1858,"2022-05-13","forecast","-0.654153045143764"
"exdqlm_univar_synth","draw_119",1858,"2022-05-14","forecast","-0.898237451299148"
"exdqlm_univar_synth","draw_119",1858,"2022-05-15","forecast","-0.704801191285099"
"exdqlm_univar_synth","draw_119",1858,"2022-05-16","forecast","-0.459958370863411"
"exdqlm_univar_synth","draw_119",1858,"2022-05-17","forecast","-0.895333635974980"
"exdqlm_univar_synth","draw_119",1858,"2022-05-18","forecast","-0.770016347379515"
"exdqlm_univar_synth","draw_119",1858,"2022-05-19","forecast","-0.843003621421185"
"exdqlm_univar_synth","draw_119",1858,"2022-05-20","forecast","-0.683866984123586"
"exdqlm_univar_synth","draw_119",1858,"2022-05-21","forecast","-1.32902109896790"
"exdqlm_univar_synth","draw_119",1858,"2022-05-22","forecast","-0.733857388913151"
"exdqlm_univar_synth","draw_119",1858,"2022-05-23","forecast","-0.698921523695976"
"exdqlm_univar_synth","draw_119",1858,"2022-05-24","forecast","-1.29736670179582"
"exdqlm_univar_synth","draw_119",1858,"2022-05-25","forecast","-1.23781727264189"
"exdqlm_univar_synth","draw_119",1858,"2022-05-26","forecast","-1.13072848032352"
"exdqlm_univar_synth","draw_119",1858,"2022-05-27","forecast","-0.896000298010028"
"exdqlm_univar_synth","draw_119",1858,"2022-05-28","forecast","-0.682944556462016"
"exdqlm_univar_synth","draw_119",1858,"2022-05-29","forecast","-0.828380197299966"
"exdqlm_univar_synth","draw_119",1858,"2022-05-30","forecast","-0.778289488009336"
"exdqlm_univar_synth","draw_119",1858,"2022-05-31","forecast","-0.990578351181439"
"exdqlm_univar_synth","draw_119",1858,"2022-06-01","forecast","-1.35619483764710"
"exdqlm_univar_synth","draw_119",1858,"2022-06-02","forecast","-0.947417876335011"
"exdqlm_univar_synth","draw_119",1858,"2022-06-03","forecast","-1.14735700367345"
"exdqlm_univar_synth","draw_119",1858,"2022-06-04","forecast","-0.811737969693573"
"exdqlm_univar_synth","draw_119",1858,"2022-06-05","forecast","-0.948306113525148"
"exdqlm_univar_synth","draw_119",1858,"2022-06-06","forecast","-1.52576860625046"
"exdqlm_univar_synth","draw_119",1858,"2022-06-07","forecast","-0.688190740691974"
"exdqlm_univar_synth","draw_119",1858,"2022-06-08","forecast","-0.843920902419899"
"exdqlm_univar_synth","draw_120",1874,"2022-05-12","forecast","-0.485067070325879"
"exdqlm_univar_synth","draw_120",1874,"2022-05-13","forecast","-0.626808514245372"
"exdqlm_univar_synth","draw_120",1874,"2022-05-14","forecast","-0.732633440020692"
"exdqlm_univar_synth","draw_120",1874,"2022-05-15","forecast","-0.462337544270994"
"exdqlm_univar_synth","draw_120",1874,"2022-05-16","forecast","-0.638223047231186"
"exdqlm_univar_synth","draw_120",1874,"2022-05-17","forecast","-0.746375797447889"
"exdqlm_univar_synth","draw_120",1874,"2022-05-18","forecast","-0.425782769057797"
"exdqlm_univar_synth","draw_120",1874,"2022-05-19","forecast","-0.803752814381033"
"exdqlm_univar_synth","draw_120",1874,"2022-05-20","forecast","-0.673432356035002"
"exdqlm_univar_synth","draw_120",1874,"2022-05-21","forecast","-0.962877666376231"
"exdqlm_univar_synth","draw_120",1874,"2022-05-22","forecast","-0.759270773177258"
"exdqlm_univar_synth","draw_120",1874,"2022-05-23","forecast","-0.616506767878897"
"exdqlm_univar_synth","draw_120",1874,"2022-05-24","forecast","-1.28849962866012"
"exdqlm_univar_synth","draw_120",1874,"2022-05-25","forecast","-1.34013128609255"
"exdqlm_univar_synth","draw_120",1874,"2022-05-26","forecast","-0.843306514078380"
"exdqlm_univar_synth","draw_120",1874,"2022-05-27","forecast","-0.926937243938978"
"exdqlm_univar_synth","draw_120",1874,"2022-05-28","forecast","-0.700489411612191"
"exdqlm_univar_synth","draw_120",1874,"2022-05-29","forecast","-1.15957898537741"
"exdqlm_univar_synth","draw_120",1874,"2022-05-30","forecast","-1.41034718247200"
"exdqlm_univar_synth","draw_120",1874,"2022-05-31","forecast","-0.963556231437623"
"exdqlm_univar_synth","draw_120",1874,"2022-06-01","forecast","-0.873609597267996"
"exdqlm_univar_synth","draw_120",1874,"2022-06-02","forecast","-0.952389535750720"
"exdqlm_univar_synth","draw_120",1874,"2022-06-03","forecast","-1.07424909813197"
"exdqlm_univar_synth","draw_120",1874,"2022-06-04","forecast","-1.12657617172717"
"exdqlm_univar_synth","draw_120",1874,"2022-06-05","forecast","-0.357257593369065"
"exdqlm_univar_synth","draw_120",1874,"2022-06-06","forecast","-0.815247708340955"
"exdqlm_univar_synth","draw_120",1874,"2022-06-07","forecast","-0.687466695558501"
"exdqlm_univar_synth","draw_120",1874,"2022-06-08","forecast","-0.892049121692457"
"exdqlm_univar_synth","draw_121",1890,"2022-05-12","forecast","-0.533581126648463"
"exdqlm_univar_synth","draw_121",1890,"2022-05-13","forecast","-0.424325010204714"
"exdqlm_univar_synth","draw_121",1890,"2022-05-14","forecast","-1.03154151408738"
"exdqlm_univar_synth","draw_121",1890,"2022-05-15","forecast","-0.673001617178523"
"exdqlm_univar_synth","draw_121",1890,"2022-05-16","forecast","-0.750357336883343"
"exdqlm_univar_synth","draw_121",1890,"2022-05-17","forecast","-0.682674832218157"
"exdqlm_univar_synth","draw_121",1890,"2022-05-18","forecast","-0.700799457961097"
"exdqlm_univar_synth","draw_121",1890,"2022-05-19","forecast","-0.811234410859260"
"exdqlm_univar_synth","draw_121",1890,"2022-05-20","forecast","-0.188373215870409"
"exdqlm_univar_synth","draw_121",1890,"2022-05-21","forecast","-1.02607924840417"
"exdqlm_univar_synth","draw_121",1890,"2022-05-22","forecast","-0.762736461638281"
"exdqlm_univar_synth","draw_121",1890,"2022-05-23","forecast","-0.687573025374351"
"exdqlm_univar_synth","draw_121",1890,"2022-05-24","forecast","-1.32745237928710"
"exdqlm_univar_synth","draw_121",1890,"2022-05-25","forecast","-0.941233099351320"
"exdqlm_univar_synth","draw_121",1890,"2022-05-26","forecast","-1.32175857030345"
"exdqlm_univar_synth","draw_121",1890,"2022-05-27","forecast","-0.891859949881624"
"exdqlm_univar_synth","draw_121",1890,"2022-05-28","forecast","-0.693365823262305"
"exdqlm_univar_synth","draw_121",1890,"2022-05-29","forecast","-1.16980917818127"
"exdqlm_univar_synth","draw_121",1890,"2022-05-30","forecast","-1.18420574365988"
"exdqlm_univar_synth","draw_121",1890,"2022-05-31","forecast","-1.22327099352154"
"exdqlm_univar_synth","draw_121",1890,"2022-06-01","forecast","-0.847579720850972"
"exdqlm_univar_synth","draw_121",1890,"2022-06-02","forecast","-1.38165248848560"
"exdqlm_univar_synth","draw_121",1890,"2022-06-03","forecast","-0.713657591607884"
"exdqlm_univar_synth","draw_121",1890,"2022-06-04","forecast","-0.959531546650768"
"exdqlm_univar_synth","draw_121",1890,"2022-06-05","forecast","-0.405340676748759"
"exdqlm_univar_synth","draw_121",1890,"2022-06-06","forecast","-0.784503065764159"
"exdqlm_univar_synth","draw_121",1890,"2022-06-07","forecast","-0.696711536333946"
"exdqlm_univar_synth","draw_121",1890,"2022-06-08","forecast","-0.737601867171418"
"exdqlm_univar_synth","draw_122",1906,"2022-05-12","forecast","-0.399429770237879"
"exdqlm_univar_synth","draw_122",1906,"2022-05-13","forecast","-0.513231126855764"
"exdqlm_univar_synth","draw_122",1906,"2022-05-14","forecast","-0.653090957320769"
"exdqlm_univar_synth","draw_122",1906,"2022-05-15","forecast","-0.399679144645602"
"exdqlm_univar_synth","draw_122",1906,"2022-05-16","forecast","-1.01850099784339"
"exdqlm_univar_synth","draw_122",1906,"2022-05-17","forecast","-0.727651915049072"
"exdqlm_univar_synth","draw_122",1906,"2022-05-18","forecast","-1.06543646581101"
"exdqlm_univar_synth","draw_122",1906,"2022-05-19","forecast","-0.809249228684622"
"exdqlm_univar_synth","draw_122",1906,"2022-05-20","forecast","-0.935314385224831"
"exdqlm_univar_synth","draw_122",1906,"2022-05-21","forecast","-1.18153341199055"
"exdqlm_univar_synth","draw_122",1906,"2022-05-22","forecast","-1.20278743877683"
"exdqlm_univar_synth","draw_122",1906,"2022-05-23","forecast","-0.616627480107667"
"exdqlm_univar_synth","draw_122",1906,"2022-05-24","forecast","-1.36142953156401"
"exdqlm_univar_synth","draw_122",1906,"2022-05-25","forecast","-1.04941440474430"
"exdqlm_univar_synth","draw_122",1906,"2022-05-26","forecast","-0.794638555357424"
"exdqlm_univar_synth","draw_122",1906,"2022-05-27","forecast","-0.892035829548965"
"exdqlm_univar_synth","draw_122",1906,"2022-05-28","forecast","-1.23363613875952"
"exdqlm_univar_synth","draw_122",1906,"2022-05-29","forecast","-1.22141476531485"
"exdqlm_univar_synth","draw_122",1906,"2022-05-30","forecast","-0.778145318856744"
"exdqlm_univar_synth","draw_122",1906,"2022-05-31","forecast","-0.886558653806296"
"exdqlm_univar_synth","draw_122",1906,"2022-06-01","forecast","-0.669602519677568"
"exdqlm_univar_synth","draw_122",1906,"2022-06-02","forecast","-0.947071232581311"
"exdqlm_univar_synth","draw_122",1906,"2022-06-03","forecast","-1.14981245486850"
"exdqlm_univar_synth","draw_122",1906,"2022-06-04","forecast","-0.950883636830706"
"exdqlm_univar_synth","draw_122",1906,"2022-06-05","forecast","-1.22948808963232"
"exdqlm_univar_synth","draw_122",1906,"2022-06-06","forecast","-1.33406347739833"
"exdqlm_univar_synth","draw_122",1906,"2022-06-07","forecast","-1.08907256875845"
"exdqlm_univar_synth","draw_122",1906,"2022-06-08","forecast","-1.16081375079276"
"exdqlm_univar_synth","draw_123",1921,"2022-05-12","forecast","-0.558801549557907"
"exdqlm_univar_synth","draw_123",1921,"2022-05-13","forecast","-0.688604700705329"
"exdqlm_univar_synth","draw_123",1921,"2022-05-14","forecast","-0.640750328986765"
"exdqlm_univar_synth","draw_123",1921,"2022-05-15","forecast","-0.741816085588947"
"exdqlm_univar_synth","draw_123",1921,"2022-05-16","forecast","-0.661321134523150"
"exdqlm_univar_synth","draw_123",1921,"2022-05-17","forecast","-0.697774135986116"
"exdqlm_univar_synth","draw_123",1921,"2022-05-18","forecast","-0.965222672738310"
"exdqlm_univar_synth","draw_123",1921,"2022-05-19","forecast","-0.952998823259075"
"exdqlm_univar_synth","draw_123",1921,"2022-05-20","forecast","-1.44690710625353"
"exdqlm_univar_synth","draw_123",1921,"2022-05-21","forecast","-0.742409513426413"
"exdqlm_univar_synth","draw_123",1921,"2022-05-22","forecast","-0.744264867016081"
"exdqlm_univar_synth","draw_123",1921,"2022-05-23","forecast","-0.780790778076141"
"exdqlm_univar_synth","draw_123",1921,"2022-05-24","forecast","-1.34561850853925"
"exdqlm_univar_synth","draw_123",1921,"2022-05-25","forecast","-0.743311146348379"
"exdqlm_univar_synth","draw_123",1921,"2022-05-26","forecast","-0.796833843207711"
"exdqlm_univar_synth","draw_123",1921,"2022-05-27","forecast","-0.890964369048437"
"exdqlm_univar_synth","draw_123",1921,"2022-05-28","forecast","-1.21612324058575"
"exdqlm_univar_synth","draw_123",1921,"2022-05-29","forecast","-1.06300756460485"
"exdqlm_univar_synth","draw_123",1921,"2022-05-30","forecast","-1.11667257621297"
"exdqlm_univar_synth","draw_123",1921,"2022-05-31","forecast","-0.891819213432072"
"exdqlm_univar_synth","draw_123",1921,"2022-06-01","forecast","-0.753275925271721"
"exdqlm_univar_synth","draw_123",1921,"2022-06-02","forecast","-1.24821368039656"
"exdqlm_univar_synth","draw_123",1921,"2022-06-03","forecast","-0.854030348718877"
"exdqlm_univar_synth","draw_123",1921,"2022-06-04","forecast","-0.946173802983588"
"exdqlm_univar_synth","draw_123",1921,"2022-06-05","forecast","-0.933940558209785"
"exdqlm_univar_synth","draw_123",1921,"2022-06-06","forecast","-0.975929900189013"
"exdqlm_univar_synth","draw_123",1921,"2022-06-07","forecast","-0.682453636435318"
"exdqlm_univar_synth","draw_123",1921,"2022-06-08","forecast","-0.840762271440235"
"exdqlm_univar_synth","draw_124",1937,"2022-05-12","forecast","-0.696126414536915"
"exdqlm_univar_synth","draw_124",1937,"2022-05-13","forecast","-0.935548468265138"
"exdqlm_univar_synth","draw_124",1937,"2022-05-14","forecast","-0.829313382361131"
"exdqlm_univar_synth","draw_124",1937,"2022-05-15","forecast","-0.320032382784930"
"exdqlm_univar_synth","draw_124",1937,"2022-05-16","forecast","-0.759202993469693"
"exdqlm_univar_synth","draw_124",1937,"2022-05-17","forecast","-0.684437941190559"
"exdqlm_univar_synth","draw_124",1937,"2022-05-18","forecast","-0.601984242614675"
"exdqlm_univar_synth","draw_124",1937,"2022-05-19","forecast","-1.32128469515070"
"exdqlm_univar_synth","draw_124",1937,"2022-05-20","forecast","-1.30244241130480"
"exdqlm_univar_synth","draw_124",1937,"2022-05-21","forecast","-1.39766334784069"
"exdqlm_univar_synth","draw_124",1937,"2022-05-22","forecast","-0.644833301842763"
"exdqlm_univar_synth","draw_124",1937,"2022-05-23","forecast","-0.632476667454851"
"exdqlm_univar_synth","draw_124",1937,"2022-05-24","forecast","-0.931517334933686"
"exdqlm_univar_synth","draw_124",1937,"2022-05-25","forecast","-1.35527364708427"
"exdqlm_univar_synth","draw_124",1937,"2022-05-26","forecast","-1.38463808571090"
"exdqlm_univar_synth","draw_124",1937,"2022-05-27","forecast","-1.00809084389014"
"exdqlm_univar_synth","draw_124",1937,"2022-05-28","forecast","-1.10363978318298"
"exdqlm_univar_synth","draw_124",1937,"2022-05-29","forecast","-0.821546887198850"
"exdqlm_univar_synth","draw_124",1937,"2022-05-30","forecast","-1.34853729728224"
"exdqlm_univar_synth","draw_124",1937,"2022-05-31","forecast","-1.11412913990419"
"exdqlm_univar_synth","draw_124",1937,"2022-06-01","forecast","-0.818377166867883"
"exdqlm_univar_synth","draw_124",1937,"2022-06-02","forecast","-0.994619856976385"
"exdqlm_univar_synth","draw_124",1937,"2022-06-03","forecast","-0.839219254693194"
"exdqlm_univar_synth","draw_124",1937,"2022-06-04","forecast","-1.00573393469873"
"exdqlm_univar_synth","draw_124",1937,"2022-06-05","forecast","-0.841809684492296"
"exdqlm_univar_synth","draw_124",1937,"2022-06-06","forecast","-1.03696946648623"
"exdqlm_univar_synth","draw_124",1937,"2022-06-07","forecast","-0.681803563048003"
"exdqlm_univar_synth","draw_124",1937,"2022-06-08","forecast","-0.839993803087517"
"exdqlm_univar_synth","draw_125",1953,"2022-05-12","forecast","-0.845960472497019"
"exdqlm_univar_synth","draw_125",1953,"2022-05-13","forecast","-0.707238149159728"
"exdqlm_univar_synth","draw_125",1953,"2022-05-14","forecast","-0.678044313539298"
"exdqlm_univar_synth","draw_125",1953,"2022-05-15","forecast","-0.374864776515898"
"exdqlm_univar_synth","draw_125",1953,"2022-05-16","forecast","-0.679197642349195"
"exdqlm_univar_synth","draw_125",1953,"2022-05-17","forecast","-0.697861497153265"
"exdqlm_univar_synth","draw_125",1953,"2022-05-18","forecast","-0.519924297748099"
"exdqlm_univar_synth","draw_125",1953,"2022-05-19","forecast","-1.11658958392127"
"exdqlm_univar_synth","draw_125",1953,"2022-05-20","forecast","-0.744043975547653"
"exdqlm_univar_synth","draw_125",1953,"2022-05-21","forecast","-1.07153619365612"
"exdqlm_univar_synth","draw_125",1953,"2022-05-22","forecast","-0.939211014741028"
"exdqlm_univar_synth","draw_125",1953,"2022-05-23","forecast","-0.712826357335699"
"exdqlm_univar_synth","draw_125",1953,"2022-05-24","forecast","-0.883113004203184"
"exdqlm_univar_synth","draw_125",1953,"2022-05-25","forecast","-0.766154171125381"
"exdqlm_univar_synth","draw_125",1953,"2022-05-26","forecast","-0.769725703077944"
"exdqlm_univar_synth","draw_125",1953,"2022-05-27","forecast","-0.891240920328453"
"exdqlm_univar_synth","draw_125",1953,"2022-05-28","forecast","-1.07595298592259"
"exdqlm_univar_synth","draw_125",1953,"2022-05-29","forecast","-0.842942978911800"
"exdqlm_univar_synth","draw_125",1953,"2022-05-30","forecast","-0.776572378449191"
"exdqlm_univar_synth","draw_125",1953,"2022-05-31","forecast","-0.858009231755457"
"exdqlm_univar_synth","draw_125",1953,"2022-06-01","forecast","-0.830885545825902"
"exdqlm_univar_synth","draw_125",1953,"2022-06-02","forecast","-0.873935258672094"
"exdqlm_univar_synth","draw_125",1953,"2022-06-03","forecast","-1.29769887094004"
"exdqlm_univar_synth","draw_125",1953,"2022-06-04","forecast","-1.29525019485638"
"exdqlm_univar_synth","draw_125",1953,"2022-06-05","forecast","0"
"exdqlm_univar_synth","draw_125",1953,"2022-06-06","forecast","-1.08433713271986"
"exdqlm_univar_synth","draw_125",1953,"2022-06-07","forecast","-0.687359525518668"
"exdqlm_univar_synth","draw_125",1953,"2022-06-08","forecast","-1.24193328039621"
"exdqlm_univar_synth","draw_126",1969,"2022-05-12","forecast","-0.716141973588566"
"exdqlm_univar_synth","draw_126",1969,"2022-05-13","forecast","-0.759792444042057"
"exdqlm_univar_synth","draw_126",1969,"2022-05-14","forecast","-0.871118853034010"
"exdqlm_univar_synth","draw_126",1969,"2022-05-15","forecast","-0.619485074776821"
"exdqlm_univar_synth","draw_126",1969,"2022-05-16","forecast","-1.09070501154029"
"exdqlm_univar_synth","draw_126",1969,"2022-05-17","forecast","-1.01678324130456"
"exdqlm_univar_synth","draw_126",1969,"2022-05-18","forecast","-0.555373086529101"
"exdqlm_univar_synth","draw_126",1969,"2022-05-19","forecast","-1.04240923438028"
"exdqlm_univar_synth","draw_126",1969,"2022-05-20","forecast","-0.611808097546091"
"exdqlm_univar_synth","draw_126",1969,"2022-05-21","forecast","-0.768864017449821"
"exdqlm_univar_synth","draw_126",1969,"2022-05-22","forecast","-1.13870287112620"
"exdqlm_univar_synth","draw_126",1969,"2022-05-23","forecast","-1.04241334643212"
"exdqlm_univar_synth","draw_126",1969,"2022-05-24","forecast","-0.883529828148847"
"exdqlm_univar_synth","draw_126",1969,"2022-05-25","forecast","-0.704731083233198"
"exdqlm_univar_synth","draw_126",1969,"2022-05-26","forecast","-0.793806617204707"
"exdqlm_univar_synth","draw_126",1969,"2022-05-27","forecast","-1.34498344298440"
"exdqlm_univar_synth","draw_126",1969,"2022-05-28","forecast","-0.706340993022228"
"exdqlm_univar_synth","draw_126",1969,"2022-05-29","forecast","-0.829551196604860"
"exdqlm_univar_synth","draw_126",1969,"2022-05-30","forecast","-1.13470605344220"
"exdqlm_univar_synth","draw_126",1969,"2022-05-31","forecast","-0.814358849759616"
"exdqlm_univar_synth","draw_126",1969,"2022-06-01","forecast","-0.796723994121259"
"exdqlm_univar_synth","draw_126",1969,"2022-06-02","forecast","-1.04355881060022"
"exdqlm_univar_synth","draw_126",1969,"2022-06-03","forecast","-0.838386151858306"
"exdqlm_univar_synth","draw_126",1969,"2022-06-04","forecast","-0.952311396696421"
"exdqlm_univar_synth","draw_126",1969,"2022-06-05","forecast","-0.407425850509915"
"exdqlm_univar_synth","draw_126",1969,"2022-06-06","forecast","-0.874792632467874"
"exdqlm_univar_synth","draw_126",1969,"2022-06-07","forecast","-0.996559580376780"
"exdqlm_univar_synth","draw_126",1969,"2022-06-08","forecast","-0.526149690655064"
"exdqlm_univar_synth","draw_127",1984,"2022-05-12","forecast","-0.915761851511259"
"exdqlm_univar_synth","draw_127",1984,"2022-05-13","forecast","-0.423856747917180"
"exdqlm_univar_synth","draw_127",1984,"2022-05-14","forecast","-0.540191087844722"
"exdqlm_univar_synth","draw_127",1984,"2022-05-15","forecast","-0.722830331475903"
"exdqlm_univar_synth","draw_127",1984,"2022-05-16","forecast","-0.778084055314202"
"exdqlm_univar_synth","draw_127",1984,"2022-05-17","forecast","-0.699347847395737"
"exdqlm_univar_synth","draw_127",1984,"2022-05-18","forecast","-0.747480939780104"
"exdqlm_univar_synth","draw_127",1984,"2022-05-19","forecast","-0.808895863101796"
"exdqlm_univar_synth","draw_127",1984,"2022-05-20","forecast","-1.05997884446303"
"exdqlm_univar_synth","draw_127",1984,"2022-05-21","forecast","-1.04625019128723"
"exdqlm_univar_synth","draw_127",1984,"2022-05-22","forecast","-0.946793855047270"
"exdqlm_univar_synth","draw_127",1984,"2022-05-23","forecast","-0.676116629568368"
"exdqlm_univar_synth","draw_127",1984,"2022-05-24","forecast","-1.17630099028899"
"exdqlm_univar_synth","draw_127",1984,"2022-05-25","forecast","-0.682840755318974"
"exdqlm_univar_synth","draw_127",1984,"2022-05-26","forecast","-0.796253317839037"
"exdqlm_univar_synth","draw_127",1984,"2022-05-27","forecast","-0.894231734069919"
"exdqlm_univar_synth","draw_127",1984,"2022-05-28","forecast","-0.882819789003908"
"exdqlm_univar_synth","draw_127",1984,"2022-05-29","forecast","-0.855282130973514"
"exdqlm_univar_synth","draw_127",1984,"2022-05-30","forecast","-1.06915421105846"
"exdqlm_univar_synth","draw_127",1984,"2022-05-31","forecast","-1.12561990437224"
"exdqlm_univar_synth","draw_127",1984,"2022-06-01","forecast","-0.818044737458571"
"exdqlm_univar_synth","draw_127",1984,"2022-06-02","forecast","-1.15214071024088"
"exdqlm_univar_synth","draw_127",1984,"2022-06-03","forecast","-1.11387609848357"
"exdqlm_univar_synth","draw_127",1984,"2022-06-04","forecast","-0.947172470655529"
"exdqlm_univar_synth","draw_127",1984,"2022-06-05","forecast","-0.822415011248833"
"exdqlm_univar_synth","draw_127",1984,"2022-06-06","forecast","-1.45461954956384"
"exdqlm_univar_synth","draw_127",1984,"2022-06-07","forecast","-0.703286505779804"
"exdqlm_univar_synth","draw_127",1984,"2022-06-08","forecast","-1.25535867588079"
"exdqlm_univar_synth","draw_128",2000,"2022-05-12","forecast","-0.680769663722844"
"exdqlm_univar_synth","draw_128",2000,"2022-05-13","forecast","-0.818551404135678"
"exdqlm_univar_synth","draw_128",2000,"2022-05-14","forecast","-0.544028883580230"
"exdqlm_univar_synth","draw_128",2000,"2022-05-15","forecast","-0.786322081574053"
"exdqlm_univar_synth","draw_128",2000,"2022-05-16","forecast","-1.06197997916031"
"exdqlm_univar_synth","draw_128",2000,"2022-05-17","forecast","-0.993703641337287"
"exdqlm_univar_synth","draw_128",2000,"2022-05-18","forecast","-1.06404724266268"
"exdqlm_univar_synth","draw_128",2000,"2022-05-19","forecast","-0.929138577344653"
"exdqlm_univar_synth","draw_128",2000,"2022-05-20","forecast","-0.717689511656414"
"exdqlm_univar_synth","draw_128",2000,"2022-05-21","forecast","-0.716536360291580"
"exdqlm_univar_synth","draw_128",2000,"2022-05-22","forecast","-0.775681815825421"
"exdqlm_univar_synth","draw_128",2000,"2022-05-23","forecast","-1.22959767203197"
"exdqlm_univar_synth","draw_128",2000,"2022-05-24","forecast","-0.736650179539825"
"exdqlm_univar_synth","draw_128",2000,"2022-05-25","forecast","-1.14300918248103"
"exdqlm_univar_synth","draw_128",2000,"2022-05-26","forecast","-1.27704480621098"
"exdqlm_univar_synth","draw_128",2000,"2022-05-27","forecast","-0.924134287855345"
"exdqlm_univar_synth","draw_128",2000,"2022-05-28","forecast","-0.825526556403123"
"exdqlm_univar_synth","draw_128",2000,"2022-05-29","forecast","-0.824000985136372"
"exdqlm_univar_synth","draw_128",2000,"2022-05-30","forecast","-0.763398448880228"
"exdqlm_univar_synth","draw_128",2000,"2022-05-31","forecast","-1.00846942791837"
"exdqlm_univar_synth","draw_128",2000,"2022-06-01","forecast","-1.27702168344823"
"exdqlm_univar_synth","draw_128",2000,"2022-06-02","forecast","-0.926706119702346"
"exdqlm_univar_synth","draw_128",2000,"2022-06-03","forecast","-0.744586270665425"
"exdqlm_univar_synth","draw_128",2000,"2022-06-04","forecast","-0.951449042492220"
"exdqlm_univar_synth","draw_128",2000,"2022-06-05","forecast","-0.953238855298314"
"exdqlm_univar_synth","draw_128",2000,"2022-06-06","forecast","-1.16871047563683"
"exdqlm_univar_synth","draw_128",2000,"2022-06-07","forecast","-1.56766797729244"
"exdqlm_univar_synth","draw_128",2000,"2022-06-08","forecast","-0.981573632591451"
