"model_id","draw_id","sample_index","date","segment","value"
"exdqlm_multivar_synth_keep","draw_001",1,"2021-01-05","history","0"
"exdqlm_multivar_synth_keep","draw_001",1,"2021-01-06","history","0.0305676316610162"
"exdqlm_multivar_synth_keep","draw_001",1,"2021-01-07","history","-0.00527248621003680"
"exdqlm_multivar_synth_keep","draw_001",1,"2021-01-08","history","-0.0886238504637359"
"exdqlm_multivar_synth_keep","draw_001",1,"2021-01-09","history","-0.0799651050594017"
"exdqlm_multivar_synth_keep","draw_001",1,"2021-01-10","history","-0.0896685171156262"
"exdqlm_multivar_synth_keep","draw_001",1,"2021-01-11","history","-0.0796075482277911"
"exdqlm_multivar_synth_keep","draw_001",1,"2021-01-12","history","-0.0708797388719171"
"exdqlm_multivar_synth_keep","draw_001",1,"2021-01-13","history","-0.0788591903427097"
"exdqlm_multivar_synth_keep","draw_001",1,"2021-01-14","history","-0.0817417372709823"
"exdqlm_multivar_synth_keep","draw_001",1,"2021-01-15","history","-0.0701904781364575"
"exdqlm_multivar_synth_keep","draw_001",1,"2021-01-16","history","-0.0873559262770022"
"exdqlm_multivar_synth_keep","draw_001",1,"2021-01-17","history","-0.0697058414609698"
"exdqlm_multivar_synth_keep","draw_001",1,"2021-01-18","history","-0.0547186773458781"
"exdqlm_multivar_synth_keep","draw_001",1,"2021-01-19","history","-0.0579591438503259"
"exdqlm_multivar_synth_keep","draw_001",1,"2021-01-20","history","-0.0765707471065110"
"exdqlm_multivar_synth_keep","draw_001",1,"2021-01-21","history","-0.0666714924322739"
"exdqlm_multivar_synth_keep","draw_001",1,"2021-01-22","history","-0.0608533745942276"
"exdqlm_multivar_synth_keep","draw_001",1,"2021-01-23","history","-0.0275968801298201"
"exdqlm_multivar_synth_keep","draw_002",17,"2021-01-05","history","0.154671332569538"
"exdqlm_multivar_synth_keep","draw_002",17,"2021-01-06","history","0.0551110653225166"
"exdqlm_multivar_synth_keep","draw_002",17,"2021-01-07","history","0.0288908644811705"
"exdqlm_multivar_synth_keep","draw_002",17,"2021-01-08","history","-0.0111550082939015"
"exdqlm_multivar_synth_keep","draw_002",17,"2021-01-09","history","-0.0298644510903787"
"exdqlm_multivar_synth_keep","draw_002",17,"2021-01-10","history","-0.0404959543706670"
"exdqlm_multivar_synth_keep","draw_002",17,"2021-01-11","history","-0.0284026053171858"
"exdqlm_multivar_synth_keep","draw_002",17,"2021-01-12","history","-0.0280935625426837"
"exdqlm_multivar_synth_keep","draw_002",17,"2021-01-13","history","-0.0295461836158995"
"exdqlm_multivar_synth_keep","draw_002",17,"2021-01-14","history","-0.0324461421010932"
"exdqlm_multivar_synth_keep","draw_002",17,"2021-01-15","history","-0.0249133950980548"
"exdqlm_multivar_synth_keep","draw_002",17,"2021-01-16","history","-0.0190963758381151"
"exdqlm_multivar_synth_keep","draw_002",17,"2021-01-17","history","-0.0214346193546598"
"exdqlm_multivar_synth_keep","draw_002",17,"2021-01-18","history","-0.0184419690905866"
"exdqlm_multivar_synth_keep","draw_002",17,"2021-01-19","history","-0.0129650142673716"
"exdqlm_multivar_synth_keep","draw_002",17,"2021-01-20","history","-0.0183858706038044"
"exdqlm_multivar_synth_keep","draw_002",17,"2021-01-21","history","-0.0171369594297190"
"exdqlm_multivar_synth_keep","draw_002",17,"2021-01-22","history","-0.0244339895680337"
"exdqlm_multivar_synth_keep","draw_002",17,"2021-01-23","history","-0.00179720113514176"
"exdqlm_multivar_synth_keep","draw_003",32,"2021-01-05","history","0.165147470579481"
"exdqlm_multivar_synth_keep","draw_003",32,"2021-01-06","history","0.0668262065516607"
"exdqlm_multivar_synth_keep","draw_003",32,"2021-01-07","history","0.0407156919414974"
"exdqlm_multivar_synth_keep","draw_003",32,"2021-01-08","history","0.00161211512074673"
"exdqlm_multivar_synth_keep","draw_003",32,"2021-01-09","history","-0.0217237565488115"
"exdqlm_multivar_synth_keep","draw_003",32,"2021-01-10","history","-0.0154000734287238"
"exdqlm_multivar_synth_keep","draw_003",32,"2021-01-11","history","-0.0225589181659022"
"exdqlm_multivar_synth_keep","draw_003",32,"2021-01-12","history","-0.0147488822162637"
"exdqlm_multivar_synth_keep","draw_003",32,"2021-01-13","history","-0.0226410343137484"
"exdqlm_multivar_synth_keep","draw_003",32,"2021-01-14","history","-0.0216663458367893"
"exdqlm_multivar_synth_keep","draw_003",32,"2021-01-15","history","-0.0158328854100818"
"exdqlm_multivar_synth_keep","draw_003",32,"2021-01-16","history","-0.00799430500463602"
"exdqlm_multivar_synth_keep","draw_003",32,"2021-01-17","history","-0.0127181526682746"
"exdqlm_multivar_synth_keep","draw_003",32,"2021-01-18","history","-0.00653634638899491"
"exdqlm_multivar_synth_keep","draw_003",32,"2021-01-19","history","-0.00545784822932348"
"exdqlm_multivar_synth_keep","draw_003",32,"2021-01-20","history","-0.0000143987646214674"
"exdqlm_multivar_synth_keep","draw_003",32,"2021-01-21","history","-0.00807056630253773"
"exdqlm_multivar_synth_keep","draw_003",32,"2021-01-22","history","-0.00929932333815026"
"exdqlm_multivar_synth_keep","draw_003",32,"2021-01-23","history","0.00463184410960376"
"exdqlm_multivar_synth_keep","draw_004",48,"2021-01-05","history","0.181460432801131"
"exdqlm_multivar_synth_keep","draw_004",48,"2021-01-06","history","0.0735292284890657"
"exdqlm_multivar_synth_keep","draw_004",48,"2021-01-07","history","0.0525782529051078"
"exdqlm_multivar_synth_keep","draw_004",48,"2021-01-08","history","0.00921788444310890"
"exdqlm_multivar_synth_keep","draw_004",48,"2021-01-09","history","-0.0134991695358248"
"exdqlm_multivar_synth_keep","draw_004",48,"2021-01-10","history","-0.00154406931581259"
"exdqlm_multivar_synth_keep","draw_004",48,"2021-01-11","history","-0.0166496004615822"
"exdqlm_multivar_synth_keep","draw_004",48,"2021-01-12","history","-0.0122393815166106"
"exdqlm_multivar_synth_keep","draw_004",48,"2021-01-13","history","-0.00773613849319051"
"exdqlm_multivar_synth_keep","draw_004",48,"2021-01-14","history","-0.0142247283229133"
"exdqlm_multivar_synth_keep","draw_004",48,"2021-01-15","history","-0.00550334829294802"
"exdqlm_multivar_synth_keep","draw_004",48,"2021-01-16","history","-0.00366876381149582"
"exdqlm_multivar_synth_keep","draw_004",48,"2021-01-17","history","-0.000644988664050468"
"exdqlm_multivar_synth_keep","draw_004",48,"2021-01-18","history","-0.000593445042964180"
"exdqlm_multivar_synth_keep","draw_004",48,"2021-01-19","history","0.00257267005402696"
"exdqlm_multivar_synth_keep","draw_004",48,"2021-01-20","history","0.00453304358984338"
"exdqlm_multivar_synth_keep","draw_004",48,"2021-01-21","history","-0.00259313186445010"
"exdqlm_multivar_synth_keep","draw_004",48,"2021-01-22","history","-0.00297915903378706"
"exdqlm_multivar_synth_keep","draw_004",48,"2021-01-23","history","0.00795078799436412"
"exdqlm_multivar_synth_keep","draw_005",64,"2021-01-05","history","0.184820419775777"
"exdqlm_multivar_synth_keep","draw_005",64,"2021-01-06","history","0.0815290841112412"
"exdqlm_multivar_synth_keep","draw_005",64,"2021-01-07","history","0.0553865829648006"
"exdqlm_multivar_synth_keep","draw_005",64,"2021-01-08","history","0.0142570283500399"
"exdqlm_multivar_synth_keep","draw_005",64,"2021-01-09","history","-0.00492992129138137"
"exdqlm_multivar_synth_keep","draw_005",64,"2021-01-10","history","0.00242302373900579"
"exdqlm_multivar_synth_keep","draw_005",64,"2021-01-11","history","-0.00573762000227934"
"exdqlm_multivar_synth_keep","draw_005",64,"2021-01-12","history","-0.00939696531707596"
"exdqlm_multivar_synth_keep","draw_005",64,"2021-01-13","history","-0.000564107271946879"
"exdqlm_multivar_synth_keep","draw_005",64,"2021-01-14","history","-0.00712171161958493"
"exdqlm_multivar_synth_keep","draw_005",64,"2021-01-15","history","0.000518729523433000"
"exdqlm_multivar_synth_keep","draw_005",64,"2021-01-16","history","0.00123662071168803"
"exdqlm_multivar_synth_keep","draw_005",64,"2021-01-17","history","0.00370184597450145"
"exdqlm_multivar_synth_keep","draw_005",64,"2021-01-18","history","0.00507757968493893"
"exdqlm_multivar_synth_keep","draw_005",64,"2021-01-19","history","0.00843009409112238"
"exdqlm_multivar_synth_keep","draw_005",64,"2021-01-20","history","0.00870628423455750"
"exdqlm_multivar_synth_keep","draw_005",64,"2021-01-21","history","0.00337734730788559"
"exdqlm_multivar_synth_keep","draw_005",64,"2021-01-22","history","0.00212469494925019"
"exdqlm_multivar_synth_keep","draw_005",64,"2021-01-23","history","0.0130046772039145"
"exdqlm_multivar_synth_keep","draw_006",80,"2021-01-05","history","0.188511866636369"
"exdqlm_multivar_synth_keep","draw_006",80,"2021-01-06","history","0.0870918982089114"
"exdqlm_multivar_synth_keep","draw_006",80,"2021-01-07","history","0.0573679869909871"
"exdqlm_multivar_synth_keep","draw_006",80,"2021-01-08","history","0.0158115558579565"
"exdqlm_multivar_synth_keep","draw_006",80,"2021-01-09","history","0.00158379942551083"
"exdqlm_multivar_synth_keep","draw_006",80,"2021-01-10","history","0.00507566195878471"
"exdqlm_multivar_synth_keep","draw_006",80,"2021-01-11","history","0.000546865905749113"
"exdqlm_multivar_synth_keep","draw_006",80,"2021-01-12","history","-0.00658575859971066"
"exdqlm_multivar_synth_keep","draw_006",80,"2021-01-13","history","0.000812330216990505"
"exdqlm_multivar_synth_keep","draw_006",80,"2021-01-14","history","-0.00151141166883658"
"exdqlm_multivar_synth_keep","draw_006",80,"2021-01-15","history","0.00717199560823499"
"exdqlm_multivar_synth_keep","draw_006",80,"2021-01-16","history","0.00517640865506896"
"exdqlm_multivar_synth_keep","draw_006",80,"2021-01-17","history","0.00859101391666193"
"exdqlm_multivar_synth_keep","draw_006",80,"2021-01-18","history","0.00929206692174880"
"exdqlm_multivar_synth_keep","draw_006",80,"2021-01-19","history","0.0125088920198271"
"exdqlm_multivar_synth_keep","draw_006",80,"2021-01-20","history","0.0120562021310128"
"exdqlm_multivar_synth_keep","draw_006",80,"2021-01-21","history","0.00843954293198967"
"exdqlm_multivar_synth_keep","draw_006",80,"2021-01-22","history","0.00540469198190385"
"exdqlm_multivar_synth_keep","draw_006",80,"2021-01-23","history","0.0172522242594421"
"exdqlm_multivar_synth_keep","draw_007",95,"2021-01-05","history","0.192864456845063"
"exdqlm_multivar_synth_keep","draw_007",95,"2021-01-06","history","0.0895296770041143"
"exdqlm_multivar_synth_keep","draw_007",95,"2021-01-07","history","0.0622836990427528"
"exdqlm_multivar_synth_keep","draw_007",95,"2021-01-08","history","0.0196126823692652"
"exdqlm_multivar_synth_keep","draw_007",95,"2021-01-09","history","0.00399960907966224"
"exdqlm_multivar_synth_keep","draw_007",95,"2021-01-10","history","0.00904658905776429"
"exdqlm_multivar_synth_keep","draw_007",95,"2021-01-11","history","0.00426700918021294"
"exdqlm_multivar_synth_keep","draw_007",95,"2021-01-12","history","0.000256722150366234"
"exdqlm_multivar_synth_keep","draw_007",95,"2021-01-13","history","0.00265852479114288"
"exdqlm_multivar_synth_keep","draw_007",95,"2021-01-14","history","0.000273708274713245"
"exdqlm_multivar_synth_keep","draw_007",95,"2021-01-15","history","0.0110151439619658"
"exdqlm_multivar_synth_keep","draw_007",95,"2021-01-16","history","0.0107530448248561"
"exdqlm_multivar_synth_keep","draw_007",95,"2021-01-17","history","0.0126661932578648"
"exdqlm_multivar_synth_keep","draw_007",95,"2021-01-18","history","0.0124133527273084"
"exdqlm_multivar_synth_keep","draw_007",95,"2021-01-19","history","0.0152738364231937"
"exdqlm_multivar_synth_keep","draw_007",95,"2021-01-20","history","0.0147534352076154"
"exdqlm_multivar_synth_keep","draw_007",95,"2021-01-21","history","0.0123367702233136"
"exdqlm_multivar_synth_keep","draw_007",95,"2021-01-22","history","0.00849531068789458"
"exdqlm_multivar_synth_keep","draw_007",95,"2021-01-23","history","0.0193839218309216"
"exdqlm_multivar_synth_keep","draw_008",111,"2021-01-05","history","0.200926667702852"
"exdqlm_multivar_synth_keep","draw_008",111,"2021-01-06","history","0.0940870116066767"
"exdqlm_multivar_synth_keep","draw_008",111,"2021-01-07","history","0.0667364033474365"
"exdqlm_multivar_synth_keep","draw_008",111,"2021-01-08","history","0.0216070076930402"
"exdqlm_multivar_synth_keep","draw_008",111,"2021-01-09","history","0.00865372661486064"
"exdqlm_multivar_synth_keep","draw_008",111,"2021-01-10","history","0.0129025761016322"
"exdqlm_multivar_synth_keep","draw_008",111,"2021-01-11","history","0.00984687514471699"
"exdqlm_multivar_synth_keep","draw_008",111,"2021-01-12","history","0.00414683482931346"
"exdqlm_multivar_synth_keep","draw_008",111,"2021-01-13","history","0.00681940144421817"
"exdqlm_multivar_synth_keep","draw_008",111,"2021-01-14","history","0.00530487593390242"
"exdqlm_multivar_synth_keep","draw_008",111,"2021-01-15","history","0.0172012008675985"
"exdqlm_multivar_synth_keep","draw_008",111,"2021-01-16","history","0.0132756851935382"
"exdqlm_multivar_synth_keep","draw_008",111,"2021-01-17","history","0.0166811510496515"
"exdqlm_multivar_synth_keep","draw_008",111,"2021-01-18","history","0.0147365162952354"
"exdqlm_multivar_synth_keep","draw_008",111,"2021-01-19","history","0.0180630265196975"
"exdqlm_multivar_synth_keep","draw_008",111,"2021-01-20","history","0.0184705550190291"
"exdqlm_multivar_synth_keep","draw_008",111,"2021-01-21","history","0.0140410219195658"
"exdqlm_multivar_synth_keep","draw_008",111,"2021-01-22","history","0.0121334328568161"
"exdqlm_multivar_synth_keep","draw_008",111,"2021-01-23","history","0.0250322750151153"
"exdqlm_multivar_synth_keep","draw_009",127,"2021-01-05","history","0.211784241020038"
"exdqlm_multivar_synth_keep","draw_009",127,"2021-01-06","history","0.0984101615542070"
"exdqlm_multivar_synth_keep","draw_009",127,"2021-01-07","history","0.0711506903575092"
"exdqlm_multivar_synth_keep","draw_009",127,"2021-01-08","history","0.0282678735593193"
"exdqlm_multivar_synth_keep","draw_009",127,"2021-01-09","history","0.0137491916485195"
"exdqlm_multivar_synth_keep","draw_009",127,"2021-01-10","history","0.0172878118093027"
"exdqlm_multivar_synth_keep","draw_009",127,"2021-01-11","history","0.0149482306659496"
"exdqlm_multivar_synth_keep","draw_009",127,"2021-01-12","history","0.00846313470607796"
"exdqlm_multivar_synth_keep","draw_009",127,"2021-01-13","history","0.0109523360693171"
"exdqlm_multivar_synth_keep","draw_009",127,"2021-01-14","history","0.00997087925807102"
"exdqlm_multivar_synth_keep","draw_009",127,"2021-01-15","history","0.0271025722845669"
"exdqlm_multivar_synth_keep","draw_009",127,"2021-01-16","history","0.0183464409396849"
"exdqlm_multivar_synth_keep","draw_009",127,"2021-01-17","history","0.0210941833793703"
"exdqlm_multivar_synth_keep","draw_009",127,"2021-01-18","history","0.0184322406127542"
"exdqlm_multivar_synth_keep","draw_009",127,"2021-01-19","history","0.0210151266503693"
"exdqlm_multivar_synth_keep","draw_009",127,"2021-01-20","history","0.0250878892735180"
"exdqlm_multivar_synth_keep","draw_009",127,"2021-01-21","history","0.0204092406861541"
"exdqlm_multivar_synth_keep","draw_009",127,"2021-01-22","history","0.0189371301377920"
"exdqlm_multivar_synth_keep","draw_009",127,"2021-01-23","history","0.0333398966273943"
"exdqlm_multivar_synth_keep","draw_010",143,"2021-01-05","history","0.229037855765653"
"exdqlm_multivar_synth_keep","draw_010",143,"2021-01-06","history","0.105516233958403"
"exdqlm_multivar_synth_keep","draw_010",143,"2021-01-07","history","0.0766114433344256"
"exdqlm_multivar_synth_keep","draw_010",143,"2021-01-08","history","0.0341473904900375"
"exdqlm_multivar_synth_keep","draw_010",143,"2021-01-09","history","0.0203005312028247"
"exdqlm_multivar_synth_keep","draw_010",143,"2021-01-10","history","0.0236825761354995"
"exdqlm_multivar_synth_keep","draw_010",143,"2021-01-11","history","0.0176515143531872"
"exdqlm_multivar_synth_keep","draw_010",143,"2021-01-12","history","0.0132019342998457"
"exdqlm_multivar_synth_keep","draw_010",143,"2021-01-13","history","0.0175109426799117"
"exdqlm_multivar_synth_keep","draw_010",143,"2021-01-14","history","0.0161566499155941"
"exdqlm_multivar_synth_keep","draw_010",143,"2021-01-15","history","0.0320678661483075"
"exdqlm_multivar_synth_keep","draw_010",143,"2021-01-16","history","0.0216731941562701"
"exdqlm_multivar_synth_keep","draw_010",143,"2021-01-17","history","0.0258560284382419"
"exdqlm_multivar_synth_keep","draw_010",143,"2021-01-18","history","0.0232383441171828"
"exdqlm_multivar_synth_keep","draw_010",143,"2021-01-19","history","0.0285968120919039"
"exdqlm_multivar_synth_keep","draw_010",143,"2021-01-20","history","0.0300479306945973"
"exdqlm_multivar_synth_keep","draw_010",143,"2021-01-21","history","0.0249638734533410"
"exdqlm_multivar_synth_keep","draw_010",143,"2021-01-22","history","0.0230252620935120"
"exdqlm_multivar_synth_keep","draw_010",143,"2021-01-23","history","0.0417185568653331"
"exdqlm_multivar_synth_keep","draw_011",158,"2021-01-05","history","0.238186223702829"
"exdqlm_multivar_synth_keep","draw_011",158,"2021-01-06","history","0.110978873540477"
"exdqlm_multivar_synth_keep","draw_011",158,"2021-01-07","history","0.0820727450606421"
"exdqlm_multivar_synth_keep","draw_011",158,"2021-01-08","history","0.0446052530560394"
"exdqlm_multivar_synth_keep","draw_011",158,"2021-01-09","history","0.0244775896919662"
"exdqlm_multivar_synth_keep","draw_011",158,"2021-01-10","history","0.0280419491614923"
"exdqlm_multivar_synth_keep","draw_011",158,"2021-01-11","history","0.0253950146264054"
"exdqlm_multivar_synth_keep","draw_011",158,"2021-01-12","history","0.0196031614029490"
"exdqlm_multivar_synth_keep","draw_011",158,"2021-01-13","history","0.0207995810110942"
"exdqlm_multivar_synth_keep","draw_011",158,"2021-01-14","history","0.0229615600900411"
"exdqlm_multivar_synth_keep","draw_011",158,"2021-01-15","history","0.0356198425654923"
"exdqlm_multivar_synth_keep","draw_011",158,"2021-01-16","history","0.0259738502645398"
"exdqlm_multivar_synth_keep","draw_011",158,"2021-01-17","history","0.0326552997817337"
"exdqlm_multivar_synth_keep","draw_011",158,"2021-01-18","history","0.0279668513639381"
"exdqlm_multivar_synth_keep","draw_011",158,"2021-01-19","history","0.0337220170377260"
"exdqlm_multivar_synth_keep","draw_011",158,"2021-01-20","history","0.0333902675421359"
"exdqlm_multivar_synth_keep","draw_011",158,"2021-01-21","history","0.0307120376577046"
"exdqlm_multivar_synth_keep","draw_011",158,"2021-01-22","history","0.0279101339376352"
"exdqlm_multivar_synth_keep","draw_011",158,"2021-01-23","history","0.0499410573812658"
"exdqlm_multivar_synth_keep","draw_012",174,"2021-01-05","history","0.253295238606230"
"exdqlm_multivar_synth_keep","draw_012",174,"2021-01-06","history","0.116197854584892"
"exdqlm_multivar_synth_keep","draw_012",174,"2021-01-07","history","0.0896709794326601"
"exdqlm_multivar_synth_keep","draw_012",174,"2021-01-08","history","0.0492007880239567"
"exdqlm_multivar_synth_keep","draw_012",174,"2021-01-09","history","0.0288620900711650"
"exdqlm_multivar_synth_keep","draw_012",174,"2021-01-10","history","0.0321166645867844"
"exdqlm_multivar_synth_keep","draw_012",174,"2021-01-11","history","0.0300110852940447"
"exdqlm_multivar_synth_keep","draw_012",174,"2021-01-12","history","0.0264925584573470"
"exdqlm_multivar_synth_keep","draw_012",174,"2021-01-13","history","0.0256299961150617"
"exdqlm_multivar_synth_keep","draw_012",174,"2021-01-14","history","0.0287544699668335"
"exdqlm_multivar_synth_keep","draw_012",174,"2021-01-15","history","0.0432402951662530"
"exdqlm_multivar_synth_keep","draw_012",174,"2021-01-16","history","0.0308947596577526"
"exdqlm_multivar_synth_keep","draw_012",174,"2021-01-17","history","0.0368995637350529"
"exdqlm_multivar_synth_keep","draw_012",174,"2021-01-18","history","0.0338266952547922"
"exdqlm_multivar_synth_keep","draw_012",174,"2021-01-19","history","0.0389264451910150"
"exdqlm_multivar_synth_keep","draw_012",174,"2021-01-20","history","0.0405176821394408"
"exdqlm_multivar_synth_keep","draw_012",174,"2021-01-21","history","0.0337656307504461"
"exdqlm_multivar_synth_keep","draw_012",174,"2021-01-22","history","0.0365009936412304"
"exdqlm_multivar_synth_keep","draw_012",174,"2021-01-23","history","0.0584363001447079"
"exdqlm_multivar_synth_keep","draw_013",190,"2021-01-05","history","0.266624564818094"
"exdqlm_multivar_synth_keep","draw_013",190,"2021-01-06","history","0.122947323744787"
"exdqlm_multivar_synth_keep","draw_013",190,"2021-01-07","history","0.0973973953361973"
"exdqlm_multivar_synth_keep","draw_013",190,"2021-01-08","history","0.0568536889756657"
"exdqlm_multivar_synth_keep","draw_013",190,"2021-01-09","history","0.0341328874778731"
"exdqlm_multivar_synth_keep","draw_013",190,"2021-01-10","history","0.0378843444841272"
"exdqlm_multivar_synth_keep","draw_013",190,"2021-01-11","history","0.0381260637044809"
"exdqlm_multivar_synth_keep","draw_013",190,"2021-01-12","history","0.0310992113125578"
"exdqlm_multivar_synth_keep","draw_013",190,"2021-01-13","history","0.0307354134376226"
"exdqlm_multivar_synth_keep","draw_013",190,"2021-01-14","history","0.0356419018362783"
"exdqlm_multivar_synth_keep","draw_013",190,"2021-01-15","history","0.0476376643832127"
"exdqlm_multivar_synth_keep","draw_013",190,"2021-01-16","history","0.0346556416372190"
"exdqlm_multivar_synth_keep","draw_013",190,"2021-01-17","history","0.0415256461409296"
"exdqlm_multivar_synth_keep","draw_013",190,"2021-01-18","history","0.0387410646134474"
"exdqlm_multivar_synth_keep","draw_013",190,"2021-01-19","history","0.0448801467771868"
"exdqlm_multivar_synth_keep","draw_013",190,"2021-01-20","history","0.0449638202145391"
"exdqlm_multivar_synth_keep","draw_013",190,"2021-01-21","history","0.0389148685581977"
"exdqlm_multivar_synth_keep","draw_013",190,"2021-01-22","history","0.0425929901012123"
"exdqlm_multivar_synth_keep","draw_013",190,"2021-01-23","history","0.0662389533881824"
"exdqlm_multivar_synth_keep","draw_014",206,"2021-01-05","history","0.280974271836016"
"exdqlm_multivar_synth_keep","draw_014",206,"2021-01-06","history","0.132347029008970"
"exdqlm_multivar_synth_keep","draw_014",206,"2021-01-07","history","0.115636360843517"
"exdqlm_multivar_synth_keep","draw_014",206,"2021-01-08","history","0.0620861853310199"
"exdqlm_multivar_synth_keep","draw_014",206,"2021-01-09","history","0.0405857205078207"
"exdqlm_multivar_synth_keep","draw_014",206,"2021-01-10","history","0.0421758250488270"
"exdqlm_multivar_synth_keep","draw_014",206,"2021-01-11","history","0.0431955481155932"
"exdqlm_multivar_synth_keep","draw_014",206,"2021-01-12","history","0.0353739324530679"
"exdqlm_multivar_synth_keep","draw_014",206,"2021-01-13","history","0.0371718988066994"
"exdqlm_multivar_synth_keep","draw_014",206,"2021-01-14","history","0.0427754709122781"
"exdqlm_multivar_synth_keep","draw_014",206,"2021-01-15","history","0.0536094902430243"
"exdqlm_multivar_synth_keep","draw_014",206,"2021-01-16","history","0.0396300333977097"
"exdqlm_multivar_synth_keep","draw_014",206,"2021-01-17","history","0.0462947475910013"
"exdqlm_multivar_synth_keep","draw_014",206,"2021-01-18","history","0.0478993551914997"
"exdqlm_multivar_synth_keep","draw_014",206,"2021-01-19","history","0.0480639015130111"
"exdqlm_multivar_synth_keep","draw_014",206,"2021-01-20","history","0.0518991323486411"
"exdqlm_multivar_synth_keep","draw_014",206,"2021-01-21","history","0.0423121113820257"
"exdqlm_multivar_synth_keep","draw_014",206,"2021-01-22","history","0.0494104689611425"
"exdqlm_multivar_synth_keep","draw_014",206,"2021-01-23","history","0.0720946015650822"
"exdqlm_multivar_synth_keep","draw_015",221,"2021-01-05","history","0.290377519536798"
"exdqlm_multivar_synth_keep","draw_015",221,"2021-01-06","history","0.140079215418298"
"exdqlm_multivar_synth_keep","draw_015",221,"2021-01-07","history","0.120563575454347"
"exdqlm_multivar_synth_keep","draw_015",221,"2021-01-08","history","0.0684060818274563"
"exdqlm_multivar_synth_keep","draw_015",221,"2021-01-09","history","0.0457029412757594"
"exdqlm_multivar_synth_keep","draw_015",221,"2021-01-10","history","0.0478151763855188"
"exdqlm_multivar_synth_keep","draw_015",221,"2021-01-11","history","0.0473239577250393"
"exdqlm_multivar_synth_keep","draw_015",221,"2021-01-12","history","0.0421265694820591"
"exdqlm_multivar_synth_keep","draw_015",221,"2021-01-13","history","0.0414135613482227"
"exdqlm_multivar_synth_keep","draw_015",221,"2021-01-14","history","0.0465621075161151"
"exdqlm_multivar_synth_keep","draw_015",221,"2021-01-15","history","0.0587535836696847"
"exdqlm_multivar_synth_keep","draw_015",221,"2021-01-16","history","0.0449036057952448"
"exdqlm_multivar_synth_keep","draw_015",221,"2021-01-17","history","0.0537494085748879"
"exdqlm_multivar_synth_keep","draw_015",221,"2021-01-18","history","0.0518148309301516"
"exdqlm_multivar_synth_keep","draw_015",221,"2021-01-19","history","0.0519815293491143"
"exdqlm_multivar_synth_keep","draw_015",221,"2021-01-20","history","0.0581373641525435"
"exdqlm_multivar_synth_keep","draw_015",221,"2021-01-21","history","0.0467792188822328"
"exdqlm_multivar_synth_keep","draw_015",221,"2021-01-22","history","0.0549183271902970"
"exdqlm_multivar_synth_keep","draw_015",221,"2021-01-23","history","0.0797220697648277"
"exdqlm_multivar_synth_keep","draw_016",237,"2021-01-05","history","0.299152916181372"
"exdqlm_multivar_synth_keep","draw_016",237,"2021-01-06","history","0.149143530203605"
"exdqlm_multivar_synth_keep","draw_016",237,"2021-01-07","history","0.130128441978426"
"exdqlm_multivar_synth_keep","draw_016",237,"2021-01-08","history","0.0774754901282806"
"exdqlm_multivar_synth_keep","draw_016",237,"2021-01-09","history","0.0549837527121192"
"exdqlm_multivar_synth_keep","draw_016",237,"2021-01-10","history","0.0522318828399745"
"exdqlm_multivar_synth_keep","draw_016",237,"2021-01-11","history","0.0526477864694647"
"exdqlm_multivar_synth_keep","draw_016",237,"2021-01-12","history","0.0472097974046557"
"exdqlm_multivar_synth_keep","draw_016",237,"2021-01-13","history","0.0448167720311177"
"exdqlm_multivar_synth_keep","draw_016",237,"2021-01-14","history","0.0504572421858412"
"exdqlm_multivar_synth_keep","draw_016",237,"2021-01-15","history","0.0651498047881625"
"exdqlm_multivar_synth_keep","draw_016",237,"2021-01-16","history","0.0491801870172559"
"exdqlm_multivar_synth_keep","draw_016",237,"2021-01-17","history","0.0597596191067013"
"exdqlm_multivar_synth_keep","draw_016",237,"2021-01-18","history","0.0583094345989142"
"exdqlm_multivar_synth_keep","draw_016",237,"2021-01-19","history","0.0565146041209635"
"exdqlm_multivar_synth_keep","draw_016",237,"2021-01-20","history","0.0644194731523236"
"exdqlm_multivar_synth_keep","draw_016",237,"2021-01-21","history","0.0514809561589948"
"exdqlm_multivar_synth_keep","draw_016",237,"2021-01-22","history","0.0606899995246157"
"exdqlm_multivar_synth_keep","draw_016",237,"2021-01-23","history","0.0867464710772754"
"exdqlm_multivar_synth_keep","draw_017",253,"2021-01-05","history","0.305795252661624"
"exdqlm_multivar_synth_keep","draw_017",253,"2021-01-06","history","0.155847140021019"
"exdqlm_multivar_synth_keep","draw_017",253,"2021-01-07","history","0.136925429972839"
"exdqlm_multivar_synth_keep","draw_017",253,"2021-01-08","history","0.0882108368485593"
"exdqlm_multivar_synth_keep","draw_017",253,"2021-01-09","history","0.0636517065539381"
"exdqlm_multivar_synth_keep","draw_017",253,"2021-01-10","history","0.0547918705663296"
"exdqlm_multivar_synth_keep","draw_017",253,"2021-01-11","history","0.0566093803952413"
"exdqlm_multivar_synth_keep","draw_017",253,"2021-01-12","history","0.0530334660231154"
"exdqlm_multivar_synth_keep","draw_017",253,"2021-01-13","history","0.0518813337962703"
"exdqlm_multivar_synth_keep","draw_017",253,"2021-01-14","history","0.0540258248158643"
"exdqlm_multivar_synth_keep","draw_017",253,"2021-01-15","history","0.0691769147865283"
"exdqlm_multivar_synth_keep","draw_017",253,"2021-01-16","history","0.0558314045106389"
"exdqlm_multivar_synth_keep","draw_017",253,"2021-01-17","history","0.0653127260504030"
"exdqlm_multivar_synth_keep","draw_017",253,"2021-01-18","history","0.0664531551922997"
"exdqlm_multivar_synth_keep","draw_017",253,"2021-01-19","history","0.0597394186236623"
"exdqlm_multivar_synth_keep","draw_017",253,"2021-01-20","history","0.0690030913175853"
"exdqlm_multivar_synth_keep","draw_017",253,"2021-01-21","history","0.0571690402096736"
"exdqlm_multivar_synth_keep","draw_017",253,"2021-01-22","history","0.0685066350242845"
"exdqlm_multivar_synth_keep","draw_017",253,"2021-01-23","history","0.0975334437680909"
"exdqlm_multivar_synth_keep","draw_018",269,"2021-01-05","history","0.320278441497209"
"exdqlm_multivar_synth_keep","draw_018",269,"2021-01-06","history","0.164556780793315"
"exdqlm_multivar_synth_keep","draw_018",269,"2021-01-07","history","0.144768433345915"
"exdqlm_multivar_synth_keep","draw_018",269,"2021-01-08","history","0.0949188763202007"
"exdqlm_multivar_synth_keep","draw_018",269,"2021-01-09","history","0.0710532668209848"
"exdqlm_multivar_synth_keep","draw_018",269,"2021-01-10","history","0.0589727311987891"
"exdqlm_multivar_synth_keep","draw_018",269,"2021-01-11","history","0.0618223451814163"
"exdqlm_multivar_synth_keep","draw_018",269,"2021-01-12","history","0.0581734579001939"
"exdqlm_multivar_synth_keep","draw_018",269,"2021-01-13","history","0.0566809465182276"
"exdqlm_multivar_synth_keep","draw_018",269,"2021-01-14","history","0.0602714333211685"
"exdqlm_multivar_synth_keep","draw_018",269,"2021-01-15","history","0.0758851726553652"
"exdqlm_multivar_synth_keep","draw_018",269,"2021-01-16","history","0.0605225157912273"
"exdqlm_multivar_synth_keep","draw_018",269,"2021-01-17","history","0.0697525671506524"
"exdqlm_multivar_synth_keep","draw_018",269,"2021-01-18","history","0.0740338941875016"
"exdqlm_multivar_synth_keep","draw_018",269,"2021-01-19","history","0.0644528524987555"
"exdqlm_multivar_synth_keep","draw_018",269,"2021-01-20","history","0.0737019291334233"
"exdqlm_multivar_synth_keep","draw_018",269,"2021-01-21","history","0.0625926019379815"
"exdqlm_multivar_synth_keep","draw_018",269,"2021-01-22","history","0.0759408646026973"
"exdqlm_multivar_synth_keep","draw_018",269,"2021-01-23","history","0.106541946816505"
"exdqlm_multivar_synth_keep","draw_019",284,"2021-01-05","history","0.330316551343113"
"exdqlm_multivar_synth_keep","draw_019",284,"2021-01-06","history","0.171090860254217"
"exdqlm_multivar_synth_keep","draw_019",284,"2021-01-07","history","0.150656793332849"
"exdqlm_multivar_synth_keep","draw_019",284,"2021-01-08","history","0.0978760899244495"
"exdqlm_multivar_synth_keep","draw_019",284,"2021-01-09","history","0.0774534242496266"
"exdqlm_multivar_synth_keep","draw_019",284,"2021-01-10","history","0.0639781030328740"
"exdqlm_multivar_synth_keep","draw_019",284,"2021-01-11","history","0.0669392102321852"
"exdqlm_multivar_synth_keep","draw_019",284,"2021-01-12","history","0.0637512167668924"
"exdqlm_multivar_synth_keep","draw_019",284,"2021-01-13","history","0.0625321041549140"
"exdqlm_multivar_synth_keep","draw_019",284,"2021-01-14","history","0.0674671491282927"
"exdqlm_multivar_synth_keep","draw_019",284,"2021-01-15","history","0.0793973166718366"
"exdqlm_multivar_synth_keep","draw_019",284,"2021-01-16","history","0.0677551867409122"
"exdqlm_multivar_synth_keep","draw_019",284,"2021-01-17","history","0.0748162810978376"
"exdqlm_multivar_synth_keep","draw_019",284,"2021-01-18","history","0.0787130653904827"
"exdqlm_multivar_synth_keep","draw_019",284,"2021-01-19","history","0.0682252552105276"
"exdqlm_multivar_synth_keep","draw_019",284,"2021-01-20","history","0.0793154280841323"
"exdqlm_multivar_synth_keep","draw_019",284,"2021-01-21","history","0.0682331018220152"
"exdqlm_multivar_synth_keep","draw_019",284,"2021-01-22","history","0.0819270084316707"
"exdqlm_multivar_synth_keep","draw_019",284,"2021-01-23","history","0.117776785956671"
"exdqlm_multivar_synth_keep","draw_020",300,"2021-01-05","history","0.339510333016128"
"exdqlm_multivar_synth_keep","draw_020",300,"2021-01-06","history","0.176336418453109"
"exdqlm_multivar_synth_keep","draw_020",300,"2021-01-07","history","0.157962703407862"
"exdqlm_multivar_synth_keep","draw_020",300,"2021-01-08","history","0.103443838571887"
"exdqlm_multivar_synth_keep","draw_020",300,"2021-01-09","history","0.0839044201425313"
"exdqlm_multivar_synth_keep","draw_020",300,"2021-01-10","history","0.0687918641621828"
"exdqlm_multivar_synth_keep","draw_020",300,"2021-01-11","history","0.0719520897873805"
"exdqlm_multivar_synth_keep","draw_020",300,"2021-01-12","history","0.0718482759759644"
"exdqlm_multivar_synth_keep","draw_020",300,"2021-01-13","history","0.0686892991946675"
"exdqlm_multivar_synth_keep","draw_020",300,"2021-01-14","history","0.0710227022432027"
"exdqlm_multivar_synth_keep","draw_020",300,"2021-01-15","history","0.0832524376875829"
"exdqlm_multivar_synth_keep","draw_020",300,"2021-01-16","history","0.0719110184242509"
"exdqlm_multivar_synth_keep","draw_020",300,"2021-01-17","history","0.0799272106003138"
"exdqlm_multivar_synth_keep","draw_020",300,"2021-01-18","history","0.0829430790984295"
"exdqlm_multivar_synth_keep","draw_020",300,"2021-01-19","history","0.0732303640984360"
"exdqlm_multivar_synth_keep","draw_020",300,"2021-01-20","history","0.0842439831573409"
"exdqlm_multivar_synth_keep","draw_020",300,"2021-01-21","history","0.0736894734977111"
"exdqlm_multivar_synth_keep","draw_020",300,"2021-01-22","history","0.0899751219009662"
"exdqlm_multivar_synth_keep","draw_020",300,"2021-01-23","history","0.123670377749382"
"exdqlm_multivar_synth_keep","draw_021",316,"2021-01-05","history","0.353389116445543"
"exdqlm_multivar_synth_keep","draw_021",316,"2021-01-06","history","0.181808813529755"
"exdqlm_multivar_synth_keep","draw_021",316,"2021-01-07","history","0.163878872935654"
"exdqlm_multivar_synth_keep","draw_021",316,"2021-01-08","history","0.109147712226191"
"exdqlm_multivar_synth_keep","draw_021",316,"2021-01-09","history","0.0935388223140843"
"exdqlm_multivar_synth_keep","draw_021",316,"2021-01-10","history","0.0741116672189195"
"exdqlm_multivar_synth_keep","draw_021",316,"2021-01-11","history","0.0764691838560325"
"exdqlm_multivar_synth_keep","draw_021",316,"2021-01-12","history","0.0784317927520671"
"exdqlm_multivar_synth_keep","draw_021",316,"2021-01-13","history","0.0777758221291840"
"exdqlm_multivar_synth_keep","draw_021",316,"2021-01-14","history","0.0746918128786235"
"exdqlm_multivar_synth_keep","draw_021",316,"2021-01-15","history","0.0872975116308779"
"exdqlm_multivar_synth_keep","draw_021",316,"2021-01-16","history","0.0786736890181414"
"exdqlm_multivar_synth_keep","draw_021",316,"2021-01-17","history","0.0830965993245529"
"exdqlm_multivar_synth_keep","draw_021",316,"2021-01-18","history","0.0875431440878712"
"exdqlm_multivar_synth_keep","draw_021",316,"2021-01-19","history","0.0765111183793289"
"exdqlm_multivar_synth_keep","draw_021",316,"2021-01-20","history","0.0873532891550063"
"exdqlm_multivar_synth_keep","draw_021",316,"2021-01-21","history","0.0761643592406989"
"exdqlm_multivar_synth_keep","draw_021",316,"2021-01-22","history","0.0966405268859708"
"exdqlm_multivar_synth_keep","draw_021",316,"2021-01-23","history","0.132823112763683"
"exdqlm_multivar_synth_keep","draw_022",332,"2021-01-05","history","0.366486022997477"
"exdqlm_multivar_synth_keep","draw_022",332,"2021-01-06","history","0.188345011499070"
"exdqlm_multivar_synth_keep","draw_022",332,"2021-01-07","history","0.171928374933218"
"exdqlm_multivar_synth_keep","draw_022",332,"2021-01-08","history","0.115588363789207"
"exdqlm_multivar_synth_keep","draw_022",332,"2021-01-09","history","0.0976090007952058"
"exdqlm_multivar_synth_keep","draw_022",332,"2021-01-10","history","0.0807934588253503"
"exdqlm_multivar_synth_keep","draw_022",332,"2021-01-11","history","0.0825614959568915"
"exdqlm_multivar_synth_keep","draw_022",332,"2021-01-12","history","0.0839543649808785"
"exdqlm_multivar_synth_keep","draw_022",332,"2021-01-13","history","0.0834593545172338"
"exdqlm_multivar_synth_keep","draw_022",332,"2021-01-14","history","0.0795128439387341"
"exdqlm_multivar_synth_keep","draw_022",332,"2021-01-15","history","0.0912292993618709"
"exdqlm_multivar_synth_keep","draw_022",332,"2021-01-16","history","0.0833133738409011"
"exdqlm_multivar_synth_keep","draw_022",332,"2021-01-17","history","0.0899428158826295"
"exdqlm_multivar_synth_keep","draw_022",332,"2021-01-18","history","0.0927513942834819"
"exdqlm_multivar_synth_keep","draw_022",332,"2021-01-19","history","0.0805928788578650"
"exdqlm_multivar_synth_keep","draw_022",332,"2021-01-20","history","0.0944355090630418"
"exdqlm_multivar_synth_keep","draw_022",332,"2021-01-21","history","0.0832088319035021"
"exdqlm_multivar_synth_keep","draw_022",332,"2021-01-22","history","0.102650744043129"
"exdqlm_multivar_synth_keep","draw_022",332,"2021-01-23","history","0.139377155879971"
"exdqlm_multivar_synth_keep","draw_023",347,"2021-01-05","history","0.373051596883308"
"exdqlm_multivar_synth_keep","draw_023",347,"2021-01-06","history","0.195385981361738"
"exdqlm_multivar_synth_keep","draw_023",347,"2021-01-07","history","0.179498278658553"
"exdqlm_multivar_synth_keep","draw_023",347,"2021-01-08","history","0.121740846557058"
"exdqlm_multivar_synth_keep","draw_023",347,"2021-01-09","history","0.105728076081701"
"exdqlm_multivar_synth_keep","draw_023",347,"2021-01-10","history","0.0858518201360156"
"exdqlm_multivar_synth_keep","draw_023",347,"2021-01-11","history","0.0900813911508259"
"exdqlm_multivar_synth_keep","draw_023",347,"2021-01-12","history","0.0897153377174280"
"exdqlm_multivar_synth_keep","draw_023",347,"2021-01-13","history","0.0898764471497550"
"exdqlm_multivar_synth_keep","draw_023",347,"2021-01-14","history","0.0825932327861625"
"exdqlm_multivar_synth_keep","draw_023",347,"2021-01-15","history","0.0967407411415892"
"exdqlm_multivar_synth_keep","draw_023",347,"2021-01-16","history","0.0859823776181192"
"exdqlm_multivar_synth_keep","draw_023",347,"2021-01-17","history","0.0935813225252191"
"exdqlm_multivar_synth_keep","draw_023",347,"2021-01-18","history","0.0970449246024863"
"exdqlm_multivar_synth_keep","draw_023",347,"2021-01-19","history","0.0877558042054982"
"exdqlm_multivar_synth_keep","draw_023",347,"2021-01-20","history","0.0985182575457295"
"exdqlm_multivar_synth_keep","draw_023",347,"2021-01-21","history","0.0893642859480230"
"exdqlm_multivar_synth_keep","draw_023",347,"2021-01-22","history","0.108905162857788"
"exdqlm_multivar_synth_keep","draw_023",347,"2021-01-23","history","0.145875713873356"
"exdqlm_multivar_synth_keep","draw_024",363,"2021-01-05","history","0.389918349253975"
"exdqlm_multivar_synth_keep","draw_024",363,"2021-01-06","history","0.203214473546566"
"exdqlm_multivar_synth_keep","draw_024",363,"2021-01-07","history","0.186541065073106"
"exdqlm_multivar_synth_keep","draw_024",363,"2021-01-08","history","0.127044972537801"
"exdqlm_multivar_synth_keep","draw_024",363,"2021-01-09","history","0.112221565827214"
"exdqlm_multivar_synth_keep","draw_024",363,"2021-01-10","history","0.0893941632600642"
"exdqlm_multivar_synth_keep","draw_024",363,"2021-01-11","history","0.0949355761258381"
"exdqlm_multivar_synth_keep","draw_024",363,"2021-01-12","history","0.0979211828125066"
"exdqlm_multivar_synth_keep","draw_024",363,"2021-01-13","history","0.0974711993221863"
"exdqlm_multivar_synth_keep","draw_024",363,"2021-01-14","history","0.0879615118538808"
"exdqlm_multivar_synth_keep","draw_024",363,"2021-01-15","history","0.101902740719680"
"exdqlm_multivar_synth_keep","draw_024",363,"2021-01-16","history","0.0918398925866747"
"exdqlm_multivar_synth_keep","draw_024",363,"2021-01-17","history","0.0962417569245178"
"exdqlm_multivar_synth_keep","draw_024",363,"2021-01-18","history","0.102542097913783"
"exdqlm_multivar_synth_keep","draw_024",363,"2021-01-19","history","0.0915183452781210"
"exdqlm_multivar_synth_keep","draw_024",363,"2021-01-20","history","0.102466759618946"
"exdqlm_multivar_synth_keep","draw_024",363,"2021-01-21","history","0.0937027834684560"
"exdqlm_multivar_synth_keep","draw_024",363,"2021-01-22","history","0.115761639075152"
"exdqlm_multivar_synth_keep","draw_024",363,"2021-01-23","history","0.153455099090901"
"exdqlm_multivar_synth_keep","draw_025",379,"2021-01-05","history","0.401810060788404"
"exdqlm_multivar_synth_keep","draw_025",379,"2021-01-06","history","0.208036754967445"
"exdqlm_multivar_synth_keep","draw_025",379,"2021-01-07","history","0.192173294144485"
"exdqlm_multivar_synth_keep","draw_025",379,"2021-01-08","history","0.132654775324657"
"exdqlm_multivar_synth_keep","draw_025",379,"2021-01-09","history","0.117948105297122"
"exdqlm_multivar_synth_keep","draw_025",379,"2021-01-10","history","0.0940473437265489"
"exdqlm_multivar_synth_keep","draw_025",379,"2021-01-11","history","0.102229453342833"
"exdqlm_multivar_synth_keep","draw_025",379,"2021-01-12","history","0.100551895156818"
"exdqlm_multivar_synth_keep","draw_025",379,"2021-01-13","history","0.104423077594535"
"exdqlm_multivar_synth_keep","draw_025",379,"2021-01-14","history","0.0933046511438231"
"exdqlm_multivar_synth_keep","draw_025",379,"2021-01-15","history","0.105944967736949"
"exdqlm_multivar_synth_keep","draw_025",379,"2021-01-16","history","0.0998562015125512"
"exdqlm_multivar_synth_keep","draw_025",379,"2021-01-17","history","0.101748527775472"
"exdqlm_multivar_synth_keep","draw_025",379,"2021-01-18","history","0.107444442230037"
"exdqlm_multivar_synth_keep","draw_025",379,"2021-01-19","history","0.0989989529746416"
"exdqlm_multivar_synth_keep","draw_025",379,"2021-01-20","history","0.108965204488386"
"exdqlm_multivar_synth_keep","draw_025",379,"2021-01-21","history","0.0984662810915521"
"exdqlm_multivar_synth_keep","draw_025",379,"2021-01-22","history","0.122259278479932"
"exdqlm_multivar_synth_keep","draw_025",379,"2021-01-23","history","0.160126751436380"
"exdqlm_multivar_synth_keep","draw_026",395,"2021-01-05","history","0.410376234279243"
"exdqlm_multivar_synth_keep","draw_026",395,"2021-01-06","history","0.212730141511588"
"exdqlm_multivar_synth_keep","draw_026",395,"2021-01-07","history","0.199920655747753"
"exdqlm_multivar_synth_keep","draw_026",395,"2021-01-08","history","0.137787395030716"
"exdqlm_multivar_synth_keep","draw_026",395,"2021-01-09","history","0.123336998851297"
"exdqlm_multivar_synth_keep","draw_026",395,"2021-01-10","history","0.0999479471208530"
"exdqlm_multivar_synth_keep","draw_026",395,"2021-01-11","history","0.110152227745949"
"exdqlm_multivar_synth_keep","draw_026",395,"2021-01-12","history","0.106916652438055"
"exdqlm_multivar_synth_keep","draw_026",395,"2021-01-13","history","0.109403743951187"
"exdqlm_multivar_synth_keep","draw_026",395,"2021-01-14","history","0.0980000557551365"
"exdqlm_multivar_synth_keep","draw_026",395,"2021-01-15","history","0.111273527579171"
"exdqlm_multivar_synth_keep","draw_026",395,"2021-01-16","history","0.104125717121801"
"exdqlm_multivar_synth_keep","draw_026",395,"2021-01-17","history","0.104942302206095"
"exdqlm_multivar_synth_keep","draw_026",395,"2021-01-18","history","0.110724321976324"
"exdqlm_multivar_synth_keep","draw_026",395,"2021-01-19","history","0.104141937941485"
"exdqlm_multivar_synth_keep","draw_026",395,"2021-01-20","history","0.114757602833462"
"exdqlm_multivar_synth_keep","draw_026",395,"2021-01-21","history","0.102930125950216"
"exdqlm_multivar_synth_keep","draw_026",395,"2021-01-22","history","0.126122649748232"
"exdqlm_multivar_synth_keep","draw_026",395,"2021-01-23","history","0.169095414588784"
"exdqlm_multivar_synth_keep","draw_027",410,"2021-01-05","history","0.421226965720319"
"exdqlm_multivar_synth_keep","draw_027",410,"2021-01-06","history","0.217846824764416"
"exdqlm_multivar_synth_keep","draw_027",410,"2021-01-07","history","0.205041641706471"
"exdqlm_multivar_synth_keep","draw_027",410,"2021-01-08","history","0.142207886362180"
"exdqlm_multivar_synth_keep","draw_027",410,"2021-01-09","history","0.131280559560628"
"exdqlm_multivar_synth_keep","draw_027",410,"2021-01-10","history","0.105685734692880"
"exdqlm_multivar_synth_keep","draw_027",410,"2021-01-11","history","0.114493529768793"
"exdqlm_multivar_synth_keep","draw_027",410,"2021-01-12","history","0.112963387244603"
"exdqlm_multivar_synth_keep","draw_027",410,"2021-01-13","history","0.112395922750281"
"exdqlm_multivar_synth_keep","draw_027",410,"2021-01-14","history","0.100922732626274"
"exdqlm_multivar_synth_keep","draw_027",410,"2021-01-15","history","0.115407650172116"
"exdqlm_multivar_synth_keep","draw_027",410,"2021-01-16","history","0.109441426374519"
"exdqlm_multivar_synth_keep","draw_027",410,"2021-01-17","history","0.109135018055422"
"exdqlm_multivar_synth_keep","draw_027",410,"2021-01-18","history","0.112854143277854"
"exdqlm_multivar_synth_keep","draw_027",410,"2021-01-19","history","0.110394875427285"
"exdqlm_multivar_synth_keep","draw_027",410,"2021-01-20","history","0.117034534940892"
"exdqlm_multivar_synth_keep","draw_027",410,"2021-01-21","history","0.107143329925967"
"exdqlm_multivar_synth_keep","draw_027",410,"2021-01-22","history","0.129328962979158"
"exdqlm_multivar_synth_keep","draw_027",410,"2021-01-23","history","0.177975224422941"
"exdqlm_multivar_synth_keep","draw_028",426,"2021-01-05","history","0.428792313086370"
"exdqlm_multivar_synth_keep","draw_028",426,"2021-01-06","history","0.226099914203779"
"exdqlm_multivar_synth_keep","draw_028",426,"2021-01-07","history","0.211949259365243"
"exdqlm_multivar_synth_keep","draw_028",426,"2021-01-08","history","0.146097330391332"
"exdqlm_multivar_synth_keep","draw_028",426,"2021-01-09","history","0.137604795844841"
"exdqlm_multivar_synth_keep","draw_028",426,"2021-01-10","history","0.110201544237784"
"exdqlm_multivar_synth_keep","draw_028",426,"2021-01-11","history","0.118184858275537"
"exdqlm_multivar_synth_keep","draw_028",426,"2021-01-12","history","0.118994177221454"
"exdqlm_multivar_synth_keep","draw_028",426,"2021-01-13","history","0.117045991166683"
"exdqlm_multivar_synth_keep","draw_028",426,"2021-01-14","history","0.107469453269067"
"exdqlm_multivar_synth_keep","draw_028",426,"2021-01-15","history","0.118759343872237"
"exdqlm_multivar_synth_keep","draw_028",426,"2021-01-16","history","0.112760379136457"
"exdqlm_multivar_synth_keep","draw_028",426,"2021-01-17","history","0.114462591822450"
"exdqlm_multivar_synth_keep","draw_028",426,"2021-01-18","history","0.115074538244186"
"exdqlm_multivar_synth_keep","draw_028",426,"2021-01-19","history","0.114157828287103"
"exdqlm_multivar_synth_keep","draw_028",426,"2021-01-20","history","0.120923281808238"
"exdqlm_multivar_synth_keep","draw_028",426,"2021-01-21","history","0.111810964272790"
"exdqlm_multivar_synth_keep","draw_028",426,"2021-01-22","history","0.132036625306268"
"exdqlm_multivar_synth_keep","draw_028",426,"2021-01-23","history","0.181812915524006"
"exdqlm_multivar_synth_keep","draw_029",442,"2021-01-05","history","0.436835476061187"
"exdqlm_multivar_synth_keep","draw_029",442,"2021-01-06","history","0.232301569716038"
"exdqlm_multivar_synth_keep","draw_029",442,"2021-01-07","history","0.219216158920093"
"exdqlm_multivar_synth_keep","draw_029",442,"2021-01-08","history","0.149997127207604"
"exdqlm_multivar_synth_keep","draw_029",442,"2021-01-09","history","0.142498753598693"
"exdqlm_multivar_synth_keep","draw_029",442,"2021-01-10","history","0.116151988485104"
"exdqlm_multivar_synth_keep","draw_029",442,"2021-01-11","history","0.122112021546490"
"exdqlm_multivar_synth_keep","draw_029",442,"2021-01-12","history","0.122345041638790"
"exdqlm_multivar_synth_keep","draw_029",442,"2021-01-13","history","0.119973050234153"
"exdqlm_multivar_synth_keep","draw_029",442,"2021-01-14","history","0.110268636882930"
"exdqlm_multivar_synth_keep","draw_029",442,"2021-01-15","history","0.123269175855064"
"exdqlm_multivar_synth_keep","draw_029",442,"2021-01-16","history","0.117298028750635"
"exdqlm_multivar_synth_keep","draw_029",442,"2021-01-17","history","0.117858129182057"
"exdqlm_multivar_synth_keep","draw_029",442,"2021-01-18","history","0.117315316538141"
"exdqlm_multivar_synth_keep","draw_029",442,"2021-01-19","history","0.115954265026491"
"exdqlm_multivar_synth_keep","draw_029",442,"2021-01-20","history","0.125311204057334"
"exdqlm_multivar_synth_keep","draw_029",442,"2021-01-21","history","0.113484939594294"
"exdqlm_multivar_synth_keep","draw_029",442,"2021-01-22","history","0.135180527269977"
"exdqlm_multivar_synth_keep","draw_029",442,"2021-01-23","history","0.186026757327296"
"exdqlm_multivar_synth_keep","draw_030",457,"2021-01-05","history","0.445356935458320"
"exdqlm_multivar_synth_keep","draw_030",457,"2021-01-06","history","0.237685941066510"
"exdqlm_multivar_synth_keep","draw_030",457,"2021-01-07","history","0.226644381588821"
"exdqlm_multivar_synth_keep","draw_030",457,"2021-01-08","history","0.155214842952269"
"exdqlm_multivar_synth_keep","draw_030",457,"2021-01-09","history","0.146580253472101"
"exdqlm_multivar_synth_keep","draw_030",457,"2021-01-10","history","0.121370628959405"
"exdqlm_multivar_synth_keep","draw_030",457,"2021-01-11","history","0.125096507876586"
"exdqlm_multivar_synth_keep","draw_030",457,"2021-01-12","history","0.125701232498750"
"exdqlm_multivar_synth_keep","draw_030",457,"2021-01-13","history","0.121630625436979"
"exdqlm_multivar_synth_keep","draw_030",457,"2021-01-14","history","0.113328749003602"
"exdqlm_multivar_synth_keep","draw_030",457,"2021-01-15","history","0.126036751429609"
"exdqlm_multivar_synth_keep","draw_030",457,"2021-01-16","history","0.120364916428084"
"exdqlm_multivar_synth_keep","draw_030",457,"2021-01-17","history","0.122214270559698"
"exdqlm_multivar_synth_keep","draw_030",457,"2021-01-18","history","0.119290612424228"
"exdqlm_multivar_synth_keep","draw_030",457,"2021-01-19","history","0.119083864622894"
"exdqlm_multivar_synth_keep","draw_030",457,"2021-01-20","history","0.128311477808593"
"exdqlm_multivar_synth_keep","draw_030",457,"2021-01-21","history","0.116381297869062"
"exdqlm_multivar_synth_keep","draw_030",457,"2021-01-22","history","0.138959224249814"
"exdqlm_multivar_synth_keep","draw_030",457,"2021-01-23","history","0.190881911450222"
"exdqlm_multivar_synth_keep","draw_031",473,"2021-01-05","history","0.458821023561811"
"exdqlm_multivar_synth_keep","draw_031",473,"2021-01-06","history","0.243910334736733"
"exdqlm_multivar_synth_keep","draw_031",473,"2021-01-07","history","0.234723155232420"
"exdqlm_multivar_synth_keep","draw_031",473,"2021-01-08","history","0.158307662219052"
"exdqlm_multivar_synth_keep","draw_031",473,"2021-01-09","history","0.149584664708340"
"exdqlm_multivar_synth_keep","draw_031",473,"2021-01-10","history","0.124879195241998"
"exdqlm_multivar_synth_keep","draw_031",473,"2021-01-11","history","0.128853503848562"
"exdqlm_multivar_synth_keep","draw_031",473,"2021-01-12","history","0.129318075471530"
"exdqlm_multivar_synth_keep","draw_031",473,"2021-01-13","history","0.125864876676972"
"exdqlm_multivar_synth_keep","draw_031",473,"2021-01-14","history","0.116404458296959"
"exdqlm_multivar_synth_keep","draw_031",473,"2021-01-15","history","0.130566862848178"
"exdqlm_multivar_synth_keep","draw_031",473,"2021-01-16","history","0.124585343965660"
"exdqlm_multivar_synth_keep","draw_031",473,"2021-01-17","history","0.127477385000227"
"exdqlm_multivar_synth_keep","draw_031",473,"2021-01-18","history","0.123930026000347"
"exdqlm_multivar_synth_keep","draw_031",473,"2021-01-19","history","0.123359250927269"
"exdqlm_multivar_synth_keep","draw_031",473,"2021-01-20","history","0.130682876514420"
"exdqlm_multivar_synth_keep","draw_031",473,"2021-01-21","history","0.118018932095865"
"exdqlm_multivar_synth_keep","draw_031",473,"2021-01-22","history","0.142375703885271"
"exdqlm_multivar_synth_keep","draw_031",473,"2021-01-23","history","0.195518538401476"
"exdqlm_multivar_synth_keep","draw_032",489,"2021-01-05","history","0.467743898318866"
"exdqlm_multivar_synth_keep","draw_032",489,"2021-01-06","history","0.250795105643823"
"exdqlm_multivar_synth_keep","draw_032",489,"2021-01-07","history","0.240395666975346"
"exdqlm_multivar_synth_keep","draw_032",489,"2021-01-08","history","0.163103428861055"
"exdqlm_multivar_synth_keep","draw_032",489,"2021-01-09","history","0.153797013163209"
"exdqlm_multivar_synth_keep","draw_032",489,"2021-01-10","history","0.131036217950568"
"exdqlm_multivar_synth_keep","draw_032",489,"2021-01-11","history","0.130992906809277"
"exdqlm_multivar_synth_keep","draw_032",489,"2021-01-12","history","0.133210932572604"
"exdqlm_multivar_synth_keep","draw_032",489,"2021-01-13","history","0.128562339858910"
"exdqlm_multivar_synth_keep","draw_032",489,"2021-01-14","history","0.120104226776710"
"exdqlm_multivar_synth_keep","draw_032",489,"2021-01-15","history","0.135884684518458"
"exdqlm_multivar_synth_keep","draw_032",489,"2021-01-16","history","0.127697373824615"
"exdqlm_multivar_synth_keep","draw_032",489,"2021-01-17","history","0.130267325593099"
"exdqlm_multivar_synth_keep","draw_032",489,"2021-01-18","history","0.127466123908631"
"exdqlm_multivar_synth_keep","draw_032",489,"2021-01-19","history","0.125522522804728"
"exdqlm_multivar_synth_keep","draw_032",489,"2021-01-20","history","0.133813646042489"
"exdqlm_multivar_synth_keep","draw_032",489,"2021-01-21","history","0.119857605868735"
"exdqlm_multivar_synth_keep","draw_032",489,"2021-01-22","history","0.144782969943872"
"exdqlm_multivar_synth_keep","draw_032",489,"2021-01-23","history","0.203457732793399"
"exdqlm_multivar_synth_keep","draw_033",505,"2021-01-05","history","0.478266010330322"
"exdqlm_multivar_synth_keep","draw_033",505,"2021-01-06","history","0.257992322829607"
"exdqlm_multivar_synth_keep","draw_033",505,"2021-01-07","history","0.251078644649571"
"exdqlm_multivar_synth_keep","draw_033",505,"2021-01-08","history","0.167801249531034"
"exdqlm_multivar_synth_keep","draw_033",505,"2021-01-09","history","0.158018367089420"
"exdqlm_multivar_synth_keep","draw_033",505,"2021-01-10","history","0.137201780133672"
"exdqlm_multivar_synth_keep","draw_033",505,"2021-01-11","history","0.137132558731757"
"exdqlm_multivar_synth_keep","draw_033",505,"2021-01-12","history","0.135939447262721"
"exdqlm_multivar_synth_keep","draw_033",505,"2021-01-13","history","0.131123328037684"
"exdqlm_multivar_synth_keep","draw_033",505,"2021-01-14","history","0.124106836151608"
"exdqlm_multivar_synth_keep","draw_033",505,"2021-01-15","history","0.141247388904139"
"exdqlm_multivar_synth_keep","draw_033",505,"2021-01-16","history","0.129721787841991"
"exdqlm_multivar_synth_keep","draw_033",505,"2021-01-17","history","0.134270438688613"
"exdqlm_multivar_synth_keep","draw_033",505,"2021-01-18","history","0.130767963330251"
"exdqlm_multivar_synth_keep","draw_033",505,"2021-01-19","history","0.129189935045043"
"exdqlm_multivar_synth_keep","draw_033",505,"2021-01-20","history","0.137593298502419"
"exdqlm_multivar_synth_keep","draw_033",505,"2021-01-21","history","0.122339115541622"
"exdqlm_multivar_synth_keep","draw_033",505,"2021-01-22","history","0.149173259924726"
"exdqlm_multivar_synth_keep","draw_033",505,"2021-01-23","history","0.210622333442751"
"exdqlm_multivar_synth_keep","draw_034",520,"2021-01-05","history","0.485820178934422"
"exdqlm_multivar_synth_keep","draw_034",520,"2021-01-06","history","0.264290841433161"
"exdqlm_multivar_synth_keep","draw_034",520,"2021-01-07","history","0.256051832036972"
"exdqlm_multivar_synth_keep","draw_034",520,"2021-01-08","history","0.173370248138551"
"exdqlm_multivar_synth_keep","draw_034",520,"2021-01-09","history","0.162038390722664"
"exdqlm_multivar_synth_keep","draw_034",520,"2021-01-10","history","0.141764231630978"
"exdqlm_multivar_synth_keep","draw_034",520,"2021-01-11","history","0.143151053848845"
"exdqlm_multivar_synth_keep","draw_034",520,"2021-01-12","history","0.138352565676003"
"exdqlm_multivar_synth_keep","draw_034",520,"2021-01-13","history","0.136545012687225"
"exdqlm_multivar_synth_keep","draw_034",520,"2021-01-14","history","0.126669421573667"
"exdqlm_multivar_synth_keep","draw_034",520,"2021-01-15","history","0.146230545548441"
"exdqlm_multivar_synth_keep","draw_034",520,"2021-01-16","history","0.134145018713273"
"exdqlm_multivar_synth_keep","draw_034",520,"2021-01-17","history","0.137208877850342"
"exdqlm_multivar_synth_keep","draw_034",520,"2021-01-18","history","0.134211249396550"
"exdqlm_multivar_synth_keep","draw_034",520,"2021-01-19","history","0.131180017578502"
"exdqlm_multivar_synth_keep","draw_034",520,"2021-01-20","history","0.139774429347580"
"exdqlm_multivar_synth_keep","draw_034",520,"2021-01-21","history","0.125432188942090"
"exdqlm_multivar_synth_keep","draw_034",520,"2021-01-22","history","0.151548959701652"
"exdqlm_multivar_synth_keep","draw_034",520,"2021-01-23","history","0.214561184705942"
"exdqlm_multivar_synth_keep","draw_035",536,"2021-01-05","history","0.497375421307198"
"exdqlm_multivar_synth_keep","draw_035",536,"2021-01-06","history","0.272475046158283"
"exdqlm_multivar_synth_keep","draw_035",536,"2021-01-07","history","0.263960705982082"
"exdqlm_multivar_synth_keep","draw_035",536,"2021-01-08","history","0.178670885385282"
"exdqlm_multivar_synth_keep","draw_035",536,"2021-01-09","history","0.166385139351082"
"exdqlm_multivar_synth_keep","draw_035",536,"2021-01-10","history","0.144366823038786"
"exdqlm_multivar_synth_keep","draw_035",536,"2021-01-11","history","0.146014809179332"
"exdqlm_multivar_synth_keep","draw_035",536,"2021-01-12","history","0.141899115178792"
"exdqlm_multivar_synth_keep","draw_035",536,"2021-01-13","history","0.139346722095540"
"exdqlm_multivar_synth_keep","draw_035",536,"2021-01-14","history","0.128825776772018"
"exdqlm_multivar_synth_keep","draw_035",536,"2021-01-15","history","0.150702323005416"
"exdqlm_multivar_synth_keep","draw_035",536,"2021-01-16","history","0.137961343071457"
"exdqlm_multivar_synth_keep","draw_035",536,"2021-01-17","history","0.141575188812780"
"exdqlm_multivar_synth_keep","draw_035",536,"2021-01-18","history","0.137872963434167"
"exdqlm_multivar_synth_keep","draw_035",536,"2021-01-19","history","0.133513478209286"
"exdqlm_multivar_synth_keep","draw_035",536,"2021-01-20","history","0.142921110802809"
"exdqlm_multivar_synth_keep","draw_035",536,"2021-01-21","history","0.128802422630942"
"exdqlm_multivar_synth_keep","draw_035",536,"2021-01-22","history","0.155496554885956"
"exdqlm_multivar_synth_keep","draw_035",536,"2021-01-23","history","0.218519818233470"
"exdqlm_multivar_synth_keep","draw_036",552,"2021-01-05","history","0.504310256297977"
"exdqlm_multivar_synth_keep","draw_036",552,"2021-01-06","history","0.278096696679480"
"exdqlm_multivar_synth_keep","draw_036",552,"2021-01-07","history","0.273652984780387"
"exdqlm_multivar_synth_keep","draw_036",552,"2021-01-08","history","0.183548484476649"
"exdqlm_multivar_synth_keep","draw_036",552,"2021-01-09","history","0.171118912363125"
"exdqlm_multivar_synth_keep","draw_036",552,"2021-01-10","history","0.147231902576544"
"exdqlm_multivar_synth_keep","draw_036",552,"2021-01-11","history","0.150814054283032"
"exdqlm_multivar_synth_keep","draw_036",552,"2021-01-12","history","0.144575009526130"
"exdqlm_multivar_synth_keep","draw_036",552,"2021-01-13","history","0.143213040611696"
"exdqlm_multivar_synth_keep","draw_036",552,"2021-01-14","history","0.133392564258983"
"exdqlm_multivar_synth_keep","draw_036",552,"2021-01-15","history","0.153561716809606"
"exdqlm_multivar_synth_keep","draw_036",552,"2021-01-16","history","0.142817031251478"
"exdqlm_multivar_synth_keep","draw_036",552,"2021-01-17","history","0.144788450064390"
"exdqlm_multivar_synth_keep","draw_036",552,"2021-01-18","history","0.139651793920783"
"exdqlm_multivar_synth_keep","draw_036",552,"2021-01-19","history","0.136054300836473"
"exdqlm_multivar_synth_keep","draw_036",552,"2021-01-20","history","0.145341407767256"
"exdqlm_multivar_synth_keep","draw_036",552,"2021-01-21","history","0.131378325260288"
"exdqlm_multivar_synth_keep","draw_036",552,"2021-01-22","history","0.158057689648929"
"exdqlm_multivar_synth_keep","draw_036",552,"2021-01-23","history","0.223368426330428"
"exdqlm_multivar_synth_keep","draw_037",568,"2021-01-05","history","0.512779942863913"
"exdqlm_multivar_synth_keep","draw_037",568,"2021-01-06","history","0.285080881870688"
"exdqlm_multivar_synth_keep","draw_037",568,"2021-01-07","history","0.282051810880359"
"exdqlm_multivar_synth_keep","draw_037",568,"2021-01-08","history","0.188256716375020"
"exdqlm_multivar_synth_keep","draw_037",568,"2021-01-09","history","0.180058853756134"
"exdqlm_multivar_synth_keep","draw_037",568,"2021-01-10","history","0.150811661452711"
"exdqlm_multivar_synth_keep","draw_037",568,"2021-01-11","history","0.154445379246837"
"exdqlm_multivar_synth_keep","draw_037",568,"2021-01-12","history","0.147951085039683"
"exdqlm_multivar_synth_keep","draw_037",568,"2021-01-13","history","0.146658742614824"
"exdqlm_multivar_synth_keep","draw_037",568,"2021-01-14","history","0.136218983682627"
"exdqlm_multivar_synth_keep","draw_037",568,"2021-01-15","history","0.158612753107213"
"exdqlm_multivar_synth_keep","draw_037",568,"2021-01-16","history","0.146135942609067"
"exdqlm_multivar_synth_keep","draw_037",568,"2021-01-17","history","0.148950408217677"
"exdqlm_multivar_synth_keep","draw_037",568,"2021-01-18","history","0.143169991472423"
"exdqlm_multivar_synth_keep","draw_037",568,"2021-01-19","history","0.139187631967088"
"exdqlm_multivar_synth_keep","draw_037",568,"2021-01-20","history","0.149538345468396"
"exdqlm_multivar_synth_keep","draw_037",568,"2021-01-21","history","0.133903481589814"
"exdqlm_multivar_synth_keep","draw_037",568,"2021-01-22","history","0.161893798835072"
"exdqlm_multivar_synth_keep","draw_037",568,"2021-01-23","history","0.228094470848735"
"exdqlm_multivar_synth_keep","draw_038",583,"2021-01-05","history","0.525298729332912"
"exdqlm_multivar_synth_keep","draw_038",583,"2021-01-06","history","0.290238296002738"
"exdqlm_multivar_synth_keep","draw_038",583,"2021-01-07","history","0.286672568192437"
"exdqlm_multivar_synth_keep","draw_038",583,"2021-01-08","history","0.193495757852030"
"exdqlm_multivar_synth_keep","draw_038",583,"2021-01-09","history","0.183064473273086"
"exdqlm_multivar_synth_keep","draw_038",583,"2021-01-10","history","0.158048192808672"
"exdqlm_multivar_synth_keep","draw_038",583,"2021-01-11","history","0.159282606206485"
"exdqlm_multivar_synth_keep","draw_038",583,"2021-01-12","history","0.153999702083391"
"exdqlm_multivar_synth_keep","draw_038",583,"2021-01-13","history","0.152053579589539"
"exdqlm_multivar_synth_keep","draw_038",583,"2021-01-14","history","0.141149530832521"
"exdqlm_multivar_synth_keep","draw_038",583,"2021-01-15","history","0.162452084024055"
"exdqlm_multivar_synth_keep","draw_038",583,"2021-01-16","history","0.150985288445066"
"exdqlm_multivar_synth_keep","draw_038",583,"2021-01-17","history","0.153576247751010"
"exdqlm_multivar_synth_keep","draw_038",583,"2021-01-18","history","0.145505845089436"
"exdqlm_multivar_synth_keep","draw_038",583,"2021-01-19","history","0.141636663859838"
"exdqlm_multivar_synth_keep","draw_038",583,"2021-01-20","history","0.152573560102010"
"exdqlm_multivar_synth_keep","draw_038",583,"2021-01-21","history","0.136027819211814"
"exdqlm_multivar_synth_keep","draw_038",583,"2021-01-22","history","0.164860656779625"
"exdqlm_multivar_synth_keep","draw_038",583,"2021-01-23","history","0.231807671724355"
"exdqlm_multivar_synth_keep","draw_039",599,"2021-01-05","history","0.536353080077769"
"exdqlm_multivar_synth_keep","draw_039",599,"2021-01-06","history","0.297611599265327"
"exdqlm_multivar_synth_keep","draw_039",599,"2021-01-07","history","0.293308708915171"
"exdqlm_multivar_synth_keep","draw_039",599,"2021-01-08","history","0.198814538736427"
"exdqlm_multivar_synth_keep","draw_039",599,"2021-01-09","history","0.190217798454681"
"exdqlm_multivar_synth_keep","draw_039",599,"2021-01-10","history","0.162486190281734"
"exdqlm_multivar_synth_keep","draw_039",599,"2021-01-11","history","0.163429460082198"
"exdqlm_multivar_synth_keep","draw_039",599,"2021-01-12","history","0.157504404538764"
"exdqlm_multivar_synth_keep","draw_039",599,"2021-01-13","history","0.155712684078790"
"exdqlm_multivar_synth_keep","draw_039",599,"2021-01-14","history","0.142288463614057"
"exdqlm_multivar_synth_keep","draw_039",599,"2021-01-15","history","0.167492146418331"
"exdqlm_multivar_synth_keep","draw_039",599,"2021-01-16","history","0.154425097910197"
"exdqlm_multivar_synth_keep","draw_039",599,"2021-01-17","history","0.156355607310955"
"exdqlm_multivar_synth_keep","draw_039",599,"2021-01-18","history","0.147819148474863"
"exdqlm_multivar_synth_keep","draw_039",599,"2021-01-19","history","0.145296954925670"
"exdqlm_multivar_synth_keep","draw_039",599,"2021-01-20","history","0.154681792659151"
"exdqlm_multivar_synth_keep","draw_039",599,"2021-01-21","history","0.138489843269246"
"exdqlm_multivar_synth_keep","draw_039",599,"2021-01-22","history","0.168086913871026"
"exdqlm_multivar_synth_keep","draw_039",599,"2021-01-23","history","0.236409298097296"
"exdqlm_multivar_synth_keep","draw_040",615,"2021-01-05","history","0.545043718874035"
"exdqlm_multivar_synth_keep","draw_040",615,"2021-01-06","history","0.305084936942039"
"exdqlm_multivar_synth_keep","draw_040",615,"2021-01-07","history","0.299981277264574"
"exdqlm_multivar_synth_keep","draw_040",615,"2021-01-08","history","0.203980093880578"
"exdqlm_multivar_synth_keep","draw_040",615,"2021-01-09","history","0.193260858858869"
"exdqlm_multivar_synth_keep","draw_040",615,"2021-01-10","history","0.166065908369409"
"exdqlm_multivar_synth_keep","draw_040",615,"2021-01-11","history","0.166780615409868"
"exdqlm_multivar_synth_keep","draw_040",615,"2021-01-12","history","0.161221627270019"
"exdqlm_multivar_synth_keep","draw_040",615,"2021-01-13","history","0.160102153140041"
"exdqlm_multivar_synth_keep","draw_040",615,"2021-01-14","history","0.144960141512286"
"exdqlm_multivar_synth_keep","draw_040",615,"2021-01-15","history","0.170694212968330"
"exdqlm_multivar_synth_keep","draw_040",615,"2021-01-16","history","0.157778719263133"
"exdqlm_multivar_synth_keep","draw_040",615,"2021-01-17","history","0.161095926189382"
"exdqlm_multivar_synth_keep","draw_040",615,"2021-01-18","history","0.150706923399259"
"exdqlm_multivar_synth_keep","draw_040",615,"2021-01-19","history","0.148835717434330"
"exdqlm_multivar_synth_keep","draw_040",615,"2021-01-20","history","0.157538228665576"
"exdqlm_multivar_synth_keep","draw_040",615,"2021-01-21","history","0.141642298144634"
"exdqlm_multivar_synth_keep","draw_040",615,"2021-01-22","history","0.170879900753189"
"exdqlm_multivar_synth_keep","draw_040",615,"2021-01-23","history","0.240763014995267"
"exdqlm_multivar_synth_keep","draw_041",631,"2021-01-05","history","0.552468055128164"
"exdqlm_multivar_synth_keep","draw_041",631,"2021-01-06","history","0.310901682263393"
"exdqlm_multivar_synth_keep","draw_041",631,"2021-01-07","history","0.306445266304790"
"exdqlm_multivar_synth_keep","draw_041",631,"2021-01-08","history","0.207638496510230"
"exdqlm_multivar_synth_keep","draw_041",631,"2021-01-09","history","0.198341636555645"
"exdqlm_multivar_synth_keep","draw_041",631,"2021-01-10","history","0.169986595805500"
"exdqlm_multivar_synth_keep","draw_041",631,"2021-01-11","history","0.169968808697247"
"exdqlm_multivar_synth_keep","draw_041",631,"2021-01-12","history","0.165308796527200"
"exdqlm_multivar_synth_keep","draw_041",631,"2021-01-13","history","0.163444647342440"
"exdqlm_multivar_synth_keep","draw_041",631,"2021-01-14","history","0.150514507893278"
"exdqlm_multivar_synth_keep","draw_041",631,"2021-01-15","history","0.173743506796294"
"exdqlm_multivar_synth_keep","draw_041",631,"2021-01-16","history","0.161651932740126"
"exdqlm_multivar_synth_keep","draw_041",631,"2021-01-17","history","0.164504591263066"
"exdqlm_multivar_synth_keep","draw_041",631,"2021-01-18","history","0.153837410484442"
"exdqlm_multivar_synth_keep","draw_041",631,"2021-01-19","history","0.152667804296648"
"exdqlm_multivar_synth_keep","draw_041",631,"2021-01-20","history","0.159470255773537"
"exdqlm_multivar_synth_keep","draw_041",631,"2021-01-21","history","0.145063621639000"
"exdqlm_multivar_synth_keep","draw_041",631,"2021-01-22","history","0.173386746381807"
"exdqlm_multivar_synth_keep","draw_041",631,"2021-01-23","history","0.246723584553989"
"exdqlm_multivar_synth_keep","draw_042",646,"2021-01-05","history","0.558340850842937"
"exdqlm_multivar_synth_keep","draw_042",646,"2021-01-06","history","0.314810025356708"
"exdqlm_multivar_synth_keep","draw_042",646,"2021-01-07","history","0.313484825201292"
"exdqlm_multivar_synth_keep","draw_042",646,"2021-01-08","history","0.213021298534840"
"exdqlm_multivar_synth_keep","draw_042",646,"2021-01-09","history","0.202534221274346"
"exdqlm_multivar_synth_keep","draw_042",646,"2021-01-10","history","0.173486083100296"
"exdqlm_multivar_synth_keep","draw_042",646,"2021-01-11","history","0.173002487633530"
"exdqlm_multivar_synth_keep","draw_042",646,"2021-01-12","history","0.167972497666110"
"exdqlm_multivar_synth_keep","draw_042",646,"2021-01-13","history","0.167691918952214"
"exdqlm_multivar_synth_keep","draw_042",646,"2021-01-14","history","0.155104502339981"
"exdqlm_multivar_synth_keep","draw_042",646,"2021-01-15","history","0.178890774288309"
"exdqlm_multivar_synth_keep","draw_042",646,"2021-01-16","history","0.164654017885519"
"exdqlm_multivar_synth_keep","draw_042",646,"2021-01-17","history","0.166688790035419"
"exdqlm_multivar_synth_keep","draw_042",646,"2021-01-18","history","0.156541032705879"
"exdqlm_multivar_synth_keep","draw_042",646,"2021-01-19","history","0.155448815345330"
"exdqlm_multivar_synth_keep","draw_042",646,"2021-01-20","history","0.162599813999807"
"exdqlm_multivar_synth_keep","draw_042",646,"2021-01-21","history","0.146243077580316"
"exdqlm_multivar_synth_keep","draw_042",646,"2021-01-22","history","0.176347712335277"
"exdqlm_multivar_synth_keep","draw_042",646,"2021-01-23","history","0.250819229316394"
"exdqlm_multivar_synth_keep","draw_043",662,"2021-01-05","history","0.564754375380611"
"exdqlm_multivar_synth_keep","draw_043",662,"2021-01-06","history","0.321204817233511"
"exdqlm_multivar_synth_keep","draw_043",662,"2021-01-07","history","0.321246333784809"
"exdqlm_multivar_synth_keep","draw_043",662,"2021-01-08","history","0.217587667205993"
"exdqlm_multivar_synth_keep","draw_043",662,"2021-01-09","history","0.207495283413129"
"exdqlm_multivar_synth_keep","draw_043",662,"2021-01-10","history","0.179974695320562"
"exdqlm_multivar_synth_keep","draw_043",662,"2021-01-11","history","0.179450676980932"
"exdqlm_multivar_synth_keep","draw_043",662,"2021-01-12","history","0.174289613473254"
"exdqlm_multivar_synth_keep","draw_043",662,"2021-01-13","history","0.172792025545985"
"exdqlm_multivar_synth_keep","draw_043",662,"2021-01-14","history","0.158517424076195"
"exdqlm_multivar_synth_keep","draw_043",662,"2021-01-15","history","0.181896358449067"
"exdqlm_multivar_synth_keep","draw_043",662,"2021-01-16","history","0.167424609330069"
"exdqlm_multivar_synth_keep","draw_043",662,"2021-01-17","history","0.170531850017516"
"exdqlm_multivar_synth_keep","draw_043",662,"2021-01-18","history","0.160506326809729"
"exdqlm_multivar_synth_keep","draw_043",662,"2021-01-19","history","0.159643468136855"
"exdqlm_multivar_synth_keep","draw_043",662,"2021-01-20","history","0.165607729188229"
"exdqlm_multivar_synth_keep","draw_043",662,"2021-01-21","history","0.148261627860219"
"exdqlm_multivar_synth_keep","draw_043",662,"2021-01-22","history","0.180555324959674"
"exdqlm_multivar_synth_keep","draw_043",662,"2021-01-23","history","0.254147418653429"
"exdqlm_multivar_synth_keep","draw_044",678,"2021-01-05","history","0.578321946160026"
"exdqlm_multivar_synth_keep","draw_044",678,"2021-01-06","history","0.326158193078016"
"exdqlm_multivar_synth_keep","draw_044",678,"2021-01-07","history","0.325196058237126"
"exdqlm_multivar_synth_keep","draw_044",678,"2021-01-08","history","0.223975848104859"
"exdqlm_multivar_synth_keep","draw_044",678,"2021-01-09","history","0.211532573848934"
"exdqlm_multivar_synth_keep","draw_044",678,"2021-01-10","history","0.182809472259491"
"exdqlm_multivar_synth_keep","draw_044",678,"2021-01-11","history","0.183729392241517"
"exdqlm_multivar_synth_keep","draw_044",678,"2021-01-12","history","0.175896421234823"
"exdqlm_multivar_synth_keep","draw_044",678,"2021-01-13","history","0.176792083442901"
"exdqlm_multivar_synth_keep","draw_044",678,"2021-01-14","history","0.162330888970622"
"exdqlm_multivar_synth_keep","draw_044",678,"2021-01-15","history","0.182339370925379"
"exdqlm_multivar_synth_keep","draw_044",678,"2021-01-16","history","0.171113630386548"
"exdqlm_multivar_synth_keep","draw_044",678,"2021-01-17","history","0.174545630254589"
"exdqlm_multivar_synth_keep","draw_044",678,"2021-01-18","history","0.162550107383187"
"exdqlm_multivar_synth_keep","draw_044",678,"2021-01-19","history","0.162539974952705"
"exdqlm_multivar_synth_keep","draw_044",678,"2021-01-20","history","0.168020832023968"
"exdqlm_multivar_synth_keep","draw_044",678,"2021-01-21","history","0.150027218750576"
"exdqlm_multivar_synth_keep","draw_044",678,"2021-01-22","history","0.182379419436769"
"exdqlm_multivar_synth_keep","draw_044",678,"2021-01-23","history","0.260586719894522"
"exdqlm_multivar_synth_keep","draw_045",694,"2021-01-05","history","0.583983377445095"
"exdqlm_multivar_synth_keep","draw_045",694,"2021-01-06","history","0.329685788140180"
"exdqlm_multivar_synth_keep","draw_045",694,"2021-01-07","history","0.331571747587512"
"exdqlm_multivar_synth_keep","draw_045",694,"2021-01-08","history","0.227638637603105"
"exdqlm_multivar_synth_keep","draw_045",694,"2021-01-09","history","0.215291203556398"
"exdqlm_multivar_synth_keep","draw_045",694,"2021-01-10","history","0.187851818430165"
"exdqlm_multivar_synth_keep","draw_045",694,"2021-01-11","history","0.188459774257451"
"exdqlm_multivar_synth_keep","draw_045",694,"2021-01-12","history","0.180626862163267"
"exdqlm_multivar_synth_keep","draw_045",694,"2021-01-13","history","0.179992836695371"
"exdqlm_multivar_synth_keep","draw_045",694,"2021-01-14","history","0.166709161846301"
"exdqlm_multivar_synth_keep","draw_045",694,"2021-01-15","history","0.183880803361672"
"exdqlm_multivar_synth_keep","draw_045",694,"2021-01-16","history","0.175195767775290"
"exdqlm_multivar_synth_keep","draw_045",694,"2021-01-17","history","0.176791865838680"
"exdqlm_multivar_synth_keep","draw_045",694,"2021-01-18","history","0.166939705537273"
"exdqlm_multivar_synth_keep","draw_045",694,"2021-01-19","history","0.165090263577214"
"exdqlm_multivar_synth_keep","draw_045",694,"2021-01-20","history","0.168899139383585"
"exdqlm_multivar_synth_keep","draw_045",694,"2021-01-21","history","0.151951387891216"
"exdqlm_multivar_synth_keep","draw_045",694,"2021-01-22","history","0.182925797472953"
"exdqlm_multivar_synth_keep","draw_045",694,"2021-01-23","history","0.265906669506476"
"exdqlm_multivar_synth_keep","draw_046",709,"2021-01-05","history","0.589723460442767"
"exdqlm_multivar_synth_keep","draw_046",709,"2021-01-06","history","0.330706692167020"
"exdqlm_multivar_synth_keep","draw_046",709,"2021-01-07","history","0.333436496270792"
"exdqlm_multivar_synth_keep","draw_046",709,"2021-01-08","history","0.230780112004249"
"exdqlm_multivar_synth_keep","draw_046",709,"2021-01-09","history","0.216864083937632"
"exdqlm_multivar_synth_keep","draw_046",709,"2021-01-10","history","0.191119992692498"
"exdqlm_multivar_synth_keep","draw_046",709,"2021-01-11","history","0.194387815925185"
"exdqlm_multivar_synth_keep","draw_046",709,"2021-01-12","history","0.184085092127777"
"exdqlm_multivar_synth_keep","draw_046",709,"2021-01-13","history","0.183848325518738"
"exdqlm_multivar_synth_keep","draw_046",709,"2021-01-14","history","0.172083893505712"
"exdqlm_multivar_synth_keep","draw_046",709,"2021-01-15","history","0.186413807425618"
"exdqlm_multivar_synth_keep","draw_046",709,"2021-01-16","history","0.178702990393413"
"exdqlm_multivar_synth_keep","draw_046",709,"2021-01-17","history","0.177231518507033"
"exdqlm_multivar_synth_keep","draw_046",709,"2021-01-18","history","0.168387641359732"
"exdqlm_multivar_synth_keep","draw_046",709,"2021-01-19","history","0.169185040356373"
"exdqlm_multivar_synth_keep","draw_046",709,"2021-01-20","history","0.169264479710998"
"exdqlm_multivar_synth_keep","draw_046",709,"2021-01-21","history","0.152907348126540"
"exdqlm_multivar_synth_keep","draw_046",709,"2021-01-22","history","0.183360568044586"
"exdqlm_multivar_synth_keep","draw_046",709,"2021-01-23","history","0.270288178226449"
"exdqlm_multivar_synth_keep","draw_047",725,"2021-01-05","history","0.593304936238615"
"exdqlm_multivar_synth_keep","draw_047",725,"2021-01-06","history","0.333265573047192"
"exdqlm_multivar_synth_keep","draw_047",725,"2021-01-07","history","0.336202359616781"
"exdqlm_multivar_synth_keep","draw_047",725,"2021-01-08","history","0.234136061047567"
"exdqlm_multivar_synth_keep","draw_047",725,"2021-01-09","history","0.219418568204788"
"exdqlm_multivar_synth_keep","draw_047",725,"2021-01-10","history","0.195491352842151"
"exdqlm_multivar_synth_keep","draw_047",725,"2021-01-11","history","0.196872255766332"
"exdqlm_multivar_synth_keep","draw_047",725,"2021-01-12","history","0.186230521425417"
"exdqlm_multivar_synth_keep","draw_047",725,"2021-01-13","history","0.185941302606950"
"exdqlm_multivar_synth_keep","draw_047",725,"2021-01-14","history","0.175046554761798"
"exdqlm_multivar_synth_keep","draw_047",725,"2021-01-15","history","0.188028749150948"
"exdqlm_multivar_synth_keep","draw_047",725,"2021-01-16","history","0.179300176345641"
"exdqlm_multivar_synth_keep","draw_047",725,"2021-01-17","history","0.178317107785080"
"exdqlm_multivar_synth_keep","draw_047",725,"2021-01-18","history","0.169146074096453"
"exdqlm_multivar_synth_keep","draw_047",725,"2021-01-19","history","0.170993099011411"
"exdqlm_multivar_synth_keep","draw_047",725,"2021-01-20","history","0.169351656103620"
"exdqlm_multivar_synth_keep","draw_047",725,"2021-01-21","history","0.155591596506018"
"exdqlm_multivar_synth_keep","draw_047",725,"2021-01-22","history","0.183880925695016"
"exdqlm_multivar_synth_keep","draw_047",725,"2021-01-23","history","0.274318402901267"
"exdqlm_multivar_synth_keep","draw_048",741,"2021-01-05","history","0.598347233195488"
"exdqlm_multivar_synth_keep","draw_048",741,"2021-01-06","history","0.337952997915931"
"exdqlm_multivar_synth_keep","draw_048",741,"2021-01-07","history","0.340205670152525"
"exdqlm_multivar_synth_keep","draw_048",741,"2021-01-08","history","0.237360752759485"
"exdqlm_multivar_synth_keep","draw_048",741,"2021-01-09","history","0.220498831767638"
"exdqlm_multivar_synth_keep","draw_048",741,"2021-01-10","history","0.198725073790789"
"exdqlm_multivar_synth_keep","draw_048",741,"2021-01-11","history","0.198573448488068"
"exdqlm_multivar_synth_keep","draw_048",741,"2021-01-12","history","0.187989081147329"
"exdqlm_multivar_synth_keep","draw_048",741,"2021-01-13","history","0.187597472646937"
"exdqlm_multivar_synth_keep","draw_048",741,"2021-01-14","history","0.176583751635709"
"exdqlm_multivar_synth_keep","draw_048",741,"2021-01-15","history","0.188880532333440"
"exdqlm_multivar_synth_keep","draw_048",741,"2021-01-16","history","0.179725059200700"
"exdqlm_multivar_synth_keep","draw_048",741,"2021-01-17","history","0.179085381499278"
"exdqlm_multivar_synth_keep","draw_048",741,"2021-01-18","history","0.169636191331863"
"exdqlm_multivar_synth_keep","draw_048",741,"2021-01-19","history","0.171503547202229"
"exdqlm_multivar_synth_keep","draw_048",741,"2021-01-20","history","0.169475367452852"
"exdqlm_multivar_synth_keep","draw_048",741,"2021-01-21","history","0.156659635355157"
"exdqlm_multivar_synth_keep","draw_048",741,"2021-01-22","history","0.184186000193622"
"exdqlm_multivar_synth_keep","draw_048",741,"2021-01-23","history","0.276763361332558"
"exdqlm_multivar_synth_keep","draw_049",757,"2021-01-05","history","0.603825284322196"
"exdqlm_multivar_synth_keep","draw_049",757,"2021-01-06","history","0.340345355158116"
"exdqlm_multivar_synth_keep","draw_049",757,"2021-01-07","history","0.344839854199791"
"exdqlm_multivar_synth_keep","draw_049",757,"2021-01-08","history","0.239832787151984"
"exdqlm_multivar_synth_keep","draw_049",757,"2021-01-09","history","0.221917295868368"
"exdqlm_multivar_synth_keep","draw_049",757,"2021-01-10","history","0.205352863730149"
"exdqlm_multivar_synth_keep","draw_049",757,"2021-01-11","history","0.201017301168044"
"exdqlm_multivar_synth_keep","draw_049",757,"2021-01-12","history","0.190654228575319"
"exdqlm_multivar_synth_keep","draw_049",757,"2021-01-13","history","0.188718668518562"
"exdqlm_multivar_synth_keep","draw_049",757,"2021-01-14","history","0.178418586923656"
"exdqlm_multivar_synth_keep","draw_049",757,"2021-01-15","history","0.189718254340618"
"exdqlm_multivar_synth_keep","draw_049",757,"2021-01-16","history","0.180532448657491"
"exdqlm_multivar_synth_keep","draw_049",757,"2021-01-17","history","0.180427975266194"
"exdqlm_multivar_synth_keep","draw_049",757,"2021-01-18","history","0.171079269320725"
"exdqlm_multivar_synth_keep","draw_049",757,"2021-01-19","history","0.171813662729027"
"exdqlm_multivar_synth_keep","draw_049",757,"2021-01-20","history","0.169919154769059"
"exdqlm_multivar_synth_keep","draw_049",757,"2021-01-21","history","0.157709666277668"
"exdqlm_multivar_synth_keep","draw_049",757,"2021-01-22","history","0.184917944490684"
"exdqlm_multivar_synth_keep","draw_049",757,"2021-01-23","history","0.279896245260403"
"exdqlm_multivar_synth_keep","draw_050",772,"2021-01-05","history","0.611314653975741"
"exdqlm_multivar_synth_keep","draw_050",772,"2021-01-06","history","0.343081015892742"
"exdqlm_multivar_synth_keep","draw_050",772,"2021-01-07","history","0.348586806661171"
"exdqlm_multivar_synth_keep","draw_050",772,"2021-01-08","history","0.242346556333251"
"exdqlm_multivar_synth_keep","draw_050",772,"2021-01-09","history","0.224743524502836"
"exdqlm_multivar_synth_keep","draw_050",772,"2021-01-10","history","0.206500831598511"
"exdqlm_multivar_synth_keep","draw_050",772,"2021-01-11","history","0.202202391674212"
"exdqlm_multivar_synth_keep","draw_050",772,"2021-01-12","history","0.192108342806196"
"exdqlm_multivar_synth_keep","draw_050",772,"2021-01-13","history","0.189742984806137"
"exdqlm_multivar_synth_keep","draw_050",772,"2021-01-14","history","0.179251654544838"
"exdqlm_multivar_synth_keep","draw_050",772,"2021-01-15","history","0.190874654110420"
"exdqlm_multivar_synth_keep","draw_050",772,"2021-01-16","history","0.180785054013717"
"exdqlm_multivar_synth_keep","draw_050",772,"2021-01-17","history","0.181350799083255"
"exdqlm_multivar_synth_keep","draw_050",772,"2021-01-18","history","0.172051049512232"
"exdqlm_multivar_synth_keep","draw_050",772,"2021-01-19","history","0.172064529513466"
"exdqlm_multivar_synth_keep","draw_050",772,"2021-01-20","history","0.170047978274413"
"exdqlm_multivar_synth_keep","draw_050",772,"2021-01-21","history","0.158095744839554"
"exdqlm_multivar_synth_keep","draw_050",772,"2021-01-22","history","0.185879024991339"
"exdqlm_multivar_synth_keep","draw_050",772,"2021-01-23","history","0.285337216233042"
"exdqlm_multivar_synth_keep","draw_051",788,"2021-01-05","history","0.616227867802443"
"exdqlm_multivar_synth_keep","draw_051",788,"2021-01-06","history","0.346993457622270"
"exdqlm_multivar_synth_keep","draw_051",788,"2021-01-07","history","0.351794863833301"
"exdqlm_multivar_synth_keep","draw_051",788,"2021-01-08","history","0.243703273028178"
"exdqlm_multivar_synth_keep","draw_051",788,"2021-01-09","history","0.225900712631547"
"exdqlm_multivar_synth_keep","draw_051",788,"2021-01-10","history","0.207879705776537"
"exdqlm_multivar_synth_keep","draw_051",788,"2021-01-11","history","0.203727379876914"
"exdqlm_multivar_synth_keep","draw_051",788,"2021-01-12","history","0.194387534747815"
"exdqlm_multivar_synth_keep","draw_051",788,"2021-01-13","history","0.191667869111889"
"exdqlm_multivar_synth_keep","draw_051",788,"2021-01-14","history","0.181931088558058"
"exdqlm_multivar_synth_keep","draw_051",788,"2021-01-15","history","0.191747436083157"
"exdqlm_multivar_synth_keep","draw_051",788,"2021-01-16","history","0.181631898710388"
"exdqlm_multivar_synth_keep","draw_051",788,"2021-01-17","history","0.182189253563429"
"exdqlm_multivar_synth_keep","draw_051",788,"2021-01-18","history","0.172349986333769"
"exdqlm_multivar_synth_keep","draw_051",788,"2021-01-19","history","0.172147411229775"
"exdqlm_multivar_synth_keep","draw_051",788,"2021-01-20","history","0.170177833531314"
"exdqlm_multivar_synth_keep","draw_051",788,"2021-01-21","history","0.159114230862970"
"exdqlm_multivar_synth_keep","draw_051",788,"2021-01-22","history","0.186216666517088"
"exdqlm_multivar_synth_keep","draw_051",788,"2021-01-23","history","0.290344751888951"
"exdqlm_multivar_synth_keep","draw_052",804,"2021-01-05","history","0.623694755257878"
"exdqlm_multivar_synth_keep","draw_052",804,"2021-01-06","history","0.350020635773877"
"exdqlm_multivar_synth_keep","draw_052",804,"2021-01-07","history","0.355243864899131"
"exdqlm_multivar_synth_keep","draw_052",804,"2021-01-08","history","0.245929005120492"
"exdqlm_multivar_synth_keep","draw_052",804,"2021-01-09","history","0.227959608762724"
"exdqlm_multivar_synth_keep","draw_052",804,"2021-01-10","history","0.209837691933734"
"exdqlm_multivar_synth_keep","draw_052",804,"2021-01-11","history","0.205750074807482"
"exdqlm_multivar_synth_keep","draw_052",804,"2021-01-12","history","0.196903369227471"
"exdqlm_multivar_synth_keep","draw_052",804,"2021-01-13","history","0.192752291238362"
"exdqlm_multivar_synth_keep","draw_052",804,"2021-01-14","history","0.183016526497947"
"exdqlm_multivar_synth_keep","draw_052",804,"2021-01-15","history","0.193082662274403"
"exdqlm_multivar_synth_keep","draw_052",804,"2021-01-16","history","0.182662712621812"
"exdqlm_multivar_synth_keep","draw_052",804,"2021-01-17","history","0.183071474221292"
"exdqlm_multivar_synth_keep","draw_052",804,"2021-01-18","history","0.173580597033358"
"exdqlm_multivar_synth_keep","draw_052",804,"2021-01-19","history","0.172332674521713"
"exdqlm_multivar_synth_keep","draw_052",804,"2021-01-20","history","0.170218383169195"
"exdqlm_multivar_synth_keep","draw_052",804,"2021-01-21","history","0.160434008826451"
"exdqlm_multivar_synth_keep","draw_052",804,"2021-01-22","history","0.186685980701948"
"exdqlm_multivar_synth_keep","draw_052",804,"2021-01-23","history","0.293361445649811"
"exdqlm_multivar_synth_keep","draw_053",819,"2021-01-05","history","0.627916489602901"
"exdqlm_multivar_synth_keep","draw_053",819,"2021-01-06","history","0.353954355100395"
"exdqlm_multivar_synth_keep","draw_053",819,"2021-01-07","history","0.357813172819912"
"exdqlm_multivar_synth_keep","draw_053",819,"2021-01-08","history","0.248838684727073"
"exdqlm_multivar_synth_keep","draw_053",819,"2021-01-09","history","0.229530008757480"
"exdqlm_multivar_synth_keep","draw_053",819,"2021-01-10","history","0.210676019733573"
"exdqlm_multivar_synth_keep","draw_053",819,"2021-01-11","history","0.207847276976288"
"exdqlm_multivar_synth_keep","draw_053",819,"2021-01-12","history","0.198690851840344"
"exdqlm_multivar_synth_keep","draw_053",819,"2021-01-13","history","0.195365232564776"
"exdqlm_multivar_synth_keep","draw_053",819,"2021-01-14","history","0.183936307449714"
"exdqlm_multivar_synth_keep","draw_053",819,"2021-01-15","history","0.193623902487203"
"exdqlm_multivar_synth_keep","draw_053",819,"2021-01-16","history","0.183518727803117"
"exdqlm_multivar_synth_keep","draw_053",819,"2021-01-17","history","0.183773298564452"
"exdqlm_multivar_synth_keep","draw_053",819,"2021-01-18","history","0.174353346052312"
"exdqlm_multivar_synth_keep","draw_053",819,"2021-01-19","history","0.172675322601266"
"exdqlm_multivar_synth_keep","draw_053",819,"2021-01-20","history","0.170259289073822"
"exdqlm_multivar_synth_keep","draw_053",819,"2021-01-21","history","0.160689946702914"
"exdqlm_multivar_synth_keep","draw_053",819,"2021-01-22","history","0.187292766601133"
"exdqlm_multivar_synth_keep","draw_053",819,"2021-01-23","history","0.296943598991982"
"exdqlm_multivar_synth_keep","draw_054",835,"2021-01-05","history","0.633792577251530"
"exdqlm_multivar_synth_keep","draw_054",835,"2021-01-06","history","0.356546026991260"
"exdqlm_multivar_synth_keep","draw_054",835,"2021-01-07","history","0.361250080301175"
"exdqlm_multivar_synth_keep","draw_054",835,"2021-01-08","history","0.250928735700477"
"exdqlm_multivar_synth_keep","draw_054",835,"2021-01-09","history","0.232591741845330"
"exdqlm_multivar_synth_keep","draw_054",835,"2021-01-10","history","0.212698074852589"
"exdqlm_multivar_synth_keep","draw_054",835,"2021-01-11","history","0.209103042719127"
"exdqlm_multivar_synth_keep","draw_054",835,"2021-01-12","history","0.201238901185447"
"exdqlm_multivar_synth_keep","draw_054",835,"2021-01-13","history","0.197547182583668"
"exdqlm_multivar_synth_keep","draw_054",835,"2021-01-14","history","0.185610149328928"
"exdqlm_multivar_synth_keep","draw_054",835,"2021-01-15","history","0.194231134213239"
"exdqlm_multivar_synth_keep","draw_054",835,"2021-01-16","history","0.184559069353800"
"exdqlm_multivar_synth_keep","draw_054",835,"2021-01-17","history","0.184266252914637"
"exdqlm_multivar_synth_keep","draw_054",835,"2021-01-18","history","0.175384852420010"
"exdqlm_multivar_synth_keep","draw_054",835,"2021-01-19","history","0.173137304654641"
"exdqlm_multivar_synth_keep","draw_054",835,"2021-01-20","history","0.170313650846065"
"exdqlm_multivar_synth_keep","draw_054",835,"2021-01-21","history","0.161315266817505"
"exdqlm_multivar_synth_keep","draw_054",835,"2021-01-22","history","0.189007124108148"
"exdqlm_multivar_synth_keep","draw_054",835,"2021-01-23","history","0.299057690490615"
"exdqlm_multivar_synth_keep","draw_055",851,"2021-01-05","history","0.643121497821574"
"exdqlm_multivar_synth_keep","draw_055",851,"2021-01-06","history","0.359219799396613"
"exdqlm_multivar_synth_keep","draw_055",851,"2021-01-07","history","0.364921597109305"
"exdqlm_multivar_synth_keep","draw_055",851,"2021-01-08","history","0.253160284137059"
"exdqlm_multivar_synth_keep","draw_055",851,"2021-01-09","history","0.234624852623495"
"exdqlm_multivar_synth_keep","draw_055",851,"2021-01-10","history","0.214209183219070"
"exdqlm_multivar_synth_keep","draw_055",851,"2021-01-11","history","0.209914652139840"
"exdqlm_multivar_synth_keep","draw_055",851,"2021-01-12","history","0.202873108279908"
"exdqlm_multivar_synth_keep","draw_055",851,"2021-01-13","history","0.198291746207074"
"exdqlm_multivar_synth_keep","draw_055",851,"2021-01-14","history","0.187459155434834"
"exdqlm_multivar_synth_keep","draw_055",851,"2021-01-15","history","0.196312617222584"
"exdqlm_multivar_synth_keep","draw_055",851,"2021-01-16","history","0.185335458016592"
"exdqlm_multivar_synth_keep","draw_055",851,"2021-01-17","history","0.185008773785940"
"exdqlm_multivar_synth_keep","draw_055",851,"2021-01-18","history","0.176766648904793"
"exdqlm_multivar_synth_keep","draw_055",851,"2021-01-19","history","0.173459737880806"
"exdqlm_multivar_synth_keep","draw_055",851,"2021-01-20","history","0.170377108996429"
"exdqlm_multivar_synth_keep","draw_055",851,"2021-01-21","history","0.161994316465307"
"exdqlm_multivar_synth_keep","draw_055",851,"2021-01-22","history","0.189749342810465"
"exdqlm_multivar_synth_keep","draw_055",851,"2021-01-23","history","0.301758577383253"
"exdqlm_multivar_synth_keep","draw_056",867,"2021-01-05","history","0.649834176265865"
"exdqlm_multivar_synth_keep","draw_056",867,"2021-01-06","history","0.361153299208722"
"exdqlm_multivar_synth_keep","draw_056",867,"2021-01-07","history","0.369483417335907"
"exdqlm_multivar_synth_keep","draw_056",867,"2021-01-08","history","0.256675090229007"
"exdqlm_multivar_synth_keep","draw_056",867,"2021-01-09","history","0.236388609071430"
"exdqlm_multivar_synth_keep","draw_056",867,"2021-01-10","history","0.217391712860226"
"exdqlm_multivar_synth_keep","draw_056",867,"2021-01-11","history","0.212354521580861"
"exdqlm_multivar_synth_keep","draw_056",867,"2021-01-12","history","0.204118937892199"
"exdqlm_multivar_synth_keep","draw_056",867,"2021-01-13","history","0.200503500927883"
"exdqlm_multivar_synth_keep","draw_056",867,"2021-01-14","history","0.189643359611856"
"exdqlm_multivar_synth_keep","draw_056",867,"2021-01-15","history","0.197005630102867"
"exdqlm_multivar_synth_keep","draw_056",867,"2021-01-16","history","0.186202600302898"
"exdqlm_multivar_synth_keep","draw_056",867,"2021-01-17","history","0.185496133485812"
"exdqlm_multivar_synth_keep","draw_056",867,"2021-01-18","history","0.177352012479852"
"exdqlm_multivar_synth_keep","draw_056",867,"2021-01-19","history","0.173794141579948"
"exdqlm_multivar_synth_keep","draw_056",867,"2021-01-20","history","0.170443661999124"
"exdqlm_multivar_synth_keep","draw_056",867,"2021-01-21","history","0.162251465663165"
"exdqlm_multivar_synth_keep","draw_056",867,"2021-01-22","history","0.190341988122052"
"exdqlm_multivar_synth_keep","draw_056",867,"2021-01-23","history","0.305115852340165"
"exdqlm_multivar_synth_keep","draw_057",882,"2021-01-05","history","0.655853415772729"
"exdqlm_multivar_synth_keep","draw_057",882,"2021-01-06","history","0.363681990776055"
"exdqlm_multivar_synth_keep","draw_057",882,"2021-01-07","history","0.372913338517548"
"exdqlm_multivar_synth_keep","draw_057",882,"2021-01-08","history","0.258511005088919"
"exdqlm_multivar_synth_keep","draw_057",882,"2021-01-09","history","0.237611331811255"
"exdqlm_multivar_synth_keep","draw_057",882,"2021-01-10","history","0.219071803207711"
"exdqlm_multivar_synth_keep","draw_057",882,"2021-01-11","history","0.214196792183343"
"exdqlm_multivar_synth_keep","draw_057",882,"2021-01-12","history","0.206231871040298"
"exdqlm_multivar_synth_keep","draw_057",882,"2021-01-13","history","0.202153273817271"
"exdqlm_multivar_synth_keep","draw_057",882,"2021-01-14","history","0.191181470887602"
"exdqlm_multivar_synth_keep","draw_057",882,"2021-01-15","history","0.197704468185696"
"exdqlm_multivar_synth_keep","draw_057",882,"2021-01-16","history","0.186805591183810"
"exdqlm_multivar_synth_keep","draw_057",882,"2021-01-17","history","0.185979493427847"
"exdqlm_multivar_synth_keep","draw_057",882,"2021-01-18","history","0.178110973116096"
"exdqlm_multivar_synth_keep","draw_057",882,"2021-01-19","history","0.174656131342577"
"exdqlm_multivar_synth_keep","draw_057",882,"2021-01-20","history","0.170843767657091"
"exdqlm_multivar_synth_keep","draw_057",882,"2021-01-21","history","0.163488309085334"
"exdqlm_multivar_synth_keep","draw_057",882,"2021-01-22","history","0.191373527617567"
"exdqlm_multivar_synth_keep","draw_057",882,"2021-01-23","history","0.308254173717968"
"exdqlm_multivar_synth_keep","draw_058",898,"2021-01-05","history","0.660652338380863"
"exdqlm_multivar_synth_keep","draw_058",898,"2021-01-06","history","0.366324755119619"
"exdqlm_multivar_synth_keep","draw_058",898,"2021-01-07","history","0.377141490549385"
"exdqlm_multivar_synth_keep","draw_058",898,"2021-01-08","history","0.260724229142308"
"exdqlm_multivar_synth_keep","draw_058",898,"2021-01-09","history","0.239904222285339"
"exdqlm_multivar_synth_keep","draw_058",898,"2021-01-10","history","0.221794247902318"
"exdqlm_multivar_synth_keep","draw_058",898,"2021-01-11","history","0.216091339028453"
"exdqlm_multivar_synth_keep","draw_058",898,"2021-01-12","history","0.207972302196701"
"exdqlm_multivar_synth_keep","draw_058",898,"2021-01-13","history","0.204025580904093"
"exdqlm_multivar_synth_keep","draw_058",898,"2021-01-14","history","0.193333816299184"
"exdqlm_multivar_synth_keep","draw_058",898,"2021-01-15","history","0.198510826374733"
"exdqlm_multivar_synth_keep","draw_058",898,"2021-01-16","history","0.187736472532530"
"exdqlm_multivar_synth_keep","draw_058",898,"2021-01-17","history","0.186532121298983"
"exdqlm_multivar_synth_keep","draw_058",898,"2021-01-18","history","0.178453619125200"
"exdqlm_multivar_synth_keep","draw_058",898,"2021-01-19","history","0.175319511876952"
"exdqlm_multivar_synth_keep","draw_058",898,"2021-01-20","history","0.171397183913831"
"exdqlm_multivar_synth_keep","draw_058",898,"2021-01-21","history","0.163691015364471"
"exdqlm_multivar_synth_keep","draw_058",898,"2021-01-22","history","0.192382883244571"
"exdqlm_multivar_synth_keep","draw_058",898,"2021-01-23","history","0.311481073781035"
"exdqlm_multivar_synth_keep","draw_059",914,"2021-01-05","history","0.664292063428025"
"exdqlm_multivar_synth_keep","draw_059",914,"2021-01-06","history","0.370136286478779"
"exdqlm_multivar_synth_keep","draw_059",914,"2021-01-07","history","0.381167846726936"
"exdqlm_multivar_synth_keep","draw_059",914,"2021-01-08","history","0.262350185049314"
"exdqlm_multivar_synth_keep","draw_059",914,"2021-01-09","history","0.241934248809073"
"exdqlm_multivar_synth_keep","draw_059",914,"2021-01-10","history","0.223275140546269"
"exdqlm_multivar_synth_keep","draw_059",914,"2021-01-11","history","0.217169509181744"
"exdqlm_multivar_synth_keep","draw_059",914,"2021-01-12","history","0.210472538978164"
"exdqlm_multivar_synth_keep","draw_059",914,"2021-01-13","history","0.206211235144252"
"exdqlm_multivar_synth_keep","draw_059",914,"2021-01-14","history","0.194542631986932"
"exdqlm_multivar_synth_keep","draw_059",914,"2021-01-15","history","0.199171305768087"
"exdqlm_multivar_synth_keep","draw_059",914,"2021-01-16","history","0.188748463776967"
"exdqlm_multivar_synth_keep","draw_059",914,"2021-01-17","history","0.187070805591158"
"exdqlm_multivar_synth_keep","draw_059",914,"2021-01-18","history","0.179783516245387"
"exdqlm_multivar_synth_keep","draw_059",914,"2021-01-19","history","0.176482084113733"
"exdqlm_multivar_synth_keep","draw_059",914,"2021-01-20","history","0.172266110942434"
"exdqlm_multivar_synth_keep","draw_059",914,"2021-01-21","history","0.164296468685800"
"exdqlm_multivar_synth_keep","draw_059",914,"2021-01-22","history","0.193333143694758"
"exdqlm_multivar_synth_keep","draw_059",914,"2021-01-23","history","0.313522114920721"
"exdqlm_multivar_synth_keep","draw_060",930,"2021-01-05","history","0.671327498272961"
"exdqlm_multivar_synth_keep","draw_060",930,"2021-01-06","history","0.373397683013607"
"exdqlm_multivar_synth_keep","draw_060",930,"2021-01-07","history","0.386392533308079"
"exdqlm_multivar_synth_keep","draw_060",930,"2021-01-08","history","0.264624660358968"
"exdqlm_multivar_synth_keep","draw_060",930,"2021-01-09","history","0.243669586010720"
"exdqlm_multivar_synth_keep","draw_060",930,"2021-01-10","history","0.225056596165224"
"exdqlm_multivar_synth_keep","draw_060",930,"2021-01-11","history","0.218551433374193"
"exdqlm_multivar_synth_keep","draw_060",930,"2021-01-12","history","0.214119669528580"
"exdqlm_multivar_synth_keep","draw_060",930,"2021-01-13","history","0.207768185300145"
"exdqlm_multivar_synth_keep","draw_060",930,"2021-01-14","history","0.197218175453155"
"exdqlm_multivar_synth_keep","draw_060",930,"2021-01-15","history","0.201145347211685"
"exdqlm_multivar_synth_keep","draw_060",930,"2021-01-16","history","0.190119574445504"
"exdqlm_multivar_synth_keep","draw_060",930,"2021-01-17","history","0.187615942094837"
"exdqlm_multivar_synth_keep","draw_060",930,"2021-01-18","history","0.180429580959143"
"exdqlm_multivar_synth_keep","draw_060",930,"2021-01-19","history","0.177197507951041"
"exdqlm_multivar_synth_keep","draw_060",930,"2021-01-20","history","0.172506420017628"
"exdqlm_multivar_synth_keep","draw_060",930,"2021-01-21","history","0.165909887659828"
"exdqlm_multivar_synth_keep","draw_060",930,"2021-01-22","history","0.193984794516601"
"exdqlm_multivar_synth_keep","draw_060",930,"2021-01-23","history","0.318870062339547"
"exdqlm_multivar_synth_keep","draw_061",945,"2021-01-05","history","0.674845639882239"
"exdqlm_multivar_synth_keep","draw_061",945,"2021-01-06","history","0.377164752078561"
"exdqlm_multivar_synth_keep","draw_061",945,"2021-01-07","history","0.389373800481581"
"exdqlm_multivar_synth_keep","draw_061",945,"2021-01-08","history","0.266392468946892"
"exdqlm_multivar_synth_keep","draw_061",945,"2021-01-09","history","0.245290385782490"
"exdqlm_multivar_synth_keep","draw_061",945,"2021-01-10","history","0.226717030737545"
"exdqlm_multivar_synth_keep","draw_061",945,"2021-01-11","history","0.219998780649590"
"exdqlm_multivar_synth_keep","draw_061",945,"2021-01-12","history","0.215402434870822"
"exdqlm_multivar_synth_keep","draw_061",945,"2021-01-13","history","0.209240041524118"
"exdqlm_multivar_synth_keep","draw_061",945,"2021-01-14","history","0.199622128326083"
"exdqlm_multivar_synth_keep","draw_061",945,"2021-01-15","history","0.201694698612189"
"exdqlm_multivar_synth_keep","draw_061",945,"2021-01-16","history","0.190831170470649"
"exdqlm_multivar_synth_keep","draw_061",945,"2021-01-17","history","0.187867928312871"
"exdqlm_multivar_synth_keep","draw_061",945,"2021-01-18","history","0.181693628052954"
"exdqlm_multivar_synth_keep","draw_061",945,"2021-01-19","history","0.177850982815122"
"exdqlm_multivar_synth_keep","draw_061",945,"2021-01-20","history","0.173727724698903"
"exdqlm_multivar_synth_keep","draw_061",945,"2021-01-21","history","0.166369827696942"
"exdqlm_multivar_synth_keep","draw_061",945,"2021-01-22","history","0.194801639360569"
"exdqlm_multivar_synth_keep","draw_061",945,"2021-01-23","history","0.321721506324338"
"exdqlm_multivar_synth_keep","draw_062",961,"2021-01-05","history","0.680702254167604"
"exdqlm_multivar_synth_keep","draw_062",961,"2021-01-06","history","0.382343538159356"
"exdqlm_multivar_synth_keep","draw_062",961,"2021-01-07","history","0.392815699385928"
"exdqlm_multivar_synth_keep","draw_062",961,"2021-01-08","history","0.267954067264592"
"exdqlm_multivar_synth_keep","draw_062",961,"2021-01-09","history","0.248538243446657"
"exdqlm_multivar_synth_keep","draw_062",961,"2021-01-10","history","0.228938208625195"
"exdqlm_multivar_synth_keep","draw_062",961,"2021-01-11","history","0.221435762280414"
"exdqlm_multivar_synth_keep","draw_062",961,"2021-01-12","history","0.216858919356713"
"exdqlm_multivar_synth_keep","draw_062",961,"2021-01-13","history","0.210597754519776"
"exdqlm_multivar_synth_keep","draw_062",961,"2021-01-14","history","0.200615911689613"
"exdqlm_multivar_synth_keep","draw_062",961,"2021-01-15","history","0.203543139391975"
"exdqlm_multivar_synth_keep","draw_062",961,"2021-01-16","history","0.192470363586087"
"exdqlm_multivar_synth_keep","draw_062",961,"2021-01-17","history","0.189097389418480"
"exdqlm_multivar_synth_keep","draw_062",961,"2021-01-18","history","0.182993362931733"
"exdqlm_multivar_synth_keep","draw_062",961,"2021-01-19","history","0.179410608041399"
"exdqlm_multivar_synth_keep","draw_062",961,"2021-01-20","history","0.175034372686580"
"exdqlm_multivar_synth_keep","draw_062",961,"2021-01-21","history","0.167463270678413"
"exdqlm_multivar_synth_keep","draw_062",961,"2021-01-22","history","0.196039244578107"
"exdqlm_multivar_synth_keep","draw_062",961,"2021-01-23","history","0.326126533227748"
"exdqlm_multivar_synth_keep","draw_063",977,"2021-01-05","history","0.685518073922070"
"exdqlm_multivar_synth_keep","draw_063",977,"2021-01-06","history","0.386378112502849"
"exdqlm_multivar_synth_keep","draw_063",977,"2021-01-07","history","0.395107664598469"
"exdqlm_multivar_synth_keep","draw_063",977,"2021-01-08","history","0.270347799281972"
"exdqlm_multivar_synth_keep","draw_063",977,"2021-01-09","history","0.249401717045628"
"exdqlm_multivar_synth_keep","draw_063",977,"2021-01-10","history","0.231101383569811"
"exdqlm_multivar_synth_keep","draw_063",977,"2021-01-11","history","0.223438972100600"
"exdqlm_multivar_synth_keep","draw_063",977,"2021-01-12","history","0.218547373843572"
"exdqlm_multivar_synth_keep","draw_063",977,"2021-01-13","history","0.212745198188707"
"exdqlm_multivar_synth_keep","draw_063",977,"2021-01-14","history","0.202443784553841"
"exdqlm_multivar_synth_keep","draw_063",977,"2021-01-15","history","0.206008991020208"
"exdqlm_multivar_synth_keep","draw_063",977,"2021-01-16","history","0.194288561923712"
"exdqlm_multivar_synth_keep","draw_063",977,"2021-01-17","history","0.189694281668907"
"exdqlm_multivar_synth_keep","draw_063",977,"2021-01-18","history","0.183251474450731"
"exdqlm_multivar_synth_keep","draw_063",977,"2021-01-19","history","0.179905092999709"
"exdqlm_multivar_synth_keep","draw_063",977,"2021-01-20","history","0.175941744846157"
"exdqlm_multivar_synth_keep","draw_063",977,"2021-01-21","history","0.168250970153001"
"exdqlm_multivar_synth_keep","draw_063",977,"2021-01-22","history","0.197052746994477"
"exdqlm_multivar_synth_keep","draw_063",977,"2021-01-23","history","0.328937267144611"
"exdqlm_multivar_synth_keep","draw_064",993,"2021-01-05","history","0.689651882313471"
"exdqlm_multivar_synth_keep","draw_064",993,"2021-01-06","history","0.393816797912001"
"exdqlm_multivar_synth_keep","draw_064",993,"2021-01-07","history","0.397647864535924"
"exdqlm_multivar_synth_keep","draw_064",993,"2021-01-08","history","0.272834803686021"
"exdqlm_multivar_synth_keep","draw_064",993,"2021-01-09","history","0.251757975897946"
"exdqlm_multivar_synth_keep","draw_064",993,"2021-01-10","history","0.233673187899121"
"exdqlm_multivar_synth_keep","draw_064",993,"2021-01-11","history","0.224928017304820"
"exdqlm_multivar_synth_keep","draw_064",993,"2021-01-12","history","0.220060913448143"
"exdqlm_multivar_synth_keep","draw_064",993,"2021-01-13","history","0.213992876698382"
"exdqlm_multivar_synth_keep","draw_064",993,"2021-01-14","history","0.203579727370708"
"exdqlm_multivar_synth_keep","draw_064",993,"2021-01-15","history","0.208612253308369"
"exdqlm_multivar_synth_keep","draw_064",993,"2021-01-16","history","0.194907886562651"
"exdqlm_multivar_synth_keep","draw_064",993,"2021-01-17","history","0.191280607334390"
"exdqlm_multivar_synth_keep","draw_064",993,"2021-01-18","history","0.183757092234114"
"exdqlm_multivar_synth_keep","draw_064",993,"2021-01-19","history","0.180036415953560"
"exdqlm_multivar_synth_keep","draw_064",993,"2021-01-20","history","0.176642205830016"
"exdqlm_multivar_synth_keep","draw_064",993,"2021-01-21","history","0.168651709919014"
"exdqlm_multivar_synth_keep","draw_064",993,"2021-01-22","history","0.197926609116508"
"exdqlm_multivar_synth_keep","draw_064",993,"2021-01-23","history","0.331659071663836"
"exdqlm_multivar_synth_keep","draw_065",1008,"2021-01-05","history","0.696351699276300"
"exdqlm_multivar_synth_keep","draw_065",1008,"2021-01-06","history","0.397440662338636"
"exdqlm_multivar_synth_keep","draw_065",1008,"2021-01-07","history","0.399517519221759"
"exdqlm_multivar_synth_keep","draw_065",1008,"2021-01-08","history","0.276190216989714"
"exdqlm_multivar_synth_keep","draw_065",1008,"2021-01-09","history","0.253895256748553"
"exdqlm_multivar_synth_keep","draw_065",1008,"2021-01-10","history","0.235434062891297"
"exdqlm_multivar_synth_keep","draw_065",1008,"2021-01-11","history","0.226166032231828"
"exdqlm_multivar_synth_keep","draw_065",1008,"2021-01-12","history","0.223328653643393"
"exdqlm_multivar_synth_keep","draw_065",1008,"2021-01-13","history","0.216631558164172"
"exdqlm_multivar_synth_keep","draw_065",1008,"2021-01-14","history","0.205298407783866"
"exdqlm_multivar_synth_keep","draw_065",1008,"2021-01-15","history","0.211606552318395"
"exdqlm_multivar_synth_keep","draw_065",1008,"2021-01-16","history","0.197088758332003"
"exdqlm_multivar_synth_keep","draw_065",1008,"2021-01-17","history","0.192501913015342"
"exdqlm_multivar_synth_keep","draw_065",1008,"2021-01-18","history","0.184478681464276"
"exdqlm_multivar_synth_keep","draw_065",1008,"2021-01-19","history","0.180329640067035"
"exdqlm_multivar_synth_keep","draw_065",1008,"2021-01-20","history","0.178282166816250"
"exdqlm_multivar_synth_keep","draw_065",1008,"2021-01-21","history","0.168724128333531"
"exdqlm_multivar_synth_keep","draw_065",1008,"2021-01-22","history","0.200983423823210"
"exdqlm_multivar_synth_keep","draw_065",1008,"2021-01-23","history","0.338143444048692"
"exdqlm_multivar_synth_keep","draw_066",1024,"2021-01-05","history","0.704876400818961"
"exdqlm_multivar_synth_keep","draw_066",1024,"2021-01-06","history","0.402331695949777"
"exdqlm_multivar_synth_keep","draw_066",1024,"2021-01-07","history","0.404598195226088"
"exdqlm_multivar_synth_keep","draw_066",1024,"2021-01-08","history","0.279897947052264"
"exdqlm_multivar_synth_keep","draw_066",1024,"2021-01-09","history","0.258894159268061"
"exdqlm_multivar_synth_keep","draw_066",1024,"2021-01-10","history","0.237417524542906"
"exdqlm_multivar_synth_keep","draw_066",1024,"2021-01-11","history","0.228801326622979"
"exdqlm_multivar_synth_keep","draw_066",1024,"2021-01-12","history","0.227409392598407"
"exdqlm_multivar_synth_keep","draw_066",1024,"2021-01-13","history","0.218421913571960"
"exdqlm_multivar_synth_keep","draw_066",1024,"2021-01-14","history","0.206013623292989"
"exdqlm_multivar_synth_keep","draw_066",1024,"2021-01-15","history","0.214624428262037"
"exdqlm_multivar_synth_keep","draw_066",1024,"2021-01-16","history","0.200532129316365"
"exdqlm_multivar_synth_keep","draw_066",1024,"2021-01-17","history","0.195291276731972"
"exdqlm_multivar_synth_keep","draw_066",1024,"2021-01-18","history","0.184983513425510"
"exdqlm_multivar_synth_keep","draw_066",1024,"2021-01-19","history","0.182293952869185"
"exdqlm_multivar_synth_keep","draw_066",1024,"2021-01-20","history","0.180199905897151"
"exdqlm_multivar_synth_keep","draw_066",1024,"2021-01-21","history","0.171636780413372"
"exdqlm_multivar_synth_keep","draw_066",1024,"2021-01-22","history","0.203443048346420"
"exdqlm_multivar_synth_keep","draw_066",1024,"2021-01-23","history","0.345381252795198"
"exdqlm_multivar_synth_keep","draw_067",1040,"2021-01-05","history","0.713198356493526"
"exdqlm_multivar_synth_keep","draw_067",1040,"2021-01-06","history","0.407491116800126"
"exdqlm_multivar_synth_keep","draw_067",1040,"2021-01-07","history","0.408953947799739"
"exdqlm_multivar_synth_keep","draw_067",1040,"2021-01-08","history","0.283532218811358"
"exdqlm_multivar_synth_keep","draw_067",1040,"2021-01-09","history","0.262875276429905"
"exdqlm_multivar_synth_keep","draw_067",1040,"2021-01-10","history","0.240857657617378"
"exdqlm_multivar_synth_keep","draw_067",1040,"2021-01-11","history","0.232922369005419"
"exdqlm_multivar_synth_keep","draw_067",1040,"2021-01-12","history","0.230708908680869"
"exdqlm_multivar_synth_keep","draw_067",1040,"2021-01-13","history","0.220719421895917"
"exdqlm_multivar_synth_keep","draw_067",1040,"2021-01-14","history","0.207097806265113"
"exdqlm_multivar_synth_keep","draw_067",1040,"2021-01-15","history","0.217849438843944"
"exdqlm_multivar_synth_keep","draw_067",1040,"2021-01-16","history","0.203543999223583"
"exdqlm_multivar_synth_keep","draw_067",1040,"2021-01-17","history","0.197540040137043"
"exdqlm_multivar_synth_keep","draw_067",1040,"2021-01-18","history","0.187455944747269"
"exdqlm_multivar_synth_keep","draw_067",1040,"2021-01-19","history","0.183919524387923"
"exdqlm_multivar_synth_keep","draw_067",1040,"2021-01-20","history","0.181436596192327"
"exdqlm_multivar_synth_keep","draw_067",1040,"2021-01-21","history","0.173379100293797"
"exdqlm_multivar_synth_keep","draw_067",1040,"2021-01-22","history","0.205552122347550"
"exdqlm_multivar_synth_keep","draw_067",1040,"2021-01-23","history","0.352996550889369"
"exdqlm_multivar_synth_keep","draw_068",1056,"2021-01-05","history","0.721494405865981"
"exdqlm_multivar_synth_keep","draw_068",1056,"2021-01-06","history","0.411278775756733"
"exdqlm_multivar_synth_keep","draw_068",1056,"2021-01-07","history","0.413705581981409"
"exdqlm_multivar_synth_keep","draw_068",1056,"2021-01-08","history","0.286713918783895"
"exdqlm_multivar_synth_keep","draw_068",1056,"2021-01-09","history","0.266752852369903"
"exdqlm_multivar_synth_keep","draw_068",1056,"2021-01-10","history","0.244839448617506"
"exdqlm_multivar_synth_keep","draw_068",1056,"2021-01-11","history","0.237203796440730"
"exdqlm_multivar_synth_keep","draw_068",1056,"2021-01-12","history","0.233709152266463"
"exdqlm_multivar_synth_keep","draw_068",1056,"2021-01-13","history","0.223763320112717"
"exdqlm_multivar_synth_keep","draw_068",1056,"2021-01-14","history","0.209665207141833"
"exdqlm_multivar_synth_keep","draw_068",1056,"2021-01-15","history","0.221616734479636"
"exdqlm_multivar_synth_keep","draw_068",1056,"2021-01-16","history","0.207063673615714"
"exdqlm_multivar_synth_keep","draw_068",1056,"2021-01-17","history","0.200030043226246"
"exdqlm_multivar_synth_keep","draw_068",1056,"2021-01-18","history","0.189496696523449"
"exdqlm_multivar_synth_keep","draw_068",1056,"2021-01-19","history","0.185321558345847"
"exdqlm_multivar_synth_keep","draw_068",1056,"2021-01-20","history","0.182945870815972"
"exdqlm_multivar_synth_keep","draw_068",1056,"2021-01-21","history","0.176312816728768"
"exdqlm_multivar_synth_keep","draw_068",1056,"2021-01-22","history","0.207493479600791"
"exdqlm_multivar_synth_keep","draw_068",1056,"2021-01-23","history","0.357952196923291"
"exdqlm_multivar_synth_keep","draw_069",1071,"2021-01-05","history","0.725816102254054"
"exdqlm_multivar_synth_keep","draw_069",1071,"2021-01-06","history","0.415040781269319"
"exdqlm_multivar_synth_keep","draw_069",1071,"2021-01-07","history","0.418946962743141"
"exdqlm_multivar_synth_keep","draw_069",1071,"2021-01-08","history","0.289490643237497"
"exdqlm_multivar_synth_keep","draw_069",1071,"2021-01-09","history","0.273037119743034"
"exdqlm_multivar_synth_keep","draw_069",1071,"2021-01-10","history","0.248357752845001"
"exdqlm_multivar_synth_keep","draw_069",1071,"2021-01-11","history","0.241917225085301"
"exdqlm_multivar_synth_keep","draw_069",1071,"2021-01-12","history","0.235449627858389"
"exdqlm_multivar_synth_keep","draw_069",1071,"2021-01-13","history","0.226901350205652"
"exdqlm_multivar_synth_keep","draw_069",1071,"2021-01-14","history","0.212861823895144"
"exdqlm_multivar_synth_keep","draw_069",1071,"2021-01-15","history","0.223926518346466"
"exdqlm_multivar_synth_keep","draw_069",1071,"2021-01-16","history","0.209935238946189"
"exdqlm_multivar_synth_keep","draw_069",1071,"2021-01-17","history","0.203017465664351"
"exdqlm_multivar_synth_keep","draw_069",1071,"2021-01-18","history","0.191616784448642"
"exdqlm_multivar_synth_keep","draw_069",1071,"2021-01-19","history","0.187415988047975"
"exdqlm_multivar_synth_keep","draw_069",1071,"2021-01-20","history","0.184911400134598"
"exdqlm_multivar_synth_keep","draw_069",1071,"2021-01-21","history","0.178010185049111"
"exdqlm_multivar_synth_keep","draw_069",1071,"2021-01-22","history","0.211315009747114"
"exdqlm_multivar_synth_keep","draw_069",1071,"2021-01-23","history","0.366631086850594"
"exdqlm_multivar_synth_keep","draw_070",1087,"2021-01-05","history","0.734168699461063"
"exdqlm_multivar_synth_keep","draw_070",1087,"2021-01-06","history","0.418745201775813"
"exdqlm_multivar_synth_keep","draw_070",1087,"2021-01-07","history","0.421877618233815"
"exdqlm_multivar_synth_keep","draw_070",1087,"2021-01-08","history","0.293102139066273"
"exdqlm_multivar_synth_keep","draw_070",1087,"2021-01-09","history","0.275742639385660"
"exdqlm_multivar_synth_keep","draw_070",1087,"2021-01-10","history","0.251795625340171"
"exdqlm_multivar_synth_keep","draw_070",1087,"2021-01-11","history","0.244981154889221"
"exdqlm_multivar_synth_keep","draw_070",1087,"2021-01-12","history","0.238372531303831"
"exdqlm_multivar_synth_keep","draw_070",1087,"2021-01-13","history","0.231220521229160"
"exdqlm_multivar_synth_keep","draw_070",1087,"2021-01-14","history","0.216025875078793"
"exdqlm_multivar_synth_keep","draw_070",1087,"2021-01-15","history","0.225714655000821"
"exdqlm_multivar_synth_keep","draw_070",1087,"2021-01-16","history","0.215159624118389"
"exdqlm_multivar_synth_keep","draw_070",1087,"2021-01-17","history","0.206081489114508"
"exdqlm_multivar_synth_keep","draw_070",1087,"2021-01-18","history","0.193896147791064"
"exdqlm_multivar_synth_keep","draw_070",1087,"2021-01-19","history","0.191397121370086"
"exdqlm_multivar_synth_keep","draw_070",1087,"2021-01-20","history","0.187106457036604"
"exdqlm_multivar_synth_keep","draw_070",1087,"2021-01-21","history","0.180767082756273"
"exdqlm_multivar_synth_keep","draw_070",1087,"2021-01-22","history","0.214976018841012"
"exdqlm_multivar_synth_keep","draw_070",1087,"2021-01-23","history","0.371573714942598"
"exdqlm_multivar_synth_keep","draw_071",1103,"2021-01-05","history","0.741143452520687"
"exdqlm_multivar_synth_keep","draw_071",1103,"2021-01-06","history","0.423389223907426"
"exdqlm_multivar_synth_keep","draw_071",1103,"2021-01-07","history","0.423679925446659"
"exdqlm_multivar_synth_keep","draw_071",1103,"2021-01-08","history","0.295204621333387"
"exdqlm_multivar_synth_keep","draw_071",1103,"2021-01-09","history","0.278669367168887"
"exdqlm_multivar_synth_keep","draw_071",1103,"2021-01-10","history","0.255071934191792"
"exdqlm_multivar_synth_keep","draw_071",1103,"2021-01-11","history","0.250057595919133"
"exdqlm_multivar_synth_keep","draw_071",1103,"2021-01-12","history","0.240729441385747"
"exdqlm_multivar_synth_keep","draw_071",1103,"2021-01-13","history","0.232993021297644"
"exdqlm_multivar_synth_keep","draw_071",1103,"2021-01-14","history","0.218445340190589"
"exdqlm_multivar_synth_keep","draw_071",1103,"2021-01-15","history","0.229042873256019"
"exdqlm_multivar_synth_keep","draw_071",1103,"2021-01-16","history","0.217055627427453"
"exdqlm_multivar_synth_keep","draw_071",1103,"2021-01-17","history","0.207857560229093"
"exdqlm_multivar_synth_keep","draw_071",1103,"2021-01-18","history","0.196386904503559"
"exdqlm_multivar_synth_keep","draw_071",1103,"2021-01-19","history","0.195007331298070"
"exdqlm_multivar_synth_keep","draw_071",1103,"2021-01-20","history","0.188605359837428"
"exdqlm_multivar_synth_keep","draw_071",1103,"2021-01-21","history","0.181935262756405"
"exdqlm_multivar_synth_keep","draw_071",1103,"2021-01-22","history","0.218589920293307"
"exdqlm_multivar_synth_keep","draw_071",1103,"2021-01-23","history","0.376294170198233"
"exdqlm_multivar_synth_keep","draw_072",1119,"2021-01-05","history","0.748336157553803"
"exdqlm_multivar_synth_keep","draw_072",1119,"2021-01-06","history","0.428665086044955"
"exdqlm_multivar_synth_keep","draw_072",1119,"2021-01-07","history","0.431505858775046"
"exdqlm_multivar_synth_keep","draw_072",1119,"2021-01-08","history","0.297995568584585"
"exdqlm_multivar_synth_keep","draw_072",1119,"2021-01-09","history","0.281818438456988"
"exdqlm_multivar_synth_keep","draw_072",1119,"2021-01-10","history","0.257764603512427"
"exdqlm_multivar_synth_keep","draw_072",1119,"2021-01-11","history","0.252890625123255"
"exdqlm_multivar_synth_keep","draw_072",1119,"2021-01-12","history","0.242580924158908"
"exdqlm_multivar_synth_keep","draw_072",1119,"2021-01-13","history","0.235493586423619"
"exdqlm_multivar_synth_keep","draw_072",1119,"2021-01-14","history","0.220440037624946"
"exdqlm_multivar_synth_keep","draw_072",1119,"2021-01-15","history","0.232958254046961"
"exdqlm_multivar_synth_keep","draw_072",1119,"2021-01-16","history","0.220410030086943"
"exdqlm_multivar_synth_keep","draw_072",1119,"2021-01-17","history","0.209964960627622"
"exdqlm_multivar_synth_keep","draw_072",1119,"2021-01-18","history","0.198706903771211"
"exdqlm_multivar_synth_keep","draw_072",1119,"2021-01-19","history","0.198622321739624"
"exdqlm_multivar_synth_keep","draw_072",1119,"2021-01-20","history","0.190059378433867"
"exdqlm_multivar_synth_keep","draw_072",1119,"2021-01-21","history","0.184174257023346"
"exdqlm_multivar_synth_keep","draw_072",1119,"2021-01-22","history","0.220647649581651"
"exdqlm_multivar_synth_keep","draw_072",1119,"2021-01-23","history","0.381677916188115"
"exdqlm_multivar_synth_keep","draw_073",1134,"2021-01-05","history","0.760005288737764"
"exdqlm_multivar_synth_keep","draw_073",1134,"2021-01-06","history","0.435587862539411"
"exdqlm_multivar_synth_keep","draw_073",1134,"2021-01-07","history","0.434049533910982"
"exdqlm_multivar_synth_keep","draw_073",1134,"2021-01-08","history","0.301458315093297"
"exdqlm_multivar_synth_keep","draw_073",1134,"2021-01-09","history","0.285321060112289"
"exdqlm_multivar_synth_keep","draw_073",1134,"2021-01-10","history","0.259521629870337"
"exdqlm_multivar_synth_keep","draw_073",1134,"2021-01-11","history","0.256222023800052"
"exdqlm_multivar_synth_keep","draw_073",1134,"2021-01-12","history","0.246819525832196"
"exdqlm_multivar_synth_keep","draw_073",1134,"2021-01-13","history","0.239698576181648"
"exdqlm_multivar_synth_keep","draw_073",1134,"2021-01-14","history","0.224153817049113"
"exdqlm_multivar_synth_keep","draw_073",1134,"2021-01-15","history","0.235090530516320"
"exdqlm_multivar_synth_keep","draw_073",1134,"2021-01-16","history","0.223217938317229"
"exdqlm_multivar_synth_keep","draw_073",1134,"2021-01-17","history","0.213574720325439"
"exdqlm_multivar_synth_keep","draw_073",1134,"2021-01-18","history","0.201185684453215"
"exdqlm_multivar_synth_keep","draw_073",1134,"2021-01-19","history","0.201168715361274"
"exdqlm_multivar_synth_keep","draw_073",1134,"2021-01-20","history","0.192094926517530"
"exdqlm_multivar_synth_keep","draw_073",1134,"2021-01-21","history","0.186145493643373"
"exdqlm_multivar_synth_keep","draw_073",1134,"2021-01-22","history","0.223826640489880"
"exdqlm_multivar_synth_keep","draw_073",1134,"2021-01-23","history","0.385972474436934"
"exdqlm_multivar_synth_keep","draw_074",1150,"2021-01-05","history","0.767855230757815"
"exdqlm_multivar_synth_keep","draw_074",1150,"2021-01-06","history","0.440383848211758"
"exdqlm_multivar_synth_keep","draw_074",1150,"2021-01-07","history","0.439152606583820"
"exdqlm_multivar_synth_keep","draw_074",1150,"2021-01-08","history","0.305033360839582"
"exdqlm_multivar_synth_keep","draw_074",1150,"2021-01-09","history","0.289910733500296"
"exdqlm_multivar_synth_keep","draw_074",1150,"2021-01-10","history","0.263741338875856"
"exdqlm_multivar_synth_keep","draw_074",1150,"2021-01-11","history","0.259832728526376"
"exdqlm_multivar_synth_keep","draw_074",1150,"2021-01-12","history","0.249273848281756"
"exdqlm_multivar_synth_keep","draw_074",1150,"2021-01-13","history","0.242352949117565"
"exdqlm_multivar_synth_keep","draw_074",1150,"2021-01-14","history","0.227753827161521"
"exdqlm_multivar_synth_keep","draw_074",1150,"2021-01-15","history","0.237919368623848"
"exdqlm_multivar_synth_keep","draw_074",1150,"2021-01-16","history","0.226095694777233"
"exdqlm_multivar_synth_keep","draw_074",1150,"2021-01-17","history","0.216964948884007"
"exdqlm_multivar_synth_keep","draw_074",1150,"2021-01-18","history","0.204110565215926"
"exdqlm_multivar_synth_keep","draw_074",1150,"2021-01-19","history","0.202876340791890"
"exdqlm_multivar_synth_keep","draw_074",1150,"2021-01-20","history","0.195668900696107"
"exdqlm_multivar_synth_keep","draw_074",1150,"2021-01-21","history","0.187644124408569"
"exdqlm_multivar_synth_keep","draw_074",1150,"2021-01-22","history","0.226092829259945"
"exdqlm_multivar_synth_keep","draw_074",1150,"2021-01-23","history","0.392859708161662"
"exdqlm_multivar_synth_keep","draw_075",1166,"2021-01-05","history","0.775676102390339"
"exdqlm_multivar_synth_keep","draw_075",1166,"2021-01-06","history","0.445819700591368"
"exdqlm_multivar_synth_keep","draw_075",1166,"2021-01-07","history","0.446241706687334"
"exdqlm_multivar_synth_keep","draw_075",1166,"2021-01-08","history","0.307504806184665"
"exdqlm_multivar_synth_keep","draw_075",1166,"2021-01-09","history","0.293362816970276"
"exdqlm_multivar_synth_keep","draw_075",1166,"2021-01-10","history","0.266370925603489"
"exdqlm_multivar_synth_keep","draw_075",1166,"2021-01-11","history","0.261553785444392"
"exdqlm_multivar_synth_keep","draw_075",1166,"2021-01-12","history","0.251761344504132"
"exdqlm_multivar_synth_keep","draw_075",1166,"2021-01-13","history","0.245814352848665"
"exdqlm_multivar_synth_keep","draw_075",1166,"2021-01-14","history","0.231139138459545"
"exdqlm_multivar_synth_keep","draw_075",1166,"2021-01-15","history","0.240406385079080"
"exdqlm_multivar_synth_keep","draw_075",1166,"2021-01-16","history","0.230626520472557"
"exdqlm_multivar_synth_keep","draw_075",1166,"2021-01-17","history","0.218883971837395"
"exdqlm_multivar_synth_keep","draw_075",1166,"2021-01-18","history","0.206574382561995"
"exdqlm_multivar_synth_keep","draw_075",1166,"2021-01-19","history","0.205682365214544"
"exdqlm_multivar_synth_keep","draw_075",1166,"2021-01-20","history","0.197483127566735"
"exdqlm_multivar_synth_keep","draw_075",1166,"2021-01-21","history","0.190779976913395"
"exdqlm_multivar_synth_keep","draw_075",1166,"2021-01-22","history","0.230031207454520"
"exdqlm_multivar_synth_keep","draw_075",1166,"2021-01-23","history","0.399532302084859"
"exdqlm_multivar_synth_keep","draw_076",1182,"2021-01-05","history","0.783620260228510"
"exdqlm_multivar_synth_keep","draw_076",1182,"2021-01-06","history","0.448702219013166"
"exdqlm_multivar_synth_keep","draw_076",1182,"2021-01-07","history","0.452188067628681"
"exdqlm_multivar_synth_keep","draw_076",1182,"2021-01-08","history","0.310667236990559"
"exdqlm_multivar_synth_keep","draw_076",1182,"2021-01-09","history","0.296337678921278"
"exdqlm_multivar_synth_keep","draw_076",1182,"2021-01-10","history","0.269608154566402"
"exdqlm_multivar_synth_keep","draw_076",1182,"2021-01-11","history","0.264751286364319"
"exdqlm_multivar_synth_keep","draw_076",1182,"2021-01-12","history","0.254400202143076"
"exdqlm_multivar_synth_keep","draw_076",1182,"2021-01-13","history","0.250098941536818"
"exdqlm_multivar_synth_keep","draw_076",1182,"2021-01-14","history","0.234112931745128"
"exdqlm_multivar_synth_keep","draw_076",1182,"2021-01-15","history","0.243037842025716"
"exdqlm_multivar_synth_keep","draw_076",1182,"2021-01-16","history","0.232649914125371"
"exdqlm_multivar_synth_keep","draw_076",1182,"2021-01-17","history","0.222294017678174"
"exdqlm_multivar_synth_keep","draw_076",1182,"2021-01-18","history","0.210174341412422"
"exdqlm_multivar_synth_keep","draw_076",1182,"2021-01-19","history","0.206709933201893"
"exdqlm_multivar_synth_keep","draw_076",1182,"2021-01-20","history","0.198672230260893"
"exdqlm_multivar_synth_keep","draw_076",1182,"2021-01-21","history","0.192734116167892"
"exdqlm_multivar_synth_keep","draw_076",1182,"2021-01-22","history","0.232769006005683"
"exdqlm_multivar_synth_keep","draw_076",1182,"2021-01-23","history","0.405750768731887"
"exdqlm_multivar_synth_keep","draw_077",1197,"2021-01-05","history","0.789894816407422"
"exdqlm_multivar_synth_keep","draw_077",1197,"2021-01-06","history","0.454078494002948"
"exdqlm_multivar_synth_keep","draw_077",1197,"2021-01-07","history","0.457111791669280"
"exdqlm_multivar_synth_keep","draw_077",1197,"2021-01-08","history","0.313423516969677"
"exdqlm_multivar_synth_keep","draw_077",1197,"2021-01-09","history","0.300367389385084"
"exdqlm_multivar_synth_keep","draw_077",1197,"2021-01-10","history","0.271820734537361"
"exdqlm_multivar_synth_keep","draw_077",1197,"2021-01-11","history","0.267832938858184"
"exdqlm_multivar_synth_keep","draw_077",1197,"2021-01-12","history","0.258806888469258"
"exdqlm_multivar_synth_keep","draw_077",1197,"2021-01-13","history","0.252961633389825"
"exdqlm_multivar_synth_keep","draw_077",1197,"2021-01-14","history","0.237000407213839"
"exdqlm_multivar_synth_keep","draw_077",1197,"2021-01-15","history","0.245299134343877"
"exdqlm_multivar_synth_keep","draw_077",1197,"2021-01-16","history","0.235283362826710"
"exdqlm_multivar_synth_keep","draw_077",1197,"2021-01-17","history","0.225466296483036"
"exdqlm_multivar_synth_keep","draw_077",1197,"2021-01-18","history","0.211830721187794"
"exdqlm_multivar_synth_keep","draw_077",1197,"2021-01-19","history","0.209263681738279"
"exdqlm_multivar_synth_keep","draw_077",1197,"2021-01-20","history","0.200958613759036"
"exdqlm_multivar_synth_keep","draw_077",1197,"2021-01-21","history","0.194385544044104"
"exdqlm_multivar_synth_keep","draw_077",1197,"2021-01-22","history","0.235837107361141"
"exdqlm_multivar_synth_keep","draw_077",1197,"2021-01-23","history","0.414081823645457"
"exdqlm_multivar_synth_keep","draw_078",1213,"2021-01-05","history","0.797439953040329"
"exdqlm_multivar_synth_keep","draw_078",1213,"2021-01-06","history","0.460723902744677"
"exdqlm_multivar_synth_keep","draw_078",1213,"2021-01-07","history","0.461805512298520"
"exdqlm_multivar_synth_keep","draw_078",1213,"2021-01-08","history","0.316750271728240"
"exdqlm_multivar_synth_keep","draw_078",1213,"2021-01-09","history","0.304611179813405"
"exdqlm_multivar_synth_keep","draw_078",1213,"2021-01-10","history","0.275934645529363"
"exdqlm_multivar_synth_keep","draw_078",1213,"2021-01-11","history","0.270443153640091"
"exdqlm_multivar_synth_keep","draw_078",1213,"2021-01-12","history","0.260751865990281"
"exdqlm_multivar_synth_keep","draw_078",1213,"2021-01-13","history","0.255792599451129"
"exdqlm_multivar_synth_keep","draw_078",1213,"2021-01-14","history","0.239040386886963"
"exdqlm_multivar_synth_keep","draw_078",1213,"2021-01-15","history","0.247948485380905"
"exdqlm_multivar_synth_keep","draw_078",1213,"2021-01-16","history","0.237906245452580"
"exdqlm_multivar_synth_keep","draw_078",1213,"2021-01-17","history","0.227952755932135"
"exdqlm_multivar_synth_keep","draw_078",1213,"2021-01-18","history","0.213868423796630"
"exdqlm_multivar_synth_keep","draw_078",1213,"2021-01-19","history","0.211781353277728"
"exdqlm_multivar_synth_keep","draw_078",1213,"2021-01-20","history","0.202832445414058"
"exdqlm_multivar_synth_keep","draw_078",1213,"2021-01-21","history","0.197095981880918"
"exdqlm_multivar_synth_keep","draw_078",1213,"2021-01-22","history","0.238957654088852"
"exdqlm_multivar_synth_keep","draw_078",1213,"2021-01-23","history","0.420345785244573"
"exdqlm_multivar_synth_keep","draw_079",1229,"2021-01-05","history","0.803842003440004"
"exdqlm_multivar_synth_keep","draw_079",1229,"2021-01-06","history","0.464397261010630"
"exdqlm_multivar_synth_keep","draw_079",1229,"2021-01-07","history","0.466738500420257"
"exdqlm_multivar_synth_keep","draw_079",1229,"2021-01-08","history","0.320168236968456"
"exdqlm_multivar_synth_keep","draw_079",1229,"2021-01-09","history","0.307262392829296"
"exdqlm_multivar_synth_keep","draw_079",1229,"2021-01-10","history","0.278796518084434"
"exdqlm_multivar_synth_keep","draw_079",1229,"2021-01-11","history","0.273709192073884"
"exdqlm_multivar_synth_keep","draw_079",1229,"2021-01-12","history","0.264180469375437"
"exdqlm_multivar_synth_keep","draw_079",1229,"2021-01-13","history","0.259296538893749"
"exdqlm_multivar_synth_keep","draw_079",1229,"2021-01-14","history","0.241369447031813"
"exdqlm_multivar_synth_keep","draw_079",1229,"2021-01-15","history","0.251374629490637"
"exdqlm_multivar_synth_keep","draw_079",1229,"2021-01-16","history","0.242836889645679"
"exdqlm_multivar_synth_keep","draw_079",1229,"2021-01-17","history","0.230812843150533"
"exdqlm_multivar_synth_keep","draw_079",1229,"2021-01-18","history","0.215838333727735"
"exdqlm_multivar_synth_keep","draw_079",1229,"2021-01-19","history","0.214197847000904"
"exdqlm_multivar_synth_keep","draw_079",1229,"2021-01-20","history","0.204903473773189"
"exdqlm_multivar_synth_keep","draw_079",1229,"2021-01-21","history","0.198165293029129"
"exdqlm_multivar_synth_keep","draw_079",1229,"2021-01-22","history","0.243959107563051"
"exdqlm_multivar_synth_keep","draw_079",1229,"2021-01-23","history","0.426755058762228"
"exdqlm_multivar_synth_keep","draw_080",1244,"2021-01-05","history","0.809934888161512"
"exdqlm_multivar_synth_keep","draw_080",1244,"2021-01-06","history","0.468765470583880"
"exdqlm_multivar_synth_keep","draw_080",1244,"2021-01-07","history","0.471736137080811"
"exdqlm_multivar_synth_keep","draw_080",1244,"2021-01-08","history","0.326018865433364"
"exdqlm_multivar_synth_keep","draw_080",1244,"2021-01-09","history","0.310074417013458"
"exdqlm_multivar_synth_keep","draw_080",1244,"2021-01-10","history","0.282777823292458"
"exdqlm_multivar_synth_keep","draw_080",1244,"2021-01-11","history","0.278219835825720"
"exdqlm_multivar_synth_keep","draw_080",1244,"2021-01-12","history","0.266742278882551"
"exdqlm_multivar_synth_keep","draw_080",1244,"2021-01-13","history","0.261498895198805"
"exdqlm_multivar_synth_keep","draw_080",1244,"2021-01-14","history","0.244404767782691"
"exdqlm_multivar_synth_keep","draw_080",1244,"2021-01-15","history","0.255122858358264"
"exdqlm_multivar_synth_keep","draw_080",1244,"2021-01-16","history","0.245556930261610"
"exdqlm_multivar_synth_keep","draw_080",1244,"2021-01-17","history","0.233517894401856"
"exdqlm_multivar_synth_keep","draw_080",1244,"2021-01-18","history","0.217526826582091"
"exdqlm_multivar_synth_keep","draw_080",1244,"2021-01-19","history","0.217390898508464"
"exdqlm_multivar_synth_keep","draw_080",1244,"2021-01-20","history","0.206242684908048"
"exdqlm_multivar_synth_keep","draw_080",1244,"2021-01-21","history","0.201448941209163"
"exdqlm_multivar_synth_keep","draw_080",1244,"2021-01-22","history","0.246421564179335"
"exdqlm_multivar_synth_keep","draw_080",1244,"2021-01-23","history","0.432059232954023"
"exdqlm_multivar_synth_keep","draw_081",1260,"2021-01-05","history","0.817114950613070"
"exdqlm_multivar_synth_keep","draw_081",1260,"2021-01-06","history","0.476919153722107"
"exdqlm_multivar_synth_keep","draw_081",1260,"2021-01-07","history","0.475102519034282"
"exdqlm_multivar_synth_keep","draw_081",1260,"2021-01-08","history","0.329077292412988"
"exdqlm_multivar_synth_keep","draw_081",1260,"2021-01-09","history","0.311643012495893"
"exdqlm_multivar_synth_keep","draw_081",1260,"2021-01-10","history","0.286277559055977"
"exdqlm_multivar_synth_keep","draw_081",1260,"2021-01-11","history","0.281250043214054"
"exdqlm_multivar_synth_keep","draw_081",1260,"2021-01-12","history","0.269003463677649"
"exdqlm_multivar_synth_keep","draw_081",1260,"2021-01-13","history","0.265881825646771"
"exdqlm_multivar_synth_keep","draw_081",1260,"2021-01-14","history","0.248376191802093"
"exdqlm_multivar_synth_keep","draw_081",1260,"2021-01-15","history","0.258202725857545"
"exdqlm_multivar_synth_keep","draw_081",1260,"2021-01-16","history","0.248515095089020"
"exdqlm_multivar_synth_keep","draw_081",1260,"2021-01-17","history","0.235901069783507"
"exdqlm_multivar_synth_keep","draw_081",1260,"2021-01-18","history","0.219299980595384"
"exdqlm_multivar_synth_keep","draw_081",1260,"2021-01-19","history","0.219399096589369"
"exdqlm_multivar_synth_keep","draw_081",1260,"2021-01-20","history","0.207199082319002"
"exdqlm_multivar_synth_keep","draw_081",1260,"2021-01-21","history","0.201902283933586"
"exdqlm_multivar_synth_keep","draw_081",1260,"2021-01-22","history","0.250148544270447"
"exdqlm_multivar_synth_keep","draw_081",1260,"2021-01-23","history","0.438183067937060"
"exdqlm_multivar_synth_keep","draw_082",1276,"2021-01-05","history","0.826129286658858"
"exdqlm_multivar_synth_keep","draw_082",1276,"2021-01-06","history","0.479694555862838"
"exdqlm_multivar_synth_keep","draw_082",1276,"2021-01-07","history","0.478169389638967"
"exdqlm_multivar_synth_keep","draw_082",1276,"2021-01-08","history","0.334024653319985"
"exdqlm_multivar_synth_keep","draw_082",1276,"2021-01-09","history","0.313910156895905"
"exdqlm_multivar_synth_keep","draw_082",1276,"2021-01-10","history","0.289572602904917"
"exdqlm_multivar_synth_keep","draw_082",1276,"2021-01-11","history","0.284793172700069"
"exdqlm_multivar_synth_keep","draw_082",1276,"2021-01-12","history","0.271817820295907"
"exdqlm_multivar_synth_keep","draw_082",1276,"2021-01-13","history","0.269457760618136"
"exdqlm_multivar_synth_keep","draw_082",1276,"2021-01-14","history","0.251557431503557"
"exdqlm_multivar_synth_keep","draw_082",1276,"2021-01-15","history","0.259023684965914"
"exdqlm_multivar_synth_keep","draw_082",1276,"2021-01-16","history","0.249983481727688"
"exdqlm_multivar_synth_keep","draw_082",1276,"2021-01-17","history","0.241169606480841"
"exdqlm_multivar_synth_keep","draw_082",1276,"2021-01-18","history","0.223006738165409"
"exdqlm_multivar_synth_keep","draw_082",1276,"2021-01-19","history","0.219877910432727"
"exdqlm_multivar_synth_keep","draw_082",1276,"2021-01-20","history","0.208942335370984"
"exdqlm_multivar_synth_keep","draw_082",1276,"2021-01-21","history","0.201974999822390"
"exdqlm_multivar_synth_keep","draw_082",1276,"2021-01-22","history","0.254747722537452"
"exdqlm_multivar_synth_keep","draw_082",1276,"2021-01-23","history","0.444046155398911"
"exdqlm_multivar_synth_keep","draw_083",1292,"2021-01-05","history","0.829987511561584"
"exdqlm_multivar_synth_keep","draw_083",1292,"2021-01-06","history","0.482001937600734"
"exdqlm_multivar_synth_keep","draw_083",1292,"2021-01-07","history","0.482351429742040"
"exdqlm_multivar_synth_keep","draw_083",1292,"2021-01-08","history","0.337718970789044"
"exdqlm_multivar_synth_keep","draw_083",1292,"2021-01-09","history","0.318282866999574"
"exdqlm_multivar_synth_keep","draw_083",1292,"2021-01-10","history","0.293499262617234"
"exdqlm_multivar_synth_keep","draw_083",1292,"2021-01-11","history","0.290489576717425"
"exdqlm_multivar_synth_keep","draw_083",1292,"2021-01-12","history","0.273996236817006"
"exdqlm_multivar_synth_keep","draw_083",1292,"2021-01-13","history","0.271702161345412"
"exdqlm_multivar_synth_keep","draw_083",1292,"2021-01-14","history","0.256615462729923"
"exdqlm_multivar_synth_keep","draw_083",1292,"2021-01-15","history","0.259565026921857"
"exdqlm_multivar_synth_keep","draw_083",1292,"2021-01-16","history","0.253167428744784"
"exdqlm_multivar_synth_keep","draw_083",1292,"2021-01-17","history","0.244443683227573"
"exdqlm_multivar_synth_keep","draw_083",1292,"2021-01-18","history","0.226714905714244"
"exdqlm_multivar_synth_keep","draw_083",1292,"2021-01-19","history","0.220069597095605"
"exdqlm_multivar_synth_keep","draw_083",1292,"2021-01-20","history","0.210138806524878"
"exdqlm_multivar_synth_keep","draw_083",1292,"2021-01-21","history","0.202010180098071"
"exdqlm_multivar_synth_keep","draw_083",1292,"2021-01-22","history","0.260114340607302"
"exdqlm_multivar_synth_keep","draw_083",1292,"2021-01-23","history","0.449768599244821"
"exdqlm_multivar_synth_keep","draw_084",1307,"2021-01-05","history","0.836623081171979"
"exdqlm_multivar_synth_keep","draw_084",1307,"2021-01-06","history","0.484609391233825"
"exdqlm_multivar_synth_keep","draw_084",1307,"2021-01-07","history","0.484760912224170"
"exdqlm_multivar_synth_keep","draw_084",1307,"2021-01-08","history","0.339404805328423"
"exdqlm_multivar_synth_keep","draw_084",1307,"2021-01-09","history","0.319461142701957"
"exdqlm_multivar_synth_keep","draw_084",1307,"2021-01-10","history","0.298164666071127"
"exdqlm_multivar_synth_keep","draw_084",1307,"2021-01-11","history","0.293864916437376"
"exdqlm_multivar_synth_keep","draw_084",1307,"2021-01-12","history","0.277451554048756"
"exdqlm_multivar_synth_keep","draw_084",1307,"2021-01-13","history","0.273830949384540"
"exdqlm_multivar_synth_keep","draw_084",1307,"2021-01-14","history","0.259443969584492"
"exdqlm_multivar_synth_keep","draw_084",1307,"2021-01-15","history","0.259708257165474"
"exdqlm_multivar_synth_keep","draw_084",1307,"2021-01-16","history","0.254884311608374"
"exdqlm_multivar_synth_keep","draw_084",1307,"2021-01-17","history","0.245817616880712"
"exdqlm_multivar_synth_keep","draw_084",1307,"2021-01-18","history","0.229083203088316"
"exdqlm_multivar_synth_keep","draw_084",1307,"2021-01-19","history","0.220165466444619"
"exdqlm_multivar_synth_keep","draw_084",1307,"2021-01-20","history","0.210514586663944"
"exdqlm_multivar_synth_keep","draw_084",1307,"2021-01-21","history","0.202139347006937"
"exdqlm_multivar_synth_keep","draw_084",1307,"2021-01-22","history","0.262114665869879"
"exdqlm_multivar_synth_keep","draw_084",1307,"2021-01-23","history","0.454664492855989"
"exdqlm_multivar_synth_keep","draw_085",1323,"2021-01-05","history","0.845535526332659"
"exdqlm_multivar_synth_keep","draw_085",1323,"2021-01-06","history","0.487606779273477"
"exdqlm_multivar_synth_keep","draw_085",1323,"2021-01-07","history","0.486947419554929"
"exdqlm_multivar_synth_keep","draw_085",1323,"2021-01-08","history","0.341364312891738"
"exdqlm_multivar_synth_keep","draw_085",1323,"2021-01-09","history","0.321373902059494"
"exdqlm_multivar_synth_keep","draw_085",1323,"2021-01-10","history","0.298860821604542"
"exdqlm_multivar_synth_keep","draw_085",1323,"2021-01-11","history","0.296012539416668"
"exdqlm_multivar_synth_keep","draw_085",1323,"2021-01-12","history","0.279681972590355"
"exdqlm_multivar_synth_keep","draw_085",1323,"2021-01-13","history","0.274848290576133"
"exdqlm_multivar_synth_keep","draw_085",1323,"2021-01-14","history","0.262474084478844"
"exdqlm_multivar_synth_keep","draw_085",1323,"2021-01-15","history","0.259767547860501"
"exdqlm_multivar_synth_keep","draw_085",1323,"2021-01-16","history","0.254979182432450"
"exdqlm_multivar_synth_keep","draw_085",1323,"2021-01-17","history","0.245984870107599"
"exdqlm_multivar_synth_keep","draw_085",1323,"2021-01-18","history","0.231665112803121"
"exdqlm_multivar_synth_keep","draw_085",1323,"2021-01-19","history","0.220277815941514"
"exdqlm_multivar_synth_keep","draw_085",1323,"2021-01-20","history","0.210664670870142"
"exdqlm_multivar_synth_keep","draw_085",1323,"2021-01-21","history","0.202210384474000"
"exdqlm_multivar_synth_keep","draw_085",1323,"2021-01-22","history","0.263270132745722"
"exdqlm_multivar_synth_keep","draw_085",1323,"2021-01-23","history","0.463716017251276"
"exdqlm_multivar_synth_keep","draw_086",1339,"2021-01-05","history","0.858477910965793"
"exdqlm_multivar_synth_keep","draw_086",1339,"2021-01-06","history","0.493022457790774"
"exdqlm_multivar_synth_keep","draw_086",1339,"2021-01-07","history","0.490481574947538"
"exdqlm_multivar_synth_keep","draw_086",1339,"2021-01-08","history","0.342566638053648"
"exdqlm_multivar_synth_keep","draw_086",1339,"2021-01-09","history","0.323970777741602"
"exdqlm_multivar_synth_keep","draw_086",1339,"2021-01-10","history","0.300576638382928"
"exdqlm_multivar_synth_keep","draw_086",1339,"2021-01-11","history","0.297705198380848"
"exdqlm_multivar_synth_keep","draw_086",1339,"2021-01-12","history","0.282564796792610"
"exdqlm_multivar_synth_keep","draw_086",1339,"2021-01-13","history","0.276700706945377"
"exdqlm_multivar_synth_keep","draw_086",1339,"2021-01-14","history","0.266791329186776"
"exdqlm_multivar_synth_keep","draw_086",1339,"2021-01-15","history","0.259839771199163"
"exdqlm_multivar_synth_keep","draw_086",1339,"2021-01-16","history","0.255032439590429"
"exdqlm_multivar_synth_keep","draw_086",1339,"2021-01-17","history","0.246071211367208"
"exdqlm_multivar_synth_keep","draw_086",1339,"2021-01-18","history","0.232494445125139"
"exdqlm_multivar_synth_keep","draw_086",1339,"2021-01-19","history","0.220391036922800"
"exdqlm_multivar_synth_keep","draw_086",1339,"2021-01-20","history","0.210833305024948"
"exdqlm_multivar_synth_keep","draw_086",1339,"2021-01-21","history","0.202286059186068"
"exdqlm_multivar_synth_keep","draw_086",1339,"2021-01-22","history","0.263680211674682"
"exdqlm_multivar_synth_keep","draw_086",1339,"2021-01-23","history","0.470731903287802"
"exdqlm_multivar_synth_keep","draw_087",1355,"2021-01-05","history","0.870013762997454"
"exdqlm_multivar_synth_keep","draw_087",1355,"2021-01-06","history","0.496896764552608"
"exdqlm_multivar_synth_keep","draw_087",1355,"2021-01-07","history","0.492227623360249"
"exdqlm_multivar_synth_keep","draw_087",1355,"2021-01-08","history","0.346145093400910"
"exdqlm_multivar_synth_keep","draw_087",1355,"2021-01-09","history","0.325300577004135"
"exdqlm_multivar_synth_keep","draw_087",1355,"2021-01-10","history","0.302701696183224"
"exdqlm_multivar_synth_keep","draw_087",1355,"2021-01-11","history","0.299674274127735"
"exdqlm_multivar_synth_keep","draw_087",1355,"2021-01-12","history","0.284154132470464"
"exdqlm_multivar_synth_keep","draw_087",1355,"2021-01-13","history","0.278510889814141"
"exdqlm_multivar_synth_keep","draw_087",1355,"2021-01-14","history","0.267579414528128"
"exdqlm_multivar_synth_keep","draw_087",1355,"2021-01-15","history","0.260050650308096"
"exdqlm_multivar_synth_keep","draw_087",1355,"2021-01-16","history","0.255084944547110"
"exdqlm_multivar_synth_keep","draw_087",1355,"2021-01-17","history","0.246160803763042"
"exdqlm_multivar_synth_keep","draw_087",1355,"2021-01-18","history","0.232584851620310"
"exdqlm_multivar_synth_keep","draw_087",1355,"2021-01-19","history","0.220586712028940"
"exdqlm_multivar_synth_keep","draw_087",1355,"2021-01-20","history","0.210868266342168"
"exdqlm_multivar_synth_keep","draw_087",1355,"2021-01-21","history","0.202344822519326"
"exdqlm_multivar_synth_keep","draw_087",1355,"2021-01-22","history","0.264930087645352"
"exdqlm_multivar_synth_keep","draw_087",1355,"2021-01-23","history","0.478763263444567"
"exdqlm_multivar_synth_keep","draw_088",1370,"2021-01-05","history","0.877677906728915"
"exdqlm_multivar_synth_keep","draw_088",1370,"2021-01-06","history","0.498891155319605"
"exdqlm_multivar_synth_keep","draw_088",1370,"2021-01-07","history","0.494845086644058"
"exdqlm_multivar_synth_keep","draw_088",1370,"2021-01-08","history","0.347285010498377"
"exdqlm_multivar_synth_keep","draw_088",1370,"2021-01-09","history","0.326367855901184"
"exdqlm_multivar_synth_keep","draw_088",1370,"2021-01-10","history","0.305080318597568"
"exdqlm_multivar_synth_keep","draw_088",1370,"2021-01-11","history","0.302331275668125"
"exdqlm_multivar_synth_keep","draw_088",1370,"2021-01-12","history","0.285875264242509"
"exdqlm_multivar_synth_keep","draw_088",1370,"2021-01-13","history","0.280415813945526"
"exdqlm_multivar_synth_keep","draw_088",1370,"2021-01-14","history","0.269055733649492"
"exdqlm_multivar_synth_keep","draw_088",1370,"2021-01-15","history","0.260355387062979"
"exdqlm_multivar_synth_keep","draw_088",1370,"2021-01-16","history","0.255199966956469"
"exdqlm_multivar_synth_keep","draw_088",1370,"2021-01-17","history","0.246376916349520"
"exdqlm_multivar_synth_keep","draw_088",1370,"2021-01-18","history","0.232694116802596"
"exdqlm_multivar_synth_keep","draw_088",1370,"2021-01-19","history","0.220887626367000"
"exdqlm_multivar_synth_keep","draw_088",1370,"2021-01-20","history","0.210918639027172"
"exdqlm_multivar_synth_keep","draw_088",1370,"2021-01-21","history","0.202471549847603"
"exdqlm_multivar_synth_keep","draw_088",1370,"2021-01-22","history","0.265957808254516"
"exdqlm_multivar_synth_keep","draw_088",1370,"2021-01-23","history","0.490097290595821"
"exdqlm_multivar_synth_keep","draw_089",1386,"2021-01-05","history","0.888201428889677"
"exdqlm_multivar_synth_keep","draw_089",1386,"2021-01-06","history","0.502739852555190"
"exdqlm_multivar_synth_keep","draw_089",1386,"2021-01-07","history","0.496550016776979"
"exdqlm_multivar_synth_keep","draw_089",1386,"2021-01-08","history","0.348724538469378"
"exdqlm_multivar_synth_keep","draw_089",1386,"2021-01-09","history","0.328135969664584"
"exdqlm_multivar_synth_keep","draw_089",1386,"2021-01-10","history","0.307347282086811"
"exdqlm_multivar_synth_keep","draw_089",1386,"2021-01-11","history","0.302952621822891"
"exdqlm_multivar_synth_keep","draw_089",1386,"2021-01-12","history","0.286482339927881"
"exdqlm_multivar_synth_keep","draw_089",1386,"2021-01-13","history","0.281457449272373"
"exdqlm_multivar_synth_keep","draw_089",1386,"2021-01-14","history","0.269883163739707"
"exdqlm_multivar_synth_keep","draw_089",1386,"2021-01-15","history","0.260869970018865"
"exdqlm_multivar_synth_keep","draw_089",1386,"2021-01-16","history","0.255374362081485"
"exdqlm_multivar_synth_keep","draw_089",1386,"2021-01-17","history","0.246758637203799"
"exdqlm_multivar_synth_keep","draw_089",1386,"2021-01-18","history","0.232877388885093"
"exdqlm_multivar_synth_keep","draw_089",1386,"2021-01-19","history","0.221151812955620"
"exdqlm_multivar_synth_keep","draw_089",1386,"2021-01-20","history","0.210988640277540"
"exdqlm_multivar_synth_keep","draw_089",1386,"2021-01-21","history","0.202588414163768"
"exdqlm_multivar_synth_keep","draw_089",1386,"2021-01-22","history","0.266738311541977"
"exdqlm_multivar_synth_keep","draw_089",1386,"2021-01-23","history","0.500352007175020"
"exdqlm_multivar_synth_keep","draw_090",1402,"2021-01-05","history","0.896687757665651"
"exdqlm_multivar_synth_keep","draw_090",1402,"2021-01-06","history","0.505439778411779"
"exdqlm_multivar_synth_keep","draw_090",1402,"2021-01-07","history","0.498690116182084"
"exdqlm_multivar_synth_keep","draw_090",1402,"2021-01-08","history","0.350190846116480"
"exdqlm_multivar_synth_keep","draw_090",1402,"2021-01-09","history","0.330508945621708"
"exdqlm_multivar_synth_keep","draw_090",1402,"2021-01-10","history","0.310182941509713"
"exdqlm_multivar_synth_keep","draw_090",1402,"2021-01-11","history","0.303894863366032"
"exdqlm_multivar_synth_keep","draw_090",1402,"2021-01-12","history","0.287561594770735"
"exdqlm_multivar_synth_keep","draw_090",1402,"2021-01-13","history","0.282286060987257"
"exdqlm_multivar_synth_keep","draw_090",1402,"2021-01-14","history","0.270706394861110"
"exdqlm_multivar_synth_keep","draw_090",1402,"2021-01-15","history","0.261221208772506"
"exdqlm_multivar_synth_keep","draw_090",1402,"2021-01-16","history","0.255405880576230"
"exdqlm_multivar_synth_keep","draw_090",1402,"2021-01-17","history","0.246954879337612"
"exdqlm_multivar_synth_keep","draw_090",1402,"2021-01-18","history","0.233024362398488"
"exdqlm_multivar_synth_keep","draw_090",1402,"2021-01-19","history","0.221328984323790"
"exdqlm_multivar_synth_keep","draw_090",1402,"2021-01-20","history","0.211101136526091"
"exdqlm_multivar_synth_keep","draw_090",1402,"2021-01-21","history","0.202728974137632"
"exdqlm_multivar_synth_keep","draw_090",1402,"2021-01-22","history","0.267498646465680"
"exdqlm_multivar_synth_keep","draw_090",1402,"2021-01-23","history","0.505617702537706"
"exdqlm_multivar_synth_keep","draw_091",1418,"2021-01-05","history","0.905391382197500"
"exdqlm_multivar_synth_keep","draw_091",1418,"2021-01-06","history","0.509292152450511"
"exdqlm_multivar_synth_keep","draw_091",1418,"2021-01-07","history","0.502625923013644"
"exdqlm_multivar_synth_keep","draw_091",1418,"2021-01-08","history","0.352831577133355"
"exdqlm_multivar_synth_keep","draw_091",1418,"2021-01-09","history","0.334261175013068"
"exdqlm_multivar_synth_keep","draw_091",1418,"2021-01-10","history","0.311692050677224"
"exdqlm_multivar_synth_keep","draw_091",1418,"2021-01-11","history","0.306416345057654"
"exdqlm_multivar_synth_keep","draw_091",1418,"2021-01-12","history","0.289570181193561"
"exdqlm_multivar_synth_keep","draw_091",1418,"2021-01-13","history","0.283741757511992"
"exdqlm_multivar_synth_keep","draw_091",1418,"2021-01-14","history","0.271304243431126"
"exdqlm_multivar_synth_keep","draw_091",1418,"2021-01-15","history","0.261446676566225"
"exdqlm_multivar_synth_keep","draw_091",1418,"2021-01-16","history","0.255597085191021"
"exdqlm_multivar_synth_keep","draw_091",1418,"2021-01-17","history","0.247294345742865"
"exdqlm_multivar_synth_keep","draw_091",1418,"2021-01-18","history","0.233152017999975"
"exdqlm_multivar_synth_keep","draw_091",1418,"2021-01-19","history","0.221446074950512"
"exdqlm_multivar_synth_keep","draw_091",1418,"2021-01-20","history","0.211170589232182"
"exdqlm_multivar_synth_keep","draw_091",1418,"2021-01-21","history","0.202851702064496"
"exdqlm_multivar_synth_keep","draw_091",1418,"2021-01-22","history","0.267823268009342"
"exdqlm_multivar_synth_keep","draw_091",1418,"2021-01-23","history","0.514158489940152"
"exdqlm_multivar_synth_keep","draw_092",1433,"2021-01-05","history","0.917838587236277"
"exdqlm_multivar_synth_keep","draw_092",1433,"2021-01-06","history","0.513156684999570"
"exdqlm_multivar_synth_keep","draw_092",1433,"2021-01-07","history","0.505559172172383"
"exdqlm_multivar_synth_keep","draw_092",1433,"2021-01-08","history","0.353891428630288"
"exdqlm_multivar_synth_keep","draw_092",1433,"2021-01-09","history","0.335568266226636"
"exdqlm_multivar_synth_keep","draw_092",1433,"2021-01-10","history","0.313947516614485"
"exdqlm_multivar_synth_keep","draw_092",1433,"2021-01-11","history","0.308107683231322"
"exdqlm_multivar_synth_keep","draw_092",1433,"2021-01-12","history","0.290807072789481"
"exdqlm_multivar_synth_keep","draw_092",1433,"2021-01-13","history","0.284943753859441"
"exdqlm_multivar_synth_keep","draw_092",1433,"2021-01-14","history","0.271942830259821"
"exdqlm_multivar_synth_keep","draw_092",1433,"2021-01-15","history","0.261935079502656"
"exdqlm_multivar_synth_keep","draw_092",1433,"2021-01-16","history","0.255757007315022"
"exdqlm_multivar_synth_keep","draw_092",1433,"2021-01-17","history","0.247527605554046"
"exdqlm_multivar_synth_keep","draw_092",1433,"2021-01-18","history","0.233265546159103"
"exdqlm_multivar_synth_keep","draw_092",1433,"2021-01-19","history","0.221580849068678"
"exdqlm_multivar_synth_keep","draw_092",1433,"2021-01-20","history","0.211201076950493"
"exdqlm_multivar_synth_keep","draw_092",1433,"2021-01-21","history","0.203004400174320"
"exdqlm_multivar_synth_keep","draw_092",1433,"2021-01-22","history","0.269109856622065"
"exdqlm_multivar_synth_keep","draw_092",1433,"2021-01-23","history","0.525716296196380"
"exdqlm_multivar_synth_keep","draw_093",1449,"2021-01-05","history","0.925088313932036"
"exdqlm_multivar_synth_keep","draw_093",1449,"2021-01-06","history","0.516391978326391"
"exdqlm_multivar_synth_keep","draw_093",1449,"2021-01-07","history","0.508812591697998"
"exdqlm_multivar_synth_keep","draw_093",1449,"2021-01-08","history","0.355890053389616"
"exdqlm_multivar_synth_keep","draw_093",1449,"2021-01-09","history","0.338331694710182"
"exdqlm_multivar_synth_keep","draw_093",1449,"2021-01-10","history","0.315820398091270"
"exdqlm_multivar_synth_keep","draw_093",1449,"2021-01-11","history","0.309473748469077"
"exdqlm_multivar_synth_keep","draw_093",1449,"2021-01-12","history","0.292583339839493"
"exdqlm_multivar_synth_keep","draw_093",1449,"2021-01-13","history","0.286651646534344"
"exdqlm_multivar_synth_keep","draw_093",1449,"2021-01-14","history","0.272647888003693"
"exdqlm_multivar_synth_keep","draw_093",1449,"2021-01-15","history","0.263740513733610"
"exdqlm_multivar_synth_keep","draw_093",1449,"2021-01-16","history","0.257022391675125"
"exdqlm_multivar_synth_keep","draw_093",1449,"2021-01-17","history","0.248099614005455"
"exdqlm_multivar_synth_keep","draw_093",1449,"2021-01-18","history","0.233381668032509"
"exdqlm_multivar_synth_keep","draw_093",1449,"2021-01-19","history","0.221624111512983"
"exdqlm_multivar_synth_keep","draw_093",1449,"2021-01-20","history","0.211285095541803"
"exdqlm_multivar_synth_keep","draw_093",1449,"2021-01-21","history","0.203129715793803"
"exdqlm_multivar_synth_keep","draw_093",1449,"2021-01-22","history","0.269762679376407"
"exdqlm_multivar_synth_keep","draw_093",1449,"2021-01-23","history","0.532534683597853"
"exdqlm_multivar_synth_keep","draw_094",1465,"2021-01-05","history","0.932871907062792"
"exdqlm_multivar_synth_keep","draw_094",1465,"2021-01-06","history","0.520111687889034"
"exdqlm_multivar_synth_keep","draw_094",1465,"2021-01-07","history","0.510830726347678"
"exdqlm_multivar_synth_keep","draw_094",1465,"2021-01-08","history","0.358065213287977"
"exdqlm_multivar_synth_keep","draw_094",1465,"2021-01-09","history","0.340227983314460"
"exdqlm_multivar_synth_keep","draw_094",1465,"2021-01-10","history","0.317040253032233"
"exdqlm_multivar_synth_keep","draw_094",1465,"2021-01-11","history","0.311130875358955"
"exdqlm_multivar_synth_keep","draw_094",1465,"2021-01-12","history","0.293519261860211"
"exdqlm_multivar_synth_keep","draw_094",1465,"2021-01-13","history","0.287749995386767"
"exdqlm_multivar_synth_keep","draw_094",1465,"2021-01-14","history","0.273916926325934"
"exdqlm_multivar_synth_keep","draw_094",1465,"2021-01-15","history","0.264166427229053"
"exdqlm_multivar_synth_keep","draw_094",1465,"2021-01-16","history","0.257275307836995"
"exdqlm_multivar_synth_keep","draw_094",1465,"2021-01-17","history","0.248308379553559"
"exdqlm_multivar_synth_keep","draw_094",1465,"2021-01-18","history","0.233471585560339"
"exdqlm_multivar_synth_keep","draw_094",1465,"2021-01-19","history","0.221677918356524"
"exdqlm_multivar_synth_keep","draw_094",1465,"2021-01-20","history","0.211342298561049"
"exdqlm_multivar_synth_keep","draw_094",1465,"2021-01-21","history","0.203161544373934"
"exdqlm_multivar_synth_keep","draw_094",1465,"2021-01-22","history","0.269877069856165"
"exdqlm_multivar_synth_keep","draw_094",1465,"2021-01-23","history","0.540956030014907"
"exdqlm_multivar_synth_keep","draw_095",1481,"2021-01-05","history","0.942860457733699"
"exdqlm_multivar_synth_keep","draw_095",1481,"2021-01-06","history","0.523839013646265"
"exdqlm_multivar_synth_keep","draw_095",1481,"2021-01-07","history","0.512442332492401"
"exdqlm_multivar_synth_keep","draw_095",1481,"2021-01-08","history","0.360242460249512"
"exdqlm_multivar_synth_keep","draw_095",1481,"2021-01-09","history","0.342310873332832"
"exdqlm_multivar_synth_keep","draw_095",1481,"2021-01-10","history","0.318213053977048"
"exdqlm_multivar_synth_keep","draw_095",1481,"2021-01-11","history","0.312414006792875"
"exdqlm_multivar_synth_keep","draw_095",1481,"2021-01-12","history","0.294502625176227"
"exdqlm_multivar_synth_keep","draw_095",1481,"2021-01-13","history","0.289556184693079"
"exdqlm_multivar_synth_keep","draw_095",1481,"2021-01-14","history","0.276004011296005"
"exdqlm_multivar_synth_keep","draw_095",1481,"2021-01-15","history","0.264565113082109"
"exdqlm_multivar_synth_keep","draw_095",1481,"2021-01-16","history","0.257645944827606"
"exdqlm_multivar_synth_keep","draw_095",1481,"2021-01-17","history","0.248684212224014"
"exdqlm_multivar_synth_keep","draw_095",1481,"2021-01-18","history","0.233540646427076"
"exdqlm_multivar_synth_keep","draw_095",1481,"2021-01-19","history","0.221717489294468"
"exdqlm_multivar_synth_keep","draw_095",1481,"2021-01-20","history","0.211409183034298"
"exdqlm_multivar_synth_keep","draw_095",1481,"2021-01-21","history","0.203260615480226"
"exdqlm_multivar_synth_keep","draw_095",1481,"2021-01-22","history","0.271195474164691"
"exdqlm_multivar_synth_keep","draw_095",1481,"2021-01-23","history","0.551271098688833"
"exdqlm_multivar_synth_keep","draw_096",1496,"2021-01-05","history","0.952836878571843"
"exdqlm_multivar_synth_keep","draw_096",1496,"2021-01-06","history","0.525591944835788"
"exdqlm_multivar_synth_keep","draw_096",1496,"2021-01-07","history","0.515423461540822"
"exdqlm_multivar_synth_keep","draw_096",1496,"2021-01-08","history","0.361726855109422"
"exdqlm_multivar_synth_keep","draw_096",1496,"2021-01-09","history","0.344249396686892"
"exdqlm_multivar_synth_keep","draw_096",1496,"2021-01-10","history","0.319202953052136"
"exdqlm_multivar_synth_keep","draw_096",1496,"2021-01-11","history","0.314637120855342"
"exdqlm_multivar_synth_keep","draw_096",1496,"2021-01-12","history","0.296235697628298"
"exdqlm_multivar_synth_keep","draw_096",1496,"2021-01-13","history","0.290630973176948"
"exdqlm_multivar_synth_keep","draw_096",1496,"2021-01-14","history","0.277412884940254"
"exdqlm_multivar_synth_keep","draw_096",1496,"2021-01-15","history","0.265339189066969"
"exdqlm_multivar_synth_keep","draw_096",1496,"2021-01-16","history","0.257781719492244"
"exdqlm_multivar_synth_keep","draw_096",1496,"2021-01-17","history","0.249804065553167"
"exdqlm_multivar_synth_keep","draw_096",1496,"2021-01-18","history","0.233659018302242"
"exdqlm_multivar_synth_keep","draw_096",1496,"2021-01-19","history","0.221841943556450"
"exdqlm_multivar_synth_keep","draw_096",1496,"2021-01-20","history","0.211453186185238"
"exdqlm_multivar_synth_keep","draw_096",1496,"2021-01-21","history","0.203454955958721"
"exdqlm_multivar_synth_keep","draw_096",1496,"2021-01-22","history","0.271488330424488"
"exdqlm_multivar_synth_keep","draw_096",1496,"2021-01-23","history","0.557279011665251"
"exdqlm_multivar_synth_keep","draw_097",1512,"2021-01-05","history","0.960469262363775"
"exdqlm_multivar_synth_keep","draw_097",1512,"2021-01-06","history","0.530341159047132"
"exdqlm_multivar_synth_keep","draw_097",1512,"2021-01-07","history","0.517964780811733"
"exdqlm_multivar_synth_keep","draw_097",1512,"2021-01-08","history","0.364240453658660"
"exdqlm_multivar_synth_keep","draw_097",1512,"2021-01-09","history","0.346589541248137"
"exdqlm_multivar_synth_keep","draw_097",1512,"2021-01-10","history","0.320750986088037"
"exdqlm_multivar_synth_keep","draw_097",1512,"2021-01-11","history","0.315953578662328"
"exdqlm_multivar_synth_keep","draw_097",1512,"2021-01-12","history","0.298201476625994"
"exdqlm_multivar_synth_keep","draw_097",1512,"2021-01-13","history","0.292048688882153"
"exdqlm_multivar_synth_keep","draw_097",1512,"2021-01-14","history","0.279154924361249"
"exdqlm_multivar_synth_keep","draw_097",1512,"2021-01-15","history","0.265501669338195"
"exdqlm_multivar_synth_keep","draw_097",1512,"2021-01-16","history","0.257909690281146"
"exdqlm_multivar_synth_keep","draw_097",1512,"2021-01-17","history","0.250840831160122"
"exdqlm_multivar_synth_keep","draw_097",1512,"2021-01-18","history","0.233761520789760"
"exdqlm_multivar_synth_keep","draw_097",1512,"2021-01-19","history","0.221881097709769"
"exdqlm_multivar_synth_keep","draw_097",1512,"2021-01-20","history","0.211494244784703"
"exdqlm_multivar_synth_keep","draw_097",1512,"2021-01-21","history","0.203622081007692"
"exdqlm_multivar_synth_keep","draw_097",1512,"2021-01-22","history","0.272013082734063"
"exdqlm_multivar_synth_keep","draw_097",1512,"2021-01-23","history","0.566127453118708"
"exdqlm_multivar_synth_keep","draw_098",1528,"2021-01-05","history","0.972746767652806"
"exdqlm_multivar_synth_keep","draw_098",1528,"2021-01-06","history","0.534090778191321"
"exdqlm_multivar_synth_keep","draw_098",1528,"2021-01-07","history","0.520411152949126"
"exdqlm_multivar_synth_keep","draw_098",1528,"2021-01-08","history","0.365032088664277"
"exdqlm_multivar_synth_keep","draw_098",1528,"2021-01-09","history","0.348579962818367"
"exdqlm_multivar_synth_keep","draw_098",1528,"2021-01-10","history","0.321441891826809"
"exdqlm_multivar_synth_keep","draw_098",1528,"2021-01-11","history","0.317280399829870"
"exdqlm_multivar_synth_keep","draw_098",1528,"2021-01-12","history","0.299920787280945"
"exdqlm_multivar_synth_keep","draw_098",1528,"2021-01-13","history","0.292889175382136"
"exdqlm_multivar_synth_keep","draw_098",1528,"2021-01-14","history","0.280723900273000"
"exdqlm_multivar_synth_keep","draw_098",1528,"2021-01-15","history","0.265698293573163"
"exdqlm_multivar_synth_keep","draw_098",1528,"2021-01-16","history","0.258104861790835"
"exdqlm_multivar_synth_keep","draw_098",1528,"2021-01-17","history","0.251256451317210"
"exdqlm_multivar_synth_keep","draw_098",1528,"2021-01-18","history","0.234063658362987"
"exdqlm_multivar_synth_keep","draw_098",1528,"2021-01-19","history","0.221973505034846"
"exdqlm_multivar_synth_keep","draw_098",1528,"2021-01-20","history","0.211523603816069"
"exdqlm_multivar_synth_keep","draw_098",1528,"2021-01-21","history","0.203876446570874"
"exdqlm_multivar_synth_keep","draw_098",1528,"2021-01-22","history","0.272665559150793"
"exdqlm_multivar_synth_keep","draw_098",1528,"2021-01-23","history","0.569583108480292"
"exdqlm_multivar_synth_keep","draw_099",1544,"2021-01-05","history","0.978163786953697"
"exdqlm_multivar_synth_keep","draw_099",1544,"2021-01-06","history","0.537609657346058"
"exdqlm_multivar_synth_keep","draw_099",1544,"2021-01-07","history","0.526204673244398"
"exdqlm_multivar_synth_keep","draw_099",1544,"2021-01-08","history","0.367057337404048"
"exdqlm_multivar_synth_keep","draw_099",1544,"2021-01-09","history","0.350305371938709"
"exdqlm_multivar_synth_keep","draw_099",1544,"2021-01-10","history","0.323628100760574"
"exdqlm_multivar_synth_keep","draw_099",1544,"2021-01-11","history","0.318302686515419"
"exdqlm_multivar_synth_keep","draw_099",1544,"2021-01-12","history","0.300558986972454"
"exdqlm_multivar_synth_keep","draw_099",1544,"2021-01-13","history","0.293577043720647"
"exdqlm_multivar_synth_keep","draw_099",1544,"2021-01-14","history","0.281717634240023"
"exdqlm_multivar_synth_keep","draw_099",1544,"2021-01-15","history","0.266343036727779"
"exdqlm_multivar_synth_keep","draw_099",1544,"2021-01-16","history","0.258266632339098"
"exdqlm_multivar_synth_keep","draw_099",1544,"2021-01-17","history","0.251802916361932"
"exdqlm_multivar_synth_keep","draw_099",1544,"2021-01-18","history","0.234198306275156"
"exdqlm_multivar_synth_keep","draw_099",1544,"2021-01-19","history","0.222031893164955"
"exdqlm_multivar_synth_keep","draw_099",1544,"2021-01-20","history","0.211564473594415"
"exdqlm_multivar_synth_keep","draw_099",1544,"2021-01-21","history","0.204241428528933"
"exdqlm_multivar_synth_keep","draw_099",1544,"2021-01-22","history","0.273174162701272"
"exdqlm_multivar_synth_keep","draw_099",1544,"2021-01-23","history","0.577029502278615"
"exdqlm_multivar_synth_keep","draw_100",1559,"2021-01-05","history","0.994334352537434"
"exdqlm_multivar_synth_keep","draw_100",1559,"2021-01-06","history","0.541719932117994"
"exdqlm_multivar_synth_keep","draw_100",1559,"2021-01-07","history","0.528564657354487"
"exdqlm_multivar_synth_keep","draw_100",1559,"2021-01-08","history","0.368816988617882"
"exdqlm_multivar_synth_keep","draw_100",1559,"2021-01-09","history","0.351460717526440"
"exdqlm_multivar_synth_keep","draw_100",1559,"2021-01-10","history","0.325155772570036"
"exdqlm_multivar_synth_keep","draw_100",1559,"2021-01-11","history","0.319159890699065"
"exdqlm_multivar_synth_keep","draw_100",1559,"2021-01-12","history","0.301894308000319"
"exdqlm_multivar_synth_keep","draw_100",1559,"2021-01-13","history","0.294651160212318"
"exdqlm_multivar_synth_keep","draw_100",1559,"2021-01-14","history","0.282533547376901"
"exdqlm_multivar_synth_keep","draw_100",1559,"2021-01-15","history","0.266513565240948"
"exdqlm_multivar_synth_keep","draw_100",1559,"2021-01-16","history","0.259207315084306"
"exdqlm_multivar_synth_keep","draw_100",1559,"2021-01-17","history","0.251899466400144"
"exdqlm_multivar_synth_keep","draw_100",1559,"2021-01-18","history","0.234364763726641"
"exdqlm_multivar_synth_keep","draw_100",1559,"2021-01-19","history","0.222141310111771"
"exdqlm_multivar_synth_keep","draw_100",1559,"2021-01-20","history","0.211700186730301"
"exdqlm_multivar_synth_keep","draw_100",1559,"2021-01-21","history","0.204464988030483"
"exdqlm_multivar_synth_keep","draw_100",1559,"2021-01-22","history","0.273341548474258"
"exdqlm_multivar_synth_keep","draw_100",1559,"2021-01-23","history","0.582873645387058"
"exdqlm_multivar_synth_keep","draw_101",1575,"2021-01-05","history","1.00525951632836"
"exdqlm_multivar_synth_keep","draw_101",1575,"2021-01-06","history","0.546985236943862"
"exdqlm_multivar_synth_keep","draw_101",1575,"2021-01-07","history","0.532500884539730"
"exdqlm_multivar_synth_keep","draw_101",1575,"2021-01-08","history","0.370114189456713"
"exdqlm_multivar_synth_keep","draw_101",1575,"2021-01-09","history","0.353786585968683"
"exdqlm_multivar_synth_keep","draw_101",1575,"2021-01-10","history","0.327699112275242"
"exdqlm_multivar_synth_keep","draw_101",1575,"2021-01-11","history","0.321236615927235"
"exdqlm_multivar_synth_keep","draw_101",1575,"2021-01-12","history","0.302429295887018"
"exdqlm_multivar_synth_keep","draw_101",1575,"2021-01-13","history","0.296309762574898"
"exdqlm_multivar_synth_keep","draw_101",1575,"2021-01-14","history","0.284398885521951"
"exdqlm_multivar_synth_keep","draw_101",1575,"2021-01-15","history","0.267329332770421"
"exdqlm_multivar_synth_keep","draw_101",1575,"2021-01-16","history","0.259284148912244"
"exdqlm_multivar_synth_keep","draw_101",1575,"2021-01-17","history","0.256149982421199"
"exdqlm_multivar_synth_keep","draw_101",1575,"2021-01-18","history","0.234678435115484"
"exdqlm_multivar_synth_keep","draw_101",1575,"2021-01-19","history","0.222229548526554"
"exdqlm_multivar_synth_keep","draw_101",1575,"2021-01-20","history","0.211837009354974"
"exdqlm_multivar_synth_keep","draw_101",1575,"2021-01-21","history","0.204713641400893"
"exdqlm_multivar_synth_keep","draw_101",1575,"2021-01-22","history","0.273820971374922"
"exdqlm_multivar_synth_keep","draw_101",1575,"2021-01-23","history","0.590917191576864"
"exdqlm_multivar_synth_keep","draw_102",1591,"2021-01-05","history","1.03409860157685"
"exdqlm_multivar_synth_keep","draw_102",1591,"2021-01-06","history","0.552305489473457"
"exdqlm_multivar_synth_keep","draw_102",1591,"2021-01-07","history","0.535213259221965"
"exdqlm_multivar_synth_keep","draw_102",1591,"2021-01-08","history","0.379743755476756"
"exdqlm_multivar_synth_keep","draw_102",1591,"2021-01-09","history","0.363493533255631"
"exdqlm_multivar_synth_keep","draw_102",1591,"2021-01-10","history","0.329602168124901"
"exdqlm_multivar_synth_keep","draw_102",1591,"2021-01-11","history","0.323213231321484"
"exdqlm_multivar_synth_keep","draw_102",1591,"2021-01-12","history","0.303541249258211"
"exdqlm_multivar_synth_keep","draw_102",1591,"2021-01-13","history","0.299010990676032"
"exdqlm_multivar_synth_keep","draw_102",1591,"2021-01-14","history","0.285220010186268"
"exdqlm_multivar_synth_keep","draw_102",1591,"2021-01-15","history","0.267700186322289"
"exdqlm_multivar_synth_keep","draw_102",1591,"2021-01-16","history","0.259353678090458"
"exdqlm_multivar_synth_keep","draw_102",1591,"2021-01-17","history","0.263922559287436"
"exdqlm_multivar_synth_keep","draw_102",1591,"2021-01-18","history","0.234982428636208"
"exdqlm_multivar_synth_keep","draw_102",1591,"2021-01-19","history","0.222282593276963"
"exdqlm_multivar_synth_keep","draw_102",1591,"2021-01-20","history","0.211908310639014"
"exdqlm_multivar_synth_keep","draw_102",1591,"2021-01-21","history","0.208951928298239"
"exdqlm_multivar_synth_keep","draw_102",1591,"2021-01-22","history","0.275320099333783"
"exdqlm_multivar_synth_keep","draw_102",1591,"2021-01-23","history","0.596754618951614"
"exdqlm_multivar_synth_keep","draw_103",1606,"2021-01-05","history","1.06598911446406"
"exdqlm_multivar_synth_keep","draw_103",1606,"2021-01-06","history","0.561541469994130"
"exdqlm_multivar_synth_keep","draw_103",1606,"2021-01-07","history","0.543910412277475"
"exdqlm_multivar_synth_keep","draw_103",1606,"2021-01-08","history","0.391382300041345"
"exdqlm_multivar_synth_keep","draw_103",1606,"2021-01-09","history","0.375056782269326"
"exdqlm_multivar_synth_keep","draw_103",1606,"2021-01-10","history","0.342070626374239"
"exdqlm_multivar_synth_keep","draw_103",1606,"2021-01-11","history","0.337940596743065"
"exdqlm_multivar_synth_keep","draw_103",1606,"2021-01-12","history","0.303671030187524"
"exdqlm_multivar_synth_keep","draw_103",1606,"2021-01-13","history","0.307391547809900"
"exdqlm_multivar_synth_keep","draw_103",1606,"2021-01-14","history","0.285513962889407"
"exdqlm_multivar_synth_keep","draw_103",1606,"2021-01-15","history","0.274206619697185"
"exdqlm_multivar_synth_keep","draw_103",1606,"2021-01-16","history","0.259506413983227"
"exdqlm_multivar_synth_keep","draw_103",1606,"2021-01-17","history","0.271970988963802"
"exdqlm_multivar_synth_keep","draw_103",1606,"2021-01-18","history","0.235050820752379"
"exdqlm_multivar_synth_keep","draw_103",1606,"2021-01-19","history","0.225309579736825"
"exdqlm_multivar_synth_keep","draw_103",1606,"2021-01-20","history","0.212134052295795"
"exdqlm_multivar_synth_keep","draw_103",1606,"2021-01-21","history","0.214589913804370"
"exdqlm_multivar_synth_keep","draw_103",1606,"2021-01-22","history","0.275616745833459"
"exdqlm_multivar_synth_keep","draw_103",1606,"2021-01-23","history","0.620254436435679"
"exdqlm_multivar_synth_keep","draw_104",1622,"2021-01-05","history","1.09153635357818"
"exdqlm_multivar_synth_keep","draw_104",1622,"2021-01-06","history","0.586947574979978"
"exdqlm_multivar_synth_keep","draw_104",1622,"2021-01-07","history","0.550804777201172"
"exdqlm_multivar_synth_keep","draw_104",1622,"2021-01-08","history","0.402608361470470"
"exdqlm_multivar_synth_keep","draw_104",1622,"2021-01-09","history","0.386003562112651"
"exdqlm_multivar_synth_keep","draw_104",1622,"2021-01-10","history","0.355023836962674"
"exdqlm_multivar_synth_keep","draw_104",1622,"2021-01-11","history","0.353039895237746"
"exdqlm_multivar_synth_keep","draw_104",1622,"2021-01-12","history","0.304814081385121"
"exdqlm_multivar_synth_keep","draw_104",1622,"2021-01-13","history","0.323733902546697"
"exdqlm_multivar_synth_keep","draw_104",1622,"2021-01-14","history","0.285816595394429"
"exdqlm_multivar_synth_keep","draw_104",1622,"2021-01-15","history","0.286110716250356"
"exdqlm_multivar_synth_keep","draw_104",1622,"2021-01-16","history","0.261499428103271"
"exdqlm_multivar_synth_keep","draw_104",1622,"2021-01-17","history","0.282583368285016"
"exdqlm_multivar_synth_keep","draw_104",1622,"2021-01-18","history","0.236002908868110"
"exdqlm_multivar_synth_keep","draw_104",1622,"2021-01-19","history","0.237289082353560"
"exdqlm_multivar_synth_keep","draw_104",1622,"2021-01-20","history","0.218970269900799"
"exdqlm_multivar_synth_keep","draw_104",1622,"2021-01-21","history","0.223667424331092"
"exdqlm_multivar_synth_keep","draw_104",1622,"2021-01-22","history","0.295189963664057"
"exdqlm_multivar_synth_keep","draw_104",1622,"2021-01-23","history","0.650987222576811"
"exdqlm_multivar_synth_keep","draw_105",1638,"2021-01-05","history","1.11882082262776"
"exdqlm_multivar_synth_keep","draw_105",1638,"2021-01-06","history","0.609222873272549"
"exdqlm_multivar_synth_keep","draw_105",1638,"2021-01-07","history","0.564742201308135"
"exdqlm_multivar_synth_keep","draw_105",1638,"2021-01-08","history","0.415915057346956"
"exdqlm_multivar_synth_keep","draw_105",1638,"2021-01-09","history","0.401714435344109"
"exdqlm_multivar_synth_keep","draw_105",1638,"2021-01-10","history","0.364803661894438"
"exdqlm_multivar_synth_keep","draw_105",1638,"2021-01-11","history","0.360835910388880"
"exdqlm_multivar_synth_keep","draw_105",1638,"2021-01-12","history","0.318539912990605"
"exdqlm_multivar_synth_keep","draw_105",1638,"2021-01-13","history","0.338545870526430"
"exdqlm_multivar_synth_keep","draw_105",1638,"2021-01-14","history","0.286618596473074"
"exdqlm_multivar_synth_keep","draw_105",1638,"2021-01-15","history","0.294160239935678"
"exdqlm_multivar_synth_keep","draw_105",1638,"2021-01-16","history","0.275293430688650"
"exdqlm_multivar_synth_keep","draw_105",1638,"2021-01-17","history","0.293030908921980"
"exdqlm_multivar_synth_keep","draw_105",1638,"2021-01-18","history","0.244414144329729"
"exdqlm_multivar_synth_keep","draw_105",1638,"2021-01-19","history","0.246755638563966"
"exdqlm_multivar_synth_keep","draw_105",1638,"2021-01-20","history","0.224429415154777"
"exdqlm_multivar_synth_keep","draw_105",1638,"2021-01-21","history","0.231905381609163"
"exdqlm_multivar_synth_keep","draw_105",1638,"2021-01-22","history","0.307885554943275"
"exdqlm_multivar_synth_keep","draw_105",1638,"2021-01-23","history","0.691061860599876"
"exdqlm_multivar_synth_keep","draw_106",1654,"2021-01-05","history","1.14141874974713"
"exdqlm_multivar_synth_keep","draw_106",1654,"2021-01-06","history","0.633414854561510"
"exdqlm_multivar_synth_keep","draw_106",1654,"2021-01-07","history","0.575405703527509"
"exdqlm_multivar_synth_keep","draw_106",1654,"2021-01-08","history","0.434189337917056"
"exdqlm_multivar_synth_keep","draw_106",1654,"2021-01-09","history","0.421391833896566"
"exdqlm_multivar_synth_keep","draw_106",1654,"2021-01-10","history","0.375300843823890"
"exdqlm_multivar_synth_keep","draw_106",1654,"2021-01-11","history","0.375405448088394"
"exdqlm_multivar_synth_keep","draw_106",1654,"2021-01-12","history","0.332313290387739"
"exdqlm_multivar_synth_keep","draw_106",1654,"2021-01-13","history","0.352809480289538"
"exdqlm_multivar_synth_keep","draw_106",1654,"2021-01-14","history","0.291894534726310"
"exdqlm_multivar_synth_keep","draw_106",1654,"2021-01-15","history","0.311221230439498"
"exdqlm_multivar_synth_keep","draw_106",1654,"2021-01-16","history","0.284998755055438"
"exdqlm_multivar_synth_keep","draw_106",1654,"2021-01-17","history","0.302420815278115"
"exdqlm_multivar_synth_keep","draw_106",1654,"2021-01-18","history","0.254355364717254"
"exdqlm_multivar_synth_keep","draw_106",1654,"2021-01-19","history","0.251572555276708"
"exdqlm_multivar_synth_keep","draw_106",1654,"2021-01-20","history","0.231226209709767"
"exdqlm_multivar_synth_keep","draw_106",1654,"2021-01-21","history","0.239360149147130"
"exdqlm_multivar_synth_keep","draw_106",1654,"2021-01-22","history","0.318834482875738"
"exdqlm_multivar_synth_keep","draw_106",1654,"2021-01-23","history","0.730604152005805"
"exdqlm_multivar_synth_keep","draw_107",1669,"2021-01-05","history","1.15928455957982"
"exdqlm_multivar_synth_keep","draw_107",1669,"2021-01-06","history","0.650176936527146"
"exdqlm_multivar_synth_keep","draw_107",1669,"2021-01-07","history","0.597325439735821"
"exdqlm_multivar_synth_keep","draw_107",1669,"2021-01-08","history","0.448184210478957"
"exdqlm_multivar_synth_keep","draw_107",1669,"2021-01-09","history","0.429858332270244"
"exdqlm_multivar_synth_keep","draw_107",1669,"2021-01-10","history","0.390721291747815"
"exdqlm_multivar_synth_keep","draw_107",1669,"2021-01-11","history","0.386343465036185"
"exdqlm_multivar_synth_keep","draw_107",1669,"2021-01-12","history","0.345957826693848"
"exdqlm_multivar_synth_keep","draw_107",1669,"2021-01-13","history","0.362853179841824"
"exdqlm_multivar_synth_keep","draw_107",1669,"2021-01-14","history","0.298822081183092"
"exdqlm_multivar_synth_keep","draw_107",1669,"2021-01-15","history","0.318800338139172"
"exdqlm_multivar_synth_keep","draw_107",1669,"2021-01-16","history","0.301954363767525"
"exdqlm_multivar_synth_keep","draw_107",1669,"2021-01-17","history","0.311108987718822"
"exdqlm_multivar_synth_keep","draw_107",1669,"2021-01-18","history","0.263313598967905"
"exdqlm_multivar_synth_keep","draw_107",1669,"2021-01-19","history","0.260181045648645"
"exdqlm_multivar_synth_keep","draw_107",1669,"2021-01-20","history","0.234247360249122"
"exdqlm_multivar_synth_keep","draw_107",1669,"2021-01-21","history","0.245475142409864"
"exdqlm_multivar_synth_keep","draw_107",1669,"2021-01-22","history","0.329696673597064"
"exdqlm_multivar_synth_keep","draw_107",1669,"2021-01-23","history","0.756089473583565"
"exdqlm_multivar_synth_keep","draw_108",1685,"2021-01-05","history","1.19039157558349"
"exdqlm_multivar_synth_keep","draw_108",1685,"2021-01-06","history","0.667507673573157"
"exdqlm_multivar_synth_keep","draw_108",1685,"2021-01-07","history","0.616763799500632"
"exdqlm_multivar_synth_keep","draw_108",1685,"2021-01-08","history","0.468842562665198"
"exdqlm_multivar_synth_keep","draw_108",1685,"2021-01-09","history","0.444229228063106"
"exdqlm_multivar_synth_keep","draw_108",1685,"2021-01-10","history","0.411633301603859"
"exdqlm_multivar_synth_keep","draw_108",1685,"2021-01-11","history","0.401198487686837"
"exdqlm_multivar_synth_keep","draw_108",1685,"2021-01-12","history","0.362827125437583"
"exdqlm_multivar_synth_keep","draw_108",1685,"2021-01-13","history","0.376969909578592"
"exdqlm_multivar_synth_keep","draw_108",1685,"2021-01-14","history","0.315805267081309"
"exdqlm_multivar_synth_keep","draw_108",1685,"2021-01-15","history","0.329750121652309"
"exdqlm_multivar_synth_keep","draw_108",1685,"2021-01-16","history","0.321575860054802"
"exdqlm_multivar_synth_keep","draw_108",1685,"2021-01-17","history","0.321128700136566"
"exdqlm_multivar_synth_keep","draw_108",1685,"2021-01-18","history","0.271218795150824"
"exdqlm_multivar_synth_keep","draw_108",1685,"2021-01-19","history","0.267547009522523"
"exdqlm_multivar_synth_keep","draw_108",1685,"2021-01-20","history","0.240101634806451"
"exdqlm_multivar_synth_keep","draw_108",1685,"2021-01-21","history","0.250487718368100"
"exdqlm_multivar_synth_keep","draw_108",1685,"2021-01-22","history","0.343981291522737"
"exdqlm_multivar_synth_keep","draw_108",1685,"2021-01-23","history","0.788595230022229"
"exdqlm_multivar_synth_keep","draw_109",1701,"2021-01-05","history","1.20945455936180"
"exdqlm_multivar_synth_keep","draw_109",1701,"2021-01-06","history","0.687048760460265"
"exdqlm_multivar_synth_keep","draw_109",1701,"2021-01-07","history","0.629609965558126"
"exdqlm_multivar_synth_keep","draw_109",1701,"2021-01-08","history","0.487253323042127"
"exdqlm_multivar_synth_keep","draw_109",1701,"2021-01-09","history","0.459430569557450"
"exdqlm_multivar_synth_keep","draw_109",1701,"2021-01-10","history","0.423513084341972"
"exdqlm_multivar_synth_keep","draw_109",1701,"2021-01-11","history","0.413983288768584"
"exdqlm_multivar_synth_keep","draw_109",1701,"2021-01-12","history","0.378527508996733"
"exdqlm_multivar_synth_keep","draw_109",1701,"2021-01-13","history","0.390566758052669"
"exdqlm_multivar_synth_keep","draw_109",1701,"2021-01-14","history","0.331195636623483"
"exdqlm_multivar_synth_keep","draw_109",1701,"2021-01-15","history","0.341588729736234"
"exdqlm_multivar_synth_keep","draw_109",1701,"2021-01-16","history","0.336654861803658"
"exdqlm_multivar_synth_keep","draw_109",1701,"2021-01-17","history","0.331085203901029"
"exdqlm_multivar_synth_keep","draw_109",1701,"2021-01-18","history","0.285114474360960"
"exdqlm_multivar_synth_keep","draw_109",1701,"2021-01-19","history","0.279071004410348"
"exdqlm_multivar_synth_keep","draw_109",1701,"2021-01-20","history","0.251747189385480"
"exdqlm_multivar_synth_keep","draw_109",1701,"2021-01-21","history","0.258106411838905"
"exdqlm_multivar_synth_keep","draw_109",1701,"2021-01-22","history","0.355097020011033"
"exdqlm_multivar_synth_keep","draw_109",1701,"2021-01-23","history","0.823119825817716"
"exdqlm_multivar_synth_keep","draw_110",1717,"2021-01-05","history","1.23886253644850"
"exdqlm_multivar_synth_keep","draw_110",1717,"2021-01-06","history","0.704244230798530"
"exdqlm_multivar_synth_keep","draw_110",1717,"2021-01-07","history","0.643834036510313"
"exdqlm_multivar_synth_keep","draw_110",1717,"2021-01-08","history","0.501427630588130"
"exdqlm_multivar_synth_keep","draw_110",1717,"2021-01-09","history","0.472613057968657"
"exdqlm_multivar_synth_keep","draw_110",1717,"2021-01-10","history","0.438649984095785"
"exdqlm_multivar_synth_keep","draw_110",1717,"2021-01-11","history","0.426294803623706"
"exdqlm_multivar_synth_keep","draw_110",1717,"2021-01-12","history","0.394028641056758"
"exdqlm_multivar_synth_keep","draw_110",1717,"2021-01-13","history","0.401383583786313"
"exdqlm_multivar_synth_keep","draw_110",1717,"2021-01-14","history","0.347131888427336"
"exdqlm_multivar_synth_keep","draw_110",1717,"2021-01-15","history","0.357713832232964"
"exdqlm_multivar_synth_keep","draw_110",1717,"2021-01-16","history","0.350829466165789"
"exdqlm_multivar_synth_keep","draw_110",1717,"2021-01-17","history","0.344306454310572"
"exdqlm_multivar_synth_keep","draw_110",1717,"2021-01-18","history","0.296952125309964"
"exdqlm_multivar_synth_keep","draw_110",1717,"2021-01-19","history","0.285323933763883"
"exdqlm_multivar_synth_keep","draw_110",1717,"2021-01-20","history","0.264823279128091"
"exdqlm_multivar_synth_keep","draw_110",1717,"2021-01-21","history","0.265204602044440"
"exdqlm_multivar_synth_keep","draw_110",1717,"2021-01-22","history","0.374452254019793"
"exdqlm_multivar_synth_keep","draw_110",1717,"2021-01-23","history","0.857429188881086"
"exdqlm_multivar_synth_keep","draw_111",1732,"2021-01-05","history","1.27504642267429"
"exdqlm_multivar_synth_keep","draw_111",1732,"2021-01-06","history","0.721341469273268"
"exdqlm_multivar_synth_keep","draw_111",1732,"2021-01-07","history","0.658916278699344"
"exdqlm_multivar_synth_keep","draw_111",1732,"2021-01-08","history","0.516160865506866"
"exdqlm_multivar_synth_keep","draw_111",1732,"2021-01-09","history","0.489515307635615"
"exdqlm_multivar_synth_keep","draw_111",1732,"2021-01-10","history","0.450423302094609"
"exdqlm_multivar_synth_keep","draw_111",1732,"2021-01-11","history","0.441114641173885"
"exdqlm_multivar_synth_keep","draw_111",1732,"2021-01-12","history","0.407744743433898"
"exdqlm_multivar_synth_keep","draw_111",1732,"2021-01-13","history","0.412776076399953"
"exdqlm_multivar_synth_keep","draw_111",1732,"2021-01-14","history","0.363338097189297"
"exdqlm_multivar_synth_keep","draw_111",1732,"2021-01-15","history","0.366524510211012"
"exdqlm_multivar_synth_keep","draw_111",1732,"2021-01-16","history","0.356693160906654"
"exdqlm_multivar_synth_keep","draw_111",1732,"2021-01-17","history","0.353418148591922"
"exdqlm_multivar_synth_keep","draw_111",1732,"2021-01-18","history","0.310005222404276"
"exdqlm_multivar_synth_keep","draw_111",1732,"2021-01-19","history","0.290942872806791"
"exdqlm_multivar_synth_keep","draw_111",1732,"2021-01-20","history","0.274751294830976"
"exdqlm_multivar_synth_keep","draw_111",1732,"2021-01-21","history","0.272626806138504"
"exdqlm_multivar_synth_keep","draw_111",1732,"2021-01-22","history","0.382367790335689"
"exdqlm_multivar_synth_keep","draw_111",1732,"2021-01-23","history","0.892357644766070"
"exdqlm_multivar_synth_keep","draw_112",1748,"2021-01-05","history","1.30321937677513"
"exdqlm_multivar_synth_keep","draw_112",1748,"2021-01-06","history","0.740897287057958"
"exdqlm_multivar_synth_keep","draw_112",1748,"2021-01-07","history","0.668154978157454"
"exdqlm_multivar_synth_keep","draw_112",1748,"2021-01-08","history","0.532539409697742"
"exdqlm_multivar_synth_keep","draw_112",1748,"2021-01-09","history","0.505998328968251"
"exdqlm_multivar_synth_keep","draw_112",1748,"2021-01-10","history","0.466313516722740"
"exdqlm_multivar_synth_keep","draw_112",1748,"2021-01-11","history","0.452421763208231"
"exdqlm_multivar_synth_keep","draw_112",1748,"2021-01-12","history","0.422199395409555"
"exdqlm_multivar_synth_keep","draw_112",1748,"2021-01-13","history","0.425062082694154"
"exdqlm_multivar_synth_keep","draw_112",1748,"2021-01-14","history","0.381046152530204"
"exdqlm_multivar_synth_keep","draw_112",1748,"2021-01-15","history","0.375166731881463"
"exdqlm_multivar_synth_keep","draw_112",1748,"2021-01-16","history","0.369098614200975"
"exdqlm_multivar_synth_keep","draw_112",1748,"2021-01-17","history","0.366071427154721"
"exdqlm_multivar_synth_keep","draw_112",1748,"2021-01-18","history","0.318371800091073"
"exdqlm_multivar_synth_keep","draw_112",1748,"2021-01-19","history","0.300980977040932"
"exdqlm_multivar_synth_keep","draw_112",1748,"2021-01-20","history","0.282428465283592"
"exdqlm_multivar_synth_keep","draw_112",1748,"2021-01-21","history","0.281274990843410"
"exdqlm_multivar_synth_keep","draw_112",1748,"2021-01-22","history","0.392102674003829"
"exdqlm_multivar_synth_keep","draw_112",1748,"2021-01-23","history","0.923254891577754"
"exdqlm_multivar_synth_keep","draw_113",1764,"2021-01-05","history","1.33693387448157"
"exdqlm_multivar_synth_keep","draw_113",1764,"2021-01-06","history","0.754504154073198"
"exdqlm_multivar_synth_keep","draw_113",1764,"2021-01-07","history","0.688910228775390"
"exdqlm_multivar_synth_keep","draw_113",1764,"2021-01-08","history","0.540049413346719"
"exdqlm_multivar_synth_keep","draw_113",1764,"2021-01-09","history","0.521770870397350"
"exdqlm_multivar_synth_keep","draw_113",1764,"2021-01-10","history","0.481228847296510"
"exdqlm_multivar_synth_keep","draw_113",1764,"2021-01-11","history","0.466535134529393"
"exdqlm_multivar_synth_keep","draw_113",1764,"2021-01-12","history","0.442066785677996"
"exdqlm_multivar_synth_keep","draw_113",1764,"2021-01-13","history","0.445619620366632"
"exdqlm_multivar_synth_keep","draw_113",1764,"2021-01-14","history","0.400010029841258"
"exdqlm_multivar_synth_keep","draw_113",1764,"2021-01-15","history","0.391277813734136"
"exdqlm_multivar_synth_keep","draw_113",1764,"2021-01-16","history","0.378963797237093"
"exdqlm_multivar_synth_keep","draw_113",1764,"2021-01-17","history","0.373147611090406"
"exdqlm_multivar_synth_keep","draw_113",1764,"2021-01-18","history","0.337686901553067"
"exdqlm_multivar_synth_keep","draw_113",1764,"2021-01-19","history","0.307272203441827"
"exdqlm_multivar_synth_keep","draw_113",1764,"2021-01-20","history","0.290737493776268"
"exdqlm_multivar_synth_keep","draw_113",1764,"2021-01-21","history","0.291495952821071"
"exdqlm_multivar_synth_keep","draw_113",1764,"2021-01-22","history","0.400621491616414"
"exdqlm_multivar_synth_keep","draw_113",1764,"2021-01-23","history","0.959600937976508"
"exdqlm_multivar_synth_keep","draw_114",1780,"2021-01-05","history","1.36679078054984"
"exdqlm_multivar_synth_keep","draw_114",1780,"2021-01-06","history","0.769974356400750"
"exdqlm_multivar_synth_keep","draw_114",1780,"2021-01-07","history","0.705219808117116"
"exdqlm_multivar_synth_keep","draw_114",1780,"2021-01-08","history","0.557773368615423"
"exdqlm_multivar_synth_keep","draw_114",1780,"2021-01-09","history","0.534310570557933"
"exdqlm_multivar_synth_keep","draw_114",1780,"2021-01-10","history","0.496456897683571"
"exdqlm_multivar_synth_keep","draw_114",1780,"2021-01-11","history","0.479351268632275"
"exdqlm_multivar_synth_keep","draw_114",1780,"2021-01-12","history","0.456260891130320"
"exdqlm_multivar_synth_keep","draw_114",1780,"2021-01-13","history","0.457815084717362"
"exdqlm_multivar_synth_keep","draw_114",1780,"2021-01-14","history","0.413566911659345"
"exdqlm_multivar_synth_keep","draw_114",1780,"2021-01-15","history","0.401928228961941"
"exdqlm_multivar_synth_keep","draw_114",1780,"2021-01-16","history","0.390805398168006"
"exdqlm_multivar_synth_keep","draw_114",1780,"2021-01-17","history","0.380951701799346"
"exdqlm_multivar_synth_keep","draw_114",1780,"2021-01-18","history","0.347593720950566"
"exdqlm_multivar_synth_keep","draw_114",1780,"2021-01-19","history","0.321939942744901"
"exdqlm_multivar_synth_keep","draw_114",1780,"2021-01-20","history","0.295640335374302"
"exdqlm_multivar_synth_keep","draw_114",1780,"2021-01-21","history","0.297178983603108"
"exdqlm_multivar_synth_keep","draw_114",1780,"2021-01-22","history","0.413586272695082"
"exdqlm_multivar_synth_keep","draw_114",1780,"2021-01-23","history","0.990925750432264"
"exdqlm_multivar_synth_keep","draw_115",1795,"2021-01-05","history","1.39517209071111"
"exdqlm_multivar_synth_keep","draw_115",1795,"2021-01-06","history","0.783684615816157"
"exdqlm_multivar_synth_keep","draw_115",1795,"2021-01-07","history","0.720475800424492"
"exdqlm_multivar_synth_keep","draw_115",1795,"2021-01-08","history","0.576791666768695"
"exdqlm_multivar_synth_keep","draw_115",1795,"2021-01-09","history","0.547582605423399"
"exdqlm_multivar_synth_keep","draw_115",1795,"2021-01-10","history","0.503767190162814"
"exdqlm_multivar_synth_keep","draw_115",1795,"2021-01-11","history","0.496989599828053"
"exdqlm_multivar_synth_keep","draw_115",1795,"2021-01-12","history","0.473658581533247"
"exdqlm_multivar_synth_keep","draw_115",1795,"2021-01-13","history","0.474074576098134"
"exdqlm_multivar_synth_keep","draw_115",1795,"2021-01-14","history","0.427665876030245"
"exdqlm_multivar_synth_keep","draw_115",1795,"2021-01-15","history","0.413528939065541"
"exdqlm_multivar_synth_keep","draw_115",1795,"2021-01-16","history","0.401035792994580"
"exdqlm_multivar_synth_keep","draw_115",1795,"2021-01-17","history","0.389851558525178"
"exdqlm_multivar_synth_keep","draw_115",1795,"2021-01-18","history","0.357639634145461"
"exdqlm_multivar_synth_keep","draw_115",1795,"2021-01-19","history","0.327211448405007"
"exdqlm_multivar_synth_keep","draw_115",1795,"2021-01-20","history","0.303736348025693"
"exdqlm_multivar_synth_keep","draw_115",1795,"2021-01-21","history","0.306241613546373"
"exdqlm_multivar_synth_keep","draw_115",1795,"2021-01-22","history","0.428911319237340"
"exdqlm_multivar_synth_keep","draw_115",1795,"2021-01-23","history","1.02096772200734"
"exdqlm_multivar_synth_keep","draw_116",1811,"2021-01-05","history","1.42914838483585"
"exdqlm_multivar_synth_keep","draw_116",1811,"2021-01-06","history","0.804423198907596"
"exdqlm_multivar_synth_keep","draw_116",1811,"2021-01-07","history","0.749728997506502"
"exdqlm_multivar_synth_keep","draw_116",1811,"2021-01-08","history","0.592457202721760"
"exdqlm_multivar_synth_keep","draw_116",1811,"2021-01-09","history","0.559552792658963"
"exdqlm_multivar_synth_keep","draw_116",1811,"2021-01-10","history","0.515831144656854"
"exdqlm_multivar_synth_keep","draw_116",1811,"2021-01-11","history","0.512242432278210"
"exdqlm_multivar_synth_keep","draw_116",1811,"2021-01-12","history","0.486979991137526"
"exdqlm_multivar_synth_keep","draw_116",1811,"2021-01-13","history","0.491667150267369"
"exdqlm_multivar_synth_keep","draw_116",1811,"2021-01-14","history","0.442356540994475"
"exdqlm_multivar_synth_keep","draw_116",1811,"2021-01-15","history","0.419591085906268"
"exdqlm_multivar_synth_keep","draw_116",1811,"2021-01-16","history","0.413713927951868"
"exdqlm_multivar_synth_keep","draw_116",1811,"2021-01-17","history","0.400387368949215"
"exdqlm_multivar_synth_keep","draw_116",1811,"2021-01-18","history","0.370037152073664"
"exdqlm_multivar_synth_keep","draw_116",1811,"2021-01-19","history","0.338352313544680"
"exdqlm_multivar_synth_keep","draw_116",1811,"2021-01-20","history","0.311704874652166"
"exdqlm_multivar_synth_keep","draw_116",1811,"2021-01-21","history","0.319060305639171"
"exdqlm_multivar_synth_keep","draw_116",1811,"2021-01-22","history","0.449815897205109"
"exdqlm_multivar_synth_keep","draw_116",1811,"2021-01-23","history","1.04833385211402"
"exdqlm_multivar_synth_keep","draw_117",1827,"2021-01-05","history","1.45649165822260"
"exdqlm_multivar_synth_keep","draw_117",1827,"2021-01-06","history","0.819644600337364"
"exdqlm_multivar_synth_keep","draw_117",1827,"2021-01-07","history","0.765212333269562"
"exdqlm_multivar_synth_keep","draw_117",1827,"2021-01-08","history","0.608030150095811"
"exdqlm_multivar_synth_keep","draw_117",1827,"2021-01-09","history","0.570227673625872"
"exdqlm_multivar_synth_keep","draw_117",1827,"2021-01-10","history","0.526893217620244"
"exdqlm_multivar_synth_keep","draw_117",1827,"2021-01-11","history","0.527846321018736"
"exdqlm_multivar_synth_keep","draw_117",1827,"2021-01-12","history","0.498476908807564"
"exdqlm_multivar_synth_keep","draw_117",1827,"2021-01-13","history","0.505908936776451"
"exdqlm_multivar_synth_keep","draw_117",1827,"2021-01-14","history","0.461368335684075"
"exdqlm_multivar_synth_keep","draw_117",1827,"2021-01-15","history","0.434914832882764"
"exdqlm_multivar_synth_keep","draw_117",1827,"2021-01-16","history","0.430009271237294"
"exdqlm_multivar_synth_keep","draw_117",1827,"2021-01-17","history","0.411125123497927"
"exdqlm_multivar_synth_keep","draw_117",1827,"2021-01-18","history","0.386618359892080"
"exdqlm_multivar_synth_keep","draw_117",1827,"2021-01-19","history","0.349431609878944"
"exdqlm_multivar_synth_keep","draw_117",1827,"2021-01-20","history","0.319665840569783"
"exdqlm_multivar_synth_keep","draw_117",1827,"2021-01-21","history","0.324791258706016"
"exdqlm_multivar_synth_keep","draw_117",1827,"2021-01-22","history","0.466031703905179"
"exdqlm_multivar_synth_keep","draw_117",1827,"2021-01-23","history","1.06839044910216"
"exdqlm_multivar_synth_keep","draw_118",1843,"2021-01-05","history","1.48466626059565"
"exdqlm_multivar_synth_keep","draw_118",1843,"2021-01-06","history","0.836097364383691"
"exdqlm_multivar_synth_keep","draw_118",1843,"2021-01-07","history","0.780180268939279"
"exdqlm_multivar_synth_keep","draw_118",1843,"2021-01-08","history","0.621008213008311"
"exdqlm_multivar_synth_keep","draw_118",1843,"2021-01-09","history","0.584763828205266"
"exdqlm_multivar_synth_keep","draw_118",1843,"2021-01-10","history","0.543757334924888"
"exdqlm_multivar_synth_keep","draw_118",1843,"2021-01-11","history","0.545519919541307"
"exdqlm_multivar_synth_keep","draw_118",1843,"2021-01-12","history","0.513574482253300"
"exdqlm_multivar_synth_keep","draw_118",1843,"2021-01-13","history","0.518969418005779"
"exdqlm_multivar_synth_keep","draw_118",1843,"2021-01-14","history","0.485755378870437"
"exdqlm_multivar_synth_keep","draw_118",1843,"2021-01-15","history","0.446429843950656"
"exdqlm_multivar_synth_keep","draw_118",1843,"2021-01-16","history","0.443491903674515"
"exdqlm_multivar_synth_keep","draw_118",1843,"2021-01-17","history","0.420986925173086"
"exdqlm_multivar_synth_keep","draw_118",1843,"2021-01-18","history","0.396770513869082"
"exdqlm_multivar_synth_keep","draw_118",1843,"2021-01-19","history","0.358728372589894"
"exdqlm_multivar_synth_keep","draw_118",1843,"2021-01-20","history","0.330107366879518"
"exdqlm_multivar_synth_keep","draw_118",1843,"2021-01-21","history","0.331763096460834"
"exdqlm_multivar_synth_keep","draw_118",1843,"2021-01-22","history","0.481987148579662"
"exdqlm_multivar_synth_keep","draw_118",1843,"2021-01-23","history","1.09795356579044"
"exdqlm_multivar_synth_keep","draw_119",1858,"2021-01-05","history","1.51231206381740"
"exdqlm_multivar_synth_keep","draw_119",1858,"2021-01-06","history","0.854769498204426"
"exdqlm_multivar_synth_keep","draw_119",1858,"2021-01-07","history","0.798119625965584"
"exdqlm_multivar_synth_keep","draw_119",1858,"2021-01-08","history","0.634015818231235"
"exdqlm_multivar_synth_keep","draw_119",1858,"2021-01-09","history","0.592218901182726"
"exdqlm_multivar_synth_keep","draw_119",1858,"2021-01-10","history","0.551671648286530"
"exdqlm_multivar_synth_keep","draw_119",1858,"2021-01-11","history","0.562847725320847"
"exdqlm_multivar_synth_keep","draw_119",1858,"2021-01-12","history","0.526802655718107"
"exdqlm_multivar_synth_keep","draw_119",1858,"2021-01-13","history","0.534859449025059"
"exdqlm_multivar_synth_keep","draw_119",1858,"2021-01-14","history","0.500187706203122"
"exdqlm_multivar_synth_keep","draw_119",1858,"2021-01-15","history","0.466252363350204"
"exdqlm_multivar_synth_keep","draw_119",1858,"2021-01-16","history","0.457623080787218"
"exdqlm_multivar_synth_keep","draw_119",1858,"2021-01-17","history","0.431804953733766"
"exdqlm_multivar_synth_keep","draw_119",1858,"2021-01-18","history","0.405489304233930"
"exdqlm_multivar_synth_keep","draw_119",1858,"2021-01-19","history","0.369674663179137"
"exdqlm_multivar_synth_keep","draw_119",1858,"2021-01-20","history","0.335561072071597"
"exdqlm_multivar_synth_keep","draw_119",1858,"2021-01-21","history","0.338573582981731"
"exdqlm_multivar_synth_keep","draw_119",1858,"2021-01-22","history","0.493244740762061"
"exdqlm_multivar_synth_keep","draw_119",1858,"2021-01-23","history","1.12345158896749"
"exdqlm_multivar_synth_keep","draw_120",1874,"2021-01-05","history","1.53758934475910"
"exdqlm_multivar_synth_keep","draw_120",1874,"2021-01-06","history","0.870785392938690"
"exdqlm_multivar_synth_keep","draw_120",1874,"2021-01-07","history","0.815641414152183"
"exdqlm_multivar_synth_keep","draw_120",1874,"2021-01-08","history","0.645416926137471"
"exdqlm_multivar_synth_keep","draw_120",1874,"2021-01-09","history","0.609146915626313"
"exdqlm_multivar_synth_keep","draw_120",1874,"2021-01-10","history","0.570924301295508"
"exdqlm_multivar_synth_keep","draw_120",1874,"2021-01-11","history","0.572317029872916"
"exdqlm_multivar_synth_keep","draw_120",1874,"2021-01-12","history","0.547463472301019"
"exdqlm_multivar_synth_keep","draw_120",1874,"2021-01-13","history","0.546277400545243"
"exdqlm_multivar_synth_keep","draw_120",1874,"2021-01-14","history","0.514264136032842"
"exdqlm_multivar_synth_keep","draw_120",1874,"2021-01-15","history","0.478616727184655"
"exdqlm_multivar_synth_keep","draw_120",1874,"2021-01-16","history","0.466637631831158"
"exdqlm_multivar_synth_keep","draw_120",1874,"2021-01-17","history","0.445932172822275"
"exdqlm_multivar_synth_keep","draw_120",1874,"2021-01-18","history","0.413528696041264"
"exdqlm_multivar_synth_keep","draw_120",1874,"2021-01-19","history","0.376794791895013"
"exdqlm_multivar_synth_keep","draw_120",1874,"2021-01-20","history","0.342416677243233"
"exdqlm_multivar_synth_keep","draw_120",1874,"2021-01-21","history","0.350243649441979"
"exdqlm_multivar_synth_keep","draw_120",1874,"2021-01-22","history","0.508041619509666"
"exdqlm_multivar_synth_keep","draw_120",1874,"2021-01-23","history","1.16777069748651"
"exdqlm_multivar_synth_keep","draw_121",1890,"2021-01-05","history","1.58138465340603"
"exdqlm_multivar_synth_keep","draw_121",1890,"2021-01-06","history","0.895812457593566"
"exdqlm_multivar_synth_keep","draw_121",1890,"2021-01-07","history","0.821086643484385"
"exdqlm_multivar_synth_keep","draw_121",1890,"2021-01-08","history","0.653938148424604"
"exdqlm_multivar_synth_keep","draw_121",1890,"2021-01-09","history","0.620739493322016"
"exdqlm_multivar_synth_keep","draw_121",1890,"2021-01-10","history","0.580042204677668"
"exdqlm_multivar_synth_keep","draw_121",1890,"2021-01-11","history","0.584535490779384"
"exdqlm_multivar_synth_keep","draw_121",1890,"2021-01-12","history","0.562338326866882"
"exdqlm_multivar_synth_keep","draw_121",1890,"2021-01-13","history","0.558786466780175"
"exdqlm_multivar_synth_keep","draw_121",1890,"2021-01-14","history","0.529339757057044"
"exdqlm_multivar_synth_keep","draw_121",1890,"2021-01-15","history","0.488349054761416"
"exdqlm_multivar_synth_keep","draw_121",1890,"2021-01-16","history","0.473038397836171"
"exdqlm_multivar_synth_keep","draw_121",1890,"2021-01-17","history","0.458327953527719"
"exdqlm_multivar_synth_keep","draw_121",1890,"2021-01-18","history","0.426747526068311"
"exdqlm_multivar_synth_keep","draw_121",1890,"2021-01-19","history","0.383204705967631"
"exdqlm_multivar_synth_keep","draw_121",1890,"2021-01-20","history","0.358249027678535"
"exdqlm_multivar_synth_keep","draw_121",1890,"2021-01-21","history","0.363794760823071"
"exdqlm_multivar_synth_keep","draw_121",1890,"2021-01-22","history","0.519081811756508"
"exdqlm_multivar_synth_keep","draw_121",1890,"2021-01-23","history","1.19149498049531"
"exdqlm_multivar_synth_keep","draw_122",1906,"2021-01-05","history","1.60261475929194"
"exdqlm_multivar_synth_keep","draw_122",1906,"2021-01-06","history","0.923868102371822"
"exdqlm_multivar_synth_keep","draw_122",1906,"2021-01-07","history","0.829158256103858"
"exdqlm_multivar_synth_keep","draw_122",1906,"2021-01-08","history","0.662085691283096"
"exdqlm_multivar_synth_keep","draw_122",1906,"2021-01-09","history","0.634874418046805"
"exdqlm_multivar_synth_keep","draw_122",1906,"2021-01-10","history","0.595181859674238"
"exdqlm_multivar_synth_keep","draw_122",1906,"2021-01-11","history","0.591105572988487"
"exdqlm_multivar_synth_keep","draw_122",1906,"2021-01-12","history","0.573508490254921"
"exdqlm_multivar_synth_keep","draw_122",1906,"2021-01-13","history","0.566648087175494"
"exdqlm_multivar_synth_keep","draw_122",1906,"2021-01-14","history","0.544383153866935"
"exdqlm_multivar_synth_keep","draw_122",1906,"2021-01-15","history","0.509601276482985"
"exdqlm_multivar_synth_keep","draw_122",1906,"2021-01-16","history","0.480833156641723"
"exdqlm_multivar_synth_keep","draw_122",1906,"2021-01-17","history","0.467809566261080"
"exdqlm_multivar_synth_keep","draw_122",1906,"2021-01-18","history","0.434972677564966"
"exdqlm_multivar_synth_keep","draw_122",1906,"2021-01-19","history","0.393520538778015"
"exdqlm_multivar_synth_keep","draw_122",1906,"2021-01-20","history","0.366716651310278"
"exdqlm_multivar_synth_keep","draw_122",1906,"2021-01-21","history","0.370412349306940"
"exdqlm_multivar_synth_keep","draw_122",1906,"2021-01-22","history","0.530334190733127"
"exdqlm_multivar_synth_keep","draw_122",1906,"2021-01-23","history","1.23315974849981"
"exdqlm_multivar_synth_keep","draw_123",1921,"2021-01-05","history","1.60908057802475"
"exdqlm_multivar_synth_keep","draw_123",1921,"2021-01-06","history","0.937897288121233"
"exdqlm_multivar_synth_keep","draw_123",1921,"2021-01-07","history","0.836240648085111"
"exdqlm_multivar_synth_keep","draw_123",1921,"2021-01-08","history","0.668195814598796"
"exdqlm_multivar_synth_keep","draw_123",1921,"2021-01-09","history","0.642555991837892"
"exdqlm_multivar_synth_keep","draw_123",1921,"2021-01-10","history","0.604549195605384"
"exdqlm_multivar_synth_keep","draw_123",1921,"2021-01-11","history","0.597785168058319"
"exdqlm_multivar_synth_keep","draw_123",1921,"2021-01-12","history","0.581755338719888"
"exdqlm_multivar_synth_keep","draw_123",1921,"2021-01-13","history","0.573518438266010"
"exdqlm_multivar_synth_keep","draw_123",1921,"2021-01-14","history","0.550943829108648"
"exdqlm_multivar_synth_keep","draw_123",1921,"2021-01-15","history","0.513112527040898"
"exdqlm_multivar_synth_keep","draw_123",1921,"2021-01-16","history","0.488935362490698"
"exdqlm_multivar_synth_keep","draw_123",1921,"2021-01-17","history","0.474507709593052"
"exdqlm_multivar_synth_keep","draw_123",1921,"2021-01-18","history","0.440073233850195"
"exdqlm_multivar_synth_keep","draw_123",1921,"2021-01-19","history","0.399598787297290"
"exdqlm_multivar_synth_keep","draw_123",1921,"2021-01-20","history","0.374395411192302"
"exdqlm_multivar_synth_keep","draw_123",1921,"2021-01-21","history","0.374389913038237"
"exdqlm_multivar_synth_keep","draw_123",1921,"2021-01-22","history","0.538722338919053"
"exdqlm_multivar_synth_keep","draw_123",1921,"2021-01-23","history","1.23596813714785"
"exdqlm_multivar_synth_keep","draw_124",1937,"2021-01-05","history","1.62115447304629"
"exdqlm_multivar_synth_keep","draw_124",1937,"2021-01-06","history","0.950419953554800"
"exdqlm_multivar_synth_keep","draw_124",1937,"2021-01-07","history","0.846001255679499"
"exdqlm_multivar_synth_keep","draw_124",1937,"2021-01-08","history","0.673474459520901"
"exdqlm_multivar_synth_keep","draw_124",1937,"2021-01-09","history","0.652814728097252"
"exdqlm_multivar_synth_keep","draw_124",1937,"2021-01-10","history","0.613786076802929"
"exdqlm_multivar_synth_keep","draw_124",1937,"2021-01-11","history","0.612291590205175"
"exdqlm_multivar_synth_keep","draw_124",1937,"2021-01-12","history","0.589588296672933"
"exdqlm_multivar_synth_keep","draw_124",1937,"2021-01-13","history","0.580678679362036"
"exdqlm_multivar_synth_keep","draw_124",1937,"2021-01-14","history","0.559699133497261"
"exdqlm_multivar_synth_keep","draw_124",1937,"2021-01-15","history","0.522133618556868"
"exdqlm_multivar_synth_keep","draw_124",1937,"2021-01-16","history","0.500656047362280"
"exdqlm_multivar_synth_keep","draw_124",1937,"2021-01-17","history","0.481055386344800"
"exdqlm_multivar_synth_keep","draw_124",1937,"2021-01-18","history","0.446979236509257"
"exdqlm_multivar_synth_keep","draw_124",1937,"2021-01-19","history","0.407318462722247"
"exdqlm_multivar_synth_keep","draw_124",1937,"2021-01-20","history","0.378297173935044"
"exdqlm_multivar_synth_keep","draw_124",1937,"2021-01-21","history","0.384421691165029"
"exdqlm_multivar_synth_keep","draw_124",1937,"2021-01-22","history","0.548995561227154"
"exdqlm_multivar_synth_keep","draw_124",1937,"2021-01-23","history","1.24797765207924"
"exdqlm_multivar_synth_keep","draw_125",1953,"2021-01-05","history","1.63008481811584"
"exdqlm_multivar_synth_keep","draw_125",1953,"2021-01-06","history","0.959715078918096"
"exdqlm_multivar_synth_keep","draw_125",1953,"2021-01-07","history","0.854753448108606"
"exdqlm_multivar_synth_keep","draw_125",1953,"2021-01-08","history","0.684727968141648"
"exdqlm_multivar_synth_keep","draw_125",1953,"2021-01-09","history","0.660519814233247"
"exdqlm_multivar_synth_keep","draw_125",1953,"2021-01-10","history","0.624529609906484"
"exdqlm_multivar_synth_keep","draw_125",1953,"2021-01-11","history","0.626307281562157"
"exdqlm_multivar_synth_keep","draw_125",1953,"2021-01-12","history","0.597259460855960"
"exdqlm_multivar_synth_keep","draw_125",1953,"2021-01-13","history","0.588714643842652"
"exdqlm_multivar_synth_keep","draw_125",1953,"2021-01-14","history","0.563891570152052"
"exdqlm_multivar_synth_keep","draw_125",1953,"2021-01-15","history","0.527211281785827"
"exdqlm_multivar_synth_keep","draw_125",1953,"2021-01-16","history","0.512710082884301"
"exdqlm_multivar_synth_keep","draw_125",1953,"2021-01-17","history","0.491614063436946"
"exdqlm_multivar_synth_keep","draw_125",1953,"2021-01-18","history","0.458368377491214"
"exdqlm_multivar_synth_keep","draw_125",1953,"2021-01-19","history","0.424509551900288"
"exdqlm_multivar_synth_keep","draw_125",1953,"2021-01-20","history","0.386204061521257"
"exdqlm_multivar_synth_keep","draw_125",1953,"2021-01-21","history","0.395659475653957"
"exdqlm_multivar_synth_keep","draw_125",1953,"2021-01-22","history","0.561443224494897"
"exdqlm_multivar_synth_keep","draw_125",1953,"2021-01-23","history","1.25955922167827"
"exdqlm_multivar_synth_keep","draw_126",1969,"2021-01-05","history","1.64122949787808"
"exdqlm_multivar_synth_keep","draw_126",1969,"2021-01-06","history","0.972606005747069"
"exdqlm_multivar_synth_keep","draw_126",1969,"2021-01-07","history","0.871526003967250"
"exdqlm_multivar_synth_keep","draw_126",1969,"2021-01-08","history","0.690454169010696"
"exdqlm_multivar_synth_keep","draw_126",1969,"2021-01-09","history","0.676427032886316"
"exdqlm_multivar_synth_keep","draw_126",1969,"2021-01-10","history","0.635604563294818"
"exdqlm_multivar_synth_keep","draw_126",1969,"2021-01-11","history","0.637699754879353"
"exdqlm_multivar_synth_keep","draw_126",1969,"2021-01-12","history","0.607419394596629"
"exdqlm_multivar_synth_keep","draw_126",1969,"2021-01-13","history","0.599870106358775"
"exdqlm_multivar_synth_keep","draw_126",1969,"2021-01-14","history","0.574589007749687"
"exdqlm_multivar_synth_keep","draw_126",1969,"2021-01-15","history","0.539157873843428"
"exdqlm_multivar_synth_keep","draw_126",1969,"2021-01-16","history","0.530370248959426"
"exdqlm_multivar_synth_keep","draw_126",1969,"2021-01-17","history","0.504217165741170"
"exdqlm_multivar_synth_keep","draw_126",1969,"2021-01-18","history","0.471127113467398"
"exdqlm_multivar_synth_keep","draw_126",1969,"2021-01-19","history","0.430783032980769"
"exdqlm_multivar_synth_keep","draw_126",1969,"2021-01-20","history","0.398643496056051"
"exdqlm_multivar_synth_keep","draw_126",1969,"2021-01-21","history","0.404520224830027"
"exdqlm_multivar_synth_keep","draw_126",1969,"2021-01-22","history","0.582645738180795"
"exdqlm_multivar_synth_keep","draw_126",1969,"2021-01-23","history","1.27926942612939"
"exdqlm_multivar_synth_keep","draw_127",1984,"2021-01-05","history","1.65963929146512"
"exdqlm_multivar_synth_keep","draw_127",1984,"2021-01-06","history","1.01486497969653"
"exdqlm_multivar_synth_keep","draw_127",1984,"2021-01-07","history","0.889296104693324"
"exdqlm_multivar_synth_keep","draw_127",1984,"2021-01-08","history","0.718685808558500"
"exdqlm_multivar_synth_keep","draw_127",1984,"2021-01-09","history","0.710818180549101"
"exdqlm_multivar_synth_keep","draw_127",1984,"2021-01-10","history","0.648707058202925"
"exdqlm_multivar_synth_keep","draw_127",1984,"2021-01-11","history","0.652743709504349"
"exdqlm_multivar_synth_keep","draw_127",1984,"2021-01-12","history","0.618366508155142"
"exdqlm_multivar_synth_keep","draw_127",1984,"2021-01-13","history","0.627624504996154"
"exdqlm_multivar_synth_keep","draw_127",1984,"2021-01-14","history","0.592798787078569"
"exdqlm_multivar_synth_keep","draw_127",1984,"2021-01-15","history","0.574154759480861"
"exdqlm_multivar_synth_keep","draw_127",1984,"2021-01-16","history","0.558019194073521"
"exdqlm_multivar_synth_keep","draw_127",1984,"2021-01-17","history","0.532056810694741"
"exdqlm_multivar_synth_keep","draw_127",1984,"2021-01-18","history","0.487713952726570"
"exdqlm_multivar_synth_keep","draw_127",1984,"2021-01-19","history","0.448968227497064"
"exdqlm_multivar_synth_keep","draw_127",1984,"2021-01-20","history","0.426942065900226"
"exdqlm_multivar_synth_keep","draw_127",1984,"2021-01-21","history","0.420694124734330"
"exdqlm_multivar_synth_keep","draw_127",1984,"2021-01-22","history","0.600381292946489"
"exdqlm_multivar_synth_keep","draw_127",1984,"2021-01-23","history","1.29957870693540"
"exdqlm_multivar_synth_keep","draw_128",2000,"2021-01-05","history","1.72549903088976"
"exdqlm_multivar_synth_keep","draw_128",2000,"2021-01-06","history","1.08785632277819"
"exdqlm_multivar_synth_keep","draw_128",2000,"2021-01-07","history","0.989301428054771"
"exdqlm_multivar_synth_keep","draw_128",2000,"2021-01-08","history","0.779833851420716"
"exdqlm_multivar_synth_keep","draw_128",2000,"2021-01-09","history","0.786789512503238"
"exdqlm_multivar_synth_keep","draw_128",2000,"2021-01-10","history","0.715087783840291"
"exdqlm_multivar_synth_keep","draw_128",2000,"2021-01-11","history","0.707910855392105"
"exdqlm_multivar_synth_keep","draw_128",2000,"2021-01-12","history","0.701214825981010"
"exdqlm_multivar_synth_keep","draw_128",2000,"2021-01-13","history","0.761772692696922"
"exdqlm_multivar_synth_keep","draw_128",2000,"2021-01-14","history","0.649584510161450"
"exdqlm_multivar_synth_keep","draw_128",2000,"2021-01-15","history","0.632466341694772"
"exdqlm_multivar_synth_keep","draw_128",2000,"2021-01-16","history","0.609485707431131"
"exdqlm_multivar_synth_keep","draw_128",2000,"2021-01-17","history","0.604849797489569"
"exdqlm_multivar_synth_keep","draw_128",2000,"2021-01-18","history","0.534369202183097"
"exdqlm_multivar_synth_keep","draw_128",2000,"2021-01-19","history","0.499985985341337"
"exdqlm_multivar_synth_keep","draw_128",2000,"2021-01-20","history","0.488107685654367"
"exdqlm_multivar_synth_keep","draw_128",2000,"2021-01-21","history","0.508017650250506"
"exdqlm_multivar_synth_keep","draw_128",2000,"2021-01-22","history","0.677363081110861"
"exdqlm_multivar_synth_keep","draw_128",2000,"2021-01-23","history","1.35194920251076"
"exdqlm_multivar_synth_keep","draw_001",1,"2021-01-24","forecast","-0.0740915934490681"
"exdqlm_multivar_synth_keep","draw_001",1,"2021-01-25","forecast","0"
"exdqlm_multivar_synth_keep","draw_001",1,"2021-01-26","forecast","-0.0114992269757656"
"exdqlm_multivar_synth_keep","draw_001",1,"2021-01-27","forecast","0"
"exdqlm_multivar_synth_keep","draw_001",1,"2021-01-28","forecast","0"
"exdqlm_multivar_synth_keep","draw_001",1,"2021-01-29","forecast","0"
"exdqlm_multivar_synth_keep","draw_001",1,"2021-01-30","forecast","0"
"exdqlm_multivar_synth_keep","draw_001",1,"2021-01-31","forecast","0"
"exdqlm_multivar_synth_keep","draw_001",1,"2021-02-01","forecast","0"
"exdqlm_multivar_synth_keep","draw_001",1,"2021-02-02","forecast","0"
"exdqlm_multivar_synth_keep","draw_001",1,"2021-02-03","forecast","0"
"exdqlm_multivar_synth_keep","draw_001",1,"2021-02-04","forecast","0"
"exdqlm_multivar_synth_keep","draw_001",1,"2021-02-05","forecast","0"
"exdqlm_multivar_synth_keep","draw_001",1,"2021-02-06","forecast","0"
"exdqlm_multivar_synth_keep","draw_001",1,"2021-02-07","forecast","0"
"exdqlm_multivar_synth_keep","draw_001",1,"2021-02-08","forecast","0"
"exdqlm_multivar_synth_keep","draw_001",1,"2021-02-09","forecast","0"
"exdqlm_multivar_synth_keep","draw_001",1,"2021-02-10","forecast","0"
"exdqlm_multivar_synth_keep","draw_001",1,"2021-02-11","forecast","0"
"exdqlm_multivar_synth_keep","draw_001",1,"2021-02-12","forecast","0"
"exdqlm_multivar_synth_keep","draw_001",1,"2021-02-13","forecast","0"
"exdqlm_multivar_synth_keep","draw_001",1,"2021-02-14","forecast","0"
"exdqlm_multivar_synth_keep","draw_001",1,"2021-02-15","forecast","0"
"exdqlm_multivar_synth_keep","draw_001",1,"2021-02-16","forecast","0"
"exdqlm_multivar_synth_keep","draw_001",1,"2021-02-17","forecast","0"
"exdqlm_multivar_synth_keep","draw_001",1,"2021-02-18","forecast","0"
"exdqlm_multivar_synth_keep","draw_001",1,"2021-02-19","forecast","0"
"exdqlm_multivar_synth_keep","draw_001",1,"2021-02-20","forecast","0"
"exdqlm_multivar_synth_keep","draw_002",17,"2021-01-24","forecast","-0.00201775229697523"
"exdqlm_multivar_synth_keep","draw_002",17,"2021-01-25","forecast","0.0338407859463855"
"exdqlm_multivar_synth_keep","draw_002",17,"2021-01-26","forecast","0.0348367614465426"
"exdqlm_multivar_synth_keep","draw_002",17,"2021-01-27","forecast","1.03297434792104"
"exdqlm_multivar_synth_keep","draw_002",17,"2021-01-28","forecast","1.50086782840258"
"exdqlm_multivar_synth_keep","draw_002",17,"2021-01-29","forecast","1.65691567219763"
"exdqlm_multivar_synth_keep","draw_002",17,"2021-01-30","forecast","0.873669880976210"
"exdqlm_multivar_synth_keep","draw_002",17,"2021-01-31","forecast","0.471801133057140"
"exdqlm_multivar_synth_keep","draw_002",17,"2021-02-01","forecast","0.442471583555243"
"exdqlm_multivar_synth_keep","draw_002",17,"2021-02-02","forecast","0.804998039710611"
"exdqlm_multivar_synth_keep","draw_002",17,"2021-02-03","forecast","0.706028905227976"
"exdqlm_multivar_synth_keep","draw_002",17,"2021-02-04","forecast","0.549623351600963"
"exdqlm_multivar_synth_keep","draw_002",17,"2021-02-05","forecast","0.431096410449007"
"exdqlm_multivar_synth_keep","draw_002",17,"2021-02-06","forecast","0.424048256489469"
"exdqlm_multivar_synth_keep","draw_002",17,"2021-02-07","forecast","0.480258545770314"
"exdqlm_multivar_synth_keep","draw_002",17,"2021-02-08","forecast","0.382614741743566"
"exdqlm_multivar_synth_keep","draw_002",17,"2021-02-09","forecast","0.361461719670031"
"exdqlm_multivar_synth_keep","draw_002",17,"2021-02-10","forecast","0.744779559640472"
"exdqlm_multivar_synth_keep","draw_002",17,"2021-02-11","forecast","0.492269717035090"
"exdqlm_multivar_synth_keep","draw_002",17,"2021-02-12","forecast","0.416554895037365"
"exdqlm_multivar_synth_keep","draw_002",17,"2021-02-13","forecast","0.406341568477146"
"exdqlm_multivar_synth_keep","draw_002",17,"2021-02-14","forecast","0.544524918811212"
"exdqlm_multivar_synth_keep","draw_002",17,"2021-02-15","forecast","0.403853426242579"
"exdqlm_multivar_synth_keep","draw_002",17,"2021-02-16","forecast","0.451783685023108"
"exdqlm_multivar_synth_keep","draw_002",17,"2021-02-17","forecast","0.361609030691895"
"exdqlm_multivar_synth_keep","draw_002",17,"2021-02-18","forecast","0.283615658882453"
"exdqlm_multivar_synth_keep","draw_002",17,"2021-02-19","forecast","0.219841549669598"
"exdqlm_multivar_synth_keep","draw_002",17,"2021-02-20","forecast","0.382519857248543"
"exdqlm_multivar_synth_keep","draw_003",32,"2021-01-24","forecast","0.00500137641645360"
"exdqlm_multivar_synth_keep","draw_003",32,"2021-01-25","forecast","0.0456238605634067"
"exdqlm_multivar_synth_keep","draw_003",32,"2021-01-26","forecast","0.0450329948588078"
"exdqlm_multivar_synth_keep","draw_003",32,"2021-01-27","forecast","1.04685175711804"
"exdqlm_multivar_synth_keep","draw_003",32,"2021-01-28","forecast","1.51271426867384"
"exdqlm_multivar_synth_keep","draw_003",32,"2021-01-29","forecast","1.66582815730691"
"exdqlm_multivar_synth_keep","draw_003",32,"2021-01-30","forecast","0.889314807554346"
"exdqlm_multivar_synth_keep","draw_003",32,"2021-01-31","forecast","0.481847739819637"
"exdqlm_multivar_synth_keep","draw_003",32,"2021-02-01","forecast","0.452524358227187"
"exdqlm_multivar_synth_keep","draw_003",32,"2021-02-02","forecast","0.817452092684468"
"exdqlm_multivar_synth_keep","draw_003",32,"2021-02-03","forecast","0.713615917010582"
"exdqlm_multivar_synth_keep","draw_003",32,"2021-02-04","forecast","0.555240020378005"
"exdqlm_multivar_synth_keep","draw_003",32,"2021-02-05","forecast","0.441186233531435"
"exdqlm_multivar_synth_keep","draw_003",32,"2021-02-06","forecast","0.430768943963431"
"exdqlm_multivar_synth_keep","draw_003",32,"2021-02-07","forecast","0.494310052520411"
"exdqlm_multivar_synth_keep","draw_003",32,"2021-02-08","forecast","0.391641807256503"
"exdqlm_multivar_synth_keep","draw_003",32,"2021-02-09","forecast","0.380817855167070"
"exdqlm_multivar_synth_keep","draw_003",32,"2021-02-10","forecast","0.770754959692966"
"exdqlm_multivar_synth_keep","draw_003",32,"2021-02-11","forecast","0.504337597462576"
"exdqlm_multivar_synth_keep","draw_003",32,"2021-02-12","forecast","0.426661438054116"
"exdqlm_multivar_synth_keep","draw_003",32,"2021-02-13","forecast","0.422595689306683"
"exdqlm_multivar_synth_keep","draw_003",32,"2021-02-14","forecast","0.560957103216345"
"exdqlm_multivar_synth_keep","draw_003",32,"2021-02-15","forecast","0.415847158570834"
"exdqlm_multivar_synth_keep","draw_003",32,"2021-02-16","forecast","0.478269780797578"
"exdqlm_multivar_synth_keep","draw_003",32,"2021-02-17","forecast","0.386323102059120"
"exdqlm_multivar_synth_keep","draw_003",32,"2021-02-18","forecast","0.304005474051967"
"exdqlm_multivar_synth_keep","draw_003",32,"2021-02-19","forecast","0.235680658158106"
"exdqlm_multivar_synth_keep","draw_003",32,"2021-02-20","forecast","0.395532229329009"
"exdqlm_multivar_synth_keep","draw_004",48,"2021-01-24","forecast","0.0126710494969083"
"exdqlm_multivar_synth_keep","draw_004",48,"2021-01-25","forecast","0.0550313555747645"
"exdqlm_multivar_synth_keep","draw_004",48,"2021-01-26","forecast","0.0552755129846499"
"exdqlm_multivar_synth_keep","draw_004",48,"2021-01-27","forecast","1.05702480948716"
"exdqlm_multivar_synth_keep","draw_004",48,"2021-01-28","forecast","1.52164802318819"
"exdqlm_multivar_synth_keep","draw_004",48,"2021-01-29","forecast","1.67184078105898"
"exdqlm_multivar_synth_keep","draw_004",48,"2021-01-30","forecast","0.894456677704057"
"exdqlm_multivar_synth_keep","draw_004",48,"2021-01-31","forecast","0.488799570575920"
"exdqlm_multivar_synth_keep","draw_004",48,"2021-02-01","forecast","0.463470190013575"
"exdqlm_multivar_synth_keep","draw_004",48,"2021-02-02","forecast","0.828872315628357"
"exdqlm_multivar_synth_keep","draw_004",48,"2021-02-03","forecast","0.720264285283618"
"exdqlm_multivar_synth_keep","draw_004",48,"2021-02-04","forecast","0.567947952325861"
"exdqlm_multivar_synth_keep","draw_004",48,"2021-02-05","forecast","0.448989584670860"
"exdqlm_multivar_synth_keep","draw_004",48,"2021-02-06","forecast","0.435835655356575"
"exdqlm_multivar_synth_keep","draw_004",48,"2021-02-07","forecast","0.504028432079609"
"exdqlm_multivar_synth_keep","draw_004",48,"2021-02-08","forecast","0.401082645766130"
"exdqlm_multivar_synth_keep","draw_004",48,"2021-02-09","forecast","0.390090980053864"
"exdqlm_multivar_synth_keep","draw_004",48,"2021-02-10","forecast","0.779738565908542"
"exdqlm_multivar_synth_keep","draw_004",48,"2021-02-11","forecast","0.511834384046226"
"exdqlm_multivar_synth_keep","draw_004",48,"2021-02-12","forecast","0.433988303183136"
"exdqlm_multivar_synth_keep","draw_004",48,"2021-02-13","forecast","0.430908256033974"
"exdqlm_multivar_synth_keep","draw_004",48,"2021-02-14","forecast","0.573747635372579"
"exdqlm_multivar_synth_keep","draw_004",48,"2021-02-15","forecast","0.420922823082543"
"exdqlm_multivar_synth_keep","draw_004",48,"2021-02-16","forecast","0.484759178891396"
"exdqlm_multivar_synth_keep","draw_004",48,"2021-02-17","forecast","0.392986743626496"
"exdqlm_multivar_synth_keep","draw_004",48,"2021-02-18","forecast","0.311543057637329"
"exdqlm_multivar_synth_keep","draw_004",48,"2021-02-19","forecast","0.245685410566971"
"exdqlm_multivar_synth_keep","draw_004",48,"2021-02-20","forecast","0.401625328535024"
"exdqlm_multivar_synth_keep","draw_005",64,"2021-01-24","forecast","0.0173073752119867"
"exdqlm_multivar_synth_keep","draw_005",64,"2021-01-25","forecast","0.0639830763329985"
"exdqlm_multivar_synth_keep","draw_005",64,"2021-01-26","forecast","0.0592417206901738"
"exdqlm_multivar_synth_keep","draw_005",64,"2021-01-27","forecast","1.06232196865502"
"exdqlm_multivar_synth_keep","draw_005",64,"2021-01-28","forecast","1.52595377555116"
"exdqlm_multivar_synth_keep","draw_005",64,"2021-01-29","forecast","1.67705966903175"
"exdqlm_multivar_synth_keep","draw_005",64,"2021-01-30","forecast","0.902276556154828"
"exdqlm_multivar_synth_keep","draw_005",64,"2021-01-31","forecast","0.494781645932298"
"exdqlm_multivar_synth_keep","draw_005",64,"2021-02-01","forecast","0.468620575771751"
"exdqlm_multivar_synth_keep","draw_005",64,"2021-02-02","forecast","0.838371673967548"
"exdqlm_multivar_synth_keep","draw_005",64,"2021-02-03","forecast","0.728541603814758"
"exdqlm_multivar_synth_keep","draw_005",64,"2021-02-04","forecast","0.572455713313566"
"exdqlm_multivar_synth_keep","draw_005",64,"2021-02-05","forecast","0.453655312531659"
"exdqlm_multivar_synth_keep","draw_005",64,"2021-02-06","forecast","0.440131643119218"
"exdqlm_multivar_synth_keep","draw_005",64,"2021-02-07","forecast","0.515153404261838"
"exdqlm_multivar_synth_keep","draw_005",64,"2021-02-08","forecast","0.412291179662772"
"exdqlm_multivar_synth_keep","draw_005",64,"2021-02-09","forecast","0.394772975002182"
"exdqlm_multivar_synth_keep","draw_005",64,"2021-02-10","forecast","0.785253091889621"
"exdqlm_multivar_synth_keep","draw_005",64,"2021-02-11","forecast","0.518007922451830"
"exdqlm_multivar_synth_keep","draw_005",64,"2021-02-12","forecast","0.437845765710285"
"exdqlm_multivar_synth_keep","draw_005",64,"2021-02-13","forecast","0.435783978346888"
"exdqlm_multivar_synth_keep","draw_005",64,"2021-02-14","forecast","0.580732217428107"
"exdqlm_multivar_synth_keep","draw_005",64,"2021-02-15","forecast","0.425004231738290"
"exdqlm_multivar_synth_keep","draw_005",64,"2021-02-16","forecast","0.488400306071205"
"exdqlm_multivar_synth_keep","draw_005",64,"2021-02-17","forecast","0.397168076175303"
"exdqlm_multivar_synth_keep","draw_005",64,"2021-02-18","forecast","0.317792850147956"
"exdqlm_multivar_synth_keep","draw_005",64,"2021-02-19","forecast","0.256162998433837"
"exdqlm_multivar_synth_keep","draw_005",64,"2021-02-20","forecast","0.408242857907221"
"exdqlm_multivar_synth_keep","draw_006",80,"2021-01-24","forecast","0.0211081081728110"
"exdqlm_multivar_synth_keep","draw_006",80,"2021-01-25","forecast","0.0692271148020130"
"exdqlm_multivar_synth_keep","draw_006",80,"2021-01-26","forecast","0.0627621240397008"
"exdqlm_multivar_synth_keep","draw_006",80,"2021-01-27","forecast","1.06695541305321"
"exdqlm_multivar_synth_keep","draw_006",80,"2021-01-28","forecast","1.53150274342854"
"exdqlm_multivar_synth_keep","draw_006",80,"2021-01-29","forecast","1.67980331368908"
"exdqlm_multivar_synth_keep","draw_006",80,"2021-01-30","forecast","0.904447153515701"
"exdqlm_multivar_synth_keep","draw_006",80,"2021-01-31","forecast","0.499754208180758"
"exdqlm_multivar_synth_keep","draw_006",80,"2021-02-01","forecast","0.474655239117722"
"exdqlm_multivar_synth_keep","draw_006",80,"2021-02-02","forecast","0.843781075830740"
"exdqlm_multivar_synth_keep","draw_006",80,"2021-02-03","forecast","0.732481401108589"
"exdqlm_multivar_synth_keep","draw_006",80,"2021-02-04","forecast","0.577216189341353"
"exdqlm_multivar_synth_keep","draw_006",80,"2021-02-05","forecast","0.457760041011826"
"exdqlm_multivar_synth_keep","draw_006",80,"2021-02-06","forecast","0.445163525262403"
"exdqlm_multivar_synth_keep","draw_006",80,"2021-02-07","forecast","0.523820678024747"
"exdqlm_multivar_synth_keep","draw_006",80,"2021-02-08","forecast","0.416560491183725"
"exdqlm_multivar_synth_keep","draw_006",80,"2021-02-09","forecast","0.400869362358766"
"exdqlm_multivar_synth_keep","draw_006",80,"2021-02-10","forecast","0.789251070520940"
"exdqlm_multivar_synth_keep","draw_006",80,"2021-02-11","forecast","0.523566658932575"
"exdqlm_multivar_synth_keep","draw_006",80,"2021-02-12","forecast","0.440619530783838"
"exdqlm_multivar_synth_keep","draw_006",80,"2021-02-13","forecast","0.438236432791086"
"exdqlm_multivar_synth_keep","draw_006",80,"2021-02-14","forecast","0.585154401499275"
"exdqlm_multivar_synth_keep","draw_006",80,"2021-02-15","forecast","0.429336859095974"
"exdqlm_multivar_synth_keep","draw_006",80,"2021-02-16","forecast","0.490776331874554"
"exdqlm_multivar_synth_keep","draw_006",80,"2021-02-17","forecast","0.402867573117555"
"exdqlm_multivar_synth_keep","draw_006",80,"2021-02-18","forecast","0.326577450422528"
"exdqlm_multivar_synth_keep","draw_006",80,"2021-02-19","forecast","0.262182201276157"
"exdqlm_multivar_synth_keep","draw_006",80,"2021-02-20","forecast","0.415284052435524"
"exdqlm_multivar_synth_keep","draw_007",95,"2021-01-24","forecast","0.0242684354530880"
"exdqlm_multivar_synth_keep","draw_007",95,"2021-01-25","forecast","0.0751315235191574"
"exdqlm_multivar_synth_keep","draw_007",95,"2021-01-26","forecast","0.0706368352005647"
"exdqlm_multivar_synth_keep","draw_007",95,"2021-01-27","forecast","1.07144159114713"
"exdqlm_multivar_synth_keep","draw_007",95,"2021-01-28","forecast","1.53663272518197"
"exdqlm_multivar_synth_keep","draw_007",95,"2021-01-29","forecast","1.68266349152089"
"exdqlm_multivar_synth_keep","draw_007",95,"2021-01-30","forecast","0.907128270908764"
"exdqlm_multivar_synth_keep","draw_007",95,"2021-01-31","forecast","0.506930237858856"
"exdqlm_multivar_synth_keep","draw_007",95,"2021-02-01","forecast","0.478073557182465"
"exdqlm_multivar_synth_keep","draw_007",95,"2021-02-02","forecast","0.849801381462969"
"exdqlm_multivar_synth_keep","draw_007",95,"2021-02-03","forecast","0.735983028236417"
"exdqlm_multivar_synth_keep","draw_007",95,"2021-02-04","forecast","0.583111604405354"
"exdqlm_multivar_synth_keep","draw_007",95,"2021-02-05","forecast","0.463664889340245"
"exdqlm_multivar_synth_keep","draw_007",95,"2021-02-06","forecast","0.453657909960987"
"exdqlm_multivar_synth_keep","draw_007",95,"2021-02-07","forecast","0.530873003768241"
"exdqlm_multivar_synth_keep","draw_007",95,"2021-02-08","forecast","0.421829690180749"
"exdqlm_multivar_synth_keep","draw_007",95,"2021-02-09","forecast","0.407268166942463"
"exdqlm_multivar_synth_keep","draw_007",95,"2021-02-10","forecast","0.791899497086908"
"exdqlm_multivar_synth_keep","draw_007",95,"2021-02-11","forecast","0.528620624256960"
"exdqlm_multivar_synth_keep","draw_007",95,"2021-02-12","forecast","0.444086670818718"
"exdqlm_multivar_synth_keep","draw_007",95,"2021-02-13","forecast","0.444733594973715"
"exdqlm_multivar_synth_keep","draw_007",95,"2021-02-14","forecast","0.590642408374856"
"exdqlm_multivar_synth_keep","draw_007",95,"2021-02-15","forecast","0.435398265355790"
"exdqlm_multivar_synth_keep","draw_007",95,"2021-02-16","forecast","0.496004252531679"
"exdqlm_multivar_synth_keep","draw_007",95,"2021-02-17","forecast","0.409582739644978"
"exdqlm_multivar_synth_keep","draw_007",95,"2021-02-18","forecast","0.331585465152807"
"exdqlm_multivar_synth_keep","draw_007",95,"2021-02-19","forecast","0.270816147797070"
"exdqlm_multivar_synth_keep","draw_007",95,"2021-02-20","forecast","0.418515426516699"
"exdqlm_multivar_synth_keep","draw_008",111,"2021-01-24","forecast","0.0290090129167034"
"exdqlm_multivar_synth_keep","draw_008",111,"2021-01-25","forecast","0.0770065827400726"
"exdqlm_multivar_synth_keep","draw_008",111,"2021-01-26","forecast","0.0767447764239064"
"exdqlm_multivar_synth_keep","draw_008",111,"2021-01-27","forecast","1.09478738512651"
"exdqlm_multivar_synth_keep","draw_008",111,"2021-01-28","forecast","1.54241557066959"
"exdqlm_multivar_synth_keep","draw_008",111,"2021-01-29","forecast","1.68525664914765"
"exdqlm_multivar_synth_keep","draw_008",111,"2021-01-30","forecast","0.911981678663822"
"exdqlm_multivar_synth_keep","draw_008",111,"2021-01-31","forecast","0.519509624459178"
"exdqlm_multivar_synth_keep","draw_008",111,"2021-02-01","forecast","0.483249441392326"
"exdqlm_multivar_synth_keep","draw_008",111,"2021-02-02","forecast","0.870174017082611"
"exdqlm_multivar_synth_keep","draw_008",111,"2021-02-03","forecast","0.737175914010467"
"exdqlm_multivar_synth_keep","draw_008",111,"2021-02-04","forecast","0.585456766049774"
"exdqlm_multivar_synth_keep","draw_008",111,"2021-02-05","forecast","0.470018841332306"
"exdqlm_multivar_synth_keep","draw_008",111,"2021-02-06","forecast","0.456506089939335"
"exdqlm_multivar_synth_keep","draw_008",111,"2021-02-07","forecast","0.539221124221449"
"exdqlm_multivar_synth_keep","draw_008",111,"2021-02-08","forecast","0.426942946552238"
"exdqlm_multivar_synth_keep","draw_008",111,"2021-02-09","forecast","0.413104957314974"
"exdqlm_multivar_synth_keep","draw_008",111,"2021-02-10","forecast","0.806597454981726"
"exdqlm_multivar_synth_keep","draw_008",111,"2021-02-11","forecast","0.535795475376749"
"exdqlm_multivar_synth_keep","draw_008",111,"2021-02-12","forecast","0.447773672209536"
"exdqlm_multivar_synth_keep","draw_008",111,"2021-02-13","forecast","0.450746804460317"
"exdqlm_multivar_synth_keep","draw_008",111,"2021-02-14","forecast","0.603998809929225"
"exdqlm_multivar_synth_keep","draw_008",111,"2021-02-15","forecast","0.443989739663954"
"exdqlm_multivar_synth_keep","draw_008",111,"2021-02-16","forecast","0.505458968884963"
"exdqlm_multivar_synth_keep","draw_008",111,"2021-02-17","forecast","0.415924438283246"
"exdqlm_multivar_synth_keep","draw_008",111,"2021-02-18","forecast","0.342596581686044"
"exdqlm_multivar_synth_keep","draw_008",111,"2021-02-19","forecast","0.276482235750583"
"exdqlm_multivar_synth_keep","draw_008",111,"2021-02-20","forecast","0.422731208433039"
"exdqlm_multivar_synth_keep","draw_009",127,"2021-01-24","forecast","0.0318719196966596"
"exdqlm_multivar_synth_keep","draw_009",127,"2021-01-25","forecast","0.0805534758434372"
"exdqlm_multivar_synth_keep","draw_009",127,"2021-01-26","forecast","0.0818989809731332"
"exdqlm_multivar_synth_keep","draw_009",127,"2021-01-27","forecast","1.12029709405125"
"exdqlm_multivar_synth_keep","draw_009",127,"2021-01-28","forecast","1.57245326976519"
"exdqlm_multivar_synth_keep","draw_009",127,"2021-01-29","forecast","1.70631816332980"
"exdqlm_multivar_synth_keep","draw_009",127,"2021-01-30","forecast","0.931214062747591"
"exdqlm_multivar_synth_keep","draw_009",127,"2021-01-31","forecast","0.529608106023904"
"exdqlm_multivar_synth_keep","draw_009",127,"2021-02-01","forecast","0.487852547192797"
"exdqlm_multivar_synth_keep","draw_009",127,"2021-02-02","forecast","0.885113578497408"
"exdqlm_multivar_synth_keep","draw_009",127,"2021-02-03","forecast","0.747701722702039"
"exdqlm_multivar_synth_keep","draw_009",127,"2021-02-04","forecast","0.595991444422860"
"exdqlm_multivar_synth_keep","draw_009",127,"2021-02-05","forecast","0.476808392132323"
"exdqlm_multivar_synth_keep","draw_009",127,"2021-02-06","forecast","0.467654140868581"
"exdqlm_multivar_synth_keep","draw_009",127,"2021-02-07","forecast","0.548200770468940"
"exdqlm_multivar_synth_keep","draw_009",127,"2021-02-08","forecast","0.436637401686185"
"exdqlm_multivar_synth_keep","draw_009",127,"2021-02-09","forecast","0.416712884279365"
"exdqlm_multivar_synth_keep","draw_009",127,"2021-02-10","forecast","0.822098038629557"
"exdqlm_multivar_synth_keep","draw_009",127,"2021-02-11","forecast","0.544335033158493"
"exdqlm_multivar_synth_keep","draw_009",127,"2021-02-12","forecast","0.452393561066382"
"exdqlm_multivar_synth_keep","draw_009",127,"2021-02-13","forecast","0.456191954709563"
"exdqlm_multivar_synth_keep","draw_009",127,"2021-02-14","forecast","0.613013465016326"
"exdqlm_multivar_synth_keep","draw_009",127,"2021-02-15","forecast","0.455810279721105"
"exdqlm_multivar_synth_keep","draw_009",127,"2021-02-16","forecast","0.517213009373421"
"exdqlm_multivar_synth_keep","draw_009",127,"2021-02-17","forecast","0.424955125705383"
"exdqlm_multivar_synth_keep","draw_009",127,"2021-02-18","forecast","0.356792851410626"
"exdqlm_multivar_synth_keep","draw_009",127,"2021-02-19","forecast","0.280925352323716"
"exdqlm_multivar_synth_keep","draw_009",127,"2021-02-20","forecast","0.425295672367995"
"exdqlm_multivar_synth_keep","draw_010",143,"2021-01-24","forecast","0.0360891935000041"
"exdqlm_multivar_synth_keep","draw_010",143,"2021-01-25","forecast","0.0926389565203885"
"exdqlm_multivar_synth_keep","draw_010",143,"2021-01-26","forecast","0.0875688019933482"
"exdqlm_multivar_synth_keep","draw_010",143,"2021-01-27","forecast","1.14079860648147"
"exdqlm_multivar_synth_keep","draw_010",143,"2021-01-28","forecast","1.59068262588536"
"exdqlm_multivar_synth_keep","draw_010",143,"2021-01-29","forecast","1.72410949824830"
"exdqlm_multivar_synth_keep","draw_010",143,"2021-01-30","forecast","0.944689967256477"
"exdqlm_multivar_synth_keep","draw_010",143,"2021-01-31","forecast","0.538939709440052"
"exdqlm_multivar_synth_keep","draw_010",143,"2021-02-01","forecast","0.498406587395089"
"exdqlm_multivar_synth_keep","draw_010",143,"2021-02-02","forecast","0.909584053001906"
"exdqlm_multivar_synth_keep","draw_010",143,"2021-02-03","forecast","0.759123404656816"
"exdqlm_multivar_synth_keep","draw_010",143,"2021-02-04","forecast","0.604664121525541"
"exdqlm_multivar_synth_keep","draw_010",143,"2021-02-05","forecast","0.483363984811514"
"exdqlm_multivar_synth_keep","draw_010",143,"2021-02-06","forecast","0.475193230743466"
"exdqlm_multivar_synth_keep","draw_010",143,"2021-02-07","forecast","0.558351073504065"
"exdqlm_multivar_synth_keep","draw_010",143,"2021-02-08","forecast","0.451269357443269"
"exdqlm_multivar_synth_keep","draw_010",143,"2021-02-09","forecast","0.422938183210961"
"exdqlm_multivar_synth_keep","draw_010",143,"2021-02-10","forecast","0.838978206571248"
"exdqlm_multivar_synth_keep","draw_010",143,"2021-02-11","forecast","0.550397744817666"
"exdqlm_multivar_synth_keep","draw_010",143,"2021-02-12","forecast","0.459926388834437"
"exdqlm_multivar_synth_keep","draw_010",143,"2021-02-13","forecast","0.463233089801290"
"exdqlm_multivar_synth_keep","draw_010",143,"2021-02-14","forecast","0.627066674931584"
"exdqlm_multivar_synth_keep","draw_010",143,"2021-02-15","forecast","0.469187815491690"
"exdqlm_multivar_synth_keep","draw_010",143,"2021-02-16","forecast","0.529986064392633"
"exdqlm_multivar_synth_keep","draw_010",143,"2021-02-17","forecast","0.430522709511257"
"exdqlm_multivar_synth_keep","draw_010",143,"2021-02-18","forecast","0.367021252060098"
"exdqlm_multivar_synth_keep","draw_010",143,"2021-02-19","forecast","0.292629184787888"
"exdqlm_multivar_synth_keep","draw_010",143,"2021-02-20","forecast","0.440188269158674"
"exdqlm_multivar_synth_keep","draw_011",158,"2021-01-24","forecast","0.0396806405590930"
"exdqlm_multivar_synth_keep","draw_011",158,"2021-01-25","forecast","0.0981009285078390"
"exdqlm_multivar_synth_keep","draw_011",158,"2021-01-26","forecast","0.0961802511533940"
"exdqlm_multivar_synth_keep","draw_011",158,"2021-01-27","forecast","1.16242214952915"
"exdqlm_multivar_synth_keep","draw_011",158,"2021-01-28","forecast","1.61455199801291"
"exdqlm_multivar_synth_keep","draw_011",158,"2021-01-29","forecast","1.74108776846210"
"exdqlm_multivar_synth_keep","draw_011",158,"2021-01-30","forecast","0.955763779153941"
"exdqlm_multivar_synth_keep","draw_011",158,"2021-01-31","forecast","0.548838032044521"
"exdqlm_multivar_synth_keep","draw_011",158,"2021-02-01","forecast","0.509041042804773"
"exdqlm_multivar_synth_keep","draw_011",158,"2021-02-02","forecast","0.919622317632072"
"exdqlm_multivar_synth_keep","draw_011",158,"2021-02-03","forecast","0.771733287975110"
"exdqlm_multivar_synth_keep","draw_011",158,"2021-02-04","forecast","0.612351664820319"
"exdqlm_multivar_synth_keep","draw_011",158,"2021-02-05","forecast","0.491639813965032"
"exdqlm_multivar_synth_keep","draw_011",158,"2021-02-06","forecast","0.480887407249709"
"exdqlm_multivar_synth_keep","draw_011",158,"2021-02-07","forecast","0.567688742966533"
"exdqlm_multivar_synth_keep","draw_011",158,"2021-02-08","forecast","0.462241802946675"
"exdqlm_multivar_synth_keep","draw_011",158,"2021-02-09","forecast","0.429428739236766"
"exdqlm_multivar_synth_keep","draw_011",158,"2021-02-10","forecast","0.850726398208703"
"exdqlm_multivar_synth_keep","draw_011",158,"2021-02-11","forecast","0.561098755649651"
"exdqlm_multivar_synth_keep","draw_011",158,"2021-02-12","forecast","0.467392170624896"
"exdqlm_multivar_synth_keep","draw_011",158,"2021-02-13","forecast","0.469090521310089"
"exdqlm_multivar_synth_keep","draw_011",158,"2021-02-14","forecast","0.638195298862915"
"exdqlm_multivar_synth_keep","draw_011",158,"2021-02-15","forecast","0.477903616443896"
"exdqlm_multivar_synth_keep","draw_011",158,"2021-02-16","forecast","0.537179607025317"
"exdqlm_multivar_synth_keep","draw_011",158,"2021-02-17","forecast","0.440034857403675"
"exdqlm_multivar_synth_keep","draw_011",158,"2021-02-18","forecast","0.378535625391301"
"exdqlm_multivar_synth_keep","draw_011",158,"2021-02-19","forecast","0.298554770030999"
"exdqlm_multivar_synth_keep","draw_011",158,"2021-02-20","forecast","0.449067810149376"
"exdqlm_multivar_synth_keep","draw_012",174,"2021-01-24","forecast","0.0451179757815413"
"exdqlm_multivar_synth_keep","draw_012",174,"2021-01-25","forecast","0.105322120210184"
"exdqlm_multivar_synth_keep","draw_012",174,"2021-01-26","forecast","0.104062230236844"
"exdqlm_multivar_synth_keep","draw_012",174,"2021-01-27","forecast","1.19611809609592"
"exdqlm_multivar_synth_keep","draw_012",174,"2021-01-28","forecast","1.64363646225585"
"exdqlm_multivar_synth_keep","draw_012",174,"2021-01-29","forecast","1.75857880438696"
"exdqlm_multivar_synth_keep","draw_012",174,"2021-01-30","forecast","0.962506968116311"
"exdqlm_multivar_synth_keep","draw_012",174,"2021-01-31","forecast","0.558747584800885"
"exdqlm_multivar_synth_keep","draw_012",174,"2021-02-01","forecast","0.521023673331711"
"exdqlm_multivar_synth_keep","draw_012",174,"2021-02-02","forecast","0.935378269500450"
"exdqlm_multivar_synth_keep","draw_012",174,"2021-02-03","forecast","0.784478674412976"
"exdqlm_multivar_synth_keep","draw_012",174,"2021-02-04","forecast","0.626420600537935"
"exdqlm_multivar_synth_keep","draw_012",174,"2021-02-05","forecast","0.503319284569614"
"exdqlm_multivar_synth_keep","draw_012",174,"2021-02-06","forecast","0.488642648691392"
"exdqlm_multivar_synth_keep","draw_012",174,"2021-02-07","forecast","0.578175217826369"
"exdqlm_multivar_synth_keep","draw_012",174,"2021-02-08","forecast","0.469454501681019"
"exdqlm_multivar_synth_keep","draw_012",174,"2021-02-09","forecast","0.438436321097147"
"exdqlm_multivar_synth_keep","draw_012",174,"2021-02-10","forecast","0.865111187818386"
"exdqlm_multivar_synth_keep","draw_012",174,"2021-02-11","forecast","0.566540706694613"
"exdqlm_multivar_synth_keep","draw_012",174,"2021-02-12","forecast","0.482845449890342"
"exdqlm_multivar_synth_keep","draw_012",174,"2021-02-13","forecast","0.479123737968583"
"exdqlm_multivar_synth_keep","draw_012",174,"2021-02-14","forecast","0.649651203584511"
"exdqlm_multivar_synth_keep","draw_012",174,"2021-02-15","forecast","0.488119754205449"
"exdqlm_multivar_synth_keep","draw_012",174,"2021-02-16","forecast","0.551853346821559"
"exdqlm_multivar_synth_keep","draw_012",174,"2021-02-17","forecast","0.449834591551056"
"exdqlm_multivar_synth_keep","draw_012",174,"2021-02-18","forecast","0.386987649197512"
"exdqlm_multivar_synth_keep","draw_012",174,"2021-02-19","forecast","0.305701216655659"
"exdqlm_multivar_synth_keep","draw_012",174,"2021-02-20","forecast","0.462346987332057"
"exdqlm_multivar_synth_keep","draw_013",190,"2021-01-24","forecast","0.0482433142983683"
"exdqlm_multivar_synth_keep","draw_013",190,"2021-01-25","forecast","0.114344458835248"
"exdqlm_multivar_synth_keep","draw_013",190,"2021-01-26","forecast","0.111635851781649"
"exdqlm_multivar_synth_keep","draw_013",190,"2021-01-27","forecast","1.22535516290960"
"exdqlm_multivar_synth_keep","draw_013",190,"2021-01-28","forecast","1.67455863044003"
"exdqlm_multivar_synth_keep","draw_013",190,"2021-01-29","forecast","1.78652958883947"
"exdqlm_multivar_synth_keep","draw_013",190,"2021-01-30","forecast","0.973698888081448"
"exdqlm_multivar_synth_keep","draw_013",190,"2021-01-31","forecast","0.566176925240411"
"exdqlm_multivar_synth_keep","draw_013",190,"2021-02-01","forecast","0.530995419371214"
"exdqlm_multivar_synth_keep","draw_013",190,"2021-02-02","forecast","0.947348058142430"
"exdqlm_multivar_synth_keep","draw_013",190,"2021-02-03","forecast","0.794168641900200"
"exdqlm_multivar_synth_keep","draw_013",190,"2021-02-04","forecast","0.635260091439178"
"exdqlm_multivar_synth_keep","draw_013",190,"2021-02-05","forecast","0.508182338738479"
"exdqlm_multivar_synth_keep","draw_013",190,"2021-02-06","forecast","0.494462356350642"
"exdqlm_multivar_synth_keep","draw_013",190,"2021-02-07","forecast","0.585161522798707"
"exdqlm_multivar_synth_keep","draw_013",190,"2021-02-08","forecast","0.481779695587047"
"exdqlm_multivar_synth_keep","draw_013",190,"2021-02-09","forecast","0.448944353443815"
"exdqlm_multivar_synth_keep","draw_013",190,"2021-02-10","forecast","0.881267650064901"
"exdqlm_multivar_synth_keep","draw_013",190,"2021-02-11","forecast","0.574648997693055"
"exdqlm_multivar_synth_keep","draw_013",190,"2021-02-12","forecast","0.494452134812841"
"exdqlm_multivar_synth_keep","draw_013",190,"2021-02-13","forecast","0.485610256999246"
"exdqlm_multivar_synth_keep","draw_013",190,"2021-02-14","forecast","0.667214138383649"
"exdqlm_multivar_synth_keep","draw_013",190,"2021-02-15","forecast","0.496917725925092"
"exdqlm_multivar_synth_keep","draw_013",190,"2021-02-16","forecast","0.560989877335475"
"exdqlm_multivar_synth_keep","draw_013",190,"2021-02-17","forecast","0.460355980763482"
"exdqlm_multivar_synth_keep","draw_013",190,"2021-02-18","forecast","0.393305235612227"
"exdqlm_multivar_synth_keep","draw_013",190,"2021-02-19","forecast","0.318688143942723"
"exdqlm_multivar_synth_keep","draw_013",190,"2021-02-20","forecast","0.469699827910519"
"exdqlm_multivar_synth_keep","draw_014",206,"2021-01-24","forecast","0.0515713223467756"
"exdqlm_multivar_synth_keep","draw_014",206,"2021-01-25","forecast","0.120270713420350"
"exdqlm_multivar_synth_keep","draw_014",206,"2021-01-26","forecast","0.118087956751434"
"exdqlm_multivar_synth_keep","draw_014",206,"2021-01-27","forecast","1.25534084120111"
"exdqlm_multivar_synth_keep","draw_014",206,"2021-01-28","forecast","1.70677549021731"
"exdqlm_multivar_synth_keep","draw_014",206,"2021-01-29","forecast","1.80658991383393"
"exdqlm_multivar_synth_keep","draw_014",206,"2021-01-30","forecast","0.992591402721397"
"exdqlm_multivar_synth_keep","draw_014",206,"2021-01-31","forecast","0.577976049577043"
"exdqlm_multivar_synth_keep","draw_014",206,"2021-02-01","forecast","0.544887178264615"
"exdqlm_multivar_synth_keep","draw_014",206,"2021-02-02","forecast","0.958883422799327"
"exdqlm_multivar_synth_keep","draw_014",206,"2021-02-03","forecast","0.805286425037729"
"exdqlm_multivar_synth_keep","draw_014",206,"2021-02-04","forecast","0.645657921028994"
"exdqlm_multivar_synth_keep","draw_014",206,"2021-02-05","forecast","0.518735624855205"
"exdqlm_multivar_synth_keep","draw_014",206,"2021-02-06","forecast","0.507503661703274"
"exdqlm_multivar_synth_keep","draw_014",206,"2021-02-07","forecast","0.596021527327003"
"exdqlm_multivar_synth_keep","draw_014",206,"2021-02-08","forecast","0.492507894047867"
"exdqlm_multivar_synth_keep","draw_014",206,"2021-02-09","forecast","0.454085147891330"
"exdqlm_multivar_synth_keep","draw_014",206,"2021-02-10","forecast","0.906736287164825"
"exdqlm_multivar_synth_keep","draw_014",206,"2021-02-11","forecast","0.583879703708448"
"exdqlm_multivar_synth_keep","draw_014",206,"2021-02-12","forecast","0.506715244107245"
"exdqlm_multivar_synth_keep","draw_014",206,"2021-02-13","forecast","0.493398074136990"
"exdqlm_multivar_synth_keep","draw_014",206,"2021-02-14","forecast","0.678867201756837"
"exdqlm_multivar_synth_keep","draw_014",206,"2021-02-15","forecast","0.504652561075459"
"exdqlm_multivar_synth_keep","draw_014",206,"2021-02-16","forecast","0.575101406559430"
"exdqlm_multivar_synth_keep","draw_014",206,"2021-02-17","forecast","0.467616624707451"
"exdqlm_multivar_synth_keep","draw_014",206,"2021-02-18","forecast","0.404247313820247"
"exdqlm_multivar_synth_keep","draw_014",206,"2021-02-19","forecast","0.325505265823123"
"exdqlm_multivar_synth_keep","draw_014",206,"2021-02-20","forecast","0.481809373375020"
"exdqlm_multivar_synth_keep","draw_015",221,"2021-01-24","forecast","0.0571254685256261"
"exdqlm_multivar_synth_keep","draw_015",221,"2021-01-25","forecast","0.125581084597499"
"exdqlm_multivar_synth_keep","draw_015",221,"2021-01-26","forecast","0.127157370292745"
"exdqlm_multivar_synth_keep","draw_015",221,"2021-01-27","forecast","1.29440516506801"
"exdqlm_multivar_synth_keep","draw_015",221,"2021-01-28","forecast","1.73460623925065"
"exdqlm_multivar_synth_keep","draw_015",221,"2021-01-29","forecast","1.83285255652337"
"exdqlm_multivar_synth_keep","draw_015",221,"2021-01-30","forecast","1.00290709973087"
"exdqlm_multivar_synth_keep","draw_015",221,"2021-01-31","forecast","0.590598161125001"
"exdqlm_multivar_synth_keep","draw_015",221,"2021-02-01","forecast","0.557493620876481"
"exdqlm_multivar_synth_keep","draw_015",221,"2021-02-02","forecast","0.968086137763275"
"exdqlm_multivar_synth_keep","draw_015",221,"2021-02-03","forecast","0.816709727379188"
"exdqlm_multivar_synth_keep","draw_015",221,"2021-02-04","forecast","0.656982520506055"
"exdqlm_multivar_synth_keep","draw_015",221,"2021-02-05","forecast","0.530307003536506"
"exdqlm_multivar_synth_keep","draw_015",221,"2021-02-06","forecast","0.517936538786783"
"exdqlm_multivar_synth_keep","draw_015",221,"2021-02-07","forecast","0.604578257709519"
"exdqlm_multivar_synth_keep","draw_015",221,"2021-02-08","forecast","0.497227544974530"
"exdqlm_multivar_synth_keep","draw_015",221,"2021-02-09","forecast","0.462826368953589"
"exdqlm_multivar_synth_keep","draw_015",221,"2021-02-10","forecast","0.925145715562652"
"exdqlm_multivar_synth_keep","draw_015",221,"2021-02-11","forecast","0.592628797678680"
"exdqlm_multivar_synth_keep","draw_015",221,"2021-02-12","forecast","0.517218543080452"
"exdqlm_multivar_synth_keep","draw_015",221,"2021-02-13","forecast","0.502316707885881"
"exdqlm_multivar_synth_keep","draw_015",221,"2021-02-14","forecast","0.694608070339986"
"exdqlm_multivar_synth_keep","draw_015",221,"2021-02-15","forecast","0.513641743167076"
"exdqlm_multivar_synth_keep","draw_015",221,"2021-02-16","forecast","0.585683969596152"
"exdqlm_multivar_synth_keep","draw_015",221,"2021-02-17","forecast","0.472648658882206"
"exdqlm_multivar_synth_keep","draw_015",221,"2021-02-18","forecast","0.411737108855323"
"exdqlm_multivar_synth_keep","draw_015",221,"2021-02-19","forecast","0.333658644365701"
"exdqlm_multivar_synth_keep","draw_015",221,"2021-02-20","forecast","0.491279710913191"
"exdqlm_multivar_synth_keep","draw_016",237,"2021-01-24","forecast","0.0635798924504232"
"exdqlm_multivar_synth_keep","draw_016",237,"2021-01-25","forecast","0.131382797854824"
"exdqlm_multivar_synth_keep","draw_016",237,"2021-01-26","forecast","0.133906286345208"
"exdqlm_multivar_synth_keep","draw_016",237,"2021-01-27","forecast","1.33609872450689"
"exdqlm_multivar_synth_keep","draw_016",237,"2021-01-28","forecast","1.75996164092851"
"exdqlm_multivar_synth_keep","draw_016",237,"2021-01-29","forecast","1.87195578300141"
"exdqlm_multivar_synth_keep","draw_016",237,"2021-01-30","forecast","1.00801939004608"
"exdqlm_multivar_synth_keep","draw_016",237,"2021-01-31","forecast","0.602622584021280"
"exdqlm_multivar_synth_keep","draw_016",237,"2021-02-01","forecast","0.565271748130936"
"exdqlm_multivar_synth_keep","draw_016",237,"2021-02-02","forecast","0.979175818121762"
"exdqlm_multivar_synth_keep","draw_016",237,"2021-02-03","forecast","0.827285951977351"
"exdqlm_multivar_synth_keep","draw_016",237,"2021-02-04","forecast","0.662050527267661"
"exdqlm_multivar_synth_keep","draw_016",237,"2021-02-05","forecast","0.539437611437721"
"exdqlm_multivar_synth_keep","draw_016",237,"2021-02-06","forecast","0.527155532040831"
"exdqlm_multivar_synth_keep","draw_016",237,"2021-02-07","forecast","0.610289937609259"
"exdqlm_multivar_synth_keep","draw_016",237,"2021-02-08","forecast","0.508329107111162"
"exdqlm_multivar_synth_keep","draw_016",237,"2021-02-09","forecast","0.474143326474962"
"exdqlm_multivar_synth_keep","draw_016",237,"2021-02-10","forecast","0.940103541406562"
"exdqlm_multivar_synth_keep","draw_016",237,"2021-02-11","forecast","0.598993086582672"
"exdqlm_multivar_synth_keep","draw_016",237,"2021-02-12","forecast","0.531812068228691"
"exdqlm_multivar_synth_keep","draw_016",237,"2021-02-13","forecast","0.512627051582979"
"exdqlm_multivar_synth_keep","draw_016",237,"2021-02-14","forecast","0.706138110536178"
"exdqlm_multivar_synth_keep","draw_016",237,"2021-02-15","forecast","0.521170993420961"
"exdqlm_multivar_synth_keep","draw_016",237,"2021-02-16","forecast","0.605529442347493"
"exdqlm_multivar_synth_keep","draw_016",237,"2021-02-17","forecast","0.478814364114070"
"exdqlm_multivar_synth_keep","draw_016",237,"2021-02-18","forecast","0.424077661961302"
"exdqlm_multivar_synth_keep","draw_016",237,"2021-02-19","forecast","0.341138444714583"
"exdqlm_multivar_synth_keep","draw_016",237,"2021-02-20","forecast","0.501555358440381"
"exdqlm_multivar_synth_keep","draw_017",253,"2021-01-24","forecast","0.0666475073213666"
"exdqlm_multivar_synth_keep","draw_017",253,"2021-01-25","forecast","0.139582500269164"
"exdqlm_multivar_synth_keep","draw_017",253,"2021-01-26","forecast","0.138902111881750"
"exdqlm_multivar_synth_keep","draw_017",253,"2021-01-27","forecast","1.36028330328042"
"exdqlm_multivar_synth_keep","draw_017",253,"2021-01-28","forecast","1.77598163112037"
"exdqlm_multivar_synth_keep","draw_017",253,"2021-01-29","forecast","1.89007533445887"
"exdqlm_multivar_synth_keep","draw_017",253,"2021-01-30","forecast","1.01490499827999"
"exdqlm_multivar_synth_keep","draw_017",253,"2021-01-31","forecast","0.609790048240210"
"exdqlm_multivar_synth_keep","draw_017",253,"2021-02-01","forecast","0.570919601464124"
"exdqlm_multivar_synth_keep","draw_017",253,"2021-02-02","forecast","0.997227543292984"
"exdqlm_multivar_synth_keep","draw_017",253,"2021-02-03","forecast","0.843909530688228"
"exdqlm_multivar_synth_keep","draw_017",253,"2021-02-04","forecast","0.673327105552920"
"exdqlm_multivar_synth_keep","draw_017",253,"2021-02-05","forecast","0.551817139726152"
"exdqlm_multivar_synth_keep","draw_017",253,"2021-02-06","forecast","0.534388612387136"
"exdqlm_multivar_synth_keep","draw_017",253,"2021-02-07","forecast","0.616666462500856"
"exdqlm_multivar_synth_keep","draw_017",253,"2021-02-08","forecast","0.518641611974538"
"exdqlm_multivar_synth_keep","draw_017",253,"2021-02-09","forecast","0.480477830050058"
"exdqlm_multivar_synth_keep","draw_017",253,"2021-02-10","forecast","0.954988210162839"
"exdqlm_multivar_synth_keep","draw_017",253,"2021-02-11","forecast","0.609624097636288"
"exdqlm_multivar_synth_keep","draw_017",253,"2021-02-12","forecast","0.542085938161337"
"exdqlm_multivar_synth_keep","draw_017",253,"2021-02-13","forecast","0.522435491025609"
"exdqlm_multivar_synth_keep","draw_017",253,"2021-02-14","forecast","0.721442190327425"
"exdqlm_multivar_synth_keep","draw_017",253,"2021-02-15","forecast","0.530917440506856"
"exdqlm_multivar_synth_keep","draw_017",253,"2021-02-16","forecast","0.619275695706537"
"exdqlm_multivar_synth_keep","draw_017",253,"2021-02-17","forecast","0.488163859452090"
"exdqlm_multivar_synth_keep","draw_017",253,"2021-02-18","forecast","0.432732568230504"
"exdqlm_multivar_synth_keep","draw_017",253,"2021-02-19","forecast","0.347060468260133"
"exdqlm_multivar_synth_keep","draw_017",253,"2021-02-20","forecast","0.513109826667637"
"exdqlm_multivar_synth_keep","draw_018",269,"2021-01-24","forecast","0.0726174691446117"
"exdqlm_multivar_synth_keep","draw_018",269,"2021-01-25","forecast","0.146669318003999"
"exdqlm_multivar_synth_keep","draw_018",269,"2021-01-26","forecast","0.146901184919781"
"exdqlm_multivar_synth_keep","draw_018",269,"2021-01-27","forecast","1.38888809715247"
"exdqlm_multivar_synth_keep","draw_018",269,"2021-01-28","forecast","1.79609717080857"
"exdqlm_multivar_synth_keep","draw_018",269,"2021-01-29","forecast","1.91403968342259"
"exdqlm_multivar_synth_keep","draw_018",269,"2021-01-30","forecast","1.02306783982936"
"exdqlm_multivar_synth_keep","draw_018",269,"2021-01-31","forecast","0.619212791936511"
"exdqlm_multivar_synth_keep","draw_018",269,"2021-02-01","forecast","0.583753238576700"
"exdqlm_multivar_synth_keep","draw_018",269,"2021-02-02","forecast","1.02141302925244"
"exdqlm_multivar_synth_keep","draw_018",269,"2021-02-03","forecast","0.859932655687095"
"exdqlm_multivar_synth_keep","draw_018",269,"2021-02-04","forecast","0.686418618700963"
"exdqlm_multivar_synth_keep","draw_018",269,"2021-02-05","forecast","0.560243032945576"
"exdqlm_multivar_synth_keep","draw_018",269,"2021-02-06","forecast","0.542234047838855"
"exdqlm_multivar_synth_keep","draw_018",269,"2021-02-07","forecast","0.624162358961573"
"exdqlm_multivar_synth_keep","draw_018",269,"2021-02-08","forecast","0.526758195185441"
"exdqlm_multivar_synth_keep","draw_018",269,"2021-02-09","forecast","0.489374327863028"
"exdqlm_multivar_synth_keep","draw_018",269,"2021-02-10","forecast","0.966769325898360"
"exdqlm_multivar_synth_keep","draw_018",269,"2021-02-11","forecast","0.617946876712230"
"exdqlm_multivar_synth_keep","draw_018",269,"2021-02-12","forecast","0.548182913514485"
"exdqlm_multivar_synth_keep","draw_018",269,"2021-02-13","forecast","0.530556760585260"
"exdqlm_multivar_synth_keep","draw_018",269,"2021-02-14","forecast","0.736786154768308"
"exdqlm_multivar_synth_keep","draw_018",269,"2021-02-15","forecast","0.539158585834352"
"exdqlm_multivar_synth_keep","draw_018",269,"2021-02-16","forecast","0.631651995402901"
"exdqlm_multivar_synth_keep","draw_018",269,"2021-02-17","forecast","0.497149105184712"
"exdqlm_multivar_synth_keep","draw_018",269,"2021-02-18","forecast","0.441588463278324"
"exdqlm_multivar_synth_keep","draw_018",269,"2021-02-19","forecast","0.356470990601913"
"exdqlm_multivar_synth_keep","draw_018",269,"2021-02-20","forecast","0.520167872193722"
"exdqlm_multivar_synth_keep","draw_019",284,"2021-01-24","forecast","0.0760427967049425"
"exdqlm_multivar_synth_keep","draw_019",284,"2021-01-25","forecast","0.154962767909862"
"exdqlm_multivar_synth_keep","draw_019",284,"2021-01-26","forecast","0.154286344990975"
"exdqlm_multivar_synth_keep","draw_019",284,"2021-01-27","forecast","1.41231501485051"
"exdqlm_multivar_synth_keep","draw_019",284,"2021-01-28","forecast","1.83251770979607"
"exdqlm_multivar_synth_keep","draw_019",284,"2021-01-29","forecast","1.94049265166023"
"exdqlm_multivar_synth_keep","draw_019",284,"2021-01-30","forecast","1.04071859806524"
"exdqlm_multivar_synth_keep","draw_019",284,"2021-01-31","forecast","0.630732299695258"
"exdqlm_multivar_synth_keep","draw_019",284,"2021-02-01","forecast","0.589549459128679"
"exdqlm_multivar_synth_keep","draw_019",284,"2021-02-02","forecast","1.03340406961474"
"exdqlm_multivar_synth_keep","draw_019",284,"2021-02-03","forecast","0.868546360096593"
"exdqlm_multivar_synth_keep","draw_019",284,"2021-02-04","forecast","0.697784406335439"
"exdqlm_multivar_synth_keep","draw_019",284,"2021-02-05","forecast","0.569960346800937"
"exdqlm_multivar_synth_keep","draw_019",284,"2021-02-06","forecast","0.548541363857659"
"exdqlm_multivar_synth_keep","draw_019",284,"2021-02-07","forecast","0.632558410903021"
"exdqlm_multivar_synth_keep","draw_019",284,"2021-02-08","forecast","0.535577470618496"
"exdqlm_multivar_synth_keep","draw_019",284,"2021-02-09","forecast","0.495126559213287"
"exdqlm_multivar_synth_keep","draw_019",284,"2021-02-10","forecast","0.982952803631197"
"exdqlm_multivar_synth_keep","draw_019",284,"2021-02-11","forecast","0.624276087238890"
"exdqlm_multivar_synth_keep","draw_019",284,"2021-02-12","forecast","0.556699435299074"
"exdqlm_multivar_synth_keep","draw_019",284,"2021-02-13","forecast","0.541823220849550"
"exdqlm_multivar_synth_keep","draw_019",284,"2021-02-14","forecast","0.747079617422983"
"exdqlm_multivar_synth_keep","draw_019",284,"2021-02-15","forecast","0.547205723809058"
"exdqlm_multivar_synth_keep","draw_019",284,"2021-02-16","forecast","0.645982903806776"
"exdqlm_multivar_synth_keep","draw_019",284,"2021-02-17","forecast","0.503605730348112"
"exdqlm_multivar_synth_keep","draw_019",284,"2021-02-18","forecast","0.450075811664133"
"exdqlm_multivar_synth_keep","draw_019",284,"2021-02-19","forecast","0.365303109991376"
"exdqlm_multivar_synth_keep","draw_019",284,"2021-02-20","forecast","0.527372752922111"
"exdqlm_multivar_synth_keep","draw_020",300,"2021-01-24","forecast","0.0816208011439142"
"exdqlm_multivar_synth_keep","draw_020",300,"2021-01-25","forecast","0.162424725022256"
"exdqlm_multivar_synth_keep","draw_020",300,"2021-01-26","forecast","0.162306006802538"
"exdqlm_multivar_synth_keep","draw_020",300,"2021-01-27","forecast","1.43656164420681"
"exdqlm_multivar_synth_keep","draw_020",300,"2021-01-28","forecast","1.85739810846518"
"exdqlm_multivar_synth_keep","draw_020",300,"2021-01-29","forecast","1.97095186827871"
"exdqlm_multivar_synth_keep","draw_020",300,"2021-01-30","forecast","1.04894511760126"
"exdqlm_multivar_synth_keep","draw_020",300,"2021-01-31","forecast","0.645912765387632"
"exdqlm_multivar_synth_keep","draw_020",300,"2021-02-01","forecast","0.598601947076897"
"exdqlm_multivar_synth_keep","draw_020",300,"2021-02-02","forecast","1.05142543820380"
"exdqlm_multivar_synth_keep","draw_020",300,"2021-02-03","forecast","0.877999726237014"
"exdqlm_multivar_synth_keep","draw_020",300,"2021-02-04","forecast","0.703569472998905"
"exdqlm_multivar_synth_keep","draw_020",300,"2021-02-05","forecast","0.582191448157400"
"exdqlm_multivar_synth_keep","draw_020",300,"2021-02-06","forecast","0.556804844578398"
"exdqlm_multivar_synth_keep","draw_020",300,"2021-02-07","forecast","0.640731323358961"
"exdqlm_multivar_synth_keep","draw_020",300,"2021-02-08","forecast","0.545781093562920"
"exdqlm_multivar_synth_keep","draw_020",300,"2021-02-09","forecast","0.503988872019088"
"exdqlm_multivar_synth_keep","draw_020",300,"2021-02-10","forecast","0.996184986659256"
"exdqlm_multivar_synth_keep","draw_020",300,"2021-02-11","forecast","0.632476719298832"
"exdqlm_multivar_synth_keep","draw_020",300,"2021-02-12","forecast","0.565537210222147"
"exdqlm_multivar_synth_keep","draw_020",300,"2021-02-13","forecast","0.551960543141908"
"exdqlm_multivar_synth_keep","draw_020",300,"2021-02-14","forecast","0.769320445008407"
"exdqlm_multivar_synth_keep","draw_020",300,"2021-02-15","forecast","0.557761971199200"
"exdqlm_multivar_synth_keep","draw_020",300,"2021-02-16","forecast","0.655063086614114"
"exdqlm_multivar_synth_keep","draw_020",300,"2021-02-17","forecast","0.511756600739231"
"exdqlm_multivar_synth_keep","draw_020",300,"2021-02-18","forecast","0.460510532981373"
"exdqlm_multivar_synth_keep","draw_020",300,"2021-02-19","forecast","0.373265977604296"
"exdqlm_multivar_synth_keep","draw_020",300,"2021-02-20","forecast","0.535669896966663"
"exdqlm_multivar_synth_keep","draw_021",316,"2021-01-24","forecast","0.0856825884235679"
"exdqlm_multivar_synth_keep","draw_021",316,"2021-01-25","forecast","0.167724465987127"
"exdqlm_multivar_synth_keep","draw_021",316,"2021-01-26","forecast","0.170287959083315"
"exdqlm_multivar_synth_keep","draw_021",316,"2021-01-27","forecast","1.46720892872283"
"exdqlm_multivar_synth_keep","draw_021",316,"2021-01-28","forecast","1.88228423161963"
"exdqlm_multivar_synth_keep","draw_021",316,"2021-01-29","forecast","1.99991691097987"
"exdqlm_multivar_synth_keep","draw_021",316,"2021-01-30","forecast","1.06780869312226"
"exdqlm_multivar_synth_keep","draw_021",316,"2021-01-31","forecast","0.657560138399745"
"exdqlm_multivar_synth_keep","draw_021",316,"2021-02-01","forecast","0.608123078134108"
"exdqlm_multivar_synth_keep","draw_021",316,"2021-02-02","forecast","1.06369882071483"
"exdqlm_multivar_synth_keep","draw_021",316,"2021-02-03","forecast","0.891036142586577"
"exdqlm_multivar_synth_keep","draw_021",316,"2021-02-04","forecast","0.714972740633821"
"exdqlm_multivar_synth_keep","draw_021",316,"2021-02-05","forecast","0.593960080532110"
"exdqlm_multivar_synth_keep","draw_021",316,"2021-02-06","forecast","0.565825830427574"
"exdqlm_multivar_synth_keep","draw_021",316,"2021-02-07","forecast","0.647794897716887"
"exdqlm_multivar_synth_keep","draw_021",316,"2021-02-08","forecast","0.554176306510561"
"exdqlm_multivar_synth_keep","draw_021",316,"2021-02-09","forecast","0.510286560824873"
"exdqlm_multivar_synth_keep","draw_021",316,"2021-02-10","forecast","1.01022436918177"
"exdqlm_multivar_synth_keep","draw_021",316,"2021-02-11","forecast","0.641253534318596"
"exdqlm_multivar_synth_keep","draw_021",316,"2021-02-12","forecast","0.577869475151382"
"exdqlm_multivar_synth_keep","draw_021",316,"2021-02-13","forecast","0.559501129836923"
"exdqlm_multivar_synth_keep","draw_021",316,"2021-02-14","forecast","0.779712642373929"
"exdqlm_multivar_synth_keep","draw_021",316,"2021-02-15","forecast","0.568218418190688"
"exdqlm_multivar_synth_keep","draw_021",316,"2021-02-16","forecast","0.666706924947465"
"exdqlm_multivar_synth_keep","draw_021",316,"2021-02-17","forecast","0.520996599356698"
"exdqlm_multivar_synth_keep","draw_021",316,"2021-02-18","forecast","0.468242618743760"
"exdqlm_multivar_synth_keep","draw_021",316,"2021-02-19","forecast","0.380538015867376"
"exdqlm_multivar_synth_keep","draw_021",316,"2021-02-20","forecast","0.545633179654628"
"exdqlm_multivar_synth_keep","draw_022",332,"2021-01-24","forecast","0.0892471167304445"
"exdqlm_multivar_synth_keep","draw_022",332,"2021-01-25","forecast","0.175714689379779"
"exdqlm_multivar_synth_keep","draw_022",332,"2021-01-26","forecast","0.177191576179799"
"exdqlm_multivar_synth_keep","draw_022",332,"2021-01-27","forecast","1.50657430435968"
"exdqlm_multivar_synth_keep","draw_022",332,"2021-01-28","forecast","1.91083264900678"
"exdqlm_multivar_synth_keep","draw_022",332,"2021-01-29","forecast","2.02269582768339"
"exdqlm_multivar_synth_keep","draw_022",332,"2021-01-30","forecast","1.07861761613507"
"exdqlm_multivar_synth_keep","draw_022",332,"2021-01-31","forecast","0.672322155138041"
"exdqlm_multivar_synth_keep","draw_022",332,"2021-02-01","forecast","0.617254513779197"
"exdqlm_multivar_synth_keep","draw_022",332,"2021-02-02","forecast","1.07604501480598"
"exdqlm_multivar_synth_keep","draw_022",332,"2021-02-03","forecast","0.900436776558136"
"exdqlm_multivar_synth_keep","draw_022",332,"2021-02-04","forecast","0.720643804905613"
"exdqlm_multivar_synth_keep","draw_022",332,"2021-02-05","forecast","0.606539884774098"
"exdqlm_multivar_synth_keep","draw_022",332,"2021-02-06","forecast","0.573304186951982"
"exdqlm_multivar_synth_keep","draw_022",332,"2021-02-07","forecast","0.655005790706084"
"exdqlm_multivar_synth_keep","draw_022",332,"2021-02-08","forecast","0.562319723397738"
"exdqlm_multivar_synth_keep","draw_022",332,"2021-02-09","forecast","0.517661135776572"
"exdqlm_multivar_synth_keep","draw_022",332,"2021-02-10","forecast","1.02558784848068"
"exdqlm_multivar_synth_keep","draw_022",332,"2021-02-11","forecast","0.649671164698314"
"exdqlm_multivar_synth_keep","draw_022",332,"2021-02-12","forecast","0.586553411622977"
"exdqlm_multivar_synth_keep","draw_022",332,"2021-02-13","forecast","0.563875184447976"
"exdqlm_multivar_synth_keep","draw_022",332,"2021-02-14","forecast","0.789724270098540"
"exdqlm_multivar_synth_keep","draw_022",332,"2021-02-15","forecast","0.579737244855919"
"exdqlm_multivar_synth_keep","draw_022",332,"2021-02-16","forecast","0.681025223640133"
"exdqlm_multivar_synth_keep","draw_022",332,"2021-02-17","forecast","0.528125560233178"
"exdqlm_multivar_synth_keep","draw_022",332,"2021-02-18","forecast","0.476190892713714"
"exdqlm_multivar_synth_keep","draw_022",332,"2021-02-19","forecast","0.386590025177917"
"exdqlm_multivar_synth_keep","draw_022",332,"2021-02-20","forecast","0.558257943995402"
"exdqlm_multivar_synth_keep","draw_023",347,"2021-01-24","forecast","0.0939815721007844"
"exdqlm_multivar_synth_keep","draw_023",347,"2021-01-25","forecast","0.184354074805425"
"exdqlm_multivar_synth_keep","draw_023",347,"2021-01-26","forecast","0.184718654406275"
"exdqlm_multivar_synth_keep","draw_023",347,"2021-01-27","forecast","1.53011521039993"
"exdqlm_multivar_synth_keep","draw_023",347,"2021-01-28","forecast","1.92625516620850"
"exdqlm_multivar_synth_keep","draw_023",347,"2021-01-29","forecast","2.04817814129044"
"exdqlm_multivar_synth_keep","draw_023",347,"2021-01-30","forecast","1.08765286005682"
"exdqlm_multivar_synth_keep","draw_023",347,"2021-01-31","forecast","0.678839732230111"
"exdqlm_multivar_synth_keep","draw_023",347,"2021-02-01","forecast","0.625071077952698"
"exdqlm_multivar_synth_keep","draw_023",347,"2021-02-02","forecast","1.09532790709837"
"exdqlm_multivar_synth_keep","draw_023",347,"2021-02-03","forecast","0.910938254488470"
"exdqlm_multivar_synth_keep","draw_023",347,"2021-02-04","forecast","0.728728077004359"
"exdqlm_multivar_synth_keep","draw_023",347,"2021-02-05","forecast","0.617008120571351"
"exdqlm_multivar_synth_keep","draw_023",347,"2021-02-06","forecast","0.578860245087944"
"exdqlm_multivar_synth_keep","draw_023",347,"2021-02-07","forecast","0.662808929850825"
"exdqlm_multivar_synth_keep","draw_023",347,"2021-02-08","forecast","0.569602135044089"
"exdqlm_multivar_synth_keep","draw_023",347,"2021-02-09","forecast","0.520787866496907"
"exdqlm_multivar_synth_keep","draw_023",347,"2021-02-10","forecast","1.04449531572180"
"exdqlm_multivar_synth_keep","draw_023",347,"2021-02-11","forecast","0.658687546932504"
"exdqlm_multivar_synth_keep","draw_023",347,"2021-02-12","forecast","0.599324309416862"
"exdqlm_multivar_synth_keep","draw_023",347,"2021-02-13","forecast","0.569483679947787"
"exdqlm_multivar_synth_keep","draw_023",347,"2021-02-14","forecast","0.801691589453269"
"exdqlm_multivar_synth_keep","draw_023",347,"2021-02-15","forecast","0.590015390080227"
"exdqlm_multivar_synth_keep","draw_023",347,"2021-02-16","forecast","0.687555596963139"
"exdqlm_multivar_synth_keep","draw_023",347,"2021-02-17","forecast","0.536035531432016"
"exdqlm_multivar_synth_keep","draw_023",347,"2021-02-18","forecast","0.483816000006804"
"exdqlm_multivar_synth_keep","draw_023",347,"2021-02-19","forecast","0.398132552150962"
"exdqlm_multivar_synth_keep","draw_023",347,"2021-02-20","forecast","0.572208383720868"
"exdqlm_multivar_synth_keep","draw_024",363,"2021-01-24","forecast","0.0968230804657045"
"exdqlm_multivar_synth_keep","draw_024",363,"2021-01-25","forecast","0.193521369150628"
"exdqlm_multivar_synth_keep","draw_024",363,"2021-01-26","forecast","0.192602152005128"
"exdqlm_multivar_synth_keep","draw_024",363,"2021-01-27","forecast","1.55050257883176"
"exdqlm_multivar_synth_keep","draw_024",363,"2021-01-28","forecast","1.95624604840827"
"exdqlm_multivar_synth_keep","draw_024",363,"2021-01-29","forecast","2.07964192002792"
"exdqlm_multivar_synth_keep","draw_024",363,"2021-01-30","forecast","1.09711151607248"
"exdqlm_multivar_synth_keep","draw_024",363,"2021-01-31","forecast","0.689108737021493"
"exdqlm_multivar_synth_keep","draw_024",363,"2021-02-01","forecast","0.629986430756944"
"exdqlm_multivar_synth_keep","draw_024",363,"2021-02-02","forecast","1.11166403656034"
"exdqlm_multivar_synth_keep","draw_024",363,"2021-02-03","forecast","0.924744263212277"
"exdqlm_multivar_synth_keep","draw_024",363,"2021-02-04","forecast","0.743547506043372"
"exdqlm_multivar_synth_keep","draw_024",363,"2021-02-05","forecast","0.629134538316578"
"exdqlm_multivar_synth_keep","draw_024",363,"2021-02-06","forecast","0.587463289546682"
"exdqlm_multivar_synth_keep","draw_024",363,"2021-02-07","forecast","0.667480347949552"
"exdqlm_multivar_synth_keep","draw_024",363,"2021-02-08","forecast","0.578131230028934"
"exdqlm_multivar_synth_keep","draw_024",363,"2021-02-09","forecast","0.529352748053411"
"exdqlm_multivar_synth_keep","draw_024",363,"2021-02-10","forecast","1.06404107226567"
"exdqlm_multivar_synth_keep","draw_024",363,"2021-02-11","forecast","0.666365957270306"
"exdqlm_multivar_synth_keep","draw_024",363,"2021-02-12","forecast","0.609139588900303"
"exdqlm_multivar_synth_keep","draw_024",363,"2021-02-13","forecast","0.576531940505807"
"exdqlm_multivar_synth_keep","draw_024",363,"2021-02-14","forecast","0.824151473934063"
"exdqlm_multivar_synth_keep","draw_024",363,"2021-02-15","forecast","0.597733091642411"
"exdqlm_multivar_synth_keep","draw_024",363,"2021-02-16","forecast","0.694587532240745"
"exdqlm_multivar_synth_keep","draw_024",363,"2021-02-17","forecast","0.549833585162749"
"exdqlm_multivar_synth_keep","draw_024",363,"2021-02-18","forecast","0.496629502528988"
"exdqlm_multivar_synth_keep","draw_024",363,"2021-02-19","forecast","0.407305764806490"
"exdqlm_multivar_synth_keep","draw_024",363,"2021-02-20","forecast","0.584385526746322"
"exdqlm_multivar_synth_keep","draw_025",379,"2021-01-24","forecast","0.103474381457210"
"exdqlm_multivar_synth_keep","draw_025",379,"2021-01-25","forecast","0.199283336693645"
"exdqlm_multivar_synth_keep","draw_025",379,"2021-01-26","forecast","0.197492852613247"
"exdqlm_multivar_synth_keep","draw_025",379,"2021-01-27","forecast","1.56874228597040"
"exdqlm_multivar_synth_keep","draw_025",379,"2021-01-28","forecast","1.97640409338703"
"exdqlm_multivar_synth_keep","draw_025",379,"2021-01-29","forecast","2.10331324646427"
"exdqlm_multivar_synth_keep","draw_025",379,"2021-01-30","forecast","1.10799933219219"
"exdqlm_multivar_synth_keep","draw_025",379,"2021-01-31","forecast","0.701800665631719"
"exdqlm_multivar_synth_keep","draw_025",379,"2021-02-01","forecast","0.641756541832085"
"exdqlm_multivar_synth_keep","draw_025",379,"2021-02-02","forecast","1.12625915723869"
"exdqlm_multivar_synth_keep","draw_025",379,"2021-02-03","forecast","0.933886956590144"
"exdqlm_multivar_synth_keep","draw_025",379,"2021-02-04","forecast","0.756611766963044"
"exdqlm_multivar_synth_keep","draw_025",379,"2021-02-05","forecast","0.637701186687746"
"exdqlm_multivar_synth_keep","draw_025",379,"2021-02-06","forecast","0.599142079681796"
"exdqlm_multivar_synth_keep","draw_025",379,"2021-02-07","forecast","0.675438908118194"
"exdqlm_multivar_synth_keep","draw_025",379,"2021-02-08","forecast","0.588375963504494"
"exdqlm_multivar_synth_keep","draw_025",379,"2021-02-09","forecast","0.538532798135376"
"exdqlm_multivar_synth_keep","draw_025",379,"2021-02-10","forecast","1.07660482426183"
"exdqlm_multivar_synth_keep","draw_025",379,"2021-02-11","forecast","0.671129346640711"
"exdqlm_multivar_synth_keep","draw_025",379,"2021-02-12","forecast","0.625346477495595"
"exdqlm_multivar_synth_keep","draw_025",379,"2021-02-13","forecast","0.586796811267513"
"exdqlm_multivar_synth_keep","draw_025",379,"2021-02-14","forecast","0.834569954533154"
"exdqlm_multivar_synth_keep","draw_025",379,"2021-02-15","forecast","0.605246294032287"
"exdqlm_multivar_synth_keep","draw_025",379,"2021-02-16","forecast","0.708899164925976"
"exdqlm_multivar_synth_keep","draw_025",379,"2021-02-17","forecast","0.558217925631356"
"exdqlm_multivar_synth_keep","draw_025",379,"2021-02-18","forecast","0.503137481569094"
"exdqlm_multivar_synth_keep","draw_025",379,"2021-02-19","forecast","0.413709045978886"
"exdqlm_multivar_synth_keep","draw_025",379,"2021-02-20","forecast","0.593627994159994"
"exdqlm_multivar_synth_keep","draw_026",395,"2021-01-24","forecast","0.107466947787745"
"exdqlm_multivar_synth_keep","draw_026",395,"2021-01-25","forecast","0.206171916727517"
"exdqlm_multivar_synth_keep","draw_026",395,"2021-01-26","forecast","0.202619865697829"
"exdqlm_multivar_synth_keep","draw_026",395,"2021-01-27","forecast","1.58929713820512"
"exdqlm_multivar_synth_keep","draw_026",395,"2021-01-28","forecast","1.99744431722810"
"exdqlm_multivar_synth_keep","draw_026",395,"2021-01-29","forecast","2.14007066148814"
"exdqlm_multivar_synth_keep","draw_026",395,"2021-01-30","forecast","1.12174432680065"
"exdqlm_multivar_synth_keep","draw_026",395,"2021-01-31","forecast","0.722022625744806"
"exdqlm_multivar_synth_keep","draw_026",395,"2021-02-01","forecast","0.652796444217634"
"exdqlm_multivar_synth_keep","draw_026",395,"2021-02-02","forecast","1.14770018412059"
"exdqlm_multivar_synth_keep","draw_026",395,"2021-02-03","forecast","0.944616981459711"
"exdqlm_multivar_synth_keep","draw_026",395,"2021-02-04","forecast","0.764709044356083"
"exdqlm_multivar_synth_keep","draw_026",395,"2021-02-05","forecast","0.646058757619468"
"exdqlm_multivar_synth_keep","draw_026",395,"2021-02-06","forecast","0.609196403841355"
"exdqlm_multivar_synth_keep","draw_026",395,"2021-02-07","forecast","0.683152985400186"
"exdqlm_multivar_synth_keep","draw_026",395,"2021-02-08","forecast","0.598077255202791"
"exdqlm_multivar_synth_keep","draw_026",395,"2021-02-09","forecast","0.544643456454965"
"exdqlm_multivar_synth_keep","draw_026",395,"2021-02-10","forecast","1.09372174407015"
"exdqlm_multivar_synth_keep","draw_026",395,"2021-02-11","forecast","0.680678292518106"
"exdqlm_multivar_synth_keep","draw_026",395,"2021-02-12","forecast","0.641554738496868"
"exdqlm_multivar_synth_keep","draw_026",395,"2021-02-13","forecast","0.594227976657941"
"exdqlm_multivar_synth_keep","draw_026",395,"2021-02-14","forecast","0.841241874654985"
"exdqlm_multivar_synth_keep","draw_026",395,"2021-02-15","forecast","0.617241502502447"
"exdqlm_multivar_synth_keep","draw_026",395,"2021-02-16","forecast","0.721395078143988"
"exdqlm_multivar_synth_keep","draw_026",395,"2021-02-17","forecast","0.566675954832917"
"exdqlm_multivar_synth_keep","draw_026",395,"2021-02-18","forecast","0.508512108194740"
"exdqlm_multivar_synth_keep","draw_026",395,"2021-02-19","forecast","0.421710214060834"
"exdqlm_multivar_synth_keep","draw_026",395,"2021-02-20","forecast","0.600580476844494"
"exdqlm_multivar_synth_keep","draw_027",410,"2021-01-24","forecast","0.111454822363804"
"exdqlm_multivar_synth_keep","draw_027",410,"2021-01-25","forecast","0.209761224308047"
"exdqlm_multivar_synth_keep","draw_027",410,"2021-01-26","forecast","0.205630322942230"
"exdqlm_multivar_synth_keep","draw_027",410,"2021-01-27","forecast","1.60947500610901"
"exdqlm_multivar_synth_keep","draw_027",410,"2021-01-28","forecast","2.02798238828242"
"exdqlm_multivar_synth_keep","draw_027",410,"2021-01-29","forecast","2.15104195169228"
"exdqlm_multivar_synth_keep","draw_027",410,"2021-01-30","forecast","1.13437393379041"
"exdqlm_multivar_synth_keep","draw_027",410,"2021-01-31","forecast","0.731583328337703"
"exdqlm_multivar_synth_keep","draw_027",410,"2021-02-01","forecast","0.665272319364593"
"exdqlm_multivar_synth_keep","draw_027",410,"2021-02-02","forecast","1.15455348442487"
"exdqlm_multivar_synth_keep","draw_027",410,"2021-02-03","forecast","0.952668022630648"
"exdqlm_multivar_synth_keep","draw_027",410,"2021-02-04","forecast","0.772870435511820"
"exdqlm_multivar_synth_keep","draw_027",410,"2021-02-05","forecast","0.653713922550616"
"exdqlm_multivar_synth_keep","draw_027",410,"2021-02-06","forecast","0.614437938374225"
"exdqlm_multivar_synth_keep","draw_027",410,"2021-02-07","forecast","0.686542723709315"
"exdqlm_multivar_synth_keep","draw_027",410,"2021-02-08","forecast","0.603066674814440"
"exdqlm_multivar_synth_keep","draw_027",410,"2021-02-09","forecast","0.548249810197566"
"exdqlm_multivar_synth_keep","draw_027",410,"2021-02-10","forecast","1.10043316049419"
"exdqlm_multivar_synth_keep","draw_027",410,"2021-02-11","forecast","0.688903603978306"
"exdqlm_multivar_synth_keep","draw_027",410,"2021-02-12","forecast","0.649313167575567"
"exdqlm_multivar_synth_keep","draw_027",410,"2021-02-13","forecast","0.602135414661053"
"exdqlm_multivar_synth_keep","draw_027",410,"2021-02-14","forecast","0.850768018385713"
"exdqlm_multivar_synth_keep","draw_027",410,"2021-02-15","forecast","0.620424797385079"
"exdqlm_multivar_synth_keep","draw_027",410,"2021-02-16","forecast","0.732994253836941"
"exdqlm_multivar_synth_keep","draw_027",410,"2021-02-17","forecast","0.570759313882801"
"exdqlm_multivar_synth_keep","draw_027",410,"2021-02-18","forecast","0.510653589470021"
"exdqlm_multivar_synth_keep","draw_027",410,"2021-02-19","forecast","0.425530332176892"
"exdqlm_multivar_synth_keep","draw_027",410,"2021-02-20","forecast","0.610938790162088"
"exdqlm_multivar_synth_keep","draw_028",426,"2021-01-24","forecast","0.115819175281671"
"exdqlm_multivar_synth_keep","draw_028",426,"2021-01-25","forecast","0.215500902651286"
"exdqlm_multivar_synth_keep","draw_028",426,"2021-01-26","forecast","0.209846280777737"
"exdqlm_multivar_synth_keep","draw_028",426,"2021-01-27","forecast","1.62563189261809"
"exdqlm_multivar_synth_keep","draw_028",426,"2021-01-28","forecast","2.04655901975479"
"exdqlm_multivar_synth_keep","draw_028",426,"2021-01-29","forecast","2.17108536462900"
"exdqlm_multivar_synth_keep","draw_028",426,"2021-01-30","forecast","1.14672980035364"
"exdqlm_multivar_synth_keep","draw_028",426,"2021-01-31","forecast","0.739302776645010"
"exdqlm_multivar_synth_keep","draw_028",426,"2021-02-01","forecast","0.674550115182605"
"exdqlm_multivar_synth_keep","draw_028",426,"2021-02-02","forecast","1.16409912761466"
"exdqlm_multivar_synth_keep","draw_028",426,"2021-02-03","forecast","0.957442425744456"
"exdqlm_multivar_synth_keep","draw_028",426,"2021-02-04","forecast","0.784086575219230"
"exdqlm_multivar_synth_keep","draw_028",426,"2021-02-05","forecast","0.659307455973418"
"exdqlm_multivar_synth_keep","draw_028",426,"2021-02-06","forecast","0.621782783744940"
"exdqlm_multivar_synth_keep","draw_028",426,"2021-02-07","forecast","0.691964499792464"
"exdqlm_multivar_synth_keep","draw_028",426,"2021-02-08","forecast","0.608302052112927"
"exdqlm_multivar_synth_keep","draw_028",426,"2021-02-09","forecast","0.551606214215143"
"exdqlm_multivar_synth_keep","draw_028",426,"2021-02-10","forecast","1.10994038419518"
"exdqlm_multivar_synth_keep","draw_028",426,"2021-02-11","forecast","0.696928692188223"
"exdqlm_multivar_synth_keep","draw_028",426,"2021-02-12","forecast","0.653843463732706"
"exdqlm_multivar_synth_keep","draw_028",426,"2021-02-13","forecast","0.607493514096732"
"exdqlm_multivar_synth_keep","draw_028",426,"2021-02-14","forecast","0.857434358178969"
"exdqlm_multivar_synth_keep","draw_028",426,"2021-02-15","forecast","0.625665630933825"
"exdqlm_multivar_synth_keep","draw_028",426,"2021-02-16","forecast","0.740743541198608"
"exdqlm_multivar_synth_keep","draw_028",426,"2021-02-17","forecast","0.573301434144596"
"exdqlm_multivar_synth_keep","draw_028",426,"2021-02-18","forecast","0.513209339529206"
"exdqlm_multivar_synth_keep","draw_028",426,"2021-02-19","forecast","0.428073445775351"
"exdqlm_multivar_synth_keep","draw_028",426,"2021-02-20","forecast","0.617919364926295"
"exdqlm_multivar_synth_keep","draw_029",442,"2021-01-24","forecast","0.119692549777238"
"exdqlm_multivar_synth_keep","draw_029",442,"2021-01-25","forecast","0.222448707207056"
"exdqlm_multivar_synth_keep","draw_029",442,"2021-01-26","forecast","0.215413145161244"
"exdqlm_multivar_synth_keep","draw_029",442,"2021-01-27","forecast","1.64101469150706"
"exdqlm_multivar_synth_keep","draw_029",442,"2021-01-28","forecast","2.07348110299902"
"exdqlm_multivar_synth_keep","draw_029",442,"2021-01-29","forecast","2.19771634190522"
"exdqlm_multivar_synth_keep","draw_029",442,"2021-01-30","forecast","1.15642261635150"
"exdqlm_multivar_synth_keep","draw_029",442,"2021-01-31","forecast","0.745927946340621"
"exdqlm_multivar_synth_keep","draw_029",442,"2021-02-01","forecast","0.684134472473711"
"exdqlm_multivar_synth_keep","draw_029",442,"2021-02-02","forecast","1.17427342916209"
"exdqlm_multivar_synth_keep","draw_029",442,"2021-02-03","forecast","0.964608797966938"
"exdqlm_multivar_synth_keep","draw_029",442,"2021-02-04","forecast","0.793535517718656"
"exdqlm_multivar_synth_keep","draw_029",442,"2021-02-05","forecast","0.665716794276577"
"exdqlm_multivar_synth_keep","draw_029",442,"2021-02-06","forecast","0.625347930296570"
"exdqlm_multivar_synth_keep","draw_029",442,"2021-02-07","forecast","0.697706978442314"
"exdqlm_multivar_synth_keep","draw_029",442,"2021-02-08","forecast","0.614916913835742"
"exdqlm_multivar_synth_keep","draw_029",442,"2021-02-09","forecast","0.553881540800762"
"exdqlm_multivar_synth_keep","draw_029",442,"2021-02-10","forecast","1.12234938993853"
"exdqlm_multivar_synth_keep","draw_029",442,"2021-02-11","forecast","0.701332192657719"
"exdqlm_multivar_synth_keep","draw_029",442,"2021-02-12","forecast","0.660316056203263"
"exdqlm_multivar_synth_keep","draw_029",442,"2021-02-13","forecast","0.611074119737025"
"exdqlm_multivar_synth_keep","draw_029",442,"2021-02-14","forecast","0.862398351569187"
"exdqlm_multivar_synth_keep","draw_029",442,"2021-02-15","forecast","0.629596810885842"
"exdqlm_multivar_synth_keep","draw_029",442,"2021-02-16","forecast","0.746591739024942"
"exdqlm_multivar_synth_keep","draw_029",442,"2021-02-17","forecast","0.576601098397809"
"exdqlm_multivar_synth_keep","draw_029",442,"2021-02-18","forecast","0.516088509390369"
"exdqlm_multivar_synth_keep","draw_029",442,"2021-02-19","forecast","0.429474787495678"
"exdqlm_multivar_synth_keep","draw_029",442,"2021-02-20","forecast","0.623911720077412"
"exdqlm_multivar_synth_keep","draw_030",457,"2021-01-24","forecast","0.123544504736247"
"exdqlm_multivar_synth_keep","draw_030",457,"2021-01-25","forecast","0.226235461698900"
"exdqlm_multivar_synth_keep","draw_030",457,"2021-01-26","forecast","0.220291367770308"
"exdqlm_multivar_synth_keep","draw_030",457,"2021-01-27","forecast","1.66342600397773"
"exdqlm_multivar_synth_keep","draw_030",457,"2021-01-28","forecast","2.08800338808285"
"exdqlm_multivar_synth_keep","draw_030",457,"2021-01-29","forecast","2.21577198420054"
"exdqlm_multivar_synth_keep","draw_030",457,"2021-01-30","forecast","1.16567308154216"
"exdqlm_multivar_synth_keep","draw_030",457,"2021-01-31","forecast","0.753245041317534"
"exdqlm_multivar_synth_keep","draw_030",457,"2021-02-01","forecast","0.693100018320257"
"exdqlm_multivar_synth_keep","draw_030",457,"2021-02-02","forecast","1.18506490804013"
"exdqlm_multivar_synth_keep","draw_030",457,"2021-02-03","forecast","0.977619767004883"
"exdqlm_multivar_synth_keep","draw_030",457,"2021-02-04","forecast","0.798594692900988"
"exdqlm_multivar_synth_keep","draw_030",457,"2021-02-05","forecast","0.670177281591646"
"exdqlm_multivar_synth_keep","draw_030",457,"2021-02-06","forecast","0.629123581648796"
"exdqlm_multivar_synth_keep","draw_030",457,"2021-02-07","forecast","0.700255973822709"
"exdqlm_multivar_synth_keep","draw_030",457,"2021-02-08","forecast","0.618951886242489"
"exdqlm_multivar_synth_keep","draw_030",457,"2021-02-09","forecast","0.556698666932382"
"exdqlm_multivar_synth_keep","draw_030",457,"2021-02-10","forecast","1.12647241590440"
"exdqlm_multivar_synth_keep","draw_030",457,"2021-02-11","forecast","0.706294900106266"
"exdqlm_multivar_synth_keep","draw_030",457,"2021-02-12","forecast","0.665335539750423"
"exdqlm_multivar_synth_keep","draw_030",457,"2021-02-13","forecast","0.614666997383603"
"exdqlm_multivar_synth_keep","draw_030",457,"2021-02-14","forecast","0.867163331034985"
"exdqlm_multivar_synth_keep","draw_030",457,"2021-02-15","forecast","0.634202195945028"
"exdqlm_multivar_synth_keep","draw_030",457,"2021-02-16","forecast","0.753563445644406"
"exdqlm_multivar_synth_keep","draw_030",457,"2021-02-17","forecast","0.581187782166253"
"exdqlm_multivar_synth_keep","draw_030",457,"2021-02-18","forecast","0.518602409123694"
"exdqlm_multivar_synth_keep","draw_030",457,"2021-02-19","forecast","0.431555972212524"
"exdqlm_multivar_synth_keep","draw_030",457,"2021-02-20","forecast","0.629993438085850"
"exdqlm_multivar_synth_keep","draw_031",473,"2021-01-24","forecast","0.127304157799637"
"exdqlm_multivar_synth_keep","draw_031",473,"2021-01-25","forecast","0.230299085607392"
"exdqlm_multivar_synth_keep","draw_031",473,"2021-01-26","forecast","0.225047553368556"
"exdqlm_multivar_synth_keep","draw_031",473,"2021-01-27","forecast","1.68916249887169"
"exdqlm_multivar_synth_keep","draw_031",473,"2021-01-28","forecast","2.10429137966559"
"exdqlm_multivar_synth_keep","draw_031",473,"2021-01-29","forecast","2.23756108773804"
"exdqlm_multivar_synth_keep","draw_031",473,"2021-01-30","forecast","1.17953630669896"
"exdqlm_multivar_synth_keep","draw_031",473,"2021-01-31","forecast","0.758789389654212"
"exdqlm_multivar_synth_keep","draw_031",473,"2021-02-01","forecast","0.698458613495675"
"exdqlm_multivar_synth_keep","draw_031",473,"2021-02-02","forecast","1.19783464389513"
"exdqlm_multivar_synth_keep","draw_031",473,"2021-02-03","forecast","0.982567980985240"
"exdqlm_multivar_synth_keep","draw_031",473,"2021-02-04","forecast","0.806527635095562"
"exdqlm_multivar_synth_keep","draw_031",473,"2021-02-05","forecast","0.678104788151279"
"exdqlm_multivar_synth_keep","draw_031",473,"2021-02-06","forecast","0.638072899905984"
"exdqlm_multivar_synth_keep","draw_031",473,"2021-02-07","forecast","0.702928602916197"
"exdqlm_multivar_synth_keep","draw_031",473,"2021-02-08","forecast","0.622710848851186"
"exdqlm_multivar_synth_keep","draw_031",473,"2021-02-09","forecast","0.559768506678900"
"exdqlm_multivar_synth_keep","draw_031",473,"2021-02-10","forecast","1.13954756916997"
"exdqlm_multivar_synth_keep","draw_031",473,"2021-02-11","forecast","0.709210793013894"
"exdqlm_multivar_synth_keep","draw_031",473,"2021-02-12","forecast","0.672199629988329"
"exdqlm_multivar_synth_keep","draw_031",473,"2021-02-13","forecast","0.620479169679259"
"exdqlm_multivar_synth_keep","draw_031",473,"2021-02-14","forecast","0.872429711994748"
"exdqlm_multivar_synth_keep","draw_031",473,"2021-02-15","forecast","0.638825626680975"
"exdqlm_multivar_synth_keep","draw_031",473,"2021-02-16","forecast","0.760443455341183"
"exdqlm_multivar_synth_keep","draw_031",473,"2021-02-17","forecast","0.585071790469521"
"exdqlm_multivar_synth_keep","draw_031",473,"2021-02-18","forecast","0.521718517994134"
"exdqlm_multivar_synth_keep","draw_031",473,"2021-02-19","forecast","0.432709570643342"
"exdqlm_multivar_synth_keep","draw_031",473,"2021-02-20","forecast","0.634112355386967"
"exdqlm_multivar_synth_keep","draw_032",489,"2021-01-24","forecast","0.130870934364620"
"exdqlm_multivar_synth_keep","draw_032",489,"2021-01-25","forecast","0.234802743260787"
"exdqlm_multivar_synth_keep","draw_032",489,"2021-01-26","forecast","0.228445133884290"
"exdqlm_multivar_synth_keep","draw_032",489,"2021-01-27","forecast","1.71528678530752"
"exdqlm_multivar_synth_keep","draw_032",489,"2021-01-28","forecast","2.12148992855763"
"exdqlm_multivar_synth_keep","draw_032",489,"2021-01-29","forecast","2.26945394114390"
"exdqlm_multivar_synth_keep","draw_032",489,"2021-01-30","forecast","1.19157974939721"
"exdqlm_multivar_synth_keep","draw_032",489,"2021-01-31","forecast","0.765054240698964"
"exdqlm_multivar_synth_keep","draw_032",489,"2021-02-01","forecast","0.703734448932873"
"exdqlm_multivar_synth_keep","draw_032",489,"2021-02-02","forecast","1.20552495439031"
"exdqlm_multivar_synth_keep","draw_032",489,"2021-02-03","forecast","0.987985714677542"
"exdqlm_multivar_synth_keep","draw_032",489,"2021-02-04","forecast","0.813799707527886"
"exdqlm_multivar_synth_keep","draw_032",489,"2021-02-05","forecast","0.682649786011985"
"exdqlm_multivar_synth_keep","draw_032",489,"2021-02-06","forecast","0.643212648482724"
"exdqlm_multivar_synth_keep","draw_032",489,"2021-02-07","forecast","0.707970541038177"
"exdqlm_multivar_synth_keep","draw_032",489,"2021-02-08","forecast","0.626815974329205"
"exdqlm_multivar_synth_keep","draw_032",489,"2021-02-09","forecast","0.563131535170110"
"exdqlm_multivar_synth_keep","draw_032",489,"2021-02-10","forecast","1.14967302985242"
"exdqlm_multivar_synth_keep","draw_032",489,"2021-02-11","forecast","0.715169181313983"
"exdqlm_multivar_synth_keep","draw_032",489,"2021-02-12","forecast","0.677899571511681"
"exdqlm_multivar_synth_keep","draw_032",489,"2021-02-13","forecast","0.623391477075169"
"exdqlm_multivar_synth_keep","draw_032",489,"2021-02-14","forecast","0.880108578174161"
"exdqlm_multivar_synth_keep","draw_032",489,"2021-02-15","forecast","0.641711784868661"
"exdqlm_multivar_synth_keep","draw_032",489,"2021-02-16","forecast","0.768285139161770"
"exdqlm_multivar_synth_keep","draw_032",489,"2021-02-17","forecast","0.588180350698178"
"exdqlm_multivar_synth_keep","draw_032",489,"2021-02-18","forecast","0.524777083371390"
"exdqlm_multivar_synth_keep","draw_032",489,"2021-02-19","forecast","0.434971933001692"
"exdqlm_multivar_synth_keep","draw_032",489,"2021-02-20","forecast","0.639098141624226"
"exdqlm_multivar_synth_keep","draw_033",505,"2021-01-24","forecast","0.133848285285906"
"exdqlm_multivar_synth_keep","draw_033",505,"2021-01-25","forecast","0.240242593849839"
"exdqlm_multivar_synth_keep","draw_033",505,"2021-01-26","forecast","0.232715304613746"
"exdqlm_multivar_synth_keep","draw_033",505,"2021-01-27","forecast","1.73877698834487"
"exdqlm_multivar_synth_keep","draw_033",505,"2021-01-28","forecast","2.14605732700279"
"exdqlm_multivar_synth_keep","draw_033",505,"2021-01-29","forecast","2.29167102647006"
"exdqlm_multivar_synth_keep","draw_033",505,"2021-01-30","forecast","1.20404497265622"
"exdqlm_multivar_synth_keep","draw_033",505,"2021-01-31","forecast","0.773986614152952"
"exdqlm_multivar_synth_keep","draw_033",505,"2021-02-01","forecast","0.710516159849962"
"exdqlm_multivar_synth_keep","draw_033",505,"2021-02-02","forecast","1.21430399608549"
"exdqlm_multivar_synth_keep","draw_033",505,"2021-02-03","forecast","0.994885905417026"
"exdqlm_multivar_synth_keep","draw_033",505,"2021-02-04","forecast","0.821763247648499"
"exdqlm_multivar_synth_keep","draw_033",505,"2021-02-05","forecast","0.689601488125425"
"exdqlm_multivar_synth_keep","draw_033",505,"2021-02-06","forecast","0.646077720878712"
"exdqlm_multivar_synth_keep","draw_033",505,"2021-02-07","forecast","0.712541084531585"
"exdqlm_multivar_synth_keep","draw_033",505,"2021-02-08","forecast","0.631101835636202"
"exdqlm_multivar_synth_keep","draw_033",505,"2021-02-09","forecast","0.566774265415758"
"exdqlm_multivar_synth_keep","draw_033",505,"2021-02-10","forecast","1.15746350852068"
"exdqlm_multivar_synth_keep","draw_033",505,"2021-02-11","forecast","0.720103201102510"
"exdqlm_multivar_synth_keep","draw_033",505,"2021-02-12","forecast","0.681636084975735"
"exdqlm_multivar_synth_keep","draw_033",505,"2021-02-13","forecast","0.624970832992235"
"exdqlm_multivar_synth_keep","draw_033",505,"2021-02-14","forecast","0.887550212333051"
"exdqlm_multivar_synth_keep","draw_033",505,"2021-02-15","forecast","0.647571300239101"
"exdqlm_multivar_synth_keep","draw_033",505,"2021-02-16","forecast","0.775053402241776"
"exdqlm_multivar_synth_keep","draw_033",505,"2021-02-17","forecast","0.591489540524749"
"exdqlm_multivar_synth_keep","draw_033",505,"2021-02-18","forecast","0.527754488664427"
"exdqlm_multivar_synth_keep","draw_033",505,"2021-02-19","forecast","0.438177649334453"
"exdqlm_multivar_synth_keep","draw_033",505,"2021-02-20","forecast","0.642526278445622"
"exdqlm_multivar_synth_keep","draw_034",520,"2021-01-24","forecast","0.137953424200995"
"exdqlm_multivar_synth_keep","draw_034",520,"2021-01-25","forecast","0.243988889110386"
"exdqlm_multivar_synth_keep","draw_034",520,"2021-01-26","forecast","0.237603984418951"
"exdqlm_multivar_synth_keep","draw_034",520,"2021-01-27","forecast","1.75317990837373"
"exdqlm_multivar_synth_keep","draw_034",520,"2021-01-28","forecast","2.16269534060857"
"exdqlm_multivar_synth_keep","draw_034",520,"2021-01-29","forecast","2.31338099646066"
"exdqlm_multivar_synth_keep","draw_034",520,"2021-01-30","forecast","1.22167248056288"
"exdqlm_multivar_synth_keep","draw_034",520,"2021-01-31","forecast","0.782390481099092"
"exdqlm_multivar_synth_keep","draw_034",520,"2021-02-01","forecast","0.718523332329961"
"exdqlm_multivar_synth_keep","draw_034",520,"2021-02-02","forecast","1.21972267669262"
"exdqlm_multivar_synth_keep","draw_034",520,"2021-02-03","forecast","1.00256489735931"
"exdqlm_multivar_synth_keep","draw_034",520,"2021-02-04","forecast","0.830214671252210"
"exdqlm_multivar_synth_keep","draw_034",520,"2021-02-05","forecast","0.694350215233148"
"exdqlm_multivar_synth_keep","draw_034",520,"2021-02-06","forecast","0.652553301030584"
"exdqlm_multivar_synth_keep","draw_034",520,"2021-02-07","forecast","0.718229663903857"
"exdqlm_multivar_synth_keep","draw_034",520,"2021-02-08","forecast","0.635252997686743"
"exdqlm_multivar_synth_keep","draw_034",520,"2021-02-09","forecast","0.572244165115191"
"exdqlm_multivar_synth_keep","draw_034",520,"2021-02-10","forecast","1.16362435467509"
"exdqlm_multivar_synth_keep","draw_034",520,"2021-02-11","forecast","0.724325410692634"
"exdqlm_multivar_synth_keep","draw_034",520,"2021-02-12","forecast","0.686239234633644"
"exdqlm_multivar_synth_keep","draw_034",520,"2021-02-13","forecast","0.628118049250473"
"exdqlm_multivar_synth_keep","draw_034",520,"2021-02-14","forecast","0.893301384019297"
"exdqlm_multivar_synth_keep","draw_034",520,"2021-02-15","forecast","0.650760970711585"
"exdqlm_multivar_synth_keep","draw_034",520,"2021-02-16","forecast","0.778888558743593"
"exdqlm_multivar_synth_keep","draw_034",520,"2021-02-17","forecast","0.593859747022059"
"exdqlm_multivar_synth_keep","draw_034",520,"2021-02-18","forecast","0.531432047105102"
"exdqlm_multivar_synth_keep","draw_034",520,"2021-02-19","forecast","0.440533224969534"
"exdqlm_multivar_synth_keep","draw_034",520,"2021-02-20","forecast","0.647151154991618"
"exdqlm_multivar_synth_keep","draw_035",536,"2021-01-24","forecast","0.141985221602105"
"exdqlm_multivar_synth_keep","draw_035",536,"2021-01-25","forecast","0.248551867106767"
"exdqlm_multivar_synth_keep","draw_035",536,"2021-01-26","forecast","0.243363133678738"
"exdqlm_multivar_synth_keep","draw_035",536,"2021-01-27","forecast","1.77838965617952"
"exdqlm_multivar_synth_keep","draw_035",536,"2021-01-28","forecast","2.18696233803126"
"exdqlm_multivar_synth_keep","draw_035",536,"2021-01-29","forecast","2.33465920505740"
"exdqlm_multivar_synth_keep","draw_035",536,"2021-01-30","forecast","1.23540395930118"
"exdqlm_multivar_synth_keep","draw_035",536,"2021-01-31","forecast","0.790695740739310"
"exdqlm_multivar_synth_keep","draw_035",536,"2021-02-01","forecast","0.725300019382101"
"exdqlm_multivar_synth_keep","draw_035",536,"2021-02-02","forecast","1.23433784134833"
"exdqlm_multivar_synth_keep","draw_035",536,"2021-02-03","forecast","1.00632022871168"
"exdqlm_multivar_synth_keep","draw_035",536,"2021-02-04","forecast","0.841064929547497"
"exdqlm_multivar_synth_keep","draw_035",536,"2021-02-05","forecast","0.699337959712474"
"exdqlm_multivar_synth_keep","draw_035",536,"2021-02-06","forecast","0.657192163715125"
"exdqlm_multivar_synth_keep","draw_035",536,"2021-02-07","forecast","0.724520854901509"
"exdqlm_multivar_synth_keep","draw_035",536,"2021-02-08","forecast","0.640172532971308"
"exdqlm_multivar_synth_keep","draw_035",536,"2021-02-09","forecast","0.574529384945474"
"exdqlm_multivar_synth_keep","draw_035",536,"2021-02-10","forecast","1.17297827824550"
"exdqlm_multivar_synth_keep","draw_035",536,"2021-02-11","forecast","0.726575053586285"
"exdqlm_multivar_synth_keep","draw_035",536,"2021-02-12","forecast","0.692127952745077"
"exdqlm_multivar_synth_keep","draw_035",536,"2021-02-13","forecast","0.632444360116424"
"exdqlm_multivar_synth_keep","draw_035",536,"2021-02-14","forecast","0.898136614206649"
"exdqlm_multivar_synth_keep","draw_035",536,"2021-02-15","forecast","0.654647587281175"
"exdqlm_multivar_synth_keep","draw_035",536,"2021-02-16","forecast","0.787522535473153"
"exdqlm_multivar_synth_keep","draw_035",536,"2021-02-17","forecast","0.596430241270068"
"exdqlm_multivar_synth_keep","draw_035",536,"2021-02-18","forecast","0.534934426614326"
"exdqlm_multivar_synth_keep","draw_035",536,"2021-02-19","forecast","0.444257254249557"
"exdqlm_multivar_synth_keep","draw_035",536,"2021-02-20","forecast","0.652751921445495"
"exdqlm_multivar_synth_keep","draw_036",552,"2021-01-24","forecast","0.145879006304703"
"exdqlm_multivar_synth_keep","draw_036",552,"2021-01-25","forecast","0.254245759565093"
"exdqlm_multivar_synth_keep","draw_036",552,"2021-01-26","forecast","0.247110227302869"
"exdqlm_multivar_synth_keep","draw_036",552,"2021-01-27","forecast","1.79369391098123"
"exdqlm_multivar_synth_keep","draw_036",552,"2021-01-28","forecast","2.20204513039585"
"exdqlm_multivar_synth_keep","draw_036",552,"2021-01-29","forecast","2.36165887700599"
"exdqlm_multivar_synth_keep","draw_036",552,"2021-01-30","forecast","1.24748368660194"
"exdqlm_multivar_synth_keep","draw_036",552,"2021-01-31","forecast","0.801002927725130"
"exdqlm_multivar_synth_keep","draw_036",552,"2021-02-01","forecast","0.734352227039195"
"exdqlm_multivar_synth_keep","draw_036",552,"2021-02-02","forecast","1.24181224346167"
"exdqlm_multivar_synth_keep","draw_036",552,"2021-02-03","forecast","1.01148355985653"
"exdqlm_multivar_synth_keep","draw_036",552,"2021-02-04","forecast","0.850802686301809"
"exdqlm_multivar_synth_keep","draw_036",552,"2021-02-05","forecast","0.707351954466083"
"exdqlm_multivar_synth_keep","draw_036",552,"2021-02-06","forecast","0.663123514500908"
"exdqlm_multivar_synth_keep","draw_036",552,"2021-02-07","forecast","0.728300241149044"
"exdqlm_multivar_synth_keep","draw_036",552,"2021-02-08","forecast","0.643780433355153"
"exdqlm_multivar_synth_keep","draw_036",552,"2021-02-09","forecast","0.577641666808152"
"exdqlm_multivar_synth_keep","draw_036",552,"2021-02-10","forecast","1.18076912548733"
"exdqlm_multivar_synth_keep","draw_036",552,"2021-02-11","forecast","0.731235242290281"
"exdqlm_multivar_synth_keep","draw_036",552,"2021-02-12","forecast","0.697788829900264"
"exdqlm_multivar_synth_keep","draw_036",552,"2021-02-13","forecast","0.637293719159542"
"exdqlm_multivar_synth_keep","draw_036",552,"2021-02-14","forecast","0.902443691301631"
"exdqlm_multivar_synth_keep","draw_036",552,"2021-02-15","forecast","0.660266111723711"
"exdqlm_multivar_synth_keep","draw_036",552,"2021-02-16","forecast","0.791071337923586"
"exdqlm_multivar_synth_keep","draw_036",552,"2021-02-17","forecast","0.600271457740372"
"exdqlm_multivar_synth_keep","draw_036",552,"2021-02-18","forecast","0.537785791992642"
"exdqlm_multivar_synth_keep","draw_036",552,"2021-02-19","forecast","0.447291875228507"
"exdqlm_multivar_synth_keep","draw_036",552,"2021-02-20","forecast","0.656363882366935"
"exdqlm_multivar_synth_keep","draw_037",568,"2021-01-24","forecast","0.149904122925671"
"exdqlm_multivar_synth_keep","draw_037",568,"2021-01-25","forecast","0.261884807275786"
"exdqlm_multivar_synth_keep","draw_037",568,"2021-01-26","forecast","0.254620165706482"
"exdqlm_multivar_synth_keep","draw_037",568,"2021-01-27","forecast","1.81058323816538"
"exdqlm_multivar_synth_keep","draw_037",568,"2021-01-28","forecast","2.22029157677779"
"exdqlm_multivar_synth_keep","draw_037",568,"2021-01-29","forecast","2.38575244137202"
"exdqlm_multivar_synth_keep","draw_037",568,"2021-01-30","forecast","1.25573239191033"
"exdqlm_multivar_synth_keep","draw_037",568,"2021-01-31","forecast","0.808287856439544"
"exdqlm_multivar_synth_keep","draw_037",568,"2021-02-01","forecast","0.744129502045334"
"exdqlm_multivar_synth_keep","draw_037",568,"2021-02-02","forecast","1.25279307509960"
"exdqlm_multivar_synth_keep","draw_037",568,"2021-02-03","forecast","1.02125234541308"
"exdqlm_multivar_synth_keep","draw_037",568,"2021-02-04","forecast","0.860008653864789"
"exdqlm_multivar_synth_keep","draw_037",568,"2021-02-05","forecast","0.715355696071030"
"exdqlm_multivar_synth_keep","draw_037",568,"2021-02-06","forecast","0.669151214024872"
"exdqlm_multivar_synth_keep","draw_037",568,"2021-02-07","forecast","0.731410988247925"
"exdqlm_multivar_synth_keep","draw_037",568,"2021-02-08","forecast","0.649145126095966"
"exdqlm_multivar_synth_keep","draw_037",568,"2021-02-09","forecast","0.581255654343392"
"exdqlm_multivar_synth_keep","draw_037",568,"2021-02-10","forecast","1.18833372355114"
"exdqlm_multivar_synth_keep","draw_037",568,"2021-02-11","forecast","0.735344773235408"
"exdqlm_multivar_synth_keep","draw_037",568,"2021-02-12","forecast","0.701972302904946"
"exdqlm_multivar_synth_keep","draw_037",568,"2021-02-13","forecast","0.642599521373095"
"exdqlm_multivar_synth_keep","draw_037",568,"2021-02-14","forecast","0.908367396808668"
"exdqlm_multivar_synth_keep","draw_037",568,"2021-02-15","forecast","0.664803317026380"
"exdqlm_multivar_synth_keep","draw_037",568,"2021-02-16","forecast","0.797667043720287"
"exdqlm_multivar_synth_keep","draw_037",568,"2021-02-17","forecast","0.602861096132457"
"exdqlm_multivar_synth_keep","draw_037",568,"2021-02-18","forecast","0.541280173742566"
"exdqlm_multivar_synth_keep","draw_037",568,"2021-02-19","forecast","0.450303980715593"
"exdqlm_multivar_synth_keep","draw_037",568,"2021-02-20","forecast","0.661033241769101"
"exdqlm_multivar_synth_keep","draw_038",583,"2021-01-24","forecast","0.152465157895747"
"exdqlm_multivar_synth_keep","draw_038",583,"2021-01-25","forecast","0.269543866060415"
"exdqlm_multivar_synth_keep","draw_038",583,"2021-01-26","forecast","0.260100665528839"
"exdqlm_multivar_synth_keep","draw_038",583,"2021-01-27","forecast","1.82942165256664"
"exdqlm_multivar_synth_keep","draw_038",583,"2021-01-28","forecast","2.23745367188306"
"exdqlm_multivar_synth_keep","draw_038",583,"2021-01-29","forecast","2.41979944044381"
"exdqlm_multivar_synth_keep","draw_038",583,"2021-01-30","forecast","1.27143819947877"
"exdqlm_multivar_synth_keep","draw_038",583,"2021-01-31","forecast","0.816726321561177"
"exdqlm_multivar_synth_keep","draw_038",583,"2021-02-01","forecast","0.749410117270742"
"exdqlm_multivar_synth_keep","draw_038",583,"2021-02-02","forecast","1.26144179653894"
"exdqlm_multivar_synth_keep","draw_038",583,"2021-02-03","forecast","1.02750593515857"
"exdqlm_multivar_synth_keep","draw_038",583,"2021-02-04","forecast","0.867825392113357"
"exdqlm_multivar_synth_keep","draw_038",583,"2021-02-05","forecast","0.721689224608156"
"exdqlm_multivar_synth_keep","draw_038",583,"2021-02-06","forecast","0.673310407792339"
"exdqlm_multivar_synth_keep","draw_038",583,"2021-02-07","forecast","0.735375265810589"
"exdqlm_multivar_synth_keep","draw_038",583,"2021-02-08","forecast","0.653936935535164"
"exdqlm_multivar_synth_keep","draw_038",583,"2021-02-09","forecast","0.585188107217764"
"exdqlm_multivar_synth_keep","draw_038",583,"2021-02-10","forecast","1.19625728719495"
"exdqlm_multivar_synth_keep","draw_038",583,"2021-02-11","forecast","0.740862119829968"
"exdqlm_multivar_synth_keep","draw_038",583,"2021-02-12","forecast","0.707924494963054"
"exdqlm_multivar_synth_keep","draw_038",583,"2021-02-13","forecast","0.645792585698806"
"exdqlm_multivar_synth_keep","draw_038",583,"2021-02-14","forecast","0.912592831799864"
"exdqlm_multivar_synth_keep","draw_038",583,"2021-02-15","forecast","0.669643877581896"
"exdqlm_multivar_synth_keep","draw_038",583,"2021-02-16","forecast","0.804770059203422"
"exdqlm_multivar_synth_keep","draw_038",583,"2021-02-17","forecast","0.606565519707070"
"exdqlm_multivar_synth_keep","draw_038",583,"2021-02-18","forecast","0.544656814252344"
"exdqlm_multivar_synth_keep","draw_038",583,"2021-02-19","forecast","0.453154874505673"
"exdqlm_multivar_synth_keep","draw_038",583,"2021-02-20","forecast","0.665004744748890"
"exdqlm_multivar_synth_keep","draw_039",599,"2021-01-24","forecast","0.157148202650932"
"exdqlm_multivar_synth_keep","draw_039",599,"2021-01-25","forecast","0.273894314462436"
"exdqlm_multivar_synth_keep","draw_039",599,"2021-01-26","forecast","0.264857127258290"
"exdqlm_multivar_synth_keep","draw_039",599,"2021-01-27","forecast","1.84770967056371"
"exdqlm_multivar_synth_keep","draw_039",599,"2021-01-28","forecast","2.25520594724383"
"exdqlm_multivar_synth_keep","draw_039",599,"2021-01-29","forecast","2.43887957310633"
"exdqlm_multivar_synth_keep","draw_039",599,"2021-01-30","forecast","1.28288827522074"
"exdqlm_multivar_synth_keep","draw_039",599,"2021-01-31","forecast","0.825627108856583"
"exdqlm_multivar_synth_keep","draw_039",599,"2021-02-01","forecast","0.757705386057511"
"exdqlm_multivar_synth_keep","draw_039",599,"2021-02-02","forecast","1.27138285081934"
"exdqlm_multivar_synth_keep","draw_039",599,"2021-02-03","forecast","1.03567647648181"
"exdqlm_multivar_synth_keep","draw_039",599,"2021-02-04","forecast","0.873078491384467"
"exdqlm_multivar_synth_keep","draw_039",599,"2021-02-05","forecast","0.727439486300839"
"exdqlm_multivar_synth_keep","draw_039",599,"2021-02-06","forecast","0.676511483910034"
"exdqlm_multivar_synth_keep","draw_039",599,"2021-02-07","forecast","0.737870337357500"
"exdqlm_multivar_synth_keep","draw_039",599,"2021-02-08","forecast","0.659972226395559"
"exdqlm_multivar_synth_keep","draw_039",599,"2021-02-09","forecast","0.588682153371728"
"exdqlm_multivar_synth_keep","draw_039",599,"2021-02-10","forecast","1.20854014329431"
"exdqlm_multivar_synth_keep","draw_039",599,"2021-02-11","forecast","0.744982320394574"
"exdqlm_multivar_synth_keep","draw_039",599,"2021-02-12","forecast","0.714487713639598"
"exdqlm_multivar_synth_keep","draw_039",599,"2021-02-13","forecast","0.649171180410055"
"exdqlm_multivar_synth_keep","draw_039",599,"2021-02-14","forecast","0.919291441471104"
"exdqlm_multivar_synth_keep","draw_039",599,"2021-02-15","forecast","0.672518624906621"
"exdqlm_multivar_synth_keep","draw_039",599,"2021-02-16","forecast","0.809407945819546"
"exdqlm_multivar_synth_keep","draw_039",599,"2021-02-17","forecast","0.608197986374575"
"exdqlm_multivar_synth_keep","draw_039",599,"2021-02-18","forecast","0.548571908824827"
"exdqlm_multivar_synth_keep","draw_039",599,"2021-02-19","forecast","0.454730829278703"
"exdqlm_multivar_synth_keep","draw_039",599,"2021-02-20","forecast","0.669500286056827"
"exdqlm_multivar_synth_keep","draw_040",615,"2021-01-24","forecast","0.161477168515942"
"exdqlm_multivar_synth_keep","draw_040",615,"2021-01-25","forecast","0.282007411964626"
"exdqlm_multivar_synth_keep","draw_040",615,"2021-01-26","forecast","0.268103655546845"
"exdqlm_multivar_synth_keep","draw_040",615,"2021-01-27","forecast","1.85956474993799"
"exdqlm_multivar_synth_keep","draw_040",615,"2021-01-28","forecast","2.27149354547403"
"exdqlm_multivar_synth_keep","draw_040",615,"2021-01-29","forecast","2.45676171924474"
"exdqlm_multivar_synth_keep","draw_040",615,"2021-01-30","forecast","1.29446296032798"
"exdqlm_multivar_synth_keep","draw_040",615,"2021-01-31","forecast","0.832080529959282"
"exdqlm_multivar_synth_keep","draw_040",615,"2021-02-01","forecast","0.766387672013901"
"exdqlm_multivar_synth_keep","draw_040",615,"2021-02-02","forecast","1.27988830785412"
"exdqlm_multivar_synth_keep","draw_040",615,"2021-02-03","forecast","1.04279807878317"
"exdqlm_multivar_synth_keep","draw_040",615,"2021-02-04","forecast","0.882325445971130"
"exdqlm_multivar_synth_keep","draw_040",615,"2021-02-05","forecast","0.732614783131391"
"exdqlm_multivar_synth_keep","draw_040",615,"2021-02-06","forecast","0.681297317548458"
"exdqlm_multivar_synth_keep","draw_040",615,"2021-02-07","forecast","0.744243087206268"
"exdqlm_multivar_synth_keep","draw_040",615,"2021-02-08","forecast","0.666152268173090"
"exdqlm_multivar_synth_keep","draw_040",615,"2021-02-09","forecast","0.593409532481410"
"exdqlm_multivar_synth_keep","draw_040",615,"2021-02-10","forecast","1.21665262834721"
"exdqlm_multivar_synth_keep","draw_040",615,"2021-02-11","forecast","0.748850253437985"
"exdqlm_multivar_synth_keep","draw_040",615,"2021-02-12","forecast","0.718949178380260"
"exdqlm_multivar_synth_keep","draw_040",615,"2021-02-13","forecast","0.653469994132784"
"exdqlm_multivar_synth_keep","draw_040",615,"2021-02-14","forecast","0.924107718852390"
"exdqlm_multivar_synth_keep","draw_040",615,"2021-02-15","forecast","0.676062609065275"
"exdqlm_multivar_synth_keep","draw_040",615,"2021-02-16","forecast","0.819994843733559"
"exdqlm_multivar_synth_keep","draw_040",615,"2021-02-17","forecast","0.611722699203311"
"exdqlm_multivar_synth_keep","draw_040",615,"2021-02-18","forecast","0.551862462779299"
"exdqlm_multivar_synth_keep","draw_040",615,"2021-02-19","forecast","0.459067450220041"
"exdqlm_multivar_synth_keep","draw_040",615,"2021-02-20","forecast","0.673755245643650"
"exdqlm_multivar_synth_keep","draw_041",631,"2021-01-24","forecast","0.164052061414373"
"exdqlm_multivar_synth_keep","draw_041",631,"2021-01-25","forecast","0.288826495258204"
"exdqlm_multivar_synth_keep","draw_041",631,"2021-01-26","forecast","0.271834941224844"
"exdqlm_multivar_synth_keep","draw_041",631,"2021-01-27","forecast","1.88039150832267"
"exdqlm_multivar_synth_keep","draw_041",631,"2021-01-28","forecast","2.28612558619645"
"exdqlm_multivar_synth_keep","draw_041",631,"2021-01-29","forecast","2.48387845176845"
"exdqlm_multivar_synth_keep","draw_041",631,"2021-01-30","forecast","1.30422404642019"
"exdqlm_multivar_synth_keep","draw_041",631,"2021-01-31","forecast","0.840190384181178"
"exdqlm_multivar_synth_keep","draw_041",631,"2021-02-01","forecast","0.768836227009640"
"exdqlm_multivar_synth_keep","draw_041",631,"2021-02-02","forecast","1.29316608524321"
"exdqlm_multivar_synth_keep","draw_041",631,"2021-02-03","forecast","1.05313488492388"
"exdqlm_multivar_synth_keep","draw_041",631,"2021-02-04","forecast","0.889918702909712"
"exdqlm_multivar_synth_keep","draw_041",631,"2021-02-05","forecast","0.740095267078015"
"exdqlm_multivar_synth_keep","draw_041",631,"2021-02-06","forecast","0.685303953628893"
"exdqlm_multivar_synth_keep","draw_041",631,"2021-02-07","forecast","0.748530858211991"
"exdqlm_multivar_synth_keep","draw_041",631,"2021-02-08","forecast","0.669996360374925"
"exdqlm_multivar_synth_keep","draw_041",631,"2021-02-09","forecast","0.597626697348305"
"exdqlm_multivar_synth_keep","draw_041",631,"2021-02-10","forecast","1.22580752684417"
"exdqlm_multivar_synth_keep","draw_041",631,"2021-02-11","forecast","0.754415625126935"
"exdqlm_multivar_synth_keep","draw_041",631,"2021-02-12","forecast","0.724025367045241"
"exdqlm_multivar_synth_keep","draw_041",631,"2021-02-13","forecast","0.659569575895516"
"exdqlm_multivar_synth_keep","draw_041",631,"2021-02-14","forecast","0.928774822007762"
"exdqlm_multivar_synth_keep","draw_041",631,"2021-02-15","forecast","0.679873764804311"
"exdqlm_multivar_synth_keep","draw_041",631,"2021-02-16","forecast","0.827548215563447"
"exdqlm_multivar_synth_keep","draw_041",631,"2021-02-17","forecast","0.614476869446535"
"exdqlm_multivar_synth_keep","draw_041",631,"2021-02-18","forecast","0.556186558901288"
"exdqlm_multivar_synth_keep","draw_041",631,"2021-02-19","forecast","0.460655143637260"
"exdqlm_multivar_synth_keep","draw_041",631,"2021-02-20","forecast","0.676781110509009"
"exdqlm_multivar_synth_keep","draw_042",646,"2021-01-24","forecast","0.167701394980276"
"exdqlm_multivar_synth_keep","draw_042",646,"2021-01-25","forecast","0.293573540571696"
"exdqlm_multivar_synth_keep","draw_042",646,"2021-01-26","forecast","0.275260507214606"
"exdqlm_multivar_synth_keep","draw_042",646,"2021-01-27","forecast","1.90015203316752"
"exdqlm_multivar_synth_keep","draw_042",646,"2021-01-28","forecast","2.29485476343041"
"exdqlm_multivar_synth_keep","draw_042",646,"2021-01-29","forecast","2.49916689155601"
"exdqlm_multivar_synth_keep","draw_042",646,"2021-01-30","forecast","1.31527584014658"
"exdqlm_multivar_synth_keep","draw_042",646,"2021-01-31","forecast","0.846866801191160"
"exdqlm_multivar_synth_keep","draw_042",646,"2021-02-01","forecast","0.777075283271218"
"exdqlm_multivar_synth_keep","draw_042",646,"2021-02-02","forecast","1.30057245703052"
"exdqlm_multivar_synth_keep","draw_042",646,"2021-02-03","forecast","1.05796171107946"
"exdqlm_multivar_synth_keep","draw_042",646,"2021-02-04","forecast","0.899421301535023"
"exdqlm_multivar_synth_keep","draw_042",646,"2021-02-05","forecast","0.746696112322440"
"exdqlm_multivar_synth_keep","draw_042",646,"2021-02-06","forecast","0.688515841123992"
"exdqlm_multivar_synth_keep","draw_042",646,"2021-02-07","forecast","0.752904257346260"
"exdqlm_multivar_synth_keep","draw_042",646,"2021-02-08","forecast","0.673754748544672"
"exdqlm_multivar_synth_keep","draw_042",646,"2021-02-09","forecast","0.601464669588693"
"exdqlm_multivar_synth_keep","draw_042",646,"2021-02-10","forecast","1.23406682381926"
"exdqlm_multivar_synth_keep","draw_042",646,"2021-02-11","forecast","0.757621042352309"
"exdqlm_multivar_synth_keep","draw_042",646,"2021-02-12","forecast","0.729238382444243"
"exdqlm_multivar_synth_keep","draw_042",646,"2021-02-13","forecast","0.664526686026706"
"exdqlm_multivar_synth_keep","draw_042",646,"2021-02-14","forecast","0.933485466424461"
"exdqlm_multivar_synth_keep","draw_042",646,"2021-02-15","forecast","0.686751140020693"
"exdqlm_multivar_synth_keep","draw_042",646,"2021-02-16","forecast","0.833411958769123"
"exdqlm_multivar_synth_keep","draw_042",646,"2021-02-17","forecast","0.617556411651186"
"exdqlm_multivar_synth_keep","draw_042",646,"2021-02-18","forecast","0.559390490263670"
"exdqlm_multivar_synth_keep","draw_042",646,"2021-02-19","forecast","0.463632130416908"
"exdqlm_multivar_synth_keep","draw_042",646,"2021-02-20","forecast","0.680702796558913"
"exdqlm_multivar_synth_keep","draw_043",662,"2021-01-24","forecast","0.170432042435143"
"exdqlm_multivar_synth_keep","draw_043",662,"2021-01-25","forecast","0.299355060804194"
"exdqlm_multivar_synth_keep","draw_043",662,"2021-01-26","forecast","0.279904143723812"
"exdqlm_multivar_synth_keep","draw_043",662,"2021-01-27","forecast","1.91212030901567"
"exdqlm_multivar_synth_keep","draw_043",662,"2021-01-28","forecast","2.32720094289744"
"exdqlm_multivar_synth_keep","draw_043",662,"2021-01-29","forecast","2.51765253216582"
"exdqlm_multivar_synth_keep","draw_043",662,"2021-01-30","forecast","1.32472624533277"
"exdqlm_multivar_synth_keep","draw_043",662,"2021-01-31","forecast","0.853088340600291"
"exdqlm_multivar_synth_keep","draw_043",662,"2021-02-01","forecast","0.788457609948219"
"exdqlm_multivar_synth_keep","draw_043",662,"2021-02-02","forecast","1.31086278726320"
"exdqlm_multivar_synth_keep","draw_043",662,"2021-02-03","forecast","1.06807989928910"
"exdqlm_multivar_synth_keep","draw_043",662,"2021-02-04","forecast","0.909846817444464"
"exdqlm_multivar_synth_keep","draw_043",662,"2021-02-05","forecast","0.753422876605586"
"exdqlm_multivar_synth_keep","draw_043",662,"2021-02-06","forecast","0.694019190333351"
"exdqlm_multivar_synth_keep","draw_043",662,"2021-02-07","forecast","0.756223165042472"
"exdqlm_multivar_synth_keep","draw_043",662,"2021-02-08","forecast","0.679764618975441"
"exdqlm_multivar_synth_keep","draw_043",662,"2021-02-09","forecast","0.603187396168630"
"exdqlm_multivar_synth_keep","draw_043",662,"2021-02-10","forecast","1.24173332735511"
"exdqlm_multivar_synth_keep","draw_043",662,"2021-02-11","forecast","0.762353960245412"
"exdqlm_multivar_synth_keep","draw_043",662,"2021-02-12","forecast","0.734113039649545"
"exdqlm_multivar_synth_keep","draw_043",662,"2021-02-13","forecast","0.669801093985149"
"exdqlm_multivar_synth_keep","draw_043",662,"2021-02-14","forecast","0.941036600124023"
"exdqlm_multivar_synth_keep","draw_043",662,"2021-02-15","forecast","0.691979178223828"
"exdqlm_multivar_synth_keep","draw_043",662,"2021-02-16","forecast","0.839390671978625"
"exdqlm_multivar_synth_keep","draw_043",662,"2021-02-17","forecast","0.621656640300784"
"exdqlm_multivar_synth_keep","draw_043",662,"2021-02-18","forecast","0.561516405314423"
"exdqlm_multivar_synth_keep","draw_043",662,"2021-02-19","forecast","0.465049813479748"
"exdqlm_multivar_synth_keep","draw_043",662,"2021-02-20","forecast","0.684891192973830"
"exdqlm_multivar_synth_keep","draw_044",678,"2021-01-24","forecast","0.174041882162501"
"exdqlm_multivar_synth_keep","draw_044",678,"2021-01-25","forecast","0.305779555310877"
"exdqlm_multivar_synth_keep","draw_044",678,"2021-01-26","forecast","0.283612815410024"
"exdqlm_multivar_synth_keep","draw_044",678,"2021-01-27","forecast","1.92536974327884"
"exdqlm_multivar_synth_keep","draw_044",678,"2021-01-28","forecast","2.34982606592194"
"exdqlm_multivar_synth_keep","draw_044",678,"2021-01-29","forecast","2.53685735711522"
"exdqlm_multivar_synth_keep","draw_044",678,"2021-01-30","forecast","1.33321135789424"
"exdqlm_multivar_synth_keep","draw_044",678,"2021-01-31","forecast","0.858895322999952"
"exdqlm_multivar_synth_keep","draw_044",678,"2021-02-01","forecast","0.797368682826483"
"exdqlm_multivar_synth_keep","draw_044",678,"2021-02-02","forecast","1.32250911682341"
"exdqlm_multivar_synth_keep","draw_044",678,"2021-02-03","forecast","1.07669343475539"
"exdqlm_multivar_synth_keep","draw_044",678,"2021-02-04","forecast","0.916980034115663"
"exdqlm_multivar_synth_keep","draw_044",678,"2021-02-05","forecast","0.759769960498834"
"exdqlm_multivar_synth_keep","draw_044",678,"2021-02-06","forecast","0.700642485268409"
"exdqlm_multivar_synth_keep","draw_044",678,"2021-02-07","forecast","0.760444891330849"
"exdqlm_multivar_synth_keep","draw_044",678,"2021-02-08","forecast","0.683807307898314"
"exdqlm_multivar_synth_keep","draw_044",678,"2021-02-09","forecast","0.605503162604573"
"exdqlm_multivar_synth_keep","draw_044",678,"2021-02-10","forecast","1.25474057332835"
"exdqlm_multivar_synth_keep","draw_044",678,"2021-02-11","forecast","0.766171825055768"
"exdqlm_multivar_synth_keep","draw_044",678,"2021-02-12","forecast","0.738458226986546"
"exdqlm_multivar_synth_keep","draw_044",678,"2021-02-13","forecast","0.674531026781756"
"exdqlm_multivar_synth_keep","draw_044",678,"2021-02-14","forecast","0.945172458671478"
"exdqlm_multivar_synth_keep","draw_044",678,"2021-02-15","forecast","0.695073420708315"
"exdqlm_multivar_synth_keep","draw_044",678,"2021-02-16","forecast","0.844785567112600"
"exdqlm_multivar_synth_keep","draw_044",678,"2021-02-17","forecast","0.623990799285744"
"exdqlm_multivar_synth_keep","draw_044",678,"2021-02-18","forecast","0.563388020023226"
"exdqlm_multivar_synth_keep","draw_044",678,"2021-02-19","forecast","0.466282281328092"
"exdqlm_multivar_synth_keep","draw_044",678,"2021-02-20","forecast","0.688246320685423"
"exdqlm_multivar_synth_keep","draw_045",694,"2021-01-24","forecast","0.177025000126382"
"exdqlm_multivar_synth_keep","draw_045",694,"2021-01-25","forecast","0.312836808423571"
"exdqlm_multivar_synth_keep","draw_045",694,"2021-01-26","forecast","0.288951134301950"
"exdqlm_multivar_synth_keep","draw_045",694,"2021-01-27","forecast","1.94443272151706"
"exdqlm_multivar_synth_keep","draw_045",694,"2021-01-28","forecast","2.36503183913694"
"exdqlm_multivar_synth_keep","draw_045",694,"2021-01-29","forecast","2.56158463522386"
"exdqlm_multivar_synth_keep","draw_045",694,"2021-01-30","forecast","1.34003487892058"
"exdqlm_multivar_synth_keep","draw_045",694,"2021-01-31","forecast","0.866828240993642"
"exdqlm_multivar_synth_keep","draw_045",694,"2021-02-01","forecast","0.803458802869540"
"exdqlm_multivar_synth_keep","draw_045",694,"2021-02-02","forecast","1.33305538962328"
"exdqlm_multivar_synth_keep","draw_045",694,"2021-02-03","forecast","1.08578770546612"
"exdqlm_multivar_synth_keep","draw_045",694,"2021-02-04","forecast","0.924122267017049"
"exdqlm_multivar_synth_keep","draw_045",694,"2021-02-05","forecast","0.765470536856061"
"exdqlm_multivar_synth_keep","draw_045",694,"2021-02-06","forecast","0.706901358656664"
"exdqlm_multivar_synth_keep","draw_045",694,"2021-02-07","forecast","0.763487937908415"
"exdqlm_multivar_synth_keep","draw_045",694,"2021-02-08","forecast","0.691578930224823"
"exdqlm_multivar_synth_keep","draw_045",694,"2021-02-09","forecast","0.609669398016232"
"exdqlm_multivar_synth_keep","draw_045",694,"2021-02-10","forecast","1.26030039091209"
"exdqlm_multivar_synth_keep","draw_045",694,"2021-02-11","forecast","0.771887997853067"
"exdqlm_multivar_synth_keep","draw_045",694,"2021-02-12","forecast","0.742961753631290"
"exdqlm_multivar_synth_keep","draw_045",694,"2021-02-13","forecast","0.678634334649914"
"exdqlm_multivar_synth_keep","draw_045",694,"2021-02-14","forecast","0.955374002334273"
"exdqlm_multivar_synth_keep","draw_045",694,"2021-02-15","forecast","0.699181569517362"
"exdqlm_multivar_synth_keep","draw_045",694,"2021-02-16","forecast","0.852405337376544"
"exdqlm_multivar_synth_keep","draw_045",694,"2021-02-17","forecast","0.627660603875511"
"exdqlm_multivar_synth_keep","draw_045",694,"2021-02-18","forecast","0.566164745450177"
"exdqlm_multivar_synth_keep","draw_045",694,"2021-02-19","forecast","0.468631041596518"
"exdqlm_multivar_synth_keep","draw_045",694,"2021-02-20","forecast","0.691426502712645"
"exdqlm_multivar_synth_keep","draw_046",709,"2021-01-24","forecast","0.178540460588674"
"exdqlm_multivar_synth_keep","draw_046",709,"2021-01-25","forecast","0.315601434964310"
"exdqlm_multivar_synth_keep","draw_046",709,"2021-01-26","forecast","0.289858154914077"
"exdqlm_multivar_synth_keep","draw_046",709,"2021-01-27","forecast","1.96001238812152"
"exdqlm_multivar_synth_keep","draw_046",709,"2021-01-28","forecast","2.37684742176922"
"exdqlm_multivar_synth_keep","draw_046",709,"2021-01-29","forecast","2.58297593124373"
"exdqlm_multivar_synth_keep","draw_046",709,"2021-01-30","forecast","1.34914430827826"
"exdqlm_multivar_synth_keep","draw_046",709,"2021-01-31","forecast","0.873092790605025"
"exdqlm_multivar_synth_keep","draw_046",709,"2021-02-01","forecast","0.806855530624076"
"exdqlm_multivar_synth_keep","draw_046",709,"2021-02-02","forecast","1.34027414945120"
"exdqlm_multivar_synth_keep","draw_046",709,"2021-02-03","forecast","1.08950403316545"
"exdqlm_multivar_synth_keep","draw_046",709,"2021-02-04","forecast","0.931568497724515"
"exdqlm_multivar_synth_keep","draw_046",709,"2021-02-05","forecast","0.771496199696937"
"exdqlm_multivar_synth_keep","draw_046",709,"2021-02-06","forecast","0.711812130889455"
"exdqlm_multivar_synth_keep","draw_046",709,"2021-02-07","forecast","0.766886043835712"
"exdqlm_multivar_synth_keep","draw_046",709,"2021-02-08","forecast","0.694755463487904"
"exdqlm_multivar_synth_keep","draw_046",709,"2021-02-09","forecast","0.614373574006071"
"exdqlm_multivar_synth_keep","draw_046",709,"2021-02-10","forecast","1.26640826953124"
"exdqlm_multivar_synth_keep","draw_046",709,"2021-02-11","forecast","0.775152351685560"
"exdqlm_multivar_synth_keep","draw_046",709,"2021-02-12","forecast","0.747980391898086"
"exdqlm_multivar_synth_keep","draw_046",709,"2021-02-13","forecast","0.681401394432013"
"exdqlm_multivar_synth_keep","draw_046",709,"2021-02-14","forecast","0.958469579938374"
"exdqlm_multivar_synth_keep","draw_046",709,"2021-02-15","forecast","0.704324144311202"
"exdqlm_multivar_synth_keep","draw_046",709,"2021-02-16","forecast","0.858609802576609"
"exdqlm_multivar_synth_keep","draw_046",709,"2021-02-17","forecast","0.631566818355323"
"exdqlm_multivar_synth_keep","draw_046",709,"2021-02-18","forecast","0.572265202502726"
"exdqlm_multivar_synth_keep","draw_046",709,"2021-02-19","forecast","0.471716599752139"
"exdqlm_multivar_synth_keep","draw_046",709,"2021-02-20","forecast","0.695361405972144"
"exdqlm_multivar_synth_keep","draw_047",725,"2021-01-24","forecast","0.181088761154226"
"exdqlm_multivar_synth_keep","draw_047",725,"2021-01-25","forecast","0.318691404794089"
"exdqlm_multivar_synth_keep","draw_047",725,"2021-01-26","forecast","0.292950224220105"
"exdqlm_multivar_synth_keep","draw_047",725,"2021-01-27","forecast","1.96685564122914"
"exdqlm_multivar_synth_keep","draw_047",725,"2021-01-28","forecast","2.39643480579306"
"exdqlm_multivar_synth_keep","draw_047",725,"2021-01-29","forecast","2.61324123856775"
"exdqlm_multivar_synth_keep","draw_047",725,"2021-01-30","forecast","1.35738708495329"
"exdqlm_multivar_synth_keep","draw_047",725,"2021-01-31","forecast","0.881117750640950"
"exdqlm_multivar_synth_keep","draw_047",725,"2021-02-01","forecast","0.813100141976335"
"exdqlm_multivar_synth_keep","draw_047",725,"2021-02-02","forecast","1.34618295054681"
"exdqlm_multivar_synth_keep","draw_047",725,"2021-02-03","forecast","1.09422263389708"
"exdqlm_multivar_synth_keep","draw_047",725,"2021-02-04","forecast","0.937562909493932"
"exdqlm_multivar_synth_keep","draw_047",725,"2021-02-05","forecast","0.774802624831967"
"exdqlm_multivar_synth_keep","draw_047",725,"2021-02-06","forecast","0.716567607640945"
"exdqlm_multivar_synth_keep","draw_047",725,"2021-02-07","forecast","0.769747048626663"
"exdqlm_multivar_synth_keep","draw_047",725,"2021-02-08","forecast","0.699143773683012"
"exdqlm_multivar_synth_keep","draw_047",725,"2021-02-09","forecast","0.620028535191544"
"exdqlm_multivar_synth_keep","draw_047",725,"2021-02-10","forecast","1.27106468414956"
"exdqlm_multivar_synth_keep","draw_047",725,"2021-02-11","forecast","0.779286029476418"
"exdqlm_multivar_synth_keep","draw_047",725,"2021-02-12","forecast","0.753746050842746"
"exdqlm_multivar_synth_keep","draw_047",725,"2021-02-13","forecast","0.684931043095049"
"exdqlm_multivar_synth_keep","draw_047",725,"2021-02-14","forecast","0.961909327129316"
"exdqlm_multivar_synth_keep","draw_047",725,"2021-02-15","forecast","0.708157047992974"
"exdqlm_multivar_synth_keep","draw_047",725,"2021-02-16","forecast","0.865195686220884"
"exdqlm_multivar_synth_keep","draw_047",725,"2021-02-17","forecast","0.635131755459300"
"exdqlm_multivar_synth_keep","draw_047",725,"2021-02-18","forecast","0.575038204240914"
"exdqlm_multivar_synth_keep","draw_047",725,"2021-02-19","forecast","0.473420783274154"
"exdqlm_multivar_synth_keep","draw_047",725,"2021-02-20","forecast","0.698842142206700"
"exdqlm_multivar_synth_keep","draw_048",741,"2021-01-24","forecast","0.182485924790664"
"exdqlm_multivar_synth_keep","draw_048",741,"2021-01-25","forecast","0.322730409451262"
"exdqlm_multivar_synth_keep","draw_048",741,"2021-01-26","forecast","0.294560837935999"
"exdqlm_multivar_synth_keep","draw_048",741,"2021-01-27","forecast","1.97449951400212"
"exdqlm_multivar_synth_keep","draw_048",741,"2021-01-28","forecast","2.41077253165687"
"exdqlm_multivar_synth_keep","draw_048",741,"2021-01-29","forecast","2.63906012310722"
"exdqlm_multivar_synth_keep","draw_048",741,"2021-01-30","forecast","1.36594085879214"
"exdqlm_multivar_synth_keep","draw_048",741,"2021-01-31","forecast","0.886865011714158"
"exdqlm_multivar_synth_keep","draw_048",741,"2021-02-01","forecast","0.815443829868064"
"exdqlm_multivar_synth_keep","draw_048",741,"2021-02-02","forecast","1.35405580486484"
"exdqlm_multivar_synth_keep","draw_048",741,"2021-02-03","forecast","1.10028482308657"
"exdqlm_multivar_synth_keep","draw_048",741,"2021-02-04","forecast","0.940961999308126"
"exdqlm_multivar_synth_keep","draw_048",741,"2021-02-05","forecast","0.779997341825125"
"exdqlm_multivar_synth_keep","draw_048",741,"2021-02-06","forecast","0.721554602681233"
"exdqlm_multivar_synth_keep","draw_048",741,"2021-02-07","forecast","0.772500922998049"
"exdqlm_multivar_synth_keep","draw_048",741,"2021-02-08","forecast","0.705521189443866"
"exdqlm_multivar_synth_keep","draw_048",741,"2021-02-09","forecast","0.621490297054890"
"exdqlm_multivar_synth_keep","draw_048",741,"2021-02-10","forecast","1.27772999216020"
"exdqlm_multivar_synth_keep","draw_048",741,"2021-02-11","forecast","0.785718304031496"
"exdqlm_multivar_synth_keep","draw_048",741,"2021-02-12","forecast","0.760685870695451"
"exdqlm_multivar_synth_keep","draw_048",741,"2021-02-13","forecast","0.688173316422070"
"exdqlm_multivar_synth_keep","draw_048",741,"2021-02-14","forecast","0.966821244250600"
"exdqlm_multivar_synth_keep","draw_048",741,"2021-02-15","forecast","0.714087433318450"
"exdqlm_multivar_synth_keep","draw_048",741,"2021-02-16","forecast","0.870348614231293"
"exdqlm_multivar_synth_keep","draw_048",741,"2021-02-17","forecast","0.639484867959914"
"exdqlm_multivar_synth_keep","draw_048",741,"2021-02-18","forecast","0.579301809063527"
"exdqlm_multivar_synth_keep","draw_048",741,"2021-02-19","forecast","0.477341538865890"
"exdqlm_multivar_synth_keep","draw_048",741,"2021-02-20","forecast","0.702717369033350"
"exdqlm_multivar_synth_keep","draw_049",757,"2021-01-24","forecast","0.182720960307401"
"exdqlm_multivar_synth_keep","draw_049",757,"2021-01-25","forecast","0.325294081961839"
"exdqlm_multivar_synth_keep","draw_049",757,"2021-01-26","forecast","0.296377974322734"
"exdqlm_multivar_synth_keep","draw_049",757,"2021-01-27","forecast","1.98409568855378"
"exdqlm_multivar_synth_keep","draw_049",757,"2021-01-28","forecast","2.42004026666756"
"exdqlm_multivar_synth_keep","draw_049",757,"2021-01-29","forecast","2.65740811218153"
"exdqlm_multivar_synth_keep","draw_049",757,"2021-01-30","forecast","1.37433909708499"
"exdqlm_multivar_synth_keep","draw_049",757,"2021-01-31","forecast","0.893408084607173"
"exdqlm_multivar_synth_keep","draw_049",757,"2021-02-01","forecast","0.819199713390369"
"exdqlm_multivar_synth_keep","draw_049",757,"2021-02-02","forecast","1.35888836008049"
"exdqlm_multivar_synth_keep","draw_049",757,"2021-02-03","forecast","1.10519294205026"
"exdqlm_multivar_synth_keep","draw_049",757,"2021-02-04","forecast","0.944720022480537"
"exdqlm_multivar_synth_keep","draw_049",757,"2021-02-05","forecast","0.784894747221920"
"exdqlm_multivar_synth_keep","draw_049",757,"2021-02-06","forecast","0.725912947824518"
"exdqlm_multivar_synth_keep","draw_049",757,"2021-02-07","forecast","0.777395173212835"
"exdqlm_multivar_synth_keep","draw_049",757,"2021-02-08","forecast","0.710965553358339"
"exdqlm_multivar_synth_keep","draw_049",757,"2021-02-09","forecast","0.624633415998835"
"exdqlm_multivar_synth_keep","draw_049",757,"2021-02-10","forecast","1.28180698150459"
"exdqlm_multivar_synth_keep","draw_049",757,"2021-02-11","forecast","0.790273016285745"
"exdqlm_multivar_synth_keep","draw_049",757,"2021-02-12","forecast","0.766558658577202"
"exdqlm_multivar_synth_keep","draw_049",757,"2021-02-13","forecast","0.690830780569069"
"exdqlm_multivar_synth_keep","draw_049",757,"2021-02-14","forecast","0.971155208871293"
"exdqlm_multivar_synth_keep","draw_049",757,"2021-02-15","forecast","0.719180865870653"
"exdqlm_multivar_synth_keep","draw_049",757,"2021-02-16","forecast","0.873551036242312"
"exdqlm_multivar_synth_keep","draw_049",757,"2021-02-17","forecast","0.642279413449014"
"exdqlm_multivar_synth_keep","draw_049",757,"2021-02-18","forecast","0.581922538598306"
"exdqlm_multivar_synth_keep","draw_049",757,"2021-02-19","forecast","0.483010386653403"
"exdqlm_multivar_synth_keep","draw_049",757,"2021-02-20","forecast","0.709111512053032"
"exdqlm_multivar_synth_keep","draw_050",772,"2021-01-24","forecast","0.183558993737529"
"exdqlm_multivar_synth_keep","draw_050",772,"2021-01-25","forecast","0.327192933152964"
"exdqlm_multivar_synth_keep","draw_050",772,"2021-01-26","forecast","0.297396406357262"
"exdqlm_multivar_synth_keep","draw_050",772,"2021-01-27","forecast","1.99494699286053"
"exdqlm_multivar_synth_keep","draw_050",772,"2021-01-28","forecast","2.42724066098465"
"exdqlm_multivar_synth_keep","draw_050",772,"2021-01-29","forecast","2.66653946626037"
"exdqlm_multivar_synth_keep","draw_050",772,"2021-01-30","forecast","1.38168498347946"
"exdqlm_multivar_synth_keep","draw_050",772,"2021-01-31","forecast","0.897759835161480"
"exdqlm_multivar_synth_keep","draw_050",772,"2021-02-01","forecast","0.825841258987260"
"exdqlm_multivar_synth_keep","draw_050",772,"2021-02-02","forecast","1.36249851634030"
"exdqlm_multivar_synth_keep","draw_050",772,"2021-02-03","forecast","1.11071240044796"
"exdqlm_multivar_synth_keep","draw_050",772,"2021-02-04","forecast","0.951041505778400"
"exdqlm_multivar_synth_keep","draw_050",772,"2021-02-05","forecast","0.792974278944583"
"exdqlm_multivar_synth_keep","draw_050",772,"2021-02-06","forecast","0.729169881443934"
"exdqlm_multivar_synth_keep","draw_050",772,"2021-02-07","forecast","0.780700599562022"
"exdqlm_multivar_synth_keep","draw_050",772,"2021-02-08","forecast","0.716752366156463"
"exdqlm_multivar_synth_keep","draw_050",772,"2021-02-09","forecast","0.628199924611335"
"exdqlm_multivar_synth_keep","draw_050",772,"2021-02-10","forecast","1.28761891265361"
"exdqlm_multivar_synth_keep","draw_050",772,"2021-02-11","forecast","0.794568802942864"
"exdqlm_multivar_synth_keep","draw_050",772,"2021-02-12","forecast","0.772433613871833"
"exdqlm_multivar_synth_keep","draw_050",772,"2021-02-13","forecast","0.696219939825098"
"exdqlm_multivar_synth_keep","draw_050",772,"2021-02-14","forecast","0.975693210740932"
"exdqlm_multivar_synth_keep","draw_050",772,"2021-02-15","forecast","0.723519215773167"
"exdqlm_multivar_synth_keep","draw_050",772,"2021-02-16","forecast","0.879235437568843"
"exdqlm_multivar_synth_keep","draw_050",772,"2021-02-17","forecast","0.647837561139299"
"exdqlm_multivar_synth_keep","draw_050",772,"2021-02-18","forecast","0.585280621625046"
"exdqlm_multivar_synth_keep","draw_050",772,"2021-02-19","forecast","0.486029950923628"
"exdqlm_multivar_synth_keep","draw_050",772,"2021-02-20","forecast","0.713899868400527"
"exdqlm_multivar_synth_keep","draw_051",788,"2021-01-24","forecast","0.184549220789501"
"exdqlm_multivar_synth_keep","draw_051",788,"2021-01-25","forecast","0.329638678103170"
"exdqlm_multivar_synth_keep","draw_051",788,"2021-01-26","forecast","0.298863632192544"
"exdqlm_multivar_synth_keep","draw_051",788,"2021-01-27","forecast","2.00294506010743"
"exdqlm_multivar_synth_keep","draw_051",788,"2021-01-28","forecast","2.43761430048693"
"exdqlm_multivar_synth_keep","draw_051",788,"2021-01-29","forecast","2.67974262059224"
"exdqlm_multivar_synth_keep","draw_051",788,"2021-01-30","forecast","1.39186775985690"
"exdqlm_multivar_synth_keep","draw_051",788,"2021-01-31","forecast","0.907499534856540"
"exdqlm_multivar_synth_keep","draw_051",788,"2021-02-01","forecast","0.828101291304054"
"exdqlm_multivar_synth_keep","draw_051",788,"2021-02-02","forecast","1.36766270427246"
"exdqlm_multivar_synth_keep","draw_051",788,"2021-02-03","forecast","1.11619633013994"
"exdqlm_multivar_synth_keep","draw_051",788,"2021-02-04","forecast","0.957485658608048"
"exdqlm_multivar_synth_keep","draw_051",788,"2021-02-05","forecast","0.797138551078662"
"exdqlm_multivar_synth_keep","draw_051",788,"2021-02-06","forecast","0.731734054075400"
"exdqlm_multivar_synth_keep","draw_051",788,"2021-02-07","forecast","0.784712436037040"
"exdqlm_multivar_synth_keep","draw_051",788,"2021-02-08","forecast","0.721823261944066"
"exdqlm_multivar_synth_keep","draw_051",788,"2021-02-09","forecast","0.632365978452453"
"exdqlm_multivar_synth_keep","draw_051",788,"2021-02-10","forecast","1.29453491019156"
"exdqlm_multivar_synth_keep","draw_051",788,"2021-02-11","forecast","0.802855157231292"
"exdqlm_multivar_synth_keep","draw_051",788,"2021-02-12","forecast","0.777482781175808"
"exdqlm_multivar_synth_keep","draw_051",788,"2021-02-13","forecast","0.701135038203549"
"exdqlm_multivar_synth_keep","draw_051",788,"2021-02-14","forecast","0.980877531044161"
"exdqlm_multivar_synth_keep","draw_051",788,"2021-02-15","forecast","0.729286963196760"
"exdqlm_multivar_synth_keep","draw_051",788,"2021-02-16","forecast","0.882656838421965"
"exdqlm_multivar_synth_keep","draw_051",788,"2021-02-17","forecast","0.650510800325163"
"exdqlm_multivar_synth_keep","draw_051",788,"2021-02-18","forecast","0.589470778942931"
"exdqlm_multivar_synth_keep","draw_051",788,"2021-02-19","forecast","0.490751023963157"
"exdqlm_multivar_synth_keep","draw_051",788,"2021-02-20","forecast","0.718171105224947"
"exdqlm_multivar_synth_keep","draw_052",804,"2021-01-24","forecast","0.185367257535698"
"exdqlm_multivar_synth_keep","draw_052",804,"2021-01-25","forecast","0.332752719260093"
"exdqlm_multivar_synth_keep","draw_052",804,"2021-01-26","forecast","0.300041661693074"
"exdqlm_multivar_synth_keep","draw_052",804,"2021-01-27","forecast","2.01209398735301"
"exdqlm_multivar_synth_keep","draw_052",804,"2021-01-28","forecast","2.44662994283100"
"exdqlm_multivar_synth_keep","draw_052",804,"2021-01-29","forecast","2.69431097657512"
"exdqlm_multivar_synth_keep","draw_052",804,"2021-01-30","forecast","1.39998165322172"
"exdqlm_multivar_synth_keep","draw_052",804,"2021-01-31","forecast","0.912996795685281"
"exdqlm_multivar_synth_keep","draw_052",804,"2021-02-01","forecast","0.833560656188024"
"exdqlm_multivar_synth_keep","draw_052",804,"2021-02-02","forecast","1.37246040378967"
"exdqlm_multivar_synth_keep","draw_052",804,"2021-02-03","forecast","1.12279298308430"
"exdqlm_multivar_synth_keep","draw_052",804,"2021-02-04","forecast","0.962665552616479"
"exdqlm_multivar_synth_keep","draw_052",804,"2021-02-05","forecast","0.805044588397415"
"exdqlm_multivar_synth_keep","draw_052",804,"2021-02-06","forecast","0.734815362370115"
"exdqlm_multivar_synth_keep","draw_052",804,"2021-02-07","forecast","0.788071385860615"
"exdqlm_multivar_synth_keep","draw_052",804,"2021-02-08","forecast","0.727590508329875"
"exdqlm_multivar_synth_keep","draw_052",804,"2021-02-09","forecast","0.635794248470142"
"exdqlm_multivar_synth_keep","draw_052",804,"2021-02-10","forecast","1.29904515902162"
"exdqlm_multivar_synth_keep","draw_052",804,"2021-02-11","forecast","0.806506372608994"
"exdqlm_multivar_synth_keep","draw_052",804,"2021-02-12","forecast","0.784165722016947"
"exdqlm_multivar_synth_keep","draw_052",804,"2021-02-13","forecast","0.705896757839123"
"exdqlm_multivar_synth_keep","draw_052",804,"2021-02-14","forecast","0.985044362640277"
"exdqlm_multivar_synth_keep","draw_052",804,"2021-02-15","forecast","0.732731515075272"
"exdqlm_multivar_synth_keep","draw_052",804,"2021-02-16","forecast","0.888588697673916"
"exdqlm_multivar_synth_keep","draw_052",804,"2021-02-17","forecast","0.653530513718166"
"exdqlm_multivar_synth_keep","draw_052",804,"2021-02-18","forecast","0.595526729745321"
"exdqlm_multivar_synth_keep","draw_052",804,"2021-02-19","forecast","0.494579849801787"
"exdqlm_multivar_synth_keep","draw_052",804,"2021-02-20","forecast","0.722854820574380"
"exdqlm_multivar_synth_keep","draw_053",819,"2021-01-24","forecast","0.186424343153062"
"exdqlm_multivar_synth_keep","draw_053",819,"2021-01-25","forecast","0.336320577295873"
"exdqlm_multivar_synth_keep","draw_053",819,"2021-01-26","forecast","0.301148029544892"
"exdqlm_multivar_synth_keep","draw_053",819,"2021-01-27","forecast","2.02090975285980"
"exdqlm_multivar_synth_keep","draw_053",819,"2021-01-28","forecast","2.45510104769551"
"exdqlm_multivar_synth_keep","draw_053",819,"2021-01-29","forecast","2.70879587882415"
"exdqlm_multivar_synth_keep","draw_053",819,"2021-01-30","forecast","1.41075332721797"
"exdqlm_multivar_synth_keep","draw_053",819,"2021-01-31","forecast","0.918250300685485"
"exdqlm_multivar_synth_keep","draw_053",819,"2021-02-01","forecast","0.838575087797192"
"exdqlm_multivar_synth_keep","draw_053",819,"2021-02-02","forecast","1.37981973160536"
"exdqlm_multivar_synth_keep","draw_053",819,"2021-02-03","forecast","1.12749682652551"
"exdqlm_multivar_synth_keep","draw_053",819,"2021-02-04","forecast","0.969731410050784"
"exdqlm_multivar_synth_keep","draw_053",819,"2021-02-05","forecast","0.811008546925507"
"exdqlm_multivar_synth_keep","draw_053",819,"2021-02-06","forecast","0.738747891241629"
"exdqlm_multivar_synth_keep","draw_053",819,"2021-02-07","forecast","0.791040299713937"
"exdqlm_multivar_synth_keep","draw_053",819,"2021-02-08","forecast","0.730894550533799"
"exdqlm_multivar_synth_keep","draw_053",819,"2021-02-09","forecast","0.639227239979594"
"exdqlm_multivar_synth_keep","draw_053",819,"2021-02-10","forecast","1.30328287495064"
"exdqlm_multivar_synth_keep","draw_053",819,"2021-02-11","forecast","0.810754373973540"
"exdqlm_multivar_synth_keep","draw_053",819,"2021-02-12","forecast","0.792472765451328"
"exdqlm_multivar_synth_keep","draw_053",819,"2021-02-13","forecast","0.708764503301113"
"exdqlm_multivar_synth_keep","draw_053",819,"2021-02-14","forecast","0.988923697213127"
"exdqlm_multivar_synth_keep","draw_053",819,"2021-02-15","forecast","0.741523339906956"
"exdqlm_multivar_synth_keep","draw_053",819,"2021-02-16","forecast","0.894614143834202"
"exdqlm_multivar_synth_keep","draw_053",819,"2021-02-17","forecast","0.656110117890404"
"exdqlm_multivar_synth_keep","draw_053",819,"2021-02-18","forecast","0.600772152482742"
"exdqlm_multivar_synth_keep","draw_053",819,"2021-02-19","forecast","0.497226829173583"
"exdqlm_multivar_synth_keep","draw_053",819,"2021-02-20","forecast","0.726417716605034"
"exdqlm_multivar_synth_keep","draw_054",835,"2021-01-24","forecast","0.187231154900794"
"exdqlm_multivar_synth_keep","draw_054",835,"2021-01-25","forecast","0.338768783133438"
"exdqlm_multivar_synth_keep","draw_054",835,"2021-01-26","forecast","0.302589551565623"
"exdqlm_multivar_synth_keep","draw_054",835,"2021-01-27","forecast","2.03454429581976"
"exdqlm_multivar_synth_keep","draw_054",835,"2021-01-28","forecast","2.46739237957957"
"exdqlm_multivar_synth_keep","draw_054",835,"2021-01-29","forecast","2.71989257824507"
"exdqlm_multivar_synth_keep","draw_054",835,"2021-01-30","forecast","1.41780814695254"
"exdqlm_multivar_synth_keep","draw_054",835,"2021-01-31","forecast","0.923844611756994"
"exdqlm_multivar_synth_keep","draw_054",835,"2021-02-01","forecast","0.842839351829851"
"exdqlm_multivar_synth_keep","draw_054",835,"2021-02-02","forecast","1.38606982351162"
"exdqlm_multivar_synth_keep","draw_054",835,"2021-02-03","forecast","1.13260499655104"
"exdqlm_multivar_synth_keep","draw_054",835,"2021-02-04","forecast","0.974212310255183"
"exdqlm_multivar_synth_keep","draw_054",835,"2021-02-05","forecast","0.816991361015570"
"exdqlm_multivar_synth_keep","draw_054",835,"2021-02-06","forecast","0.743250548103933"
"exdqlm_multivar_synth_keep","draw_054",835,"2021-02-07","forecast","0.795209173803433"
"exdqlm_multivar_synth_keep","draw_054",835,"2021-02-08","forecast","0.735298145258154"
"exdqlm_multivar_synth_keep","draw_054",835,"2021-02-09","forecast","0.642037253437053"
"exdqlm_multivar_synth_keep","draw_054",835,"2021-02-10","forecast","1.30807937438376"
"exdqlm_multivar_synth_keep","draw_054",835,"2021-02-11","forecast","0.817210256072224"
"exdqlm_multivar_synth_keep","draw_054",835,"2021-02-12","forecast","0.799234200097311"
"exdqlm_multivar_synth_keep","draw_054",835,"2021-02-13","forecast","0.714676323410967"
"exdqlm_multivar_synth_keep","draw_054",835,"2021-02-14","forecast","0.995171971689082"
"exdqlm_multivar_synth_keep","draw_054",835,"2021-02-15","forecast","0.746958181528517"
"exdqlm_multivar_synth_keep","draw_054",835,"2021-02-16","forecast","0.899296954897746"
"exdqlm_multivar_synth_keep","draw_054",835,"2021-02-17","forecast","0.658715933829272"
"exdqlm_multivar_synth_keep","draw_054",835,"2021-02-18","forecast","0.608225157008118"
"exdqlm_multivar_synth_keep","draw_054",835,"2021-02-19","forecast","0.500780579713358"
"exdqlm_multivar_synth_keep","draw_054",835,"2021-02-20","forecast","0.728693028196896"
"exdqlm_multivar_synth_keep","draw_055",851,"2021-01-24","forecast","0.187620585011600"
"exdqlm_multivar_synth_keep","draw_055",851,"2021-01-25","forecast","0.341173456992174"
"exdqlm_multivar_synth_keep","draw_055",851,"2021-01-26","forecast","0.304343088470893"
"exdqlm_multivar_synth_keep","draw_055",851,"2021-01-27","forecast","2.04571866015011"
"exdqlm_multivar_synth_keep","draw_055",851,"2021-01-28","forecast","2.48419605044878"
"exdqlm_multivar_synth_keep","draw_055",851,"2021-01-29","forecast","2.73434957034817"
"exdqlm_multivar_synth_keep","draw_055",851,"2021-01-30","forecast","1.42450298849938"
"exdqlm_multivar_synth_keep","draw_055",851,"2021-01-31","forecast","0.930218493080028"
"exdqlm_multivar_synth_keep","draw_055",851,"2021-02-01","forecast","0.845521508557072"
"exdqlm_multivar_synth_keep","draw_055",851,"2021-02-02","forecast","1.39346438651767"
"exdqlm_multivar_synth_keep","draw_055",851,"2021-02-03","forecast","1.13728707794364"
"exdqlm_multivar_synth_keep","draw_055",851,"2021-02-04","forecast","0.978426515612860"
"exdqlm_multivar_synth_keep","draw_055",851,"2021-02-05","forecast","0.821543912292406"
"exdqlm_multivar_synth_keep","draw_055",851,"2021-02-06","forecast","0.748310034864420"
"exdqlm_multivar_synth_keep","draw_055",851,"2021-02-07","forecast","0.799405532982123"
"exdqlm_multivar_synth_keep","draw_055",851,"2021-02-08","forecast","0.741172987734904"
"exdqlm_multivar_synth_keep","draw_055",851,"2021-02-09","forecast","0.645800931945047"
"exdqlm_multivar_synth_keep","draw_055",851,"2021-02-10","forecast","1.31171774836931"
"exdqlm_multivar_synth_keep","draw_055",851,"2021-02-11","forecast","0.821120221431347"
"exdqlm_multivar_synth_keep","draw_055",851,"2021-02-12","forecast","0.804431325776391"
"exdqlm_multivar_synth_keep","draw_055",851,"2021-02-13","forecast","0.717374242337264"
"exdqlm_multivar_synth_keep","draw_055",851,"2021-02-14","forecast","1.00049329145210"
"exdqlm_multivar_synth_keep","draw_055",851,"2021-02-15","forecast","0.752263229434468"
"exdqlm_multivar_synth_keep","draw_055",851,"2021-02-16","forecast","0.906949626939931"
"exdqlm_multivar_synth_keep","draw_055",851,"2021-02-17","forecast","0.663538687537738"
"exdqlm_multivar_synth_keep","draw_055",851,"2021-02-18","forecast","0.613093903044218"
"exdqlm_multivar_synth_keep","draw_055",851,"2021-02-19","forecast","0.504491726301513"
"exdqlm_multivar_synth_keep","draw_055",851,"2021-02-20","forecast","0.734475773402657"
"exdqlm_multivar_synth_keep","draw_056",867,"2021-01-24","forecast","0.188859479275709"
"exdqlm_multivar_synth_keep","draw_056",867,"2021-01-25","forecast","0.345437621518126"
"exdqlm_multivar_synth_keep","draw_056",867,"2021-01-26","forecast","0.305857431385334"
"exdqlm_multivar_synth_keep","draw_056",867,"2021-01-27","forecast","2.05707912417363"
"exdqlm_multivar_synth_keep","draw_056",867,"2021-01-28","forecast","2.49907996157935"
"exdqlm_multivar_synth_keep","draw_056",867,"2021-01-29","forecast","2.75062605133151"
"exdqlm_multivar_synth_keep","draw_056",867,"2021-01-30","forecast","1.42845836585456"
"exdqlm_multivar_synth_keep","draw_056",867,"2021-01-31","forecast","0.936301298203502"
"exdqlm_multivar_synth_keep","draw_056",867,"2021-02-01","forecast","0.849016960771382"
"exdqlm_multivar_synth_keep","draw_056",867,"2021-02-02","forecast","1.39925415772521"
"exdqlm_multivar_synth_keep","draw_056",867,"2021-02-03","forecast","1.14229725532456"
"exdqlm_multivar_synth_keep","draw_056",867,"2021-02-04","forecast","0.980965045259930"
"exdqlm_multivar_synth_keep","draw_056",867,"2021-02-05","forecast","0.830470533391049"
"exdqlm_multivar_synth_keep","draw_056",867,"2021-02-06","forecast","0.751534893446604"
"exdqlm_multivar_synth_keep","draw_056",867,"2021-02-07","forecast","0.802003866880411"
"exdqlm_multivar_synth_keep","draw_056",867,"2021-02-08","forecast","0.744494806504526"
"exdqlm_multivar_synth_keep","draw_056",867,"2021-02-09","forecast","0.648288963803578"
"exdqlm_multivar_synth_keep","draw_056",867,"2021-02-10","forecast","1.31828055548341"
"exdqlm_multivar_synth_keep","draw_056",867,"2021-02-11","forecast","0.825950600737351"
"exdqlm_multivar_synth_keep","draw_056",867,"2021-02-12","forecast","0.810224756725852"
"exdqlm_multivar_synth_keep","draw_056",867,"2021-02-13","forecast","0.723142145987200"
"exdqlm_multivar_synth_keep","draw_056",867,"2021-02-14","forecast","1.00661483819297"
"exdqlm_multivar_synth_keep","draw_056",867,"2021-02-15","forecast","0.759261685141173"
"exdqlm_multivar_synth_keep","draw_056",867,"2021-02-16","forecast","0.912192519224564"
"exdqlm_multivar_synth_keep","draw_056",867,"2021-02-17","forecast","0.667848315718160"
"exdqlm_multivar_synth_keep","draw_056",867,"2021-02-18","forecast","0.618478845962958"
"exdqlm_multivar_synth_keep","draw_056",867,"2021-02-19","forecast","0.507609822945042"
"exdqlm_multivar_synth_keep","draw_056",867,"2021-02-20","forecast","0.738888105677046"
"exdqlm_multivar_synth_keep","draw_057",882,"2021-01-24","forecast","0.189823071482949"
"exdqlm_multivar_synth_keep","draw_057",882,"2021-01-25","forecast","0.347687579688815"
"exdqlm_multivar_synth_keep","draw_057",882,"2021-01-26","forecast","0.306725002121452"
"exdqlm_multivar_synth_keep","draw_057",882,"2021-01-27","forecast","2.06613664197144"
"exdqlm_multivar_synth_keep","draw_057",882,"2021-01-28","forecast","2.51359255866649"
"exdqlm_multivar_synth_keep","draw_057",882,"2021-01-29","forecast","2.76573336716733"
"exdqlm_multivar_synth_keep","draw_057",882,"2021-01-30","forecast","1.43887442188059"
"exdqlm_multivar_synth_keep","draw_057",882,"2021-01-31","forecast","0.944788490826863"
"exdqlm_multivar_synth_keep","draw_057",882,"2021-02-01","forecast","0.852928909658896"
"exdqlm_multivar_synth_keep","draw_057",882,"2021-02-02","forecast","1.40403667049012"
"exdqlm_multivar_synth_keep","draw_057",882,"2021-02-03","forecast","1.14566056857784"
"exdqlm_multivar_synth_keep","draw_057",882,"2021-02-04","forecast","0.985233998518588"
"exdqlm_multivar_synth_keep","draw_057",882,"2021-02-05","forecast","0.838241858307584"
"exdqlm_multivar_synth_keep","draw_057",882,"2021-02-06","forecast","0.753750325618753"
"exdqlm_multivar_synth_keep","draw_057",882,"2021-02-07","forecast","0.804930656811602"
"exdqlm_multivar_synth_keep","draw_057",882,"2021-02-08","forecast","0.749214013536864"
"exdqlm_multivar_synth_keep","draw_057",882,"2021-02-09","forecast","0.651617872981370"
"exdqlm_multivar_synth_keep","draw_057",882,"2021-02-10","forecast","1.32458931027795"
"exdqlm_multivar_synth_keep","draw_057",882,"2021-02-11","forecast","0.830098731740006"
"exdqlm_multivar_synth_keep","draw_057",882,"2021-02-12","forecast","0.815507555176004"
"exdqlm_multivar_synth_keep","draw_057",882,"2021-02-13","forecast","0.725678030187368"
"exdqlm_multivar_synth_keep","draw_057",882,"2021-02-14","forecast","1.01339574051954"
"exdqlm_multivar_synth_keep","draw_057",882,"2021-02-15","forecast","0.762180295700498"
"exdqlm_multivar_synth_keep","draw_057",882,"2021-02-16","forecast","0.917361337740647"
"exdqlm_multivar_synth_keep","draw_057",882,"2021-02-17","forecast","0.673363799447179"
"exdqlm_multivar_synth_keep","draw_057",882,"2021-02-18","forecast","0.623856657992275"
"exdqlm_multivar_synth_keep","draw_057",882,"2021-02-19","forecast","0.509800650916896"
"exdqlm_multivar_synth_keep","draw_057",882,"2021-02-20","forecast","0.744899309966934"
"exdqlm_multivar_synth_keep","draw_058",898,"2021-01-24","forecast","0.190384709010442"
"exdqlm_multivar_synth_keep","draw_058",898,"2021-01-25","forecast","0.351062984032762"
"exdqlm_multivar_synth_keep","draw_058",898,"2021-01-26","forecast","0.308039362585367"
"exdqlm_multivar_synth_keep","draw_058",898,"2021-01-27","forecast","2.07570753980654"
"exdqlm_multivar_synth_keep","draw_058",898,"2021-01-28","forecast","2.52837263633926"
"exdqlm_multivar_synth_keep","draw_058",898,"2021-01-29","forecast","2.78067588253832"
"exdqlm_multivar_synth_keep","draw_058",898,"2021-01-30","forecast","1.44430639834058"
"exdqlm_multivar_synth_keep","draw_058",898,"2021-01-31","forecast","0.951281631380565"
"exdqlm_multivar_synth_keep","draw_058",898,"2021-02-01","forecast","0.857097443543364"
"exdqlm_multivar_synth_keep","draw_058",898,"2021-02-02","forecast","1.41005595196346"
"exdqlm_multivar_synth_keep","draw_058",898,"2021-02-03","forecast","1.15058287579542"
"exdqlm_multivar_synth_keep","draw_058",898,"2021-02-04","forecast","0.991637899050404"
"exdqlm_multivar_synth_keep","draw_058",898,"2021-02-05","forecast","0.846123033018142"
"exdqlm_multivar_synth_keep","draw_058",898,"2021-02-06","forecast","0.758101002455752"
"exdqlm_multivar_synth_keep","draw_058",898,"2021-02-07","forecast","0.809672640035669"
"exdqlm_multivar_synth_keep","draw_058",898,"2021-02-08","forecast","0.756013245228909"
"exdqlm_multivar_synth_keep","draw_058",898,"2021-02-09","forecast","0.655999123302509"
"exdqlm_multivar_synth_keep","draw_058",898,"2021-02-10","forecast","1.33058424385097"
"exdqlm_multivar_synth_keep","draw_058",898,"2021-02-11","forecast","0.836515271221293"
"exdqlm_multivar_synth_keep","draw_058",898,"2021-02-12","forecast","0.822245648738757"
"exdqlm_multivar_synth_keep","draw_058",898,"2021-02-13","forecast","0.730001221205343"
"exdqlm_multivar_synth_keep","draw_058",898,"2021-02-14","forecast","1.01982092230854"
"exdqlm_multivar_synth_keep","draw_058",898,"2021-02-15","forecast","0.768637066448821"
"exdqlm_multivar_synth_keep","draw_058",898,"2021-02-16","forecast","0.922305598029345"
"exdqlm_multivar_synth_keep","draw_058",898,"2021-02-17","forecast","0.676486278942067"
"exdqlm_multivar_synth_keep","draw_058",898,"2021-02-18","forecast","0.628452567469133"
"exdqlm_multivar_synth_keep","draw_058",898,"2021-02-19","forecast","0.513376954260687"
"exdqlm_multivar_synth_keep","draw_058",898,"2021-02-20","forecast","0.749041453093946"
"exdqlm_multivar_synth_keep","draw_059",914,"2021-01-24","forecast","0.190468322593846"
"exdqlm_multivar_synth_keep","draw_059",914,"2021-01-25","forecast","0.355194086660314"
"exdqlm_multivar_synth_keep","draw_059",914,"2021-01-26","forecast","0.310949937005953"
"exdqlm_multivar_synth_keep","draw_059",914,"2021-01-27","forecast","2.08883552856053"
"exdqlm_multivar_synth_keep","draw_059",914,"2021-01-28","forecast","2.53694823375355"
"exdqlm_multivar_synth_keep","draw_059",914,"2021-01-29","forecast","2.79811941796374"
"exdqlm_multivar_synth_keep","draw_059",914,"2021-01-30","forecast","1.45185598345656"
"exdqlm_multivar_synth_keep","draw_059",914,"2021-01-31","forecast","0.958696331883946"
"exdqlm_multivar_synth_keep","draw_059",914,"2021-02-01","forecast","0.859823043873669"
"exdqlm_multivar_synth_keep","draw_059",914,"2021-02-02","forecast","1.41440931930409"
"exdqlm_multivar_synth_keep","draw_059",914,"2021-02-03","forecast","1.15511395298856"
"exdqlm_multivar_synth_keep","draw_059",914,"2021-02-04","forecast","0.995042588408741"
"exdqlm_multivar_synth_keep","draw_059",914,"2021-02-05","forecast","0.850078352103941"
"exdqlm_multivar_synth_keep","draw_059",914,"2021-02-06","forecast","0.760972524424982"
"exdqlm_multivar_synth_keep","draw_059",914,"2021-02-07","forecast","0.814285135291626"
"exdqlm_multivar_synth_keep","draw_059",914,"2021-02-08","forecast","0.761691853112274"
"exdqlm_multivar_synth_keep","draw_059",914,"2021-02-09","forecast","0.660399622493511"
"exdqlm_multivar_synth_keep","draw_059",914,"2021-02-10","forecast","1.33595280719010"
"exdqlm_multivar_synth_keep","draw_059",914,"2021-02-11","forecast","0.841034286288483"
"exdqlm_multivar_synth_keep","draw_059",914,"2021-02-12","forecast","0.829227824920187"
"exdqlm_multivar_synth_keep","draw_059",914,"2021-02-13","forecast","0.734249065449051"
"exdqlm_multivar_synth_keep","draw_059",914,"2021-02-14","forecast","1.02394144062229"
"exdqlm_multivar_synth_keep","draw_059",914,"2021-02-15","forecast","0.772876375831837"
"exdqlm_multivar_synth_keep","draw_059",914,"2021-02-16","forecast","0.926642370709641"
"exdqlm_multivar_synth_keep","draw_059",914,"2021-02-17","forecast","0.680624755818390"
"exdqlm_multivar_synth_keep","draw_059",914,"2021-02-18","forecast","0.632079208319455"
"exdqlm_multivar_synth_keep","draw_059",914,"2021-02-19","forecast","0.515939660620937"
"exdqlm_multivar_synth_keep","draw_059",914,"2021-02-20","forecast","0.751860118620810"
"exdqlm_multivar_synth_keep","draw_060",930,"2021-01-24","forecast","0.190731621308740"
"exdqlm_multivar_synth_keep","draw_060",930,"2021-01-25","forecast","0.358476070027270"
"exdqlm_multivar_synth_keep","draw_060",930,"2021-01-26","forecast","0.312803774437884"
"exdqlm_multivar_synth_keep","draw_060",930,"2021-01-27","forecast","2.09924379050463"
"exdqlm_multivar_synth_keep","draw_060",930,"2021-01-28","forecast","2.54581466899936"
"exdqlm_multivar_synth_keep","draw_060",930,"2021-01-29","forecast","2.81162902870651"
"exdqlm_multivar_synth_keep","draw_060",930,"2021-01-30","forecast","1.45624768175878"
"exdqlm_multivar_synth_keep","draw_060",930,"2021-01-31","forecast","0.964972924152299"
"exdqlm_multivar_synth_keep","draw_060",930,"2021-02-01","forecast","0.866034284340039"
"exdqlm_multivar_synth_keep","draw_060",930,"2021-02-02","forecast","1.42082495731336"
"exdqlm_multivar_synth_keep","draw_060",930,"2021-02-03","forecast","1.16197950041974"
"exdqlm_multivar_synth_keep","draw_060",930,"2021-02-04","forecast","1.00180832057553"
"exdqlm_multivar_synth_keep","draw_060",930,"2021-02-05","forecast","0.854049400055892"
"exdqlm_multivar_synth_keep","draw_060",930,"2021-02-06","forecast","0.768260053182522"
"exdqlm_multivar_synth_keep","draw_060",930,"2021-02-07","forecast","0.817925522392176"
"exdqlm_multivar_synth_keep","draw_060",930,"2021-02-08","forecast","0.765355400550271"
"exdqlm_multivar_synth_keep","draw_060",930,"2021-02-09","forecast","0.663599855163649"
"exdqlm_multivar_synth_keep","draw_060",930,"2021-02-10","forecast","1.34203883940495"
"exdqlm_multivar_synth_keep","draw_060",930,"2021-02-11","forecast","0.844572926811770"
"exdqlm_multivar_synth_keep","draw_060",930,"2021-02-12","forecast","0.833356642398758"
"exdqlm_multivar_synth_keep","draw_060",930,"2021-02-13","forecast","0.737941991574428"
"exdqlm_multivar_synth_keep","draw_060",930,"2021-02-14","forecast","1.02682190562982"
"exdqlm_multivar_synth_keep","draw_060",930,"2021-02-15","forecast","0.778914867023980"
"exdqlm_multivar_synth_keep","draw_060",930,"2021-02-16","forecast","0.932582329880492"
"exdqlm_multivar_synth_keep","draw_060",930,"2021-02-17","forecast","0.684377467034877"
"exdqlm_multivar_synth_keep","draw_060",930,"2021-02-18","forecast","0.636773470133876"
"exdqlm_multivar_synth_keep","draw_060",930,"2021-02-19","forecast","0.518784920105335"
"exdqlm_multivar_synth_keep","draw_060",930,"2021-02-20","forecast","0.756399762155299"
"exdqlm_multivar_synth_keep","draw_061",945,"2021-01-24","forecast","0.191103650180121"
"exdqlm_multivar_synth_keep","draw_061",945,"2021-01-25","forecast","0.361525462570181"
"exdqlm_multivar_synth_keep","draw_061",945,"2021-01-26","forecast","0.315119027325395"
"exdqlm_multivar_synth_keep","draw_061",945,"2021-01-27","forecast","2.10964137637422"
"exdqlm_multivar_synth_keep","draw_061",945,"2021-01-28","forecast","2.56164924983712"
"exdqlm_multivar_synth_keep","draw_061",945,"2021-01-29","forecast","2.83126662457770"
"exdqlm_multivar_synth_keep","draw_061",945,"2021-01-30","forecast","1.46332260265119"
"exdqlm_multivar_synth_keep","draw_061",945,"2021-01-31","forecast","0.972375467799389"
"exdqlm_multivar_synth_keep","draw_061",945,"2021-02-01","forecast","0.870645813487608"
"exdqlm_multivar_synth_keep","draw_061",945,"2021-02-02","forecast","1.42747803432633"
"exdqlm_multivar_synth_keep","draw_061",945,"2021-02-03","forecast","1.16703747550610"
"exdqlm_multivar_synth_keep","draw_061",945,"2021-02-04","forecast","1.00552064749972"
"exdqlm_multivar_synth_keep","draw_061",945,"2021-02-05","forecast","0.859030314990268"
"exdqlm_multivar_synth_keep","draw_061",945,"2021-02-06","forecast","0.771489030133067"
"exdqlm_multivar_synth_keep","draw_061",945,"2021-02-07","forecast","0.820304894136090"
"exdqlm_multivar_synth_keep","draw_061",945,"2021-02-08","forecast","0.769094297255739"
"exdqlm_multivar_synth_keep","draw_061",945,"2021-02-09","forecast","0.666113542241711"
"exdqlm_multivar_synth_keep","draw_061",945,"2021-02-10","forecast","1.34564175227697"
"exdqlm_multivar_synth_keep","draw_061",945,"2021-02-11","forecast","0.853796272984603"
"exdqlm_multivar_synth_keep","draw_061",945,"2021-02-12","forecast","0.839612276653235"
"exdqlm_multivar_synth_keep","draw_061",945,"2021-02-13","forecast","0.741763914077990"
"exdqlm_multivar_synth_keep","draw_061",945,"2021-02-14","forecast","1.03345856151820"
"exdqlm_multivar_synth_keep","draw_061",945,"2021-02-15","forecast","0.782996381625010"
"exdqlm_multivar_synth_keep","draw_061",945,"2021-02-16","forecast","0.937938627786994"
"exdqlm_multivar_synth_keep","draw_061",945,"2021-02-17","forecast","0.689102525410504"
"exdqlm_multivar_synth_keep","draw_061",945,"2021-02-18","forecast","0.640138548029246"
"exdqlm_multivar_synth_keep","draw_061",945,"2021-02-19","forecast","0.521949130490452"
"exdqlm_multivar_synth_keep","draw_061",945,"2021-02-20","forecast","0.759362438067396"
"exdqlm_multivar_synth_keep","draw_062",961,"2021-01-24","forecast","0.192595967144768"
"exdqlm_multivar_synth_keep","draw_062",961,"2021-01-25","forecast","0.364981124227195"
"exdqlm_multivar_synth_keep","draw_062",961,"2021-01-26","forecast","0.316751458712146"
"exdqlm_multivar_synth_keep","draw_062",961,"2021-01-27","forecast","2.11637259931022"
"exdqlm_multivar_synth_keep","draw_062",961,"2021-01-28","forecast","2.57251743160146"
"exdqlm_multivar_synth_keep","draw_062",961,"2021-01-29","forecast","2.84406982212192"
"exdqlm_multivar_synth_keep","draw_062",961,"2021-01-30","forecast","1.47218791404388"
"exdqlm_multivar_synth_keep","draw_062",961,"2021-01-31","forecast","0.980068946999826"
"exdqlm_multivar_synth_keep","draw_062",961,"2021-02-01","forecast","0.875372673720915"
"exdqlm_multivar_synth_keep","draw_062",961,"2021-02-02","forecast","1.43375338291129"
"exdqlm_multivar_synth_keep","draw_062",961,"2021-02-03","forecast","1.17429021882876"
"exdqlm_multivar_synth_keep","draw_062",961,"2021-02-04","forecast","1.01148441539419"
"exdqlm_multivar_synth_keep","draw_062",961,"2021-02-05","forecast","0.865444157238868"
"exdqlm_multivar_synth_keep","draw_062",961,"2021-02-06","forecast","0.774479658084346"
"exdqlm_multivar_synth_keep","draw_062",961,"2021-02-07","forecast","0.825724541358527"
"exdqlm_multivar_synth_keep","draw_062",961,"2021-02-08","forecast","0.773535879212160"
"exdqlm_multivar_synth_keep","draw_062",961,"2021-02-09","forecast","0.669549443838157"
"exdqlm_multivar_synth_keep","draw_062",961,"2021-02-10","forecast","1.35157207307285"
"exdqlm_multivar_synth_keep","draw_062",961,"2021-02-11","forecast","0.858921658926905"
"exdqlm_multivar_synth_keep","draw_062",961,"2021-02-12","forecast","0.846392638687003"
"exdqlm_multivar_synth_keep","draw_062",961,"2021-02-13","forecast","0.744256134446412"
"exdqlm_multivar_synth_keep","draw_062",961,"2021-02-14","forecast","1.04015837789300"
"exdqlm_multivar_synth_keep","draw_062",961,"2021-02-15","forecast","0.787523757692764"
"exdqlm_multivar_synth_keep","draw_062",961,"2021-02-16","forecast","0.944632306368062"
"exdqlm_multivar_synth_keep","draw_062",961,"2021-02-17","forecast","0.693929986081500"
"exdqlm_multivar_synth_keep","draw_062",961,"2021-02-18","forecast","0.645145755772422"
"exdqlm_multivar_synth_keep","draw_062",961,"2021-02-19","forecast","0.528445372304351"
"exdqlm_multivar_synth_keep","draw_062",961,"2021-02-20","forecast","0.763987902393182"
"exdqlm_multivar_synth_keep","draw_063",977,"2021-01-24","forecast","0.194047409321648"
"exdqlm_multivar_synth_keep","draw_063",977,"2021-01-25","forecast","0.369603120113091"
"exdqlm_multivar_synth_keep","draw_063",977,"2021-01-26","forecast","0.319343818409492"
"exdqlm_multivar_synth_keep","draw_063",977,"2021-01-27","forecast","2.12301198208585"
"exdqlm_multivar_synth_keep","draw_063",977,"2021-01-28","forecast","2.58241105278254"
"exdqlm_multivar_synth_keep","draw_063",977,"2021-01-29","forecast","2.85109647064270"
"exdqlm_multivar_synth_keep","draw_063",977,"2021-01-30","forecast","1.47878479460954"
"exdqlm_multivar_synth_keep","draw_063",977,"2021-01-31","forecast","0.985892294449350"
"exdqlm_multivar_synth_keep","draw_063",977,"2021-02-01","forecast","0.880176635143708"
"exdqlm_multivar_synth_keep","draw_063",977,"2021-02-02","forecast","1.43916781797382"
"exdqlm_multivar_synth_keep","draw_063",977,"2021-02-03","forecast","1.17819760949972"
"exdqlm_multivar_synth_keep","draw_063",977,"2021-02-04","forecast","1.01592542301960"
"exdqlm_multivar_synth_keep","draw_063",977,"2021-02-05","forecast","0.871152256599610"
"exdqlm_multivar_synth_keep","draw_063",977,"2021-02-06","forecast","0.781726301508256"
"exdqlm_multivar_synth_keep","draw_063",977,"2021-02-07","forecast","0.827531783866722"
"exdqlm_multivar_synth_keep","draw_063",977,"2021-02-08","forecast","0.776938042016704"
"exdqlm_multivar_synth_keep","draw_063",977,"2021-02-09","forecast","0.672088631966920"
"exdqlm_multivar_synth_keep","draw_063",977,"2021-02-10","forecast","1.35868999615268"
"exdqlm_multivar_synth_keep","draw_063",977,"2021-02-11","forecast","0.866073043411656"
"exdqlm_multivar_synth_keep","draw_063",977,"2021-02-12","forecast","0.853466671936885"
"exdqlm_multivar_synth_keep","draw_063",977,"2021-02-13","forecast","0.748396348343009"
"exdqlm_multivar_synth_keep","draw_063",977,"2021-02-14","forecast","1.04424716547887"
"exdqlm_multivar_synth_keep","draw_063",977,"2021-02-15","forecast","0.791176331952668"
"exdqlm_multivar_synth_keep","draw_063",977,"2021-02-16","forecast","0.949693930162950"
"exdqlm_multivar_synth_keep","draw_063",977,"2021-02-17","forecast","0.701316221591637"
"exdqlm_multivar_synth_keep","draw_063",977,"2021-02-18","forecast","0.648987750301478"
"exdqlm_multivar_synth_keep","draw_063",977,"2021-02-19","forecast","0.532072196597026"
"exdqlm_multivar_synth_keep","draw_063",977,"2021-02-20","forecast","0.769217538131120"
"exdqlm_multivar_synth_keep","draw_064",993,"2021-01-24","forecast","0.195050142032939"
"exdqlm_multivar_synth_keep","draw_064",993,"2021-01-25","forecast","0.373024554829604"
"exdqlm_multivar_synth_keep","draw_064",993,"2021-01-26","forecast","0.320866420570047"
"exdqlm_multivar_synth_keep","draw_064",993,"2021-01-27","forecast","2.13430225704856"
"exdqlm_multivar_synth_keep","draw_064",993,"2021-01-28","forecast","2.59358579735013"
"exdqlm_multivar_synth_keep","draw_064",993,"2021-01-29","forecast","2.86815815235430"
"exdqlm_multivar_synth_keep","draw_064",993,"2021-01-30","forecast","1.48576298403894"
"exdqlm_multivar_synth_keep","draw_064",993,"2021-01-31","forecast","0.994189125361227"
"exdqlm_multivar_synth_keep","draw_064",993,"2021-02-01","forecast","0.883200353979044"
"exdqlm_multivar_synth_keep","draw_064",993,"2021-02-02","forecast","1.44968700087925"
"exdqlm_multivar_synth_keep","draw_064",993,"2021-02-03","forecast","1.18365024241537"
"exdqlm_multivar_synth_keep","draw_064",993,"2021-02-04","forecast","1.01987690529120"
"exdqlm_multivar_synth_keep","draw_064",993,"2021-02-05","forecast","0.874667913812528"
"exdqlm_multivar_synth_keep","draw_064",993,"2021-02-06","forecast","0.784444529941669"
"exdqlm_multivar_synth_keep","draw_064",993,"2021-02-07","forecast","0.832076453795463"
"exdqlm_multivar_synth_keep","draw_064",993,"2021-02-08","forecast","0.780207835668851"
"exdqlm_multivar_synth_keep","draw_064",993,"2021-02-09","forecast","0.676446003272045"
"exdqlm_multivar_synth_keep","draw_064",993,"2021-02-10","forecast","1.36488470506785"
"exdqlm_multivar_synth_keep","draw_064",993,"2021-02-11","forecast","0.872849518714328"
"exdqlm_multivar_synth_keep","draw_064",993,"2021-02-12","forecast","0.859730458468548"
"exdqlm_multivar_synth_keep","draw_064",993,"2021-02-13","forecast","0.751643327647615"
"exdqlm_multivar_synth_keep","draw_064",993,"2021-02-14","forecast","1.05515805925093"
"exdqlm_multivar_synth_keep","draw_064",993,"2021-02-15","forecast","0.795711928009973"
"exdqlm_multivar_synth_keep","draw_064",993,"2021-02-16","forecast","0.954943338406034"
"exdqlm_multivar_synth_keep","draw_064",993,"2021-02-17","forecast","0.704545078907689"
"exdqlm_multivar_synth_keep","draw_064",993,"2021-02-18","forecast","0.653317475851412"
"exdqlm_multivar_synth_keep","draw_064",993,"2021-02-19","forecast","0.535738711914210"
"exdqlm_multivar_synth_keep","draw_064",993,"2021-02-20","forecast","0.771837846904859"
"exdqlm_multivar_synth_keep","draw_065",1008,"2021-01-24","forecast","0.197942974332881"
"exdqlm_multivar_synth_keep","draw_065",1008,"2021-01-25","forecast","0.377511765066670"
"exdqlm_multivar_synth_keep","draw_065",1008,"2021-01-26","forecast","0.322416014445421"
"exdqlm_multivar_synth_keep","draw_065",1008,"2021-01-27","forecast","2.14954437744012"
"exdqlm_multivar_synth_keep","draw_065",1008,"2021-01-28","forecast","2.60460507383232"
"exdqlm_multivar_synth_keep","draw_065",1008,"2021-01-29","forecast","2.87938280490881"
"exdqlm_multivar_synth_keep","draw_065",1008,"2021-01-30","forecast","1.49400323060836"
"exdqlm_multivar_synth_keep","draw_065",1008,"2021-01-31","forecast","1.00244765035328"
"exdqlm_multivar_synth_keep","draw_065",1008,"2021-02-01","forecast","0.889814628142485"
"exdqlm_multivar_synth_keep","draw_065",1008,"2021-02-02","forecast","1.45641217431239"
"exdqlm_multivar_synth_keep","draw_065",1008,"2021-02-03","forecast","1.18848856863635"
"exdqlm_multivar_synth_keep","draw_065",1008,"2021-02-04","forecast","1.02503675367140"
"exdqlm_multivar_synth_keep","draw_065",1008,"2021-02-05","forecast","0.881059525550706"
"exdqlm_multivar_synth_keep","draw_065",1008,"2021-02-06","forecast","0.789603608609577"
"exdqlm_multivar_synth_keep","draw_065",1008,"2021-02-07","forecast","0.835961783447708"
"exdqlm_multivar_synth_keep","draw_065",1008,"2021-02-08","forecast","0.786748693805042"
"exdqlm_multivar_synth_keep","draw_065",1008,"2021-02-09","forecast","0.679798710110035"
"exdqlm_multivar_synth_keep","draw_065",1008,"2021-02-10","forecast","1.37155852768425"
"exdqlm_multivar_synth_keep","draw_065",1008,"2021-02-11","forecast","0.878430461100411"
"exdqlm_multivar_synth_keep","draw_065",1008,"2021-02-12","forecast","0.865897876401806"
"exdqlm_multivar_synth_keep","draw_065",1008,"2021-02-13","forecast","0.757978320398259"
"exdqlm_multivar_synth_keep","draw_065",1008,"2021-02-14","forecast","1.06061533277390"
"exdqlm_multivar_synth_keep","draw_065",1008,"2021-02-15","forecast","0.802126925456468"
"exdqlm_multivar_synth_keep","draw_065",1008,"2021-02-16","forecast","0.959743799994636"
"exdqlm_multivar_synth_keep","draw_065",1008,"2021-02-17","forecast","0.709048467099788"
"exdqlm_multivar_synth_keep","draw_065",1008,"2021-02-18","forecast","0.657308881174778"
"exdqlm_multivar_synth_keep","draw_065",1008,"2021-02-19","forecast","0.538680355212822"
"exdqlm_multivar_synth_keep","draw_065",1008,"2021-02-20","forecast","0.776589038389444"
"exdqlm_multivar_synth_keep","draw_066",1024,"2021-01-24","forecast","0.201873142125530"
"exdqlm_multivar_synth_keep","draw_066",1024,"2021-01-25","forecast","0.381669779186413"
"exdqlm_multivar_synth_keep","draw_066",1024,"2021-01-26","forecast","0.324718996615661"
"exdqlm_multivar_synth_keep","draw_066",1024,"2021-01-27","forecast","2.15993087593057"
"exdqlm_multivar_synth_keep","draw_066",1024,"2021-01-28","forecast","2.61374248571610"
"exdqlm_multivar_synth_keep","draw_066",1024,"2021-01-29","forecast","2.89852758541329"
"exdqlm_multivar_synth_keep","draw_066",1024,"2021-01-30","forecast","1.50282671793858"
"exdqlm_multivar_synth_keep","draw_066",1024,"2021-01-31","forecast","1.00730744767320"
"exdqlm_multivar_synth_keep","draw_066",1024,"2021-02-01","forecast","0.893469738207664"
"exdqlm_multivar_synth_keep","draw_066",1024,"2021-02-02","forecast","1.46400862833232"
"exdqlm_multivar_synth_keep","draw_066",1024,"2021-02-03","forecast","1.19494447988272"
"exdqlm_multivar_synth_keep","draw_066",1024,"2021-02-04","forecast","1.03301086976814"
"exdqlm_multivar_synth_keep","draw_066",1024,"2021-02-05","forecast","0.888281089096356"
"exdqlm_multivar_synth_keep","draw_066",1024,"2021-02-06","forecast","0.792321724463990"
"exdqlm_multivar_synth_keep","draw_066",1024,"2021-02-07","forecast","0.839616056905073"
"exdqlm_multivar_synth_keep","draw_066",1024,"2021-02-08","forecast","0.792236346624411"
"exdqlm_multivar_synth_keep","draw_066",1024,"2021-02-09","forecast","0.682633771674180"
"exdqlm_multivar_synth_keep","draw_066",1024,"2021-02-10","forecast","1.37814614675869"
"exdqlm_multivar_synth_keep","draw_066",1024,"2021-02-11","forecast","0.884172534730838"
"exdqlm_multivar_synth_keep","draw_066",1024,"2021-02-12","forecast","0.872245539315765"
"exdqlm_multivar_synth_keep","draw_066",1024,"2021-02-13","forecast","0.761531336018845"
"exdqlm_multivar_synth_keep","draw_066",1024,"2021-02-14","forecast","1.06725387736041"
"exdqlm_multivar_synth_keep","draw_066",1024,"2021-02-15","forecast","0.808010328779777"
"exdqlm_multivar_synth_keep","draw_066",1024,"2021-02-16","forecast","0.964213364837015"
"exdqlm_multivar_synth_keep","draw_066",1024,"2021-02-17","forecast","0.713927654117399"
"exdqlm_multivar_synth_keep","draw_066",1024,"2021-02-18","forecast","0.663131580460555"
"exdqlm_multivar_synth_keep","draw_066",1024,"2021-02-19","forecast","0.540970162722033"
"exdqlm_multivar_synth_keep","draw_066",1024,"2021-02-20","forecast","0.783321967949093"
"exdqlm_multivar_synth_keep","draw_067",1040,"2021-01-24","forecast","0.205020566561879"
"exdqlm_multivar_synth_keep","draw_067",1040,"2021-01-25","forecast","0.385282964360948"
"exdqlm_multivar_synth_keep","draw_067",1040,"2021-01-26","forecast","0.329523525971711"
"exdqlm_multivar_synth_keep","draw_067",1040,"2021-01-27","forecast","2.17431931093064"
"exdqlm_multivar_synth_keep","draw_067",1040,"2021-01-28","forecast","2.62909765594075"
"exdqlm_multivar_synth_keep","draw_067",1040,"2021-01-29","forecast","2.90713781984049"
"exdqlm_multivar_synth_keep","draw_067",1040,"2021-01-30","forecast","1.50992750469589"
"exdqlm_multivar_synth_keep","draw_067",1040,"2021-01-31","forecast","1.01278656477787"
"exdqlm_multivar_synth_keep","draw_067",1040,"2021-02-01","forecast","0.898089680074802"
"exdqlm_multivar_synth_keep","draw_067",1040,"2021-02-02","forecast","1.46962385664039"
"exdqlm_multivar_synth_keep","draw_067",1040,"2021-02-03","forecast","1.19969838029986"
"exdqlm_multivar_synth_keep","draw_067",1040,"2021-02-04","forecast","1.03584444962165"
"exdqlm_multivar_synth_keep","draw_067",1040,"2021-02-05","forecast","0.895795086876096"
"exdqlm_multivar_synth_keep","draw_067",1040,"2021-02-06","forecast","0.795950847273975"
"exdqlm_multivar_synth_keep","draw_067",1040,"2021-02-07","forecast","0.841414466945418"
"exdqlm_multivar_synth_keep","draw_067",1040,"2021-02-08","forecast","0.796845823605726"
"exdqlm_multivar_synth_keep","draw_067",1040,"2021-02-09","forecast","0.686652356869785"
"exdqlm_multivar_synth_keep","draw_067",1040,"2021-02-10","forecast","1.38576549985747"
"exdqlm_multivar_synth_keep","draw_067",1040,"2021-02-11","forecast","0.888020102964349"
"exdqlm_multivar_synth_keep","draw_067",1040,"2021-02-12","forecast","0.879752414531664"
"exdqlm_multivar_synth_keep","draw_067",1040,"2021-02-13","forecast","0.768482503918309"
"exdqlm_multivar_synth_keep","draw_067",1040,"2021-02-14","forecast","1.07517226275460"
"exdqlm_multivar_synth_keep","draw_067",1040,"2021-02-15","forecast","0.817482243197301"
"exdqlm_multivar_synth_keep","draw_067",1040,"2021-02-16","forecast","0.974030576398078"
"exdqlm_multivar_synth_keep","draw_067",1040,"2021-02-17","forecast","0.720350612225148"
"exdqlm_multivar_synth_keep","draw_067",1040,"2021-02-18","forecast","0.670052706620511"
"exdqlm_multivar_synth_keep","draw_067",1040,"2021-02-19","forecast","0.543292138093772"
"exdqlm_multivar_synth_keep","draw_067",1040,"2021-02-20","forecast","0.792871479375895"
"exdqlm_multivar_synth_keep","draw_068",1056,"2021-01-24","forecast","0.208428264224630"
"exdqlm_multivar_synth_keep","draw_068",1056,"2021-01-25","forecast","0.389209354504555"
"exdqlm_multivar_synth_keep","draw_068",1056,"2021-01-26","forecast","0.333392578822457"
"exdqlm_multivar_synth_keep","draw_068",1056,"2021-01-27","forecast","2.18127998266231"
"exdqlm_multivar_synth_keep","draw_068",1056,"2021-01-28","forecast","2.64623449538861"
"exdqlm_multivar_synth_keep","draw_068",1056,"2021-01-29","forecast","2.91927432175844"
"exdqlm_multivar_synth_keep","draw_068",1056,"2021-01-30","forecast","1.51986723430739"
"exdqlm_multivar_synth_keep","draw_068",1056,"2021-01-31","forecast","1.01812629969774"
"exdqlm_multivar_synth_keep","draw_068",1056,"2021-02-01","forecast","0.902424152627973"
"exdqlm_multivar_synth_keep","draw_068",1056,"2021-02-02","forecast","1.47686371106684"
"exdqlm_multivar_synth_keep","draw_068",1056,"2021-02-03","forecast","1.20523407598206"
"exdqlm_multivar_synth_keep","draw_068",1056,"2021-02-04","forecast","1.04049204832403"
"exdqlm_multivar_synth_keep","draw_068",1056,"2021-02-05","forecast","0.900067590863993"
"exdqlm_multivar_synth_keep","draw_068",1056,"2021-02-06","forecast","0.798460001763020"
"exdqlm_multivar_synth_keep","draw_068",1056,"2021-02-07","forecast","0.843876356940457"
"exdqlm_multivar_synth_keep","draw_068",1056,"2021-02-08","forecast","0.800511402115972"
"exdqlm_multivar_synth_keep","draw_068",1056,"2021-02-09","forecast","0.689578078792615"
"exdqlm_multivar_synth_keep","draw_068",1056,"2021-02-10","forecast","1.39421745466196"
"exdqlm_multivar_synth_keep","draw_068",1056,"2021-02-11","forecast","0.896922912839341"
"exdqlm_multivar_synth_keep","draw_068",1056,"2021-02-12","forecast","0.889843207641562"
"exdqlm_multivar_synth_keep","draw_068",1056,"2021-02-13","forecast","0.776381177115018"
"exdqlm_multivar_synth_keep","draw_068",1056,"2021-02-14","forecast","1.08038733750127"
"exdqlm_multivar_synth_keep","draw_068",1056,"2021-02-15","forecast","0.826881716754867"
"exdqlm_multivar_synth_keep","draw_068",1056,"2021-02-16","forecast","0.980595021444410"
"exdqlm_multivar_synth_keep","draw_068",1056,"2021-02-17","forecast","0.728435494747192"
"exdqlm_multivar_synth_keep","draw_068",1056,"2021-02-18","forecast","0.675303476325550"
"exdqlm_multivar_synth_keep","draw_068",1056,"2021-02-19","forecast","0.548426099790481"
"exdqlm_multivar_synth_keep","draw_068",1056,"2021-02-20","forecast","0.802025017804718"
"exdqlm_multivar_synth_keep","draw_069",1071,"2021-01-24","forecast","0.211200411503285"
"exdqlm_multivar_synth_keep","draw_069",1071,"2021-01-25","forecast","0.393597865223181"
"exdqlm_multivar_synth_keep","draw_069",1071,"2021-01-26","forecast","0.337057717149185"
"exdqlm_multivar_synth_keep","draw_069",1071,"2021-01-27","forecast","2.19499842614998"
"exdqlm_multivar_synth_keep","draw_069",1071,"2021-01-28","forecast","2.65930101586701"
"exdqlm_multivar_synth_keep","draw_069",1071,"2021-01-29","forecast","2.94054071833653"
"exdqlm_multivar_synth_keep","draw_069",1071,"2021-01-30","forecast","1.52608053039209"
"exdqlm_multivar_synth_keep","draw_069",1071,"2021-01-31","forecast","1.02600123041176"
"exdqlm_multivar_synth_keep","draw_069",1071,"2021-02-01","forecast","0.905212415103977"
"exdqlm_multivar_synth_keep","draw_069",1071,"2021-02-02","forecast","1.48265962289872"
"exdqlm_multivar_synth_keep","draw_069",1071,"2021-02-03","forecast","1.21011376524845"
"exdqlm_multivar_synth_keep","draw_069",1071,"2021-02-04","forecast","1.04503205778270"
"exdqlm_multivar_synth_keep","draw_069",1071,"2021-02-05","forecast","0.904803125546928"
"exdqlm_multivar_synth_keep","draw_069",1071,"2021-02-06","forecast","0.800945919991336"
"exdqlm_multivar_synth_keep","draw_069",1071,"2021-02-07","forecast","0.845988987636123"
"exdqlm_multivar_synth_keep","draw_069",1071,"2021-02-08","forecast","0.806765321824606"
"exdqlm_multivar_synth_keep","draw_069",1071,"2021-02-09","forecast","0.693096477265100"
"exdqlm_multivar_synth_keep","draw_069",1071,"2021-02-10","forecast","1.40013623491480"
"exdqlm_multivar_synth_keep","draw_069",1071,"2021-02-11","forecast","0.900716175177481"
"exdqlm_multivar_synth_keep","draw_069",1071,"2021-02-12","forecast","0.898544369323500"
"exdqlm_multivar_synth_keep","draw_069",1071,"2021-02-13","forecast","0.781213684914022"
"exdqlm_multivar_synth_keep","draw_069",1071,"2021-02-14","forecast","1.08593456744750"
"exdqlm_multivar_synth_keep","draw_069",1071,"2021-02-15","forecast","0.832585485070947"
"exdqlm_multivar_synth_keep","draw_069",1071,"2021-02-16","forecast","0.989904415518870"
"exdqlm_multivar_synth_keep","draw_069",1071,"2021-02-17","forecast","0.737282145786762"
"exdqlm_multivar_synth_keep","draw_069",1071,"2021-02-18","forecast","0.686286761915892"
"exdqlm_multivar_synth_keep","draw_069",1071,"2021-02-19","forecast","0.556745524656205"
"exdqlm_multivar_synth_keep","draw_069",1071,"2021-02-20","forecast","0.814323198577645"
"exdqlm_multivar_synth_keep","draw_070",1087,"2021-01-24","forecast","0.214092834675200"
"exdqlm_multivar_synth_keep","draw_070",1087,"2021-01-25","forecast","0.397030313359780"
"exdqlm_multivar_synth_keep","draw_070",1087,"2021-01-26","forecast","0.340927656733425"
"exdqlm_multivar_synth_keep","draw_070",1087,"2021-01-27","forecast","2.21327793265622"
"exdqlm_multivar_synth_keep","draw_070",1087,"2021-01-28","forecast","2.67698375840373"
"exdqlm_multivar_synth_keep","draw_070",1087,"2021-01-29","forecast","2.95208923969898"
"exdqlm_multivar_synth_keep","draw_070",1087,"2021-01-30","forecast","1.53260155073721"
"exdqlm_multivar_synth_keep","draw_070",1087,"2021-01-31","forecast","1.03019964182649"
"exdqlm_multivar_synth_keep","draw_070",1087,"2021-02-01","forecast","0.908231745146025"
"exdqlm_multivar_synth_keep","draw_070",1087,"2021-02-02","forecast","1.48864786484481"
"exdqlm_multivar_synth_keep","draw_070",1087,"2021-02-03","forecast","1.21644793160451"
"exdqlm_multivar_synth_keep","draw_070",1087,"2021-02-04","forecast","1.04827417959481"
"exdqlm_multivar_synth_keep","draw_070",1087,"2021-02-05","forecast","0.909644953825273"
"exdqlm_multivar_synth_keep","draw_070",1087,"2021-02-06","forecast","0.804998609649789"
"exdqlm_multivar_synth_keep","draw_070",1087,"2021-02-07","forecast","0.848379838235615"
"exdqlm_multivar_synth_keep","draw_070",1087,"2021-02-08","forecast","0.810241756335897"
"exdqlm_multivar_synth_keep","draw_070",1087,"2021-02-09","forecast","0.697843062050009"
"exdqlm_multivar_synth_keep","draw_070",1087,"2021-02-10","forecast","1.40434822485760"
"exdqlm_multivar_synth_keep","draw_070",1087,"2021-02-11","forecast","0.907960139505984"
"exdqlm_multivar_synth_keep","draw_070",1087,"2021-02-12","forecast","0.906602190719436"
"exdqlm_multivar_synth_keep","draw_070",1087,"2021-02-13","forecast","0.784995064130963"
"exdqlm_multivar_synth_keep","draw_070",1087,"2021-02-14","forecast","1.09134126269008"
"exdqlm_multivar_synth_keep","draw_070",1087,"2021-02-15","forecast","0.843429544187364"
"exdqlm_multivar_synth_keep","draw_070",1087,"2021-02-16","forecast","0.998907493880955"
"exdqlm_multivar_synth_keep","draw_070",1087,"2021-02-17","forecast","0.744447176294673"
"exdqlm_multivar_synth_keep","draw_070",1087,"2021-02-18","forecast","0.697231229838216"
"exdqlm_multivar_synth_keep","draw_070",1087,"2021-02-19","forecast","0.562929407813861"
"exdqlm_multivar_synth_keep","draw_070",1087,"2021-02-20","forecast","0.823077616142611"
"exdqlm_multivar_synth_keep","draw_071",1103,"2021-01-24","forecast","0.217581098690080"
"exdqlm_multivar_synth_keep","draw_071",1103,"2021-01-25","forecast","0.400797222072646"
"exdqlm_multivar_synth_keep","draw_071",1103,"2021-01-26","forecast","0.344998582341300"
"exdqlm_multivar_synth_keep","draw_071",1103,"2021-01-27","forecast","2.22438179065195"
"exdqlm_multivar_synth_keep","draw_071",1103,"2021-01-28","forecast","2.69728568559663"
"exdqlm_multivar_synth_keep","draw_071",1103,"2021-01-29","forecast","2.96549130428790"
"exdqlm_multivar_synth_keep","draw_071",1103,"2021-01-30","forecast","1.54164741824982"
"exdqlm_multivar_synth_keep","draw_071",1103,"2021-01-31","forecast","1.03951417523254"
"exdqlm_multivar_synth_keep","draw_071",1103,"2021-02-01","forecast","0.912619225715239"
"exdqlm_multivar_synth_keep","draw_071",1103,"2021-02-02","forecast","1.49403814017190"
"exdqlm_multivar_synth_keep","draw_071",1103,"2021-02-03","forecast","1.22120697418226"
"exdqlm_multivar_synth_keep","draw_071",1103,"2021-02-04","forecast","1.05445405076768"
"exdqlm_multivar_synth_keep","draw_071",1103,"2021-02-05","forecast","0.916819908015699"
"exdqlm_multivar_synth_keep","draw_071",1103,"2021-02-06","forecast","0.810242444014141"
"exdqlm_multivar_synth_keep","draw_071",1103,"2021-02-07","forecast","0.851387954067228"
"exdqlm_multivar_synth_keep","draw_071",1103,"2021-02-08","forecast","0.814894809863785"
"exdqlm_multivar_synth_keep","draw_071",1103,"2021-02-09","forecast","0.700850470869212"
"exdqlm_multivar_synth_keep","draw_071",1103,"2021-02-10","forecast","1.41228429492264"
"exdqlm_multivar_synth_keep","draw_071",1103,"2021-02-11","forecast","0.915830024921180"
"exdqlm_multivar_synth_keep","draw_071",1103,"2021-02-12","forecast","0.913085512427540"
"exdqlm_multivar_synth_keep","draw_071",1103,"2021-02-13","forecast","0.790406126154657"
"exdqlm_multivar_synth_keep","draw_071",1103,"2021-02-14","forecast","1.09782237919006"
"exdqlm_multivar_synth_keep","draw_071",1103,"2021-02-15","forecast","0.850052108323926"
"exdqlm_multivar_synth_keep","draw_071",1103,"2021-02-16","forecast","1.00617972940643"
"exdqlm_multivar_synth_keep","draw_071",1103,"2021-02-17","forecast","0.756996288968727"
"exdqlm_multivar_synth_keep","draw_071",1103,"2021-02-18","forecast","0.705804018670618"
"exdqlm_multivar_synth_keep","draw_071",1103,"2021-02-19","forecast","0.568929720514685"
"exdqlm_multivar_synth_keep","draw_071",1103,"2021-02-20","forecast","0.827305458393421"
"exdqlm_multivar_synth_keep","draw_072",1119,"2021-01-24","forecast","0.219264492888520"
"exdqlm_multivar_synth_keep","draw_072",1119,"2021-01-25","forecast","0.404510368193120"
"exdqlm_multivar_synth_keep","draw_072",1119,"2021-01-26","forecast","0.349254069225896"
"exdqlm_multivar_synth_keep","draw_072",1119,"2021-01-27","forecast","2.24594983646966"
"exdqlm_multivar_synth_keep","draw_072",1119,"2021-01-28","forecast","2.71213190160810"
"exdqlm_multivar_synth_keep","draw_072",1119,"2021-01-29","forecast","3.00004382479899"
"exdqlm_multivar_synth_keep","draw_072",1119,"2021-01-30","forecast","1.55149952604988"
"exdqlm_multivar_synth_keep","draw_072",1119,"2021-01-31","forecast","1.04618742875089"
"exdqlm_multivar_synth_keep","draw_072",1119,"2021-02-01","forecast","0.916546249751984"
"exdqlm_multivar_synth_keep","draw_072",1119,"2021-02-02","forecast","1.49917261304945"
"exdqlm_multivar_synth_keep","draw_072",1119,"2021-02-03","forecast","1.22578212221165"
"exdqlm_multivar_synth_keep","draw_072",1119,"2021-02-04","forecast","1.05839525771526"
"exdqlm_multivar_synth_keep","draw_072",1119,"2021-02-05","forecast","0.920512144370218"
"exdqlm_multivar_synth_keep","draw_072",1119,"2021-02-06","forecast","0.812552505555198"
"exdqlm_multivar_synth_keep","draw_072",1119,"2021-02-07","forecast","0.853841880698961"
"exdqlm_multivar_synth_keep","draw_072",1119,"2021-02-08","forecast","0.820707844538451"
"exdqlm_multivar_synth_keep","draw_072",1119,"2021-02-09","forecast","0.704182861034585"
"exdqlm_multivar_synth_keep","draw_072",1119,"2021-02-10","forecast","1.42212271142510"
"exdqlm_multivar_synth_keep","draw_072",1119,"2021-02-11","forecast","0.927350717277770"
"exdqlm_multivar_synth_keep","draw_072",1119,"2021-02-12","forecast","0.919130088222629"
"exdqlm_multivar_synth_keep","draw_072",1119,"2021-02-13","forecast","0.795764798325168"
"exdqlm_multivar_synth_keep","draw_072",1119,"2021-02-14","forecast","1.10841682724438"
"exdqlm_multivar_synth_keep","draw_072",1119,"2021-02-15","forecast","0.858152061095550"
"exdqlm_multivar_synth_keep","draw_072",1119,"2021-02-16","forecast","1.01624953002511"
"exdqlm_multivar_synth_keep","draw_072",1119,"2021-02-17","forecast","0.762864742971595"
"exdqlm_multivar_synth_keep","draw_072",1119,"2021-02-18","forecast","0.712811791344378"
"exdqlm_multivar_synth_keep","draw_072",1119,"2021-02-19","forecast","0.573934221552583"
"exdqlm_multivar_synth_keep","draw_072",1119,"2021-02-20","forecast","0.836745952655415"
"exdqlm_multivar_synth_keep","draw_073",1134,"2021-01-24","forecast","0.220859509181996"
"exdqlm_multivar_synth_keep","draw_073",1134,"2021-01-25","forecast","0.410174277021730"
"exdqlm_multivar_synth_keep","draw_073",1134,"2021-01-26","forecast","0.353598132520340"
"exdqlm_multivar_synth_keep","draw_073",1134,"2021-01-27","forecast","2.25654291984345"
"exdqlm_multivar_synth_keep","draw_073",1134,"2021-01-28","forecast","2.72484674650491"
"exdqlm_multivar_synth_keep","draw_073",1134,"2021-01-29","forecast","3.00892581079845"
"exdqlm_multivar_synth_keep","draw_073",1134,"2021-01-30","forecast","1.55851715303023"
"exdqlm_multivar_synth_keep","draw_073",1134,"2021-01-31","forecast","1.05253834730223"
"exdqlm_multivar_synth_keep","draw_073",1134,"2021-02-01","forecast","0.922366242943313"
"exdqlm_multivar_synth_keep","draw_073",1134,"2021-02-02","forecast","1.50439333973734"
"exdqlm_multivar_synth_keep","draw_073",1134,"2021-02-03","forecast","1.23049396576520"
"exdqlm_multivar_synth_keep","draw_073",1134,"2021-02-04","forecast","1.06331936693444"
"exdqlm_multivar_synth_keep","draw_073",1134,"2021-02-05","forecast","0.924883735570043"
"exdqlm_multivar_synth_keep","draw_073",1134,"2021-02-06","forecast","0.816516407832319"
"exdqlm_multivar_synth_keep","draw_073",1134,"2021-02-07","forecast","0.857782673480052"
"exdqlm_multivar_synth_keep","draw_073",1134,"2021-02-08","forecast","0.826063275082078"
"exdqlm_multivar_synth_keep","draw_073",1134,"2021-02-09","forecast","0.710156457419126"
"exdqlm_multivar_synth_keep","draw_073",1134,"2021-02-10","forecast","1.43174013539313"
"exdqlm_multivar_synth_keep","draw_073",1134,"2021-02-11","forecast","0.933613404797711"
"exdqlm_multivar_synth_keep","draw_073",1134,"2021-02-12","forecast","0.928322659860507"
"exdqlm_multivar_synth_keep","draw_073",1134,"2021-02-13","forecast","0.801366686218255"
"exdqlm_multivar_synth_keep","draw_073",1134,"2021-02-14","forecast","1.11912024231478"
"exdqlm_multivar_synth_keep","draw_073",1134,"2021-02-15","forecast","0.862909628680718"
"exdqlm_multivar_synth_keep","draw_073",1134,"2021-02-16","forecast","1.02696487428139"
"exdqlm_multivar_synth_keep","draw_073",1134,"2021-02-17","forecast","0.768589446317066"
"exdqlm_multivar_synth_keep","draw_073",1134,"2021-02-18","forecast","0.719688634047833"
"exdqlm_multivar_synth_keep","draw_073",1134,"2021-02-19","forecast","0.582891240849870"
"exdqlm_multivar_synth_keep","draw_073",1134,"2021-02-20","forecast","0.847012397532495"
"exdqlm_multivar_synth_keep","draw_074",1150,"2021-01-24","forecast","0.223397356928674"
"exdqlm_multivar_synth_keep","draw_074",1150,"2021-01-25","forecast","0.412868775743809"
"exdqlm_multivar_synth_keep","draw_074",1150,"2021-01-26","forecast","0.356984189312042"
"exdqlm_multivar_synth_keep","draw_074",1150,"2021-01-27","forecast","2.26958943031961"
"exdqlm_multivar_synth_keep","draw_074",1150,"2021-01-28","forecast","2.73994301039132"
"exdqlm_multivar_synth_keep","draw_074",1150,"2021-01-29","forecast","3.02220185629457"
"exdqlm_multivar_synth_keep","draw_074",1150,"2021-01-30","forecast","1.56585539829996"
"exdqlm_multivar_synth_keep","draw_074",1150,"2021-01-31","forecast","1.06112978933740"
"exdqlm_multivar_synth_keep","draw_074",1150,"2021-02-01","forecast","0.925292950775992"
"exdqlm_multivar_synth_keep","draw_074",1150,"2021-02-02","forecast","1.51313272400223"
"exdqlm_multivar_synth_keep","draw_074",1150,"2021-02-03","forecast","1.23595532024765"
"exdqlm_multivar_synth_keep","draw_074",1150,"2021-02-04","forecast","1.06781608218499"
"exdqlm_multivar_synth_keep","draw_074",1150,"2021-02-05","forecast","0.931991644120193"
"exdqlm_multivar_synth_keep","draw_074",1150,"2021-02-06","forecast","0.821121889646040"
"exdqlm_multivar_synth_keep","draw_074",1150,"2021-02-07","forecast","0.860384734485749"
"exdqlm_multivar_synth_keep","draw_074",1150,"2021-02-08","forecast","0.833186234367129"
"exdqlm_multivar_synth_keep","draw_074",1150,"2021-02-09","forecast","0.712681268865547"
"exdqlm_multivar_synth_keep","draw_074",1150,"2021-02-10","forecast","1.43692857336245"
"exdqlm_multivar_synth_keep","draw_074",1150,"2021-02-11","forecast","0.942467288996703"
"exdqlm_multivar_synth_keep","draw_074",1150,"2021-02-12","forecast","0.934752163975917"
"exdqlm_multivar_synth_keep","draw_074",1150,"2021-02-13","forecast","0.807005663469408"
"exdqlm_multivar_synth_keep","draw_074",1150,"2021-02-14","forecast","1.12579177085899"
"exdqlm_multivar_synth_keep","draw_074",1150,"2021-02-15","forecast","0.868228165435874"
"exdqlm_multivar_synth_keep","draw_074",1150,"2021-02-16","forecast","1.03320790451238"
"exdqlm_multivar_synth_keep","draw_074",1150,"2021-02-17","forecast","0.775858101548233"
"exdqlm_multivar_synth_keep","draw_074",1150,"2021-02-18","forecast","0.725298709569401"
"exdqlm_multivar_synth_keep","draw_074",1150,"2021-02-19","forecast","0.591113866097765"
"exdqlm_multivar_synth_keep","draw_074",1150,"2021-02-20","forecast","0.853458215065123"
"exdqlm_multivar_synth_keep","draw_075",1166,"2021-01-24","forecast","0.227470616558221"
"exdqlm_multivar_synth_keep","draw_075",1166,"2021-01-25","forecast","0.417820916504009"
"exdqlm_multivar_synth_keep","draw_075",1166,"2021-01-26","forecast","0.360306182029387"
"exdqlm_multivar_synth_keep","draw_075",1166,"2021-01-27","forecast","2.28580284959153"
"exdqlm_multivar_synth_keep","draw_075",1166,"2021-01-28","forecast","2.75370580580710"
"exdqlm_multivar_synth_keep","draw_075",1166,"2021-01-29","forecast","3.04429930106399"
"exdqlm_multivar_synth_keep","draw_075",1166,"2021-01-30","forecast","1.57228930973843"
"exdqlm_multivar_synth_keep","draw_075",1166,"2021-01-31","forecast","1.06526468362526"
"exdqlm_multivar_synth_keep","draw_075",1166,"2021-02-01","forecast","0.928244881210330"
"exdqlm_multivar_synth_keep","draw_075",1166,"2021-02-02","forecast","1.51719378668766"
"exdqlm_multivar_synth_keep","draw_075",1166,"2021-02-03","forecast","1.24072998036449"
"exdqlm_multivar_synth_keep","draw_075",1166,"2021-02-04","forecast","1.07278269646059"
"exdqlm_multivar_synth_keep","draw_075",1166,"2021-02-05","forecast","0.936349927877224"
"exdqlm_multivar_synth_keep","draw_075",1166,"2021-02-06","forecast","0.823959810970625"
"exdqlm_multivar_synth_keep","draw_075",1166,"2021-02-07","forecast","0.863803489550832"
"exdqlm_multivar_synth_keep","draw_075",1166,"2021-02-08","forecast","0.840251275284792"
"exdqlm_multivar_synth_keep","draw_075",1166,"2021-02-09","forecast","0.715316686219197"
"exdqlm_multivar_synth_keep","draw_075",1166,"2021-02-10","forecast","1.44457500515319"
"exdqlm_multivar_synth_keep","draw_075",1166,"2021-02-11","forecast","0.947712202433130"
"exdqlm_multivar_synth_keep","draw_075",1166,"2021-02-12","forecast","0.941594937447238"
"exdqlm_multivar_synth_keep","draw_075",1166,"2021-02-13","forecast","0.809819864213582"
"exdqlm_multivar_synth_keep","draw_075",1166,"2021-02-14","forecast","1.13293750028009"
"exdqlm_multivar_synth_keep","draw_075",1166,"2021-02-15","forecast","0.876665311929823"
"exdqlm_multivar_synth_keep","draw_075",1166,"2021-02-16","forecast","1.03961530388066"
"exdqlm_multivar_synth_keep","draw_075",1166,"2021-02-17","forecast","0.783756855946987"
"exdqlm_multivar_synth_keep","draw_075",1166,"2021-02-18","forecast","0.734424916457721"
"exdqlm_multivar_synth_keep","draw_075",1166,"2021-02-19","forecast","0.597789412374916"
"exdqlm_multivar_synth_keep","draw_075",1166,"2021-02-20","forecast","0.864672676075147"
"exdqlm_multivar_synth_keep","draw_076",1182,"2021-01-24","forecast","0.230657291150227"
"exdqlm_multivar_synth_keep","draw_076",1182,"2021-01-25","forecast","0.421482259795318"
"exdqlm_multivar_synth_keep","draw_076",1182,"2021-01-26","forecast","0.363137518038686"
"exdqlm_multivar_synth_keep","draw_076",1182,"2021-01-27","forecast","2.29688619524951"
"exdqlm_multivar_synth_keep","draw_076",1182,"2021-01-28","forecast","2.77208148633006"
"exdqlm_multivar_synth_keep","draw_076",1182,"2021-01-29","forecast","3.06765873138943"
"exdqlm_multivar_synth_keep","draw_076",1182,"2021-01-30","forecast","1.57928853913521"
"exdqlm_multivar_synth_keep","draw_076",1182,"2021-01-31","forecast","1.06930944057298"
"exdqlm_multivar_synth_keep","draw_076",1182,"2021-02-01","forecast","0.932058155800002"
"exdqlm_multivar_synth_keep","draw_076",1182,"2021-02-02","forecast","1.52011082794073"
"exdqlm_multivar_synth_keep","draw_076",1182,"2021-02-03","forecast","1.24675276691297"
"exdqlm_multivar_synth_keep","draw_076",1182,"2021-02-04","forecast","1.07598340379488"
"exdqlm_multivar_synth_keep","draw_076",1182,"2021-02-05","forecast","0.940788341505302"
"exdqlm_multivar_synth_keep","draw_076",1182,"2021-02-06","forecast","0.829511059913785"
"exdqlm_multivar_synth_keep","draw_076",1182,"2021-02-07","forecast","0.867945553792315"
"exdqlm_multivar_synth_keep","draw_076",1182,"2021-02-08","forecast","0.846296008173921"
"exdqlm_multivar_synth_keep","draw_076",1182,"2021-02-09","forecast","0.718230821208277"
"exdqlm_multivar_synth_keep","draw_076",1182,"2021-02-10","forecast","1.45085154340406"
"exdqlm_multivar_synth_keep","draw_076",1182,"2021-02-11","forecast","0.952846235281677"
"exdqlm_multivar_synth_keep","draw_076",1182,"2021-02-12","forecast","0.948967187511276"
"exdqlm_multivar_synth_keep","draw_076",1182,"2021-02-13","forecast","0.818500314696626"
"exdqlm_multivar_synth_keep","draw_076",1182,"2021-02-14","forecast","1.13808122306262"
"exdqlm_multivar_synth_keep","draw_076",1182,"2021-02-15","forecast","0.886482581311410"
"exdqlm_multivar_synth_keep","draw_076",1182,"2021-02-16","forecast","1.04990594287750"
"exdqlm_multivar_synth_keep","draw_076",1182,"2021-02-17","forecast","0.791877062653592"
"exdqlm_multivar_synth_keep","draw_076",1182,"2021-02-18","forecast","0.740506614046622"
"exdqlm_multivar_synth_keep","draw_076",1182,"2021-02-19","forecast","0.603214357906716"
"exdqlm_multivar_synth_keep","draw_076",1182,"2021-02-20","forecast","0.876381619466174"
"exdqlm_multivar_synth_keep","draw_077",1197,"2021-01-24","forecast","0.233334357477147"
"exdqlm_multivar_synth_keep","draw_077",1197,"2021-01-25","forecast","0.425927982720861"
"exdqlm_multivar_synth_keep","draw_077",1197,"2021-01-26","forecast","0.367971414251657"
"exdqlm_multivar_synth_keep","draw_077",1197,"2021-01-27","forecast","2.30857704045834"
"exdqlm_multivar_synth_keep","draw_077",1197,"2021-01-28","forecast","2.79038149340897"
"exdqlm_multivar_synth_keep","draw_077",1197,"2021-01-29","forecast","3.08497580078019"
"exdqlm_multivar_synth_keep","draw_077",1197,"2021-01-30","forecast","1.58783739668118"
"exdqlm_multivar_synth_keep","draw_077",1197,"2021-01-31","forecast","1.07409629925907"
"exdqlm_multivar_synth_keep","draw_077",1197,"2021-02-01","forecast","0.935380418741331"
"exdqlm_multivar_synth_keep","draw_077",1197,"2021-02-02","forecast","1.52620978950522"
"exdqlm_multivar_synth_keep","draw_077",1197,"2021-02-03","forecast","1.25147511940307"
"exdqlm_multivar_synth_keep","draw_077",1197,"2021-02-04","forecast","1.08133299262524"
"exdqlm_multivar_synth_keep","draw_077",1197,"2021-02-05","forecast","0.944308808620647"
"exdqlm_multivar_synth_keep","draw_077",1197,"2021-02-06","forecast","0.832165000729829"
"exdqlm_multivar_synth_keep","draw_077",1197,"2021-02-07","forecast","0.871130745508616"
"exdqlm_multivar_synth_keep","draw_077",1197,"2021-02-08","forecast","0.855801918185132"
"exdqlm_multivar_synth_keep","draw_077",1197,"2021-02-09","forecast","0.719707156882566"
"exdqlm_multivar_synth_keep","draw_077",1197,"2021-02-10","forecast","1.45661645318990"
"exdqlm_multivar_synth_keep","draw_077",1197,"2021-02-11","forecast","0.960990887010188"
"exdqlm_multivar_synth_keep","draw_077",1197,"2021-02-12","forecast","0.954383230428963"
"exdqlm_multivar_synth_keep","draw_077",1197,"2021-02-13","forecast","0.822940669822314"
"exdqlm_multivar_synth_keep","draw_077",1197,"2021-02-14","forecast","1.14367788096885"
"exdqlm_multivar_synth_keep","draw_077",1197,"2021-02-15","forecast","0.891862802705511"
"exdqlm_multivar_synth_keep","draw_077",1197,"2021-02-16","forecast","1.06030298539841"
"exdqlm_multivar_synth_keep","draw_077",1197,"2021-02-17","forecast","0.798511667927548"
"exdqlm_multivar_synth_keep","draw_077",1197,"2021-02-18","forecast","0.750064250623274"
"exdqlm_multivar_synth_keep","draw_077",1197,"2021-02-19","forecast","0.609577555815298"
"exdqlm_multivar_synth_keep","draw_077",1197,"2021-02-20","forecast","0.885103382482391"
"exdqlm_multivar_synth_keep","draw_078",1213,"2021-01-24","forecast","0.237066076903124"
"exdqlm_multivar_synth_keep","draw_078",1213,"2021-01-25","forecast","0.430959541127774"
"exdqlm_multivar_synth_keep","draw_078",1213,"2021-01-26","forecast","0.373394236429109"
"exdqlm_multivar_synth_keep","draw_078",1213,"2021-01-27","forecast","2.32982377188284"
"exdqlm_multivar_synth_keep","draw_078",1213,"2021-01-28","forecast","2.79945064091733"
"exdqlm_multivar_synth_keep","draw_078",1213,"2021-01-29","forecast","3.10297929253148"
"exdqlm_multivar_synth_keep","draw_078",1213,"2021-01-30","forecast","1.59374784351565"
"exdqlm_multivar_synth_keep","draw_078",1213,"2021-01-31","forecast","1.07857017352531"
"exdqlm_multivar_synth_keep","draw_078",1213,"2021-02-01","forecast","0.940135508735934"
"exdqlm_multivar_synth_keep","draw_078",1213,"2021-02-02","forecast","1.53178301100244"
"exdqlm_multivar_synth_keep","draw_078",1213,"2021-02-03","forecast","1.25503024618822"
"exdqlm_multivar_synth_keep","draw_078",1213,"2021-02-04","forecast","1.08509901657209"
"exdqlm_multivar_synth_keep","draw_078",1213,"2021-02-05","forecast","0.949223525628988"
"exdqlm_multivar_synth_keep","draw_078",1213,"2021-02-06","forecast","0.835493726342663"
"exdqlm_multivar_synth_keep","draw_078",1213,"2021-02-07","forecast","0.875210844050669"
"exdqlm_multivar_synth_keep","draw_078",1213,"2021-02-08","forecast","0.861667803781444"
"exdqlm_multivar_synth_keep","draw_078",1213,"2021-02-09","forecast","0.721919664514887"
"exdqlm_multivar_synth_keep","draw_078",1213,"2021-02-10","forecast","1.46236305779918"
"exdqlm_multivar_synth_keep","draw_078",1213,"2021-02-11","forecast","0.969394000402925"
"exdqlm_multivar_synth_keep","draw_078",1213,"2021-02-12","forecast","0.958155563439774"
"exdqlm_multivar_synth_keep","draw_078",1213,"2021-02-13","forecast","0.829636398574471"
"exdqlm_multivar_synth_keep","draw_078",1213,"2021-02-14","forecast","1.14805681858745"
"exdqlm_multivar_synth_keep","draw_078",1213,"2021-02-15","forecast","0.900713682343831"
"exdqlm_multivar_synth_keep","draw_078",1213,"2021-02-16","forecast","1.06665138932249"
"exdqlm_multivar_synth_keep","draw_078",1213,"2021-02-17","forecast","0.805055892693335"
"exdqlm_multivar_synth_keep","draw_078",1213,"2021-02-18","forecast","0.756432341972961"
"exdqlm_multivar_synth_keep","draw_078",1213,"2021-02-19","forecast","0.617872485427429"
"exdqlm_multivar_synth_keep","draw_078",1213,"2021-02-20","forecast","0.890253571581824"
"exdqlm_multivar_synth_keep","draw_079",1229,"2021-01-24","forecast","0.240219405892696"
"exdqlm_multivar_synth_keep","draw_079",1229,"2021-01-25","forecast","0.435628416651473"
"exdqlm_multivar_synth_keep","draw_079",1229,"2021-01-26","forecast","0.376122746637049"
"exdqlm_multivar_synth_keep","draw_079",1229,"2021-01-27","forecast","2.35323486500991"
"exdqlm_multivar_synth_keep","draw_079",1229,"2021-01-28","forecast","2.82378252734049"
"exdqlm_multivar_synth_keep","draw_079",1229,"2021-01-29","forecast","3.12150393379312"
"exdqlm_multivar_synth_keep","draw_079",1229,"2021-01-30","forecast","1.59871934513825"
"exdqlm_multivar_synth_keep","draw_079",1229,"2021-01-31","forecast","1.08678608988534"
"exdqlm_multivar_synth_keep","draw_079",1229,"2021-02-01","forecast","0.945422100810029"
"exdqlm_multivar_synth_keep","draw_079",1229,"2021-02-02","forecast","1.53609247891237"
"exdqlm_multivar_synth_keep","draw_079",1229,"2021-02-03","forecast","1.26118067572976"
"exdqlm_multivar_synth_keep","draw_079",1229,"2021-02-04","forecast","1.08797783370067"
"exdqlm_multivar_synth_keep","draw_079",1229,"2021-02-05","forecast","0.954247594704558"
"exdqlm_multivar_synth_keep","draw_079",1229,"2021-02-06","forecast","0.840041060181415"
"exdqlm_multivar_synth_keep","draw_079",1229,"2021-02-07","forecast","0.880001345568434"
"exdqlm_multivar_synth_keep","draw_079",1229,"2021-02-08","forecast","0.867400162394133"
"exdqlm_multivar_synth_keep","draw_079",1229,"2021-02-09","forecast","0.724729561476430"
"exdqlm_multivar_synth_keep","draw_079",1229,"2021-02-10","forecast","1.46665683259662"
"exdqlm_multivar_synth_keep","draw_079",1229,"2021-02-11","forecast","0.973986029926182"
"exdqlm_multivar_synth_keep","draw_079",1229,"2021-02-12","forecast","0.966399977938284"
"exdqlm_multivar_synth_keep","draw_079",1229,"2021-02-13","forecast","0.834721810032456"
"exdqlm_multivar_synth_keep","draw_079",1229,"2021-02-14","forecast","1.15410715082552"
"exdqlm_multivar_synth_keep","draw_079",1229,"2021-02-15","forecast","0.907992794391312"
"exdqlm_multivar_synth_keep","draw_079",1229,"2021-02-16","forecast","1.07822077919870"
"exdqlm_multivar_synth_keep","draw_079",1229,"2021-02-17","forecast","0.813109479580864"
"exdqlm_multivar_synth_keep","draw_079",1229,"2021-02-18","forecast","0.762999551345012"
"exdqlm_multivar_synth_keep","draw_079",1229,"2021-02-19","forecast","0.625089647235713"
"exdqlm_multivar_synth_keep","draw_079",1229,"2021-02-20","forecast","0.897856518152669"
"exdqlm_multivar_synth_keep","draw_080",1244,"2021-01-24","forecast","0.243210488558827"
"exdqlm_multivar_synth_keep","draw_080",1244,"2021-01-25","forecast","0.438866360318620"
"exdqlm_multivar_synth_keep","draw_080",1244,"2021-01-26","forecast","0.380418546291538"
"exdqlm_multivar_synth_keep","draw_080",1244,"2021-01-27","forecast","2.36416466947019"
"exdqlm_multivar_synth_keep","draw_080",1244,"2021-01-28","forecast","2.83995809792103"
"exdqlm_multivar_synth_keep","draw_080",1244,"2021-01-29","forecast","3.14165490428727"
"exdqlm_multivar_synth_keep","draw_080",1244,"2021-01-30","forecast","1.60860215905367"
"exdqlm_multivar_synth_keep","draw_080",1244,"2021-01-31","forecast","1.09139280861466"
"exdqlm_multivar_synth_keep","draw_080",1244,"2021-02-01","forecast","0.950301006676785"
"exdqlm_multivar_synth_keep","draw_080",1244,"2021-02-02","forecast","1.54088228853875"
"exdqlm_multivar_synth_keep","draw_080",1244,"2021-02-03","forecast","1.26450480601286"
"exdqlm_multivar_synth_keep","draw_080",1244,"2021-02-04","forecast","1.09324216577525"
"exdqlm_multivar_synth_keep","draw_080",1244,"2021-02-05","forecast","0.957697250282222"
"exdqlm_multivar_synth_keep","draw_080",1244,"2021-02-06","forecast","0.843683023215414"
"exdqlm_multivar_synth_keep","draw_080",1244,"2021-02-07","forecast","0.882354321203776"
"exdqlm_multivar_synth_keep","draw_080",1244,"2021-02-08","forecast","0.873275801297775"
"exdqlm_multivar_synth_keep","draw_080",1244,"2021-02-09","forecast","0.726248709583400"
"exdqlm_multivar_synth_keep","draw_080",1244,"2021-02-10","forecast","1.47386071054457"
"exdqlm_multivar_synth_keep","draw_080",1244,"2021-02-11","forecast","0.979868812655886"
"exdqlm_multivar_synth_keep","draw_080",1244,"2021-02-12","forecast","0.972222020043360"
"exdqlm_multivar_synth_keep","draw_080",1244,"2021-02-13","forecast","0.841411271008136"
"exdqlm_multivar_synth_keep","draw_080",1244,"2021-02-14","forecast","1.15966257726341"
"exdqlm_multivar_synth_keep","draw_080",1244,"2021-02-15","forecast","0.914807598345477"
"exdqlm_multivar_synth_keep","draw_080",1244,"2021-02-16","forecast","1.08657787224687"
"exdqlm_multivar_synth_keep","draw_080",1244,"2021-02-17","forecast","0.821280704402690"
"exdqlm_multivar_synth_keep","draw_080",1244,"2021-02-18","forecast","0.773754233139100"
"exdqlm_multivar_synth_keep","draw_080",1244,"2021-02-19","forecast","0.634573095459693"
"exdqlm_multivar_synth_keep","draw_080",1244,"2021-02-20","forecast","0.904635469777186"
"exdqlm_multivar_synth_keep","draw_081",1260,"2021-01-24","forecast","0.245520119641147"
"exdqlm_multivar_synth_keep","draw_081",1260,"2021-01-25","forecast","0.443522417017132"
"exdqlm_multivar_synth_keep","draw_081",1260,"2021-01-26","forecast","0.383180539432994"
"exdqlm_multivar_synth_keep","draw_081",1260,"2021-01-27","forecast","2.38422324309131"
"exdqlm_multivar_synth_keep","draw_081",1260,"2021-01-28","forecast","2.85895324084917"
"exdqlm_multivar_synth_keep","draw_081",1260,"2021-01-29","forecast","3.17220308493239"
"exdqlm_multivar_synth_keep","draw_081",1260,"2021-01-30","forecast","1.61891897859711"
"exdqlm_multivar_synth_keep","draw_081",1260,"2021-01-31","forecast","1.10128003117651"
"exdqlm_multivar_synth_keep","draw_081",1260,"2021-02-01","forecast","0.955149129209230"
"exdqlm_multivar_synth_keep","draw_081",1260,"2021-02-02","forecast","1.54561215190146"
"exdqlm_multivar_synth_keep","draw_081",1260,"2021-02-03","forecast","1.26913342713763"
"exdqlm_multivar_synth_keep","draw_081",1260,"2021-02-04","forecast","1.09911631719642"
"exdqlm_multivar_synth_keep","draw_081",1260,"2021-02-05","forecast","0.963029283897388"
"exdqlm_multivar_synth_keep","draw_081",1260,"2021-02-06","forecast","0.847163815665313"
"exdqlm_multivar_synth_keep","draw_081",1260,"2021-02-07","forecast","0.885801437503715"
"exdqlm_multivar_synth_keep","draw_081",1260,"2021-02-08","forecast","0.879920021691817"
"exdqlm_multivar_synth_keep","draw_081",1260,"2021-02-09","forecast","0.729963598214691"
"exdqlm_multivar_synth_keep","draw_081",1260,"2021-02-10","forecast","1.47861889322339"
"exdqlm_multivar_synth_keep","draw_081",1260,"2021-02-11","forecast","0.989553006545848"
"exdqlm_multivar_synth_keep","draw_081",1260,"2021-02-12","forecast","0.980904869014779"
"exdqlm_multivar_synth_keep","draw_081",1260,"2021-02-13","forecast","0.847223072461430"
"exdqlm_multivar_synth_keep","draw_081",1260,"2021-02-14","forecast","1.16701093581895"
"exdqlm_multivar_synth_keep","draw_081",1260,"2021-02-15","forecast","0.922719440879471"
"exdqlm_multivar_synth_keep","draw_081",1260,"2021-02-16","forecast","1.09770961595814"
"exdqlm_multivar_synth_keep","draw_081",1260,"2021-02-17","forecast","0.827693005473178"
"exdqlm_multivar_synth_keep","draw_081",1260,"2021-02-18","forecast","0.780648785929013"
"exdqlm_multivar_synth_keep","draw_081",1260,"2021-02-19","forecast","0.639790024347774"
"exdqlm_multivar_synth_keep","draw_081",1260,"2021-02-20","forecast","0.917015511497319"
"exdqlm_multivar_synth_keep","draw_082",1276,"2021-01-24","forecast","0.249744086141294"
"exdqlm_multivar_synth_keep","draw_082",1276,"2021-01-25","forecast","0.447834921830637"
"exdqlm_multivar_synth_keep","draw_082",1276,"2021-01-26","forecast","0.388500228623814"
"exdqlm_multivar_synth_keep","draw_082",1276,"2021-01-27","forecast","2.39411265929694"
"exdqlm_multivar_synth_keep","draw_082",1276,"2021-01-28","forecast","2.88281192484699"
"exdqlm_multivar_synth_keep","draw_082",1276,"2021-01-29","forecast","3.18915973520433"
"exdqlm_multivar_synth_keep","draw_082",1276,"2021-01-30","forecast","1.62990209321854"
"exdqlm_multivar_synth_keep","draw_082",1276,"2021-01-31","forecast","1.10575321845140"
"exdqlm_multivar_synth_keep","draw_082",1276,"2021-02-01","forecast","0.958575761509936"
"exdqlm_multivar_synth_keep","draw_082",1276,"2021-02-02","forecast","1.54996659190186"
"exdqlm_multivar_synth_keep","draw_082",1276,"2021-02-03","forecast","1.27439885830996"
"exdqlm_multivar_synth_keep","draw_082",1276,"2021-02-04","forecast","1.10636228231600"
"exdqlm_multivar_synth_keep","draw_082",1276,"2021-02-05","forecast","0.969369962547399"
"exdqlm_multivar_synth_keep","draw_082",1276,"2021-02-06","forecast","0.850579308292397"
"exdqlm_multivar_synth_keep","draw_082",1276,"2021-02-07","forecast","0.888338107646208"
"exdqlm_multivar_synth_keep","draw_082",1276,"2021-02-08","forecast","0.887140510426425"
"exdqlm_multivar_synth_keep","draw_082",1276,"2021-02-09","forecast","0.733483060401946"
"exdqlm_multivar_synth_keep","draw_082",1276,"2021-02-10","forecast","1.48826037197163"
"exdqlm_multivar_synth_keep","draw_082",1276,"2021-02-11","forecast","0.999487987973144"
"exdqlm_multivar_synth_keep","draw_082",1276,"2021-02-12","forecast","0.986602540198252"
"exdqlm_multivar_synth_keep","draw_082",1276,"2021-02-13","forecast","0.852828735579634"
"exdqlm_multivar_synth_keep","draw_082",1276,"2021-02-14","forecast","1.17268753309336"
"exdqlm_multivar_synth_keep","draw_082",1276,"2021-02-15","forecast","0.932356449115259"
"exdqlm_multivar_synth_keep","draw_082",1276,"2021-02-16","forecast","1.11035372130460"
"exdqlm_multivar_synth_keep","draw_082",1276,"2021-02-17","forecast","0.837937017594874"
"exdqlm_multivar_synth_keep","draw_082",1276,"2021-02-18","forecast","0.786781260815289"
"exdqlm_multivar_synth_keep","draw_082",1276,"2021-02-19","forecast","0.648509756943617"
"exdqlm_multivar_synth_keep","draw_082",1276,"2021-02-20","forecast","0.925648803025062"
"exdqlm_multivar_synth_keep","draw_083",1292,"2021-01-24","forecast","0.251957601626425"
"exdqlm_multivar_synth_keep","draw_083",1292,"2021-01-25","forecast","0.452256548437704"
"exdqlm_multivar_synth_keep","draw_083",1292,"2021-01-26","forecast","0.393920848270108"
"exdqlm_multivar_synth_keep","draw_083",1292,"2021-01-27","forecast","2.40847322055123"
"exdqlm_multivar_synth_keep","draw_083",1292,"2021-01-28","forecast","2.89886367799460"
"exdqlm_multivar_synth_keep","draw_083",1292,"2021-01-29","forecast","3.20803015376170"
"exdqlm_multivar_synth_keep","draw_083",1292,"2021-01-30","forecast","1.63933022293851"
"exdqlm_multivar_synth_keep","draw_083",1292,"2021-01-31","forecast","1.11045657089800"
"exdqlm_multivar_synth_keep","draw_083",1292,"2021-02-01","forecast","0.963173278802168"
"exdqlm_multivar_synth_keep","draw_083",1292,"2021-02-02","forecast","1.55560910019303"
"exdqlm_multivar_synth_keep","draw_083",1292,"2021-02-03","forecast","1.28007471186505"
"exdqlm_multivar_synth_keep","draw_083",1292,"2021-02-04","forecast","1.11391977860578"
"exdqlm_multivar_synth_keep","draw_083",1292,"2021-02-05","forecast","0.976201395187430"
"exdqlm_multivar_synth_keep","draw_083",1292,"2021-02-06","forecast","0.852414457752179"
"exdqlm_multivar_synth_keep","draw_083",1292,"2021-02-07","forecast","0.891801527160757"
"exdqlm_multivar_synth_keep","draw_083",1292,"2021-02-08","forecast","0.894466097161242"
"exdqlm_multivar_synth_keep","draw_083",1292,"2021-02-09","forecast","0.736634961481544"
"exdqlm_multivar_synth_keep","draw_083",1292,"2021-02-10","forecast","1.49228585879029"
"exdqlm_multivar_synth_keep","draw_083",1292,"2021-02-11","forecast","1.00695899483818"
"exdqlm_multivar_synth_keep","draw_083",1292,"2021-02-12","forecast","0.994011839770027"
"exdqlm_multivar_synth_keep","draw_083",1292,"2021-02-13","forecast","0.861395191005627"
"exdqlm_multivar_synth_keep","draw_083",1292,"2021-02-14","forecast","1.17984961200049"
"exdqlm_multivar_synth_keep","draw_083",1292,"2021-02-15","forecast","0.944299029324506"
"exdqlm_multivar_synth_keep","draw_083",1292,"2021-02-16","forecast","1.11979673557065"
"exdqlm_multivar_synth_keep","draw_083",1292,"2021-02-17","forecast","0.850044168818588"
"exdqlm_multivar_synth_keep","draw_083",1292,"2021-02-18","forecast","0.793125321913057"
"exdqlm_multivar_synth_keep","draw_083",1292,"2021-02-19","forecast","0.654985131986870"
"exdqlm_multivar_synth_keep","draw_083",1292,"2021-02-20","forecast","0.930778609800903"
"exdqlm_multivar_synth_keep","draw_084",1307,"2021-01-24","forecast","0.254587222535794"
"exdqlm_multivar_synth_keep","draw_084",1307,"2021-01-25","forecast","0.456002586364008"
"exdqlm_multivar_synth_keep","draw_084",1307,"2021-01-26","forecast","0.396400586690305"
"exdqlm_multivar_synth_keep","draw_084",1307,"2021-01-27","forecast","2.41955972075853"
"exdqlm_multivar_synth_keep","draw_084",1307,"2021-01-28","forecast","2.92224731469382"
"exdqlm_multivar_synth_keep","draw_084",1307,"2021-01-29","forecast","3.22606649137708"
"exdqlm_multivar_synth_keep","draw_084",1307,"2021-01-30","forecast","1.64468277268577"
"exdqlm_multivar_synth_keep","draw_084",1307,"2021-01-31","forecast","1.11420520391247"
"exdqlm_multivar_synth_keep","draw_084",1307,"2021-02-01","forecast","0.969525306115610"
"exdqlm_multivar_synth_keep","draw_084",1307,"2021-02-02","forecast","1.56127600425610"
"exdqlm_multivar_synth_keep","draw_084",1307,"2021-02-03","forecast","1.28501190985100"
"exdqlm_multivar_synth_keep","draw_084",1307,"2021-02-04","forecast","1.11803248277627"
"exdqlm_multivar_synth_keep","draw_084",1307,"2021-02-05","forecast","0.980189853839881"
"exdqlm_multivar_synth_keep","draw_084",1307,"2021-02-06","forecast","0.856170487004615"
"exdqlm_multivar_synth_keep","draw_084",1307,"2021-02-07","forecast","0.895222246797096"
"exdqlm_multivar_synth_keep","draw_084",1307,"2021-02-08","forecast","0.901368863606145"
"exdqlm_multivar_synth_keep","draw_084",1307,"2021-02-09","forecast","0.741264547856629"
"exdqlm_multivar_synth_keep","draw_084",1307,"2021-02-10","forecast","1.49768669143060"
"exdqlm_multivar_synth_keep","draw_084",1307,"2021-02-11","forecast","1.01680465678352"
"exdqlm_multivar_synth_keep","draw_084",1307,"2021-02-12","forecast","0.998245268060456"
"exdqlm_multivar_synth_keep","draw_084",1307,"2021-02-13","forecast","0.864845716549591"
"exdqlm_multivar_synth_keep","draw_084",1307,"2021-02-14","forecast","1.18327408533680"
"exdqlm_multivar_synth_keep","draw_084",1307,"2021-02-15","forecast","0.955527256413993"
"exdqlm_multivar_synth_keep","draw_084",1307,"2021-02-16","forecast","1.13328977121532"
"exdqlm_multivar_synth_keep","draw_084",1307,"2021-02-17","forecast","0.857658364502146"
"exdqlm_multivar_synth_keep","draw_084",1307,"2021-02-18","forecast","0.804517249785125"
"exdqlm_multivar_synth_keep","draw_084",1307,"2021-02-19","forecast","0.666404335661688"
"exdqlm_multivar_synth_keep","draw_084",1307,"2021-02-20","forecast","0.939664582539507"
"exdqlm_multivar_synth_keep","draw_085",1323,"2021-01-24","forecast","0.255654019683597"
"exdqlm_multivar_synth_keep","draw_085",1323,"2021-01-25","forecast","0.458393396262806"
"exdqlm_multivar_synth_keep","draw_085",1323,"2021-01-26","forecast","0.401409652866060"
"exdqlm_multivar_synth_keep","draw_085",1323,"2021-01-27","forecast","2.43443120306308"
"exdqlm_multivar_synth_keep","draw_085",1323,"2021-01-28","forecast","2.95085848735475"
"exdqlm_multivar_synth_keep","draw_085",1323,"2021-01-29","forecast","3.24265757276887"
"exdqlm_multivar_synth_keep","draw_085",1323,"2021-01-30","forecast","1.66481628562045"
"exdqlm_multivar_synth_keep","draw_085",1323,"2021-01-31","forecast","1.12132436069596"
"exdqlm_multivar_synth_keep","draw_085",1323,"2021-02-01","forecast","0.976459159242897"
"exdqlm_multivar_synth_keep","draw_085",1323,"2021-02-02","forecast","1.56922896795663"
"exdqlm_multivar_synth_keep","draw_085",1323,"2021-02-03","forecast","1.28940497278771"
"exdqlm_multivar_synth_keep","draw_085",1323,"2021-02-04","forecast","1.12774687135739"
"exdqlm_multivar_synth_keep","draw_085",1323,"2021-02-05","forecast","0.987998192780952"
"exdqlm_multivar_synth_keep","draw_085",1323,"2021-02-06","forecast","0.861436144493433"
"exdqlm_multivar_synth_keep","draw_085",1323,"2021-02-07","forecast","0.897527874200229"
"exdqlm_multivar_synth_keep","draw_085",1323,"2021-02-08","forecast","0.907090899976128"
"exdqlm_multivar_synth_keep","draw_085",1323,"2021-02-09","forecast","0.744827698697846"
"exdqlm_multivar_synth_keep","draw_085",1323,"2021-02-10","forecast","1.50416822924049"
"exdqlm_multivar_synth_keep","draw_085",1323,"2021-02-11","forecast","1.02360940160053"
"exdqlm_multivar_synth_keep","draw_085",1323,"2021-02-12","forecast","1.00356933206029"
"exdqlm_multivar_synth_keep","draw_085",1323,"2021-02-13","forecast","0.869332064834039"
"exdqlm_multivar_synth_keep","draw_085",1323,"2021-02-14","forecast","1.18829973505967"
"exdqlm_multivar_synth_keep","draw_085",1323,"2021-02-15","forecast","0.964406915972023"
"exdqlm_multivar_synth_keep","draw_085",1323,"2021-02-16","forecast","1.14504260193019"
"exdqlm_multivar_synth_keep","draw_085",1323,"2021-02-17","forecast","0.862789989688341"
"exdqlm_multivar_synth_keep","draw_085",1323,"2021-02-18","forecast","0.813105280332242"
"exdqlm_multivar_synth_keep","draw_085",1323,"2021-02-19","forecast","0.674774587026080"
"exdqlm_multivar_synth_keep","draw_085",1323,"2021-02-20","forecast","0.947185351212275"
"exdqlm_multivar_synth_keep","draw_086",1339,"2021-01-24","forecast","0.256999457786595"
"exdqlm_multivar_synth_keep","draw_086",1339,"2021-01-25","forecast","0.459569581248226"
"exdqlm_multivar_synth_keep","draw_086",1339,"2021-01-26","forecast","0.406311462370774"
"exdqlm_multivar_synth_keep","draw_086",1339,"2021-01-27","forecast","2.45053946695034"
"exdqlm_multivar_synth_keep","draw_086",1339,"2021-01-28","forecast","2.96450803192551"
"exdqlm_multivar_synth_keep","draw_086",1339,"2021-01-29","forecast","3.26270610868907"
"exdqlm_multivar_synth_keep","draw_086",1339,"2021-01-30","forecast","1.67395526669331"
"exdqlm_multivar_synth_keep","draw_086",1339,"2021-01-31","forecast","1.13348789343307"
"exdqlm_multivar_synth_keep","draw_086",1339,"2021-02-01","forecast","0.985531009753832"
"exdqlm_multivar_synth_keep","draw_086",1339,"2021-02-02","forecast","1.57488996113244"
"exdqlm_multivar_synth_keep","draw_086",1339,"2021-02-03","forecast","1.29472883728451"
"exdqlm_multivar_synth_keep","draw_086",1339,"2021-02-04","forecast","1.13247399621514"
"exdqlm_multivar_synth_keep","draw_086",1339,"2021-02-05","forecast","0.998532308550789"
"exdqlm_multivar_synth_keep","draw_086",1339,"2021-02-06","forecast","0.864955743060860"
"exdqlm_multivar_synth_keep","draw_086",1339,"2021-02-07","forecast","0.898800313646954"
"exdqlm_multivar_synth_keep","draw_086",1339,"2021-02-08","forecast","0.918969367670745"
"exdqlm_multivar_synth_keep","draw_086",1339,"2021-02-09","forecast","0.752200541045853"
"exdqlm_multivar_synth_keep","draw_086",1339,"2021-02-10","forecast","1.50906052706065"
"exdqlm_multivar_synth_keep","draw_086",1339,"2021-02-11","forecast","1.02930669391651"
"exdqlm_multivar_synth_keep","draw_086",1339,"2021-02-12","forecast","1.01056070274542"
"exdqlm_multivar_synth_keep","draw_086",1339,"2021-02-13","forecast","0.875243073239932"
"exdqlm_multivar_synth_keep","draw_086",1339,"2021-02-14","forecast","1.19309031717662"
"exdqlm_multivar_synth_keep","draw_086",1339,"2021-02-15","forecast","0.976804914814910"
"exdqlm_multivar_synth_keep","draw_086",1339,"2021-02-16","forecast","1.15330598631266"
"exdqlm_multivar_synth_keep","draw_086",1339,"2021-02-17","forecast","0.866616440081168"
"exdqlm_multivar_synth_keep","draw_086",1339,"2021-02-18","forecast","0.820654567134479"
"exdqlm_multivar_synth_keep","draw_086",1339,"2021-02-19","forecast","0.681367354820298"
"exdqlm_multivar_synth_keep","draw_086",1339,"2021-02-20","forecast","0.955895853381590"
"exdqlm_multivar_synth_keep","draw_087",1355,"2021-01-24","forecast","0.258582604332632"
"exdqlm_multivar_synth_keep","draw_087",1355,"2021-01-25","forecast","0.461604079626602"
"exdqlm_multivar_synth_keep","draw_087",1355,"2021-01-26","forecast","0.409017567331011"
"exdqlm_multivar_synth_keep","draw_087",1355,"2021-01-27","forecast","2.46380416855010"
"exdqlm_multivar_synth_keep","draw_087",1355,"2021-01-28","forecast","2.97243198201684"
"exdqlm_multivar_synth_keep","draw_087",1355,"2021-01-29","forecast","3.28293996262182"
"exdqlm_multivar_synth_keep","draw_087",1355,"2021-01-30","forecast","1.68075242090940"
"exdqlm_multivar_synth_keep","draw_087",1355,"2021-01-31","forecast","1.14286902133902"
"exdqlm_multivar_synth_keep","draw_087",1355,"2021-02-01","forecast","0.993398592767578"
"exdqlm_multivar_synth_keep","draw_087",1355,"2021-02-02","forecast","1.58099678854013"
"exdqlm_multivar_synth_keep","draw_087",1355,"2021-02-03","forecast","1.29916197163649"
"exdqlm_multivar_synth_keep","draw_087",1355,"2021-02-04","forecast","1.14123571914288"
"exdqlm_multivar_synth_keep","draw_087",1355,"2021-02-05","forecast","1.01167663312589"
"exdqlm_multivar_synth_keep","draw_087",1355,"2021-02-06","forecast","0.871957641570736"
"exdqlm_multivar_synth_keep","draw_087",1355,"2021-02-07","forecast","0.901395426845590"
"exdqlm_multivar_synth_keep","draw_087",1355,"2021-02-08","forecast","0.929903263099695"
"exdqlm_multivar_synth_keep","draw_087",1355,"2021-02-09","forecast","0.755983646576815"
"exdqlm_multivar_synth_keep","draw_087",1355,"2021-02-10","forecast","1.51325499455644"
"exdqlm_multivar_synth_keep","draw_087",1355,"2021-02-11","forecast","1.03885812976013"
"exdqlm_multivar_synth_keep","draw_087",1355,"2021-02-12","forecast","1.01691023696519"
"exdqlm_multivar_synth_keep","draw_087",1355,"2021-02-13","forecast","0.880098115017531"
"exdqlm_multivar_synth_keep","draw_087",1355,"2021-02-14","forecast","1.20089260008421"
"exdqlm_multivar_synth_keep","draw_087",1355,"2021-02-15","forecast","0.989279921643762"
"exdqlm_multivar_synth_keep","draw_087",1355,"2021-02-16","forecast","1.16363381046463"
"exdqlm_multivar_synth_keep","draw_087",1355,"2021-02-17","forecast","0.869617813159318"
"exdqlm_multivar_synth_keep","draw_087",1355,"2021-02-18","forecast","0.828746263037510"
"exdqlm_multivar_synth_keep","draw_087",1355,"2021-02-19","forecast","0.688574135389421"
"exdqlm_multivar_synth_keep","draw_087",1355,"2021-02-20","forecast","0.965651107854906"
"exdqlm_multivar_synth_keep","draw_088",1370,"2021-01-24","forecast","0.259975065159185"
"exdqlm_multivar_synth_keep","draw_088",1370,"2021-01-25","forecast","0.465240441770232"
"exdqlm_multivar_synth_keep","draw_088",1370,"2021-01-26","forecast","0.412066792309433"
"exdqlm_multivar_synth_keep","draw_088",1370,"2021-01-27","forecast","2.48871368536503"
"exdqlm_multivar_synth_keep","draw_088",1370,"2021-01-28","forecast","2.99242760091217"
"exdqlm_multivar_synth_keep","draw_088",1370,"2021-01-29","forecast","3.30749461499826"
"exdqlm_multivar_synth_keep","draw_088",1370,"2021-01-30","forecast","1.68826757324721"
"exdqlm_multivar_synth_keep","draw_088",1370,"2021-01-31","forecast","1.15189450796154"
"exdqlm_multivar_synth_keep","draw_088",1370,"2021-02-01","forecast","1.00248068644946"
"exdqlm_multivar_synth_keep","draw_088",1370,"2021-02-02","forecast","1.58488600345262"
"exdqlm_multivar_synth_keep","draw_088",1370,"2021-02-03","forecast","1.30200654639551"
"exdqlm_multivar_synth_keep","draw_088",1370,"2021-02-04","forecast","1.14579302628416"
"exdqlm_multivar_synth_keep","draw_088",1370,"2021-02-05","forecast","1.02152550863008"
"exdqlm_multivar_synth_keep","draw_088",1370,"2021-02-06","forecast","0.878047482952920"
"exdqlm_multivar_synth_keep","draw_088",1370,"2021-02-07","forecast","0.903340719241207"
"exdqlm_multivar_synth_keep","draw_088",1370,"2021-02-08","forecast","0.936947294839683"
"exdqlm_multivar_synth_keep","draw_088",1370,"2021-02-09","forecast","0.760270022803229"
"exdqlm_multivar_synth_keep","draw_088",1370,"2021-02-10","forecast","1.51741373076826"
"exdqlm_multivar_synth_keep","draw_088",1370,"2021-02-11","forecast","1.04396686545099"
"exdqlm_multivar_synth_keep","draw_088",1370,"2021-02-12","forecast","1.02341321846374"
"exdqlm_multivar_synth_keep","draw_088",1370,"2021-02-13","forecast","0.887772923944007"
"exdqlm_multivar_synth_keep","draw_088",1370,"2021-02-14","forecast","1.20717249789014"
"exdqlm_multivar_synth_keep","draw_088",1370,"2021-02-15","forecast","1.00058573477268"
"exdqlm_multivar_synth_keep","draw_088",1370,"2021-02-16","forecast","1.17457941822572"
"exdqlm_multivar_synth_keep","draw_088",1370,"2021-02-17","forecast","0.876921378598966"
"exdqlm_multivar_synth_keep","draw_088",1370,"2021-02-18","forecast","0.834373529076047"
"exdqlm_multivar_synth_keep","draw_088",1370,"2021-02-19","forecast","0.694897030349967"
"exdqlm_multivar_synth_keep","draw_088",1370,"2021-02-20","forecast","0.971652278985226"
"exdqlm_multivar_synth_keep","draw_089",1386,"2021-01-24","forecast","0.261460129832154"
"exdqlm_multivar_synth_keep","draw_089",1386,"2021-01-25","forecast","0.469092432849194"
"exdqlm_multivar_synth_keep","draw_089",1386,"2021-01-26","forecast","0.415167995680175"
"exdqlm_multivar_synth_keep","draw_089",1386,"2021-01-27","forecast","2.50387139239375"
"exdqlm_multivar_synth_keep","draw_089",1386,"2021-01-28","forecast","3.01273210310420"
"exdqlm_multivar_synth_keep","draw_089",1386,"2021-01-29","forecast","3.32495877397356"
"exdqlm_multivar_synth_keep","draw_089",1386,"2021-01-30","forecast","1.69683393018243"
"exdqlm_multivar_synth_keep","draw_089",1386,"2021-01-31","forecast","1.16712121403012"
"exdqlm_multivar_synth_keep","draw_089",1386,"2021-02-01","forecast","1.00704081950736"
"exdqlm_multivar_synth_keep","draw_089",1386,"2021-02-02","forecast","1.59121898443867"
"exdqlm_multivar_synth_keep","draw_089",1386,"2021-02-03","forecast","1.30533653422490"
"exdqlm_multivar_synth_keep","draw_089",1386,"2021-02-04","forecast","1.15116924146067"
"exdqlm_multivar_synth_keep","draw_089",1386,"2021-02-05","forecast","1.02943796689507"
"exdqlm_multivar_synth_keep","draw_089",1386,"2021-02-06","forecast","0.881821680039931"
"exdqlm_multivar_synth_keep","draw_089",1386,"2021-02-07","forecast","0.904917562073716"
"exdqlm_multivar_synth_keep","draw_089",1386,"2021-02-08","forecast","0.942960050289261"
"exdqlm_multivar_synth_keep","draw_089",1386,"2021-02-09","forecast","0.765571450097430"
"exdqlm_multivar_synth_keep","draw_089",1386,"2021-02-10","forecast","1.52136373580029"
"exdqlm_multivar_synth_keep","draw_089",1386,"2021-02-11","forecast","1.04799454474852"
"exdqlm_multivar_synth_keep","draw_089",1386,"2021-02-12","forecast","1.02800277411937"
"exdqlm_multivar_synth_keep","draw_089",1386,"2021-02-13","forecast","0.891229457367753"
"exdqlm_multivar_synth_keep","draw_089",1386,"2021-02-14","forecast","1.21735221875425"
"exdqlm_multivar_synth_keep","draw_089",1386,"2021-02-15","forecast","1.00953255703344"
"exdqlm_multivar_synth_keep","draw_089",1386,"2021-02-16","forecast","1.18775295339425"
"exdqlm_multivar_synth_keep","draw_089",1386,"2021-02-17","forecast","0.882593246719738"
"exdqlm_multivar_synth_keep","draw_089",1386,"2021-02-18","forecast","0.844490564796729"
"exdqlm_multivar_synth_keep","draw_089",1386,"2021-02-19","forecast","0.702426771642746"
"exdqlm_multivar_synth_keep","draw_089",1386,"2021-02-20","forecast","0.980640053873152"
"exdqlm_multivar_synth_keep","draw_090",1402,"2021-01-24","forecast","0.262014554212137"
"exdqlm_multivar_synth_keep","draw_090",1402,"2021-01-25","forecast","0.475022580492752"
"exdqlm_multivar_synth_keep","draw_090",1402,"2021-01-26","forecast","0.418179259102560"
"exdqlm_multivar_synth_keep","draw_090",1402,"2021-01-27","forecast","2.52071607273400"
"exdqlm_multivar_synth_keep","draw_090",1402,"2021-01-28","forecast","3.03531028240295"
"exdqlm_multivar_synth_keep","draw_090",1402,"2021-01-29","forecast","3.35078152174723"
"exdqlm_multivar_synth_keep","draw_090",1402,"2021-01-30","forecast","1.70233400595560"
"exdqlm_multivar_synth_keep","draw_090",1402,"2021-01-31","forecast","1.18816578098485"
"exdqlm_multivar_synth_keep","draw_090",1402,"2021-02-01","forecast","1.01490903411716"
"exdqlm_multivar_synth_keep","draw_090",1402,"2021-02-02","forecast","1.60036625375055"
"exdqlm_multivar_synth_keep","draw_090",1402,"2021-02-03","forecast","1.30791671642634"
"exdqlm_multivar_synth_keep","draw_090",1402,"2021-02-04","forecast","1.15487699808814"
"exdqlm_multivar_synth_keep","draw_090",1402,"2021-02-05","forecast","1.04022328712277"
"exdqlm_multivar_synth_keep","draw_090",1402,"2021-02-06","forecast","0.890760632165107"
"exdqlm_multivar_synth_keep","draw_090",1402,"2021-02-07","forecast","0.906833859084123"
"exdqlm_multivar_synth_keep","draw_090",1402,"2021-02-08","forecast","0.949488423739411"
"exdqlm_multivar_synth_keep","draw_090",1402,"2021-02-09","forecast","0.772789599615296"
"exdqlm_multivar_synth_keep","draw_090",1402,"2021-02-10","forecast","1.52842629881134"
"exdqlm_multivar_synth_keep","draw_090",1402,"2021-02-11","forecast","1.06137005539001"
"exdqlm_multivar_synth_keep","draw_090",1402,"2021-02-12","forecast","1.03618375772240"
"exdqlm_multivar_synth_keep","draw_090",1402,"2021-02-13","forecast","0.898452268282818"
"exdqlm_multivar_synth_keep","draw_090",1402,"2021-02-14","forecast","1.22324379809690"
"exdqlm_multivar_synth_keep","draw_090",1402,"2021-02-15","forecast","1.01637466519534"
"exdqlm_multivar_synth_keep","draw_090",1402,"2021-02-16","forecast","1.20032257725959"
"exdqlm_multivar_synth_keep","draw_090",1402,"2021-02-17","forecast","0.889414500951938"
"exdqlm_multivar_synth_keep","draw_090",1402,"2021-02-18","forecast","0.856270619783649"
"exdqlm_multivar_synth_keep","draw_090",1402,"2021-02-19","forecast","0.709650757115684"
"exdqlm_multivar_synth_keep","draw_090",1402,"2021-02-20","forecast","0.985500337876114"
"exdqlm_multivar_synth_keep","draw_091",1418,"2021-01-24","forecast","0.262834596138086"
"exdqlm_multivar_synth_keep","draw_091",1418,"2021-01-25","forecast","0.477379231510865"
"exdqlm_multivar_synth_keep","draw_091",1418,"2021-01-26","forecast","0.421003655055367"
"exdqlm_multivar_synth_keep","draw_091",1418,"2021-01-27","forecast","2.53434993806737"
"exdqlm_multivar_synth_keep","draw_091",1418,"2021-01-28","forecast","3.05866741899688"
"exdqlm_multivar_synth_keep","draw_091",1418,"2021-01-29","forecast","3.36771906662347"
"exdqlm_multivar_synth_keep","draw_091",1418,"2021-01-30","forecast","1.70968656890374"
"exdqlm_multivar_synth_keep","draw_091",1418,"2021-01-31","forecast","1.19782626130608"
"exdqlm_multivar_synth_keep","draw_091",1418,"2021-02-01","forecast","1.02228609430215"
"exdqlm_multivar_synth_keep","draw_091",1418,"2021-02-02","forecast","1.60634345131326"
"exdqlm_multivar_synth_keep","draw_091",1418,"2021-02-03","forecast","1.31210044229871"
"exdqlm_multivar_synth_keep","draw_091",1418,"2021-02-04","forecast","1.16057439735584"
"exdqlm_multivar_synth_keep","draw_091",1418,"2021-02-05","forecast","1.04957798942156"
"exdqlm_multivar_synth_keep","draw_091",1418,"2021-02-06","forecast","0.896374426405518"
"exdqlm_multivar_synth_keep","draw_091",1418,"2021-02-07","forecast","0.908881249920059"
"exdqlm_multivar_synth_keep","draw_091",1418,"2021-02-08","forecast","0.963338811074790"
"exdqlm_multivar_synth_keep","draw_091",1418,"2021-02-09","forecast","0.777065284115846"
"exdqlm_multivar_synth_keep","draw_091",1418,"2021-02-10","forecast","1.53490393339684"
"exdqlm_multivar_synth_keep","draw_091",1418,"2021-02-11","forecast","1.06808291567466"
"exdqlm_multivar_synth_keep","draw_091",1418,"2021-02-12","forecast","1.04415679787908"
"exdqlm_multivar_synth_keep","draw_091",1418,"2021-02-13","forecast","0.905050070034869"
"exdqlm_multivar_synth_keep","draw_091",1418,"2021-02-14","forecast","1.23202145545969"
"exdqlm_multivar_synth_keep","draw_091",1418,"2021-02-15","forecast","1.02463593415121"
"exdqlm_multivar_synth_keep","draw_091",1418,"2021-02-16","forecast","1.20922495524701"
"exdqlm_multivar_synth_keep","draw_091",1418,"2021-02-17","forecast","0.897023995894566"
"exdqlm_multivar_synth_keep","draw_091",1418,"2021-02-18","forecast","0.864353773218625"
"exdqlm_multivar_synth_keep","draw_091",1418,"2021-02-19","forecast","0.719864706246588"
"exdqlm_multivar_synth_keep","draw_091",1418,"2021-02-20","forecast","0.992337391176295"
"exdqlm_multivar_synth_keep","draw_092",1433,"2021-01-24","forecast","0.263765828596460"
"exdqlm_multivar_synth_keep","draw_092",1433,"2021-01-25","forecast","0.479604684810395"
"exdqlm_multivar_synth_keep","draw_092",1433,"2021-01-26","forecast","0.424674967192142"
"exdqlm_multivar_synth_keep","draw_092",1433,"2021-01-27","forecast","2.55279905088438"
"exdqlm_multivar_synth_keep","draw_092",1433,"2021-01-28","forecast","3.07456633062120"
"exdqlm_multivar_synth_keep","draw_092",1433,"2021-01-29","forecast","3.38297461253278"
"exdqlm_multivar_synth_keep","draw_092",1433,"2021-01-30","forecast","1.72099625342821"
"exdqlm_multivar_synth_keep","draw_092",1433,"2021-01-31","forecast","1.20922252264348"
"exdqlm_multivar_synth_keep","draw_092",1433,"2021-02-01","forecast","1.03275425718722"
"exdqlm_multivar_synth_keep","draw_092",1433,"2021-02-02","forecast","1.61475171691947"
"exdqlm_multivar_synth_keep","draw_092",1433,"2021-02-03","forecast","1.31827338355265"
"exdqlm_multivar_synth_keep","draw_092",1433,"2021-02-04","forecast","1.16630421110469"
"exdqlm_multivar_synth_keep","draw_092",1433,"2021-02-05","forecast","1.06526749603572"
"exdqlm_multivar_synth_keep","draw_092",1433,"2021-02-06","forecast","0.900576838430193"
"exdqlm_multivar_synth_keep","draw_092",1433,"2021-02-07","forecast","0.910409803499835"
"exdqlm_multivar_synth_keep","draw_092",1433,"2021-02-08","forecast","0.968690924324358"
"exdqlm_multivar_synth_keep","draw_092",1433,"2021-02-09","forecast","0.783296582951150"
"exdqlm_multivar_synth_keep","draw_092",1433,"2021-02-10","forecast","1.54303475470431"
"exdqlm_multivar_synth_keep","draw_092",1433,"2021-02-11","forecast","1.07494233130387"
"exdqlm_multivar_synth_keep","draw_092",1433,"2021-02-12","forecast","1.05572705781582"
"exdqlm_multivar_synth_keep","draw_092",1433,"2021-02-13","forecast","0.910795515453145"
"exdqlm_multivar_synth_keep","draw_092",1433,"2021-02-14","forecast","1.23744417796379"
"exdqlm_multivar_synth_keep","draw_092",1433,"2021-02-15","forecast","1.03627496877180"
"exdqlm_multivar_synth_keep","draw_092",1433,"2021-02-16","forecast","1.21881715447411"
"exdqlm_multivar_synth_keep","draw_092",1433,"2021-02-17","forecast","0.904076800511597"
"exdqlm_multivar_synth_keep","draw_092",1433,"2021-02-18","forecast","0.869725471124738"
"exdqlm_multivar_synth_keep","draw_092",1433,"2021-02-19","forecast","0.727421367344426"
"exdqlm_multivar_synth_keep","draw_092",1433,"2021-02-20","forecast","0.997108972775103"
"exdqlm_multivar_synth_keep","draw_093",1449,"2021-01-24","forecast","0.265930318627009"
"exdqlm_multivar_synth_keep","draw_093",1449,"2021-01-25","forecast","0.482004207372876"
"exdqlm_multivar_synth_keep","draw_093",1449,"2021-01-26","forecast","0.426046101020928"
"exdqlm_multivar_synth_keep","draw_093",1449,"2021-01-27","forecast","2.56567853284985"
"exdqlm_multivar_synth_keep","draw_093",1449,"2021-01-28","forecast","3.10196786861693"
"exdqlm_multivar_synth_keep","draw_093",1449,"2021-01-29","forecast","3.41224389161451"
"exdqlm_multivar_synth_keep","draw_093",1449,"2021-01-30","forecast","1.72967271355287"
"exdqlm_multivar_synth_keep","draw_093",1449,"2021-01-31","forecast","1.21812742094793"
"exdqlm_multivar_synth_keep","draw_093",1449,"2021-02-01","forecast","1.04215558692564"
"exdqlm_multivar_synth_keep","draw_093",1449,"2021-02-02","forecast","1.62062771297603"
"exdqlm_multivar_synth_keep","draw_093",1449,"2021-02-03","forecast","1.32229649833063"
"exdqlm_multivar_synth_keep","draw_093",1449,"2021-02-04","forecast","1.17193522859557"
"exdqlm_multivar_synth_keep","draw_093",1449,"2021-02-05","forecast","1.07438202813284"
"exdqlm_multivar_synth_keep","draw_093",1449,"2021-02-06","forecast","0.905426051085021"
"exdqlm_multivar_synth_keep","draw_093",1449,"2021-02-07","forecast","0.912516082585789"
"exdqlm_multivar_synth_keep","draw_093",1449,"2021-02-08","forecast","0.979114233670141"
"exdqlm_multivar_synth_keep","draw_093",1449,"2021-02-09","forecast","0.788460052263941"
"exdqlm_multivar_synth_keep","draw_093",1449,"2021-02-10","forecast","1.54831868022517"
"exdqlm_multivar_synth_keep","draw_093",1449,"2021-02-11","forecast","1.08381014018355"
"exdqlm_multivar_synth_keep","draw_093",1449,"2021-02-12","forecast","1.06400439542969"
"exdqlm_multivar_synth_keep","draw_093",1449,"2021-02-13","forecast","0.920947430809923"
"exdqlm_multivar_synth_keep","draw_093",1449,"2021-02-14","forecast","1.24794563067632"
"exdqlm_multivar_synth_keep","draw_093",1449,"2021-02-15","forecast","1.04460791569337"
"exdqlm_multivar_synth_keep","draw_093",1449,"2021-02-16","forecast","1.23692124501269"
"exdqlm_multivar_synth_keep","draw_093",1449,"2021-02-17","forecast","0.910684788256809"
"exdqlm_multivar_synth_keep","draw_093",1449,"2021-02-18","forecast","0.874231966819066"
"exdqlm_multivar_synth_keep","draw_093",1449,"2021-02-19","forecast","0.732985485839591"
"exdqlm_multivar_synth_keep","draw_093",1449,"2021-02-20","forecast","1.00578211034223"
"exdqlm_multivar_synth_keep","draw_094",1465,"2021-01-24","forecast","0.267054390439919"
"exdqlm_multivar_synth_keep","draw_094",1465,"2021-01-25","forecast","0.486695714702215"
"exdqlm_multivar_synth_keep","draw_094",1465,"2021-01-26","forecast","0.430302569849786"
"exdqlm_multivar_synth_keep","draw_094",1465,"2021-01-27","forecast","2.57967103002308"
"exdqlm_multivar_synth_keep","draw_094",1465,"2021-01-28","forecast","3.12173061476539"
"exdqlm_multivar_synth_keep","draw_094",1465,"2021-01-29","forecast","3.43215540431807"
"exdqlm_multivar_synth_keep","draw_094",1465,"2021-01-30","forecast","1.74101598852933"
"exdqlm_multivar_synth_keep","draw_094",1465,"2021-01-31","forecast","1.22678032533086"
"exdqlm_multivar_synth_keep","draw_094",1465,"2021-02-01","forecast","1.04818185124446"
"exdqlm_multivar_synth_keep","draw_094",1465,"2021-02-02","forecast","1.62636955186708"
"exdqlm_multivar_synth_keep","draw_094",1465,"2021-02-03","forecast","1.32663518595755"
"exdqlm_multivar_synth_keep","draw_094",1465,"2021-02-04","forecast","1.17670277700736"
"exdqlm_multivar_synth_keep","draw_094",1465,"2021-02-05","forecast","1.08303908049019"
"exdqlm_multivar_synth_keep","draw_094",1465,"2021-02-06","forecast","0.915451906156629"
"exdqlm_multivar_synth_keep","draw_094",1465,"2021-02-07","forecast","0.914890068346710"
"exdqlm_multivar_synth_keep","draw_094",1465,"2021-02-08","forecast","0.988856295056478"
"exdqlm_multivar_synth_keep","draw_094",1465,"2021-02-09","forecast","0.792982046126541"
"exdqlm_multivar_synth_keep","draw_094",1465,"2021-02-10","forecast","1.55760125718875"
"exdqlm_multivar_synth_keep","draw_094",1465,"2021-02-11","forecast","1.08963795017903"
"exdqlm_multivar_synth_keep","draw_094",1465,"2021-02-12","forecast","1.07252244985026"
"exdqlm_multivar_synth_keep","draw_094",1465,"2021-02-13","forecast","0.927124150469244"
"exdqlm_multivar_synth_keep","draw_094",1465,"2021-02-14","forecast","1.25378565625192"
"exdqlm_multivar_synth_keep","draw_094",1465,"2021-02-15","forecast","1.05339439828190"
"exdqlm_multivar_synth_keep","draw_094",1465,"2021-02-16","forecast","1.24473445164298"
"exdqlm_multivar_synth_keep","draw_094",1465,"2021-02-17","forecast","0.916597972642002"
"exdqlm_multivar_synth_keep","draw_094",1465,"2021-02-18","forecast","0.880896391255985"
"exdqlm_multivar_synth_keep","draw_094",1465,"2021-02-19","forecast","0.738889082096970"
"exdqlm_multivar_synth_keep","draw_094",1465,"2021-02-20","forecast","1.01174641472772"
"exdqlm_multivar_synth_keep","draw_095",1481,"2021-01-24","forecast","0.268305855466587"
"exdqlm_multivar_synth_keep","draw_095",1481,"2021-01-25","forecast","0.489382528345951"
"exdqlm_multivar_synth_keep","draw_095",1481,"2021-01-26","forecast","0.434367258124625"
"exdqlm_multivar_synth_keep","draw_095",1481,"2021-01-27","forecast","2.59929865648200"
"exdqlm_multivar_synth_keep","draw_095",1481,"2021-01-28","forecast","3.14008432227875"
"exdqlm_multivar_synth_keep","draw_095",1481,"2021-01-29","forecast","3.45053068473090"
"exdqlm_multivar_synth_keep","draw_095",1481,"2021-01-30","forecast","1.75421281519244"
"exdqlm_multivar_synth_keep","draw_095",1481,"2021-01-31","forecast","1.24485836677962"
"exdqlm_multivar_synth_keep","draw_095",1481,"2021-02-01","forecast","1.05404992562946"
"exdqlm_multivar_synth_keep","draw_095",1481,"2021-02-02","forecast","1.63073727612435"
"exdqlm_multivar_synth_keep","draw_095",1481,"2021-02-03","forecast","1.33486779719432"
"exdqlm_multivar_synth_keep","draw_095",1481,"2021-02-04","forecast","1.18405912329554"
"exdqlm_multivar_synth_keep","draw_095",1481,"2021-02-05","forecast","1.09293752325916"
"exdqlm_multivar_synth_keep","draw_095",1481,"2021-02-06","forecast","0.924517360970000"
"exdqlm_multivar_synth_keep","draw_095",1481,"2021-02-07","forecast","0.917480102622794"
"exdqlm_multivar_synth_keep","draw_095",1481,"2021-02-08","forecast","0.995550085388090"
"exdqlm_multivar_synth_keep","draw_095",1481,"2021-02-09","forecast","0.799862317390902"
"exdqlm_multivar_synth_keep","draw_095",1481,"2021-02-10","forecast","1.56349806881527"
"exdqlm_multivar_synth_keep","draw_095",1481,"2021-02-11","forecast","1.09615756926949"
"exdqlm_multivar_synth_keep","draw_095",1481,"2021-02-12","forecast","1.07850147273567"
"exdqlm_multivar_synth_keep","draw_095",1481,"2021-02-13","forecast","0.929956023784655"
"exdqlm_multivar_synth_keep","draw_095",1481,"2021-02-14","forecast","1.26034166279359"
"exdqlm_multivar_synth_keep","draw_095",1481,"2021-02-15","forecast","1.06286959957073"
"exdqlm_multivar_synth_keep","draw_095",1481,"2021-02-16","forecast","1.25498616665674"
"exdqlm_multivar_synth_keep","draw_095",1481,"2021-02-17","forecast","0.923493541779020"
"exdqlm_multivar_synth_keep","draw_095",1481,"2021-02-18","forecast","0.888449485437205"
"exdqlm_multivar_synth_keep","draw_095",1481,"2021-02-19","forecast","0.745856385419814"
"exdqlm_multivar_synth_keep","draw_095",1481,"2021-02-20","forecast","1.01599002656428"
"exdqlm_multivar_synth_keep","draw_096",1496,"2021-01-24","forecast","0.269973493105680"
"exdqlm_multivar_synth_keep","draw_096",1496,"2021-01-25","forecast","0.490463328255830"
"exdqlm_multivar_synth_keep","draw_096",1496,"2021-01-26","forecast","0.436450157748810"
"exdqlm_multivar_synth_keep","draw_096",1496,"2021-01-27","forecast","2.60807748739561"
"exdqlm_multivar_synth_keep","draw_096",1496,"2021-01-28","forecast","3.15072996229320"
"exdqlm_multivar_synth_keep","draw_096",1496,"2021-01-29","forecast","3.47605776776116"
"exdqlm_multivar_synth_keep","draw_096",1496,"2021-01-30","forecast","1.76664786932202"
"exdqlm_multivar_synth_keep","draw_096",1496,"2021-01-31","forecast","1.25268151933681"
"exdqlm_multivar_synth_keep","draw_096",1496,"2021-02-01","forecast","1.06059274162970"
"exdqlm_multivar_synth_keep","draw_096",1496,"2021-02-02","forecast","1.63566046015393"
"exdqlm_multivar_synth_keep","draw_096",1496,"2021-02-03","forecast","1.34278678927832"
"exdqlm_multivar_synth_keep","draw_096",1496,"2021-02-04","forecast","1.18850378828861"
"exdqlm_multivar_synth_keep","draw_096",1496,"2021-02-05","forecast","1.10431633480590"
"exdqlm_multivar_synth_keep","draw_096",1496,"2021-02-06","forecast","0.929659979955924"
"exdqlm_multivar_synth_keep","draw_096",1496,"2021-02-07","forecast","0.918880405587339"
"exdqlm_multivar_synth_keep","draw_096",1496,"2021-02-08","forecast","1.00098060761376"
"exdqlm_multivar_synth_keep","draw_096",1496,"2021-02-09","forecast","0.805643631713825"
"exdqlm_multivar_synth_keep","draw_096",1496,"2021-02-10","forecast","1.56854007615824"
"exdqlm_multivar_synth_keep","draw_096",1496,"2021-02-11","forecast","1.10358660131703"
"exdqlm_multivar_synth_keep","draw_096",1496,"2021-02-12","forecast","1.08591104362731"
"exdqlm_multivar_synth_keep","draw_096",1496,"2021-02-13","forecast","0.937047994158417"
"exdqlm_multivar_synth_keep","draw_096",1496,"2021-02-14","forecast","1.26917945718582"
"exdqlm_multivar_synth_keep","draw_096",1496,"2021-02-15","forecast","1.07252689092672"
"exdqlm_multivar_synth_keep","draw_096",1496,"2021-02-16","forecast","1.26331084144626"
"exdqlm_multivar_synth_keep","draw_096",1496,"2021-02-17","forecast","0.931342191461646"
"exdqlm_multivar_synth_keep","draw_096",1496,"2021-02-18","forecast","0.894900840799631"
"exdqlm_multivar_synth_keep","draw_096",1496,"2021-02-19","forecast","0.760666021441432"
"exdqlm_multivar_synth_keep","draw_096",1496,"2021-02-20","forecast","1.02499135431840"
"exdqlm_multivar_synth_keep","draw_097",1512,"2021-01-24","forecast","0.271653692209539"
"exdqlm_multivar_synth_keep","draw_097",1512,"2021-01-25","forecast","0.493692462408236"
"exdqlm_multivar_synth_keep","draw_097",1512,"2021-01-26","forecast","0.439157138511548"
"exdqlm_multivar_synth_keep","draw_097",1512,"2021-01-27","forecast","2.62550965774588"
"exdqlm_multivar_synth_keep","draw_097",1512,"2021-01-28","forecast","3.17252480612724"
"exdqlm_multivar_synth_keep","draw_097",1512,"2021-01-29","forecast","3.50151859281188"
"exdqlm_multivar_synth_keep","draw_097",1512,"2021-01-30","forecast","1.77435632306381"
"exdqlm_multivar_synth_keep","draw_097",1512,"2021-01-31","forecast","1.26336443956814"
"exdqlm_multivar_synth_keep","draw_097",1512,"2021-02-01","forecast","1.06720306047581"
"exdqlm_multivar_synth_keep","draw_097",1512,"2021-02-02","forecast","1.64383553347726"
"exdqlm_multivar_synth_keep","draw_097",1512,"2021-02-03","forecast","1.34748430707797"
"exdqlm_multivar_synth_keep","draw_097",1512,"2021-02-04","forecast","1.19318955673503"
"exdqlm_multivar_synth_keep","draw_097",1512,"2021-02-05","forecast","1.11444849096564"
"exdqlm_multivar_synth_keep","draw_097",1512,"2021-02-06","forecast","0.933298213570993"
"exdqlm_multivar_synth_keep","draw_097",1512,"2021-02-07","forecast","0.921726428957430"
"exdqlm_multivar_synth_keep","draw_097",1512,"2021-02-08","forecast","1.00686001680212"
"exdqlm_multivar_synth_keep","draw_097",1512,"2021-02-09","forecast","0.811938139003280"
"exdqlm_multivar_synth_keep","draw_097",1512,"2021-02-10","forecast","1.57679915921389"
"exdqlm_multivar_synth_keep","draw_097",1512,"2021-02-11","forecast","1.10931654874570"
"exdqlm_multivar_synth_keep","draw_097",1512,"2021-02-12","forecast","1.09621908441735"
"exdqlm_multivar_synth_keep","draw_097",1512,"2021-02-13","forecast","0.941071464693042"
"exdqlm_multivar_synth_keep","draw_097",1512,"2021-02-14","forecast","1.27675227126923"
"exdqlm_multivar_synth_keep","draw_097",1512,"2021-02-15","forecast","1.08237432774260"
"exdqlm_multivar_synth_keep","draw_097",1512,"2021-02-16","forecast","1.28113135007237"
"exdqlm_multivar_synth_keep","draw_097",1512,"2021-02-17","forecast","0.938595832072157"
"exdqlm_multivar_synth_keep","draw_097",1512,"2021-02-18","forecast","0.904628872586365"
"exdqlm_multivar_synth_keep","draw_097",1512,"2021-02-19","forecast","0.770271221128524"
"exdqlm_multivar_synth_keep","draw_097",1512,"2021-02-20","forecast","1.03033979957457"
"exdqlm_multivar_synth_keep","draw_098",1528,"2021-01-24","forecast","0.273198108834358"
"exdqlm_multivar_synth_keep","draw_098",1528,"2021-01-25","forecast","0.497523070357769"
"exdqlm_multivar_synth_keep","draw_098",1528,"2021-01-26","forecast","0.443145735734442"
"exdqlm_multivar_synth_keep","draw_098",1528,"2021-01-27","forecast","2.64169662626534"
"exdqlm_multivar_synth_keep","draw_098",1528,"2021-01-28","forecast","3.18721041616525"
"exdqlm_multivar_synth_keep","draw_098",1528,"2021-01-29","forecast","3.51492812456449"
"exdqlm_multivar_synth_keep","draw_098",1528,"2021-01-30","forecast","1.79208923658362"
"exdqlm_multivar_synth_keep","draw_098",1528,"2021-01-31","forecast","1.27337701998942"
"exdqlm_multivar_synth_keep","draw_098",1528,"2021-02-01","forecast","1.07306961241509"
"exdqlm_multivar_synth_keep","draw_098",1528,"2021-02-02","forecast","1.65357593525808"
"exdqlm_multivar_synth_keep","draw_098",1528,"2021-02-03","forecast","1.35173413949780"
"exdqlm_multivar_synth_keep","draw_098",1528,"2021-02-04","forecast","1.19656139309425"
"exdqlm_multivar_synth_keep","draw_098",1528,"2021-02-05","forecast","1.12230868192803"
"exdqlm_multivar_synth_keep","draw_098",1528,"2021-02-06","forecast","0.936585727493960"
"exdqlm_multivar_synth_keep","draw_098",1528,"2021-02-07","forecast","0.923989400887788"
"exdqlm_multivar_synth_keep","draw_098",1528,"2021-02-08","forecast","1.01515613108925"
"exdqlm_multivar_synth_keep","draw_098",1528,"2021-02-09","forecast","0.815153982064572"
"exdqlm_multivar_synth_keep","draw_098",1528,"2021-02-10","forecast","1.58088860960685"
"exdqlm_multivar_synth_keep","draw_098",1528,"2021-02-11","forecast","1.11772414512819"
"exdqlm_multivar_synth_keep","draw_098",1528,"2021-02-12","forecast","1.10531598160679"
"exdqlm_multivar_synth_keep","draw_098",1528,"2021-02-13","forecast","0.945186965704671"
"exdqlm_multivar_synth_keep","draw_098",1528,"2021-02-14","forecast","1.28502415750604"
"exdqlm_multivar_synth_keep","draw_098",1528,"2021-02-15","forecast","1.09068608751862"
"exdqlm_multivar_synth_keep","draw_098",1528,"2021-02-16","forecast","1.29066398161981"
"exdqlm_multivar_synth_keep","draw_098",1528,"2021-02-17","forecast","0.942547798194132"
"exdqlm_multivar_synth_keep","draw_098",1528,"2021-02-18","forecast","0.912304953710050"
"exdqlm_multivar_synth_keep","draw_098",1528,"2021-02-19","forecast","0.774671119610693"
"exdqlm_multivar_synth_keep","draw_098",1528,"2021-02-20","forecast","1.03962507631108"
"exdqlm_multivar_synth_keep","draw_099",1544,"2021-01-24","forecast","0.276301451911309"
"exdqlm_multivar_synth_keep","draw_099",1544,"2021-01-25","forecast","0.500552122119070"
"exdqlm_multivar_synth_keep","draw_099",1544,"2021-01-26","forecast","0.448736919725762"
"exdqlm_multivar_synth_keep","draw_099",1544,"2021-01-27","forecast","2.65330332572222"
"exdqlm_multivar_synth_keep","draw_099",1544,"2021-01-28","forecast","3.20264489896969"
"exdqlm_multivar_synth_keep","draw_099",1544,"2021-01-29","forecast","3.53795473531761"
"exdqlm_multivar_synth_keep","draw_099",1544,"2021-01-30","forecast","1.80495382025829"
"exdqlm_multivar_synth_keep","draw_099",1544,"2021-01-31","forecast","1.28497003911062"
"exdqlm_multivar_synth_keep","draw_099",1544,"2021-02-01","forecast","1.08424767045778"
"exdqlm_multivar_synth_keep","draw_099",1544,"2021-02-02","forecast","1.66063092442206"
"exdqlm_multivar_synth_keep","draw_099",1544,"2021-02-03","forecast","1.35822058005323"
"exdqlm_multivar_synth_keep","draw_099",1544,"2021-02-04","forecast","1.20263735400351"
"exdqlm_multivar_synth_keep","draw_099",1544,"2021-02-05","forecast","1.13029465312700"
"exdqlm_multivar_synth_keep","draw_099",1544,"2021-02-06","forecast","0.940680754417896"
"exdqlm_multivar_synth_keep","draw_099",1544,"2021-02-07","forecast","0.925235377920599"
"exdqlm_multivar_synth_keep","draw_099",1544,"2021-02-08","forecast","1.02174768840629"
"exdqlm_multivar_synth_keep","draw_099",1544,"2021-02-09","forecast","0.819451651863130"
"exdqlm_multivar_synth_keep","draw_099",1544,"2021-02-10","forecast","1.58499846140024"
"exdqlm_multivar_synth_keep","draw_099",1544,"2021-02-11","forecast","1.12628946617924"
"exdqlm_multivar_synth_keep","draw_099",1544,"2021-02-12","forecast","1.11251303866516"
"exdqlm_multivar_synth_keep","draw_099",1544,"2021-02-13","forecast","0.949898106098217"
"exdqlm_multivar_synth_keep","draw_099",1544,"2021-02-14","forecast","1.29314049124784"
"exdqlm_multivar_synth_keep","draw_099",1544,"2021-02-15","forecast","1.10628641536571"
"exdqlm_multivar_synth_keep","draw_099",1544,"2021-02-16","forecast","1.29888771513185"
"exdqlm_multivar_synth_keep","draw_099",1544,"2021-02-17","forecast","0.946738616529619"
"exdqlm_multivar_synth_keep","draw_099",1544,"2021-02-18","forecast","0.918878542970120"
"exdqlm_multivar_synth_keep","draw_099",1544,"2021-02-19","forecast","0.781671052538062"
"exdqlm_multivar_synth_keep","draw_099",1544,"2021-02-20","forecast","1.05483386843644"
"exdqlm_multivar_synth_keep","draw_100",1559,"2021-01-24","forecast","0.278786681254861"
"exdqlm_multivar_synth_keep","draw_100",1559,"2021-01-25","forecast","0.503689519597100"
"exdqlm_multivar_synth_keep","draw_100",1559,"2021-01-26","forecast","0.452006853909852"
"exdqlm_multivar_synth_keep","draw_100",1559,"2021-01-27","forecast","2.67296866860083"
"exdqlm_multivar_synth_keep","draw_100",1559,"2021-01-28","forecast","3.22057584512027"
"exdqlm_multivar_synth_keep","draw_100",1559,"2021-01-29","forecast","3.55038875793018"
"exdqlm_multivar_synth_keep","draw_100",1559,"2021-01-30","forecast","1.81585098060842"
"exdqlm_multivar_synth_keep","draw_100",1559,"2021-01-31","forecast","1.29641877882926"
"exdqlm_multivar_synth_keep","draw_100",1559,"2021-02-01","forecast","1.08940043106980"
"exdqlm_multivar_synth_keep","draw_100",1559,"2021-02-02","forecast","1.66700534713162"
"exdqlm_multivar_synth_keep","draw_100",1559,"2021-02-03","forecast","1.36529411601612"
"exdqlm_multivar_synth_keep","draw_100",1559,"2021-02-04","forecast","1.20839106537188"
"exdqlm_multivar_synth_keep","draw_100",1559,"2021-02-05","forecast","1.13661133742347"
"exdqlm_multivar_synth_keep","draw_100",1559,"2021-02-06","forecast","0.943694159440873"
"exdqlm_multivar_synth_keep","draw_100",1559,"2021-02-07","forecast","0.925308407899964"
"exdqlm_multivar_synth_keep","draw_100",1559,"2021-02-08","forecast","1.03188247625063"
"exdqlm_multivar_synth_keep","draw_100",1559,"2021-02-09","forecast","0.827119138011353"
"exdqlm_multivar_synth_keep","draw_100",1559,"2021-02-10","forecast","1.59224417005627"
"exdqlm_multivar_synth_keep","draw_100",1559,"2021-02-11","forecast","1.13304160960973"
"exdqlm_multivar_synth_keep","draw_100",1559,"2021-02-12","forecast","1.11754300206199"
"exdqlm_multivar_synth_keep","draw_100",1559,"2021-02-13","forecast","0.954215859170364"
"exdqlm_multivar_synth_keep","draw_100",1559,"2021-02-14","forecast","1.29764732028888"
"exdqlm_multivar_synth_keep","draw_100",1559,"2021-02-15","forecast","1.11794798504602"
"exdqlm_multivar_synth_keep","draw_100",1559,"2021-02-16","forecast","1.30876656219647"
"exdqlm_multivar_synth_keep","draw_100",1559,"2021-02-17","forecast","0.955193524793562"
"exdqlm_multivar_synth_keep","draw_100",1559,"2021-02-18","forecast","0.928810712493114"
"exdqlm_multivar_synth_keep","draw_100",1559,"2021-02-19","forecast","0.788048751864658"
"exdqlm_multivar_synth_keep","draw_100",1559,"2021-02-20","forecast","1.06379186915578"
"exdqlm_multivar_synth_keep","draw_101",1575,"2021-01-24","forecast","0.280890870714111"
"exdqlm_multivar_synth_keep","draw_101",1575,"2021-01-25","forecast","0.507052690127240"
"exdqlm_multivar_synth_keep","draw_101",1575,"2021-01-26","forecast","0.456417115214083"
"exdqlm_multivar_synth_keep","draw_101",1575,"2021-01-27","forecast","2.72000597685892"
"exdqlm_multivar_synth_keep","draw_101",1575,"2021-01-28","forecast","3.23565327135538"
"exdqlm_multivar_synth_keep","draw_101",1575,"2021-01-29","forecast","3.57610288087911"
"exdqlm_multivar_synth_keep","draw_101",1575,"2021-01-30","forecast","1.83032451560797"
"exdqlm_multivar_synth_keep","draw_101",1575,"2021-01-31","forecast","1.30368428126880"
"exdqlm_multivar_synth_keep","draw_101",1575,"2021-02-01","forecast","1.09851762674541"
"exdqlm_multivar_synth_keep","draw_101",1575,"2021-02-02","forecast","1.67348630721576"
"exdqlm_multivar_synth_keep","draw_101",1575,"2021-02-03","forecast","1.36958655179382"
"exdqlm_multivar_synth_keep","draw_101",1575,"2021-02-04","forecast","1.21249950021030"
"exdqlm_multivar_synth_keep","draw_101",1575,"2021-02-05","forecast","1.14159120370076"
"exdqlm_multivar_synth_keep","draw_101",1575,"2021-02-06","forecast","0.950324024966882"
"exdqlm_multivar_synth_keep","draw_101",1575,"2021-02-07","forecast","0.925582301600060"
"exdqlm_multivar_synth_keep","draw_101",1575,"2021-02-08","forecast","1.04122452162557"
"exdqlm_multivar_synth_keep","draw_101",1575,"2021-02-09","forecast","0.832680007708723"
"exdqlm_multivar_synth_keep","draw_101",1575,"2021-02-10","forecast","1.59806597004054"
"exdqlm_multivar_synth_keep","draw_101",1575,"2021-02-11","forecast","1.14307617301549"
"exdqlm_multivar_synth_keep","draw_101",1575,"2021-02-12","forecast","1.12661485851313"
"exdqlm_multivar_synth_keep","draw_101",1575,"2021-02-13","forecast","0.959253127919545"
"exdqlm_multivar_synth_keep","draw_101",1575,"2021-02-14","forecast","1.30318341327240"
"exdqlm_multivar_synth_keep","draw_101",1575,"2021-02-15","forecast","1.12970882167965"
"exdqlm_multivar_synth_keep","draw_101",1575,"2021-02-16","forecast","1.32006706663585"
"exdqlm_multivar_synth_keep","draw_101",1575,"2021-02-17","forecast","0.962611634137390"
"exdqlm_multivar_synth_keep","draw_101",1575,"2021-02-18","forecast","0.936392023277974"
"exdqlm_multivar_synth_keep","draw_101",1575,"2021-02-19","forecast","0.793399348787517"
"exdqlm_multivar_synth_keep","draw_101",1575,"2021-02-20","forecast","1.06885647726433"
"exdqlm_multivar_synth_keep","draw_102",1591,"2021-01-24","forecast","0.283948541035622"
"exdqlm_multivar_synth_keep","draw_102",1591,"2021-01-25","forecast","0.514916529310107"
"exdqlm_multivar_synth_keep","draw_102",1591,"2021-01-26","forecast","0.459436211358290"
"exdqlm_multivar_synth_keep","draw_102",1591,"2021-01-27","forecast","2.74939850130096"
"exdqlm_multivar_synth_keep","draw_102",1591,"2021-01-28","forecast","3.25811363230265"
"exdqlm_multivar_synth_keep","draw_102",1591,"2021-01-29","forecast","3.61871217052911"
"exdqlm_multivar_synth_keep","draw_102",1591,"2021-01-30","forecast","1.85223653977921"
"exdqlm_multivar_synth_keep","draw_102",1591,"2021-01-31","forecast","1.31804878336959"
"exdqlm_multivar_synth_keep","draw_102",1591,"2021-02-01","forecast","1.10679064990580"
"exdqlm_multivar_synth_keep","draw_102",1591,"2021-02-02","forecast","1.68480646325951"
"exdqlm_multivar_synth_keep","draw_102",1591,"2021-02-03","forecast","1.37306656527477"
"exdqlm_multivar_synth_keep","draw_102",1591,"2021-02-04","forecast","1.21791229480728"
"exdqlm_multivar_synth_keep","draw_102",1591,"2021-02-05","forecast","1.14793247416909"
"exdqlm_multivar_synth_keep","draw_102",1591,"2021-02-06","forecast","0.954889804021512"
"exdqlm_multivar_synth_keep","draw_102",1591,"2021-02-07","forecast","0.926073370653220"
"exdqlm_multivar_synth_keep","draw_102",1591,"2021-02-08","forecast","1.05588243442453"
"exdqlm_multivar_synth_keep","draw_102",1591,"2021-02-09","forecast","0.838712556819325"
"exdqlm_multivar_synth_keep","draw_102",1591,"2021-02-10","forecast","1.60427326897059"
"exdqlm_multivar_synth_keep","draw_102",1591,"2021-02-11","forecast","1.15083814664146"
"exdqlm_multivar_synth_keep","draw_102",1591,"2021-02-12","forecast","1.13406281900539"
"exdqlm_multivar_synth_keep","draw_102",1591,"2021-02-13","forecast","0.966177400116942"
"exdqlm_multivar_synth_keep","draw_102",1591,"2021-02-14","forecast","1.30815444537191"
"exdqlm_multivar_synth_keep","draw_102",1591,"2021-02-15","forecast","1.14310617397022"
"exdqlm_multivar_synth_keep","draw_102",1591,"2021-02-16","forecast","1.32826718876032"
"exdqlm_multivar_synth_keep","draw_102",1591,"2021-02-17","forecast","0.972357322262106"
"exdqlm_multivar_synth_keep","draw_102",1591,"2021-02-18","forecast","0.944231637237433"
"exdqlm_multivar_synth_keep","draw_102",1591,"2021-02-19","forecast","0.801122896629671"
"exdqlm_multivar_synth_keep","draw_102",1591,"2021-02-20","forecast","1.07728562535916"
"exdqlm_multivar_synth_keep","draw_103",1606,"2021-01-24","forecast","0.288868589762209"
"exdqlm_multivar_synth_keep","draw_103",1606,"2021-01-25","forecast","0.531387259472307"
"exdqlm_multivar_synth_keep","draw_103",1606,"2021-01-26","forecast","0.461477814127341"
"exdqlm_multivar_synth_keep","draw_103",1606,"2021-01-27","forecast","2.76861801375675"
"exdqlm_multivar_synth_keep","draw_103",1606,"2021-01-28","forecast","3.29135571035444"
"exdqlm_multivar_synth_keep","draw_103",1606,"2021-01-29","forecast","3.63489835737352"
"exdqlm_multivar_synth_keep","draw_103",1606,"2021-01-30","forecast","1.87320534581559"
"exdqlm_multivar_synth_keep","draw_103",1606,"2021-01-31","forecast","1.32612135507030"
"exdqlm_multivar_synth_keep","draw_103",1606,"2021-02-01","forecast","1.11722640958813"
"exdqlm_multivar_synth_keep","draw_103",1606,"2021-02-02","forecast","1.69384895083011"
"exdqlm_multivar_synth_keep","draw_103",1606,"2021-02-03","forecast","1.38277790276322"
"exdqlm_multivar_synth_keep","draw_103",1606,"2021-02-04","forecast","1.22210408596730"
"exdqlm_multivar_synth_keep","draw_103",1606,"2021-02-05","forecast","1.15937780954585"
"exdqlm_multivar_synth_keep","draw_103",1606,"2021-02-06","forecast","0.959081875606712"
"exdqlm_multivar_synth_keep","draw_103",1606,"2021-02-07","forecast","0.926300520765764"
"exdqlm_multivar_synth_keep","draw_103",1606,"2021-02-08","forecast","1.06881839764139"
"exdqlm_multivar_synth_keep","draw_103",1606,"2021-02-09","forecast","0.843625534794546"
"exdqlm_multivar_synth_keep","draw_103",1606,"2021-02-10","forecast","1.60664169867503"
"exdqlm_multivar_synth_keep","draw_103",1606,"2021-02-11","forecast","1.15655447148519"
"exdqlm_multivar_synth_keep","draw_103",1606,"2021-02-12","forecast","1.14679747688685"
"exdqlm_multivar_synth_keep","draw_103",1606,"2021-02-13","forecast","0.971823691334241"
"exdqlm_multivar_synth_keep","draw_103",1606,"2021-02-14","forecast","1.31418117394020"
"exdqlm_multivar_synth_keep","draw_103",1606,"2021-02-15","forecast","1.15194880983257"
"exdqlm_multivar_synth_keep","draw_103",1606,"2021-02-16","forecast","1.33920427234771"
"exdqlm_multivar_synth_keep","draw_103",1606,"2021-02-17","forecast","0.977493012734661"
"exdqlm_multivar_synth_keep","draw_103",1606,"2021-02-18","forecast","0.952737495208607"
"exdqlm_multivar_synth_keep","draw_103",1606,"2021-02-19","forecast","0.810770009530581"
"exdqlm_multivar_synth_keep","draw_103",1606,"2021-02-20","forecast","1.08376234274580"
"exdqlm_multivar_synth_keep","draw_104",1622,"2021-01-24","forecast","0.301034391914369"
"exdqlm_multivar_synth_keep","draw_104",1622,"2021-01-25","forecast","0.550194409306059"
"exdqlm_multivar_synth_keep","draw_104",1622,"2021-01-26","forecast","0.468651106573061"
"exdqlm_multivar_synth_keep","draw_104",1622,"2021-01-27","forecast","2.80982191140452"
"exdqlm_multivar_synth_keep","draw_104",1622,"2021-01-28","forecast","3.31697631041883"
"exdqlm_multivar_synth_keep","draw_104",1622,"2021-01-29","forecast","3.65361046785300"
"exdqlm_multivar_synth_keep","draw_104",1622,"2021-01-30","forecast","1.89548325212788"
"exdqlm_multivar_synth_keep","draw_104",1622,"2021-01-31","forecast","1.33271564839463"
"exdqlm_multivar_synth_keep","draw_104",1622,"2021-02-01","forecast","1.14211328589378"
"exdqlm_multivar_synth_keep","draw_104",1622,"2021-02-02","forecast","1.70366201274041"
"exdqlm_multivar_synth_keep","draw_104",1622,"2021-02-03","forecast","1.39070125307156"
"exdqlm_multivar_synth_keep","draw_104",1622,"2021-02-04","forecast","1.23245339238116"
"exdqlm_multivar_synth_keep","draw_104",1622,"2021-02-05","forecast","1.18466344502799"
"exdqlm_multivar_synth_keep","draw_104",1622,"2021-02-06","forecast","0.963601076624401"
"exdqlm_multivar_synth_keep","draw_104",1622,"2021-02-07","forecast","0.926638904750298"
"exdqlm_multivar_synth_keep","draw_104",1622,"2021-02-08","forecast","1.09286730237075"
"exdqlm_multivar_synth_keep","draw_104",1622,"2021-02-09","forecast","0.849636735067422"
"exdqlm_multivar_synth_keep","draw_104",1622,"2021-02-10","forecast","1.61103261993736"
"exdqlm_multivar_synth_keep","draw_104",1622,"2021-02-11","forecast","1.17628386964039"
"exdqlm_multivar_synth_keep","draw_104",1622,"2021-02-12","forecast","1.15410217131382"
"exdqlm_multivar_synth_keep","draw_104",1622,"2021-02-13","forecast","0.976864883874233"
"exdqlm_multivar_synth_keep","draw_104",1622,"2021-02-14","forecast","1.32006548775431"
"exdqlm_multivar_synth_keep","draw_104",1622,"2021-02-15","forecast","1.17769878787444"
"exdqlm_multivar_synth_keep","draw_104",1622,"2021-02-16","forecast","1.35015159101632"
"exdqlm_multivar_synth_keep","draw_104",1622,"2021-02-17","forecast","0.983072313074424"
"exdqlm_multivar_synth_keep","draw_104",1622,"2021-02-18","forecast","0.968201385710910"
"exdqlm_multivar_synth_keep","draw_104",1622,"2021-02-19","forecast","0.820513091556342"
"exdqlm_multivar_synth_keep","draw_104",1622,"2021-02-20","forecast","1.08784628573818"
"exdqlm_multivar_synth_keep","draw_105",1638,"2021-01-24","forecast","0.309067669821749"
"exdqlm_multivar_synth_keep","draw_105",1638,"2021-01-25","forecast","0.568786104715526"
"exdqlm_multivar_synth_keep","draw_105",1638,"2021-01-26","forecast","0.489184159937389"
"exdqlm_multivar_synth_keep","draw_105",1638,"2021-01-27","forecast","2.86839546081766"
"exdqlm_multivar_synth_keep","draw_105",1638,"2021-01-28","forecast","3.38725580865471"
"exdqlm_multivar_synth_keep","draw_105",1638,"2021-01-29","forecast","3.66985773803302"
"exdqlm_multivar_synth_keep","draw_105",1638,"2021-01-30","forecast","1.91949614972531"
"exdqlm_multivar_synth_keep","draw_105",1638,"2021-01-31","forecast","1.34983436045331"
"exdqlm_multivar_synth_keep","draw_105",1638,"2021-02-01","forecast","1.15334628455634"
"exdqlm_multivar_synth_keep","draw_105",1638,"2021-02-02","forecast","1.71394950791605"
"exdqlm_multivar_synth_keep","draw_105",1638,"2021-02-03","forecast","1.40174825758230"
"exdqlm_multivar_synth_keep","draw_105",1638,"2021-02-04","forecast","1.23989896169691"
"exdqlm_multivar_synth_keep","draw_105",1638,"2021-02-05","forecast","1.20358197134283"
"exdqlm_multivar_synth_keep","draw_105",1638,"2021-02-06","forecast","0.968269761353667"
"exdqlm_multivar_synth_keep","draw_105",1638,"2021-02-07","forecast","0.926759879846630"
"exdqlm_multivar_synth_keep","draw_105",1638,"2021-02-08","forecast","1.11162273956519"
"exdqlm_multivar_synth_keep","draw_105",1638,"2021-02-09","forecast","0.852252492190238"
"exdqlm_multivar_synth_keep","draw_105",1638,"2021-02-10","forecast","1.61871067084133"
"exdqlm_multivar_synth_keep","draw_105",1638,"2021-02-11","forecast","1.18651300731536"
"exdqlm_multivar_synth_keep","draw_105",1638,"2021-02-12","forecast","1.16509350404999"
"exdqlm_multivar_synth_keep","draw_105",1638,"2021-02-13","forecast","0.983650678253989"
"exdqlm_multivar_synth_keep","draw_105",1638,"2021-02-14","forecast","1.32327319244630"
"exdqlm_multivar_synth_keep","draw_105",1638,"2021-02-15","forecast","1.19894951757387"
"exdqlm_multivar_synth_keep","draw_105",1638,"2021-02-16","forecast","1.36542632683340"
"exdqlm_multivar_synth_keep","draw_105",1638,"2021-02-17","forecast","0.990902683897755"
"exdqlm_multivar_synth_keep","draw_105",1638,"2021-02-18","forecast","0.981401204328353"
"exdqlm_multivar_synth_keep","draw_105",1638,"2021-02-19","forecast","0.827891800789838"
"exdqlm_multivar_synth_keep","draw_105",1638,"2021-02-20","forecast","1.09727770450622"
"exdqlm_multivar_synth_keep","draw_106",1654,"2021-01-24","forecast","0.322415748194341"
"exdqlm_multivar_synth_keep","draw_106",1654,"2021-01-25","forecast","0.589267138635793"
"exdqlm_multivar_synth_keep","draw_106",1654,"2021-01-26","forecast","0.512553995140575"
"exdqlm_multivar_synth_keep","draw_106",1654,"2021-01-27","forecast","2.90151394979457"
"exdqlm_multivar_synth_keep","draw_106",1654,"2021-01-28","forecast","3.41977870079102"
"exdqlm_multivar_synth_keep","draw_106",1654,"2021-01-29","forecast","3.70165271451908"
"exdqlm_multivar_synth_keep","draw_106",1654,"2021-01-30","forecast","1.93158544923502"
"exdqlm_multivar_synth_keep","draw_106",1654,"2021-01-31","forecast","1.38877199662898"
"exdqlm_multivar_synth_keep","draw_106",1654,"2021-02-01","forecast","1.17536206582240"
"exdqlm_multivar_synth_keep","draw_106",1654,"2021-02-02","forecast","1.72436654242107"
"exdqlm_multivar_synth_keep","draw_106",1654,"2021-02-03","forecast","1.40860577233124"
"exdqlm_multivar_synth_keep","draw_106",1654,"2021-02-04","forecast","1.24623819903253"
"exdqlm_multivar_synth_keep","draw_106",1654,"2021-02-05","forecast","1.23442990417669"
"exdqlm_multivar_synth_keep","draw_106",1654,"2021-02-06","forecast","0.976861423455598"
"exdqlm_multivar_synth_keep","draw_106",1654,"2021-02-07","forecast","0.926906306509625"
"exdqlm_multivar_synth_keep","draw_106",1654,"2021-02-08","forecast","1.13545414298143"
"exdqlm_multivar_synth_keep","draw_106",1654,"2021-02-09","forecast","0.857753997702654"
"exdqlm_multivar_synth_keep","draw_106",1654,"2021-02-10","forecast","1.62456099341107"
"exdqlm_multivar_synth_keep","draw_106",1654,"2021-02-11","forecast","1.20300879014816"
"exdqlm_multivar_synth_keep","draw_106",1654,"2021-02-12","forecast","1.17841404870657"
"exdqlm_multivar_synth_keep","draw_106",1654,"2021-02-13","forecast","0.989518636131548"
"exdqlm_multivar_synth_keep","draw_106",1654,"2021-02-14","forecast","1.32692415278169"
"exdqlm_multivar_synth_keep","draw_106",1654,"2021-02-15","forecast","1.21691053817748"
"exdqlm_multivar_synth_keep","draw_106",1654,"2021-02-16","forecast","1.37675950597951"
"exdqlm_multivar_synth_keep","draw_106",1654,"2021-02-17","forecast","0.998524670855434"
"exdqlm_multivar_synth_keep","draw_106",1654,"2021-02-18","forecast","0.987841359527451"
"exdqlm_multivar_synth_keep","draw_106",1654,"2021-02-19","forecast","0.837852862540471"
"exdqlm_multivar_synth_keep","draw_106",1654,"2021-02-20","forecast","1.10424611714539"
"exdqlm_multivar_synth_keep","draw_107",1669,"2021-01-24","forecast","0.330976114418148"
"exdqlm_multivar_synth_keep","draw_107",1669,"2021-01-25","forecast","0.607837110821384"
"exdqlm_multivar_synth_keep","draw_107",1669,"2021-01-26","forecast","0.541756158721641"
"exdqlm_multivar_synth_keep","draw_107",1669,"2021-01-27","forecast","2.92906956361974"
"exdqlm_multivar_synth_keep","draw_107",1669,"2021-01-28","forecast","3.49155151963164"
"exdqlm_multivar_synth_keep","draw_107",1669,"2021-01-29","forecast","3.74513216181797"
"exdqlm_multivar_synth_keep","draw_107",1669,"2021-01-30","forecast","1.95404946732424"
"exdqlm_multivar_synth_keep","draw_107",1669,"2021-01-31","forecast","1.42203723367545"
"exdqlm_multivar_synth_keep","draw_107",1669,"2021-02-01","forecast","1.18822000380123"
"exdqlm_multivar_synth_keep","draw_107",1669,"2021-02-02","forecast","1.73593819168499"
"exdqlm_multivar_synth_keep","draw_107",1669,"2021-02-03","forecast","1.41614914272264"
"exdqlm_multivar_synth_keep","draw_107",1669,"2021-02-04","forecast","1.25148397755848"
"exdqlm_multivar_synth_keep","draw_107",1669,"2021-02-05","forecast","1.25811279942076"
"exdqlm_multivar_synth_keep","draw_107",1669,"2021-02-06","forecast","0.990558316446578"
"exdqlm_multivar_synth_keep","draw_107",1669,"2021-02-07","forecast","0.926998012094860"
"exdqlm_multivar_synth_keep","draw_107",1669,"2021-02-08","forecast","1.15312980084367"
"exdqlm_multivar_synth_keep","draw_107",1669,"2021-02-09","forecast","0.864427253524528"
"exdqlm_multivar_synth_keep","draw_107",1669,"2021-02-10","forecast","1.62878832075028"
"exdqlm_multivar_synth_keep","draw_107",1669,"2021-02-11","forecast","1.21648421303549"
"exdqlm_multivar_synth_keep","draw_107",1669,"2021-02-12","forecast","1.18781487907014"
"exdqlm_multivar_synth_keep","draw_107",1669,"2021-02-13","forecast","0.997463958647408"
"exdqlm_multivar_synth_keep","draw_107",1669,"2021-02-14","forecast","1.33423387223930"
"exdqlm_multivar_synth_keep","draw_107",1669,"2021-02-15","forecast","1.23810412692135"
"exdqlm_multivar_synth_keep","draw_107",1669,"2021-02-16","forecast","1.39916201723162"
"exdqlm_multivar_synth_keep","draw_107",1669,"2021-02-17","forecast","1.00795044382950"
"exdqlm_multivar_synth_keep","draw_107",1669,"2021-02-18","forecast","0.995248615698853"
"exdqlm_multivar_synth_keep","draw_107",1669,"2021-02-19","forecast","0.852309370986936"
"exdqlm_multivar_synth_keep","draw_107",1669,"2021-02-20","forecast","1.10837199188161"
"exdqlm_multivar_synth_keep","draw_108",1685,"2021-01-24","forecast","0.346799410822853"
"exdqlm_multivar_synth_keep","draw_108",1685,"2021-01-25","forecast","0.624343651765959"
"exdqlm_multivar_synth_keep","draw_108",1685,"2021-01-26","forecast","0.558642301644786"
"exdqlm_multivar_synth_keep","draw_108",1685,"2021-01-27","forecast","2.97703720594586"
"exdqlm_multivar_synth_keep","draw_108",1685,"2021-01-28","forecast","3.52930439409765"
"exdqlm_multivar_synth_keep","draw_108",1685,"2021-01-29","forecast","3.79344278837985"
"exdqlm_multivar_synth_keep","draw_108",1685,"2021-01-30","forecast","1.98404487653826"
"exdqlm_multivar_synth_keep","draw_108",1685,"2021-01-31","forecast","1.44983232462411"
"exdqlm_multivar_synth_keep","draw_108",1685,"2021-02-01","forecast","1.20604657014312"
"exdqlm_multivar_synth_keep","draw_108",1685,"2021-02-02","forecast","1.74703216040148"
"exdqlm_multivar_synth_keep","draw_108",1685,"2021-02-03","forecast","1.42945598069686"
"exdqlm_multivar_synth_keep","draw_108",1685,"2021-02-04","forecast","1.26022853308905"
"exdqlm_multivar_synth_keep","draw_108",1685,"2021-02-05","forecast","1.27825904216680"
"exdqlm_multivar_synth_keep","draw_108",1685,"2021-02-06","forecast","1.00261127344095"
"exdqlm_multivar_synth_keep","draw_108",1685,"2021-02-07","forecast","0.927190680085804"
"exdqlm_multivar_synth_keep","draw_108",1685,"2021-02-08","forecast","1.16659461207669"
"exdqlm_multivar_synth_keep","draw_108",1685,"2021-02-09","forecast","0.870302919868675"
"exdqlm_multivar_synth_keep","draw_108",1685,"2021-02-10","forecast","1.63394552188904"
"exdqlm_multivar_synth_keep","draw_108",1685,"2021-02-11","forecast","1.23195703976419"
"exdqlm_multivar_synth_keep","draw_108",1685,"2021-02-12","forecast","1.19778275071438"
"exdqlm_multivar_synth_keep","draw_108",1685,"2021-02-13","forecast","1.00590920513709"
"exdqlm_multivar_synth_keep","draw_108",1685,"2021-02-14","forecast","1.34007958660043"
"exdqlm_multivar_synth_keep","draw_108",1685,"2021-02-15","forecast","1.25918152580153"
"exdqlm_multivar_synth_keep","draw_108",1685,"2021-02-16","forecast","1.41724953635218"
"exdqlm_multivar_synth_keep","draw_108",1685,"2021-02-17","forecast","1.01914643028853"
"exdqlm_multivar_synth_keep","draw_108",1685,"2021-02-18","forecast","1.00855343716451"
"exdqlm_multivar_synth_keep","draw_108",1685,"2021-02-19","forecast","0.868937389093997"
"exdqlm_multivar_synth_keep","draw_108",1685,"2021-02-20","forecast","1.11713674527878"
"exdqlm_multivar_synth_keep","draw_109",1701,"2021-01-24","forecast","0.365126623099943"
"exdqlm_multivar_synth_keep","draw_109",1701,"2021-01-25","forecast","0.646039458326818"
"exdqlm_multivar_synth_keep","draw_109",1701,"2021-01-26","forecast","0.585443958642260"
"exdqlm_multivar_synth_keep","draw_109",1701,"2021-01-27","forecast","3.00097876159134"
"exdqlm_multivar_synth_keep","draw_109",1701,"2021-01-28","forecast","3.58461024215390"
"exdqlm_multivar_synth_keep","draw_109",1701,"2021-01-29","forecast","3.83024168672054"
"exdqlm_multivar_synth_keep","draw_109",1701,"2021-01-30","forecast","2.00257897952074"
"exdqlm_multivar_synth_keep","draw_109",1701,"2021-01-31","forecast","1.47719196635124"
"exdqlm_multivar_synth_keep","draw_109",1701,"2021-02-01","forecast","1.22251074507600"
"exdqlm_multivar_synth_keep","draw_109",1701,"2021-02-02","forecast","1.75657348203662"
"exdqlm_multivar_synth_keep","draw_109",1701,"2021-02-03","forecast","1.44211756848528"
"exdqlm_multivar_synth_keep","draw_109",1701,"2021-02-04","forecast","1.26672756635682"
"exdqlm_multivar_synth_keep","draw_109",1701,"2021-02-05","forecast","1.30122488584313"
"exdqlm_multivar_synth_keep","draw_109",1701,"2021-02-06","forecast","1.01473588055885"
"exdqlm_multivar_synth_keep","draw_109",1701,"2021-02-07","forecast","0.927378038147587"
"exdqlm_multivar_synth_keep","draw_109",1701,"2021-02-08","forecast","1.19023317287013"
"exdqlm_multivar_synth_keep","draw_109",1701,"2021-02-09","forecast","0.875972145844720"
"exdqlm_multivar_synth_keep","draw_109",1701,"2021-02-10","forecast","1.63905108052658"
"exdqlm_multivar_synth_keep","draw_109",1701,"2021-02-11","forecast","1.24825462014716"
"exdqlm_multivar_synth_keep","draw_109",1701,"2021-02-12","forecast","1.20511762699893"
"exdqlm_multivar_synth_keep","draw_109",1701,"2021-02-13","forecast","1.01353033337134"
"exdqlm_multivar_synth_keep","draw_109",1701,"2021-02-14","forecast","1.34759171599301"
"exdqlm_multivar_synth_keep","draw_109",1701,"2021-02-15","forecast","1.28194855758884"
"exdqlm_multivar_synth_keep","draw_109",1701,"2021-02-16","forecast","1.43234295139470"
"exdqlm_multivar_synth_keep","draw_109",1701,"2021-02-17","forecast","1.02853258289309"
"exdqlm_multivar_synth_keep","draw_109",1701,"2021-02-18","forecast","1.02443759991618"
"exdqlm_multivar_synth_keep","draw_109",1701,"2021-02-19","forecast","0.884237587385276"
"exdqlm_multivar_synth_keep","draw_109",1701,"2021-02-20","forecast","1.13396132163045"
"exdqlm_multivar_synth_keep","draw_110",1717,"2021-01-24","forecast","0.376036130963627"
"exdqlm_multivar_synth_keep","draw_110",1717,"2021-01-25","forecast","0.671516920100626"
"exdqlm_multivar_synth_keep","draw_110",1717,"2021-01-26","forecast","0.605764318461024"
"exdqlm_multivar_synth_keep","draw_110",1717,"2021-01-27","forecast","3.03072076831089"
"exdqlm_multivar_synth_keep","draw_110",1717,"2021-01-28","forecast","3.63451925330919"
"exdqlm_multivar_synth_keep","draw_110",1717,"2021-01-29","forecast","3.88352156509967"
"exdqlm_multivar_synth_keep","draw_110",1717,"2021-01-30","forecast","2.01716086251855"
"exdqlm_multivar_synth_keep","draw_110",1717,"2021-01-31","forecast","1.50156338898459"
"exdqlm_multivar_synth_keep","draw_110",1717,"2021-02-01","forecast","1.23637053961220"
"exdqlm_multivar_synth_keep","draw_110",1717,"2021-02-02","forecast","1.76020535178249"
"exdqlm_multivar_synth_keep","draw_110",1717,"2021-02-03","forecast","1.45138852688038"
"exdqlm_multivar_synth_keep","draw_110",1717,"2021-02-04","forecast","1.27706733776187"
"exdqlm_multivar_synth_keep","draw_110",1717,"2021-02-05","forecast","1.31714907420562"
"exdqlm_multivar_synth_keep","draw_110",1717,"2021-02-06","forecast","1.02102403428015"
"exdqlm_multivar_synth_keep","draw_110",1717,"2021-02-07","forecast","0.927530862427786"
"exdqlm_multivar_synth_keep","draw_110",1717,"2021-02-08","forecast","1.20373988397161"
"exdqlm_multivar_synth_keep","draw_110",1717,"2021-02-09","forecast","0.883966359272883"
"exdqlm_multivar_synth_keep","draw_110",1717,"2021-02-10","forecast","1.64303847060128"
"exdqlm_multivar_synth_keep","draw_110",1717,"2021-02-11","forecast","1.26510066243572"
"exdqlm_multivar_synth_keep","draw_110",1717,"2021-02-12","forecast","1.21488717492532"
"exdqlm_multivar_synth_keep","draw_110",1717,"2021-02-13","forecast","1.02555127437560"
"exdqlm_multivar_synth_keep","draw_110",1717,"2021-02-14","forecast","1.35537737146948"
"exdqlm_multivar_synth_keep","draw_110",1717,"2021-02-15","forecast","1.30153261664649"
"exdqlm_multivar_synth_keep","draw_110",1717,"2021-02-16","forecast","1.45036083512345"
"exdqlm_multivar_synth_keep","draw_110",1717,"2021-02-17","forecast","1.03321739107558"
"exdqlm_multivar_synth_keep","draw_110",1717,"2021-02-18","forecast","1.03562466547192"
"exdqlm_multivar_synth_keep","draw_110",1717,"2021-02-19","forecast","0.902166175801776"
"exdqlm_multivar_synth_keep","draw_110",1717,"2021-02-20","forecast","1.14400377562379"
"exdqlm_multivar_synth_keep","draw_111",1732,"2021-01-24","forecast","0.391680287146645"
"exdqlm_multivar_synth_keep","draw_111",1732,"2021-01-25","forecast","0.681540859945013"
"exdqlm_multivar_synth_keep","draw_111",1732,"2021-01-26","forecast","0.619297952727168"
"exdqlm_multivar_synth_keep","draw_111",1732,"2021-01-27","forecast","3.06288558753950"
"exdqlm_multivar_synth_keep","draw_111",1732,"2021-01-28","forecast","3.68369005239414"
"exdqlm_multivar_synth_keep","draw_111",1732,"2021-01-29","forecast","3.94856783619141"
"exdqlm_multivar_synth_keep","draw_111",1732,"2021-01-30","forecast","2.03459379875493"
"exdqlm_multivar_synth_keep","draw_111",1732,"2021-01-31","forecast","1.53638975186501"
"exdqlm_multivar_synth_keep","draw_111",1732,"2021-02-01","forecast","1.25549574028767"
"exdqlm_multivar_synth_keep","draw_111",1732,"2021-02-02","forecast","1.77175693038793"
"exdqlm_multivar_synth_keep","draw_111",1732,"2021-02-03","forecast","1.45976384921298"
"exdqlm_multivar_synth_keep","draw_111",1732,"2021-02-04","forecast","1.28442858131136"
"exdqlm_multivar_synth_keep","draw_111",1732,"2021-02-05","forecast","1.33387900101155"
"exdqlm_multivar_synth_keep","draw_111",1732,"2021-02-06","forecast","1.02658802992013"
"exdqlm_multivar_synth_keep","draw_111",1732,"2021-02-07","forecast","0.927807919609719"
"exdqlm_multivar_synth_keep","draw_111",1732,"2021-02-08","forecast","1.21981301737323"
"exdqlm_multivar_synth_keep","draw_111",1732,"2021-02-09","forecast","0.887876896617947"
"exdqlm_multivar_synth_keep","draw_111",1732,"2021-02-10","forecast","1.64705414182791"
"exdqlm_multivar_synth_keep","draw_111",1732,"2021-02-11","forecast","1.28535299213320"
"exdqlm_multivar_synth_keep","draw_111",1732,"2021-02-12","forecast","1.21947223961642"
"exdqlm_multivar_synth_keep","draw_111",1732,"2021-02-13","forecast","1.03192500074957"
"exdqlm_multivar_synth_keep","draw_111",1732,"2021-02-14","forecast","1.36347323491753"
"exdqlm_multivar_synth_keep","draw_111",1732,"2021-02-15","forecast","1.32708980047243"
"exdqlm_multivar_synth_keep","draw_111",1732,"2021-02-16","forecast","1.47029758717857"
"exdqlm_multivar_synth_keep","draw_111",1732,"2021-02-17","forecast","1.04045375696024"
"exdqlm_multivar_synth_keep","draw_111",1732,"2021-02-18","forecast","1.04530241391668"
"exdqlm_multivar_synth_keep","draw_111",1732,"2021-02-19","forecast","0.923343120416368"
"exdqlm_multivar_synth_keep","draw_111",1732,"2021-02-20","forecast","1.15444001657286"
"exdqlm_multivar_synth_keep","draw_112",1748,"2021-01-24","forecast","0.401167806292092"
"exdqlm_multivar_synth_keep","draw_112",1748,"2021-01-25","forecast","0.697557450168209"
"exdqlm_multivar_synth_keep","draw_112",1748,"2021-01-26","forecast","0.636311508391962"
"exdqlm_multivar_synth_keep","draw_112",1748,"2021-01-27","forecast","3.09703200695954"
"exdqlm_multivar_synth_keep","draw_112",1748,"2021-01-28","forecast","3.72535383191860"
"exdqlm_multivar_synth_keep","draw_112",1748,"2021-01-29","forecast","4.00236790925741"
"exdqlm_multivar_synth_keep","draw_112",1748,"2021-01-30","forecast","2.06101123018447"
"exdqlm_multivar_synth_keep","draw_112",1748,"2021-01-31","forecast","1.57533765952011"
"exdqlm_multivar_synth_keep","draw_112",1748,"2021-02-01","forecast","1.27587485604087"
"exdqlm_multivar_synth_keep","draw_112",1748,"2021-02-02","forecast","1.78268968970209"
"exdqlm_multivar_synth_keep","draw_112",1748,"2021-02-03","forecast","1.46532735542098"
"exdqlm_multivar_synth_keep","draw_112",1748,"2021-02-04","forecast","1.29305367764776"
"exdqlm_multivar_synth_keep","draw_112",1748,"2021-02-05","forecast","1.36070246233400"
"exdqlm_multivar_synth_keep","draw_112",1748,"2021-02-06","forecast","1.03572193286404"
"exdqlm_multivar_synth_keep","draw_112",1748,"2021-02-07","forecast","0.928155185206698"
"exdqlm_multivar_synth_keep","draw_112",1748,"2021-02-08","forecast","1.23977685827863"
"exdqlm_multivar_synth_keep","draw_112",1748,"2021-02-09","forecast","0.893026752107541"
"exdqlm_multivar_synth_keep","draw_112",1748,"2021-02-10","forecast","1.65443122060780"
"exdqlm_multivar_synth_keep","draw_112",1748,"2021-02-11","forecast","1.30590855086209"
"exdqlm_multivar_synth_keep","draw_112",1748,"2021-02-12","forecast","1.22987899135934"
"exdqlm_multivar_synth_keep","draw_112",1748,"2021-02-13","forecast","1.04085138728823"
"exdqlm_multivar_synth_keep","draw_112",1748,"2021-02-14","forecast","1.36776793378991"
"exdqlm_multivar_synth_keep","draw_112",1748,"2021-02-15","forecast","1.34737001917500"
"exdqlm_multivar_synth_keep","draw_112",1748,"2021-02-16","forecast","1.48474448578435"
"exdqlm_multivar_synth_keep","draw_112",1748,"2021-02-17","forecast","1.04983080774073"
"exdqlm_multivar_synth_keep","draw_112",1748,"2021-02-18","forecast","1.05519702228663"
"exdqlm_multivar_synth_keep","draw_112",1748,"2021-02-19","forecast","0.940600295554625"
"exdqlm_multivar_synth_keep","draw_112",1748,"2021-02-20","forecast","1.16783476553578"
"exdqlm_multivar_synth_keep","draw_113",1764,"2021-01-24","forecast","0.411801688554506"
"exdqlm_multivar_synth_keep","draw_113",1764,"2021-01-25","forecast","0.712787246998162"
"exdqlm_multivar_synth_keep","draw_113",1764,"2021-01-26","forecast","0.661887169905997"
"exdqlm_multivar_synth_keep","draw_113",1764,"2021-01-27","forecast","3.14944045562189"
"exdqlm_multivar_synth_keep","draw_113",1764,"2021-01-28","forecast","3.76540494434425"
"exdqlm_multivar_synth_keep","draw_113",1764,"2021-01-29","forecast","4.06360680781406"
"exdqlm_multivar_synth_keep","draw_113",1764,"2021-01-30","forecast","2.08989994782186"
"exdqlm_multivar_synth_keep","draw_113",1764,"2021-01-31","forecast","1.61752692404005"
"exdqlm_multivar_synth_keep","draw_113",1764,"2021-02-01","forecast","1.29168370756948"
"exdqlm_multivar_synth_keep","draw_113",1764,"2021-02-02","forecast","1.79740362551882"
"exdqlm_multivar_synth_keep","draw_113",1764,"2021-02-03","forecast","1.47623042673385"
"exdqlm_multivar_synth_keep","draw_113",1764,"2021-02-04","forecast","1.30150839796181"
"exdqlm_multivar_synth_keep","draw_113",1764,"2021-02-05","forecast","1.38573160856817"
"exdqlm_multivar_synth_keep","draw_113",1764,"2021-02-06","forecast","1.04582675004796"
"exdqlm_multivar_synth_keep","draw_113",1764,"2021-02-07","forecast","0.929077874707290"
"exdqlm_multivar_synth_keep","draw_113",1764,"2021-02-08","forecast","1.25931100445815"
"exdqlm_multivar_synth_keep","draw_113",1764,"2021-02-09","forecast","0.896698325138437"
"exdqlm_multivar_synth_keep","draw_113",1764,"2021-02-10","forecast","1.66280633780515"
"exdqlm_multivar_synth_keep","draw_113",1764,"2021-02-11","forecast","1.32438665716102"
"exdqlm_multivar_synth_keep","draw_113",1764,"2021-02-12","forecast","1.24512805741680"
"exdqlm_multivar_synth_keep","draw_113",1764,"2021-02-13","forecast","1.04686633107161"
"exdqlm_multivar_synth_keep","draw_113",1764,"2021-02-14","forecast","1.37524090579010"
"exdqlm_multivar_synth_keep","draw_113",1764,"2021-02-15","forecast","1.36281486900698"
"exdqlm_multivar_synth_keep","draw_113",1764,"2021-02-16","forecast","1.49854273366637"
"exdqlm_multivar_synth_keep","draw_113",1764,"2021-02-17","forecast","1.05639504137136"
"exdqlm_multivar_synth_keep","draw_113",1764,"2021-02-18","forecast","1.06756237391134"
"exdqlm_multivar_synth_keep","draw_113",1764,"2021-02-19","forecast","0.957579379413025"
"exdqlm_multivar_synth_keep","draw_113",1764,"2021-02-20","forecast","1.17691155264668"
"exdqlm_multivar_synth_keep","draw_114",1780,"2021-01-24","forecast","0.426604605286519"
"exdqlm_multivar_synth_keep","draw_114",1780,"2021-01-25","forecast","0.729131111815479"
"exdqlm_multivar_synth_keep","draw_114",1780,"2021-01-26","forecast","0.678675955407945"
"exdqlm_multivar_synth_keep","draw_114",1780,"2021-01-27","forecast","3.18761661213913"
"exdqlm_multivar_synth_keep","draw_114",1780,"2021-01-28","forecast","3.81347698298747"
"exdqlm_multivar_synth_keep","draw_114",1780,"2021-01-29","forecast","4.10990734369893"
"exdqlm_multivar_synth_keep","draw_114",1780,"2021-01-30","forecast","2.10887903355764"
"exdqlm_multivar_synth_keep","draw_114",1780,"2021-01-31","forecast","1.64322409595148"
"exdqlm_multivar_synth_keep","draw_114",1780,"2021-02-01","forecast","1.31131170159529"
"exdqlm_multivar_synth_keep","draw_114",1780,"2021-02-02","forecast","1.80756879461891"
"exdqlm_multivar_synth_keep","draw_114",1780,"2021-02-03","forecast","1.48218492809728"
"exdqlm_multivar_synth_keep","draw_114",1780,"2021-02-04","forecast","1.30781264732789"
"exdqlm_multivar_synth_keep","draw_114",1780,"2021-02-05","forecast","1.40119095841475"
"exdqlm_multivar_synth_keep","draw_114",1780,"2021-02-06","forecast","1.05794214674933"
"exdqlm_multivar_synth_keep","draw_114",1780,"2021-02-07","forecast","0.930158114501813"
"exdqlm_multivar_synth_keep","draw_114",1780,"2021-02-08","forecast","1.28645998622630"
"exdqlm_multivar_synth_keep","draw_114",1780,"2021-02-09","forecast","0.904784022241551"
"exdqlm_multivar_synth_keep","draw_114",1780,"2021-02-10","forecast","1.67233500715871"
"exdqlm_multivar_synth_keep","draw_114",1780,"2021-02-11","forecast","1.33900643090933"
"exdqlm_multivar_synth_keep","draw_114",1780,"2021-02-12","forecast","1.25328750830186"
"exdqlm_multivar_synth_keep","draw_114",1780,"2021-02-13","forecast","1.05519569829461"
"exdqlm_multivar_synth_keep","draw_114",1780,"2021-02-14","forecast","1.38365566557981"
"exdqlm_multivar_synth_keep","draw_114",1780,"2021-02-15","forecast","1.38037366815106"
"exdqlm_multivar_synth_keep","draw_114",1780,"2021-02-16","forecast","1.51411615215152"
"exdqlm_multivar_synth_keep","draw_114",1780,"2021-02-17","forecast","1.06889218076669"
"exdqlm_multivar_synth_keep","draw_114",1780,"2021-02-18","forecast","1.08253039487840"
"exdqlm_multivar_synth_keep","draw_114",1780,"2021-02-19","forecast","0.970633204657130"
"exdqlm_multivar_synth_keep","draw_114",1780,"2021-02-20","forecast","1.18353805924344"
"exdqlm_multivar_synth_keep","draw_115",1795,"2021-01-24","forecast","0.439775904017318"
"exdqlm_multivar_synth_keep","draw_115",1795,"2021-01-25","forecast","0.749699526073777"
"exdqlm_multivar_synth_keep","draw_115",1795,"2021-01-26","forecast","0.695764081544030"
"exdqlm_multivar_synth_keep","draw_115",1795,"2021-01-27","forecast","3.22339409881193"
"exdqlm_multivar_synth_keep","draw_115",1795,"2021-01-28","forecast","3.85341439130236"
"exdqlm_multivar_synth_keep","draw_115",1795,"2021-01-29","forecast","4.16538376469884"
"exdqlm_multivar_synth_keep","draw_115",1795,"2021-01-30","forecast","2.13407321601119"
"exdqlm_multivar_synth_keep","draw_115",1795,"2021-01-31","forecast","1.67479396516673"
"exdqlm_multivar_synth_keep","draw_115",1795,"2021-02-01","forecast","1.32828086236515"
"exdqlm_multivar_synth_keep","draw_115",1795,"2021-02-02","forecast","1.81649456059449"
"exdqlm_multivar_synth_keep","draw_115",1795,"2021-02-03","forecast","1.49075777730932"
"exdqlm_multivar_synth_keep","draw_115",1795,"2021-02-04","forecast","1.31807600083925"
"exdqlm_multivar_synth_keep","draw_115",1795,"2021-02-05","forecast","1.41524131199371"
"exdqlm_multivar_synth_keep","draw_115",1795,"2021-02-06","forecast","1.06466774009672"
"exdqlm_multivar_synth_keep","draw_115",1795,"2021-02-07","forecast","0.930648973520097"
"exdqlm_multivar_synth_keep","draw_115",1795,"2021-02-08","forecast","1.30657140332532"
"exdqlm_multivar_synth_keep","draw_115",1795,"2021-02-09","forecast","0.911008983276994"
"exdqlm_multivar_synth_keep","draw_115",1795,"2021-02-10","forecast","1.67985435720684"
"exdqlm_multivar_synth_keep","draw_115",1795,"2021-02-11","forecast","1.35356281248783"
"exdqlm_multivar_synth_keep","draw_115",1795,"2021-02-12","forecast","1.26407989329758"
"exdqlm_multivar_synth_keep","draw_115",1795,"2021-02-13","forecast","1.06361064518641"
"exdqlm_multivar_synth_keep","draw_115",1795,"2021-02-14","forecast","1.38772351574649"
"exdqlm_multivar_synth_keep","draw_115",1795,"2021-02-15","forecast","1.39274012031388"
"exdqlm_multivar_synth_keep","draw_115",1795,"2021-02-16","forecast","1.53802847959640"
"exdqlm_multivar_synth_keep","draw_115",1795,"2021-02-17","forecast","1.07365084046271"
"exdqlm_multivar_synth_keep","draw_115",1795,"2021-02-18","forecast","1.09713904339075"
"exdqlm_multivar_synth_keep","draw_115",1795,"2021-02-19","forecast","0.989838146704779"
"exdqlm_multivar_synth_keep","draw_115",1795,"2021-02-20","forecast","1.19197425907722"
"exdqlm_multivar_synth_keep","draw_116",1811,"2021-01-24","forecast","0.457413485842237"
"exdqlm_multivar_synth_keep","draw_116",1811,"2021-01-25","forecast","0.773068945054246"
"exdqlm_multivar_synth_keep","draw_116",1811,"2021-01-26","forecast","0.724868625362297"
"exdqlm_multivar_synth_keep","draw_116",1811,"2021-01-27","forecast","3.25503283581311"
"exdqlm_multivar_synth_keep","draw_116",1811,"2021-01-28","forecast","3.89847969529210"
"exdqlm_multivar_synth_keep","draw_116",1811,"2021-01-29","forecast","4.21551004481251"
"exdqlm_multivar_synth_keep","draw_116",1811,"2021-01-30","forecast","2.15974375372327"
"exdqlm_multivar_synth_keep","draw_116",1811,"2021-01-31","forecast","1.72244496836810"
"exdqlm_multivar_synth_keep","draw_116",1811,"2021-02-01","forecast","1.35138061729423"
"exdqlm_multivar_synth_keep","draw_116",1811,"2021-02-02","forecast","1.82547068393918"
"exdqlm_multivar_synth_keep","draw_116",1811,"2021-02-03","forecast","1.49788608899530"
"exdqlm_multivar_synth_keep","draw_116",1811,"2021-02-04","forecast","1.33089959768796"
"exdqlm_multivar_synth_keep","draw_116",1811,"2021-02-05","forecast","1.43570428839503"
"exdqlm_multivar_synth_keep","draw_116",1811,"2021-02-06","forecast","1.07374636229019"
"exdqlm_multivar_synth_keep","draw_116",1811,"2021-02-07","forecast","0.931228224720453"
"exdqlm_multivar_synth_keep","draw_116",1811,"2021-02-08","forecast","1.32521556605576"
"exdqlm_multivar_synth_keep","draw_116",1811,"2021-02-09","forecast","0.914984740434086"
"exdqlm_multivar_synth_keep","draw_116",1811,"2021-02-10","forecast","1.68464819099289"
"exdqlm_multivar_synth_keep","draw_116",1811,"2021-02-11","forecast","1.37478832560531"
"exdqlm_multivar_synth_keep","draw_116",1811,"2021-02-12","forecast","1.27939340239457"
"exdqlm_multivar_synth_keep","draw_116",1811,"2021-02-13","forecast","1.07126386225348"
"exdqlm_multivar_synth_keep","draw_116",1811,"2021-02-14","forecast","1.39994611103889"
"exdqlm_multivar_synth_keep","draw_116",1811,"2021-02-15","forecast","1.40942988649967"
"exdqlm_multivar_synth_keep","draw_116",1811,"2021-02-16","forecast","1.56686347332016"
"exdqlm_multivar_synth_keep","draw_116",1811,"2021-02-17","forecast","1.08356560374266"
"exdqlm_multivar_synth_keep","draw_116",1811,"2021-02-18","forecast","1.10519490774214"
"exdqlm_multivar_synth_keep","draw_116",1811,"2021-02-19","forecast","1.00026187618760"
"exdqlm_multivar_synth_keep","draw_116",1811,"2021-02-20","forecast","1.20097811850659"
"exdqlm_multivar_synth_keep","draw_117",1827,"2021-01-24","forecast","0.473493073922986"
"exdqlm_multivar_synth_keep","draw_117",1827,"2021-01-25","forecast","0.798240602766038"
"exdqlm_multivar_synth_keep","draw_117",1827,"2021-01-26","forecast","0.745900147897183"
"exdqlm_multivar_synth_keep","draw_117",1827,"2021-01-27","forecast","3.32228174580020"
"exdqlm_multivar_synth_keep","draw_117",1827,"2021-01-28","forecast","3.93272265521819"
"exdqlm_multivar_synth_keep","draw_117",1827,"2021-01-29","forecast","4.27275871648053"
"exdqlm_multivar_synth_keep","draw_117",1827,"2021-01-30","forecast","2.18322705015603"
"exdqlm_multivar_synth_keep","draw_117",1827,"2021-01-31","forecast","1.74608824382129"
"exdqlm_multivar_synth_keep","draw_117",1827,"2021-02-01","forecast","1.36862075467085"
"exdqlm_multivar_synth_keep","draw_117",1827,"2021-02-02","forecast","1.83317993988444"
"exdqlm_multivar_synth_keep","draw_117",1827,"2021-02-03","forecast","1.50789031627525"
"exdqlm_multivar_synth_keep","draw_117",1827,"2021-02-04","forecast","1.34000635367649"
"exdqlm_multivar_synth_keep","draw_117",1827,"2021-02-05","forecast","1.45207299438077"
"exdqlm_multivar_synth_keep","draw_117",1827,"2021-02-06","forecast","1.08778040114082"
"exdqlm_multivar_synth_keep","draw_117",1827,"2021-02-07","forecast","0.931820305039440"
"exdqlm_multivar_synth_keep","draw_117",1827,"2021-02-08","forecast","1.34614152118403"
"exdqlm_multivar_synth_keep","draw_117",1827,"2021-02-09","forecast","0.924440523147773"
"exdqlm_multivar_synth_keep","draw_117",1827,"2021-02-10","forecast","1.69025476988021"
"exdqlm_multivar_synth_keep","draw_117",1827,"2021-02-11","forecast","1.38894527919866"
"exdqlm_multivar_synth_keep","draw_117",1827,"2021-02-12","forecast","1.29057780413358"
"exdqlm_multivar_synth_keep","draw_117",1827,"2021-02-13","forecast","1.07872528376640"
"exdqlm_multivar_synth_keep","draw_117",1827,"2021-02-14","forecast","1.40936552560316"
"exdqlm_multivar_synth_keep","draw_117",1827,"2021-02-15","forecast","1.43240307090592"
"exdqlm_multivar_synth_keep","draw_117",1827,"2021-02-16","forecast","1.59315491390907"
"exdqlm_multivar_synth_keep","draw_117",1827,"2021-02-17","forecast","1.09438717459411"
"exdqlm_multivar_synth_keep","draw_117",1827,"2021-02-18","forecast","1.11766945741796"
"exdqlm_multivar_synth_keep","draw_117",1827,"2021-02-19","forecast","1.01544737671220"
"exdqlm_multivar_synth_keep","draw_117",1827,"2021-02-20","forecast","1.21292004343016"
"exdqlm_multivar_synth_keep","draw_118",1843,"2021-01-24","forecast","0.482542535025370"
"exdqlm_multivar_synth_keep","draw_118",1843,"2021-01-25","forecast","0.825282003624434"
"exdqlm_multivar_synth_keep","draw_118",1843,"2021-01-26","forecast","0.762523923859814"
"exdqlm_multivar_synth_keep","draw_118",1843,"2021-01-27","forecast","3.35056292320427"
"exdqlm_multivar_synth_keep","draw_118",1843,"2021-01-28","forecast","3.98149881328451"
"exdqlm_multivar_synth_keep","draw_118",1843,"2021-01-29","forecast","4.32448132583014"
"exdqlm_multivar_synth_keep","draw_118",1843,"2021-01-30","forecast","2.19889411452051"
"exdqlm_multivar_synth_keep","draw_118",1843,"2021-01-31","forecast","1.77792262410377"
"exdqlm_multivar_synth_keep","draw_118",1843,"2021-02-01","forecast","1.38165648351035"
"exdqlm_multivar_synth_keep","draw_118",1843,"2021-02-02","forecast","1.85097372580274"
"exdqlm_multivar_synth_keep","draw_118",1843,"2021-02-03","forecast","1.51725047670655"
"exdqlm_multivar_synth_keep","draw_118",1843,"2021-02-04","forecast","1.34717384292602"
"exdqlm_multivar_synth_keep","draw_118",1843,"2021-02-05","forecast","1.47864280931967"
"exdqlm_multivar_synth_keep","draw_118",1843,"2021-02-06","forecast","1.09880553633725"
"exdqlm_multivar_synth_keep","draw_118",1843,"2021-02-07","forecast","0.932741769154499"
"exdqlm_multivar_synth_keep","draw_118",1843,"2021-02-08","forecast","1.37027239385455"
"exdqlm_multivar_synth_keep","draw_118",1843,"2021-02-09","forecast","0.929746073434909"
"exdqlm_multivar_synth_keep","draw_118",1843,"2021-02-10","forecast","1.69516708210392"
"exdqlm_multivar_synth_keep","draw_118",1843,"2021-02-11","forecast","1.41317518861068"
"exdqlm_multivar_synth_keep","draw_118",1843,"2021-02-12","forecast","1.29920626444260"
"exdqlm_multivar_synth_keep","draw_118",1843,"2021-02-13","forecast","1.09001970575636"
"exdqlm_multivar_synth_keep","draw_118",1843,"2021-02-14","forecast","1.41948464006421"
"exdqlm_multivar_synth_keep","draw_118",1843,"2021-02-15","forecast","1.45029132505785"
"exdqlm_multivar_synth_keep","draw_118",1843,"2021-02-16","forecast","1.60780947673121"
"exdqlm_multivar_synth_keep","draw_118",1843,"2021-02-17","forecast","1.10084607266713"
"exdqlm_multivar_synth_keep","draw_118",1843,"2021-02-18","forecast","1.13353427712175"
"exdqlm_multivar_synth_keep","draw_118",1843,"2021-02-19","forecast","1.03468713139461"
"exdqlm_multivar_synth_keep","draw_118",1843,"2021-02-20","forecast","1.22053188812712"
"exdqlm_multivar_synth_keep","draw_119",1858,"2021-01-24","forecast","0.492759995006985"
"exdqlm_multivar_synth_keep","draw_119",1858,"2021-01-25","forecast","0.839194936875486"
"exdqlm_multivar_synth_keep","draw_119",1858,"2021-01-26","forecast","0.789512107129279"
"exdqlm_multivar_synth_keep","draw_119",1858,"2021-01-27","forecast","3.38229454516474"
"exdqlm_multivar_synth_keep","draw_119",1858,"2021-01-28","forecast","4.05201497477484"
"exdqlm_multivar_synth_keep","draw_119",1858,"2021-01-29","forecast","4.37585218328309"
"exdqlm_multivar_synth_keep","draw_119",1858,"2021-01-30","forecast","2.23005709422945"
"exdqlm_multivar_synth_keep","draw_119",1858,"2021-01-31","forecast","1.81642171925859"
"exdqlm_multivar_synth_keep","draw_119",1858,"2021-02-01","forecast","1.39509825605251"
"exdqlm_multivar_synth_keep","draw_119",1858,"2021-02-02","forecast","1.86024448243990"
"exdqlm_multivar_synth_keep","draw_119",1858,"2021-02-03","forecast","1.52725725913573"
"exdqlm_multivar_synth_keep","draw_119",1858,"2021-02-04","forecast","1.35828969558726"
"exdqlm_multivar_synth_keep","draw_119",1858,"2021-02-05","forecast","1.50356989505868"
"exdqlm_multivar_synth_keep","draw_119",1858,"2021-02-06","forecast","1.11016759544470"
"exdqlm_multivar_synth_keep","draw_119",1858,"2021-02-07","forecast","0.933078656043541"
"exdqlm_multivar_synth_keep","draw_119",1858,"2021-02-08","forecast","1.39033884940051"
"exdqlm_multivar_synth_keep","draw_119",1858,"2021-02-09","forecast","0.934836389212021"
"exdqlm_multivar_synth_keep","draw_119",1858,"2021-02-10","forecast","1.70291135722012"
"exdqlm_multivar_synth_keep","draw_119",1858,"2021-02-11","forecast","1.42869743068550"
"exdqlm_multivar_synth_keep","draw_119",1858,"2021-02-12","forecast","1.30769217587482"
"exdqlm_multivar_synth_keep","draw_119",1858,"2021-02-13","forecast","1.10421679613057"
"exdqlm_multivar_synth_keep","draw_119",1858,"2021-02-14","forecast","1.43072680051470"
"exdqlm_multivar_synth_keep","draw_119",1858,"2021-02-15","forecast","1.47227956512122"
"exdqlm_multivar_synth_keep","draw_119",1858,"2021-02-16","forecast","1.62779496948469"
"exdqlm_multivar_synth_keep","draw_119",1858,"2021-02-17","forecast","1.10988689462031"
"exdqlm_multivar_synth_keep","draw_119",1858,"2021-02-18","forecast","1.14299315810328"
"exdqlm_multivar_synth_keep","draw_119",1858,"2021-02-19","forecast","1.04711413516543"
"exdqlm_multivar_synth_keep","draw_119",1858,"2021-02-20","forecast","1.22915175130981"
"exdqlm_multivar_synth_keep","draw_120",1874,"2021-01-24","forecast","0.506692112874430"
"exdqlm_multivar_synth_keep","draw_120",1874,"2021-01-25","forecast","0.854431844190263"
"exdqlm_multivar_synth_keep","draw_120",1874,"2021-01-26","forecast","0.802837845945886"
"exdqlm_multivar_synth_keep","draw_120",1874,"2021-01-27","forecast","3.42801623603595"
"exdqlm_multivar_synth_keep","draw_120",1874,"2021-01-28","forecast","4.08680961496468"
"exdqlm_multivar_synth_keep","draw_120",1874,"2021-01-29","forecast","4.43344185193454"
"exdqlm_multivar_synth_keep","draw_120",1874,"2021-01-30","forecast","2.24954773227726"
"exdqlm_multivar_synth_keep","draw_120",1874,"2021-01-31","forecast","1.85746121926619"
"exdqlm_multivar_synth_keep","draw_120",1874,"2021-02-01","forecast","1.41098653322728"
"exdqlm_multivar_synth_keep","draw_120",1874,"2021-02-02","forecast","1.87112320982891"
"exdqlm_multivar_synth_keep","draw_120",1874,"2021-02-03","forecast","1.53656057743834"
"exdqlm_multivar_synth_keep","draw_120",1874,"2021-02-04","forecast","1.36948443155718"
"exdqlm_multivar_synth_keep","draw_120",1874,"2021-02-05","forecast","1.53497133970426"
"exdqlm_multivar_synth_keep","draw_120",1874,"2021-02-06","forecast","1.12829407285530"
"exdqlm_multivar_synth_keep","draw_120",1874,"2021-02-07","forecast","0.933224794126342"
"exdqlm_multivar_synth_keep","draw_120",1874,"2021-02-08","forecast","1.41290352241556"
"exdqlm_multivar_synth_keep","draw_120",1874,"2021-02-09","forecast","0.940676391840423"
"exdqlm_multivar_synth_keep","draw_120",1874,"2021-02-10","forecast","1.70895366276697"
"exdqlm_multivar_synth_keep","draw_120",1874,"2021-02-11","forecast","1.44697099009808"
"exdqlm_multivar_synth_keep","draw_120",1874,"2021-02-12","forecast","1.31659085851050"
"exdqlm_multivar_synth_keep","draw_120",1874,"2021-02-13","forecast","1.11017483785644"
"exdqlm_multivar_synth_keep","draw_120",1874,"2021-02-14","forecast","1.43935549082403"
"exdqlm_multivar_synth_keep","draw_120",1874,"2021-02-15","forecast","1.49631259793681"
"exdqlm_multivar_synth_keep","draw_120",1874,"2021-02-16","forecast","1.64617720042070"
"exdqlm_multivar_synth_keep","draw_120",1874,"2021-02-17","forecast","1.11988332620759"
"exdqlm_multivar_synth_keep","draw_120",1874,"2021-02-18","forecast","1.15489300905099"
"exdqlm_multivar_synth_keep","draw_120",1874,"2021-02-19","forecast","1.06216175665635"
"exdqlm_multivar_synth_keep","draw_120",1874,"2021-02-20","forecast","1.23869657893618"
"exdqlm_multivar_synth_keep","draw_121",1890,"2021-01-24","forecast","0.521903796986969"
"exdqlm_multivar_synth_keep","draw_121",1890,"2021-01-25","forecast","0.876116428021595"
"exdqlm_multivar_synth_keep","draw_121",1890,"2021-01-26","forecast","0.822153079986237"
"exdqlm_multivar_synth_keep","draw_121",1890,"2021-01-27","forecast","3.43067858393161"
"exdqlm_multivar_synth_keep","draw_121",1890,"2021-01-28","forecast","4.13025138426292"
"exdqlm_multivar_synth_keep","draw_121",1890,"2021-01-29","forecast","4.49080418049808"
"exdqlm_multivar_synth_keep","draw_121",1890,"2021-01-30","forecast","2.27479747822062"
"exdqlm_multivar_synth_keep","draw_121",1890,"2021-01-31","forecast","1.89607894630124"
"exdqlm_multivar_synth_keep","draw_121",1890,"2021-02-01","forecast","1.42990095854939"
"exdqlm_multivar_synth_keep","draw_121",1890,"2021-02-02","forecast","1.89112602491512"
"exdqlm_multivar_synth_keep","draw_121",1890,"2021-02-03","forecast","1.54642262083161"
"exdqlm_multivar_synth_keep","draw_121",1890,"2021-02-04","forecast","1.38155953444571"
"exdqlm_multivar_synth_keep","draw_121",1890,"2021-02-05","forecast","1.54667329767532"
"exdqlm_multivar_synth_keep","draw_121",1890,"2021-02-06","forecast","1.13402731845626"
"exdqlm_multivar_synth_keep","draw_121",1890,"2021-02-07","forecast","0.933737497967688"
"exdqlm_multivar_synth_keep","draw_121",1890,"2021-02-08","forecast","1.42153749714190"
"exdqlm_multivar_synth_keep","draw_121",1890,"2021-02-09","forecast","0.951182614038119"
"exdqlm_multivar_synth_keep","draw_121",1890,"2021-02-10","forecast","1.71566575918997"
"exdqlm_multivar_synth_keep","draw_121",1890,"2021-02-11","forecast","1.46987014165530"
"exdqlm_multivar_synth_keep","draw_121",1890,"2021-02-12","forecast","1.33702144351433"
"exdqlm_multivar_synth_keep","draw_121",1890,"2021-02-13","forecast","1.12075534868419"
"exdqlm_multivar_synth_keep","draw_121",1890,"2021-02-14","forecast","1.44858858753381"
"exdqlm_multivar_synth_keep","draw_121",1890,"2021-02-15","forecast","1.51116047812864"
"exdqlm_multivar_synth_keep","draw_121",1890,"2021-02-16","forecast","1.67309423370469"
"exdqlm_multivar_synth_keep","draw_121",1890,"2021-02-17","forecast","1.13978549758391"
"exdqlm_multivar_synth_keep","draw_121",1890,"2021-02-18","forecast","1.16768143384928"
"exdqlm_multivar_synth_keep","draw_121",1890,"2021-02-19","forecast","1.09058891779686"
"exdqlm_multivar_synth_keep","draw_121",1890,"2021-02-20","forecast","1.25354767073257"
"exdqlm_multivar_synth_keep","draw_122",1906,"2021-01-24","forecast","0.547911389330083"
"exdqlm_multivar_synth_keep","draw_122",1906,"2021-01-25","forecast","0.891672203822781"
"exdqlm_multivar_synth_keep","draw_122",1906,"2021-01-26","forecast","0.833991088079044"
"exdqlm_multivar_synth_keep","draw_122",1906,"2021-01-27","forecast","3.43468679979758"
"exdqlm_multivar_synth_keep","draw_122",1906,"2021-01-28","forecast","4.17580155456055"
"exdqlm_multivar_synth_keep","draw_122",1906,"2021-01-29","forecast","4.52505077043744"
"exdqlm_multivar_synth_keep","draw_122",1906,"2021-01-30","forecast","2.29081987918037"
"exdqlm_multivar_synth_keep","draw_122",1906,"2021-01-31","forecast","1.93822770343891"
"exdqlm_multivar_synth_keep","draw_122",1906,"2021-02-01","forecast","1.43692657996211"
"exdqlm_multivar_synth_keep","draw_122",1906,"2021-02-02","forecast","1.89832113581816"
"exdqlm_multivar_synth_keep","draw_122",1906,"2021-02-03","forecast","1.55296263351205"
"exdqlm_multivar_synth_keep","draw_122",1906,"2021-02-04","forecast","1.39812131621777"
"exdqlm_multivar_synth_keep","draw_122",1906,"2021-02-05","forecast","1.55867714275595"
"exdqlm_multivar_synth_keep","draw_122",1906,"2021-02-06","forecast","1.14503308396671"
"exdqlm_multivar_synth_keep","draw_122",1906,"2021-02-07","forecast","0.944198743647660"
"exdqlm_multivar_synth_keep","draw_122",1906,"2021-02-08","forecast","1.43412421813837"
"exdqlm_multivar_synth_keep","draw_122",1906,"2021-02-09","forecast","0.962907746091691"
"exdqlm_multivar_synth_keep","draw_122",1906,"2021-02-10","forecast","1.72413258616972"
"exdqlm_multivar_synth_keep","draw_122",1906,"2021-02-11","forecast","1.48252709197524"
"exdqlm_multivar_synth_keep","draw_122",1906,"2021-02-12","forecast","1.34286478190512"
"exdqlm_multivar_synth_keep","draw_122",1906,"2021-02-13","forecast","1.13048554594176"
"exdqlm_multivar_synth_keep","draw_122",1906,"2021-02-14","forecast","1.45644414807588"
"exdqlm_multivar_synth_keep","draw_122",1906,"2021-02-15","forecast","1.52318774706817"
"exdqlm_multivar_synth_keep","draw_122",1906,"2021-02-16","forecast","1.69452725151466"
"exdqlm_multivar_synth_keep","draw_122",1906,"2021-02-17","forecast","1.15094283084061"
"exdqlm_multivar_synth_keep","draw_122",1906,"2021-02-18","forecast","1.18271935754175"
"exdqlm_multivar_synth_keep","draw_122",1906,"2021-02-19","forecast","1.10939696894321"
"exdqlm_multivar_synth_keep","draw_122",1906,"2021-02-20","forecast","1.26596686169925"
"exdqlm_multivar_synth_keep","draw_123",1921,"2021-01-24","forecast","0.554374997844103"
"exdqlm_multivar_synth_keep","draw_123",1921,"2021-01-25","forecast","0.900142737502156"
"exdqlm_multivar_synth_keep","draw_123",1921,"2021-01-26","forecast","0.840753014390473"
"exdqlm_multivar_synth_keep","draw_123",1921,"2021-01-27","forecast","3.44231372410606"
"exdqlm_multivar_synth_keep","draw_123",1921,"2021-01-28","forecast","4.18567956177664"
"exdqlm_multivar_synth_keep","draw_123",1921,"2021-01-29","forecast","4.56154382984443"
"exdqlm_multivar_synth_keep","draw_123",1921,"2021-01-30","forecast","2.29768030752174"
"exdqlm_multivar_synth_keep","draw_123",1921,"2021-01-31","forecast","1.94203046890281"
"exdqlm_multivar_synth_keep","draw_123",1921,"2021-02-01","forecast","1.44096712842175"
"exdqlm_multivar_synth_keep","draw_123",1921,"2021-02-02","forecast","1.90246817757274"
"exdqlm_multivar_synth_keep","draw_123",1921,"2021-02-03","forecast","1.56167182389337"
"exdqlm_multivar_synth_keep","draw_123",1921,"2021-02-04","forecast","1.40576149843474"
"exdqlm_multivar_synth_keep","draw_123",1921,"2021-02-05","forecast","1.56479298661668"
"exdqlm_multivar_synth_keep","draw_123",1921,"2021-02-06","forecast","1.15056471630137"
"exdqlm_multivar_synth_keep","draw_123",1921,"2021-02-07","forecast","0.951600124288584"
"exdqlm_multivar_synth_keep","draw_123",1921,"2021-02-08","forecast","1.44630049934652"
"exdqlm_multivar_synth_keep","draw_123",1921,"2021-02-09","forecast","0.968802461055555"
"exdqlm_multivar_synth_keep","draw_123",1921,"2021-02-10","forecast","1.72890415178818"
"exdqlm_multivar_synth_keep","draw_123",1921,"2021-02-11","forecast","1.48950643644626"
"exdqlm_multivar_synth_keep","draw_123",1921,"2021-02-12","forecast","1.34923753893485"
"exdqlm_multivar_synth_keep","draw_123",1921,"2021-02-13","forecast","1.14197538686329"
"exdqlm_multivar_synth_keep","draw_123",1921,"2021-02-14","forecast","1.46287279768926"
"exdqlm_multivar_synth_keep","draw_123",1921,"2021-02-15","forecast","1.53303204156199"
"exdqlm_multivar_synth_keep","draw_123",1921,"2021-02-16","forecast","1.70861747133757"
"exdqlm_multivar_synth_keep","draw_123",1921,"2021-02-17","forecast","1.16108280439603"
"exdqlm_multivar_synth_keep","draw_123",1921,"2021-02-18","forecast","1.18880614565883"
"exdqlm_multivar_synth_keep","draw_123",1921,"2021-02-19","forecast","1.11421518136196"
"exdqlm_multivar_synth_keep","draw_123",1921,"2021-02-20","forecast","1.27780496921419"
"exdqlm_multivar_synth_keep","draw_124",1937,"2021-01-24","forecast","0.558679920416359"
"exdqlm_multivar_synth_keep","draw_124",1937,"2021-01-25","forecast","0.903895062722478"
"exdqlm_multivar_synth_keep","draw_124",1937,"2021-01-26","forecast","0.845143499306823"
"exdqlm_multivar_synth_keep","draw_124",1937,"2021-01-27","forecast","3.45014200071071"
"exdqlm_multivar_synth_keep","draw_124",1937,"2021-01-28","forecast","4.19309813921402"
"exdqlm_multivar_synth_keep","draw_124",1937,"2021-01-29","forecast","4.57165970037324"
"exdqlm_multivar_synth_keep","draw_124",1937,"2021-01-30","forecast","2.30774984880542"
"exdqlm_multivar_synth_keep","draw_124",1937,"2021-01-31","forecast","1.95029834470729"
"exdqlm_multivar_synth_keep","draw_124",1937,"2021-02-01","forecast","1.45230888049061"
"exdqlm_multivar_synth_keep","draw_124",1937,"2021-02-02","forecast","1.90774406548751"
"exdqlm_multivar_synth_keep","draw_124",1937,"2021-02-03","forecast","1.57496366569867"
"exdqlm_multivar_synth_keep","draw_124",1937,"2021-02-04","forecast","1.41598600880255"
"exdqlm_multivar_synth_keep","draw_124",1937,"2021-02-05","forecast","1.57650889435107"
"exdqlm_multivar_synth_keep","draw_124",1937,"2021-02-06","forecast","1.15578973424976"
"exdqlm_multivar_synth_keep","draw_124",1937,"2021-02-07","forecast","0.965529160276618"
"exdqlm_multivar_synth_keep","draw_124",1937,"2021-02-08","forecast","1.45695173465763"
"exdqlm_multivar_synth_keep","draw_124",1937,"2021-02-09","forecast","0.979821361102925"
"exdqlm_multivar_synth_keep","draw_124",1937,"2021-02-10","forecast","1.73549510946342"
"exdqlm_multivar_synth_keep","draw_124",1937,"2021-02-11","forecast","1.49591097508788"
"exdqlm_multivar_synth_keep","draw_124",1937,"2021-02-12","forecast","1.35916145682782"
"exdqlm_multivar_synth_keep","draw_124",1937,"2021-02-13","forecast","1.15195214499164"
"exdqlm_multivar_synth_keep","draw_124",1937,"2021-02-14","forecast","1.46898341596338"
"exdqlm_multivar_synth_keep","draw_124",1937,"2021-02-15","forecast","1.53998375797157"
"exdqlm_multivar_synth_keep","draw_124",1937,"2021-02-16","forecast","1.71368248671418"
"exdqlm_multivar_synth_keep","draw_124",1937,"2021-02-17","forecast","1.17373308013520"
"exdqlm_multivar_synth_keep","draw_124",1937,"2021-02-18","forecast","1.20677173876193"
"exdqlm_multivar_synth_keep","draw_124",1937,"2021-02-19","forecast","1.12647754316658"
"exdqlm_multivar_synth_keep","draw_124",1937,"2021-02-20","forecast","1.28600978861165"
"exdqlm_multivar_synth_keep","draw_125",1953,"2021-01-24","forecast","0.566151754869830"
"exdqlm_multivar_synth_keep","draw_125",1953,"2021-01-25","forecast","0.910825175236717"
"exdqlm_multivar_synth_keep","draw_125",1953,"2021-01-26","forecast","0.859621817410582"
"exdqlm_multivar_synth_keep","draw_125",1953,"2021-01-27","forecast","3.45520109078674"
"exdqlm_multivar_synth_keep","draw_125",1953,"2021-01-28","forecast","4.20079399949721"
"exdqlm_multivar_synth_keep","draw_125",1953,"2021-01-29","forecast","4.58227607898910"
"exdqlm_multivar_synth_keep","draw_125",1953,"2021-01-30","forecast","2.31250173223640"
"exdqlm_multivar_synth_keep","draw_125",1953,"2021-01-31","forecast","1.95684230442959"
"exdqlm_multivar_synth_keep","draw_125",1953,"2021-02-01","forecast","1.46454311264496"
"exdqlm_multivar_synth_keep","draw_125",1953,"2021-02-02","forecast","1.92190967526581"
"exdqlm_multivar_synth_keep","draw_125",1953,"2021-02-03","forecast","1.57832157866316"
"exdqlm_multivar_synth_keep","draw_125",1953,"2021-02-04","forecast","1.42659074238564"
"exdqlm_multivar_synth_keep","draw_125",1953,"2021-02-05","forecast","1.59825437269192"
"exdqlm_multivar_synth_keep","draw_125",1953,"2021-02-06","forecast","1.16339251157404"
"exdqlm_multivar_synth_keep","draw_125",1953,"2021-02-07","forecast","0.973921216220085"
"exdqlm_multivar_synth_keep","draw_125",1953,"2021-02-08","forecast","1.46506181995729"
"exdqlm_multivar_synth_keep","draw_125",1953,"2021-02-09","forecast","0.988375259124217"
"exdqlm_multivar_synth_keep","draw_125",1953,"2021-02-10","forecast","1.75363719545093"
"exdqlm_multivar_synth_keep","draw_125",1953,"2021-02-11","forecast","1.50371726301193"
"exdqlm_multivar_synth_keep","draw_125",1953,"2021-02-12","forecast","1.36794403966576"
"exdqlm_multivar_synth_keep","draw_125",1953,"2021-02-13","forecast","1.16000019432070"
"exdqlm_multivar_synth_keep","draw_125",1953,"2021-02-14","forecast","1.48181162445607"
"exdqlm_multivar_synth_keep","draw_125",1953,"2021-02-15","forecast","1.55381688171527"
"exdqlm_multivar_synth_keep","draw_125",1953,"2021-02-16","forecast","1.72246427967990"
"exdqlm_multivar_synth_keep","draw_125",1953,"2021-02-17","forecast","1.18929428863522"
"exdqlm_multivar_synth_keep","draw_125",1953,"2021-02-18","forecast","1.21203793495943"
"exdqlm_multivar_synth_keep","draw_125",1953,"2021-02-19","forecast","1.13186503215779"
"exdqlm_multivar_synth_keep","draw_125",1953,"2021-02-20","forecast","1.29394840014500"
"exdqlm_multivar_synth_keep","draw_126",1969,"2021-01-24","forecast","0.576631834678148"
"exdqlm_multivar_synth_keep","draw_126",1969,"2021-01-25","forecast","0.921112262572966"
"exdqlm_multivar_synth_keep","draw_126",1969,"2021-01-26","forecast","0.869447123255635"
"exdqlm_multivar_synth_keep","draw_126",1969,"2021-01-27","forecast","3.46221683490286"
"exdqlm_multivar_synth_keep","draw_126",1969,"2021-01-28","forecast","4.21127768282698"
"exdqlm_multivar_synth_keep","draw_126",1969,"2021-01-29","forecast","4.60389361669647"
"exdqlm_multivar_synth_keep","draw_126",1969,"2021-01-30","forecast","2.31862980241075"
"exdqlm_multivar_synth_keep","draw_126",1969,"2021-01-31","forecast","1.97046774615873"
"exdqlm_multivar_synth_keep","draw_126",1969,"2021-02-01","forecast","1.47543673816377"
"exdqlm_multivar_synth_keep","draw_126",1969,"2021-02-02","forecast","1.93644678135624"
"exdqlm_multivar_synth_keep","draw_126",1969,"2021-02-03","forecast","1.59223704243383"
"exdqlm_multivar_synth_keep","draw_126",1969,"2021-02-04","forecast","1.44407570356571"
"exdqlm_multivar_synth_keep","draw_126",1969,"2021-02-05","forecast","1.61201305525413"
"exdqlm_multivar_synth_keep","draw_126",1969,"2021-02-06","forecast","1.17328208236746"
"exdqlm_multivar_synth_keep","draw_126",1969,"2021-02-07","forecast","0.989721646259630"
"exdqlm_multivar_synth_keep","draw_126",1969,"2021-02-08","forecast","1.47753045069867"
"exdqlm_multivar_synth_keep","draw_126",1969,"2021-02-09","forecast","1.00330104076417"
"exdqlm_multivar_synth_keep","draw_126",1969,"2021-02-10","forecast","1.76755237373111"
"exdqlm_multivar_synth_keep","draw_126",1969,"2021-02-11","forecast","1.51561308201454"
"exdqlm_multivar_synth_keep","draw_126",1969,"2021-02-12","forecast","1.38117600185668"
"exdqlm_multivar_synth_keep","draw_126",1969,"2021-02-13","forecast","1.17784952362838"
"exdqlm_multivar_synth_keep","draw_126",1969,"2021-02-14","forecast","1.49472315056405"
"exdqlm_multivar_synth_keep","draw_126",1969,"2021-02-15","forecast","1.56213236550205"
"exdqlm_multivar_synth_keep","draw_126",1969,"2021-02-16","forecast","1.73981147725035"
"exdqlm_multivar_synth_keep","draw_126",1969,"2021-02-17","forecast","1.21736467689740"
"exdqlm_multivar_synth_keep","draw_126",1969,"2021-02-18","forecast","1.23174820669883"
"exdqlm_multivar_synth_keep","draw_126",1969,"2021-02-19","forecast","1.14945474740607"
"exdqlm_multivar_synth_keep","draw_126",1969,"2021-02-20","forecast","1.31346224542069"
"exdqlm_multivar_synth_keep","draw_127",1984,"2021-01-24","forecast","0.593985638730301"
"exdqlm_multivar_synth_keep","draw_127",1984,"2021-01-25","forecast","0.939205493287739"
"exdqlm_multivar_synth_keep","draw_127",1984,"2021-01-26","forecast","0.890132609594608"
"exdqlm_multivar_synth_keep","draw_127",1984,"2021-01-27","forecast","3.49002945067029"
"exdqlm_multivar_synth_keep","draw_127",1984,"2021-01-28","forecast","4.23376831597518"
"exdqlm_multivar_synth_keep","draw_127",1984,"2021-01-29","forecast","4.62980282150206"
"exdqlm_multivar_synth_keep","draw_127",1984,"2021-01-30","forecast","2.34072373811621"
"exdqlm_multivar_synth_keep","draw_127",1984,"2021-01-31","forecast","2.01295249445032"
"exdqlm_multivar_synth_keep","draw_127",1984,"2021-02-01","forecast","1.49979991151174"
"exdqlm_multivar_synth_keep","draw_127",1984,"2021-02-02","forecast","1.95794103306267"
"exdqlm_multivar_synth_keep","draw_127",1984,"2021-02-03","forecast","1.62000444856737"
"exdqlm_multivar_synth_keep","draw_127",1984,"2021-02-04","forecast","1.46363420404613"
"exdqlm_multivar_synth_keep","draw_127",1984,"2021-02-05","forecast","1.62761465763865"
"exdqlm_multivar_synth_keep","draw_127",1984,"2021-02-06","forecast","1.19287607605610"
"exdqlm_multivar_synth_keep","draw_127",1984,"2021-02-07","forecast","1.00859798725593"
"exdqlm_multivar_synth_keep","draw_127",1984,"2021-02-08","forecast","1.51080326203162"
"exdqlm_multivar_synth_keep","draw_127",1984,"2021-02-09","forecast","1.03614949017599"
"exdqlm_multivar_synth_keep","draw_127",1984,"2021-02-10","forecast","1.79087788991413"
"exdqlm_multivar_synth_keep","draw_127",1984,"2021-02-11","forecast","1.52186287156921"
"exdqlm_multivar_synth_keep","draw_127",1984,"2021-02-12","forecast","1.40808095053960"
"exdqlm_multivar_synth_keep","draw_127",1984,"2021-02-13","forecast","1.19958342855316"
"exdqlm_multivar_synth_keep","draw_127",1984,"2021-02-14","forecast","1.51747398434317"
"exdqlm_multivar_synth_keep","draw_127",1984,"2021-02-15","forecast","1.57917831294434"
"exdqlm_multivar_synth_keep","draw_127",1984,"2021-02-16","forecast","1.75118940728028"
"exdqlm_multivar_synth_keep","draw_127",1984,"2021-02-17","forecast","1.25073415943060"
"exdqlm_multivar_synth_keep","draw_127",1984,"2021-02-18","forecast","1.25980150624303"
"exdqlm_multivar_synth_keep","draw_127",1984,"2021-02-19","forecast","1.16621294153788"
"exdqlm_multivar_synth_keep","draw_127",1984,"2021-02-20","forecast","1.34377391173308"
"exdqlm_multivar_synth_keep","draw_128",2000,"2021-01-24","forecast","0.666052578206136"
"exdqlm_multivar_synth_keep","draw_128",2000,"2021-01-25","forecast","1.01121331928562"
"exdqlm_multivar_synth_keep","draw_128",2000,"2021-01-26","forecast","1.00131128108958"
"exdqlm_multivar_synth_keep","draw_128",2000,"2021-01-27","forecast","3.57232066689311"
"exdqlm_multivar_synth_keep","draw_128",2000,"2021-01-28","forecast","4.29986819843351"
"exdqlm_multivar_synth_keep","draw_128",2000,"2021-01-29","forecast","4.73723619129846"
"exdqlm_multivar_synth_keep","draw_128",2000,"2021-01-30","forecast","2.40652616385347"
"exdqlm_multivar_synth_keep","draw_128",2000,"2021-01-31","forecast","2.07889258174556"
"exdqlm_multivar_synth_keep","draw_128",2000,"2021-02-01","forecast","1.58647817793773"
"exdqlm_multivar_synth_keep","draw_128",2000,"2021-02-02","forecast","2.03629038032867"
"exdqlm_multivar_synth_keep","draw_128",2000,"2021-02-03","forecast","1.72333353992569"
"exdqlm_multivar_synth_keep","draw_128",2000,"2021-02-04","forecast","1.57250502212159"
"exdqlm_multivar_synth_keep","draw_128",2000,"2021-02-05","forecast","1.68155705211873"
"exdqlm_multivar_synth_keep","draw_128",2000,"2021-02-06","forecast","1.30970264277227"
"exdqlm_multivar_synth_keep","draw_128",2000,"2021-02-07","forecast","1.08693059702583"
"exdqlm_multivar_synth_keep","draw_128",2000,"2021-02-08","forecast","1.61391334172655"
"exdqlm_multivar_synth_keep","draw_128",2000,"2021-02-09","forecast","1.11986212352479"
"exdqlm_multivar_synth_keep","draw_128",2000,"2021-02-10","forecast","1.90112275473314"
"exdqlm_multivar_synth_keep","draw_128",2000,"2021-02-11","forecast","1.65759453712216"
"exdqlm_multivar_synth_keep","draw_128",2000,"2021-02-12","forecast","1.47844223792167"
"exdqlm_multivar_synth_keep","draw_128",2000,"2021-02-13","forecast","1.25999191873337"
"exdqlm_multivar_synth_keep","draw_128",2000,"2021-02-14","forecast","1.60534288333476"
"exdqlm_multivar_synth_keep","draw_128",2000,"2021-02-15","forecast","1.64713311744228"
"exdqlm_multivar_synth_keep","draw_128",2000,"2021-02-16","forecast","1.85287561232339"
"exdqlm_multivar_synth_keep","draw_128",2000,"2021-02-17","forecast","1.31402751200744"
"exdqlm_multivar_synth_keep","draw_128",2000,"2021-02-18","forecast","1.32664534751057"
"exdqlm_multivar_synth_keep","draw_128",2000,"2021-02-19","forecast","1.26798951151283"
"exdqlm_multivar_synth_keep","draw_128",2000,"2021-02-20","forecast","1.40256656091402"
