"model_id","draw_id","sample_index","date","segment","value"
"exdqlm_multivar_synth_keep","draw_001",1,"2021-10-25","history","0"
"exdqlm_multivar_synth_keep","draw_001",1,"2021-10-26","history","0"
"exdqlm_multivar_synth_keep","draw_001",1,"2021-10-27","history","0"
"exdqlm_multivar_synth_keep","draw_001",1,"2021-10-28","history","0"
"exdqlm_multivar_synth_keep","draw_001",1,"2021-10-29","history","0"
"exdqlm_multivar_synth_keep","draw_001",1,"2021-10-30","history","0"
"exdqlm_multivar_synth_keep","draw_001",1,"2021-10-31","history","0"
"exdqlm_multivar_synth_keep","draw_001",1,"2021-11-01","history","0"
"exdqlm_multivar_synth_keep","draw_001",1,"2021-11-02","history","0"
"exdqlm_multivar_synth_keep","draw_001",1,"2021-11-03","history","0"
"exdqlm_multivar_synth_keep","draw_001",1,"2021-11-04","history","0"
"exdqlm_multivar_synth_keep","draw_001",1,"2021-11-05","history","0"
"exdqlm_multivar_synth_keep","draw_001",1,"2021-11-06","history","0"
"exdqlm_multivar_synth_keep","draw_001",1,"2021-11-07","history","0.0239739445186223"
"exdqlm_multivar_synth_keep","draw_001",1,"2021-11-08","history","0"
"exdqlm_multivar_synth_keep","draw_001",1,"2021-11-09","history","0"
"exdqlm_multivar_synth_keep","draw_001",1,"2021-11-10","history","0"
"exdqlm_multivar_synth_keep","draw_001",1,"2021-11-11","history","0"
"exdqlm_multivar_synth_keep","draw_001",1,"2021-11-12","history","0"
"exdqlm_multivar_synth_keep","draw_002",17,"2021-10-25","history","0.602956034015076"
"exdqlm_multivar_synth_keep","draw_002",17,"2021-10-26","history","0.925784632547000"
"exdqlm_multivar_synth_keep","draw_002",17,"2021-10-27","history","0.732359327284739"
"exdqlm_multivar_synth_keep","draw_002",17,"2021-10-28","history","0.502600909424475"
"exdqlm_multivar_synth_keep","draw_002",17,"2021-10-29","history","0.456849121189998"
"exdqlm_multivar_synth_keep","draw_002",17,"2021-10-30","history","0.451838010123249"
"exdqlm_multivar_synth_keep","draw_002",17,"2021-10-31","history","0.426008367285974"
"exdqlm_multivar_synth_keep","draw_002",17,"2021-11-01","history","0.388974106236740"
"exdqlm_multivar_synth_keep","draw_002",17,"2021-11-02","history","0.495557282502346"
"exdqlm_multivar_synth_keep","draw_002",17,"2021-11-03","history","0.529603125947178"
"exdqlm_multivar_synth_keep","draw_002",17,"2021-11-04","history","0.509845767702600"
"exdqlm_multivar_synth_keep","draw_002",17,"2021-11-05","history","0.462584364443895"
"exdqlm_multivar_synth_keep","draw_002",17,"2021-11-06","history","0.447680194294898"
"exdqlm_multivar_synth_keep","draw_002",17,"2021-11-07","history","0.408022557342036"
"exdqlm_multivar_synth_keep","draw_002",17,"2021-11-08","history","0.404556307548043"
"exdqlm_multivar_synth_keep","draw_002",17,"2021-11-09","history","0.495235532927324"
"exdqlm_multivar_synth_keep","draw_002",17,"2021-11-10","history","0.604187426327301"
"exdqlm_multivar_synth_keep","draw_002",17,"2021-11-11","history","0.551523022206706"
"exdqlm_multivar_synth_keep","draw_002",17,"2021-11-12","history","0.484390026258121"
"exdqlm_multivar_synth_keep","draw_003",32,"2021-10-25","history","0.610745457672242"
"exdqlm_multivar_synth_keep","draw_003",32,"2021-10-26","history","0.940249056773189"
"exdqlm_multivar_synth_keep","draw_003",32,"2021-10-27","history","0.745306120752364"
"exdqlm_multivar_synth_keep","draw_003",32,"2021-10-28","history","0.508170643768832"
"exdqlm_multivar_synth_keep","draw_003",32,"2021-10-29","history","0.466981302857051"
"exdqlm_multivar_synth_keep","draw_003",32,"2021-10-30","history","0.457897883696379"
"exdqlm_multivar_synth_keep","draw_003",32,"2021-10-31","history","0.439043836748069"
"exdqlm_multivar_synth_keep","draw_003",32,"2021-11-01","history","0.415625661085145"
"exdqlm_multivar_synth_keep","draw_003",32,"2021-11-02","history","0.505317560504914"
"exdqlm_multivar_synth_keep","draw_003",32,"2021-11-03","history","0.556901543507540"
"exdqlm_multivar_synth_keep","draw_003",32,"2021-11-04","history","0.522772662659460"
"exdqlm_multivar_synth_keep","draw_003",32,"2021-11-05","history","0.476364609213576"
"exdqlm_multivar_synth_keep","draw_003",32,"2021-11-06","history","0.459265604766341"
"exdqlm_multivar_synth_keep","draw_003",32,"2021-11-07","history","0.423917177589251"
"exdqlm_multivar_synth_keep","draw_003",32,"2021-11-08","history","0.412183801347071"
"exdqlm_multivar_synth_keep","draw_003",32,"2021-11-09","history","0.508432254114933"
"exdqlm_multivar_synth_keep","draw_003",32,"2021-11-10","history","0.614440610933776"
"exdqlm_multivar_synth_keep","draw_003",32,"2021-11-11","history","0.580054958303325"
"exdqlm_multivar_synth_keep","draw_003",32,"2021-11-12","history","0.505747800218217"
"exdqlm_multivar_synth_keep","draw_004",48,"2021-10-25","history","0.621013040044010"
"exdqlm_multivar_synth_keep","draw_004",48,"2021-10-26","history","0.956941649829753"
"exdqlm_multivar_synth_keep","draw_004",48,"2021-10-27","history","0.757633133794061"
"exdqlm_multivar_synth_keep","draw_004",48,"2021-10-28","history","0.515884888683142"
"exdqlm_multivar_synth_keep","draw_004",48,"2021-10-29","history","0.473445790860304"
"exdqlm_multivar_synth_keep","draw_004",48,"2021-10-30","history","0.465320245197784"
"exdqlm_multivar_synth_keep","draw_004",48,"2021-10-31","history","0.445276224019137"
"exdqlm_multivar_synth_keep","draw_004",48,"2021-11-01","history","0.426202484954862"
"exdqlm_multivar_synth_keep","draw_004",48,"2021-11-02","history","0.514301127697880"
"exdqlm_multivar_synth_keep","draw_004",48,"2021-11-03","history","0.564196628626474"
"exdqlm_multivar_synth_keep","draw_004",48,"2021-11-04","history","0.534289486248970"
"exdqlm_multivar_synth_keep","draw_004",48,"2021-11-05","history","0.485896514106199"
"exdqlm_multivar_synth_keep","draw_004",48,"2021-11-06","history","0.464652140660914"
"exdqlm_multivar_synth_keep","draw_004",48,"2021-11-07","history","0.438892282549441"
"exdqlm_multivar_synth_keep","draw_004",48,"2021-11-08","history","0.421667794655872"
"exdqlm_multivar_synth_keep","draw_004",48,"2021-11-09","history","0.516115135158233"
"exdqlm_multivar_synth_keep","draw_004",48,"2021-11-10","history","0.623248105771291"
"exdqlm_multivar_synth_keep","draw_004",48,"2021-11-11","history","0.589793912271938"
"exdqlm_multivar_synth_keep","draw_004",48,"2021-11-12","history","0.511775673080228"
"exdqlm_multivar_synth_keep","draw_005",64,"2021-10-25","history","0.633068678432345"
"exdqlm_multivar_synth_keep","draw_005",64,"2021-10-26","history","0.964348584614217"
"exdqlm_multivar_synth_keep","draw_005",64,"2021-10-27","history","0.762553126695371"
"exdqlm_multivar_synth_keep","draw_005",64,"2021-10-28","history","0.521796043440780"
"exdqlm_multivar_synth_keep","draw_005",64,"2021-10-29","history","0.482169701142037"
"exdqlm_multivar_synth_keep","draw_005",64,"2021-10-30","history","0.472515509434420"
"exdqlm_multivar_synth_keep","draw_005",64,"2021-10-31","history","0.452799619430515"
"exdqlm_multivar_synth_keep","draw_005",64,"2021-11-01","history","0.432306137430162"
"exdqlm_multivar_synth_keep","draw_005",64,"2021-11-02","history","0.518087082239727"
"exdqlm_multivar_synth_keep","draw_005",64,"2021-11-03","history","0.569900787490869"
"exdqlm_multivar_synth_keep","draw_005",64,"2021-11-04","history","0.542359214590433"
"exdqlm_multivar_synth_keep","draw_005",64,"2021-11-05","history","0.491765779750995"
"exdqlm_multivar_synth_keep","draw_005",64,"2021-11-06","history","0.468537074869818"
"exdqlm_multivar_synth_keep","draw_005",64,"2021-11-07","history","0.447776914649834"
"exdqlm_multivar_synth_keep","draw_005",64,"2021-11-08","history","0.427298643016632"
"exdqlm_multivar_synth_keep","draw_005",64,"2021-11-09","history","0.520013673851946"
"exdqlm_multivar_synth_keep","draw_005",64,"2021-11-10","history","0.628663593681425"
"exdqlm_multivar_synth_keep","draw_005",64,"2021-11-11","history","0.596855314213454"
"exdqlm_multivar_synth_keep","draw_005",64,"2021-11-12","history","0.517397533212775"
"exdqlm_multivar_synth_keep","draw_006",80,"2021-10-25","history","0.636538106640730"
"exdqlm_multivar_synth_keep","draw_006",80,"2021-10-26","history","0.971231279906793"
"exdqlm_multivar_synth_keep","draw_006",80,"2021-10-27","history","0.767043363692981"
"exdqlm_multivar_synth_keep","draw_006",80,"2021-10-28","history","0.526631839101039"
"exdqlm_multivar_synth_keep","draw_006",80,"2021-10-29","history","0.487989787015510"
"exdqlm_multivar_synth_keep","draw_006",80,"2021-10-30","history","0.475846517877153"
"exdqlm_multivar_synth_keep","draw_006",80,"2021-10-31","history","0.458807723785157"
"exdqlm_multivar_synth_keep","draw_006",80,"2021-11-01","history","0.437663253225818"
"exdqlm_multivar_synth_keep","draw_006",80,"2021-11-02","history","0.520971822575484"
"exdqlm_multivar_synth_keep","draw_006",80,"2021-11-03","history","0.574528357506162"
"exdqlm_multivar_synth_keep","draw_006",80,"2021-11-04","history","0.547550926963910"
"exdqlm_multivar_synth_keep","draw_006",80,"2021-11-05","history","0.495919785614962"
"exdqlm_multivar_synth_keep","draw_006",80,"2021-11-06","history","0.473649967429326"
"exdqlm_multivar_synth_keep","draw_006",80,"2021-11-07","history","0.450395903461326"
"exdqlm_multivar_synth_keep","draw_006",80,"2021-11-08","history","0.434748407500172"
"exdqlm_multivar_synth_keep","draw_006",80,"2021-11-09","history","0.523203527233891"
"exdqlm_multivar_synth_keep","draw_006",80,"2021-11-10","history","0.631996957191084"
"exdqlm_multivar_synth_keep","draw_006",80,"2021-11-11","history","0.600162129348192"
"exdqlm_multivar_synth_keep","draw_006",80,"2021-11-12","history","0.522124461665307"
"exdqlm_multivar_synth_keep","draw_007",95,"2021-10-25","history","0.641579457117289"
"exdqlm_multivar_synth_keep","draw_007",95,"2021-10-26","history","0.977794305970461"
"exdqlm_multivar_synth_keep","draw_007",95,"2021-10-27","history","0.770907105391887"
"exdqlm_multivar_synth_keep","draw_007",95,"2021-10-28","history","0.530343644685028"
"exdqlm_multivar_synth_keep","draw_007",95,"2021-10-29","history","0.491405321537491"
"exdqlm_multivar_synth_keep","draw_007",95,"2021-10-30","history","0.478481561908705"
"exdqlm_multivar_synth_keep","draw_007",95,"2021-10-31","history","0.462416659697523"
"exdqlm_multivar_synth_keep","draw_007",95,"2021-11-01","history","0.441153850596284"
"exdqlm_multivar_synth_keep","draw_007",95,"2021-11-02","history","0.523410174952409"
"exdqlm_multivar_synth_keep","draw_007",95,"2021-11-03","history","0.578489223715774"
"exdqlm_multivar_synth_keep","draw_007",95,"2021-11-04","history","0.550033811466810"
"exdqlm_multivar_synth_keep","draw_007",95,"2021-11-05","history","0.499164310924888"
"exdqlm_multivar_synth_keep","draw_007",95,"2021-11-06","history","0.477936051398288"
"exdqlm_multivar_synth_keep","draw_007",95,"2021-11-07","history","0.453712464235173"
"exdqlm_multivar_synth_keep","draw_007",95,"2021-11-08","history","0.437110119846343"
"exdqlm_multivar_synth_keep","draw_007",95,"2021-11-09","history","0.524354292790459"
"exdqlm_multivar_synth_keep","draw_007",95,"2021-11-10","history","0.638391934318186"
"exdqlm_multivar_synth_keep","draw_007",95,"2021-11-11","history","0.605148177835233"
"exdqlm_multivar_synth_keep","draw_007",95,"2021-11-12","history","0.525093324522138"
"exdqlm_multivar_synth_keep","draw_008",111,"2021-10-25","history","0.644085330952885"
"exdqlm_multivar_synth_keep","draw_008",111,"2021-10-26","history","0.983542687483122"
"exdqlm_multivar_synth_keep","draw_008",111,"2021-10-27","history","0.773511788554027"
"exdqlm_multivar_synth_keep","draw_008",111,"2021-10-28","history","0.536456634345505"
"exdqlm_multivar_synth_keep","draw_008",111,"2021-10-29","history","0.495870289557299"
"exdqlm_multivar_synth_keep","draw_008",111,"2021-10-30","history","0.483824335652275"
"exdqlm_multivar_synth_keep","draw_008",111,"2021-10-31","history","0.469361064236555"
"exdqlm_multivar_synth_keep","draw_008",111,"2021-11-01","history","0.445032979280516"
"exdqlm_multivar_synth_keep","draw_008",111,"2021-11-02","history","0.529360806993649"
"exdqlm_multivar_synth_keep","draw_008",111,"2021-11-03","history","0.586099979414311"
"exdqlm_multivar_synth_keep","draw_008",111,"2021-11-04","history","0.557533834852273"
"exdqlm_multivar_synth_keep","draw_008",111,"2021-11-05","history","0.503356522946994"
"exdqlm_multivar_synth_keep","draw_008",111,"2021-11-06","history","0.482121810925602"
"exdqlm_multivar_synth_keep","draw_008",111,"2021-11-07","history","0.459222540441705"
"exdqlm_multivar_synth_keep","draw_008",111,"2021-11-08","history","0.440463588867752"
"exdqlm_multivar_synth_keep","draw_008",111,"2021-11-09","history","0.527642122952560"
"exdqlm_multivar_synth_keep","draw_008",111,"2021-11-10","history","0.646409743253931"
"exdqlm_multivar_synth_keep","draw_008",111,"2021-11-11","history","0.608168551550672"
"exdqlm_multivar_synth_keep","draw_008",111,"2021-11-12","history","0.529786194675396"
"exdqlm_multivar_synth_keep","draw_009",127,"2021-10-25","history","0.647626581238692"
"exdqlm_multivar_synth_keep","draw_009",127,"2021-10-26","history","0.988649927662575"
"exdqlm_multivar_synth_keep","draw_009",127,"2021-10-27","history","0.778699120421330"
"exdqlm_multivar_synth_keep","draw_009",127,"2021-10-28","history","0.547733949647428"
"exdqlm_multivar_synth_keep","draw_009",127,"2021-10-29","history","0.503460064976881"
"exdqlm_multivar_synth_keep","draw_009",127,"2021-10-30","history","0.490778006868837"
"exdqlm_multivar_synth_keep","draw_009",127,"2021-10-31","history","0.476934620192267"
"exdqlm_multivar_synth_keep","draw_009",127,"2021-11-01","history","0.450995538843458"
"exdqlm_multivar_synth_keep","draw_009",127,"2021-11-02","history","0.536201196443413"
"exdqlm_multivar_synth_keep","draw_009",127,"2021-11-03","history","0.593878837818669"
"exdqlm_multivar_synth_keep","draw_009",127,"2021-11-04","history","0.564296039768199"
"exdqlm_multivar_synth_keep","draw_009",127,"2021-11-05","history","0.510633643200907"
"exdqlm_multivar_synth_keep","draw_009",127,"2021-11-06","history","0.487527017219038"
"exdqlm_multivar_synth_keep","draw_009",127,"2021-11-07","history","0.467436559854550"
"exdqlm_multivar_synth_keep","draw_009",127,"2021-11-08","history","0.446232067354370"
"exdqlm_multivar_synth_keep","draw_009",127,"2021-11-09","history","0.533334509061101"
"exdqlm_multivar_synth_keep","draw_009",127,"2021-11-10","history","0.649940654570098"
"exdqlm_multivar_synth_keep","draw_009",127,"2021-11-11","history","0.613960202673055"
"exdqlm_multivar_synth_keep","draw_009",127,"2021-11-12","history","0.534987610967576"
"exdqlm_multivar_synth_keep","draw_010",143,"2021-10-25","history","0.652896919091277"
"exdqlm_multivar_synth_keep","draw_010",143,"2021-10-26","history","0.996444663151759"
"exdqlm_multivar_synth_keep","draw_010",143,"2021-10-27","history","0.785035909261130"
"exdqlm_multivar_synth_keep","draw_010",143,"2021-10-28","history","0.558587593626986"
"exdqlm_multivar_synth_keep","draw_010",143,"2021-10-29","history","0.517213643849105"
"exdqlm_multivar_synth_keep","draw_010",143,"2021-10-30","history","0.499977153685216"
"exdqlm_multivar_synth_keep","draw_010",143,"2021-10-31","history","0.484244606845406"
"exdqlm_multivar_synth_keep","draw_010",143,"2021-11-01","history","0.460516134760775"
"exdqlm_multivar_synth_keep","draw_010",143,"2021-11-02","history","0.543959526016045"
"exdqlm_multivar_synth_keep","draw_010",143,"2021-11-03","history","0.601518100312883"
"exdqlm_multivar_synth_keep","draw_010",143,"2021-11-04","history","0.571442589396343"
"exdqlm_multivar_synth_keep","draw_010",143,"2021-11-05","history","0.516143835605287"
"exdqlm_multivar_synth_keep","draw_010",143,"2021-11-06","history","0.496642133449322"
"exdqlm_multivar_synth_keep","draw_010",143,"2021-11-07","history","0.473393314084165"
"exdqlm_multivar_synth_keep","draw_010",143,"2021-11-08","history","0.451140680871950"
"exdqlm_multivar_synth_keep","draw_010",143,"2021-11-09","history","0.538894137750825"
"exdqlm_multivar_synth_keep","draw_010",143,"2021-11-10","history","0.653532893700937"
"exdqlm_multivar_synth_keep","draw_010",143,"2021-11-11","history","0.624146860873894"
"exdqlm_multivar_synth_keep","draw_010",143,"2021-11-12","history","0.540665948317165"
"exdqlm_multivar_synth_keep","draw_011",158,"2021-10-25","history","0.655656502988046"
"exdqlm_multivar_synth_keep","draw_011",158,"2021-10-26","history","0.999595495876476"
"exdqlm_multivar_synth_keep","draw_011",158,"2021-10-27","history","0.794236748357418"
"exdqlm_multivar_synth_keep","draw_011",158,"2021-10-28","history","0.568569769589724"
"exdqlm_multivar_synth_keep","draw_011",158,"2021-10-29","history","0.525563329255358"
"exdqlm_multivar_synth_keep","draw_011",158,"2021-10-30","history","0.507802077894433"
"exdqlm_multivar_synth_keep","draw_011",158,"2021-10-31","history","0.494910038340498"
"exdqlm_multivar_synth_keep","draw_011",158,"2021-11-01","history","0.465807788375437"
"exdqlm_multivar_synth_keep","draw_011",158,"2021-11-02","history","0.551304487017539"
"exdqlm_multivar_synth_keep","draw_011",158,"2021-11-03","history","0.609764003174627"
"exdqlm_multivar_synth_keep","draw_011",158,"2021-11-04","history","0.576743409704634"
"exdqlm_multivar_synth_keep","draw_011",158,"2021-11-05","history","0.522477000147910"
"exdqlm_multivar_synth_keep","draw_011",158,"2021-11-06","history","0.501036392232305"
"exdqlm_multivar_synth_keep","draw_011",158,"2021-11-07","history","0.478516199341904"
"exdqlm_multivar_synth_keep","draw_011",158,"2021-11-08","history","0.453885096586476"
"exdqlm_multivar_synth_keep","draw_011",158,"2021-11-09","history","0.544652661210183"
"exdqlm_multivar_synth_keep","draw_011",158,"2021-11-10","history","0.661323598494154"
"exdqlm_multivar_synth_keep","draw_011",158,"2021-11-11","history","0.628523615280918"
"exdqlm_multivar_synth_keep","draw_011",158,"2021-11-12","history","0.545977728466455"
"exdqlm_multivar_synth_keep","draw_012",174,"2021-10-25","history","0.658429650043746"
"exdqlm_multivar_synth_keep","draw_012",174,"2021-10-26","history","1.00400721007477"
"exdqlm_multivar_synth_keep","draw_012",174,"2021-10-27","history","0.799943507743192"
"exdqlm_multivar_synth_keep","draw_012",174,"2021-10-28","history","0.579789351501547"
"exdqlm_multivar_synth_keep","draw_012",174,"2021-10-29","history","0.534822345875211"
"exdqlm_multivar_synth_keep","draw_012",174,"2021-10-30","history","0.517772906200900"
"exdqlm_multivar_synth_keep","draw_012",174,"2021-10-31","history","0.504135402828746"
"exdqlm_multivar_synth_keep","draw_012",174,"2021-11-01","history","0.477390711650772"
"exdqlm_multivar_synth_keep","draw_012",174,"2021-11-02","history","0.563787601980861"
"exdqlm_multivar_synth_keep","draw_012",174,"2021-11-03","history","0.620947830262600"
"exdqlm_multivar_synth_keep","draw_012",174,"2021-11-04","history","0.582475088810684"
"exdqlm_multivar_synth_keep","draw_012",174,"2021-11-05","history","0.531424015593279"
"exdqlm_multivar_synth_keep","draw_012",174,"2021-11-06","history","0.508176588430503"
"exdqlm_multivar_synth_keep","draw_012",174,"2021-11-07","history","0.488806997271610"
"exdqlm_multivar_synth_keep","draw_012",174,"2021-11-08","history","0.458723285961651"
"exdqlm_multivar_synth_keep","draw_012",174,"2021-11-09","history","0.549222194469583"
"exdqlm_multivar_synth_keep","draw_012",174,"2021-11-10","history","0.668342331082691"
"exdqlm_multivar_synth_keep","draw_012",174,"2021-11-11","history","0.635619475768344"
"exdqlm_multivar_synth_keep","draw_012",174,"2021-11-12","history","0.554913896874485"
"exdqlm_multivar_synth_keep","draw_013",190,"2021-10-25","history","0.663187229773106"
"exdqlm_multivar_synth_keep","draw_013",190,"2021-10-26","history","1.01290261181825"
"exdqlm_multivar_synth_keep","draw_013",190,"2021-10-27","history","0.807329525698451"
"exdqlm_multivar_synth_keep","draw_013",190,"2021-10-28","history","0.589915709913256"
"exdqlm_multivar_synth_keep","draw_013",190,"2021-10-29","history","0.545381935721916"
"exdqlm_multivar_synth_keep","draw_013",190,"2021-10-30","history","0.526939439883085"
"exdqlm_multivar_synth_keep","draw_013",190,"2021-10-31","history","0.513536046105714"
"exdqlm_multivar_synth_keep","draw_013",190,"2021-11-01","history","0.485603374454333"
"exdqlm_multivar_synth_keep","draw_013",190,"2021-11-02","history","0.575989974553830"
"exdqlm_multivar_synth_keep","draw_013",190,"2021-11-03","history","0.630050754414052"
"exdqlm_multivar_synth_keep","draw_013",190,"2021-11-04","history","0.590750863963515"
"exdqlm_multivar_synth_keep","draw_013",190,"2021-11-05","history","0.537273966844952"
"exdqlm_multivar_synth_keep","draw_013",190,"2021-11-06","history","0.519036603085987"
"exdqlm_multivar_synth_keep","draw_013",190,"2021-11-07","history","0.497422473405475"
"exdqlm_multivar_synth_keep","draw_013",190,"2021-11-08","history","0.466208609463750"
"exdqlm_multivar_synth_keep","draw_013",190,"2021-11-09","history","0.554721073103750"
"exdqlm_multivar_synth_keep","draw_013",190,"2021-11-10","history","0.675764721393135"
"exdqlm_multivar_synth_keep","draw_013",190,"2021-11-11","history","0.641308437590392"
"exdqlm_multivar_synth_keep","draw_013",190,"2021-11-12","history","0.560629265133709"
"exdqlm_multivar_synth_keep","draw_014",206,"2021-10-25","history","0.665550220565110"
"exdqlm_multivar_synth_keep","draw_014",206,"2021-10-26","history","1.02266963609908"
"exdqlm_multivar_synth_keep","draw_014",206,"2021-10-27","history","0.815201208964511"
"exdqlm_multivar_synth_keep","draw_014",206,"2021-10-28","history","0.598090363228232"
"exdqlm_multivar_synth_keep","draw_014",206,"2021-10-29","history","0.561228677796534"
"exdqlm_multivar_synth_keep","draw_014",206,"2021-10-30","history","0.537058362774302"
"exdqlm_multivar_synth_keep","draw_014",206,"2021-10-31","history","0.524821714049775"
"exdqlm_multivar_synth_keep","draw_014",206,"2021-11-01","history","0.493491969998923"
"exdqlm_multivar_synth_keep","draw_014",206,"2021-11-02","history","0.584135527153356"
"exdqlm_multivar_synth_keep","draw_014",206,"2021-11-03","history","0.635700281251438"
"exdqlm_multivar_synth_keep","draw_014",206,"2021-11-04","history","0.597528438414306"
"exdqlm_multivar_synth_keep","draw_014",206,"2021-11-05","history","0.546980161922516"
"exdqlm_multivar_synth_keep","draw_014",206,"2021-11-06","history","0.524535870566188"
"exdqlm_multivar_synth_keep","draw_014",206,"2021-11-07","history","0.503632541935964"
"exdqlm_multivar_synth_keep","draw_014",206,"2021-11-08","history","0.470442499641231"
"exdqlm_multivar_synth_keep","draw_014",206,"2021-11-09","history","0.560159730472284"
"exdqlm_multivar_synth_keep","draw_014",206,"2021-11-10","history","0.682090274496320"
"exdqlm_multivar_synth_keep","draw_014",206,"2021-11-11","history","0.646516011698452"
"exdqlm_multivar_synth_keep","draw_014",206,"2021-11-12","history","0.570172838359403"
"exdqlm_multivar_synth_keep","draw_015",221,"2021-10-25","history","0.667422217624001"
"exdqlm_multivar_synth_keep","draw_015",221,"2021-10-26","history","1.02732059331273"
"exdqlm_multivar_synth_keep","draw_015",221,"2021-10-27","history","0.822029481280513"
"exdqlm_multivar_synth_keep","draw_015",221,"2021-10-28","history","0.609975621903332"
"exdqlm_multivar_synth_keep","draw_015",221,"2021-10-29","history","0.573650080619934"
"exdqlm_multivar_synth_keep","draw_015",221,"2021-10-30","history","0.545139872413463"
"exdqlm_multivar_synth_keep","draw_015",221,"2021-10-31","history","0.534932629332099"
"exdqlm_multivar_synth_keep","draw_015",221,"2021-11-01","history","0.497188027464704"
"exdqlm_multivar_synth_keep","draw_015",221,"2021-11-02","history","0.592487242872251"
"exdqlm_multivar_synth_keep","draw_015",221,"2021-11-03","history","0.644722948286243"
"exdqlm_multivar_synth_keep","draw_015",221,"2021-11-04","history","0.604362642740397"
"exdqlm_multivar_synth_keep","draw_015",221,"2021-11-05","history","0.554798132558231"
"exdqlm_multivar_synth_keep","draw_015",221,"2021-11-06","history","0.534206141726872"
"exdqlm_multivar_synth_keep","draw_015",221,"2021-11-07","history","0.510706751424723"
"exdqlm_multivar_synth_keep","draw_015",221,"2021-11-08","history","0.477824141265183"
"exdqlm_multivar_synth_keep","draw_015",221,"2021-11-09","history","0.568045640418161"
"exdqlm_multivar_synth_keep","draw_015",221,"2021-11-10","history","0.687146277471692"
"exdqlm_multivar_synth_keep","draw_015",221,"2021-11-11","history","0.652223279816279"
"exdqlm_multivar_synth_keep","draw_015",221,"2021-11-12","history","0.575680036567959"
"exdqlm_multivar_synth_keep","draw_016",237,"2021-10-25","history","0.670394309534000"
"exdqlm_multivar_synth_keep","draw_016",237,"2021-10-26","history","1.03339667779563"
"exdqlm_multivar_synth_keep","draw_016",237,"2021-10-27","history","0.830017179540817"
"exdqlm_multivar_synth_keep","draw_016",237,"2021-10-28","history","0.620867139513606"
"exdqlm_multivar_synth_keep","draw_016",237,"2021-10-29","history","0.580632361586340"
"exdqlm_multivar_synth_keep","draw_016",237,"2021-10-30","history","0.555458622398909"
"exdqlm_multivar_synth_keep","draw_016",237,"2021-10-31","history","0.541175665553869"
"exdqlm_multivar_synth_keep","draw_016",237,"2021-11-01","history","0.506489536648490"
"exdqlm_multivar_synth_keep","draw_016",237,"2021-11-02","history","0.604252683885026"
"exdqlm_multivar_synth_keep","draw_016",237,"2021-11-03","history","0.652111544126368"
"exdqlm_multivar_synth_keep","draw_016",237,"2021-11-04","history","0.613534495459386"
"exdqlm_multivar_synth_keep","draw_016",237,"2021-11-05","history","0.560627904724148"
"exdqlm_multivar_synth_keep","draw_016",237,"2021-11-06","history","0.545833289725733"
"exdqlm_multivar_synth_keep","draw_016",237,"2021-11-07","history","0.515753896452083"
"exdqlm_multivar_synth_keep","draw_016",237,"2021-11-08","history","0.483810371308783"
"exdqlm_multivar_synth_keep","draw_016",237,"2021-11-09","history","0.574401343360333"
"exdqlm_multivar_synth_keep","draw_016",237,"2021-11-10","history","0.692203270336265"
"exdqlm_multivar_synth_keep","draw_016",237,"2021-11-11","history","0.660179830422951"
"exdqlm_multivar_synth_keep","draw_016",237,"2021-11-12","history","0.582274348774827"
"exdqlm_multivar_synth_keep","draw_017",253,"2021-10-25","history","0.673514911024367"
"exdqlm_multivar_synth_keep","draw_017",253,"2021-10-26","history","1.04000498553574"
"exdqlm_multivar_synth_keep","draw_017",253,"2021-10-27","history","0.837089962475128"
"exdqlm_multivar_synth_keep","draw_017",253,"2021-10-28","history","0.630367289325751"
"exdqlm_multivar_synth_keep","draw_017",253,"2021-10-29","history","0.586168271875089"
"exdqlm_multivar_synth_keep","draw_017",253,"2021-10-30","history","0.564255516409201"
"exdqlm_multivar_synth_keep","draw_017",253,"2021-10-31","history","0.551341066419896"
"exdqlm_multivar_synth_keep","draw_017",253,"2021-11-01","history","0.512399800649404"
"exdqlm_multivar_synth_keep","draw_017",253,"2021-11-02","history","0.612842566045108"
"exdqlm_multivar_synth_keep","draw_017",253,"2021-11-03","history","0.661612435015590"
"exdqlm_multivar_synth_keep","draw_017",253,"2021-11-04","history","0.620911919459282"
"exdqlm_multivar_synth_keep","draw_017",253,"2021-11-05","history","0.564411453769612"
"exdqlm_multivar_synth_keep","draw_017",253,"2021-11-06","history","0.555029467919942"
"exdqlm_multivar_synth_keep","draw_017",253,"2021-11-07","history","0.520183740131239"
"exdqlm_multivar_synth_keep","draw_017",253,"2021-11-08","history","0.487961104004006"
"exdqlm_multivar_synth_keep","draw_017",253,"2021-11-09","history","0.579625160729651"
"exdqlm_multivar_synth_keep","draw_017",253,"2021-11-10","history","0.699808377634851"
"exdqlm_multivar_synth_keep","draw_017",253,"2021-11-11","history","0.665045892048741"
"exdqlm_multivar_synth_keep","draw_017",253,"2021-11-12","history","0.588701941605284"
"exdqlm_multivar_synth_keep","draw_018",269,"2021-10-25","history","0.676056468723800"
"exdqlm_multivar_synth_keep","draw_018",269,"2021-10-26","history","1.04484142884339"
"exdqlm_multivar_synth_keep","draw_018",269,"2021-10-27","history","0.842516702657302"
"exdqlm_multivar_synth_keep","draw_018",269,"2021-10-28","history","0.643148169005771"
"exdqlm_multivar_synth_keep","draw_018",269,"2021-10-29","history","0.596583163129295"
"exdqlm_multivar_synth_keep","draw_018",269,"2021-10-30","history","0.569019280853918"
"exdqlm_multivar_synth_keep","draw_018",269,"2021-10-31","history","0.558874875629255"
"exdqlm_multivar_synth_keep","draw_018",269,"2021-11-01","history","0.523961187338105"
"exdqlm_multivar_synth_keep","draw_018",269,"2021-11-02","history","0.621025780802301"
"exdqlm_multivar_synth_keep","draw_018",269,"2021-11-03","history","0.672707894860248"
"exdqlm_multivar_synth_keep","draw_018",269,"2021-11-04","history","0.630078517474134"
"exdqlm_multivar_synth_keep","draw_018",269,"2021-11-05","history","0.571824145274422"
"exdqlm_multivar_synth_keep","draw_018",269,"2021-11-06","history","0.562931939388405"
"exdqlm_multivar_synth_keep","draw_018",269,"2021-11-07","history","0.526519147576800"
"exdqlm_multivar_synth_keep","draw_018",269,"2021-11-08","history","0.490901955691477"
"exdqlm_multivar_synth_keep","draw_018",269,"2021-11-09","history","0.582565678170698"
"exdqlm_multivar_synth_keep","draw_018",269,"2021-11-10","history","0.706577433278802"
"exdqlm_multivar_synth_keep","draw_018",269,"2021-11-11","history","0.671261754756363"
"exdqlm_multivar_synth_keep","draw_018",269,"2021-11-12","history","0.595364549344406"
"exdqlm_multivar_synth_keep","draw_019",284,"2021-10-25","history","0.678905691646266"
"exdqlm_multivar_synth_keep","draw_019",284,"2021-10-26","history","1.04999379087952"
"exdqlm_multivar_synth_keep","draw_019",284,"2021-10-27","history","0.847088005215711"
"exdqlm_multivar_synth_keep","draw_019",284,"2021-10-28","history","0.658446054903423"
"exdqlm_multivar_synth_keep","draw_019",284,"2021-10-29","history","0.604072379802955"
"exdqlm_multivar_synth_keep","draw_019",284,"2021-10-30","history","0.583383117043787"
"exdqlm_multivar_synth_keep","draw_019",284,"2021-10-31","history","0.563792743553364"
"exdqlm_multivar_synth_keep","draw_019",284,"2021-11-01","history","0.533440916521502"
"exdqlm_multivar_synth_keep","draw_019",284,"2021-11-02","history","0.629400817243816"
"exdqlm_multivar_synth_keep","draw_019",284,"2021-11-03","history","0.685150711583068"
"exdqlm_multivar_synth_keep","draw_019",284,"2021-11-04","history","0.635894632189744"
"exdqlm_multivar_synth_keep","draw_019",284,"2021-11-05","history","0.578977599432385"
"exdqlm_multivar_synth_keep","draw_019",284,"2021-11-06","history","0.569868506699005"
"exdqlm_multivar_synth_keep","draw_019",284,"2021-11-07","history","0.532318668675530"
"exdqlm_multivar_synth_keep","draw_019",284,"2021-11-08","history","0.497761650189194"
"exdqlm_multivar_synth_keep","draw_019",284,"2021-11-09","history","0.588200698485224"
"exdqlm_multivar_synth_keep","draw_019",284,"2021-11-10","history","0.712574162249847"
"exdqlm_multivar_synth_keep","draw_019",284,"2021-11-11","history","0.675909636438408"
"exdqlm_multivar_synth_keep","draw_019",284,"2021-11-12","history","0.600739481231179"
"exdqlm_multivar_synth_keep","draw_020",300,"2021-10-25","history","0.683448039140292"
"exdqlm_multivar_synth_keep","draw_020",300,"2021-10-26","history","1.05786319623000"
"exdqlm_multivar_synth_keep","draw_020",300,"2021-10-27","history","0.852937887314951"
"exdqlm_multivar_synth_keep","draw_020",300,"2021-10-28","history","0.671680091718340"
"exdqlm_multivar_synth_keep","draw_020",300,"2021-10-29","history","0.609066148455080"
"exdqlm_multivar_synth_keep","draw_020",300,"2021-10-30","history","0.593180505953334"
"exdqlm_multivar_synth_keep","draw_020",300,"2021-10-31","history","0.572960949446332"
"exdqlm_multivar_synth_keep","draw_020",300,"2021-11-01","history","0.543472908367092"
"exdqlm_multivar_synth_keep","draw_020",300,"2021-11-02","history","0.639789692643260"
"exdqlm_multivar_synth_keep","draw_020",300,"2021-11-03","history","0.690627378758325"
"exdqlm_multivar_synth_keep","draw_020",300,"2021-11-04","history","0.641476312610787"
"exdqlm_multivar_synth_keep","draw_020",300,"2021-11-05","history","0.586007530107445"
"exdqlm_multivar_synth_keep","draw_020",300,"2021-11-06","history","0.573698205504079"
"exdqlm_multivar_synth_keep","draw_020",300,"2021-11-07","history","0.538526584662903"
"exdqlm_multivar_synth_keep","draw_020",300,"2021-11-08","history","0.502987167487860"
"exdqlm_multivar_synth_keep","draw_020",300,"2021-11-09","history","0.594302653992368"
"exdqlm_multivar_synth_keep","draw_020",300,"2021-11-10","history","0.718941165809261"
"exdqlm_multivar_synth_keep","draw_020",300,"2021-11-11","history","0.682475464026466"
"exdqlm_multivar_synth_keep","draw_020",300,"2021-11-12","history","0.607019969708654"
"exdqlm_multivar_synth_keep","draw_021",316,"2021-10-25","history","0.685309396800271"
"exdqlm_multivar_synth_keep","draw_021",316,"2021-10-26","history","1.06630129781511"
"exdqlm_multivar_synth_keep","draw_021",316,"2021-10-27","history","0.858633719318806"
"exdqlm_multivar_synth_keep","draw_021",316,"2021-10-28","history","0.683041052437443"
"exdqlm_multivar_synth_keep","draw_021",316,"2021-10-29","history","0.620908398876179"
"exdqlm_multivar_synth_keep","draw_021",316,"2021-10-30","history","0.599373984373679"
"exdqlm_multivar_synth_keep","draw_021",316,"2021-10-31","history","0.580564650646338"
"exdqlm_multivar_synth_keep","draw_021",316,"2021-11-01","history","0.551874435058856"
"exdqlm_multivar_synth_keep","draw_021",316,"2021-11-02","history","0.648164112677877"
"exdqlm_multivar_synth_keep","draw_021",316,"2021-11-03","history","0.698003117663057"
"exdqlm_multivar_synth_keep","draw_021",316,"2021-11-04","history","0.649340396552127"
"exdqlm_multivar_synth_keep","draw_021",316,"2021-11-05","history","0.592525803455129"
"exdqlm_multivar_synth_keep","draw_021",316,"2021-11-06","history","0.580362834024052"
"exdqlm_multivar_synth_keep","draw_021",316,"2021-11-07","history","0.542939825617705"
"exdqlm_multivar_synth_keep","draw_021",316,"2021-11-08","history","0.509229059335852"
"exdqlm_multivar_synth_keep","draw_021",316,"2021-11-09","history","0.600396381689867"
"exdqlm_multivar_synth_keep","draw_021",316,"2021-11-10","history","0.727184770400404"
"exdqlm_multivar_synth_keep","draw_021",316,"2021-11-11","history","0.688804080244737"
"exdqlm_multivar_synth_keep","draw_021",316,"2021-11-12","history","0.614248024991531"
"exdqlm_multivar_synth_keep","draw_022",332,"2021-10-25","history","0.687888047195890"
"exdqlm_multivar_synth_keep","draw_022",332,"2021-10-26","history","1.07255501000107"
"exdqlm_multivar_synth_keep","draw_022",332,"2021-10-27","history","0.863106653173760"
"exdqlm_multivar_synth_keep","draw_022",332,"2021-10-28","history","0.693246920985055"
"exdqlm_multivar_synth_keep","draw_022",332,"2021-10-29","history","0.634636649969741"
"exdqlm_multivar_synth_keep","draw_022",332,"2021-10-30","history","0.609106950256056"
"exdqlm_multivar_synth_keep","draw_022",332,"2021-10-31","history","0.591590881252168"
"exdqlm_multivar_synth_keep","draw_022",332,"2021-11-01","history","0.559084790111732"
"exdqlm_multivar_synth_keep","draw_022",332,"2021-11-02","history","0.654646686123640"
"exdqlm_multivar_synth_keep","draw_022",332,"2021-11-03","history","0.706289240430011"
"exdqlm_multivar_synth_keep","draw_022",332,"2021-11-04","history","0.654271289911159"
"exdqlm_multivar_synth_keep","draw_022",332,"2021-11-05","history","0.598113512852884"
"exdqlm_multivar_synth_keep","draw_022",332,"2021-11-06","history","0.584739714403726"
"exdqlm_multivar_synth_keep","draw_022",332,"2021-11-07","history","0.547775408728814"
"exdqlm_multivar_synth_keep","draw_022",332,"2021-11-08","history","0.516950499232325"
"exdqlm_multivar_synth_keep","draw_022",332,"2021-11-09","history","0.607110259697970"
"exdqlm_multivar_synth_keep","draw_022",332,"2021-11-10","history","0.735847327651169"
"exdqlm_multivar_synth_keep","draw_022",332,"2021-11-11","history","0.696659074436222"
"exdqlm_multivar_synth_keep","draw_022",332,"2021-11-12","history","0.620282253852900"
"exdqlm_multivar_synth_keep","draw_023",347,"2021-10-25","history","0.690743413010317"
"exdqlm_multivar_synth_keep","draw_023",347,"2021-10-26","history","1.07774597507383"
"exdqlm_multivar_synth_keep","draw_023",347,"2021-10-27","history","0.869395813337908"
"exdqlm_multivar_synth_keep","draw_023",347,"2021-10-28","history","0.702232961012486"
"exdqlm_multivar_synth_keep","draw_023",347,"2021-10-29","history","0.642991704621531"
"exdqlm_multivar_synth_keep","draw_023",347,"2021-10-30","history","0.615272314300989"
"exdqlm_multivar_synth_keep","draw_023",347,"2021-10-31","history","0.599179355622433"
"exdqlm_multivar_synth_keep","draw_023",347,"2021-11-01","history","0.565938291020834"
"exdqlm_multivar_synth_keep","draw_023",347,"2021-11-02","history","0.661134492636448"
"exdqlm_multivar_synth_keep","draw_023",347,"2021-11-03","history","0.714202368093589"
"exdqlm_multivar_synth_keep","draw_023",347,"2021-11-04","history","0.662325575577651"
"exdqlm_multivar_synth_keep","draw_023",347,"2021-11-05","history","0.605963694957610"
"exdqlm_multivar_synth_keep","draw_023",347,"2021-11-06","history","0.593028883465915"
"exdqlm_multivar_synth_keep","draw_023",347,"2021-11-07","history","0.556246438335785"
"exdqlm_multivar_synth_keep","draw_023",347,"2021-11-08","history","0.521676100377710"
"exdqlm_multivar_synth_keep","draw_023",347,"2021-11-09","history","0.612556259954684"
"exdqlm_multivar_synth_keep","draw_023",347,"2021-11-10","history","0.743546341086818"
"exdqlm_multivar_synth_keep","draw_023",347,"2021-11-11","history","0.701528204499853"
"exdqlm_multivar_synth_keep","draw_023",347,"2021-11-12","history","0.628626686706115"
"exdqlm_multivar_synth_keep","draw_024",363,"2021-10-25","history","0.691860138160040"
"exdqlm_multivar_synth_keep","draw_024",363,"2021-10-26","history","1.08446660118749"
"exdqlm_multivar_synth_keep","draw_024",363,"2021-10-27","history","0.878475020747134"
"exdqlm_multivar_synth_keep","draw_024",363,"2021-10-28","history","0.714840634901911"
"exdqlm_multivar_synth_keep","draw_024",363,"2021-10-29","history","0.650132725218771"
"exdqlm_multivar_synth_keep","draw_024",363,"2021-10-30","history","0.622852696810966"
"exdqlm_multivar_synth_keep","draw_024",363,"2021-10-31","history","0.607497715053889"
"exdqlm_multivar_synth_keep","draw_024",363,"2021-11-01","history","0.575587735072014"
"exdqlm_multivar_synth_keep","draw_024",363,"2021-11-02","history","0.666928922937578"
"exdqlm_multivar_synth_keep","draw_024",363,"2021-11-03","history","0.722408496502967"
"exdqlm_multivar_synth_keep","draw_024",363,"2021-11-04","history","0.672608915332259"
"exdqlm_multivar_synth_keep","draw_024",363,"2021-11-05","history","0.611726085737967"
"exdqlm_multivar_synth_keep","draw_024",363,"2021-11-06","history","0.599995560297196"
"exdqlm_multivar_synth_keep","draw_024",363,"2021-11-07","history","0.561247899361344"
"exdqlm_multivar_synth_keep","draw_024",363,"2021-11-08","history","0.526704489694716"
"exdqlm_multivar_synth_keep","draw_024",363,"2021-11-09","history","0.617858544186076"
"exdqlm_multivar_synth_keep","draw_024",363,"2021-11-10","history","0.751828013261703"
"exdqlm_multivar_synth_keep","draw_024",363,"2021-11-11","history","0.706147288041465"
"exdqlm_multivar_synth_keep","draw_024",363,"2021-11-12","history","0.633875590644967"
"exdqlm_multivar_synth_keep","draw_025",379,"2021-10-25","history","0.697133324893451"
"exdqlm_multivar_synth_keep","draw_025",379,"2021-10-26","history","1.09333702911460"
"exdqlm_multivar_synth_keep","draw_025",379,"2021-10-27","history","0.885335625827171"
"exdqlm_multivar_synth_keep","draw_025",379,"2021-10-28","history","0.724282071507557"
"exdqlm_multivar_synth_keep","draw_025",379,"2021-10-29","history","0.662695824338431"
"exdqlm_multivar_synth_keep","draw_025",379,"2021-10-30","history","0.628217037214739"
"exdqlm_multivar_synth_keep","draw_025",379,"2021-10-31","history","0.618051592575272"
"exdqlm_multivar_synth_keep","draw_025",379,"2021-11-01","history","0.583823886822279"
"exdqlm_multivar_synth_keep","draw_025",379,"2021-11-02","history","0.674295622865480"
"exdqlm_multivar_synth_keep","draw_025",379,"2021-11-03","history","0.729359076439217"
"exdqlm_multivar_synth_keep","draw_025",379,"2021-11-04","history","0.684358085396949"
"exdqlm_multivar_synth_keep","draw_025",379,"2021-11-05","history","0.618935979848068"
"exdqlm_multivar_synth_keep","draw_025",379,"2021-11-06","history","0.605533924723569"
"exdqlm_multivar_synth_keep","draw_025",379,"2021-11-07","history","0.565393088556316"
"exdqlm_multivar_synth_keep","draw_025",379,"2021-11-08","history","0.533666090135984"
"exdqlm_multivar_synth_keep","draw_025",379,"2021-11-09","history","0.625221287355860"
"exdqlm_multivar_synth_keep","draw_025",379,"2021-11-10","history","0.759355376190292"
"exdqlm_multivar_synth_keep","draw_025",379,"2021-11-11","history","0.713951045279190"
"exdqlm_multivar_synth_keep","draw_025",379,"2021-11-12","history","0.637643789984836"
"exdqlm_multivar_synth_keep","draw_026",395,"2021-10-25","history","0.700791251040269"
"exdqlm_multivar_synth_keep","draw_026",395,"2021-10-26","history","1.09901381042486"
"exdqlm_multivar_synth_keep","draw_026",395,"2021-10-27","history","0.894023136110930"
"exdqlm_multivar_synth_keep","draw_026",395,"2021-10-28","history","0.729302226143918"
"exdqlm_multivar_synth_keep","draw_026",395,"2021-10-29","history","0.671976107408339"
"exdqlm_multivar_synth_keep","draw_026",395,"2021-10-30","history","0.637126347684927"
"exdqlm_multivar_synth_keep","draw_026",395,"2021-10-31","history","0.622378645237546"
"exdqlm_multivar_synth_keep","draw_026",395,"2021-11-01","history","0.593872195898550"
"exdqlm_multivar_synth_keep","draw_026",395,"2021-11-02","history","0.682575124231580"
"exdqlm_multivar_synth_keep","draw_026",395,"2021-11-03","history","0.739172708815496"
"exdqlm_multivar_synth_keep","draw_026",395,"2021-11-04","history","0.692103143074647"
"exdqlm_multivar_synth_keep","draw_026",395,"2021-11-05","history","0.628556054673173"
"exdqlm_multivar_synth_keep","draw_026",395,"2021-11-06","history","0.609699517552179"
"exdqlm_multivar_synth_keep","draw_026",395,"2021-11-07","history","0.572464697403705"
"exdqlm_multivar_synth_keep","draw_026",395,"2021-11-08","history","0.540479359001402"
"exdqlm_multivar_synth_keep","draw_026",395,"2021-11-09","history","0.633089051087797"
"exdqlm_multivar_synth_keep","draw_026",395,"2021-11-10","history","0.766696146095911"
"exdqlm_multivar_synth_keep","draw_026",395,"2021-11-11","history","0.717489574102490"
"exdqlm_multivar_synth_keep","draw_026",395,"2021-11-12","history","0.644372852674067"
"exdqlm_multivar_synth_keep","draw_027",410,"2021-10-25","history","0.708989165905268"
"exdqlm_multivar_synth_keep","draw_027",410,"2021-10-26","history","1.10333597774698"
"exdqlm_multivar_synth_keep","draw_027",410,"2021-10-27","history","0.898570167488621"
"exdqlm_multivar_synth_keep","draw_027",410,"2021-10-28","history","0.736790426975881"
"exdqlm_multivar_synth_keep","draw_027",410,"2021-10-29","history","0.680417037070816"
"exdqlm_multivar_synth_keep","draw_027",410,"2021-10-30","history","0.642998112416130"
"exdqlm_multivar_synth_keep","draw_027",410,"2021-10-31","history","0.628634123494389"
"exdqlm_multivar_synth_keep","draw_027",410,"2021-11-01","history","0.600513974473059"
"exdqlm_multivar_synth_keep","draw_027",410,"2021-11-02","history","0.689860999488376"
"exdqlm_multivar_synth_keep","draw_027",410,"2021-11-03","history","0.745864614575323"
"exdqlm_multivar_synth_keep","draw_027",410,"2021-11-04","history","0.697530482532346"
"exdqlm_multivar_synth_keep","draw_027",410,"2021-11-05","history","0.638396617375100"
"exdqlm_multivar_synth_keep","draw_027",410,"2021-11-06","history","0.615887369051089"
"exdqlm_multivar_synth_keep","draw_027",410,"2021-11-07","history","0.579397886401443"
"exdqlm_multivar_synth_keep","draw_027",410,"2021-11-08","history","0.545792980039971"
"exdqlm_multivar_synth_keep","draw_027",410,"2021-11-09","history","0.637184823372192"
"exdqlm_multivar_synth_keep","draw_027",410,"2021-11-10","history","0.770031959791437"
"exdqlm_multivar_synth_keep","draw_027",410,"2021-11-11","history","0.723446528555274"
"exdqlm_multivar_synth_keep","draw_027",410,"2021-11-12","history","0.649027388890666"
"exdqlm_multivar_synth_keep","draw_028",426,"2021-10-25","history","0.715996868669184"
"exdqlm_multivar_synth_keep","draw_028",426,"2021-10-26","history","1.11112565937516"
"exdqlm_multivar_synth_keep","draw_028",426,"2021-10-27","history","0.909500116104524"
"exdqlm_multivar_synth_keep","draw_028",426,"2021-10-28","history","0.743860339505514"
"exdqlm_multivar_synth_keep","draw_028",426,"2021-10-29","history","0.685551570250167"
"exdqlm_multivar_synth_keep","draw_028",426,"2021-10-30","history","0.646243696625983"
"exdqlm_multivar_synth_keep","draw_028",426,"2021-10-31","history","0.632868419015096"
"exdqlm_multivar_synth_keep","draw_028",426,"2021-11-01","history","0.607198950884445"
"exdqlm_multivar_synth_keep","draw_028",426,"2021-11-02","history","0.695526651762969"
"exdqlm_multivar_synth_keep","draw_028",426,"2021-11-03","history","0.755818176132077"
"exdqlm_multivar_synth_keep","draw_028",426,"2021-11-04","history","0.704515096322918"
"exdqlm_multivar_synth_keep","draw_028",426,"2021-11-05","history","0.642475220455114"
"exdqlm_multivar_synth_keep","draw_028",426,"2021-11-06","history","0.621463250892557"
"exdqlm_multivar_synth_keep","draw_028",426,"2021-11-07","history","0.584701492430760"
"exdqlm_multivar_synth_keep","draw_028",426,"2021-11-08","history","0.549988203395562"
"exdqlm_multivar_synth_keep","draw_028",426,"2021-11-09","history","0.645841161056135"
"exdqlm_multivar_synth_keep","draw_028",426,"2021-11-10","history","0.776157282923035"
"exdqlm_multivar_synth_keep","draw_028",426,"2021-11-11","history","0.731588904664418"
"exdqlm_multivar_synth_keep","draw_028",426,"2021-11-12","history","0.652955777240843"
"exdqlm_multivar_synth_keep","draw_029",442,"2021-10-25","history","0.725299016791184"
"exdqlm_multivar_synth_keep","draw_029",442,"2021-10-26","history","1.11840120625374"
"exdqlm_multivar_synth_keep","draw_029",442,"2021-10-27","history","0.913586449641019"
"exdqlm_multivar_synth_keep","draw_029",442,"2021-10-28","history","0.747491646551558"
"exdqlm_multivar_synth_keep","draw_029",442,"2021-10-29","history","0.691592367155030"
"exdqlm_multivar_synth_keep","draw_029",442,"2021-10-30","history","0.650576545455458"
"exdqlm_multivar_synth_keep","draw_029",442,"2021-10-31","history","0.639673623335976"
"exdqlm_multivar_synth_keep","draw_029",442,"2021-11-01","history","0.613363069336743"
"exdqlm_multivar_synth_keep","draw_029",442,"2021-11-02","history","0.703123104585127"
"exdqlm_multivar_synth_keep","draw_029",442,"2021-11-03","history","0.761898760930305"
"exdqlm_multivar_synth_keep","draw_029",442,"2021-11-04","history","0.708808506004158"
"exdqlm_multivar_synth_keep","draw_029",442,"2021-11-05","history","0.649014120608674"
"exdqlm_multivar_synth_keep","draw_029",442,"2021-11-06","history","0.629116473602525"
"exdqlm_multivar_synth_keep","draw_029",442,"2021-11-07","history","0.589102908542382"
"exdqlm_multivar_synth_keep","draw_029",442,"2021-11-08","history","0.553389660042518"
"exdqlm_multivar_synth_keep","draw_029",442,"2021-11-09","history","0.654695513623955"
"exdqlm_multivar_synth_keep","draw_029",442,"2021-11-10","history","0.783775138025757"
"exdqlm_multivar_synth_keep","draw_029",442,"2021-11-11","history","0.739091875885549"
"exdqlm_multivar_synth_keep","draw_029",442,"2021-11-12","history","0.656769033946682"
"exdqlm_multivar_synth_keep","draw_030",457,"2021-10-25","history","0.729993009368251"
"exdqlm_multivar_synth_keep","draw_030",457,"2021-10-26","history","1.12620190531993"
"exdqlm_multivar_synth_keep","draw_030",457,"2021-10-27","history","0.920196700126352"
"exdqlm_multivar_synth_keep","draw_030",457,"2021-10-28","history","0.754631787669206"
"exdqlm_multivar_synth_keep","draw_030",457,"2021-10-29","history","0.697974327294467"
"exdqlm_multivar_synth_keep","draw_030",457,"2021-10-30","history","0.655198297353249"
"exdqlm_multivar_synth_keep","draw_030",457,"2021-10-31","history","0.642332551258483"
"exdqlm_multivar_synth_keep","draw_030",457,"2021-11-01","history","0.615470039001719"
"exdqlm_multivar_synth_keep","draw_030",457,"2021-11-02","history","0.711248228176125"
"exdqlm_multivar_synth_keep","draw_030",457,"2021-11-03","history","0.766920542755254"
"exdqlm_multivar_synth_keep","draw_030",457,"2021-11-04","history","0.714305152979519"
"exdqlm_multivar_synth_keep","draw_030",457,"2021-11-05","history","0.654152030711118"
"exdqlm_multivar_synth_keep","draw_030",457,"2021-11-06","history","0.633173406765071"
"exdqlm_multivar_synth_keep","draw_030",457,"2021-11-07","history","0.593795703179971"
"exdqlm_multivar_synth_keep","draw_030",457,"2021-11-08","history","0.558022369676603"
"exdqlm_multivar_synth_keep","draw_030",457,"2021-11-09","history","0.659748865766808"
"exdqlm_multivar_synth_keep","draw_030",457,"2021-11-10","history","0.789860497966248"
"exdqlm_multivar_synth_keep","draw_030",457,"2021-11-11","history","0.746417323414679"
"exdqlm_multivar_synth_keep","draw_030",457,"2021-11-12","history","0.661391980759740"
"exdqlm_multivar_synth_keep","draw_031",473,"2021-10-25","history","0.739684202714724"
"exdqlm_multivar_synth_keep","draw_031",473,"2021-10-26","history","1.13266782541807"
"exdqlm_multivar_synth_keep","draw_031",473,"2021-10-27","history","0.925703357326464"
"exdqlm_multivar_synth_keep","draw_031",473,"2021-10-28","history","0.762223544447928"
"exdqlm_multivar_synth_keep","draw_031",473,"2021-10-29","history","0.704134558670645"
"exdqlm_multivar_synth_keep","draw_031",473,"2021-10-30","history","0.661463438040510"
"exdqlm_multivar_synth_keep","draw_031",473,"2021-10-31","history","0.646561998643317"
"exdqlm_multivar_synth_keep","draw_031",473,"2021-11-01","history","0.623076615726213"
"exdqlm_multivar_synth_keep","draw_031",473,"2021-11-02","history","0.716326462520020"
"exdqlm_multivar_synth_keep","draw_031",473,"2021-11-03","history","0.773473207049260"
"exdqlm_multivar_synth_keep","draw_031",473,"2021-11-04","history","0.719325460212262"
"exdqlm_multivar_synth_keep","draw_031",473,"2021-11-05","history","0.661066774258694"
"exdqlm_multivar_synth_keep","draw_031",473,"2021-11-06","history","0.638935633952198"
"exdqlm_multivar_synth_keep","draw_031",473,"2021-11-07","history","0.597151282800514"
"exdqlm_multivar_synth_keep","draw_031",473,"2021-11-08","history","0.561378948382895"
"exdqlm_multivar_synth_keep","draw_031",473,"2021-11-09","history","0.665599347853184"
"exdqlm_multivar_synth_keep","draw_031",473,"2021-11-10","history","0.794342616381724"
"exdqlm_multivar_synth_keep","draw_031",473,"2021-11-11","history","0.753486810210154"
"exdqlm_multivar_synth_keep","draw_031",473,"2021-11-12","history","0.665967239002226"
"exdqlm_multivar_synth_keep","draw_032",489,"2021-10-25","history","0.746516059650981"
"exdqlm_multivar_synth_keep","draw_032",489,"2021-10-26","history","1.13721694775302"
"exdqlm_multivar_synth_keep","draw_032",489,"2021-10-27","history","0.933043828938169"
"exdqlm_multivar_synth_keep","draw_032",489,"2021-10-28","history","0.768894260538687"
"exdqlm_multivar_synth_keep","draw_032",489,"2021-10-29","history","0.711477712649809"
"exdqlm_multivar_synth_keep","draw_032",489,"2021-10-30","history","0.668052743962701"
"exdqlm_multivar_synth_keep","draw_032",489,"2021-10-31","history","0.652719421892109"
"exdqlm_multivar_synth_keep","draw_032",489,"2021-11-01","history","0.627780722762553"
"exdqlm_multivar_synth_keep","draw_032",489,"2021-11-02","history","0.722326975972614"
"exdqlm_multivar_synth_keep","draw_032",489,"2021-11-03","history","0.779702894627888"
"exdqlm_multivar_synth_keep","draw_032",489,"2021-11-04","history","0.727081233526956"
"exdqlm_multivar_synth_keep","draw_032",489,"2021-11-05","history","0.665382451309538"
"exdqlm_multivar_synth_keep","draw_032",489,"2021-11-06","history","0.644155434979066"
"exdqlm_multivar_synth_keep","draw_032",489,"2021-11-07","history","0.603071776282517"
"exdqlm_multivar_synth_keep","draw_032",489,"2021-11-08","history","0.569357016997301"
"exdqlm_multivar_synth_keep","draw_032",489,"2021-11-09","history","0.672887664585617"
"exdqlm_multivar_synth_keep","draw_032",489,"2021-11-10","history","0.799582543090610"
"exdqlm_multivar_synth_keep","draw_032",489,"2021-11-11","history","0.757737564664589"
"exdqlm_multivar_synth_keep","draw_032",489,"2021-11-12","history","0.671841881573305"
"exdqlm_multivar_synth_keep","draw_033",505,"2021-10-25","history","0.753872622617141"
"exdqlm_multivar_synth_keep","draw_033",505,"2021-10-26","history","1.14244823996285"
"exdqlm_multivar_synth_keep","draw_033",505,"2021-10-27","history","0.942208431810491"
"exdqlm_multivar_synth_keep","draw_033",505,"2021-10-28","history","0.773360492185289"
"exdqlm_multivar_synth_keep","draw_033",505,"2021-10-29","history","0.716926000552031"
"exdqlm_multivar_synth_keep","draw_033",505,"2021-10-30","history","0.673419581991724"
"exdqlm_multivar_synth_keep","draw_033",505,"2021-10-31","history","0.657543216837945"
"exdqlm_multivar_synth_keep","draw_033",505,"2021-11-01","history","0.631323996725310"
"exdqlm_multivar_synth_keep","draw_033",505,"2021-11-02","history","0.730759505143796"
"exdqlm_multivar_synth_keep","draw_033",505,"2021-11-03","history","0.787971067903859"
"exdqlm_multivar_synth_keep","draw_033",505,"2021-11-04","history","0.734217386088044"
"exdqlm_multivar_synth_keep","draw_033",505,"2021-11-05","history","0.673230888735792"
"exdqlm_multivar_synth_keep","draw_033",505,"2021-11-06","history","0.649737425195294"
"exdqlm_multivar_synth_keep","draw_033",505,"2021-11-07","history","0.609772906648089"
"exdqlm_multivar_synth_keep","draw_033",505,"2021-11-08","history","0.575818059549093"
"exdqlm_multivar_synth_keep","draw_033",505,"2021-11-09","history","0.678527192712945"
"exdqlm_multivar_synth_keep","draw_033",505,"2021-11-10","history","0.807997204971745"
"exdqlm_multivar_synth_keep","draw_033",505,"2021-11-11","history","0.762738861139218"
"exdqlm_multivar_synth_keep","draw_033",505,"2021-11-12","history","0.680008993445385"
"exdqlm_multivar_synth_keep","draw_034",520,"2021-10-25","history","0.766755493503731"
"exdqlm_multivar_synth_keep","draw_034",520,"2021-10-26","history","1.14754523476995"
"exdqlm_multivar_synth_keep","draw_034",520,"2021-10-27","history","0.949468742017050"
"exdqlm_multivar_synth_keep","draw_034",520,"2021-10-28","history","0.782701538243856"
"exdqlm_multivar_synth_keep","draw_034",520,"2021-10-29","history","0.724447943691132"
"exdqlm_multivar_synth_keep","draw_034",520,"2021-10-30","history","0.681638701703479"
"exdqlm_multivar_synth_keep","draw_034",520,"2021-10-31","history","0.660807945693641"
"exdqlm_multivar_synth_keep","draw_034",520,"2021-11-01","history","0.636848134078381"
"exdqlm_multivar_synth_keep","draw_034",520,"2021-11-02","history","0.735039587664945"
"exdqlm_multivar_synth_keep","draw_034",520,"2021-11-03","history","0.792755049291580"
"exdqlm_multivar_synth_keep","draw_034",520,"2021-11-04","history","0.740969644775424"
"exdqlm_multivar_synth_keep","draw_034",520,"2021-11-05","history","0.679655649763837"
"exdqlm_multivar_synth_keep","draw_034",520,"2021-11-06","history","0.655021822195645"
"exdqlm_multivar_synth_keep","draw_034",520,"2021-11-07","history","0.613373993171791"
"exdqlm_multivar_synth_keep","draw_034",520,"2021-11-08","history","0.580981887382767"
"exdqlm_multivar_synth_keep","draw_034",520,"2021-11-09","history","0.682358560982890"
"exdqlm_multivar_synth_keep","draw_034",520,"2021-11-10","history","0.814471388459277"
"exdqlm_multivar_synth_keep","draw_034",520,"2021-11-11","history","0.766513669614613"
"exdqlm_multivar_synth_keep","draw_034",520,"2021-11-12","history","0.685534510277529"
"exdqlm_multivar_synth_keep","draw_035",536,"2021-10-25","history","0.778357778617623"
"exdqlm_multivar_synth_keep","draw_035",536,"2021-10-26","history","1.15168620336476"
"exdqlm_multivar_synth_keep","draw_035",536,"2021-10-27","history","0.957642463073702"
"exdqlm_multivar_synth_keep","draw_035",536,"2021-10-28","history","0.787571594871971"
"exdqlm_multivar_synth_keep","draw_035",536,"2021-10-29","history","0.730921443191173"
"exdqlm_multivar_synth_keep","draw_035",536,"2021-10-30","history","0.686468138399173"
"exdqlm_multivar_synth_keep","draw_035",536,"2021-10-31","history","0.667548420412193"
"exdqlm_multivar_synth_keep","draw_035",536,"2021-11-01","history","0.640418782617659"
"exdqlm_multivar_synth_keep","draw_035",536,"2021-11-02","history","0.738420064784131"
"exdqlm_multivar_synth_keep","draw_035",536,"2021-11-03","history","0.800955656834328"
"exdqlm_multivar_synth_keep","draw_035",536,"2021-11-04","history","0.745122990567923"
"exdqlm_multivar_synth_keep","draw_035",536,"2021-11-05","history","0.684675917111360"
"exdqlm_multivar_synth_keep","draw_035",536,"2021-11-06","history","0.659750331080298"
"exdqlm_multivar_synth_keep","draw_035",536,"2021-11-07","history","0.620276302549592"
"exdqlm_multivar_synth_keep","draw_035",536,"2021-11-08","history","0.587042720499353"
"exdqlm_multivar_synth_keep","draw_035",536,"2021-11-09","history","0.688174148281444"
"exdqlm_multivar_synth_keep","draw_035",536,"2021-11-10","history","0.821198144737243"
"exdqlm_multivar_synth_keep","draw_035",536,"2021-11-11","history","0.772519979824472"
"exdqlm_multivar_synth_keep","draw_035",536,"2021-11-12","history","0.693282603079099"
"exdqlm_multivar_synth_keep","draw_036",552,"2021-10-25","history","0.790378731220773"
"exdqlm_multivar_synth_keep","draw_036",552,"2021-10-26","history","1.15943507056727"
"exdqlm_multivar_synth_keep","draw_036",552,"2021-10-27","history","0.967426852368194"
"exdqlm_multivar_synth_keep","draw_036",552,"2021-10-28","history","0.791586565173393"
"exdqlm_multivar_synth_keep","draw_036",552,"2021-10-29","history","0.735997110137401"
"exdqlm_multivar_synth_keep","draw_036",552,"2021-10-30","history","0.694016928420055"
"exdqlm_multivar_synth_keep","draw_036",552,"2021-10-31","history","0.673684856916331"
"exdqlm_multivar_synth_keep","draw_036",552,"2021-11-01","history","0.645080997928480"
"exdqlm_multivar_synth_keep","draw_036",552,"2021-11-02","history","0.746360280868271"
"exdqlm_multivar_synth_keep","draw_036",552,"2021-11-03","history","0.807164911865159"
"exdqlm_multivar_synth_keep","draw_036",552,"2021-11-04","history","0.749915385227088"
"exdqlm_multivar_synth_keep","draw_036",552,"2021-11-05","history","0.690462772463112"
"exdqlm_multivar_synth_keep","draw_036",552,"2021-11-06","history","0.665480761967082"
"exdqlm_multivar_synth_keep","draw_036",552,"2021-11-07","history","0.624831914805351"
"exdqlm_multivar_synth_keep","draw_036",552,"2021-11-08","history","0.591044712934004"
"exdqlm_multivar_synth_keep","draw_036",552,"2021-11-09","history","0.693361746814004"
"exdqlm_multivar_synth_keep","draw_036",552,"2021-11-10","history","0.825252117478560"
"exdqlm_multivar_synth_keep","draw_036",552,"2021-11-11","history","0.781192472898701"
"exdqlm_multivar_synth_keep","draw_036",552,"2021-11-12","history","0.699231203883681"
"exdqlm_multivar_synth_keep","draw_037",568,"2021-10-25","history","0.800672112912319"
"exdqlm_multivar_synth_keep","draw_037",568,"2021-10-26","history","1.16523993921901"
"exdqlm_multivar_synth_keep","draw_037",568,"2021-10-27","history","0.973694906503812"
"exdqlm_multivar_synth_keep","draw_037",568,"2021-10-28","history","0.796225717898830"
"exdqlm_multivar_synth_keep","draw_037",568,"2021-10-29","history","0.746302968255670"
"exdqlm_multivar_synth_keep","draw_037",568,"2021-10-30","history","0.701176581853432"
"exdqlm_multivar_synth_keep","draw_037",568,"2021-10-31","history","0.677971287584768"
"exdqlm_multivar_synth_keep","draw_037",568,"2021-11-01","history","0.649331605733339"
"exdqlm_multivar_synth_keep","draw_037",568,"2021-11-02","history","0.750950265682810"
"exdqlm_multivar_synth_keep","draw_037",568,"2021-11-03","history","0.815233483921824"
"exdqlm_multivar_synth_keep","draw_037",568,"2021-11-04","history","0.756497520932334"
"exdqlm_multivar_synth_keep","draw_037",568,"2021-11-05","history","0.695760616676584"
"exdqlm_multivar_synth_keep","draw_037",568,"2021-11-06","history","0.669672588768988"
"exdqlm_multivar_synth_keep","draw_037",568,"2021-11-07","history","0.631620367812168"
"exdqlm_multivar_synth_keep","draw_037",568,"2021-11-08","history","0.596024630415202"
"exdqlm_multivar_synth_keep","draw_037",568,"2021-11-09","history","0.699291106794373"
"exdqlm_multivar_synth_keep","draw_037",568,"2021-11-10","history","0.831567413765623"
"exdqlm_multivar_synth_keep","draw_037",568,"2021-11-11","history","0.789328984184706"
"exdqlm_multivar_synth_keep","draw_037",568,"2021-11-12","history","0.706593450010996"
"exdqlm_multivar_synth_keep","draw_038",583,"2021-10-25","history","0.806409865809172"
"exdqlm_multivar_synth_keep","draw_038",583,"2021-10-26","history","1.17054913734751"
"exdqlm_multivar_synth_keep","draw_038",583,"2021-10-27","history","0.979021611896234"
"exdqlm_multivar_synth_keep","draw_038",583,"2021-10-28","history","0.800536937015862"
"exdqlm_multivar_synth_keep","draw_038",583,"2021-10-29","history","0.751853313744794"
"exdqlm_multivar_synth_keep","draw_038",583,"2021-10-30","history","0.707258539043757"
"exdqlm_multivar_synth_keep","draw_038",583,"2021-10-31","history","0.682484245415790"
"exdqlm_multivar_synth_keep","draw_038",583,"2021-11-01","history","0.653678750464579"
"exdqlm_multivar_synth_keep","draw_038",583,"2021-11-02","history","0.757682108653805"
"exdqlm_multivar_synth_keep","draw_038",583,"2021-11-03","history","0.825233487308400"
"exdqlm_multivar_synth_keep","draw_038",583,"2021-11-04","history","0.763138567590093"
"exdqlm_multivar_synth_keep","draw_038",583,"2021-11-05","history","0.706318393293809"
"exdqlm_multivar_synth_keep","draw_038",583,"2021-11-06","history","0.673387028037279"
"exdqlm_multivar_synth_keep","draw_038",583,"2021-11-07","history","0.639500054089831"
"exdqlm_multivar_synth_keep","draw_038",583,"2021-11-08","history","0.599709665712423"
"exdqlm_multivar_synth_keep","draw_038",583,"2021-11-09","history","0.704756143013813"
"exdqlm_multivar_synth_keep","draw_038",583,"2021-11-10","history","0.837557990363120"
"exdqlm_multivar_synth_keep","draw_038",583,"2021-11-11","history","0.796658326511086"
"exdqlm_multivar_synth_keep","draw_038",583,"2021-11-12","history","0.710846729601061"
"exdqlm_multivar_synth_keep","draw_039",599,"2021-10-25","history","0.818437635001471"
"exdqlm_multivar_synth_keep","draw_039",599,"2021-10-26","history","1.17707839253056"
"exdqlm_multivar_synth_keep","draw_039",599,"2021-10-27","history","0.987034324840258"
"exdqlm_multivar_synth_keep","draw_039",599,"2021-10-28","history","0.806939275204430"
"exdqlm_multivar_synth_keep","draw_039",599,"2021-10-29","history","0.757974182263815"
"exdqlm_multivar_synth_keep","draw_039",599,"2021-10-30","history","0.714988038699194"
"exdqlm_multivar_synth_keep","draw_039",599,"2021-10-31","history","0.686284949087071"
"exdqlm_multivar_synth_keep","draw_039",599,"2021-11-01","history","0.658583307346148"
"exdqlm_multivar_synth_keep","draw_039",599,"2021-11-02","history","0.765515208512519"
"exdqlm_multivar_synth_keep","draw_039",599,"2021-11-03","history","0.829379020510796"
"exdqlm_multivar_synth_keep","draw_039",599,"2021-11-04","history","0.769286489608694"
"exdqlm_multivar_synth_keep","draw_039",599,"2021-11-05","history","0.711316589275653"
"exdqlm_multivar_synth_keep","draw_039",599,"2021-11-06","history","0.681062059944463"
"exdqlm_multivar_synth_keep","draw_039",599,"2021-11-07","history","0.642494316238542"
"exdqlm_multivar_synth_keep","draw_039",599,"2021-11-08","history","0.604682683233135"
"exdqlm_multivar_synth_keep","draw_039",599,"2021-11-09","history","0.711113784042009"
"exdqlm_multivar_synth_keep","draw_039",599,"2021-11-10","history","0.844697805674118"
"exdqlm_multivar_synth_keep","draw_039",599,"2021-11-11","history","0.804701560040541"
"exdqlm_multivar_synth_keep","draw_039",599,"2021-11-12","history","0.719417815264812"
"exdqlm_multivar_synth_keep","draw_040",615,"2021-10-25","history","0.825128219877979"
"exdqlm_multivar_synth_keep","draw_040",615,"2021-10-26","history","1.18416392662340"
"exdqlm_multivar_synth_keep","draw_040",615,"2021-10-27","history","0.994517496050576"
"exdqlm_multivar_synth_keep","draw_040",615,"2021-10-28","history","0.812208685286643"
"exdqlm_multivar_synth_keep","draw_040",615,"2021-10-29","history","0.767312063626022"
"exdqlm_multivar_synth_keep","draw_040",615,"2021-10-30","history","0.720314491543513"
"exdqlm_multivar_synth_keep","draw_040",615,"2021-10-31","history","0.694124011292389"
"exdqlm_multivar_synth_keep","draw_040",615,"2021-11-01","history","0.664694486683119"
"exdqlm_multivar_synth_keep","draw_040",615,"2021-11-02","history","0.771106865632260"
"exdqlm_multivar_synth_keep","draw_040",615,"2021-11-03","history","0.834309469589435"
"exdqlm_multivar_synth_keep","draw_040",615,"2021-11-04","history","0.774590239916911"
"exdqlm_multivar_synth_keep","draw_040",615,"2021-11-05","history","0.717814624437183"
"exdqlm_multivar_synth_keep","draw_040",615,"2021-11-06","history","0.686528749213186"
"exdqlm_multivar_synth_keep","draw_040",615,"2021-11-07","history","0.649046252894308"
"exdqlm_multivar_synth_keep","draw_040",615,"2021-11-08","history","0.607474866297216"
"exdqlm_multivar_synth_keep","draw_040",615,"2021-11-09","history","0.718169205818286"
"exdqlm_multivar_synth_keep","draw_040",615,"2021-11-10","history","0.847910006463446"
"exdqlm_multivar_synth_keep","draw_040",615,"2021-11-11","history","0.812023488000110"
"exdqlm_multivar_synth_keep","draw_040",615,"2021-11-12","history","0.725822916989198"
"exdqlm_multivar_synth_keep","draw_041",631,"2021-10-25","history","0.833448662793358"
"exdqlm_multivar_synth_keep","draw_041",631,"2021-10-26","history","1.19054008609543"
"exdqlm_multivar_synth_keep","draw_041",631,"2021-10-27","history","0.999183749577830"
"exdqlm_multivar_synth_keep","draw_041",631,"2021-10-28","history","0.818661823856814"
"exdqlm_multivar_synth_keep","draw_041",631,"2021-10-29","history","0.773248062126187"
"exdqlm_multivar_synth_keep","draw_041",631,"2021-10-30","history","0.726008144755386"
"exdqlm_multivar_synth_keep","draw_041",631,"2021-10-31","history","0.698410288685202"
"exdqlm_multivar_synth_keep","draw_041",631,"2021-11-01","history","0.674531095588467"
"exdqlm_multivar_synth_keep","draw_041",631,"2021-11-02","history","0.777986368428893"
"exdqlm_multivar_synth_keep","draw_041",631,"2021-11-03","history","0.840579277889752"
"exdqlm_multivar_synth_keep","draw_041",631,"2021-11-04","history","0.783093523685109"
"exdqlm_multivar_synth_keep","draw_041",631,"2021-11-05","history","0.722533359382866"
"exdqlm_multivar_synth_keep","draw_041",631,"2021-11-06","history","0.691915166983927"
"exdqlm_multivar_synth_keep","draw_041",631,"2021-11-07","history","0.655702342578310"
"exdqlm_multivar_synth_keep","draw_041",631,"2021-11-08","history","0.611878570132715"
"exdqlm_multivar_synth_keep","draw_041",631,"2021-11-09","history","0.724731434537060"
"exdqlm_multivar_synth_keep","draw_041",631,"2021-11-10","history","0.851968174429517"
"exdqlm_multivar_synth_keep","draw_041",631,"2021-11-11","history","0.817145380251188"
"exdqlm_multivar_synth_keep","draw_041",631,"2021-11-12","history","0.731846502235757"
"exdqlm_multivar_synth_keep","draw_042",646,"2021-10-25","history","0.838653862217704"
"exdqlm_multivar_synth_keep","draw_042",646,"2021-10-26","history","1.19594366998449"
"exdqlm_multivar_synth_keep","draw_042",646,"2021-10-27","history","1.00576949035286"
"exdqlm_multivar_synth_keep","draw_042",646,"2021-10-28","history","0.823842670816619"
"exdqlm_multivar_synth_keep","draw_042",646,"2021-10-29","history","0.776982563535950"
"exdqlm_multivar_synth_keep","draw_042",646,"2021-10-30","history","0.734174145057842"
"exdqlm_multivar_synth_keep","draw_042",646,"2021-10-31","history","0.703912130467523"
"exdqlm_multivar_synth_keep","draw_042",646,"2021-11-01","history","0.680066533238636"
"exdqlm_multivar_synth_keep","draw_042",646,"2021-11-02","history","0.781043837532463"
"exdqlm_multivar_synth_keep","draw_042",646,"2021-11-03","history","0.845148202336776"
"exdqlm_multivar_synth_keep","draw_042",646,"2021-11-04","history","0.791002788843409"
"exdqlm_multivar_synth_keep","draw_042",646,"2021-11-05","history","0.727239807704565"
"exdqlm_multivar_synth_keep","draw_042",646,"2021-11-06","history","0.695277424040394"
"exdqlm_multivar_synth_keep","draw_042",646,"2021-11-07","history","0.661441164341531"
"exdqlm_multivar_synth_keep","draw_042",646,"2021-11-08","history","0.619785349412089"
"exdqlm_multivar_synth_keep","draw_042",646,"2021-11-09","history","0.728398002158243"
"exdqlm_multivar_synth_keep","draw_042",646,"2021-11-10","history","0.861247001640174"
"exdqlm_multivar_synth_keep","draw_042",646,"2021-11-11","history","0.818866035269627"
"exdqlm_multivar_synth_keep","draw_042",646,"2021-11-12","history","0.737662015297072"
"exdqlm_multivar_synth_keep","draw_043",662,"2021-10-25","history","0.845834281231521"
"exdqlm_multivar_synth_keep","draw_043",662,"2021-10-26","history","1.20110218481730"
"exdqlm_multivar_synth_keep","draw_043",662,"2021-10-27","history","1.01302765875569"
"exdqlm_multivar_synth_keep","draw_043",662,"2021-10-28","history","0.827785924933453"
"exdqlm_multivar_synth_keep","draw_043",662,"2021-10-29","history","0.781445887705018"
"exdqlm_multivar_synth_keep","draw_043",662,"2021-10-30","history","0.740700244579645"
"exdqlm_multivar_synth_keep","draw_043",662,"2021-10-31","history","0.707784318041437"
"exdqlm_multivar_synth_keep","draw_043",662,"2021-11-01","history","0.685918038492096"
"exdqlm_multivar_synth_keep","draw_043",662,"2021-11-02","history","0.788618788567947"
"exdqlm_multivar_synth_keep","draw_043",662,"2021-11-03","history","0.850145201512510"
"exdqlm_multivar_synth_keep","draw_043",662,"2021-11-04","history","0.798386889275490"
"exdqlm_multivar_synth_keep","draw_043",662,"2021-11-05","history","0.733848243507045"
"exdqlm_multivar_synth_keep","draw_043",662,"2021-11-06","history","0.702580271224705"
"exdqlm_multivar_synth_keep","draw_043",662,"2021-11-07","history","0.666836896507238"
"exdqlm_multivar_synth_keep","draw_043",662,"2021-11-08","history","0.625359080358089"
"exdqlm_multivar_synth_keep","draw_043",662,"2021-11-09","history","0.734945271274057"
"exdqlm_multivar_synth_keep","draw_043",662,"2021-11-10","history","0.866285927062744"
"exdqlm_multivar_synth_keep","draw_043",662,"2021-11-11","history","0.824545439707305"
"exdqlm_multivar_synth_keep","draw_043",662,"2021-11-12","history","0.744080237227323"
"exdqlm_multivar_synth_keep","draw_044",678,"2021-10-25","history","0.854394016777356"
"exdqlm_multivar_synth_keep","draw_044",678,"2021-10-26","history","1.20516542359900"
"exdqlm_multivar_synth_keep","draw_044",678,"2021-10-27","history","1.01732647098862"
"exdqlm_multivar_synth_keep","draw_044",678,"2021-10-28","history","0.832469599781912"
"exdqlm_multivar_synth_keep","draw_044",678,"2021-10-29","history","0.786524431855714"
"exdqlm_multivar_synth_keep","draw_044",678,"2021-10-30","history","0.746122141281129"
"exdqlm_multivar_synth_keep","draw_044",678,"2021-10-31","history","0.712746332212779"
"exdqlm_multivar_synth_keep","draw_044",678,"2021-11-01","history","0.691589786734690"
"exdqlm_multivar_synth_keep","draw_044",678,"2021-11-02","history","0.793887202648530"
"exdqlm_multivar_synth_keep","draw_044",678,"2021-11-03","history","0.853721899319679"
"exdqlm_multivar_synth_keep","draw_044",678,"2021-11-04","history","0.805147443803056"
"exdqlm_multivar_synth_keep","draw_044",678,"2021-11-05","history","0.739036976268684"
"exdqlm_multivar_synth_keep","draw_044",678,"2021-11-06","history","0.709086224553096"
"exdqlm_multivar_synth_keep","draw_044",678,"2021-11-07","history","0.672435060079434"
"exdqlm_multivar_synth_keep","draw_044",678,"2021-11-08","history","0.629821601021974"
"exdqlm_multivar_synth_keep","draw_044",678,"2021-11-09","history","0.744113425037939"
"exdqlm_multivar_synth_keep","draw_044",678,"2021-11-10","history","0.872019364040333"
"exdqlm_multivar_synth_keep","draw_044",678,"2021-11-11","history","0.831000541917066"
"exdqlm_multivar_synth_keep","draw_044",678,"2021-11-12","history","0.751939006311745"
"exdqlm_multivar_synth_keep","draw_045",694,"2021-10-25","history","0.864156941908935"
"exdqlm_multivar_synth_keep","draw_045",694,"2021-10-26","history","1.21288857223103"
"exdqlm_multivar_synth_keep","draw_045",694,"2021-10-27","history","1.02287021962444"
"exdqlm_multivar_synth_keep","draw_045",694,"2021-10-28","history","0.837855769915199"
"exdqlm_multivar_synth_keep","draw_045",694,"2021-10-29","history","0.792401612114642"
"exdqlm_multivar_synth_keep","draw_045",694,"2021-10-30","history","0.750239766597703"
"exdqlm_multivar_synth_keep","draw_045",694,"2021-10-31","history","0.718104114105280"
"exdqlm_multivar_synth_keep","draw_045",694,"2021-11-01","history","0.695417342186349"
"exdqlm_multivar_synth_keep","draw_045",694,"2021-11-02","history","0.803288114667513"
"exdqlm_multivar_synth_keep","draw_045",694,"2021-11-03","history","0.859377346428464"
"exdqlm_multivar_synth_keep","draw_045",694,"2021-11-04","history","0.811261279152556"
"exdqlm_multivar_synth_keep","draw_045",694,"2021-11-05","history","0.743739265424173"
"exdqlm_multivar_synth_keep","draw_045",694,"2021-11-06","history","0.714759945291812"
"exdqlm_multivar_synth_keep","draw_045",694,"2021-11-07","history","0.676022727676817"
"exdqlm_multivar_synth_keep","draw_045",694,"2021-11-08","history","0.633416611750460"
"exdqlm_multivar_synth_keep","draw_045",694,"2021-11-09","history","0.749821222725287"
"exdqlm_multivar_synth_keep","draw_045",694,"2021-11-10","history","0.876100519195445"
"exdqlm_multivar_synth_keep","draw_045",694,"2021-11-11","history","0.836651983254447"
"exdqlm_multivar_synth_keep","draw_045",694,"2021-11-12","history","0.755163207196417"
"exdqlm_multivar_synth_keep","draw_046",709,"2021-10-25","history","0.870952108685236"
"exdqlm_multivar_synth_keep","draw_046",709,"2021-10-26","history","1.21575206600522"
"exdqlm_multivar_synth_keep","draw_046",709,"2021-10-27","history","1.02835887245330"
"exdqlm_multivar_synth_keep","draw_046",709,"2021-10-28","history","0.840172669731825"
"exdqlm_multivar_synth_keep","draw_046",709,"2021-10-29","history","0.793636587920350"
"exdqlm_multivar_synth_keep","draw_046",709,"2021-10-30","history","0.754658069564531"
"exdqlm_multivar_synth_keep","draw_046",709,"2021-10-31","history","0.721637772755386"
"exdqlm_multivar_synth_keep","draw_046",709,"2021-11-01","history","0.699717071675117"
"exdqlm_multivar_synth_keep","draw_046",709,"2021-11-02","history","0.807798900230669"
"exdqlm_multivar_synth_keep","draw_046",709,"2021-11-03","history","0.862133985723626"
"exdqlm_multivar_synth_keep","draw_046",709,"2021-11-04","history","0.813677835117427"
"exdqlm_multivar_synth_keep","draw_046",709,"2021-11-05","history","0.750313371953760"
"exdqlm_multivar_synth_keep","draw_046",709,"2021-11-06","history","0.718862850355077"
"exdqlm_multivar_synth_keep","draw_046",709,"2021-11-07","history","0.680597656416751"
"exdqlm_multivar_synth_keep","draw_046",709,"2021-11-08","history","0.638795669339965"
"exdqlm_multivar_synth_keep","draw_046",709,"2021-11-09","history","0.755113713617334"
"exdqlm_multivar_synth_keep","draw_046",709,"2021-11-10","history","0.878734588639882"
"exdqlm_multivar_synth_keep","draw_046",709,"2021-11-11","history","0.841190797828008"
"exdqlm_multivar_synth_keep","draw_046",709,"2021-11-12","history","0.757122052197020"
"exdqlm_multivar_synth_keep","draw_047",725,"2021-10-25","history","0.877410349547401"
"exdqlm_multivar_synth_keep","draw_047",725,"2021-10-26","history","1.22195568922398"
"exdqlm_multivar_synth_keep","draw_047",725,"2021-10-27","history","1.03971100190680"
"exdqlm_multivar_synth_keep","draw_047",725,"2021-10-28","history","0.843092756127137"
"exdqlm_multivar_synth_keep","draw_047",725,"2021-10-29","history","0.796384852818970"
"exdqlm_multivar_synth_keep","draw_047",725,"2021-10-30","history","0.757154285280408"
"exdqlm_multivar_synth_keep","draw_047",725,"2021-10-31","history","0.725463931320187"
"exdqlm_multivar_synth_keep","draw_047",725,"2021-11-01","history","0.703985497404290"
"exdqlm_multivar_synth_keep","draw_047",725,"2021-11-02","history","0.813050278519285"
"exdqlm_multivar_synth_keep","draw_047",725,"2021-11-03","history","0.864606827305434"
"exdqlm_multivar_synth_keep","draw_047",725,"2021-11-04","history","0.816110360814915"
"exdqlm_multivar_synth_keep","draw_047",725,"2021-11-05","history","0.753702385991629"
"exdqlm_multivar_synth_keep","draw_047",725,"2021-11-06","history","0.721571749836525"
"exdqlm_multivar_synth_keep","draw_047",725,"2021-11-07","history","0.682847825757225"
"exdqlm_multivar_synth_keep","draw_047",725,"2021-11-08","history","0.642238305027136"
"exdqlm_multivar_synth_keep","draw_047",725,"2021-11-09","history","0.759473931222276"
"exdqlm_multivar_synth_keep","draw_047",725,"2021-11-10","history","0.880713164284409"
"exdqlm_multivar_synth_keep","draw_047",725,"2021-11-11","history","0.845359293765830"
"exdqlm_multivar_synth_keep","draw_047",725,"2021-11-12","history","0.761202647099172"
"exdqlm_multivar_synth_keep","draw_048",741,"2021-10-25","history","0.883476961849560"
"exdqlm_multivar_synth_keep","draw_048",741,"2021-10-26","history","1.22658051321468"
"exdqlm_multivar_synth_keep","draw_048",741,"2021-10-27","history","1.04731450940950"
"exdqlm_multivar_synth_keep","draw_048",741,"2021-10-28","history","0.846237940909518"
"exdqlm_multivar_synth_keep","draw_048",741,"2021-10-29","history","0.800620739211877"
"exdqlm_multivar_synth_keep","draw_048",741,"2021-10-30","history","0.759053514950469"
"exdqlm_multivar_synth_keep","draw_048",741,"2021-10-31","history","0.728827880432382"
"exdqlm_multivar_synth_keep","draw_048",741,"2021-11-01","history","0.706438288386978"
"exdqlm_multivar_synth_keep","draw_048",741,"2021-11-02","history","0.816214290901537"
"exdqlm_multivar_synth_keep","draw_048",741,"2021-11-03","history","0.868538381938474"
"exdqlm_multivar_synth_keep","draw_048",741,"2021-11-04","history","0.820705564512929"
"exdqlm_multivar_synth_keep","draw_048",741,"2021-11-05","history","0.756804537285674"
"exdqlm_multivar_synth_keep","draw_048",741,"2021-11-06","history","0.723609528318747"
"exdqlm_multivar_synth_keep","draw_048",741,"2021-11-07","history","0.685805480680116"
"exdqlm_multivar_synth_keep","draw_048",741,"2021-11-08","history","0.648676945508942"
"exdqlm_multivar_synth_keep","draw_048",741,"2021-11-09","history","0.766076346561332"
"exdqlm_multivar_synth_keep","draw_048",741,"2021-11-10","history","0.886609462263011"
"exdqlm_multivar_synth_keep","draw_048",741,"2021-11-11","history","0.847783805202255"
"exdqlm_multivar_synth_keep","draw_048",741,"2021-11-12","history","0.763803384633255"
"exdqlm_multivar_synth_keep","draw_049",757,"2021-10-25","history","0.890504297605575"
"exdqlm_multivar_synth_keep","draw_049",757,"2021-10-26","history","1.23132579482867"
"exdqlm_multivar_synth_keep","draw_049",757,"2021-10-27","history","1.05165036143574"
"exdqlm_multivar_synth_keep","draw_049",757,"2021-10-28","history","0.850263324078443"
"exdqlm_multivar_synth_keep","draw_049",757,"2021-10-29","history","0.802785130025092"
"exdqlm_multivar_synth_keep","draw_049",757,"2021-10-30","history","0.762291445315154"
"exdqlm_multivar_synth_keep","draw_049",757,"2021-10-31","history","0.730002176697166"
"exdqlm_multivar_synth_keep","draw_049",757,"2021-11-01","history","0.710643698455362"
"exdqlm_multivar_synth_keep","draw_049",757,"2021-11-02","history","0.822175730289073"
"exdqlm_multivar_synth_keep","draw_049",757,"2021-11-03","history","0.871481326960728"
"exdqlm_multivar_synth_keep","draw_049",757,"2021-11-04","history","0.824314920837793"
"exdqlm_multivar_synth_keep","draw_049",757,"2021-11-05","history","0.759445650698029"
"exdqlm_multivar_synth_keep","draw_049",757,"2021-11-06","history","0.725770165523514"
"exdqlm_multivar_synth_keep","draw_049",757,"2021-11-07","history","0.688745269071162"
"exdqlm_multivar_synth_keep","draw_049",757,"2021-11-08","history","0.651681120461874"
"exdqlm_multivar_synth_keep","draw_049",757,"2021-11-09","history","0.769576028233797"
"exdqlm_multivar_synth_keep","draw_049",757,"2021-11-10","history","0.893901279942080"
"exdqlm_multivar_synth_keep","draw_049",757,"2021-11-11","history","0.850254780323590"
"exdqlm_multivar_synth_keep","draw_049",757,"2021-11-12","history","0.768097564341279"
"exdqlm_multivar_synth_keep","draw_050",772,"2021-10-25","history","0.895376052412239"
"exdqlm_multivar_synth_keep","draw_050",772,"2021-10-26","history","1.23488431420179"
"exdqlm_multivar_synth_keep","draw_050",772,"2021-10-27","history","1.05727965800429"
"exdqlm_multivar_synth_keep","draw_050",772,"2021-10-28","history","0.854932451477093"
"exdqlm_multivar_synth_keep","draw_050",772,"2021-10-29","history","0.804399552613153"
"exdqlm_multivar_synth_keep","draw_050",772,"2021-10-30","history","0.766510401992426"
"exdqlm_multivar_synth_keep","draw_050",772,"2021-10-31","history","0.733138350612582"
"exdqlm_multivar_synth_keep","draw_050",772,"2021-11-01","history","0.715354714178555"
"exdqlm_multivar_synth_keep","draw_050",772,"2021-11-02","history","0.826754145701274"
"exdqlm_multivar_synth_keep","draw_050",772,"2021-11-03","history","0.874712426700147"
"exdqlm_multivar_synth_keep","draw_050",772,"2021-11-04","history","0.827752811674917"
"exdqlm_multivar_synth_keep","draw_050",772,"2021-11-05","history","0.762185162642561"
"exdqlm_multivar_synth_keep","draw_050",772,"2021-11-06","history","0.729394001790921"
"exdqlm_multivar_synth_keep","draw_050",772,"2021-11-07","history","0.692304028677731"
"exdqlm_multivar_synth_keep","draw_050",772,"2021-11-08","history","0.655151768005960"
"exdqlm_multivar_synth_keep","draw_050",772,"2021-11-09","history","0.772833211647345"
"exdqlm_multivar_synth_keep","draw_050",772,"2021-11-10","history","0.897017189286738"
"exdqlm_multivar_synth_keep","draw_050",772,"2021-11-11","history","0.853479456943756"
"exdqlm_multivar_synth_keep","draw_050",772,"2021-11-12","history","0.771478434444495"
"exdqlm_multivar_synth_keep","draw_051",788,"2021-10-25","history","0.904013157617713"
"exdqlm_multivar_synth_keep","draw_051",788,"2021-10-26","history","1.23995571785633"
"exdqlm_multivar_synth_keep","draw_051",788,"2021-10-27","history","1.06370232881549"
"exdqlm_multivar_synth_keep","draw_051",788,"2021-10-28","history","0.858786733385625"
"exdqlm_multivar_synth_keep","draw_051",788,"2021-10-29","history","0.807461682552600"
"exdqlm_multivar_synth_keep","draw_051",788,"2021-10-30","history","0.769317518627412"
"exdqlm_multivar_synth_keep","draw_051",788,"2021-10-31","history","0.737636836082377"
"exdqlm_multivar_synth_keep","draw_051",788,"2021-11-01","history","0.720292396986899"
"exdqlm_multivar_synth_keep","draw_051",788,"2021-11-02","history","0.831738514872989"
"exdqlm_multivar_synth_keep","draw_051",788,"2021-11-03","history","0.877564387989682"
"exdqlm_multivar_synth_keep","draw_051",788,"2021-11-04","history","0.829710860714997"
"exdqlm_multivar_synth_keep","draw_051",788,"2021-11-05","history","0.765060632465498"
"exdqlm_multivar_synth_keep","draw_051",788,"2021-11-06","history","0.732415719619169"
"exdqlm_multivar_synth_keep","draw_051",788,"2021-11-07","history","0.695552092408229"
"exdqlm_multivar_synth_keep","draw_051",788,"2021-11-08","history","0.657054167942880"
"exdqlm_multivar_synth_keep","draw_051",788,"2021-11-09","history","0.778881636815641"
"exdqlm_multivar_synth_keep","draw_051",788,"2021-11-10","history","0.900983360609909"
"exdqlm_multivar_synth_keep","draw_051",788,"2021-11-11","history","0.859477476071390"
"exdqlm_multivar_synth_keep","draw_051",788,"2021-11-12","history","0.773709153324094"
"exdqlm_multivar_synth_keep","draw_052",804,"2021-10-25","history","0.915271955940807"
"exdqlm_multivar_synth_keep","draw_052",804,"2021-10-26","history","1.24249104356111"
"exdqlm_multivar_synth_keep","draw_052",804,"2021-10-27","history","1.07124059185194"
"exdqlm_multivar_synth_keep","draw_052",804,"2021-10-28","history","0.861859484188753"
"exdqlm_multivar_synth_keep","draw_052",804,"2021-10-29","history","0.810771395483581"
"exdqlm_multivar_synth_keep","draw_052",804,"2021-10-30","history","0.772080959117426"
"exdqlm_multivar_synth_keep","draw_052",804,"2021-10-31","history","0.741996592250876"
"exdqlm_multivar_synth_keep","draw_052",804,"2021-11-01","history","0.723215519831989"
"exdqlm_multivar_synth_keep","draw_052",804,"2021-11-02","history","0.835487297814440"
"exdqlm_multivar_synth_keep","draw_052",804,"2021-11-03","history","0.879850208589090"
"exdqlm_multivar_synth_keep","draw_052",804,"2021-11-04","history","0.835655073749732"
"exdqlm_multivar_synth_keep","draw_052",804,"2021-11-05","history","0.766894583560522"
"exdqlm_multivar_synth_keep","draw_052",804,"2021-11-06","history","0.735897947259932"
"exdqlm_multivar_synth_keep","draw_052",804,"2021-11-07","history","0.697741240441878"
"exdqlm_multivar_synth_keep","draw_052",804,"2021-11-08","history","0.659544817124339"
"exdqlm_multivar_synth_keep","draw_052",804,"2021-11-09","history","0.782779488077890"
"exdqlm_multivar_synth_keep","draw_052",804,"2021-11-10","history","0.906041437904784"
"exdqlm_multivar_synth_keep","draw_052",804,"2021-11-11","history","0.862568026219805"
"exdqlm_multivar_synth_keep","draw_052",804,"2021-11-12","history","0.776864375011501"
"exdqlm_multivar_synth_keep","draw_053",819,"2021-10-25","history","0.921112150844536"
"exdqlm_multivar_synth_keep","draw_053",819,"2021-10-26","history","1.24821143505737"
"exdqlm_multivar_synth_keep","draw_053",819,"2021-10-27","history","1.07454630663741"
"exdqlm_multivar_synth_keep","draw_053",819,"2021-10-28","history","0.865254964411511"
"exdqlm_multivar_synth_keep","draw_053",819,"2021-10-29","history","0.814240495323087"
"exdqlm_multivar_synth_keep","draw_053",819,"2021-10-30","history","0.774347309504159"
"exdqlm_multivar_synth_keep","draw_053",819,"2021-10-31","history","0.745097156082677"
"exdqlm_multivar_synth_keep","draw_053",819,"2021-11-01","history","0.726304403178902"
"exdqlm_multivar_synth_keep","draw_053",819,"2021-11-02","history","0.838922363041058"
"exdqlm_multivar_synth_keep","draw_053",819,"2021-11-03","history","0.882247691246339"
"exdqlm_multivar_synth_keep","draw_053",819,"2021-11-04","history","0.839785569155344"
"exdqlm_multivar_synth_keep","draw_053",819,"2021-11-05","history","0.769986809689177"
"exdqlm_multivar_synth_keep","draw_053",819,"2021-11-06","history","0.738313541035205"
"exdqlm_multivar_synth_keep","draw_053",819,"2021-11-07","history","0.700338395600889"
"exdqlm_multivar_synth_keep","draw_053",819,"2021-11-08","history","0.663455917829116"
"exdqlm_multivar_synth_keep","draw_053",819,"2021-11-09","history","0.787030189983951"
"exdqlm_multivar_synth_keep","draw_053",819,"2021-11-10","history","0.908688527663480"
"exdqlm_multivar_synth_keep","draw_053",819,"2021-11-11","history","0.865485965051186"
"exdqlm_multivar_synth_keep","draw_053",819,"2021-11-12","history","0.779308031033307"
"exdqlm_multivar_synth_keep","draw_054",835,"2021-10-25","history","0.928111032930629"
"exdqlm_multivar_synth_keep","draw_054",835,"2021-10-26","history","1.25242808976775"
"exdqlm_multivar_synth_keep","draw_054",835,"2021-10-27","history","1.07952795371564"
"exdqlm_multivar_synth_keep","draw_054",835,"2021-10-28","history","0.867637544334128"
"exdqlm_multivar_synth_keep","draw_054",835,"2021-10-29","history","0.815638813484784"
"exdqlm_multivar_synth_keep","draw_054",835,"2021-10-30","history","0.778046456810968"
"exdqlm_multivar_synth_keep","draw_054",835,"2021-10-31","history","0.748396007688290"
"exdqlm_multivar_synth_keep","draw_054",835,"2021-11-01","history","0.729418765180355"
"exdqlm_multivar_synth_keep","draw_054",835,"2021-11-02","history","0.844299338222326"
"exdqlm_multivar_synth_keep","draw_054",835,"2021-11-03","history","0.886544002262344"
"exdqlm_multivar_synth_keep","draw_054",835,"2021-11-04","history","0.841725371719103"
"exdqlm_multivar_synth_keep","draw_054",835,"2021-11-05","history","0.772734773673492"
"exdqlm_multivar_synth_keep","draw_054",835,"2021-11-06","history","0.740040575410854"
"exdqlm_multivar_synth_keep","draw_054",835,"2021-11-07","history","0.703368767930036"
"exdqlm_multivar_synth_keep","draw_054",835,"2021-11-08","history","0.666158829607774"
"exdqlm_multivar_synth_keep","draw_054",835,"2021-11-09","history","0.790034367067331"
"exdqlm_multivar_synth_keep","draw_054",835,"2021-11-10","history","0.911495969677116"
"exdqlm_multivar_synth_keep","draw_054",835,"2021-11-11","history","0.868192819498263"
"exdqlm_multivar_synth_keep","draw_054",835,"2021-11-12","history","0.784699323719515"
"exdqlm_multivar_synth_keep","draw_055",851,"2021-10-25","history","0.938948599881815"
"exdqlm_multivar_synth_keep","draw_055",851,"2021-10-26","history","1.25702295778593"
"exdqlm_multivar_synth_keep","draw_055",851,"2021-10-27","history","1.08367307003256"
"exdqlm_multivar_synth_keep","draw_055",851,"2021-10-28","history","0.869959838022094"
"exdqlm_multivar_synth_keep","draw_055",851,"2021-10-29","history","0.817963031148057"
"exdqlm_multivar_synth_keep","draw_055",851,"2021-10-30","history","0.781545528059923"
"exdqlm_multivar_synth_keep","draw_055",851,"2021-10-31","history","0.751036891901806"
"exdqlm_multivar_synth_keep","draw_055",851,"2021-11-01","history","0.732492403896073"
"exdqlm_multivar_synth_keep","draw_055",851,"2021-11-02","history","0.848263680955283"
"exdqlm_multivar_synth_keep","draw_055",851,"2021-11-03","history","0.890756097431373"
"exdqlm_multivar_synth_keep","draw_055",851,"2021-11-04","history","0.843546338226907"
"exdqlm_multivar_synth_keep","draw_055",851,"2021-11-05","history","0.776239978973935"
"exdqlm_multivar_synth_keep","draw_055",851,"2021-11-06","history","0.741732526874651"
"exdqlm_multivar_synth_keep","draw_055",851,"2021-11-07","history","0.705718063335416"
"exdqlm_multivar_synth_keep","draw_055",851,"2021-11-08","history","0.669199117075132"
"exdqlm_multivar_synth_keep","draw_055",851,"2021-11-09","history","0.794329558793913"
"exdqlm_multivar_synth_keep","draw_055",851,"2021-11-10","history","0.915896401830509"
"exdqlm_multivar_synth_keep","draw_055",851,"2021-11-11","history","0.870540044131892"
"exdqlm_multivar_synth_keep","draw_055",851,"2021-11-12","history","0.788765391476831"
"exdqlm_multivar_synth_keep","draw_056",867,"2021-10-25","history","0.947501202409012"
"exdqlm_multivar_synth_keep","draw_056",867,"2021-10-26","history","1.26317339356510"
"exdqlm_multivar_synth_keep","draw_056",867,"2021-10-27","history","1.08787646826166"
"exdqlm_multivar_synth_keep","draw_056",867,"2021-10-28","history","0.873920308467637"
"exdqlm_multivar_synth_keep","draw_056",867,"2021-10-29","history","0.821430377329376"
"exdqlm_multivar_synth_keep","draw_056",867,"2021-10-30","history","0.783961447951613"
"exdqlm_multivar_synth_keep","draw_056",867,"2021-10-31","history","0.753472755037040"
"exdqlm_multivar_synth_keep","draw_056",867,"2021-11-01","history","0.735259550543119"
"exdqlm_multivar_synth_keep","draw_056",867,"2021-11-02","history","0.852219880143600"
"exdqlm_multivar_synth_keep","draw_056",867,"2021-11-03","history","0.894543586023289"
"exdqlm_multivar_synth_keep","draw_056",867,"2021-11-04","history","0.845299484653528"
"exdqlm_multivar_synth_keep","draw_056",867,"2021-11-05","history","0.779191449688699"
"exdqlm_multivar_synth_keep","draw_056",867,"2021-11-06","history","0.744230598952344"
"exdqlm_multivar_synth_keep","draw_056",867,"2021-11-07","history","0.708410863840624"
"exdqlm_multivar_synth_keep","draw_056",867,"2021-11-08","history","0.670607293147920"
"exdqlm_multivar_synth_keep","draw_056",867,"2021-11-09","history","0.800649544817599"
"exdqlm_multivar_synth_keep","draw_056",867,"2021-11-10","history","0.921604229308359"
"exdqlm_multivar_synth_keep","draw_056",867,"2021-11-11","history","0.874439141790985"
"exdqlm_multivar_synth_keep","draw_056",867,"2021-11-12","history","0.792050103297811"
"exdqlm_multivar_synth_keep","draw_057",882,"2021-10-25","history","0.959355550060111"
"exdqlm_multivar_synth_keep","draw_057",882,"2021-10-26","history","1.26644085451087"
"exdqlm_multivar_synth_keep","draw_057",882,"2021-10-27","history","1.09475311070696"
"exdqlm_multivar_synth_keep","draw_057",882,"2021-10-28","history","0.879623017850976"
"exdqlm_multivar_synth_keep","draw_057",882,"2021-10-29","history","0.824870108116510"
"exdqlm_multivar_synth_keep","draw_057",882,"2021-10-30","history","0.787513827955447"
"exdqlm_multivar_synth_keep","draw_057",882,"2021-10-31","history","0.756799054385618"
"exdqlm_multivar_synth_keep","draw_057",882,"2021-11-01","history","0.737232462625383"
"exdqlm_multivar_synth_keep","draw_057",882,"2021-11-02","history","0.857384921778440"
"exdqlm_multivar_synth_keep","draw_057",882,"2021-11-03","history","0.899414858135384"
"exdqlm_multivar_synth_keep","draw_057",882,"2021-11-04","history","0.847761042810063"
"exdqlm_multivar_synth_keep","draw_057",882,"2021-11-05","history","0.782697613528139"
"exdqlm_multivar_synth_keep","draw_057",882,"2021-11-06","history","0.747170625444532"
"exdqlm_multivar_synth_keep","draw_057",882,"2021-11-07","history","0.711014744919904"
"exdqlm_multivar_synth_keep","draw_057",882,"2021-11-08","history","0.673381803510205"
"exdqlm_multivar_synth_keep","draw_057",882,"2021-11-09","history","0.803331571298816"
"exdqlm_multivar_synth_keep","draw_057",882,"2021-11-10","history","0.926858073840283"
"exdqlm_multivar_synth_keep","draw_057",882,"2021-11-11","history","0.878554655652447"
"exdqlm_multivar_synth_keep","draw_057",882,"2021-11-12","history","0.796087745455688"
"exdqlm_multivar_synth_keep","draw_058",898,"2021-10-25","history","0.969897313102555"
"exdqlm_multivar_synth_keep","draw_058",898,"2021-10-26","history","1.27063280335670"
"exdqlm_multivar_synth_keep","draw_058",898,"2021-10-27","history","1.09752096720479"
"exdqlm_multivar_synth_keep","draw_058",898,"2021-10-28","history","0.882012411478541"
"exdqlm_multivar_synth_keep","draw_058",898,"2021-10-29","history","0.828029673260479"
"exdqlm_multivar_synth_keep","draw_058",898,"2021-10-30","history","0.789212473922837"
"exdqlm_multivar_synth_keep","draw_058",898,"2021-10-31","history","0.760902983796786"
"exdqlm_multivar_synth_keep","draw_058",898,"2021-11-01","history","0.740449276644085"
"exdqlm_multivar_synth_keep","draw_058",898,"2021-11-02","history","0.859473478739289"
"exdqlm_multivar_synth_keep","draw_058",898,"2021-11-03","history","0.903563115720925"
"exdqlm_multivar_synth_keep","draw_058",898,"2021-11-04","history","0.851545992309980"
"exdqlm_multivar_synth_keep","draw_058",898,"2021-11-05","history","0.786975972383401"
"exdqlm_multivar_synth_keep","draw_058",898,"2021-11-06","history","0.749780139072024"
"exdqlm_multivar_synth_keep","draw_058",898,"2021-11-07","history","0.712358723027245"
"exdqlm_multivar_synth_keep","draw_058",898,"2021-11-08","history","0.676562090970919"
"exdqlm_multivar_synth_keep","draw_058",898,"2021-11-09","history","0.808133040135334"
"exdqlm_multivar_synth_keep","draw_058",898,"2021-11-10","history","0.931043938573520"
"exdqlm_multivar_synth_keep","draw_058",898,"2021-11-11","history","0.881311862796506"
"exdqlm_multivar_synth_keep","draw_058",898,"2021-11-12","history","0.798888743000527"
"exdqlm_multivar_synth_keep","draw_059",914,"2021-10-25","history","0.979802335925666"
"exdqlm_multivar_synth_keep","draw_059",914,"2021-10-26","history","1.27452666128961"
"exdqlm_multivar_synth_keep","draw_059",914,"2021-10-27","history","1.10452938278228"
"exdqlm_multivar_synth_keep","draw_059",914,"2021-10-28","history","0.884773740039223"
"exdqlm_multivar_synth_keep","draw_059",914,"2021-10-29","history","0.832751455433025"
"exdqlm_multivar_synth_keep","draw_059",914,"2021-10-30","history","0.792225479963210"
"exdqlm_multivar_synth_keep","draw_059",914,"2021-10-31","history","0.764011133318039"
"exdqlm_multivar_synth_keep","draw_059",914,"2021-11-01","history","0.742775155600302"
"exdqlm_multivar_synth_keep","draw_059",914,"2021-11-02","history","0.864161050918609"
"exdqlm_multivar_synth_keep","draw_059",914,"2021-11-03","history","0.906669967408817"
"exdqlm_multivar_synth_keep","draw_059",914,"2021-11-04","history","0.854380659238113"
"exdqlm_multivar_synth_keep","draw_059",914,"2021-11-05","history","0.790390964840631"
"exdqlm_multivar_synth_keep","draw_059",914,"2021-11-06","history","0.753307534240372"
"exdqlm_multivar_synth_keep","draw_059",914,"2021-11-07","history","0.714427399653768"
"exdqlm_multivar_synth_keep","draw_059",914,"2021-11-08","history","0.680500851669155"
"exdqlm_multivar_synth_keep","draw_059",914,"2021-11-09","history","0.814187976890979"
"exdqlm_multivar_synth_keep","draw_059",914,"2021-11-10","history","0.933956448819310"
"exdqlm_multivar_synth_keep","draw_059",914,"2021-11-11","history","0.884966006255119"
"exdqlm_multivar_synth_keep","draw_059",914,"2021-11-12","history","0.801824006843585"
"exdqlm_multivar_synth_keep","draw_060",930,"2021-10-25","history","0.987527676563965"
"exdqlm_multivar_synth_keep","draw_060",930,"2021-10-26","history","1.27897079460476"
"exdqlm_multivar_synth_keep","draw_060",930,"2021-10-27","history","1.11101595307918"
"exdqlm_multivar_synth_keep","draw_060",930,"2021-10-28","history","0.888351551223873"
"exdqlm_multivar_synth_keep","draw_060",930,"2021-10-29","history","0.836889315903389"
"exdqlm_multivar_synth_keep","draw_060",930,"2021-10-30","history","0.795977049539507"
"exdqlm_multivar_synth_keep","draw_060",930,"2021-10-31","history","0.767302931131209"
"exdqlm_multivar_synth_keep","draw_060",930,"2021-11-01","history","0.747700234473373"
"exdqlm_multivar_synth_keep","draw_060",930,"2021-11-02","history","0.868148811946673"
"exdqlm_multivar_synth_keep","draw_060",930,"2021-11-03","history","0.909834532284928"
"exdqlm_multivar_synth_keep","draw_060",930,"2021-11-04","history","0.855888611919485"
"exdqlm_multivar_synth_keep","draw_060",930,"2021-11-05","history","0.794268369764021"
"exdqlm_multivar_synth_keep","draw_060",930,"2021-11-06","history","0.755326885648698"
"exdqlm_multivar_synth_keep","draw_060",930,"2021-11-07","history","0.716543065480958"
"exdqlm_multivar_synth_keep","draw_060",930,"2021-11-08","history","0.681733444635263"
"exdqlm_multivar_synth_keep","draw_060",930,"2021-11-09","history","0.818463867763322"
"exdqlm_multivar_synth_keep","draw_060",930,"2021-11-10","history","0.937915881351481"
"exdqlm_multivar_synth_keep","draw_060",930,"2021-11-11","history","0.889254682623314"
"exdqlm_multivar_synth_keep","draw_060",930,"2021-11-12","history","0.804198970043264"
"exdqlm_multivar_synth_keep","draw_061",945,"2021-10-25","history","0.997394603802278"
"exdqlm_multivar_synth_keep","draw_061",945,"2021-10-26","history","1.28252231759998"
"exdqlm_multivar_synth_keep","draw_061",945,"2021-10-27","history","1.11695029503501"
"exdqlm_multivar_synth_keep","draw_061",945,"2021-10-28","history","0.891706803184654"
"exdqlm_multivar_synth_keep","draw_061",945,"2021-10-29","history","0.840988086840585"
"exdqlm_multivar_synth_keep","draw_061",945,"2021-10-30","history","0.799225788654564"
"exdqlm_multivar_synth_keep","draw_061",945,"2021-10-31","history","0.770165476471681"
"exdqlm_multivar_synth_keep","draw_061",945,"2021-11-01","history","0.749153861349251"
"exdqlm_multivar_synth_keep","draw_061",945,"2021-11-02","history","0.873054524259207"
"exdqlm_multivar_synth_keep","draw_061",945,"2021-11-03","history","0.912333100152514"
"exdqlm_multivar_synth_keep","draw_061",945,"2021-11-04","history","0.860030339582702"
"exdqlm_multivar_synth_keep","draw_061",945,"2021-11-05","history","0.797749510966674"
"exdqlm_multivar_synth_keep","draw_061",945,"2021-11-06","history","0.757837717938439"
"exdqlm_multivar_synth_keep","draw_061",945,"2021-11-07","history","0.720611538787577"
"exdqlm_multivar_synth_keep","draw_061",945,"2021-11-08","history","0.687103853929790"
"exdqlm_multivar_synth_keep","draw_061",945,"2021-11-09","history","0.824384495863215"
"exdqlm_multivar_synth_keep","draw_061",945,"2021-11-10","history","0.941313286861580"
"exdqlm_multivar_synth_keep","draw_061",945,"2021-11-11","history","0.892370534512504"
"exdqlm_multivar_synth_keep","draw_061",945,"2021-11-12","history","0.806990613277991"
"exdqlm_multivar_synth_keep","draw_062",961,"2021-10-25","history","1.00640202259568"
"exdqlm_multivar_synth_keep","draw_062",961,"2021-10-26","history","1.28644375493524"
"exdqlm_multivar_synth_keep","draw_062",961,"2021-10-27","history","1.12231785654864"
"exdqlm_multivar_synth_keep","draw_062",961,"2021-10-28","history","0.894658372790473"
"exdqlm_multivar_synth_keep","draw_062",961,"2021-10-29","history","0.843045878220535"
"exdqlm_multivar_synth_keep","draw_062",961,"2021-10-30","history","0.802947783585945"
"exdqlm_multivar_synth_keep","draw_062",961,"2021-10-31","history","0.773498900684450"
"exdqlm_multivar_synth_keep","draw_062",961,"2021-11-01","history","0.752268917839680"
"exdqlm_multivar_synth_keep","draw_062",961,"2021-11-02","history","0.876896423302530"
"exdqlm_multivar_synth_keep","draw_062",961,"2021-11-03","history","0.916953768096609"
"exdqlm_multivar_synth_keep","draw_062",961,"2021-11-04","history","0.862468114117175"
"exdqlm_multivar_synth_keep","draw_062",961,"2021-11-05","history","0.800375312498340"
"exdqlm_multivar_synth_keep","draw_062",961,"2021-11-06","history","0.762131802087513"
"exdqlm_multivar_synth_keep","draw_062",961,"2021-11-07","history","0.722923134529389"
"exdqlm_multivar_synth_keep","draw_062",961,"2021-11-08","history","0.690303837363870"
"exdqlm_multivar_synth_keep","draw_062",961,"2021-11-09","history","0.828864588570774"
"exdqlm_multivar_synth_keep","draw_062",961,"2021-11-10","history","0.944988637314692"
"exdqlm_multivar_synth_keep","draw_062",961,"2021-11-11","history","0.896417349694984"
"exdqlm_multivar_synth_keep","draw_062",961,"2021-11-12","history","0.811791968478303"
"exdqlm_multivar_synth_keep","draw_063",977,"2021-10-25","history","1.01298019763485"
"exdqlm_multivar_synth_keep","draw_063",977,"2021-10-26","history","1.29034945931913"
"exdqlm_multivar_synth_keep","draw_063",977,"2021-10-27","history","1.12691608798996"
"exdqlm_multivar_synth_keep","draw_063",977,"2021-10-28","history","0.896739123310042"
"exdqlm_multivar_synth_keep","draw_063",977,"2021-10-29","history","0.844376687618623"
"exdqlm_multivar_synth_keep","draw_063",977,"2021-10-30","history","0.804840268125469"
"exdqlm_multivar_synth_keep","draw_063",977,"2021-10-31","history","0.775341820725466"
"exdqlm_multivar_synth_keep","draw_063",977,"2021-11-01","history","0.755866067312852"
"exdqlm_multivar_synth_keep","draw_063",977,"2021-11-02","history","0.879737983341905"
"exdqlm_multivar_synth_keep","draw_063",977,"2021-11-03","history","0.920426210177034"
"exdqlm_multivar_synth_keep","draw_063",977,"2021-11-04","history","0.866499510324663"
"exdqlm_multivar_synth_keep","draw_063",977,"2021-11-05","history","0.802451192385945"
"exdqlm_multivar_synth_keep","draw_063",977,"2021-11-06","history","0.766120804794667"
"exdqlm_multivar_synth_keep","draw_063",977,"2021-11-07","history","0.726503075066099"
"exdqlm_multivar_synth_keep","draw_063",977,"2021-11-08","history","0.692678679597599"
"exdqlm_multivar_synth_keep","draw_063",977,"2021-11-09","history","0.833084531675222"
"exdqlm_multivar_synth_keep","draw_063",977,"2021-11-10","history","0.949997849282399"
"exdqlm_multivar_synth_keep","draw_063",977,"2021-11-11","history","0.899363597560745"
"exdqlm_multivar_synth_keep","draw_063",977,"2021-11-12","history","0.814440844852644"
"exdqlm_multivar_synth_keep","draw_064",993,"2021-10-25","history","1.02575695477249"
"exdqlm_multivar_synth_keep","draw_064",993,"2021-10-26","history","1.29652372435009"
"exdqlm_multivar_synth_keep","draw_064",993,"2021-10-27","history","1.13100092926130"
"exdqlm_multivar_synth_keep","draw_064",993,"2021-10-28","history","0.898956767164985"
"exdqlm_multivar_synth_keep","draw_064",993,"2021-10-29","history","0.847030846809265"
"exdqlm_multivar_synth_keep","draw_064",993,"2021-10-30","history","0.809679042976446"
"exdqlm_multivar_synth_keep","draw_064",993,"2021-10-31","history","0.778028801614817"
"exdqlm_multivar_synth_keep","draw_064",993,"2021-11-01","history","0.760262719305434"
"exdqlm_multivar_synth_keep","draw_064",993,"2021-11-02","history","0.885230049992014"
"exdqlm_multivar_synth_keep","draw_064",993,"2021-11-03","history","0.922066736169139"
"exdqlm_multivar_synth_keep","draw_064",993,"2021-11-04","history","0.869721875806405"
"exdqlm_multivar_synth_keep","draw_064",993,"2021-11-05","history","0.805527440779691"
"exdqlm_multivar_synth_keep","draw_064",993,"2021-11-06","history","0.768702282095604"
"exdqlm_multivar_synth_keep","draw_064",993,"2021-11-07","history","0.728917989578727"
"exdqlm_multivar_synth_keep","draw_064",993,"2021-11-08","history","0.694895797362102"
"exdqlm_multivar_synth_keep","draw_064",993,"2021-11-09","history","0.838658472373332"
"exdqlm_multivar_synth_keep","draw_064",993,"2021-11-10","history","0.955640929918203"
"exdqlm_multivar_synth_keep","draw_064",993,"2021-11-11","history","0.901025984679341"
"exdqlm_multivar_synth_keep","draw_064",993,"2021-11-12","history","0.817995713692669"
"exdqlm_multivar_synth_keep","draw_065",1008,"2021-10-25","history","1.04080249777617"
"exdqlm_multivar_synth_keep","draw_065",1008,"2021-10-26","history","1.30220412701221"
"exdqlm_multivar_synth_keep","draw_065",1008,"2021-10-27","history","1.13717098935905"
"exdqlm_multivar_synth_keep","draw_065",1008,"2021-10-28","history","0.901346645699580"
"exdqlm_multivar_synth_keep","draw_065",1008,"2021-10-29","history","0.848864690678694"
"exdqlm_multivar_synth_keep","draw_065",1008,"2021-10-30","history","0.812168010381940"
"exdqlm_multivar_synth_keep","draw_065",1008,"2021-10-31","history","0.780414438536861"
"exdqlm_multivar_synth_keep","draw_065",1008,"2021-11-01","history","0.764104959915214"
"exdqlm_multivar_synth_keep","draw_065",1008,"2021-11-02","history","0.889106295731813"
"exdqlm_multivar_synth_keep","draw_065",1008,"2021-11-03","history","0.923647885175580"
"exdqlm_multivar_synth_keep","draw_065",1008,"2021-11-04","history","0.872625622893883"
"exdqlm_multivar_synth_keep","draw_065",1008,"2021-11-05","history","0.810737164073153"
"exdqlm_multivar_synth_keep","draw_065",1008,"2021-11-06","history","0.771085536266682"
"exdqlm_multivar_synth_keep","draw_065",1008,"2021-11-07","history","0.732387569440924"
"exdqlm_multivar_synth_keep","draw_065",1008,"2021-11-08","history","0.696257419656544"
"exdqlm_multivar_synth_keep","draw_065",1008,"2021-11-09","history","0.845518902551712"
"exdqlm_multivar_synth_keep","draw_065",1008,"2021-11-10","history","0.959611659057267"
"exdqlm_multivar_synth_keep","draw_065",1008,"2021-11-11","history","0.905159607202886"
"exdqlm_multivar_synth_keep","draw_065",1008,"2021-11-12","history","0.821717454461051"
"exdqlm_multivar_synth_keep","draw_066",1024,"2021-10-25","history","1.05614679973692"
"exdqlm_multivar_synth_keep","draw_066",1024,"2021-10-26","history","1.30885478517229"
"exdqlm_multivar_synth_keep","draw_066",1024,"2021-10-27","history","1.14304886777369"
"exdqlm_multivar_synth_keep","draw_066",1024,"2021-10-28","history","0.902769079203717"
"exdqlm_multivar_synth_keep","draw_066",1024,"2021-10-29","history","0.850089532341141"
"exdqlm_multivar_synth_keep","draw_066",1024,"2021-10-30","history","0.814665634516217"
"exdqlm_multivar_synth_keep","draw_066",1024,"2021-10-31","history","0.781631689669249"
"exdqlm_multivar_synth_keep","draw_066",1024,"2021-11-01","history","0.765863395963187"
"exdqlm_multivar_synth_keep","draw_066",1024,"2021-11-02","history","0.891910338140549"
"exdqlm_multivar_synth_keep","draw_066",1024,"2021-11-03","history","0.925724082459532"
"exdqlm_multivar_synth_keep","draw_066",1024,"2021-11-04","history","0.876763110924255"
"exdqlm_multivar_synth_keep","draw_066",1024,"2021-11-05","history","0.811510319390726"
"exdqlm_multivar_synth_keep","draw_066",1024,"2021-11-06","history","0.774187210563735"
"exdqlm_multivar_synth_keep","draw_066",1024,"2021-11-07","history","0.736025490169463"
"exdqlm_multivar_synth_keep","draw_066",1024,"2021-11-08","history","0.699303801460398"
"exdqlm_multivar_synth_keep","draw_066",1024,"2021-11-09","history","0.853313236115777"
"exdqlm_multivar_synth_keep","draw_066",1024,"2021-11-10","history","0.963342091212923"
"exdqlm_multivar_synth_keep","draw_066",1024,"2021-11-11","history","0.911351386008800"
"exdqlm_multivar_synth_keep","draw_066",1024,"2021-11-12","history","0.825113027231090"
"exdqlm_multivar_synth_keep","draw_067",1040,"2021-10-25","history","1.06389791466940"
"exdqlm_multivar_synth_keep","draw_067",1040,"2021-10-26","history","1.31491267993035"
"exdqlm_multivar_synth_keep","draw_067",1040,"2021-10-27","history","1.14683838336363"
"exdqlm_multivar_synth_keep","draw_067",1040,"2021-10-28","history","0.904012911235234"
"exdqlm_multivar_synth_keep","draw_067",1040,"2021-10-29","history","0.852547660923877"
"exdqlm_multivar_synth_keep","draw_067",1040,"2021-10-30","history","0.815847197859186"
"exdqlm_multivar_synth_keep","draw_067",1040,"2021-10-31","history","0.783056997757356"
"exdqlm_multivar_synth_keep","draw_067",1040,"2021-11-01","history","0.767614636124806"
"exdqlm_multivar_synth_keep","draw_067",1040,"2021-11-02","history","0.894710394149118"
"exdqlm_multivar_synth_keep","draw_067",1040,"2021-11-03","history","0.928315984405542"
"exdqlm_multivar_synth_keep","draw_067",1040,"2021-11-04","history","0.881189333753597"
"exdqlm_multivar_synth_keep","draw_067",1040,"2021-11-05","history","0.813143778584289"
"exdqlm_multivar_synth_keep","draw_067",1040,"2021-11-06","history","0.775382011139446"
"exdqlm_multivar_synth_keep","draw_067",1040,"2021-11-07","history","0.738538322293533"
"exdqlm_multivar_synth_keep","draw_067",1040,"2021-11-08","history","0.702175270236590"
"exdqlm_multivar_synth_keep","draw_067",1040,"2021-11-09","history","0.858770067285895"
"exdqlm_multivar_synth_keep","draw_067",1040,"2021-11-10","history","0.966405998130424"
"exdqlm_multivar_synth_keep","draw_067",1040,"2021-11-11","history","0.914057016445643"
"exdqlm_multivar_synth_keep","draw_067",1040,"2021-11-12","history","0.827446989019757"
"exdqlm_multivar_synth_keep","draw_068",1056,"2021-10-25","history","1.07883436338523"
"exdqlm_multivar_synth_keep","draw_068",1056,"2021-10-26","history","1.32349140099648"
"exdqlm_multivar_synth_keep","draw_068",1056,"2021-10-27","history","1.14951223430749"
"exdqlm_multivar_synth_keep","draw_068",1056,"2021-10-28","history","0.905545418328836"
"exdqlm_multivar_synth_keep","draw_068",1056,"2021-10-29","history","0.854938860128511"
"exdqlm_multivar_synth_keep","draw_068",1056,"2021-10-30","history","0.816701109616444"
"exdqlm_multivar_synth_keep","draw_068",1056,"2021-10-31","history","0.786576880350485"
"exdqlm_multivar_synth_keep","draw_068",1056,"2021-11-01","history","0.768377999499941"
"exdqlm_multivar_synth_keep","draw_068",1056,"2021-11-02","history","0.899092258617319"
"exdqlm_multivar_synth_keep","draw_068",1056,"2021-11-03","history","0.933370584507592"
"exdqlm_multivar_synth_keep","draw_068",1056,"2021-11-04","history","0.883746317027041"
"exdqlm_multivar_synth_keep","draw_068",1056,"2021-11-05","history","0.815297546875637"
"exdqlm_multivar_synth_keep","draw_068",1056,"2021-11-06","history","0.777512762176409"
"exdqlm_multivar_synth_keep","draw_068",1056,"2021-11-07","history","0.739978073783803"
"exdqlm_multivar_synth_keep","draw_068",1056,"2021-11-08","history","0.704177021791140"
"exdqlm_multivar_synth_keep","draw_068",1056,"2021-11-09","history","0.863022144333448"
"exdqlm_multivar_synth_keep","draw_068",1056,"2021-11-10","history","0.969704835020794"
"exdqlm_multivar_synth_keep","draw_068",1056,"2021-11-11","history","0.918154774057164"
"exdqlm_multivar_synth_keep","draw_068",1056,"2021-11-12","history","0.829224945676518"
"exdqlm_multivar_synth_keep","draw_069",1071,"2021-10-25","history","1.09210232728531"
"exdqlm_multivar_synth_keep","draw_069",1071,"2021-10-26","history","1.32952357519476"
"exdqlm_multivar_synth_keep","draw_069",1071,"2021-10-27","history","1.15733373374153"
"exdqlm_multivar_synth_keep","draw_069",1071,"2021-10-28","history","0.906370025342395"
"exdqlm_multivar_synth_keep","draw_069",1071,"2021-10-29","history","0.857450808429412"
"exdqlm_multivar_synth_keep","draw_069",1071,"2021-10-30","history","0.819610822120673"
"exdqlm_multivar_synth_keep","draw_069",1071,"2021-10-31","history","0.788944943036166"
"exdqlm_multivar_synth_keep","draw_069",1071,"2021-11-01","history","0.770270749917302"
"exdqlm_multivar_synth_keep","draw_069",1071,"2021-11-02","history","0.902791201011111"
"exdqlm_multivar_synth_keep","draw_069",1071,"2021-11-03","history","0.934621153246593"
"exdqlm_multivar_synth_keep","draw_069",1071,"2021-11-04","history","0.886147937923405"
"exdqlm_multivar_synth_keep","draw_069",1071,"2021-11-05","history","0.816848375754366"
"exdqlm_multivar_synth_keep","draw_069",1071,"2021-11-06","history","0.779660632626194"
"exdqlm_multivar_synth_keep","draw_069",1071,"2021-11-07","history","0.741205968806054"
"exdqlm_multivar_synth_keep","draw_069",1071,"2021-11-08","history","0.705295962098133"
"exdqlm_multivar_synth_keep","draw_069",1071,"2021-11-09","history","0.868008151269988"
"exdqlm_multivar_synth_keep","draw_069",1071,"2021-11-10","history","0.971879366240657"
"exdqlm_multivar_synth_keep","draw_069",1071,"2021-11-11","history","0.922529109503998"
"exdqlm_multivar_synth_keep","draw_069",1071,"2021-11-12","history","0.830218433895524"
"exdqlm_multivar_synth_keep","draw_070",1087,"2021-10-25","history","1.10176321793623"
"exdqlm_multivar_synth_keep","draw_070",1087,"2021-10-26","history","1.33625016002073"
"exdqlm_multivar_synth_keep","draw_070",1087,"2021-10-27","history","1.16278536435024"
"exdqlm_multivar_synth_keep","draw_070",1087,"2021-10-28","history","0.908420385244956"
"exdqlm_multivar_synth_keep","draw_070",1087,"2021-10-29","history","0.858909843325025"
"exdqlm_multivar_synth_keep","draw_070",1087,"2021-10-30","history","0.820223385318225"
"exdqlm_multivar_synth_keep","draw_070",1087,"2021-10-31","history","0.790761805584740"
"exdqlm_multivar_synth_keep","draw_070",1087,"2021-11-01","history","0.771375527259257"
"exdqlm_multivar_synth_keep","draw_070",1087,"2021-11-02","history","0.905314411383164"
"exdqlm_multivar_synth_keep","draw_070",1087,"2021-11-03","history","0.937314375182228"
"exdqlm_multivar_synth_keep","draw_070",1087,"2021-11-04","history","0.888103346444426"
"exdqlm_multivar_synth_keep","draw_070",1087,"2021-11-05","history","0.819043878888967"
"exdqlm_multivar_synth_keep","draw_070",1087,"2021-11-06","history","0.780979702757551"
"exdqlm_multivar_synth_keep","draw_070",1087,"2021-11-07","history","0.742945443765059"
"exdqlm_multivar_synth_keep","draw_070",1087,"2021-11-08","history","0.707212003993508"
"exdqlm_multivar_synth_keep","draw_070",1087,"2021-11-09","history","0.872298968466634"
"exdqlm_multivar_synth_keep","draw_070",1087,"2021-11-10","history","0.978649382403159"
"exdqlm_multivar_synth_keep","draw_070",1087,"2021-11-11","history","0.925951912434240"
"exdqlm_multivar_synth_keep","draw_070",1087,"2021-11-12","history","0.833230879455080"
"exdqlm_multivar_synth_keep","draw_071",1103,"2021-10-25","history","1.11375905641066"
"exdqlm_multivar_synth_keep","draw_071",1103,"2021-10-26","history","1.34244575262421"
"exdqlm_multivar_synth_keep","draw_071",1103,"2021-10-27","history","1.16631233584524"
"exdqlm_multivar_synth_keep","draw_071",1103,"2021-10-28","history","0.909970877286296"
"exdqlm_multivar_synth_keep","draw_071",1103,"2021-10-29","history","0.860669171585314"
"exdqlm_multivar_synth_keep","draw_071",1103,"2021-10-30","history","0.820861738922274"
"exdqlm_multivar_synth_keep","draw_071",1103,"2021-10-31","history","0.792854788073157"
"exdqlm_multivar_synth_keep","draw_071",1103,"2021-11-01","history","0.773775428315180"
"exdqlm_multivar_synth_keep","draw_071",1103,"2021-11-02","history","0.907758499923154"
"exdqlm_multivar_synth_keep","draw_071",1103,"2021-11-03","history","0.939847456859770"
"exdqlm_multivar_synth_keep","draw_071",1103,"2021-11-04","history","0.891590350122982"
"exdqlm_multivar_synth_keep","draw_071",1103,"2021-11-05","history","0.821391311156282"
"exdqlm_multivar_synth_keep","draw_071",1103,"2021-11-06","history","0.782446698433772"
"exdqlm_multivar_synth_keep","draw_071",1103,"2021-11-07","history","0.744469104837433"
"exdqlm_multivar_synth_keep","draw_071",1103,"2021-11-08","history","0.708878245716232"
"exdqlm_multivar_synth_keep","draw_071",1103,"2021-11-09","history","0.878859053064008"
"exdqlm_multivar_synth_keep","draw_071",1103,"2021-11-10","history","0.983676956524277"
"exdqlm_multivar_synth_keep","draw_071",1103,"2021-11-11","history","0.929426517099424"
"exdqlm_multivar_synth_keep","draw_071",1103,"2021-11-12","history","0.836978959181305"
"exdqlm_multivar_synth_keep","draw_072",1119,"2021-10-25","history","1.11996412541238"
"exdqlm_multivar_synth_keep","draw_072",1119,"2021-10-26","history","1.35045921466877"
"exdqlm_multivar_synth_keep","draw_072",1119,"2021-10-27","history","1.17170811219737"
"exdqlm_multivar_synth_keep","draw_072",1119,"2021-10-28","history","0.911342733751467"
"exdqlm_multivar_synth_keep","draw_072",1119,"2021-10-29","history","0.861315829651910"
"exdqlm_multivar_synth_keep","draw_072",1119,"2021-10-30","history","0.821794316146763"
"exdqlm_multivar_synth_keep","draw_072",1119,"2021-10-31","history","0.794760626376134"
"exdqlm_multivar_synth_keep","draw_072",1119,"2021-11-01","history","0.775600597730246"
"exdqlm_multivar_synth_keep","draw_072",1119,"2021-11-02","history","0.911544190920984"
"exdqlm_multivar_synth_keep","draw_072",1119,"2021-11-03","history","0.943793165899968"
"exdqlm_multivar_synth_keep","draw_072",1119,"2021-11-04","history","0.894423695035366"
"exdqlm_multivar_synth_keep","draw_072",1119,"2021-11-05","history","0.823055320540882"
"exdqlm_multivar_synth_keep","draw_072",1119,"2021-11-06","history","0.783974518717579"
"exdqlm_multivar_synth_keep","draw_072",1119,"2021-11-07","history","0.747481605193271"
"exdqlm_multivar_synth_keep","draw_072",1119,"2021-11-08","history","0.711222459983592"
"exdqlm_multivar_synth_keep","draw_072",1119,"2021-11-09","history","0.884922646970411"
"exdqlm_multivar_synth_keep","draw_072",1119,"2021-11-10","history","0.987100514138771"
"exdqlm_multivar_synth_keep","draw_072",1119,"2021-11-11","history","0.933029418249630"
"exdqlm_multivar_synth_keep","draw_072",1119,"2021-11-12","history","0.841285284368658"
"exdqlm_multivar_synth_keep","draw_073",1134,"2021-10-25","history","1.13420505787478"
"exdqlm_multivar_synth_keep","draw_073",1134,"2021-10-26","history","1.35649736434950"
"exdqlm_multivar_synth_keep","draw_073",1134,"2021-10-27","history","1.17576673410001"
"exdqlm_multivar_synth_keep","draw_073",1134,"2021-10-28","history","0.913286193007323"
"exdqlm_multivar_synth_keep","draw_073",1134,"2021-10-29","history","0.864179582001341"
"exdqlm_multivar_synth_keep","draw_073",1134,"2021-10-30","history","0.823487204205770"
"exdqlm_multivar_synth_keep","draw_073",1134,"2021-10-31","history","0.796603042044853"
"exdqlm_multivar_synth_keep","draw_073",1134,"2021-11-01","history","0.777069506964817"
"exdqlm_multivar_synth_keep","draw_073",1134,"2021-11-02","history","0.915413715621023"
"exdqlm_multivar_synth_keep","draw_073",1134,"2021-11-03","history","0.945061185532592"
"exdqlm_multivar_synth_keep","draw_073",1134,"2021-11-04","history","0.897822159627234"
"exdqlm_multivar_synth_keep","draw_073",1134,"2021-11-05","history","0.824893064462314"
"exdqlm_multivar_synth_keep","draw_073",1134,"2021-11-06","history","0.786204069856112"
"exdqlm_multivar_synth_keep","draw_073",1134,"2021-11-07","history","0.749417594839852"
"exdqlm_multivar_synth_keep","draw_073",1134,"2021-11-08","history","0.713007886229559"
"exdqlm_multivar_synth_keep","draw_073",1134,"2021-11-09","history","0.888307433027121"
"exdqlm_multivar_synth_keep","draw_073",1134,"2021-11-10","history","0.990905045709733"
"exdqlm_multivar_synth_keep","draw_073",1134,"2021-11-11","history","0.938619036337656"
"exdqlm_multivar_synth_keep","draw_073",1134,"2021-11-12","history","0.843011610122896"
"exdqlm_multivar_synth_keep","draw_074",1150,"2021-10-25","history","1.14242349126765"
"exdqlm_multivar_synth_keep","draw_074",1150,"2021-10-26","history","1.36161232300641"
"exdqlm_multivar_synth_keep","draw_074",1150,"2021-10-27","history","1.18022077169686"
"exdqlm_multivar_synth_keep","draw_074",1150,"2021-10-28","history","0.915210092929525"
"exdqlm_multivar_synth_keep","draw_074",1150,"2021-10-29","history","0.865066468409015"
"exdqlm_multivar_synth_keep","draw_074",1150,"2021-10-30","history","0.825574160927314"
"exdqlm_multivar_synth_keep","draw_074",1150,"2021-10-31","history","0.797772515762379"
"exdqlm_multivar_synth_keep","draw_074",1150,"2021-11-01","history","0.778676804154129"
"exdqlm_multivar_synth_keep","draw_074",1150,"2021-11-02","history","0.919868962537646"
"exdqlm_multivar_synth_keep","draw_074",1150,"2021-11-03","history","0.948948252523942"
"exdqlm_multivar_synth_keep","draw_074",1150,"2021-11-04","history","0.900692204140433"
"exdqlm_multivar_synth_keep","draw_074",1150,"2021-11-05","history","0.827523291732262"
"exdqlm_multivar_synth_keep","draw_074",1150,"2021-11-06","history","0.788795073661581"
"exdqlm_multivar_synth_keep","draw_074",1150,"2021-11-07","history","0.753161801033601"
"exdqlm_multivar_synth_keep","draw_074",1150,"2021-11-08","history","0.715414137411991"
"exdqlm_multivar_synth_keep","draw_074",1150,"2021-11-09","history","0.894961249974080"
"exdqlm_multivar_synth_keep","draw_074",1150,"2021-11-10","history","0.997271689972857"
"exdqlm_multivar_synth_keep","draw_074",1150,"2021-11-11","history","0.944763471516062"
"exdqlm_multivar_synth_keep","draw_074",1150,"2021-11-12","history","0.845554921642408"
"exdqlm_multivar_synth_keep","draw_075",1166,"2021-10-25","history","1.15331751895111"
"exdqlm_multivar_synth_keep","draw_075",1166,"2021-10-26","history","1.36863597514544"
"exdqlm_multivar_synth_keep","draw_075",1166,"2021-10-27","history","1.18646955077477"
"exdqlm_multivar_synth_keep","draw_075",1166,"2021-10-28","history","0.917143082089508"
"exdqlm_multivar_synth_keep","draw_075",1166,"2021-10-29","history","0.866672455454284"
"exdqlm_multivar_synth_keep","draw_075",1166,"2021-10-30","history","0.826577069852651"
"exdqlm_multivar_synth_keep","draw_075",1166,"2021-10-31","history","0.798702353881888"
"exdqlm_multivar_synth_keep","draw_075",1166,"2021-11-01","history","0.781896267421566"
"exdqlm_multivar_synth_keep","draw_075",1166,"2021-11-02","history","0.922756627903616"
"exdqlm_multivar_synth_keep","draw_075",1166,"2021-11-03","history","0.951278398346497"
"exdqlm_multivar_synth_keep","draw_075",1166,"2021-11-04","history","0.903277481463262"
"exdqlm_multivar_synth_keep","draw_075",1166,"2021-11-05","history","0.830012814551124"
"exdqlm_multivar_synth_keep","draw_075",1166,"2021-11-06","history","0.792000050648479"
"exdqlm_multivar_synth_keep","draw_075",1166,"2021-11-07","history","0.754702773071095"
"exdqlm_multivar_synth_keep","draw_075",1166,"2021-11-08","history","0.716975251563422"
"exdqlm_multivar_synth_keep","draw_075",1166,"2021-11-09","history","0.900530508051095"
"exdqlm_multivar_synth_keep","draw_075",1166,"2021-11-10","history","1.00018756133417"
"exdqlm_multivar_synth_keep","draw_075",1166,"2021-11-11","history","0.948169814955014"
"exdqlm_multivar_synth_keep","draw_075",1166,"2021-11-12","history","0.848721297734441"
"exdqlm_multivar_synth_keep","draw_076",1182,"2021-10-25","history","1.16477396401454"
"exdqlm_multivar_synth_keep","draw_076",1182,"2021-10-26","history","1.37560223508333"
"exdqlm_multivar_synth_keep","draw_076",1182,"2021-10-27","history","1.19256907304554"
"exdqlm_multivar_synth_keep","draw_076",1182,"2021-10-28","history","0.919513595730200"
"exdqlm_multivar_synth_keep","draw_076",1182,"2021-10-29","history","0.869091514499165"
"exdqlm_multivar_synth_keep","draw_076",1182,"2021-10-30","history","0.828984905433996"
"exdqlm_multivar_synth_keep","draw_076",1182,"2021-10-31","history","0.799332440478582"
"exdqlm_multivar_synth_keep","draw_076",1182,"2021-11-01","history","0.783784882829038"
"exdqlm_multivar_synth_keep","draw_076",1182,"2021-11-02","history","0.926154878054519"
"exdqlm_multivar_synth_keep","draw_076",1182,"2021-11-03","history","0.954913148366019"
"exdqlm_multivar_synth_keep","draw_076",1182,"2021-11-04","history","0.905729428775152"
"exdqlm_multivar_synth_keep","draw_076",1182,"2021-11-05","history","0.831999749873066"
"exdqlm_multivar_synth_keep","draw_076",1182,"2021-11-06","history","0.794539226334372"
"exdqlm_multivar_synth_keep","draw_076",1182,"2021-11-07","history","0.756752792800591"
"exdqlm_multivar_synth_keep","draw_076",1182,"2021-11-08","history","0.719772794235323"
"exdqlm_multivar_synth_keep","draw_076",1182,"2021-11-09","history","0.906931778241700"
"exdqlm_multivar_synth_keep","draw_076",1182,"2021-11-10","history","1.00476259230458"
"exdqlm_multivar_synth_keep","draw_076",1182,"2021-11-11","history","0.951816337613460"
"exdqlm_multivar_synth_keep","draw_076",1182,"2021-11-12","history","0.851832599678476"
"exdqlm_multivar_synth_keep","draw_077",1197,"2021-10-25","history","1.16874376152953"
"exdqlm_multivar_synth_keep","draw_077",1197,"2021-10-26","history","1.38207294377953"
"exdqlm_multivar_synth_keep","draw_077",1197,"2021-10-27","history","1.19653730476441"
"exdqlm_multivar_synth_keep","draw_077",1197,"2021-10-28","history","0.920838385635847"
"exdqlm_multivar_synth_keep","draw_077",1197,"2021-10-29","history","0.872388921178197"
"exdqlm_multivar_synth_keep","draw_077",1197,"2021-10-30","history","0.831021966077143"
"exdqlm_multivar_synth_keep","draw_077",1197,"2021-10-31","history","0.800846953826428"
"exdqlm_multivar_synth_keep","draw_077",1197,"2021-11-01","history","0.785610358730233"
"exdqlm_multivar_synth_keep","draw_077",1197,"2021-11-02","history","0.929906136271610"
"exdqlm_multivar_synth_keep","draw_077",1197,"2021-11-03","history","0.957472232959980"
"exdqlm_multivar_synth_keep","draw_077",1197,"2021-11-04","history","0.908080545525515"
"exdqlm_multivar_synth_keep","draw_077",1197,"2021-11-05","history","0.835405634997741"
"exdqlm_multivar_synth_keep","draw_077",1197,"2021-11-06","history","0.796433412489853"
"exdqlm_multivar_synth_keep","draw_077",1197,"2021-11-07","history","0.758823801469029"
"exdqlm_multivar_synth_keep","draw_077",1197,"2021-11-08","history","0.720459721956445"
"exdqlm_multivar_synth_keep","draw_077",1197,"2021-11-09","history","0.910389728228234"
"exdqlm_multivar_synth_keep","draw_077",1197,"2021-11-10","history","1.00767134082718"
"exdqlm_multivar_synth_keep","draw_077",1197,"2021-11-11","history","0.956062322723032"
"exdqlm_multivar_synth_keep","draw_077",1197,"2021-11-12","history","0.855052427518384"
"exdqlm_multivar_synth_keep","draw_078",1213,"2021-10-25","history","1.17899141121553"
"exdqlm_multivar_synth_keep","draw_078",1213,"2021-10-26","history","1.38751176674405"
"exdqlm_multivar_synth_keep","draw_078",1213,"2021-10-27","history","1.20106192378509"
"exdqlm_multivar_synth_keep","draw_078",1213,"2021-10-28","history","0.922664935531570"
"exdqlm_multivar_synth_keep","draw_078",1213,"2021-10-29","history","0.874740995691633"
"exdqlm_multivar_synth_keep","draw_078",1213,"2021-10-30","history","0.832865403429753"
"exdqlm_multivar_synth_keep","draw_078",1213,"2021-10-31","history","0.802324514107295"
"exdqlm_multivar_synth_keep","draw_078",1213,"2021-11-01","history","0.788083465348129"
"exdqlm_multivar_synth_keep","draw_078",1213,"2021-11-02","history","0.935106609025394"
"exdqlm_multivar_synth_keep","draw_078",1213,"2021-11-03","history","0.958470006056535"
"exdqlm_multivar_synth_keep","draw_078",1213,"2021-11-04","history","0.910817003459408"
"exdqlm_multivar_synth_keep","draw_078",1213,"2021-11-05","history","0.837252118159191"
"exdqlm_multivar_synth_keep","draw_078",1213,"2021-11-06","history","0.797581148144878"
"exdqlm_multivar_synth_keep","draw_078",1213,"2021-11-07","history","0.761056038345351"
"exdqlm_multivar_synth_keep","draw_078",1213,"2021-11-08","history","0.722546715924571"
"exdqlm_multivar_synth_keep","draw_078",1213,"2021-11-09","history","0.913282615362056"
"exdqlm_multivar_synth_keep","draw_078",1213,"2021-11-10","history","1.01090930712936"
"exdqlm_multivar_synth_keep","draw_078",1213,"2021-11-11","history","0.960260407752485"
"exdqlm_multivar_synth_keep","draw_078",1213,"2021-11-12","history","0.858298282595420"
"exdqlm_multivar_synth_keep","draw_079",1229,"2021-10-25","history","1.18925853229761"
"exdqlm_multivar_synth_keep","draw_079",1229,"2021-10-26","history","1.39221188368597"
"exdqlm_multivar_synth_keep","draw_079",1229,"2021-10-27","history","1.20444014777565"
"exdqlm_multivar_synth_keep","draw_079",1229,"2021-10-28","history","0.924266638326754"
"exdqlm_multivar_synth_keep","draw_079",1229,"2021-10-29","history","0.876194039559900"
"exdqlm_multivar_synth_keep","draw_079",1229,"2021-10-30","history","0.835206868249681"
"exdqlm_multivar_synth_keep","draw_079",1229,"2021-10-31","history","0.804392829468953"
"exdqlm_multivar_synth_keep","draw_079",1229,"2021-11-01","history","0.789272926683849"
"exdqlm_multivar_synth_keep","draw_079",1229,"2021-11-02","history","0.939726406507141"
"exdqlm_multivar_synth_keep","draw_079",1229,"2021-11-03","history","0.961356578441507"
"exdqlm_multivar_synth_keep","draw_079",1229,"2021-11-04","history","0.913516202470244"
"exdqlm_multivar_synth_keep","draw_079",1229,"2021-11-05","history","0.840015729974995"
"exdqlm_multivar_synth_keep","draw_079",1229,"2021-11-06","history","0.799715806876951"
"exdqlm_multivar_synth_keep","draw_079",1229,"2021-11-07","history","0.762303120368058"
"exdqlm_multivar_synth_keep","draw_079",1229,"2021-11-08","history","0.725930652624403"
"exdqlm_multivar_synth_keep","draw_079",1229,"2021-11-09","history","0.918851571922019"
"exdqlm_multivar_synth_keep","draw_079",1229,"2021-11-10","history","1.01493178003057"
"exdqlm_multivar_synth_keep","draw_079",1229,"2021-11-11","history","0.963150203730868"
"exdqlm_multivar_synth_keep","draw_079",1229,"2021-11-12","history","0.860024439057107"
"exdqlm_multivar_synth_keep","draw_080",1244,"2021-10-25","history","1.19776703566409"
"exdqlm_multivar_synth_keep","draw_080",1244,"2021-10-26","history","1.39870963878762"
"exdqlm_multivar_synth_keep","draw_080",1244,"2021-10-27","history","1.20954395962601"
"exdqlm_multivar_synth_keep","draw_080",1244,"2021-10-28","history","0.925081504464087"
"exdqlm_multivar_synth_keep","draw_080",1244,"2021-10-29","history","0.877533720286235"
"exdqlm_multivar_synth_keep","draw_080",1244,"2021-10-30","history","0.837138191587541"
"exdqlm_multivar_synth_keep","draw_080",1244,"2021-10-31","history","0.805885607130311"
"exdqlm_multivar_synth_keep","draw_080",1244,"2021-11-01","history","0.790536926786806"
"exdqlm_multivar_synth_keep","draw_080",1244,"2021-11-02","history","0.944684222946347"
"exdqlm_multivar_synth_keep","draw_080",1244,"2021-11-03","history","0.964919290140024"
"exdqlm_multivar_synth_keep","draw_080",1244,"2021-11-04","history","0.915490722641965"
"exdqlm_multivar_synth_keep","draw_080",1244,"2021-11-05","history","0.841706468490348"
"exdqlm_multivar_synth_keep","draw_080",1244,"2021-11-06","history","0.800972880084637"
"exdqlm_multivar_synth_keep","draw_080",1244,"2021-11-07","history","0.764813550980874"
"exdqlm_multivar_synth_keep","draw_080",1244,"2021-11-08","history","0.727394355790176"
"exdqlm_multivar_synth_keep","draw_080",1244,"2021-11-09","history","0.923648054466637"
"exdqlm_multivar_synth_keep","draw_080",1244,"2021-11-10","history","1.01839856890032"
"exdqlm_multivar_synth_keep","draw_080",1244,"2021-11-11","history","0.966783112559236"
"exdqlm_multivar_synth_keep","draw_080",1244,"2021-11-12","history","0.862143643381597"
"exdqlm_multivar_synth_keep","draw_081",1260,"2021-10-25","history","1.20686287021113"
"exdqlm_multivar_synth_keep","draw_081",1260,"2021-10-26","history","1.40577470366202"
"exdqlm_multivar_synth_keep","draw_081",1260,"2021-10-27","history","1.21304374751909"
"exdqlm_multivar_synth_keep","draw_081",1260,"2021-10-28","history","0.927315568765978"
"exdqlm_multivar_synth_keep","draw_081",1260,"2021-10-29","history","0.878380957528923"
"exdqlm_multivar_synth_keep","draw_081",1260,"2021-10-30","history","0.839566748815909"
"exdqlm_multivar_synth_keep","draw_081",1260,"2021-10-31","history","0.808077318089748"
"exdqlm_multivar_synth_keep","draw_081",1260,"2021-11-01","history","0.792191671667161"
"exdqlm_multivar_synth_keep","draw_081",1260,"2021-11-02","history","0.948969683358281"
"exdqlm_multivar_synth_keep","draw_081",1260,"2021-11-03","history","0.969120677016569"
"exdqlm_multivar_synth_keep","draw_081",1260,"2021-11-04","history","0.919498475551728"
"exdqlm_multivar_synth_keep","draw_081",1260,"2021-11-05","history","0.844629419812911"
"exdqlm_multivar_synth_keep","draw_081",1260,"2021-11-06","history","0.802452539316193"
"exdqlm_multivar_synth_keep","draw_081",1260,"2021-11-07","history","0.766695252481934"
"exdqlm_multivar_synth_keep","draw_081",1260,"2021-11-08","history","0.729412736043922"
"exdqlm_multivar_synth_keep","draw_081",1260,"2021-11-09","history","0.926854992358298"
"exdqlm_multivar_synth_keep","draw_081",1260,"2021-11-10","history","1.02219812142096"
"exdqlm_multivar_synth_keep","draw_081",1260,"2021-11-11","history","0.971050357597510"
"exdqlm_multivar_synth_keep","draw_081",1260,"2021-11-12","history","0.864320874670104"
"exdqlm_multivar_synth_keep","draw_082",1276,"2021-10-25","history","1.21184918159172"
"exdqlm_multivar_synth_keep","draw_082",1276,"2021-10-26","history","1.41083555998575"
"exdqlm_multivar_synth_keep","draw_082",1276,"2021-10-27","history","1.21686104645247"
"exdqlm_multivar_synth_keep","draw_082",1276,"2021-10-28","history","0.929311646483951"
"exdqlm_multivar_synth_keep","draw_082",1276,"2021-10-29","history","0.880232781884920"
"exdqlm_multivar_synth_keep","draw_082",1276,"2021-10-30","history","0.840901237844619"
"exdqlm_multivar_synth_keep","draw_082",1276,"2021-10-31","history","0.808639738268984"
"exdqlm_multivar_synth_keep","draw_082",1276,"2021-11-01","history","0.794255009136238"
"exdqlm_multivar_synth_keep","draw_082",1276,"2021-11-02","history","0.953267850905998"
"exdqlm_multivar_synth_keep","draw_082",1276,"2021-11-03","history","0.970083065902099"
"exdqlm_multivar_synth_keep","draw_082",1276,"2021-11-04","history","0.922402118937162"
"exdqlm_multivar_synth_keep","draw_082",1276,"2021-11-05","history","0.847552447456369"
"exdqlm_multivar_synth_keep","draw_082",1276,"2021-11-06","history","0.805633489798623"
"exdqlm_multivar_synth_keep","draw_082",1276,"2021-11-07","history","0.767742241738104"
"exdqlm_multivar_synth_keep","draw_082",1276,"2021-11-08","history","0.732412625643992"
"exdqlm_multivar_synth_keep","draw_082",1276,"2021-11-09","history","0.928754620416384"
"exdqlm_multivar_synth_keep","draw_082",1276,"2021-11-10","history","1.02684797498584"
"exdqlm_multivar_synth_keep","draw_082",1276,"2021-11-11","history","0.974668000549809"
"exdqlm_multivar_synth_keep","draw_082",1276,"2021-11-12","history","0.866503537415776"
"exdqlm_multivar_synth_keep","draw_083",1292,"2021-10-25","history","1.21878044547119"
"exdqlm_multivar_synth_keep","draw_083",1292,"2021-10-26","history","1.41830448641320"
"exdqlm_multivar_synth_keep","draw_083",1292,"2021-10-27","history","1.21991949945455"
"exdqlm_multivar_synth_keep","draw_083",1292,"2021-10-28","history","0.932428548626066"
"exdqlm_multivar_synth_keep","draw_083",1292,"2021-10-29","history","0.882511654901845"
"exdqlm_multivar_synth_keep","draw_083",1292,"2021-10-30","history","0.842024637026130"
"exdqlm_multivar_synth_keep","draw_083",1292,"2021-10-31","history","0.808942354695773"
"exdqlm_multivar_synth_keep","draw_083",1292,"2021-11-01","history","0.795890365738028"
"exdqlm_multivar_synth_keep","draw_083",1292,"2021-11-02","history","0.955616311756292"
"exdqlm_multivar_synth_keep","draw_083",1292,"2021-11-03","history","0.970145675383982"
"exdqlm_multivar_synth_keep","draw_083",1292,"2021-11-04","history","0.926066622483753"
"exdqlm_multivar_synth_keep","draw_083",1292,"2021-11-05","history","0.849321966588437"
"exdqlm_multivar_synth_keep","draw_083",1292,"2021-11-06","history","0.807017825271846"
"exdqlm_multivar_synth_keep","draw_083",1292,"2021-11-07","history","0.769618511785609"
"exdqlm_multivar_synth_keep","draw_083",1292,"2021-11-08","history","0.735001400808503"
"exdqlm_multivar_synth_keep","draw_083",1292,"2021-11-09","history","0.940842083568751"
"exdqlm_multivar_synth_keep","draw_083",1292,"2021-11-10","history","1.03044968598581"
"exdqlm_multivar_synth_keep","draw_083",1292,"2021-11-11","history","0.977953234056639"
"exdqlm_multivar_synth_keep","draw_083",1292,"2021-11-12","history","0.868679542839167"
"exdqlm_multivar_synth_keep","draw_084",1307,"2021-10-25","history","1.31997111766828"
"exdqlm_multivar_synth_keep","draw_084",1307,"2021-10-26","history","1.43507602374398"
"exdqlm_multivar_synth_keep","draw_084",1307,"2021-10-27","history","1.22270441847639"
"exdqlm_multivar_synth_keep","draw_084",1307,"2021-10-28","history","0.933838530560878"
"exdqlm_multivar_synth_keep","draw_084",1307,"2021-10-29","history","0.883404897629124"
"exdqlm_multivar_synth_keep","draw_084",1307,"2021-10-30","history","0.843007489090918"
"exdqlm_multivar_synth_keep","draw_084",1307,"2021-10-31","history","0.809033703318650"
"exdqlm_multivar_synth_keep","draw_084",1307,"2021-11-01","history","0.796103442576979"
"exdqlm_multivar_synth_keep","draw_084",1307,"2021-11-02","history","0.959926156492861"
"exdqlm_multivar_synth_keep","draw_084",1307,"2021-11-03","history","0.970411420728698"
"exdqlm_multivar_synth_keep","draw_084",1307,"2021-11-04","history","0.930757765253110"
"exdqlm_multivar_synth_keep","draw_084",1307,"2021-11-05","history","0.850204854525327"
"exdqlm_multivar_synth_keep","draw_084",1307,"2021-11-06","history","0.808254403671412"
"exdqlm_multivar_synth_keep","draw_084",1307,"2021-11-07","history","0.769906222477463"
"exdqlm_multivar_synth_keep","draw_084",1307,"2021-11-08","history","0.736473359989458"
"exdqlm_multivar_synth_keep","draw_084",1307,"2021-11-09","history","0.960659571445151"
"exdqlm_multivar_synth_keep","draw_084",1307,"2021-11-10","history","1.03607147564384"
"exdqlm_multivar_synth_keep","draw_084",1307,"2021-11-11","history","0.981518209322366"
"exdqlm_multivar_synth_keep","draw_084",1307,"2021-11-12","history","0.869950194321813"
"exdqlm_multivar_synth_keep","draw_085",1323,"2021-10-25","history","1.46022861305883"
"exdqlm_multivar_synth_keep","draw_085",1323,"2021-10-26","history","1.47030725473322"
"exdqlm_multivar_synth_keep","draw_085",1323,"2021-10-27","history","1.22750861874801"
"exdqlm_multivar_synth_keep","draw_085",1323,"2021-10-28","history","0.936044036635770"
"exdqlm_multivar_synth_keep","draw_085",1323,"2021-10-29","history","0.883747857191593"
"exdqlm_multivar_synth_keep","draw_085",1323,"2021-10-30","history","0.844337262463846"
"exdqlm_multivar_synth_keep","draw_085",1323,"2021-10-31","history","0.809179924481628"
"exdqlm_multivar_synth_keep","draw_085",1323,"2021-11-01","history","0.796412633269519"
"exdqlm_multivar_synth_keep","draw_085",1323,"2021-11-02","history","0.967747411206143"
"exdqlm_multivar_synth_keep","draw_085",1323,"2021-11-03","history","0.970495671613484"
"exdqlm_multivar_synth_keep","draw_085",1323,"2021-11-04","history","0.934530148007730"
"exdqlm_multivar_synth_keep","draw_085",1323,"2021-11-05","history","0.850352004346866"
"exdqlm_multivar_synth_keep","draw_085",1323,"2021-11-06","history","0.810524355218516"
"exdqlm_multivar_synth_keep","draw_085",1323,"2021-11-07","history","0.770343292861731"
"exdqlm_multivar_synth_keep","draw_085",1323,"2021-11-08","history","0.738696226956432"
"exdqlm_multivar_synth_keep","draw_085",1323,"2021-11-09","history","0.991099029896096"
"exdqlm_multivar_synth_keep","draw_085",1323,"2021-11-10","history","1.04144823696096"
"exdqlm_multivar_synth_keep","draw_085",1323,"2021-11-11","history","0.982527239917008"
"exdqlm_multivar_synth_keep","draw_085",1323,"2021-11-12","history","0.870466281388223"
"exdqlm_multivar_synth_keep","draw_086",1339,"2021-10-25","history","1.54813470351157"
"exdqlm_multivar_synth_keep","draw_086",1339,"2021-10-26","history","1.49260171272937"
"exdqlm_multivar_synth_keep","draw_086",1339,"2021-10-27","history","1.23874133292476"
"exdqlm_multivar_synth_keep","draw_086",1339,"2021-10-28","history","0.937593388658620"
"exdqlm_multivar_synth_keep","draw_086",1339,"2021-10-29","history","0.884038328800232"
"exdqlm_multivar_synth_keep","draw_086",1339,"2021-10-30","history","0.844549538334414"
"exdqlm_multivar_synth_keep","draw_086",1339,"2021-10-31","history","0.809262713462190"
"exdqlm_multivar_synth_keep","draw_086",1339,"2021-11-01","history","0.796601418117370"
"exdqlm_multivar_synth_keep","draw_086",1339,"2021-11-02","history","0.973960788046130"
"exdqlm_multivar_synth_keep","draw_086",1339,"2021-11-03","history","0.970625501640104"
"exdqlm_multivar_synth_keep","draw_086",1339,"2021-11-04","history","0.936211268638750"
"exdqlm_multivar_synth_keep","draw_086",1339,"2021-11-05","history","0.850444323534716"
"exdqlm_multivar_synth_keep","draw_086",1339,"2021-11-06","history","0.810890742511453"
"exdqlm_multivar_synth_keep","draw_086",1339,"2021-11-07","history","0.770955442458886"
"exdqlm_multivar_synth_keep","draw_086",1339,"2021-11-08","history","0.739709308948626"
"exdqlm_multivar_synth_keep","draw_086",1339,"2021-11-09","history","1.00906234770110"
"exdqlm_multivar_synth_keep","draw_086",1339,"2021-11-10","history","1.04586145561322"
"exdqlm_multivar_synth_keep","draw_086",1339,"2021-11-11","history","0.984078021500076"
"exdqlm_multivar_synth_keep","draw_086",1339,"2021-11-12","history","0.870646598284869"
"exdqlm_multivar_synth_keep","draw_087",1355,"2021-10-25","history","1.65809082759756"
"exdqlm_multivar_synth_keep","draw_087",1355,"2021-10-26","history","1.51477986567414"
"exdqlm_multivar_synth_keep","draw_087",1355,"2021-10-27","history","1.24521880799617"
"exdqlm_multivar_synth_keep","draw_087",1355,"2021-10-28","history","0.937821789610026"
"exdqlm_multivar_synth_keep","draw_087",1355,"2021-10-29","history","0.884094775105523"
"exdqlm_multivar_synth_keep","draw_087",1355,"2021-10-30","history","0.844599594873541"
"exdqlm_multivar_synth_keep","draw_087",1355,"2021-10-31","history","0.809407380468267"
"exdqlm_multivar_synth_keep","draw_087",1355,"2021-11-01","history","0.797385762302824"
"exdqlm_multivar_synth_keep","draw_087",1355,"2021-11-02","history","0.991978967296867"
"exdqlm_multivar_synth_keep","draw_087",1355,"2021-11-03","history","0.970709039428895"
"exdqlm_multivar_synth_keep","draw_087",1355,"2021-11-04","history","0.939635933974089"
"exdqlm_multivar_synth_keep","draw_087",1355,"2021-11-05","history","0.850576555382264"
"exdqlm_multivar_synth_keep","draw_087",1355,"2021-11-06","history","0.811219646676965"
"exdqlm_multivar_synth_keep","draw_087",1355,"2021-11-07","history","0.771687410335336"
"exdqlm_multivar_synth_keep","draw_087",1355,"2021-11-08","history","0.740388701706747"
"exdqlm_multivar_synth_keep","draw_087",1355,"2021-11-09","history","1.02155238694517"
"exdqlm_multivar_synth_keep","draw_087",1355,"2021-11-10","history","1.05197601605873"
"exdqlm_multivar_synth_keep","draw_087",1355,"2021-11-11","history","0.985288856874597"
"exdqlm_multivar_synth_keep","draw_087",1355,"2021-11-12","history","0.870898196928409"
"exdqlm_multivar_synth_keep","draw_088",1370,"2021-10-25","history","1.74763972121231"
"exdqlm_multivar_synth_keep","draw_088",1370,"2021-10-26","history","1.53809113634406"
"exdqlm_multivar_synth_keep","draw_088",1370,"2021-10-27","history","1.25185732382913"
"exdqlm_multivar_synth_keep","draw_088",1370,"2021-10-28","history","0.938455898348243"
"exdqlm_multivar_synth_keep","draw_088",1370,"2021-10-29","history","0.884456642683373"
"exdqlm_multivar_synth_keep","draw_088",1370,"2021-10-30","history","0.844779001783704"
"exdqlm_multivar_synth_keep","draw_088",1370,"2021-10-31","history","0.809470413018537"
"exdqlm_multivar_synth_keep","draw_088",1370,"2021-11-01","history","0.797703350827623"
"exdqlm_multivar_synth_keep","draw_088",1370,"2021-11-02","history","1.00377144143070"
"exdqlm_multivar_synth_keep","draw_088",1370,"2021-11-03","history","0.970884272756900"
"exdqlm_multivar_synth_keep","draw_088",1370,"2021-11-04","history","0.941531832570185"
"exdqlm_multivar_synth_keep","draw_088",1370,"2021-11-05","history","0.850643349324547"
"exdqlm_multivar_synth_keep","draw_088",1370,"2021-11-06","history","0.811356622408967"
"exdqlm_multivar_synth_keep","draw_088",1370,"2021-11-07","history","0.772039541118927"
"exdqlm_multivar_synth_keep","draw_088",1370,"2021-11-08","history","0.740749155948945"
"exdqlm_multivar_synth_keep","draw_088",1370,"2021-11-09","history","1.05512384854971"
"exdqlm_multivar_synth_keep","draw_088",1370,"2021-11-10","history","1.05820429221724"
"exdqlm_multivar_synth_keep","draw_088",1370,"2021-11-11","history","0.985712156451480"
"exdqlm_multivar_synth_keep","draw_088",1370,"2021-11-12","history","0.871004570410239"
"exdqlm_multivar_synth_keep","draw_089",1386,"2021-10-25","history","1.89300256177356"
"exdqlm_multivar_synth_keep","draw_089",1386,"2021-10-26","history","1.55893280154006"
"exdqlm_multivar_synth_keep","draw_089",1386,"2021-10-27","history","1.25806080852070"
"exdqlm_multivar_synth_keep","draw_089",1386,"2021-10-28","history","0.938819749758629"
"exdqlm_multivar_synth_keep","draw_089",1386,"2021-10-29","history","0.885002768930224"
"exdqlm_multivar_synth_keep","draw_089",1386,"2021-10-30","history","0.844870548128157"
"exdqlm_multivar_synth_keep","draw_089",1386,"2021-10-31","history","0.809825727365813"
"exdqlm_multivar_synth_keep","draw_089",1386,"2021-11-01","history","0.797810486665691"
"exdqlm_multivar_synth_keep","draw_089",1386,"2021-11-02","history","1.01695894357943"
"exdqlm_multivar_synth_keep","draw_089",1386,"2021-11-03","history","0.971109090780980"
"exdqlm_multivar_synth_keep","draw_089",1386,"2021-11-04","history","0.942567879143213"
"exdqlm_multivar_synth_keep","draw_089",1386,"2021-11-05","history","0.850738211760221"
"exdqlm_multivar_synth_keep","draw_089",1386,"2021-11-06","history","0.811862486388186"
"exdqlm_multivar_synth_keep","draw_089",1386,"2021-11-07","history","0.772267961497652"
"exdqlm_multivar_synth_keep","draw_089",1386,"2021-11-08","history","0.741058310756176"
"exdqlm_multivar_synth_keep","draw_089",1386,"2021-11-09","history","1.07447827681745"
"exdqlm_multivar_synth_keep","draw_089",1386,"2021-11-10","history","1.06658696431857"
"exdqlm_multivar_synth_keep","draw_089",1386,"2021-11-11","history","0.986175750545917"
"exdqlm_multivar_synth_keep","draw_089",1386,"2021-11-12","history","0.871131393847822"
"exdqlm_multivar_synth_keep","draw_090",1402,"2021-10-25","history","2.03202089205227"
"exdqlm_multivar_synth_keep","draw_090",1402,"2021-10-26","history","1.58036735446196"
"exdqlm_multivar_synth_keep","draw_090",1402,"2021-10-27","history","1.26685673335773"
"exdqlm_multivar_synth_keep","draw_090",1402,"2021-10-28","history","0.939260592884832"
"exdqlm_multivar_synth_keep","draw_090",1402,"2021-10-29","history","0.885522186215381"
"exdqlm_multivar_synth_keep","draw_090",1402,"2021-10-30","history","0.845387503313919"
"exdqlm_multivar_synth_keep","draw_090",1402,"2021-10-31","history","0.810099065171410"
"exdqlm_multivar_synth_keep","draw_090",1402,"2021-11-01","history","0.797939345702253"
"exdqlm_multivar_synth_keep","draw_090",1402,"2021-11-02","history","1.02620778294476"
"exdqlm_multivar_synth_keep","draw_090",1402,"2021-11-03","history","0.971213783361353"
"exdqlm_multivar_synth_keep","draw_090",1402,"2021-11-04","history","0.945379142778828"
"exdqlm_multivar_synth_keep","draw_090",1402,"2021-11-05","history","0.850820528990436"
"exdqlm_multivar_synth_keep","draw_090",1402,"2021-11-06","history","0.812188625438002"
"exdqlm_multivar_synth_keep","draw_090",1402,"2021-11-07","history","0.772563279647814"
"exdqlm_multivar_synth_keep","draw_090",1402,"2021-11-08","history","0.741218296002234"
"exdqlm_multivar_synth_keep","draw_090",1402,"2021-11-09","history","1.08296574001063"
"exdqlm_multivar_synth_keep","draw_090",1402,"2021-11-10","history","1.07102542656273"
"exdqlm_multivar_synth_keep","draw_090",1402,"2021-11-11","history","0.988101155212295"
"exdqlm_multivar_synth_keep","draw_090",1402,"2021-11-12","history","0.871277585754092"
"exdqlm_multivar_synth_keep","draw_091",1418,"2021-10-25","history","2.14409358756503"
"exdqlm_multivar_synth_keep","draw_091",1418,"2021-10-26","history","1.60463972258419"
"exdqlm_multivar_synth_keep","draw_091",1418,"2021-10-27","history","1.27578586724826"
"exdqlm_multivar_synth_keep","draw_091",1418,"2021-10-28","history","0.939948913745358"
"exdqlm_multivar_synth_keep","draw_091",1418,"2021-10-29","history","0.885700833538570"
"exdqlm_multivar_synth_keep","draw_091",1418,"2021-10-30","history","0.845692112627430"
"exdqlm_multivar_synth_keep","draw_091",1418,"2021-10-31","history","0.810285485864340"
"exdqlm_multivar_synth_keep","draw_091",1418,"2021-11-01","history","0.798026556649241"
"exdqlm_multivar_synth_keep","draw_091",1418,"2021-11-02","history","1.03925661762985"
"exdqlm_multivar_synth_keep","draw_091",1418,"2021-11-03","history","0.971424457842296"
"exdqlm_multivar_synth_keep","draw_091",1418,"2021-11-04","history","0.947807265758388"
"exdqlm_multivar_synth_keep","draw_091",1418,"2021-11-05","history","0.850850582062608"
"exdqlm_multivar_synth_keep","draw_091",1418,"2021-11-06","history","0.812614228709723"
"exdqlm_multivar_synth_keep","draw_091",1418,"2021-11-07","history","0.772752224487317"
"exdqlm_multivar_synth_keep","draw_091",1418,"2021-11-08","history","0.741541940095457"
"exdqlm_multivar_synth_keep","draw_091",1418,"2021-11-09","history","1.11195318110785"
"exdqlm_multivar_synth_keep","draw_091",1418,"2021-11-10","history","1.07821937376597"
"exdqlm_multivar_synth_keep","draw_091",1418,"2021-11-11","history","0.989345605772210"
"exdqlm_multivar_synth_keep","draw_091",1418,"2021-11-12","history","0.871345834900497"
"exdqlm_multivar_synth_keep","draw_092",1433,"2021-10-25","history","2.19886700306537"
"exdqlm_multivar_synth_keep","draw_092",1433,"2021-10-26","history","1.62641596932847"
"exdqlm_multivar_synth_keep","draw_092",1433,"2021-10-27","history","1.28111767220213"
"exdqlm_multivar_synth_keep","draw_092",1433,"2021-10-28","history","0.940120470755776"
"exdqlm_multivar_synth_keep","draw_092",1433,"2021-10-29","history","0.886130471409296"
"exdqlm_multivar_synth_keep","draw_092",1433,"2021-10-30","history","0.845789608106520"
"exdqlm_multivar_synth_keep","draw_092",1433,"2021-10-31","history","0.810389433950754"
"exdqlm_multivar_synth_keep","draw_092",1433,"2021-11-01","history","0.798116562423735"
"exdqlm_multivar_synth_keep","draw_092",1433,"2021-11-02","history","1.05169004346694"
"exdqlm_multivar_synth_keep","draw_092",1433,"2021-11-03","history","0.971831093389498"
"exdqlm_multivar_synth_keep","draw_092",1433,"2021-11-04","history","0.949646437324108"
"exdqlm_multivar_synth_keep","draw_092",1433,"2021-11-05","history","0.850904180182214"
"exdqlm_multivar_synth_keep","draw_092",1433,"2021-11-06","history","0.812846400072743"
"exdqlm_multivar_synth_keep","draw_092",1433,"2021-11-07","history","0.773067589485821"
"exdqlm_multivar_synth_keep","draw_092",1433,"2021-11-08","history","0.741700029061882"
"exdqlm_multivar_synth_keep","draw_092",1433,"2021-11-09","history","1.13561914126715"
"exdqlm_multivar_synth_keep","draw_092",1433,"2021-11-10","history","1.08478009164102"
"exdqlm_multivar_synth_keep","draw_092",1433,"2021-11-11","history","0.990010238137414"
"exdqlm_multivar_synth_keep","draw_092",1433,"2021-11-12","history","0.871453459561650"
"exdqlm_multivar_synth_keep","draw_093",1449,"2021-10-25","history","2.28277941595998"
"exdqlm_multivar_synth_keep","draw_093",1449,"2021-10-26","history","1.65058374125371"
"exdqlm_multivar_synth_keep","draw_093",1449,"2021-10-27","history","1.28658374442239"
"exdqlm_multivar_synth_keep","draw_093",1449,"2021-10-28","history","0.940296768839540"
"exdqlm_multivar_synth_keep","draw_093",1449,"2021-10-29","history","0.886498225407828"
"exdqlm_multivar_synth_keep","draw_093",1449,"2021-10-30","history","0.845953361856119"
"exdqlm_multivar_synth_keep","draw_093",1449,"2021-10-31","history","0.810737969529314"
"exdqlm_multivar_synth_keep","draw_093",1449,"2021-11-01","history","0.798249113216867"
"exdqlm_multivar_synth_keep","draw_093",1449,"2021-11-02","history","1.06026283553419"
"exdqlm_multivar_synth_keep","draw_093",1449,"2021-11-03","history","0.972122910624365"
"exdqlm_multivar_synth_keep","draw_093",1449,"2021-11-04","history","0.951879077148399"
"exdqlm_multivar_synth_keep","draw_093",1449,"2021-11-05","history","0.850965084303555"
"exdqlm_multivar_synth_keep","draw_093",1449,"2021-11-06","history","0.812985181124035"
"exdqlm_multivar_synth_keep","draw_093",1449,"2021-11-07","history","0.773324119681897"
"exdqlm_multivar_synth_keep","draw_093",1449,"2021-11-08","history","0.741769227748808"
"exdqlm_multivar_synth_keep","draw_093",1449,"2021-11-09","history","1.15101043442071"
"exdqlm_multivar_synth_keep","draw_093",1449,"2021-11-10","history","1.09330262720852"
"exdqlm_multivar_synth_keep","draw_093",1449,"2021-11-11","history","0.990976759864994"
"exdqlm_multivar_synth_keep","draw_093",1449,"2021-11-12","history","0.871591622709909"
"exdqlm_multivar_synth_keep","draw_094",1465,"2021-10-25","history","2.38826678085971"
"exdqlm_multivar_synth_keep","draw_094",1465,"2021-10-26","history","1.67120598452296"
"exdqlm_multivar_synth_keep","draw_094",1465,"2021-10-27","history","1.29225201737410"
"exdqlm_multivar_synth_keep","draw_094",1465,"2021-10-28","history","0.940408094292767"
"exdqlm_multivar_synth_keep","draw_094",1465,"2021-10-29","history","0.886983040745759"
"exdqlm_multivar_synth_keep","draw_094",1465,"2021-10-30","history","0.846046195703245"
"exdqlm_multivar_synth_keep","draw_094",1465,"2021-10-31","history","0.810828096611186"
"exdqlm_multivar_synth_keep","draw_094",1465,"2021-11-01","history","0.798316519270165"
"exdqlm_multivar_synth_keep","draw_094",1465,"2021-11-02","history","1.06981274102853"
"exdqlm_multivar_synth_keep","draw_094",1465,"2021-11-03","history","0.972437209203163"
"exdqlm_multivar_synth_keep","draw_094",1465,"2021-11-04","history","0.953184724198702"
"exdqlm_multivar_synth_keep","draw_094",1465,"2021-11-05","history","0.851018138061393"
"exdqlm_multivar_synth_keep","draw_094",1465,"2021-11-06","history","0.813070955402070"
"exdqlm_multivar_synth_keep","draw_094",1465,"2021-11-07","history","0.773530954006828"
"exdqlm_multivar_synth_keep","draw_094",1465,"2021-11-08","history","0.741833579619832"
"exdqlm_multivar_synth_keep","draw_094",1465,"2021-11-09","history","1.17395797538424"
"exdqlm_multivar_synth_keep","draw_094",1465,"2021-11-10","history","1.10052678688398"
"exdqlm_multivar_synth_keep","draw_094",1465,"2021-11-11","history","0.991227065906782"
"exdqlm_multivar_synth_keep","draw_094",1465,"2021-11-12","history","0.871683418604825"
"exdqlm_multivar_synth_keep","draw_095",1481,"2021-10-25","history","2.49040314448852"
"exdqlm_multivar_synth_keep","draw_095",1481,"2021-10-26","history","1.69517280081540"
"exdqlm_multivar_synth_keep","draw_095",1481,"2021-10-27","history","1.29911087227748"
"exdqlm_multivar_synth_keep","draw_095",1481,"2021-10-28","history","0.940494776675242"
"exdqlm_multivar_synth_keep","draw_095",1481,"2021-10-29","history","0.887133479028260"
"exdqlm_multivar_synth_keep","draw_095",1481,"2021-10-30","history","0.846178509242422"
"exdqlm_multivar_synth_keep","draw_095",1481,"2021-10-31","history","0.811034021576826"
"exdqlm_multivar_synth_keep","draw_095",1481,"2021-11-01","history","0.798356725863480"
"exdqlm_multivar_synth_keep","draw_095",1481,"2021-11-02","history","1.07565919591102"
"exdqlm_multivar_synth_keep","draw_095",1481,"2021-11-03","history","0.972679659189865"
"exdqlm_multivar_synth_keep","draw_095",1481,"2021-11-04","history","0.956175116055374"
"exdqlm_multivar_synth_keep","draw_095",1481,"2021-11-05","history","0.851062367629284"
"exdqlm_multivar_synth_keep","draw_095",1481,"2021-11-06","history","0.813167326245442"
"exdqlm_multivar_synth_keep","draw_095",1481,"2021-11-07","history","0.773705284461637"
"exdqlm_multivar_synth_keep","draw_095",1481,"2021-11-08","history","0.741918125750062"
"exdqlm_multivar_synth_keep","draw_095",1481,"2021-11-09","history","1.19682565860745"
"exdqlm_multivar_synth_keep","draw_095",1481,"2021-11-10","history","1.10590572069903"
"exdqlm_multivar_synth_keep","draw_095",1481,"2021-11-11","history","0.992180961391543"
"exdqlm_multivar_synth_keep","draw_095",1481,"2021-11-12","history","0.871960028219873"
"exdqlm_multivar_synth_keep","draw_096",1496,"2021-10-25","history","2.63261710883380"
"exdqlm_multivar_synth_keep","draw_096",1496,"2021-10-26","history","1.71386301571732"
"exdqlm_multivar_synth_keep","draw_096",1496,"2021-10-27","history","1.30639872838213"
"exdqlm_multivar_synth_keep","draw_096",1496,"2021-10-28","history","0.940542198537963"
"exdqlm_multivar_synth_keep","draw_096",1496,"2021-10-29","history","0.887208905033801"
"exdqlm_multivar_synth_keep","draw_096",1496,"2021-10-30","history","0.846347483215997"
"exdqlm_multivar_synth_keep","draw_096",1496,"2021-10-31","history","0.811258582389726"
"exdqlm_multivar_synth_keep","draw_096",1496,"2021-11-01","history","0.798404006783550"
"exdqlm_multivar_synth_keep","draw_096",1496,"2021-11-02","history","1.08508514258207"
"exdqlm_multivar_synth_keep","draw_096",1496,"2021-11-03","history","0.972929254825030"
"exdqlm_multivar_synth_keep","draw_096",1496,"2021-11-04","history","0.957460159662552"
"exdqlm_multivar_synth_keep","draw_096",1496,"2021-11-05","history","0.851087494046374"
"exdqlm_multivar_synth_keep","draw_096",1496,"2021-11-06","history","0.813236792044933"
"exdqlm_multivar_synth_keep","draw_096",1496,"2021-11-07","history","0.773851840858195"
"exdqlm_multivar_synth_keep","draw_096",1496,"2021-11-08","history","0.741989215762813"
"exdqlm_multivar_synth_keep","draw_096",1496,"2021-11-09","history","1.22302764206325"
"exdqlm_multivar_synth_keep","draw_096",1496,"2021-11-10","history","1.11156389756904"
"exdqlm_multivar_synth_keep","draw_096",1496,"2021-11-11","history","0.993519409801470"
"exdqlm_multivar_synth_keep","draw_096",1496,"2021-11-12","history","0.872073466568515"
"exdqlm_multivar_synth_keep","draw_097",1512,"2021-10-25","history","2.76842711422827"
"exdqlm_multivar_synth_keep","draw_097",1512,"2021-10-26","history","1.73557868642139"
"exdqlm_multivar_synth_keep","draw_097",1512,"2021-10-27","history","1.31343035770789"
"exdqlm_multivar_synth_keep","draw_097",1512,"2021-10-28","history","0.940630434256945"
"exdqlm_multivar_synth_keep","draw_097",1512,"2021-10-29","history","0.887344355219485"
"exdqlm_multivar_synth_keep","draw_097",1512,"2021-10-30","history","0.846984783905414"
"exdqlm_multivar_synth_keep","draw_097",1512,"2021-10-31","history","0.811404033258899"
"exdqlm_multivar_synth_keep","draw_097",1512,"2021-11-01","history","0.798508526485911"
"exdqlm_multivar_synth_keep","draw_097",1512,"2021-11-02","history","1.09379720268513"
"exdqlm_multivar_synth_keep","draw_097",1512,"2021-11-03","history","0.973384574078026"
"exdqlm_multivar_synth_keep","draw_097",1512,"2021-11-04","history","0.958693752579451"
"exdqlm_multivar_synth_keep","draw_097",1512,"2021-11-05","history","0.851138571492078"
"exdqlm_multivar_synth_keep","draw_097",1512,"2021-11-06","history","0.813371458751836"
"exdqlm_multivar_synth_keep","draw_097",1512,"2021-11-07","history","0.774140704856346"
"exdqlm_multivar_synth_keep","draw_097",1512,"2021-11-08","history","0.742064136787874"
"exdqlm_multivar_synth_keep","draw_097",1512,"2021-11-09","history","1.25617933685532"
"exdqlm_multivar_synth_keep","draw_097",1512,"2021-11-10","history","1.11707627444770"
"exdqlm_multivar_synth_keep","draw_097",1512,"2021-11-11","history","0.994340956387550"
"exdqlm_multivar_synth_keep","draw_097",1512,"2021-11-12","history","0.872185871047725"
"exdqlm_multivar_synth_keep","draw_098",1528,"2021-10-25","history","2.84047619070622"
"exdqlm_multivar_synth_keep","draw_098",1528,"2021-10-26","history","1.74715014277135"
"exdqlm_multivar_synth_keep","draw_098",1528,"2021-10-27","history","1.32111984389888"
"exdqlm_multivar_synth_keep","draw_098",1528,"2021-10-28","history","0.940850830278870"
"exdqlm_multivar_synth_keep","draw_098",1528,"2021-10-29","history","0.887438295760411"
"exdqlm_multivar_synth_keep","draw_098",1528,"2021-10-30","history","0.847242136115189"
"exdqlm_multivar_synth_keep","draw_098",1528,"2021-10-31","history","0.811555929200975"
"exdqlm_multivar_synth_keep","draw_098",1528,"2021-11-01","history","0.798696620281252"
"exdqlm_multivar_synth_keep","draw_098",1528,"2021-11-02","history","1.10420748261247"
"exdqlm_multivar_synth_keep","draw_098",1528,"2021-11-03","history","0.973593910587830"
"exdqlm_multivar_synth_keep","draw_098",1528,"2021-11-04","history","0.961190395665081"
"exdqlm_multivar_synth_keep","draw_098",1528,"2021-11-05","history","0.851205815880809"
"exdqlm_multivar_synth_keep","draw_098",1528,"2021-11-06","history","0.813487589437618"
"exdqlm_multivar_synth_keep","draw_098",1528,"2021-11-07","history","0.774430121916460"
"exdqlm_multivar_synth_keep","draw_098",1528,"2021-11-08","history","0.742138196819519"
"exdqlm_multivar_synth_keep","draw_098",1528,"2021-11-09","history","1.27233885163996"
"exdqlm_multivar_synth_keep","draw_098",1528,"2021-11-10","history","1.12091454144282"
"exdqlm_multivar_synth_keep","draw_098",1528,"2021-11-11","history","0.994561239132834"
"exdqlm_multivar_synth_keep","draw_098",1528,"2021-11-12","history","0.872331924401074"
"exdqlm_multivar_synth_keep","draw_099",1544,"2021-10-25","history","2.91885491735411"
"exdqlm_multivar_synth_keep","draw_099",1544,"2021-10-26","history","1.76751213639875"
"exdqlm_multivar_synth_keep","draw_099",1544,"2021-10-27","history","1.32698010674045"
"exdqlm_multivar_synth_keep","draw_099",1544,"2021-10-28","history","0.941037640787320"
"exdqlm_multivar_synth_keep","draw_099",1544,"2021-10-29","history","0.887552089336251"
"exdqlm_multivar_synth_keep","draw_099",1544,"2021-10-30","history","0.847411071180482"
"exdqlm_multivar_synth_keep","draw_099",1544,"2021-10-31","history","0.811669091757597"
"exdqlm_multivar_synth_keep","draw_099",1544,"2021-11-01","history","0.798821653976759"
"exdqlm_multivar_synth_keep","draw_099",1544,"2021-11-02","history","1.11632739835716"
"exdqlm_multivar_synth_keep","draw_099",1544,"2021-11-03","history","0.973775767986882"
"exdqlm_multivar_synth_keep","draw_099",1544,"2021-11-04","history","0.962108623299041"
"exdqlm_multivar_synth_keep","draw_099",1544,"2021-11-05","history","0.851293173158663"
"exdqlm_multivar_synth_keep","draw_099",1544,"2021-11-06","history","0.813538311192093"
"exdqlm_multivar_synth_keep","draw_099",1544,"2021-11-07","history","0.774536665909828"
"exdqlm_multivar_synth_keep","draw_099",1544,"2021-11-08","history","0.742321074144878"
"exdqlm_multivar_synth_keep","draw_099",1544,"2021-11-09","history","1.28625455974339"
"exdqlm_multivar_synth_keep","draw_099",1544,"2021-11-10","history","1.12668802250491"
"exdqlm_multivar_synth_keep","draw_099",1544,"2021-11-11","history","0.994776152391826"
"exdqlm_multivar_synth_keep","draw_099",1544,"2021-11-12","history","0.872490278494519"
"exdqlm_multivar_synth_keep","draw_100",1559,"2021-10-25","history","3.04386284368933"
"exdqlm_multivar_synth_keep","draw_100",1559,"2021-10-26","history","1.78269396115780"
"exdqlm_multivar_synth_keep","draw_100",1559,"2021-10-27","history","1.33370837374008"
"exdqlm_multivar_synth_keep","draw_100",1559,"2021-10-28","history","0.941233715178758"
"exdqlm_multivar_synth_keep","draw_100",1559,"2021-10-29","history","0.887590931579466"
"exdqlm_multivar_synth_keep","draw_100",1559,"2021-10-30","history","0.847784861727413"
"exdqlm_multivar_synth_keep","draw_100",1559,"2021-10-31","history","0.811850495179936"
"exdqlm_multivar_synth_keep","draw_100",1559,"2021-11-01","history","0.798953132219799"
"exdqlm_multivar_synth_keep","draw_100",1559,"2021-11-02","history","1.12525050970234"
"exdqlm_multivar_synth_keep","draw_100",1559,"2021-11-03","history","0.974067693278345"
"exdqlm_multivar_synth_keep","draw_100",1559,"2021-11-04","history","0.963692975069905"
"exdqlm_multivar_synth_keep","draw_100",1559,"2021-11-05","history","0.851371862575424"
"exdqlm_multivar_synth_keep","draw_100",1559,"2021-11-06","history","0.813617209384288"
"exdqlm_multivar_synth_keep","draw_100",1559,"2021-11-07","history","0.774703833957200"
"exdqlm_multivar_synth_keep","draw_100",1559,"2021-11-08","history","0.742733697651430"
"exdqlm_multivar_synth_keep","draw_100",1559,"2021-11-09","history","1.30999908773224"
"exdqlm_multivar_synth_keep","draw_100",1559,"2021-11-10","history","1.13125043030474"
"exdqlm_multivar_synth_keep","draw_100",1559,"2021-11-11","history","0.995142997110737"
"exdqlm_multivar_synth_keep","draw_100",1559,"2021-11-12","history","0.872542589319326"
"exdqlm_multivar_synth_keep","draw_101",1575,"2021-10-25","history","3.11204270780608"
"exdqlm_multivar_synth_keep","draw_101",1575,"2021-10-26","history","1.80945577587003"
"exdqlm_multivar_synth_keep","draw_101",1575,"2021-10-27","history","1.33868357048100"
"exdqlm_multivar_synth_keep","draw_101",1575,"2021-10-28","history","0.941506664639259"
"exdqlm_multivar_synth_keep","draw_101",1575,"2021-10-29","history","0.887813286770329"
"exdqlm_multivar_synth_keep","draw_101",1575,"2021-10-30","history","0.848139359124522"
"exdqlm_multivar_synth_keep","draw_101",1575,"2021-10-31","history","0.811933290503995"
"exdqlm_multivar_synth_keep","draw_101",1575,"2021-11-01","history","0.799294229523939"
"exdqlm_multivar_synth_keep","draw_101",1575,"2021-11-02","history","1.13731424881757"
"exdqlm_multivar_synth_keep","draw_101",1575,"2021-11-03","history","0.974300189697944"
"exdqlm_multivar_synth_keep","draw_101",1575,"2021-11-04","history","0.964650746110083"
"exdqlm_multivar_synth_keep","draw_101",1575,"2021-11-05","history","0.851403322084908"
"exdqlm_multivar_synth_keep","draw_101",1575,"2021-11-06","history","0.813759170627375"
"exdqlm_multivar_synth_keep","draw_101",1575,"2021-11-07","history","0.774958992597712"
"exdqlm_multivar_synth_keep","draw_101",1575,"2021-11-08","history","0.742929948205776"
"exdqlm_multivar_synth_keep","draw_101",1575,"2021-11-09","history","1.33946086835888"
"exdqlm_multivar_synth_keep","draw_101",1575,"2021-11-10","history","1.13822973641217"
"exdqlm_multivar_synth_keep","draw_101",1575,"2021-11-11","history","0.995605117803788"
"exdqlm_multivar_synth_keep","draw_101",1575,"2021-11-12","history","0.872582325417589"
"exdqlm_multivar_synth_keep","draw_102",1591,"2021-10-25","history","3.18095299381899"
"exdqlm_multivar_synth_keep","draw_102",1591,"2021-10-26","history","1.82741191116067"
"exdqlm_multivar_synth_keep","draw_102",1591,"2021-10-27","history","1.34661912312569"
"exdqlm_multivar_synth_keep","draw_102",1591,"2021-10-28","history","0.941689241413764"
"exdqlm_multivar_synth_keep","draw_102",1591,"2021-10-29","history","0.887900882674943"
"exdqlm_multivar_synth_keep","draw_102",1591,"2021-10-30","history","0.848324171205348"
"exdqlm_multivar_synth_keep","draw_102",1591,"2021-10-31","history","0.812017222601023"
"exdqlm_multivar_synth_keep","draw_102",1591,"2021-11-01","history","0.799683021863317"
"exdqlm_multivar_synth_keep","draw_102",1591,"2021-11-02","history","1.14543438766276"
"exdqlm_multivar_synth_keep","draw_102",1591,"2021-11-03","history","0.975763277428632"
"exdqlm_multivar_synth_keep","draw_102",1591,"2021-11-04","history","0.966250514518211"
"exdqlm_multivar_synth_keep","draw_102",1591,"2021-11-05","history","0.851540091635103"
"exdqlm_multivar_synth_keep","draw_102",1591,"2021-11-06","history","0.813827282218981"
"exdqlm_multivar_synth_keep","draw_102",1591,"2021-11-07","history","0.775117198292445"
"exdqlm_multivar_synth_keep","draw_102",1591,"2021-11-08","history","0.743173514485628"
"exdqlm_multivar_synth_keep","draw_102",1591,"2021-11-09","history","1.35623802930253"
"exdqlm_multivar_synth_keep","draw_102",1591,"2021-11-10","history","1.14561447333163"
"exdqlm_multivar_synth_keep","draw_102",1591,"2021-11-11","history","0.996569308293084"
"exdqlm_multivar_synth_keep","draw_102",1591,"2021-11-12","history","0.872659056990745"
"exdqlm_multivar_synth_keep","draw_103",1606,"2021-10-25","history","3.24699362509057"
"exdqlm_multivar_synth_keep","draw_103",1606,"2021-10-26","history","1.85311824777443"
"exdqlm_multivar_synth_keep","draw_103",1606,"2021-10-27","history","1.35612269587631"
"exdqlm_multivar_synth_keep","draw_103",1606,"2021-10-28","history","0.941816145222955"
"exdqlm_multivar_synth_keep","draw_103",1606,"2021-10-29","history","0.888037212078856"
"exdqlm_multivar_synth_keep","draw_103",1606,"2021-10-30","history","0.848438391761674"
"exdqlm_multivar_synth_keep","draw_103",1606,"2021-10-31","history","0.812308295296912"
"exdqlm_multivar_synth_keep","draw_103",1606,"2021-11-01","history","0.800655386735251"
"exdqlm_multivar_synth_keep","draw_103",1606,"2021-11-02","history","1.16008896527945"
"exdqlm_multivar_synth_keep","draw_103",1606,"2021-11-03","history","0.979512181905600"
"exdqlm_multivar_synth_keep","draw_103",1606,"2021-11-04","history","0.968991494238299"
"exdqlm_multivar_synth_keep","draw_103",1606,"2021-11-05","history","0.851738451450789"
"exdqlm_multivar_synth_keep","draw_103",1606,"2021-11-06","history","0.814098494469111"
"exdqlm_multivar_synth_keep","draw_103",1606,"2021-11-07","history","0.775494104550923"
"exdqlm_multivar_synth_keep","draw_103",1606,"2021-11-08","history","0.743318394901074"
"exdqlm_multivar_synth_keep","draw_103",1606,"2021-11-09","history","1.36229650322577"
"exdqlm_multivar_synth_keep","draw_103",1606,"2021-11-10","history","1.15175777496200"
"exdqlm_multivar_synth_keep","draw_103",1606,"2021-11-11","history","0.996927130883497"
"exdqlm_multivar_synth_keep","draw_103",1606,"2021-11-12","history","0.872833207167414"
"exdqlm_multivar_synth_keep","draw_104",1622,"2021-10-25","history","3.32175485567738"
"exdqlm_multivar_synth_keep","draw_104",1622,"2021-10-26","history","1.87675795264370"
"exdqlm_multivar_synth_keep","draw_104",1622,"2021-10-27","history","1.36473941329782"
"exdqlm_multivar_synth_keep","draw_104",1622,"2021-10-28","history","0.941973855481881"
"exdqlm_multivar_synth_keep","draw_104",1622,"2021-10-29","history","0.888925955991092"
"exdqlm_multivar_synth_keep","draw_104",1622,"2021-10-30","history","0.848591136370615"
"exdqlm_multivar_synth_keep","draw_104",1622,"2021-10-31","history","0.812938499427452"
"exdqlm_multivar_synth_keep","draw_104",1622,"2021-11-01","history","0.803958055232816"
"exdqlm_multivar_synth_keep","draw_104",1622,"2021-11-02","history","1.17118562705112"
"exdqlm_multivar_synth_keep","draw_104",1622,"2021-11-03","history","0.981130880711724"
"exdqlm_multivar_synth_keep","draw_104",1622,"2021-11-04","history","0.973572833922858"
"exdqlm_multivar_synth_keep","draw_104",1622,"2021-11-05","history","0.853346816157299"
"exdqlm_multivar_synth_keep","draw_104",1622,"2021-11-06","history","0.814555193949356"
"exdqlm_multivar_synth_keep","draw_104",1622,"2021-11-07","history","0.778988315289163"
"exdqlm_multivar_synth_keep","draw_104",1622,"2021-11-08","history","0.743561484855184"
"exdqlm_multivar_synth_keep","draw_104",1622,"2021-11-09","history","1.38014301950810"
"exdqlm_multivar_synth_keep","draw_104",1622,"2021-11-10","history","1.15849766426047"
"exdqlm_multivar_synth_keep","draw_104",1622,"2021-11-11","history","1.00449280802826"
"exdqlm_multivar_synth_keep","draw_104",1622,"2021-11-12","history","0.874234933666596"
"exdqlm_multivar_synth_keep","draw_105",1638,"2021-10-25","history","3.38853883659629"
"exdqlm_multivar_synth_keep","draw_105",1638,"2021-10-26","history","1.89243146871085"
"exdqlm_multivar_synth_keep","draw_105",1638,"2021-10-27","history","1.37136095204189"
"exdqlm_multivar_synth_keep","draw_105",1638,"2021-10-28","history","0.942379693776161"
"exdqlm_multivar_synth_keep","draw_105",1638,"2021-10-29","history","0.890663569875862"
"exdqlm_multivar_synth_keep","draw_105",1638,"2021-10-30","history","0.848706099741846"
"exdqlm_multivar_synth_keep","draw_105",1638,"2021-10-31","history","0.814493879878571"
"exdqlm_multivar_synth_keep","draw_105",1638,"2021-11-01","history","0.806626644000225"
"exdqlm_multivar_synth_keep","draw_105",1638,"2021-11-02","history","1.18185631793606"
"exdqlm_multivar_synth_keep","draw_105",1638,"2021-11-03","history","0.987922335104989"
"exdqlm_multivar_synth_keep","draw_105",1638,"2021-11-04","history","0.978251549367658"
"exdqlm_multivar_synth_keep","draw_105",1638,"2021-11-05","history","0.856170862755824"
"exdqlm_multivar_synth_keep","draw_105",1638,"2021-11-06","history","0.815935630586461"
"exdqlm_multivar_synth_keep","draw_105",1638,"2021-11-07","history","0.782041721706749"
"exdqlm_multivar_synth_keep","draw_105",1638,"2021-11-08","history","0.743926493310645"
"exdqlm_multivar_synth_keep","draw_105",1638,"2021-11-09","history","1.39627121475451"
"exdqlm_multivar_synth_keep","draw_105",1638,"2021-11-10","history","1.16606705928675"
"exdqlm_multivar_synth_keep","draw_105",1638,"2021-11-11","history","1.00809025703545"
"exdqlm_multivar_synth_keep","draw_105",1638,"2021-11-12","history","0.878021882686281"
"exdqlm_multivar_synth_keep","draw_106",1654,"2021-10-25","history","3.44804269786690"
"exdqlm_multivar_synth_keep","draw_106",1654,"2021-10-26","history","1.90899953711104"
"exdqlm_multivar_synth_keep","draw_106",1654,"2021-10-27","history","1.37719975005544"
"exdqlm_multivar_synth_keep","draw_106",1654,"2021-10-28","history","0.945250423508714"
"exdqlm_multivar_synth_keep","draw_106",1654,"2021-10-29","history","0.892602293362522"
"exdqlm_multivar_synth_keep","draw_106",1654,"2021-10-30","history","0.849220045085117"
"exdqlm_multivar_synth_keep","draw_106",1654,"2021-10-31","history","0.818472320992023"
"exdqlm_multivar_synth_keep","draw_106",1654,"2021-11-01","history","0.809394333489281"
"exdqlm_multivar_synth_keep","draw_106",1654,"2021-11-02","history","1.20062923036432"
"exdqlm_multivar_synth_keep","draw_106",1654,"2021-11-03","history","0.992675807029334"
"exdqlm_multivar_synth_keep","draw_106",1654,"2021-11-04","history","0.983758992660812"
"exdqlm_multivar_synth_keep","draw_106",1654,"2021-11-05","history","0.860791468049430"
"exdqlm_multivar_synth_keep","draw_106",1654,"2021-11-06","history","0.817290253342299"
"exdqlm_multivar_synth_keep","draw_106",1654,"2021-11-07","history","0.784756052769149"
"exdqlm_multivar_synth_keep","draw_106",1654,"2021-11-08","history","0.744083486573072"
"exdqlm_multivar_synth_keep","draw_106",1654,"2021-11-09","history","1.41463761848882"
"exdqlm_multivar_synth_keep","draw_106",1654,"2021-11-10","history","1.17413410209778"
"exdqlm_multivar_synth_keep","draw_106",1654,"2021-11-11","history","1.01525670780529"
"exdqlm_multivar_synth_keep","draw_106",1654,"2021-11-12","history","0.881932772937116"
"exdqlm_multivar_synth_keep","draw_107",1669,"2021-10-25","history","3.52583286565932"
"exdqlm_multivar_synth_keep","draw_107",1669,"2021-10-26","history","1.92920144895460"
"exdqlm_multivar_synth_keep","draw_107",1669,"2021-10-27","history","1.39106269560879"
"exdqlm_multivar_synth_keep","draw_107",1669,"2021-10-28","history","0.947504619780685"
"exdqlm_multivar_synth_keep","draw_107",1669,"2021-10-29","history","0.896324872677466"
"exdqlm_multivar_synth_keep","draw_107",1669,"2021-10-30","history","0.852313936094386"
"exdqlm_multivar_synth_keep","draw_107",1669,"2021-10-31","history","0.820869178072620"
"exdqlm_multivar_synth_keep","draw_107",1669,"2021-11-01","history","0.812783304279069"
"exdqlm_multivar_synth_keep","draw_107",1669,"2021-11-02","history","1.21476119785339"
"exdqlm_multivar_synth_keep","draw_107",1669,"2021-11-03","history","0.998907334764946"
"exdqlm_multivar_synth_keep","draw_107",1669,"2021-11-04","history","0.990280695192873"
"exdqlm_multivar_synth_keep","draw_107",1669,"2021-11-05","history","0.864742404331461"
"exdqlm_multivar_synth_keep","draw_107",1669,"2021-11-06","history","0.820268790223478"
"exdqlm_multivar_synth_keep","draw_107",1669,"2021-11-07","history","0.786324409451063"
"exdqlm_multivar_synth_keep","draw_107",1669,"2021-11-08","history","0.744418115936407"
"exdqlm_multivar_synth_keep","draw_107",1669,"2021-11-09","history","1.43044192690122"
"exdqlm_multivar_synth_keep","draw_107",1669,"2021-11-10","history","1.17895062487098"
"exdqlm_multivar_synth_keep","draw_107",1669,"2021-11-11","history","1.02061924408490"
"exdqlm_multivar_synth_keep","draw_107",1669,"2021-11-12","history","0.883955660451237"
"exdqlm_multivar_synth_keep","draw_108",1685,"2021-10-25","history","3.57160412886047"
"exdqlm_multivar_synth_keep","draw_108",1685,"2021-10-26","history","1.94658971270706"
"exdqlm_multivar_synth_keep","draw_108",1685,"2021-10-27","history","1.39990615864670"
"exdqlm_multivar_synth_keep","draw_108",1685,"2021-10-28","history","0.951551510231380"
"exdqlm_multivar_synth_keep","draw_108",1685,"2021-10-29","history","0.899292689300841"
"exdqlm_multivar_synth_keep","draw_108",1685,"2021-10-30","history","0.855255744151168"
"exdqlm_multivar_synth_keep","draw_108",1685,"2021-10-31","history","0.823392283424924"
"exdqlm_multivar_synth_keep","draw_108",1685,"2021-11-01","history","0.817741593929541"
"exdqlm_multivar_synth_keep","draw_108",1685,"2021-11-02","history","1.22307092780548"
"exdqlm_multivar_synth_keep","draw_108",1685,"2021-11-03","history","1.00539245068554"
"exdqlm_multivar_synth_keep","draw_108",1685,"2021-11-04","history","0.997052744849480"
"exdqlm_multivar_synth_keep","draw_108",1685,"2021-11-05","history","0.866912627250412"
"exdqlm_multivar_synth_keep","draw_108",1685,"2021-11-06","history","0.824826820068278"
"exdqlm_multivar_synth_keep","draw_108",1685,"2021-11-07","history","0.788551495490470"
"exdqlm_multivar_synth_keep","draw_108",1685,"2021-11-08","history","0.745320856804078"
"exdqlm_multivar_synth_keep","draw_108",1685,"2021-11-09","history","1.44333178546193"
"exdqlm_multivar_synth_keep","draw_108",1685,"2021-11-10","history","1.18814856252742"
"exdqlm_multivar_synth_keep","draw_108",1685,"2021-11-11","history","1.02483600950245"
"exdqlm_multivar_synth_keep","draw_108",1685,"2021-11-12","history","0.888157124746720"
"exdqlm_multivar_synth_keep","draw_109",1701,"2021-10-25","history","3.62816035086962"
"exdqlm_multivar_synth_keep","draw_109",1701,"2021-10-26","history","1.96117697188896"
"exdqlm_multivar_synth_keep","draw_109",1701,"2021-10-27","history","1.41111382653186"
"exdqlm_multivar_synth_keep","draw_109",1701,"2021-10-28","history","0.954308228083763"
"exdqlm_multivar_synth_keep","draw_109",1701,"2021-10-29","history","0.903294016187283"
"exdqlm_multivar_synth_keep","draw_109",1701,"2021-10-30","history","0.860688206305120"
"exdqlm_multivar_synth_keep","draw_109",1701,"2021-10-31","history","0.824842961572485"
"exdqlm_multivar_synth_keep","draw_109",1701,"2021-11-01","history","0.822215826706460"
"exdqlm_multivar_synth_keep","draw_109",1701,"2021-11-02","history","1.23833306504380"
"exdqlm_multivar_synth_keep","draw_109",1701,"2021-11-03","history","1.01126443506271"
"exdqlm_multivar_synth_keep","draw_109",1701,"2021-11-04","history","1.00353231129329"
"exdqlm_multivar_synth_keep","draw_109",1701,"2021-11-05","history","0.870417237200873"
"exdqlm_multivar_synth_keep","draw_109",1701,"2021-11-06","history","0.827504916061594"
"exdqlm_multivar_synth_keep","draw_109",1701,"2021-11-07","history","0.791629839602249"
"exdqlm_multivar_synth_keep","draw_109",1701,"2021-11-08","history","0.748417484171312"
"exdqlm_multivar_synth_keep","draw_109",1701,"2021-11-09","history","1.46545302051816"
"exdqlm_multivar_synth_keep","draw_109",1701,"2021-11-10","history","1.19457872364870"
"exdqlm_multivar_synth_keep","draw_109",1701,"2021-11-11","history","1.03046187517660"
"exdqlm_multivar_synth_keep","draw_109",1701,"2021-11-12","history","0.891579741037535"
"exdqlm_multivar_synth_keep","draw_110",1717,"2021-10-25","history","3.67317863965085"
"exdqlm_multivar_synth_keep","draw_110",1717,"2021-10-26","history","1.99070880018148"
"exdqlm_multivar_synth_keep","draw_110",1717,"2021-10-27","history","1.41763146684675"
"exdqlm_multivar_synth_keep","draw_110",1717,"2021-10-28","history","0.958047040325737"
"exdqlm_multivar_synth_keep","draw_110",1717,"2021-10-29","history","0.907592998902375"
"exdqlm_multivar_synth_keep","draw_110",1717,"2021-10-30","history","0.863620010928943"
"exdqlm_multivar_synth_keep","draw_110",1717,"2021-10-31","history","0.827057598444512"
"exdqlm_multivar_synth_keep","draw_110",1717,"2021-11-01","history","0.823728316027931"
"exdqlm_multivar_synth_keep","draw_110",1717,"2021-11-02","history","1.25472583046300"
"exdqlm_multivar_synth_keep","draw_110",1717,"2021-11-03","history","1.01817104577135"
"exdqlm_multivar_synth_keep","draw_110",1717,"2021-11-04","history","1.01181586290567"
"exdqlm_multivar_synth_keep","draw_110",1717,"2021-11-05","history","0.875803456113713"
"exdqlm_multivar_synth_keep","draw_110",1717,"2021-11-06","history","0.832937617791218"
"exdqlm_multivar_synth_keep","draw_110",1717,"2021-11-07","history","0.795908332601136"
"exdqlm_multivar_synth_keep","draw_110",1717,"2021-11-08","history","0.752360479189024"
"exdqlm_multivar_synth_keep","draw_110",1717,"2021-11-09","history","1.48176981207440"
"exdqlm_multivar_synth_keep","draw_110",1717,"2021-11-10","history","1.20235859130693"
"exdqlm_multivar_synth_keep","draw_110",1717,"2021-11-11","history","1.03451861901239"
"exdqlm_multivar_synth_keep","draw_110",1717,"2021-11-12","history","0.895329567658917"
"exdqlm_multivar_synth_keep","draw_111",1732,"2021-10-25","history","3.71846269270685"
"exdqlm_multivar_synth_keep","draw_111",1732,"2021-10-26","history","2.00193477215147"
"exdqlm_multivar_synth_keep","draw_111",1732,"2021-10-27","history","1.42709973014584"
"exdqlm_multivar_synth_keep","draw_111",1732,"2021-10-28","history","0.961160825973094"
"exdqlm_multivar_synth_keep","draw_111",1732,"2021-10-29","history","0.910719181512112"
"exdqlm_multivar_synth_keep","draw_111",1732,"2021-10-30","history","0.867927445773166"
"exdqlm_multivar_synth_keep","draw_111",1732,"2021-10-31","history","0.829966101101397"
"exdqlm_multivar_synth_keep","draw_111",1732,"2021-11-01","history","0.827406808139353"
"exdqlm_multivar_synth_keep","draw_111",1732,"2021-11-02","history","1.26966760108351"
"exdqlm_multivar_synth_keep","draw_111",1732,"2021-11-03","history","1.02169563729492"
"exdqlm_multivar_synth_keep","draw_111",1732,"2021-11-04","history","1.01789494730188"
"exdqlm_multivar_synth_keep","draw_111",1732,"2021-11-05","history","0.879987264642431"
"exdqlm_multivar_synth_keep","draw_111",1732,"2021-11-06","history","0.837342021252206"
"exdqlm_multivar_synth_keep","draw_111",1732,"2021-11-07","history","0.799158927483360"
"exdqlm_multivar_synth_keep","draw_111",1732,"2021-11-08","history","0.754563609550570"
"exdqlm_multivar_synth_keep","draw_111",1732,"2021-11-09","history","1.49880916312882"
"exdqlm_multivar_synth_keep","draw_111",1732,"2021-11-10","history","1.21359311488763"
"exdqlm_multivar_synth_keep","draw_111",1732,"2021-11-11","history","1.03993865978362"
"exdqlm_multivar_synth_keep","draw_111",1732,"2021-11-12","history","0.898044507104712"
"exdqlm_multivar_synth_keep","draw_112",1748,"2021-10-25","history","3.75913185066706"
"exdqlm_multivar_synth_keep","draw_112",1748,"2021-10-26","history","2.01838610061243"
"exdqlm_multivar_synth_keep","draw_112",1748,"2021-10-27","history","1.43381861655963"
"exdqlm_multivar_synth_keep","draw_112",1748,"2021-10-28","history","0.965541839547386"
"exdqlm_multivar_synth_keep","draw_112",1748,"2021-10-29","history","0.916252723704918"
"exdqlm_multivar_synth_keep","draw_112",1748,"2021-10-30","history","0.870998051091854"
"exdqlm_multivar_synth_keep","draw_112",1748,"2021-10-31","history","0.832442839371759"
"exdqlm_multivar_synth_keep","draw_112",1748,"2021-11-01","history","0.830839126823797"
"exdqlm_multivar_synth_keep","draw_112",1748,"2021-11-02","history","1.28005192549085"
"exdqlm_multivar_synth_keep","draw_112",1748,"2021-11-03","history","1.02658036505432"
"exdqlm_multivar_synth_keep","draw_112",1748,"2021-11-04","history","1.02289680478898"
"exdqlm_multivar_synth_keep","draw_112",1748,"2021-11-05","history","0.881797447306415"
"exdqlm_multivar_synth_keep","draw_112",1748,"2021-11-06","history","0.840731067281366"
"exdqlm_multivar_synth_keep","draw_112",1748,"2021-11-07","history","0.801099775599812"
"exdqlm_multivar_synth_keep","draw_112",1748,"2021-11-08","history","0.758982249450720"
"exdqlm_multivar_synth_keep","draw_112",1748,"2021-11-09","history","1.50984811806857"
"exdqlm_multivar_synth_keep","draw_112",1748,"2021-11-10","history","1.22372273089819"
"exdqlm_multivar_synth_keep","draw_112",1748,"2021-11-11","history","1.04330517054408"
"exdqlm_multivar_synth_keep","draw_112",1748,"2021-11-12","history","0.900510798185348"
"exdqlm_multivar_synth_keep","draw_113",1764,"2021-10-25","history","3.80043992948774"
"exdqlm_multivar_synth_keep","draw_113",1764,"2021-10-26","history","2.03822173786264"
"exdqlm_multivar_synth_keep","draw_113",1764,"2021-10-27","history","1.44430530164327"
"exdqlm_multivar_synth_keep","draw_113",1764,"2021-10-28","history","0.969632253314323"
"exdqlm_multivar_synth_keep","draw_113",1764,"2021-10-29","history","0.919889383636948"
"exdqlm_multivar_synth_keep","draw_113",1764,"2021-10-30","history","0.871761874347711"
"exdqlm_multivar_synth_keep","draw_113",1764,"2021-10-31","history","0.835837717059299"
"exdqlm_multivar_synth_keep","draw_113",1764,"2021-11-01","history","0.837041768269186"
"exdqlm_multivar_synth_keep","draw_113",1764,"2021-11-02","history","1.29174730769736"
"exdqlm_multivar_synth_keep","draw_113",1764,"2021-11-03","history","1.03162964213554"
"exdqlm_multivar_synth_keep","draw_113",1764,"2021-11-04","history","1.02997035809465"
"exdqlm_multivar_synth_keep","draw_113",1764,"2021-11-05","history","0.885280221777101"
"exdqlm_multivar_synth_keep","draw_113",1764,"2021-11-06","history","0.843319993897755"
"exdqlm_multivar_synth_keep","draw_113",1764,"2021-11-07","history","0.805661555446583"
"exdqlm_multivar_synth_keep","draw_113",1764,"2021-11-08","history","0.762280035503147"
"exdqlm_multivar_synth_keep","draw_113",1764,"2021-11-09","history","1.52569738107853"
"exdqlm_multivar_synth_keep","draw_113",1764,"2021-11-10","history","1.23136891803205"
"exdqlm_multivar_synth_keep","draw_113",1764,"2021-11-11","history","1.04831445294517"
"exdqlm_multivar_synth_keep","draw_113",1764,"2021-11-12","history","0.904388990418608"
"exdqlm_multivar_synth_keep","draw_114",1780,"2021-10-25","history","3.85939707587023"
"exdqlm_multivar_synth_keep","draw_114",1780,"2021-10-26","history","2.05990040425268"
"exdqlm_multivar_synth_keep","draw_114",1780,"2021-10-27","history","1.45475047075738"
"exdqlm_multivar_synth_keep","draw_114",1780,"2021-10-28","history","0.972736158813996"
"exdqlm_multivar_synth_keep","draw_114",1780,"2021-10-29","history","0.924230928545058"
"exdqlm_multivar_synth_keep","draw_114",1780,"2021-10-30","history","0.875809916552143"
"exdqlm_multivar_synth_keep","draw_114",1780,"2021-10-31","history","0.839858477336694"
"exdqlm_multivar_synth_keep","draw_114",1780,"2021-11-01","history","0.841143620586222"
"exdqlm_multivar_synth_keep","draw_114",1780,"2021-11-02","history","1.30479553327804"
"exdqlm_multivar_synth_keep","draw_114",1780,"2021-11-03","history","1.03626150522291"
"exdqlm_multivar_synth_keep","draw_114",1780,"2021-11-04","history","1.03841563098014"
"exdqlm_multivar_synth_keep","draw_114",1780,"2021-11-05","history","0.888388897388173"
"exdqlm_multivar_synth_keep","draw_114",1780,"2021-11-06","history","0.845036633154315"
"exdqlm_multivar_synth_keep","draw_114",1780,"2021-11-07","history","0.809728432207875"
"exdqlm_multivar_synth_keep","draw_114",1780,"2021-11-08","history","0.764253847284798"
"exdqlm_multivar_synth_keep","draw_114",1780,"2021-11-09","history","1.53935448589465"
"exdqlm_multivar_synth_keep","draw_114",1780,"2021-11-10","history","1.23965473263007"
"exdqlm_multivar_synth_keep","draw_114",1780,"2021-11-11","history","1.05444203099200"
"exdqlm_multivar_synth_keep","draw_114",1780,"2021-11-12","history","0.908242950279244"
"exdqlm_multivar_synth_keep","draw_115",1795,"2021-10-25","history","3.90211657482876"
"exdqlm_multivar_synth_keep","draw_115",1795,"2021-10-26","history","2.07174771860122"
"exdqlm_multivar_synth_keep","draw_115",1795,"2021-10-27","history","1.46904806647157"
"exdqlm_multivar_synth_keep","draw_115",1795,"2021-10-28","history","0.975734332255830"
"exdqlm_multivar_synth_keep","draw_115",1795,"2021-10-29","history","0.927747700041064"
"exdqlm_multivar_synth_keep","draw_115",1795,"2021-10-30","history","0.880294322293952"
"exdqlm_multivar_synth_keep","draw_115",1795,"2021-10-31","history","0.842246646745274"
"exdqlm_multivar_synth_keep","draw_115",1795,"2021-11-01","history","0.844207204060332"
"exdqlm_multivar_synth_keep","draw_115",1795,"2021-11-02","history","1.31517499746610"
"exdqlm_multivar_synth_keep","draw_115",1795,"2021-11-03","history","1.04022411730192"
"exdqlm_multivar_synth_keep","draw_115",1795,"2021-11-04","history","1.04484160542154"
"exdqlm_multivar_synth_keep","draw_115",1795,"2021-11-05","history","0.892866441468764"
"exdqlm_multivar_synth_keep","draw_115",1795,"2021-11-06","history","0.849333998359124"
"exdqlm_multivar_synth_keep","draw_115",1795,"2021-11-07","history","0.814723617055549"
"exdqlm_multivar_synth_keep","draw_115",1795,"2021-11-08","history","0.767249985935570"
"exdqlm_multivar_synth_keep","draw_115",1795,"2021-11-09","history","1.55751589967086"
"exdqlm_multivar_synth_keep","draw_115",1795,"2021-11-10","history","1.24832267182352"
"exdqlm_multivar_synth_keep","draw_115",1795,"2021-11-11","history","1.06129786650537"
"exdqlm_multivar_synth_keep","draw_115",1795,"2021-11-12","history","0.912249062552833"
"exdqlm_multivar_synth_keep","draw_116",1811,"2021-10-25","history","3.96171286931773"
"exdqlm_multivar_synth_keep","draw_116",1811,"2021-10-26","history","2.09704845366762"
"exdqlm_multivar_synth_keep","draw_116",1811,"2021-10-27","history","1.48235429794495"
"exdqlm_multivar_synth_keep","draw_116",1811,"2021-10-28","history","0.980360783490296"
"exdqlm_multivar_synth_keep","draw_116",1811,"2021-10-29","history","0.930756194074071"
"exdqlm_multivar_synth_keep","draw_116",1811,"2021-10-30","history","0.883733698638863"
"exdqlm_multivar_synth_keep","draw_116",1811,"2021-10-31","history","0.846480726467701"
"exdqlm_multivar_synth_keep","draw_116",1811,"2021-11-01","history","0.848098616289261"
"exdqlm_multivar_synth_keep","draw_116",1811,"2021-11-02","history","1.32618558015511"
"exdqlm_multivar_synth_keep","draw_116",1811,"2021-11-03","history","1.04255411314685"
"exdqlm_multivar_synth_keep","draw_116",1811,"2021-11-04","history","1.05093491856750"
"exdqlm_multivar_synth_keep","draw_116",1811,"2021-11-05","history","0.898132437023762"
"exdqlm_multivar_synth_keep","draw_116",1811,"2021-11-06","history","0.853840415064838"
"exdqlm_multivar_synth_keep","draw_116",1811,"2021-11-07","history","0.821047892892905"
"exdqlm_multivar_synth_keep","draw_116",1811,"2021-11-08","history","0.773271455033540"
"exdqlm_multivar_synth_keep","draw_116",1811,"2021-11-09","history","1.56738714187010"
"exdqlm_multivar_synth_keep","draw_116",1811,"2021-11-10","history","1.25668680675550"
"exdqlm_multivar_synth_keep","draw_116",1811,"2021-11-11","history","1.06854167124841"
"exdqlm_multivar_synth_keep","draw_116",1811,"2021-11-12","history","0.916626349868391"
"exdqlm_multivar_synth_keep","draw_117",1827,"2021-10-25","history","3.99404589627673"
"exdqlm_multivar_synth_keep","draw_117",1827,"2021-10-26","history","2.11609038261894"
"exdqlm_multivar_synth_keep","draw_117",1827,"2021-10-27","history","1.49219575288782"
"exdqlm_multivar_synth_keep","draw_117",1827,"2021-10-28","history","0.984005200015061"
"exdqlm_multivar_synth_keep","draw_117",1827,"2021-10-29","history","0.937148646243513"
"exdqlm_multivar_synth_keep","draw_117",1827,"2021-10-30","history","0.885584516209276"
"exdqlm_multivar_synth_keep","draw_117",1827,"2021-10-31","history","0.849621883622941"
"exdqlm_multivar_synth_keep","draw_117",1827,"2021-11-01","history","0.851781892462740"
"exdqlm_multivar_synth_keep","draw_117",1827,"2021-11-02","history","1.33916018376597"
"exdqlm_multivar_synth_keep","draw_117",1827,"2021-11-03","history","1.05056368174633"
"exdqlm_multivar_synth_keep","draw_117",1827,"2021-11-04","history","1.05631095771291"
"exdqlm_multivar_synth_keep","draw_117",1827,"2021-11-05","history","0.902732478482288"
"exdqlm_multivar_synth_keep","draw_117",1827,"2021-11-06","history","0.859041923832104"
"exdqlm_multivar_synth_keep","draw_117",1827,"2021-11-07","history","0.823453004901393"
"exdqlm_multivar_synth_keep","draw_117",1827,"2021-11-08","history","0.778728736466641"
"exdqlm_multivar_synth_keep","draw_117",1827,"2021-11-09","history","1.58500758931344"
"exdqlm_multivar_synth_keep","draw_117",1827,"2021-11-10","history","1.26799002258135"
"exdqlm_multivar_synth_keep","draw_117",1827,"2021-11-11","history","1.07344433730531"
"exdqlm_multivar_synth_keep","draw_117",1827,"2021-11-12","history","0.922155587947706"
"exdqlm_multivar_synth_keep","draw_118",1843,"2021-10-25","history","4.03380709110313"
"exdqlm_multivar_synth_keep","draw_118",1843,"2021-10-26","history","2.13958129903340"
"exdqlm_multivar_synth_keep","draw_118",1843,"2021-10-27","history","1.49899634601071"
"exdqlm_multivar_synth_keep","draw_118",1843,"2021-10-28","history","0.989265990114949"
"exdqlm_multivar_synth_keep","draw_118",1843,"2021-10-29","history","0.940829031612822"
"exdqlm_multivar_synth_keep","draw_118",1843,"2021-10-30","history","0.888908020892018"
"exdqlm_multivar_synth_keep","draw_118",1843,"2021-10-31","history","0.853455488677680"
"exdqlm_multivar_synth_keep","draw_118",1843,"2021-11-01","history","0.852832671235524"
"exdqlm_multivar_synth_keep","draw_118",1843,"2021-11-02","history","1.35216150802921"
"exdqlm_multivar_synth_keep","draw_118",1843,"2021-11-03","history","1.05539352165057"
"exdqlm_multivar_synth_keep","draw_118",1843,"2021-11-04","history","1.06175293961843"
"exdqlm_multivar_synth_keep","draw_118",1843,"2021-11-05","history","0.908918701621728"
"exdqlm_multivar_synth_keep","draw_118",1843,"2021-11-06","history","0.863760769477771"
"exdqlm_multivar_synth_keep","draw_118",1843,"2021-11-07","history","0.826452861442623"
"exdqlm_multivar_synth_keep","draw_118",1843,"2021-11-08","history","0.784002309322645"
"exdqlm_multivar_synth_keep","draw_118",1843,"2021-11-09","history","1.59514391415466"
"exdqlm_multivar_synth_keep","draw_118",1843,"2021-11-10","history","1.27440638949846"
"exdqlm_multivar_synth_keep","draw_118",1843,"2021-11-11","history","1.07906585586461"
"exdqlm_multivar_synth_keep","draw_118",1843,"2021-11-12","history","0.926710445554972"
"exdqlm_multivar_synth_keep","draw_119",1858,"2021-10-25","history","4.11561924441943"
"exdqlm_multivar_synth_keep","draw_119",1858,"2021-10-26","history","2.16137284773893"
"exdqlm_multivar_synth_keep","draw_119",1858,"2021-10-27","history","1.51438791696491"
"exdqlm_multivar_synth_keep","draw_119",1858,"2021-10-28","history","0.995227877868110"
"exdqlm_multivar_synth_keep","draw_119",1858,"2021-10-29","history","0.945792428496972"
"exdqlm_multivar_synth_keep","draw_119",1858,"2021-10-30","history","0.893835556649967"
"exdqlm_multivar_synth_keep","draw_119",1858,"2021-10-31","history","0.857303525081276"
"exdqlm_multivar_synth_keep","draw_119",1858,"2021-11-01","history","0.861237108053250"
"exdqlm_multivar_synth_keep","draw_119",1858,"2021-11-02","history","1.36774950359053"
"exdqlm_multivar_synth_keep","draw_119",1858,"2021-11-03","history","1.06119260589706"
"exdqlm_multivar_synth_keep","draw_119",1858,"2021-11-04","history","1.06954673945753"
"exdqlm_multivar_synth_keep","draw_119",1858,"2021-11-05","history","0.914276031947981"
"exdqlm_multivar_synth_keep","draw_119",1858,"2021-11-06","history","0.867425011476229"
"exdqlm_multivar_synth_keep","draw_119",1858,"2021-11-07","history","0.829661495375965"
"exdqlm_multivar_synth_keep","draw_119",1858,"2021-11-08","history","0.787636696956576"
"exdqlm_multivar_synth_keep","draw_119",1858,"2021-11-09","history","1.61253579543667"
"exdqlm_multivar_synth_keep","draw_119",1858,"2021-11-10","history","1.28432046179130"
"exdqlm_multivar_synth_keep","draw_119",1858,"2021-11-11","history","1.08473131511507"
"exdqlm_multivar_synth_keep","draw_119",1858,"2021-11-12","history","0.931008065533465"
"exdqlm_multivar_synth_keep","draw_120",1874,"2021-10-25","history","4.16423626862628"
"exdqlm_multivar_synth_keep","draw_120",1874,"2021-10-26","history","2.18286299804203"
"exdqlm_multivar_synth_keep","draw_120",1874,"2021-10-27","history","1.52303409438480"
"exdqlm_multivar_synth_keep","draw_120",1874,"2021-10-28","history","1.00185188065084"
"exdqlm_multivar_synth_keep","draw_120",1874,"2021-10-29","history","0.951389112240467"
"exdqlm_multivar_synth_keep","draw_120",1874,"2021-10-30","history","0.900434297216322"
"exdqlm_multivar_synth_keep","draw_120",1874,"2021-10-31","history","0.859850960832135"
"exdqlm_multivar_synth_keep","draw_120",1874,"2021-11-01","history","0.867219987229985"
"exdqlm_multivar_synth_keep","draw_120",1874,"2021-11-02","history","1.37943484936508"
"exdqlm_multivar_synth_keep","draw_120",1874,"2021-11-03","history","1.06726663682063"
"exdqlm_multivar_synth_keep","draw_120",1874,"2021-11-04","history","1.08003103912434"
"exdqlm_multivar_synth_keep","draw_120",1874,"2021-11-05","history","0.922349849846151"
"exdqlm_multivar_synth_keep","draw_120",1874,"2021-11-06","history","0.872018228256396"
"exdqlm_multivar_synth_keep","draw_120",1874,"2021-11-07","history","0.835083524150945"
"exdqlm_multivar_synth_keep","draw_120",1874,"2021-11-08","history","0.793743324679637"
"exdqlm_multivar_synth_keep","draw_120",1874,"2021-11-09","history","1.62979418873024"
"exdqlm_multivar_synth_keep","draw_120",1874,"2021-11-10","history","1.29318060494638"
"exdqlm_multivar_synth_keep","draw_120",1874,"2021-11-11","history","1.09310176792861"
"exdqlm_multivar_synth_keep","draw_120",1874,"2021-11-12","history","0.934116390726153"
"exdqlm_multivar_synth_keep","draw_121",1890,"2021-10-25","history","4.22927810559446"
"exdqlm_multivar_synth_keep","draw_121",1890,"2021-10-26","history","2.20496112604903"
"exdqlm_multivar_synth_keep","draw_121",1890,"2021-10-27","history","1.53138690332130"
"exdqlm_multivar_synth_keep","draw_121",1890,"2021-10-28","history","1.00845306009474"
"exdqlm_multivar_synth_keep","draw_121",1890,"2021-10-29","history","0.957994812546425"
"exdqlm_multivar_synth_keep","draw_121",1890,"2021-10-30","history","0.902513482375321"
"exdqlm_multivar_synth_keep","draw_121",1890,"2021-10-31","history","0.863610575263446"
"exdqlm_multivar_synth_keep","draw_121",1890,"2021-11-01","history","0.871541823979658"
"exdqlm_multivar_synth_keep","draw_121",1890,"2021-11-02","history","1.40191598019277"
"exdqlm_multivar_synth_keep","draw_121",1890,"2021-11-03","history","1.07178495827447"
"exdqlm_multivar_synth_keep","draw_121",1890,"2021-11-04","history","1.08524338647326"
"exdqlm_multivar_synth_keep","draw_121",1890,"2021-11-05","history","0.927703280220636"
"exdqlm_multivar_synth_keep","draw_121",1890,"2021-11-06","history","0.875006256478616"
"exdqlm_multivar_synth_keep","draw_121",1890,"2021-11-07","history","0.842732526381248"
"exdqlm_multivar_synth_keep","draw_121",1890,"2021-11-08","history","0.804012333764361"
"exdqlm_multivar_synth_keep","draw_121",1890,"2021-11-09","history","1.64503030038350"
"exdqlm_multivar_synth_keep","draw_121",1890,"2021-11-10","history","1.30214210188322"
"exdqlm_multivar_synth_keep","draw_121",1890,"2021-11-11","history","1.10327170740973"
"exdqlm_multivar_synth_keep","draw_121",1890,"2021-11-12","history","0.938517940428194"
"exdqlm_multivar_synth_keep","draw_122",1906,"2021-10-25","history","4.29320161901933"
"exdqlm_multivar_synth_keep","draw_122",1906,"2021-10-26","history","2.21537645608454"
"exdqlm_multivar_synth_keep","draw_122",1906,"2021-10-27","history","1.53871953331032"
"exdqlm_multivar_synth_keep","draw_122",1906,"2021-10-28","history","1.01341823670137"
"exdqlm_multivar_synth_keep","draw_122",1906,"2021-10-29","history","0.962251635644309"
"exdqlm_multivar_synth_keep","draw_122",1906,"2021-10-30","history","0.910813164938940"
"exdqlm_multivar_synth_keep","draw_122",1906,"2021-10-31","history","0.871547646720135"
"exdqlm_multivar_synth_keep","draw_122",1906,"2021-11-01","history","0.877732148581044"
"exdqlm_multivar_synth_keep","draw_122",1906,"2021-11-02","history","1.41716389443658"
"exdqlm_multivar_synth_keep","draw_122",1906,"2021-11-03","history","1.07463527137396"
"exdqlm_multivar_synth_keep","draw_122",1906,"2021-11-04","history","1.09423865442577"
"exdqlm_multivar_synth_keep","draw_122",1906,"2021-11-05","history","0.937812006238888"
"exdqlm_multivar_synth_keep","draw_122",1906,"2021-11-06","history","0.877039651877165"
"exdqlm_multivar_synth_keep","draw_122",1906,"2021-11-07","history","0.847214332685196"
"exdqlm_multivar_synth_keep","draw_122",1906,"2021-11-08","history","0.811287653695615"
"exdqlm_multivar_synth_keep","draw_122",1906,"2021-11-09","history","1.65333036582827"
"exdqlm_multivar_synth_keep","draw_122",1906,"2021-11-10","history","1.31014457717070"
"exdqlm_multivar_synth_keep","draw_122",1906,"2021-11-11","history","1.11176750369432"
"exdqlm_multivar_synth_keep","draw_122",1906,"2021-11-12","history","0.948221531305757"
"exdqlm_multivar_synth_keep","draw_123",1921,"2021-10-25","history","4.31036869030919"
"exdqlm_multivar_synth_keep","draw_123",1921,"2021-10-26","history","2.22585918059985"
"exdqlm_multivar_synth_keep","draw_123",1921,"2021-10-27","history","1.54690270331065"
"exdqlm_multivar_synth_keep","draw_123",1921,"2021-10-28","history","1.02401941555340"
"exdqlm_multivar_synth_keep","draw_123",1921,"2021-10-29","history","0.967392947736566"
"exdqlm_multivar_synth_keep","draw_123",1921,"2021-10-30","history","0.922234922760595"
"exdqlm_multivar_synth_keep","draw_123",1921,"2021-10-31","history","0.877474554670915"
"exdqlm_multivar_synth_keep","draw_123",1921,"2021-11-01","history","0.882798061572889"
"exdqlm_multivar_synth_keep","draw_123",1921,"2021-11-02","history","1.43125252818105"
"exdqlm_multivar_synth_keep","draw_123",1921,"2021-11-03","history","1.08033390166463"
"exdqlm_multivar_synth_keep","draw_123",1921,"2021-11-04","history","1.10096616622869"
"exdqlm_multivar_synth_keep","draw_123",1921,"2021-11-05","history","0.944809863103858"
"exdqlm_multivar_synth_keep","draw_123",1921,"2021-11-06","history","0.882389984821892"
"exdqlm_multivar_synth_keep","draw_123",1921,"2021-11-07","history","0.850777283375305"
"exdqlm_multivar_synth_keep","draw_123",1921,"2021-11-08","history","0.818703645262971"
"exdqlm_multivar_synth_keep","draw_123",1921,"2021-11-09","history","1.65782193846273"
"exdqlm_multivar_synth_keep","draw_123",1921,"2021-11-10","history","1.32189795452835"
"exdqlm_multivar_synth_keep","draw_123",1921,"2021-11-11","history","1.11758442425867"
"exdqlm_multivar_synth_keep","draw_123",1921,"2021-11-12","history","0.952910918724259"
"exdqlm_multivar_synth_keep","draw_124",1937,"2021-10-25","history","4.31699149198894"
"exdqlm_multivar_synth_keep","draw_124",1937,"2021-10-26","history","2.24084476876069"
"exdqlm_multivar_synth_keep","draw_124",1937,"2021-10-27","history","1.55717067680739"
"exdqlm_multivar_synth_keep","draw_124",1937,"2021-10-28","history","1.03063882370507"
"exdqlm_multivar_synth_keep","draw_124",1937,"2021-10-29","history","0.975755235636636"
"exdqlm_multivar_synth_keep","draw_124",1937,"2021-10-30","history","0.927339378427411"
"exdqlm_multivar_synth_keep","draw_124",1937,"2021-10-31","history","0.886700135677029"
"exdqlm_multivar_synth_keep","draw_124",1937,"2021-11-01","history","0.898888854940584"
"exdqlm_multivar_synth_keep","draw_124",1937,"2021-11-02","history","1.44592969288858"
"exdqlm_multivar_synth_keep","draw_124",1937,"2021-11-03","history","1.09535333285766"
"exdqlm_multivar_synth_keep","draw_124",1937,"2021-11-04","history","1.10530613296118"
"exdqlm_multivar_synth_keep","draw_124",1937,"2021-11-05","history","0.951801449481127"
"exdqlm_multivar_synth_keep","draw_124",1937,"2021-11-06","history","0.888714419158710"
"exdqlm_multivar_synth_keep","draw_124",1937,"2021-11-07","history","0.857453755773516"
"exdqlm_multivar_synth_keep","draw_124",1937,"2021-11-08","history","0.831365782603421"
"exdqlm_multivar_synth_keep","draw_124",1937,"2021-11-09","history","1.66910152465314"
"exdqlm_multivar_synth_keep","draw_124",1937,"2021-11-10","history","1.33225963304343"
"exdqlm_multivar_synth_keep","draw_124",1937,"2021-11-11","history","1.12336627621942"
"exdqlm_multivar_synth_keep","draw_124",1937,"2021-11-12","history","0.965457803331411"
"exdqlm_multivar_synth_keep","draw_125",1953,"2021-10-25","history","4.33935213642645"
"exdqlm_multivar_synth_keep","draw_125",1953,"2021-10-26","history","2.25259833279325"
"exdqlm_multivar_synth_keep","draw_125",1953,"2021-10-27","history","1.56901871636158"
"exdqlm_multivar_synth_keep","draw_125",1953,"2021-10-28","history","1.03653391758041"
"exdqlm_multivar_synth_keep","draw_125",1953,"2021-10-29","history","0.990563463281043"
"exdqlm_multivar_synth_keep","draw_125",1953,"2021-10-30","history","0.937686538249289"
"exdqlm_multivar_synth_keep","draw_125",1953,"2021-10-31","history","0.906576846885459"
"exdqlm_multivar_synth_keep","draw_125",1953,"2021-11-01","history","0.907351503907539"
"exdqlm_multivar_synth_keep","draw_125",1953,"2021-11-02","history","1.45393563237079"
"exdqlm_multivar_synth_keep","draw_125",1953,"2021-11-03","history","1.10533064952256"
"exdqlm_multivar_synth_keep","draw_125",1953,"2021-11-04","history","1.11591196393630"
"exdqlm_multivar_synth_keep","draw_125",1953,"2021-11-05","history","0.967949127997222"
"exdqlm_multivar_synth_keep","draw_125",1953,"2021-11-06","history","0.900287583774791"
"exdqlm_multivar_synth_keep","draw_125",1953,"2021-11-07","history","0.867703771316505"
"exdqlm_multivar_synth_keep","draw_125",1953,"2021-11-08","history","0.841330506840150"
"exdqlm_multivar_synth_keep","draw_125",1953,"2021-11-09","history","1.67526223277004"
"exdqlm_multivar_synth_keep","draw_125",1953,"2021-11-10","history","1.35079345084710"
"exdqlm_multivar_synth_keep","draw_125",1953,"2021-11-11","history","1.13056538402929"
"exdqlm_multivar_synth_keep","draw_125",1953,"2021-11-12","history","0.979274317731199"
"exdqlm_multivar_synth_keep","draw_126",1969,"2021-10-25","history","4.35219143989513"
"exdqlm_multivar_synth_keep","draw_126",1969,"2021-10-26","history","2.27666618498598"
"exdqlm_multivar_synth_keep","draw_126",1969,"2021-10-27","history","1.59907784704954"
"exdqlm_multivar_synth_keep","draw_126",1969,"2021-10-28","history","1.05515491004347"
"exdqlm_multivar_synth_keep","draw_126",1969,"2021-10-29","history","1.00899266411167"
"exdqlm_multivar_synth_keep","draw_126",1969,"2021-10-30","history","0.954072432397817"
"exdqlm_multivar_synth_keep","draw_126",1969,"2021-10-31","history","0.919738109291412"
"exdqlm_multivar_synth_keep","draw_126",1969,"2021-11-01","history","0.921467317304301"
"exdqlm_multivar_synth_keep","draw_126",1969,"2021-11-02","history","1.46828377545339"
"exdqlm_multivar_synth_keep","draw_126",1969,"2021-11-03","history","1.11976621858109"
"exdqlm_multivar_synth_keep","draw_126",1969,"2021-11-04","history","1.13625910960346"
"exdqlm_multivar_synth_keep","draw_126",1969,"2021-11-05","history","0.990506308570815"
"exdqlm_multivar_synth_keep","draw_126",1969,"2021-11-06","history","0.914435539462690"
"exdqlm_multivar_synth_keep","draw_126",1969,"2021-11-07","history","0.884747772597102"
"exdqlm_multivar_synth_keep","draw_126",1969,"2021-11-08","history","0.852282848056896"
"exdqlm_multivar_synth_keep","draw_126",1969,"2021-11-09","history","1.69372284120262"
"exdqlm_multivar_synth_keep","draw_126",1969,"2021-11-10","history","1.36218164834148"
"exdqlm_multivar_synth_keep","draw_126",1969,"2021-11-11","history","1.15241064736921"
"exdqlm_multivar_synth_keep","draw_126",1969,"2021-11-12","history","0.997088935115932"
"exdqlm_multivar_synth_keep","draw_127",1984,"2021-10-25","history","4.40287890377724"
"exdqlm_multivar_synth_keep","draw_127",1984,"2021-10-26","history","2.30477285778108"
"exdqlm_multivar_synth_keep","draw_127",1984,"2021-10-27","history","1.64226930021489"
"exdqlm_multivar_synth_keep","draw_127",1984,"2021-10-28","history","1.07483072992919"
"exdqlm_multivar_synth_keep","draw_127",1984,"2021-10-29","history","1.05906224890865"
"exdqlm_multivar_synth_keep","draw_127",1984,"2021-10-30","history","0.977698263838366"
"exdqlm_multivar_synth_keep","draw_127",1984,"2021-10-31","history","0.936310179148547"
"exdqlm_multivar_synth_keep","draw_127",1984,"2021-11-01","history","0.951064831113580"
"exdqlm_multivar_synth_keep","draw_127",1984,"2021-11-02","history","1.49484835826109"
"exdqlm_multivar_synth_keep","draw_127",1984,"2021-11-03","history","1.14290871423533"
"exdqlm_multivar_synth_keep","draw_127",1984,"2021-11-04","history","1.15714927473739"
"exdqlm_multivar_synth_keep","draw_127",1984,"2021-11-05","history","1.02155208680794"
"exdqlm_multivar_synth_keep","draw_127",1984,"2021-11-06","history","0.943457098484762"
"exdqlm_multivar_synth_keep","draw_127",1984,"2021-11-07","history","0.899547277157749"
"exdqlm_multivar_synth_keep","draw_127",1984,"2021-11-08","history","0.864090736774998"
"exdqlm_multivar_synth_keep","draw_127",1984,"2021-11-09","history","1.70836729792197"
"exdqlm_multivar_synth_keep","draw_127",1984,"2021-11-10","history","1.38161070136003"
"exdqlm_multivar_synth_keep","draw_127",1984,"2021-11-11","history","1.18135058192143"
"exdqlm_multivar_synth_keep","draw_127",1984,"2021-11-12","history","1.01202472411537"
"exdqlm_multivar_synth_keep","draw_128",2000,"2021-10-25","history","4.44760607053392"
"exdqlm_multivar_synth_keep","draw_128",2000,"2021-10-26","history","2.38339268453997"
"exdqlm_multivar_synth_keep","draw_128",2000,"2021-10-27","history","1.75790731350133"
"exdqlm_multivar_synth_keep","draw_128",2000,"2021-10-28","history","1.17847613821959"
"exdqlm_multivar_synth_keep","draw_128",2000,"2021-10-29","history","1.12470288817865"
"exdqlm_multivar_synth_keep","draw_128",2000,"2021-10-30","history","1.06860592252487"
"exdqlm_multivar_synth_keep","draw_128",2000,"2021-10-31","history","1.00593252040915"
"exdqlm_multivar_synth_keep","draw_128",2000,"2021-11-01","history","0.994740106460916"
"exdqlm_multivar_synth_keep","draw_128",2000,"2021-11-02","history","1.65017985730743"
"exdqlm_multivar_synth_keep","draw_128",2000,"2021-11-03","history","1.21813978830686"
"exdqlm_multivar_synth_keep","draw_128",2000,"2021-11-04","history","1.23524260421613"
"exdqlm_multivar_synth_keep","draw_128",2000,"2021-11-05","history","1.07714201360115"
"exdqlm_multivar_synth_keep","draw_128",2000,"2021-11-06","history","1.07556262111191"
"exdqlm_multivar_synth_keep","draw_128",2000,"2021-11-07","history","0.969360991867125"
"exdqlm_multivar_synth_keep","draw_128",2000,"2021-11-08","history","0.980137757019757"
"exdqlm_multivar_synth_keep","draw_128",2000,"2021-11-09","history","1.81579726074350"
"exdqlm_multivar_synth_keep","draw_128",2000,"2021-11-10","history","1.48559166222710"
"exdqlm_multivar_synth_keep","draw_128",2000,"2021-11-11","history","1.22873653818934"
"exdqlm_multivar_synth_keep","draw_128",2000,"2021-11-12","history","1.09428015180634"
"exdqlm_multivar_synth_keep","draw_001",1,"2021-11-13","forecast","0"
"exdqlm_multivar_synth_keep","draw_001",1,"2021-11-14","forecast","0"
"exdqlm_multivar_synth_keep","draw_001",1,"2021-11-15","forecast","0"
"exdqlm_multivar_synth_keep","draw_001",1,"2021-11-16","forecast","0"
"exdqlm_multivar_synth_keep","draw_001",1,"2021-11-17","forecast","0"
"exdqlm_multivar_synth_keep","draw_001",1,"2021-11-18","forecast","0"
"exdqlm_multivar_synth_keep","draw_001",1,"2021-11-19","forecast","0"
"exdqlm_multivar_synth_keep","draw_001",1,"2021-11-20","forecast","0"
"exdqlm_multivar_synth_keep","draw_001",1,"2021-11-21","forecast","0"
"exdqlm_multivar_synth_keep","draw_001",1,"2021-11-22","forecast","0"
"exdqlm_multivar_synth_keep","draw_001",1,"2021-11-23","forecast","0"
"exdqlm_multivar_synth_keep","draw_001",1,"2021-11-24","forecast","0"
"exdqlm_multivar_synth_keep","draw_001",1,"2021-11-25","forecast","0"
"exdqlm_multivar_synth_keep","draw_001",1,"2021-11-26","forecast","0"
"exdqlm_multivar_synth_keep","draw_001",1,"2021-11-27","forecast","0"
"exdqlm_multivar_synth_keep","draw_001",1,"2021-11-28","forecast","0"
"exdqlm_multivar_synth_keep","draw_001",1,"2021-11-29","forecast","0"
"exdqlm_multivar_synth_keep","draw_001",1,"2021-11-30","forecast","0.145255907188372"
"exdqlm_multivar_synth_keep","draw_001",1,"2021-12-01","forecast","0"
"exdqlm_multivar_synth_keep","draw_001",1,"2021-12-02","forecast","0"
"exdqlm_multivar_synth_keep","draw_001",1,"2021-12-03","forecast","0"
"exdqlm_multivar_synth_keep","draw_001",1,"2021-12-04","forecast","0"
"exdqlm_multivar_synth_keep","draw_001",1,"2021-12-05","forecast","0"
"exdqlm_multivar_synth_keep","draw_001",1,"2021-12-06","forecast","0"
"exdqlm_multivar_synth_keep","draw_001",1,"2021-12-07","forecast","0"
"exdqlm_multivar_synth_keep","draw_001",1,"2021-12-08","forecast","0"
"exdqlm_multivar_synth_keep","draw_001",1,"2021-12-09","forecast","0"
"exdqlm_multivar_synth_keep","draw_001",1,"2021-12-10","forecast","0.00449389151869339"
"exdqlm_multivar_synth_keep","draw_002",17,"2021-11-13","forecast","0.462586634010690"
"exdqlm_multivar_synth_keep","draw_002",17,"2021-11-14","forecast","0.440655241937800"
"exdqlm_multivar_synth_keep","draw_002",17,"2021-11-15","forecast","0.410572501839904"
"exdqlm_multivar_synth_keep","draw_002",17,"2021-11-16","forecast","0.395211461997239"
"exdqlm_multivar_synth_keep","draw_002",17,"2021-11-17","forecast","0.379661321356997"
"exdqlm_multivar_synth_keep","draw_002",17,"2021-11-18","forecast","0.350742501599247"
"exdqlm_multivar_synth_keep","draw_002",17,"2021-11-19","forecast","0.356103829820721"
"exdqlm_multivar_synth_keep","draw_002",17,"2021-11-20","forecast","0.327579250721546"
"exdqlm_multivar_synth_keep","draw_002",17,"2021-11-21","forecast","0.318868838136845"
"exdqlm_multivar_synth_keep","draw_002",17,"2021-11-22","forecast","0.289039977390518"
"exdqlm_multivar_synth_keep","draw_002",17,"2021-11-23","forecast","0.278849554117309"
"exdqlm_multivar_synth_keep","draw_002",17,"2021-11-24","forecast","0.279683574073437"
"exdqlm_multivar_synth_keep","draw_002",17,"2021-11-25","forecast","0.260270597260641"
"exdqlm_multivar_synth_keep","draw_002",17,"2021-11-26","forecast","0.251186555078792"
"exdqlm_multivar_synth_keep","draw_002",17,"2021-11-27","forecast","0.230925136686758"
"exdqlm_multivar_synth_keep","draw_002",17,"2021-11-28","forecast","0.218009922550753"
"exdqlm_multivar_synth_keep","draw_002",17,"2021-11-29","forecast","0.209178587422669"
"exdqlm_multivar_synth_keep","draw_002",17,"2021-11-30","forecast","0.199116856489015"
"exdqlm_multivar_synth_keep","draw_002",17,"2021-12-01","forecast","0.191130986743590"
"exdqlm_multivar_synth_keep","draw_002",17,"2021-12-02","forecast","0.176293655683831"
"exdqlm_multivar_synth_keep","draw_002",17,"2021-12-03","forecast","0.173599424458208"
"exdqlm_multivar_synth_keep","draw_002",17,"2021-12-04","forecast","0.158709915217760"
"exdqlm_multivar_synth_keep","draw_002",17,"2021-12-05","forecast","0.137914312689098"
"exdqlm_multivar_synth_keep","draw_002",17,"2021-12-06","forecast","0.130549435133033"
"exdqlm_multivar_synth_keep","draw_002",17,"2021-12-07","forecast","0.115732397920414"
"exdqlm_multivar_synth_keep","draw_002",17,"2021-12-08","forecast","0.121923187988183"
"exdqlm_multivar_synth_keep","draw_002",17,"2021-12-09","forecast","0.0993911574495016"
"exdqlm_multivar_synth_keep","draw_002",17,"2021-12-10","forecast","0.150307732944019"
"exdqlm_multivar_synth_keep","draw_003",32,"2021-11-13","forecast","0.471684706456900"
"exdqlm_multivar_synth_keep","draw_003",32,"2021-11-14","forecast","0.451909427982898"
"exdqlm_multivar_synth_keep","draw_003",32,"2021-11-15","forecast","0.420670412943690"
"exdqlm_multivar_synth_keep","draw_003",32,"2021-11-16","forecast","0.410299753298830"
"exdqlm_multivar_synth_keep","draw_003",32,"2021-11-17","forecast","0.391986059331077"
"exdqlm_multivar_synth_keep","draw_003",32,"2021-11-18","forecast","0.373958362002404"
"exdqlm_multivar_synth_keep","draw_003",32,"2021-11-19","forecast","0.370036454502157"
"exdqlm_multivar_synth_keep","draw_003",32,"2021-11-20","forecast","0.338812806587776"
"exdqlm_multivar_synth_keep","draw_003",32,"2021-11-21","forecast","0.329106256209313"
"exdqlm_multivar_synth_keep","draw_003",32,"2021-11-22","forecast","0.305015262895956"
"exdqlm_multivar_synth_keep","draw_003",32,"2021-11-23","forecast","0.301688594409866"
"exdqlm_multivar_synth_keep","draw_003",32,"2021-11-24","forecast","0.290561766939051"
"exdqlm_multivar_synth_keep","draw_003",32,"2021-11-25","forecast","0.271945340864816"
"exdqlm_multivar_synth_keep","draw_003",32,"2021-11-26","forecast","0.259321300451348"
"exdqlm_multivar_synth_keep","draw_003",32,"2021-11-27","forecast","0.236249598232383"
"exdqlm_multivar_synth_keep","draw_003",32,"2021-11-28","forecast","0.227998262042739"
"exdqlm_multivar_synth_keep","draw_003",32,"2021-11-29","forecast","0.226465804821157"
"exdqlm_multivar_synth_keep","draw_003",32,"2021-11-30","forecast","0.214198266338942"
"exdqlm_multivar_synth_keep","draw_003",32,"2021-12-01","forecast","0.207550961283592"
"exdqlm_multivar_synth_keep","draw_003",32,"2021-12-02","forecast","0.190008785605456"
"exdqlm_multivar_synth_keep","draw_003",32,"2021-12-03","forecast","0.182522515000535"
"exdqlm_multivar_synth_keep","draw_003",32,"2021-12-04","forecast","0.173989768293659"
"exdqlm_multivar_synth_keep","draw_003",32,"2021-12-05","forecast","0.154373360143817"
"exdqlm_multivar_synth_keep","draw_003",32,"2021-12-06","forecast","0.157139917105920"
"exdqlm_multivar_synth_keep","draw_003",32,"2021-12-07","forecast","0.128317767504839"
"exdqlm_multivar_synth_keep","draw_003",32,"2021-12-08","forecast","0.137267606441413"
"exdqlm_multivar_synth_keep","draw_003",32,"2021-12-09","forecast","0.112375241197104"
"exdqlm_multivar_synth_keep","draw_003",32,"2021-12-10","forecast","0.164968972329921"
"exdqlm_multivar_synth_keep","draw_004",48,"2021-11-13","forecast","0.480559741700721"
"exdqlm_multivar_synth_keep","draw_004",48,"2021-11-14","forecast","0.458244461139090"
"exdqlm_multivar_synth_keep","draw_004",48,"2021-11-15","forecast","0.433090998372547"
"exdqlm_multivar_synth_keep","draw_004",48,"2021-11-16","forecast","0.418650029815927"
"exdqlm_multivar_synth_keep","draw_004",48,"2021-11-17","forecast","0.398894941306580"
"exdqlm_multivar_synth_keep","draw_004",48,"2021-11-18","forecast","0.381978724481778"
"exdqlm_multivar_synth_keep","draw_004",48,"2021-11-19","forecast","0.376700709813090"
"exdqlm_multivar_synth_keep","draw_004",48,"2021-11-20","forecast","0.350988627741135"
"exdqlm_multivar_synth_keep","draw_004",48,"2021-11-21","forecast","0.339212806123889"
"exdqlm_multivar_synth_keep","draw_004",48,"2021-11-22","forecast","0.317477919180269"
"exdqlm_multivar_synth_keep","draw_004",48,"2021-11-23","forecast","0.309226522150995"
"exdqlm_multivar_synth_keep","draw_004",48,"2021-11-24","forecast","0.297513137300413"
"exdqlm_multivar_synth_keep","draw_004",48,"2021-11-25","forecast","0.282565241724268"
"exdqlm_multivar_synth_keep","draw_004",48,"2021-11-26","forecast","0.267368690804907"
"exdqlm_multivar_synth_keep","draw_004",48,"2021-11-27","forecast","0.252639774946114"
"exdqlm_multivar_synth_keep","draw_004",48,"2021-11-28","forecast","0.243960750965449"
"exdqlm_multivar_synth_keep","draw_004",48,"2021-11-29","forecast","0.240728245714423"
"exdqlm_multivar_synth_keep","draw_004",48,"2021-11-30","forecast","0.223258013238007"
"exdqlm_multivar_synth_keep","draw_004",48,"2021-12-01","forecast","0.210768872150804"
"exdqlm_multivar_synth_keep","draw_004",48,"2021-12-02","forecast","0.198268709871651"
"exdqlm_multivar_synth_keep","draw_004",48,"2021-12-03","forecast","0.193385925365800"
"exdqlm_multivar_synth_keep","draw_004",48,"2021-12-04","forecast","0.181840961338026"
"exdqlm_multivar_synth_keep","draw_004",48,"2021-12-05","forecast","0.167653175223623"
"exdqlm_multivar_synth_keep","draw_004",48,"2021-12-06","forecast","0.167513812538538"
"exdqlm_multivar_synth_keep","draw_004",48,"2021-12-07","forecast","0.140686359975225"
"exdqlm_multivar_synth_keep","draw_004",48,"2021-12-08","forecast","0.144750484172163"
"exdqlm_multivar_synth_keep","draw_004",48,"2021-12-09","forecast","0.122833934190769"
"exdqlm_multivar_synth_keep","draw_004",48,"2021-12-10","forecast","0.175618260477952"
"exdqlm_multivar_synth_keep","draw_005",64,"2021-11-13","forecast","0.485460396563925"
"exdqlm_multivar_synth_keep","draw_005",64,"2021-11-14","forecast","0.465174409540915"
"exdqlm_multivar_synth_keep","draw_005",64,"2021-11-15","forecast","0.439812822491956"
"exdqlm_multivar_synth_keep","draw_005",64,"2021-11-16","forecast","0.425125378990039"
"exdqlm_multivar_synth_keep","draw_005",64,"2021-11-17","forecast","0.405354791274333"
"exdqlm_multivar_synth_keep","draw_005",64,"2021-11-18","forecast","0.386531151970223"
"exdqlm_multivar_synth_keep","draw_005",64,"2021-11-19","forecast","0.379385783233216"
"exdqlm_multivar_synth_keep","draw_005",64,"2021-11-20","forecast","0.356576169300932"
"exdqlm_multivar_synth_keep","draw_005",64,"2021-11-21","forecast","0.343290583811221"
"exdqlm_multivar_synth_keep","draw_005",64,"2021-11-22","forecast","0.328711648134526"
"exdqlm_multivar_synth_keep","draw_005",64,"2021-11-23","forecast","0.316176434664452"
"exdqlm_multivar_synth_keep","draw_005",64,"2021-11-24","forecast","0.301825612860619"
"exdqlm_multivar_synth_keep","draw_005",64,"2021-11-25","forecast","0.290188250317594"
"exdqlm_multivar_synth_keep","draw_005",64,"2021-11-26","forecast","0.270838933626076"
"exdqlm_multivar_synth_keep","draw_005",64,"2021-11-27","forecast","0.260672744780799"
"exdqlm_multivar_synth_keep","draw_005",64,"2021-11-28","forecast","0.252056577168029"
"exdqlm_multivar_synth_keep","draw_005",64,"2021-11-29","forecast","0.245253668878464"
"exdqlm_multivar_synth_keep","draw_005",64,"2021-11-30","forecast","0.226671164215965"
"exdqlm_multivar_synth_keep","draw_005",64,"2021-12-01","forecast","0.214767154064945"
"exdqlm_multivar_synth_keep","draw_005",64,"2021-12-02","forecast","0.201425566896710"
"exdqlm_multivar_synth_keep","draw_005",64,"2021-12-03","forecast","0.197386411385312"
"exdqlm_multivar_synth_keep","draw_005",64,"2021-12-04","forecast","0.187757129605274"
"exdqlm_multivar_synth_keep","draw_005",64,"2021-12-05","forecast","0.170635810023083"
"exdqlm_multivar_synth_keep","draw_005",64,"2021-12-06","forecast","0.170495269890711"
"exdqlm_multivar_synth_keep","draw_005",64,"2021-12-07","forecast","0.150598707542894"
"exdqlm_multivar_synth_keep","draw_005",64,"2021-12-08","forecast","0.147078355538647"
"exdqlm_multivar_synth_keep","draw_005",64,"2021-12-09","forecast","0.125595896275472"
"exdqlm_multivar_synth_keep","draw_005",64,"2021-12-10","forecast","0.180304897187647"
"exdqlm_multivar_synth_keep","draw_006",80,"2021-11-13","forecast","0.490400834170373"
"exdqlm_multivar_synth_keep","draw_006",80,"2021-11-14","forecast","0.470984415602415"
"exdqlm_multivar_synth_keep","draw_006",80,"2021-11-15","forecast","0.442539498839521"
"exdqlm_multivar_synth_keep","draw_006",80,"2021-11-16","forecast","0.428666043021746"
"exdqlm_multivar_synth_keep","draw_006",80,"2021-11-17","forecast","0.410996008357371"
"exdqlm_multivar_synth_keep","draw_006",80,"2021-11-18","forecast","0.390328442263258"
"exdqlm_multivar_synth_keep","draw_006",80,"2021-11-19","forecast","0.381311627746509"
"exdqlm_multivar_synth_keep","draw_006",80,"2021-11-20","forecast","0.359301082712326"
"exdqlm_multivar_synth_keep","draw_006",80,"2021-11-21","forecast","0.349536529690103"
"exdqlm_multivar_synth_keep","draw_006",80,"2021-11-22","forecast","0.337189358526334"
"exdqlm_multivar_synth_keep","draw_006",80,"2021-11-23","forecast","0.322066085378209"
"exdqlm_multivar_synth_keep","draw_006",80,"2021-11-24","forecast","0.306135056995724"
"exdqlm_multivar_synth_keep","draw_006",80,"2021-11-25","forecast","0.292911628893718"
"exdqlm_multivar_synth_keep","draw_006",80,"2021-11-26","forecast","0.274692620982774"
"exdqlm_multivar_synth_keep","draw_006",80,"2021-11-27","forecast","0.262811001452568"
"exdqlm_multivar_synth_keep","draw_006",80,"2021-11-28","forecast","0.256952250081122"
"exdqlm_multivar_synth_keep","draw_006",80,"2021-11-29","forecast","0.250664321401895"
"exdqlm_multivar_synth_keep","draw_006",80,"2021-11-30","forecast","0.231407221688554"
"exdqlm_multivar_synth_keep","draw_006",80,"2021-12-01","forecast","0.218474036788520"
"exdqlm_multivar_synth_keep","draw_006",80,"2021-12-02","forecast","0.204997555188740"
"exdqlm_multivar_synth_keep","draw_006",80,"2021-12-03","forecast","0.202107911685555"
"exdqlm_multivar_synth_keep","draw_006",80,"2021-12-04","forecast","0.194067013271377"
"exdqlm_multivar_synth_keep","draw_006",80,"2021-12-05","forecast","0.176575369984633"
"exdqlm_multivar_synth_keep","draw_006",80,"2021-12-06","forecast","0.174728746111298"
"exdqlm_multivar_synth_keep","draw_006",80,"2021-12-07","forecast","0.154456692921204"
"exdqlm_multivar_synth_keep","draw_006",80,"2021-12-08","forecast","0.153177319613423"
"exdqlm_multivar_synth_keep","draw_006",80,"2021-12-09","forecast","0.129267712593520"
"exdqlm_multivar_synth_keep","draw_006",80,"2021-12-10","forecast","0.186821450369471"
"exdqlm_multivar_synth_keep","draw_007",95,"2021-11-13","forecast","0.493535658750747"
"exdqlm_multivar_synth_keep","draw_007",95,"2021-11-14","forecast","0.474541787721107"
"exdqlm_multivar_synth_keep","draw_007",95,"2021-11-15","forecast","0.446756837558336"
"exdqlm_multivar_synth_keep","draw_007",95,"2021-11-16","forecast","0.431330861708755"
"exdqlm_multivar_synth_keep","draw_007",95,"2021-11-17","forecast","0.415983010962433"
"exdqlm_multivar_synth_keep","draw_007",95,"2021-11-18","forecast","0.394891668322222"
"exdqlm_multivar_synth_keep","draw_007",95,"2021-11-19","forecast","0.385788419456674"
"exdqlm_multivar_synth_keep","draw_007",95,"2021-11-20","forecast","0.362666215155033"
"exdqlm_multivar_synth_keep","draw_007",95,"2021-11-21","forecast","0.352644635441697"
"exdqlm_multivar_synth_keep","draw_007",95,"2021-11-22","forecast","0.340620313810789"
"exdqlm_multivar_synth_keep","draw_007",95,"2021-11-23","forecast","0.325019507929600"
"exdqlm_multivar_synth_keep","draw_007",95,"2021-11-24","forecast","0.310107279678289"
"exdqlm_multivar_synth_keep","draw_007",95,"2021-11-25","forecast","0.298668736779304"
"exdqlm_multivar_synth_keep","draw_007",95,"2021-11-26","forecast","0.278531931775085"
"exdqlm_multivar_synth_keep","draw_007",95,"2021-11-27","forecast","0.268809166105883"
"exdqlm_multivar_synth_keep","draw_007",95,"2021-11-28","forecast","0.263704018987846"
"exdqlm_multivar_synth_keep","draw_007",95,"2021-11-29","forecast","0.252097813417070"
"exdqlm_multivar_synth_keep","draw_007",95,"2021-11-30","forecast","0.233077463274663"
"exdqlm_multivar_synth_keep","draw_007",95,"2021-12-01","forecast","0.221777587491124"
"exdqlm_multivar_synth_keep","draw_007",95,"2021-12-02","forecast","0.209587682182371"
"exdqlm_multivar_synth_keep","draw_007",95,"2021-12-03","forecast","0.204749471751694"
"exdqlm_multivar_synth_keep","draw_007",95,"2021-12-04","forecast","0.197632031934095"
"exdqlm_multivar_synth_keep","draw_007",95,"2021-12-05","forecast","0.179840409322955"
"exdqlm_multivar_synth_keep","draw_007",95,"2021-12-06","forecast","0.179238710785533"
"exdqlm_multivar_synth_keep","draw_007",95,"2021-12-07","forecast","0.159891011886835"
"exdqlm_multivar_synth_keep","draw_007",95,"2021-12-08","forecast","0.158937945622375"
"exdqlm_multivar_synth_keep","draw_007",95,"2021-12-09","forecast","0.132062059087087"
"exdqlm_multivar_synth_keep","draw_007",95,"2021-12-10","forecast","0.188358550159565"
"exdqlm_multivar_synth_keep","draw_008",111,"2021-11-13","forecast","0.497178539711766"
"exdqlm_multivar_synth_keep","draw_008",111,"2021-11-14","forecast","0.476890026702489"
"exdqlm_multivar_synth_keep","draw_008",111,"2021-11-15","forecast","0.450646307713262"
"exdqlm_multivar_synth_keep","draw_008",111,"2021-11-16","forecast","0.435193232138347"
"exdqlm_multivar_synth_keep","draw_008",111,"2021-11-17","forecast","0.420675693938054"
"exdqlm_multivar_synth_keep","draw_008",111,"2021-11-18","forecast","0.398334593083188"
"exdqlm_multivar_synth_keep","draw_008",111,"2021-11-19","forecast","0.388673725302087"
"exdqlm_multivar_synth_keep","draw_008",111,"2021-11-20","forecast","0.365154912377930"
"exdqlm_multivar_synth_keep","draw_008",111,"2021-11-21","forecast","0.355222942182441"
"exdqlm_multivar_synth_keep","draw_008",111,"2021-11-22","forecast","0.344583579264444"
"exdqlm_multivar_synth_keep","draw_008",111,"2021-11-23","forecast","0.327881950011503"
"exdqlm_multivar_synth_keep","draw_008",111,"2021-11-24","forecast","0.317114079220489"
"exdqlm_multivar_synth_keep","draw_008",111,"2021-11-25","forecast","0.301050718072434"
"exdqlm_multivar_synth_keep","draw_008",111,"2021-11-26","forecast","0.281968160382546"
"exdqlm_multivar_synth_keep","draw_008",111,"2021-11-27","forecast","0.273695621847919"
"exdqlm_multivar_synth_keep","draw_008",111,"2021-11-28","forecast","0.266410782560788"
"exdqlm_multivar_synth_keep","draw_008",111,"2021-11-29","forecast","0.255255198046350"
"exdqlm_multivar_synth_keep","draw_008",111,"2021-11-30","forecast","0.236029785446821"
"exdqlm_multivar_synth_keep","draw_008",111,"2021-12-01","forecast","0.225767913488696"
"exdqlm_multivar_synth_keep","draw_008",111,"2021-12-02","forecast","0.213195544150959"
"exdqlm_multivar_synth_keep","draw_008",111,"2021-12-03","forecast","0.208118992085283"
"exdqlm_multivar_synth_keep","draw_008",111,"2021-12-04","forecast","0.203594859309250"
"exdqlm_multivar_synth_keep","draw_008",111,"2021-12-05","forecast","0.184500313944184"
"exdqlm_multivar_synth_keep","draw_008",111,"2021-12-06","forecast","0.183145775677941"
"exdqlm_multivar_synth_keep","draw_008",111,"2021-12-07","forecast","0.163695377793821"
"exdqlm_multivar_synth_keep","draw_008",111,"2021-12-08","forecast","0.161931870916858"
"exdqlm_multivar_synth_keep","draw_008",111,"2021-12-09","forecast","0.141292996154968"
"exdqlm_multivar_synth_keep","draw_008",111,"2021-12-10","forecast","0.190034168345977"
"exdqlm_multivar_synth_keep","draw_009",127,"2021-11-13","forecast","0.500281094916288"
"exdqlm_multivar_synth_keep","draw_009",127,"2021-11-14","forecast","0.481428923916991"
"exdqlm_multivar_synth_keep","draw_009",127,"2021-11-15","forecast","0.456896667971641"
"exdqlm_multivar_synth_keep","draw_009",127,"2021-11-16","forecast","0.440364345428230"
"exdqlm_multivar_synth_keep","draw_009",127,"2021-11-17","forecast","0.425843388680180"
"exdqlm_multivar_synth_keep","draw_009",127,"2021-11-18","forecast","0.402511199812757"
"exdqlm_multivar_synth_keep","draw_009",127,"2021-11-19","forecast","0.391707744667729"
"exdqlm_multivar_synth_keep","draw_009",127,"2021-11-20","forecast","0.369385839516993"
"exdqlm_multivar_synth_keep","draw_009",127,"2021-11-21","forecast","0.359588037102813"
"exdqlm_multivar_synth_keep","draw_009",127,"2021-11-22","forecast","0.346908241538931"
"exdqlm_multivar_synth_keep","draw_009",127,"2021-11-23","forecast","0.330613095891407"
"exdqlm_multivar_synth_keep","draw_009",127,"2021-11-24","forecast","0.319697995694963"
"exdqlm_multivar_synth_keep","draw_009",127,"2021-11-25","forecast","0.304214203652505"
"exdqlm_multivar_synth_keep","draw_009",127,"2021-11-26","forecast","0.285357491979694"
"exdqlm_multivar_synth_keep","draw_009",127,"2021-11-27","forecast","0.278829065891722"
"exdqlm_multivar_synth_keep","draw_009",127,"2021-11-28","forecast","0.270081546851519"
"exdqlm_multivar_synth_keep","draw_009",127,"2021-11-29","forecast","0.258966700323830"
"exdqlm_multivar_synth_keep","draw_009",127,"2021-11-30","forecast","0.240604651919300"
"exdqlm_multivar_synth_keep","draw_009",127,"2021-12-01","forecast","0.229614545293984"
"exdqlm_multivar_synth_keep","draw_009",127,"2021-12-02","forecast","0.218429511183810"
"exdqlm_multivar_synth_keep","draw_009",127,"2021-12-03","forecast","0.212137382037919"
"exdqlm_multivar_synth_keep","draw_009",127,"2021-12-04","forecast","0.206188757851823"
"exdqlm_multivar_synth_keep","draw_009",127,"2021-12-05","forecast","0.189438544803423"
"exdqlm_multivar_synth_keep","draw_009",127,"2021-12-06","forecast","0.185500914075190"
"exdqlm_multivar_synth_keep","draw_009",127,"2021-12-07","forecast","0.167785592848847"
"exdqlm_multivar_synth_keep","draw_009",127,"2021-12-08","forecast","0.168117736185413"
"exdqlm_multivar_synth_keep","draw_009",127,"2021-12-09","forecast","0.145523257135173"
"exdqlm_multivar_synth_keep","draw_009",127,"2021-12-10","forecast","0.193661918937812"
"exdqlm_multivar_synth_keep","draw_010",143,"2021-11-13","forecast","0.504008070426972"
"exdqlm_multivar_synth_keep","draw_010",143,"2021-11-14","forecast","0.485612244544167"
"exdqlm_multivar_synth_keep","draw_010",143,"2021-11-15","forecast","0.459319423492953"
"exdqlm_multivar_synth_keep","draw_010",143,"2021-11-16","forecast","0.443345525395474"
"exdqlm_multivar_synth_keep","draw_010",143,"2021-11-17","forecast","0.428916450449539"
"exdqlm_multivar_synth_keep","draw_010",143,"2021-11-18","forecast","0.404782113395012"
"exdqlm_multivar_synth_keep","draw_010",143,"2021-11-19","forecast","0.394641484696203"
"exdqlm_multivar_synth_keep","draw_010",143,"2021-11-20","forecast","0.372030566414930"
"exdqlm_multivar_synth_keep","draw_010",143,"2021-11-21","forecast","0.361760509913624"
"exdqlm_multivar_synth_keep","draw_010",143,"2021-11-22","forecast","0.349929190131049"
"exdqlm_multivar_synth_keep","draw_010",143,"2021-11-23","forecast","0.336920248626947"
"exdqlm_multivar_synth_keep","draw_010",143,"2021-11-24","forecast","0.322820154299347"
"exdqlm_multivar_synth_keep","draw_010",143,"2021-11-25","forecast","0.305752575581348"
"exdqlm_multivar_synth_keep","draw_010",143,"2021-11-26","forecast","0.287596334245830"
"exdqlm_multivar_synth_keep","draw_010",143,"2021-11-27","forecast","0.282080488777698"
"exdqlm_multivar_synth_keep","draw_010",143,"2021-11-28","forecast","0.273558100902195"
"exdqlm_multivar_synth_keep","draw_010",143,"2021-11-29","forecast","0.262303039009212"
"exdqlm_multivar_synth_keep","draw_010",143,"2021-11-30","forecast","0.245088126279651"
"exdqlm_multivar_synth_keep","draw_010",143,"2021-12-01","forecast","0.232242231241820"
"exdqlm_multivar_synth_keep","draw_010",143,"2021-12-02","forecast","0.221470564347410"
"exdqlm_multivar_synth_keep","draw_010",143,"2021-12-03","forecast","0.215267368840419"
"exdqlm_multivar_synth_keep","draw_010",143,"2021-12-04","forecast","0.210870060822916"
"exdqlm_multivar_synth_keep","draw_010",143,"2021-12-05","forecast","0.191485287800852"
"exdqlm_multivar_synth_keep","draw_010",143,"2021-12-06","forecast","0.188235912381497"
"exdqlm_multivar_synth_keep","draw_010",143,"2021-12-07","forecast","0.172312858459258"
"exdqlm_multivar_synth_keep","draw_010",143,"2021-12-08","forecast","0.173263014929518"
"exdqlm_multivar_synth_keep","draw_010",143,"2021-12-09","forecast","0.148697843918133"
"exdqlm_multivar_synth_keep","draw_010",143,"2021-12-10","forecast","0.197742533900678"
"exdqlm_multivar_synth_keep","draw_011",158,"2021-11-13","forecast","0.509739198119776"
"exdqlm_multivar_synth_keep","draw_011",158,"2021-11-14","forecast","0.488719764013839"
"exdqlm_multivar_synth_keep","draw_011",158,"2021-11-15","forecast","0.463571009050043"
"exdqlm_multivar_synth_keep","draw_011",158,"2021-11-16","forecast","0.446293034695684"
"exdqlm_multivar_synth_keep","draw_011",158,"2021-11-17","forecast","0.433775316692315"
"exdqlm_multivar_synth_keep","draw_011",158,"2021-11-18","forecast","0.407560664869501"
"exdqlm_multivar_synth_keep","draw_011",158,"2021-11-19","forecast","0.397189557992901"
"exdqlm_multivar_synth_keep","draw_011",158,"2021-11-20","forecast","0.373776482577856"
"exdqlm_multivar_synth_keep","draw_011",158,"2021-11-21","forecast","0.365240060929876"
"exdqlm_multivar_synth_keep","draw_011",158,"2021-11-22","forecast","0.352357263689910"
"exdqlm_multivar_synth_keep","draw_011",158,"2021-11-23","forecast","0.339747711570431"
"exdqlm_multivar_synth_keep","draw_011",158,"2021-11-24","forecast","0.327664470353291"
"exdqlm_multivar_synth_keep","draw_011",158,"2021-11-25","forecast","0.307320301787105"
"exdqlm_multivar_synth_keep","draw_011",158,"2021-11-26","forecast","0.290041464664921"
"exdqlm_multivar_synth_keep","draw_011",158,"2021-11-27","forecast","0.284400134750316"
"exdqlm_multivar_synth_keep","draw_011",158,"2021-11-28","forecast","0.278156222867784"
"exdqlm_multivar_synth_keep","draw_011",158,"2021-11-29","forecast","0.265968994313556"
"exdqlm_multivar_synth_keep","draw_011",158,"2021-11-30","forecast","0.249508060668404"
"exdqlm_multivar_synth_keep","draw_011",158,"2021-12-01","forecast","0.236753361999862"
"exdqlm_multivar_synth_keep","draw_011",158,"2021-12-02","forecast","0.225310277276264"
"exdqlm_multivar_synth_keep","draw_011",158,"2021-12-03","forecast","0.219631589290213"
"exdqlm_multivar_synth_keep","draw_011",158,"2021-12-04","forecast","0.216988791259043"
"exdqlm_multivar_synth_keep","draw_011",158,"2021-12-05","forecast","0.194305500115797"
"exdqlm_multivar_synth_keep","draw_011",158,"2021-12-06","forecast","0.193971528178279"
"exdqlm_multivar_synth_keep","draw_011",158,"2021-12-07","forecast","0.176874500664838"
"exdqlm_multivar_synth_keep","draw_011",158,"2021-12-08","forecast","0.175364337711068"
"exdqlm_multivar_synth_keep","draw_011",158,"2021-12-09","forecast","0.152640289927949"
"exdqlm_multivar_synth_keep","draw_011",158,"2021-12-10","forecast","0.203883740964939"
"exdqlm_multivar_synth_keep","draw_012",174,"2021-11-13","forecast","0.515889876746963"
"exdqlm_multivar_synth_keep","draw_012",174,"2021-11-14","forecast","0.491393141621733"
"exdqlm_multivar_synth_keep","draw_012",174,"2021-11-15","forecast","0.468399673463789"
"exdqlm_multivar_synth_keep","draw_012",174,"2021-11-16","forecast","0.449645798560809"
"exdqlm_multivar_synth_keep","draw_012",174,"2021-11-17","forecast","0.437469634807305"
"exdqlm_multivar_synth_keep","draw_012",174,"2021-11-18","forecast","0.410940800192736"
"exdqlm_multivar_synth_keep","draw_012",174,"2021-11-19","forecast","0.401954319804851"
"exdqlm_multivar_synth_keep","draw_012",174,"2021-11-20","forecast","0.378264383605514"
"exdqlm_multivar_synth_keep","draw_012",174,"2021-11-21","forecast","0.367757381476224"
"exdqlm_multivar_synth_keep","draw_012",174,"2021-11-22","forecast","0.355656642517608"
"exdqlm_multivar_synth_keep","draw_012",174,"2021-11-23","forecast","0.342957548421026"
"exdqlm_multivar_synth_keep","draw_012",174,"2021-11-24","forecast","0.331934427213822"
"exdqlm_multivar_synth_keep","draw_012",174,"2021-11-25","forecast","0.310145328549745"
"exdqlm_multivar_synth_keep","draw_012",174,"2021-11-26","forecast","0.294533491724334"
"exdqlm_multivar_synth_keep","draw_012",174,"2021-11-27","forecast","0.288565626226425"
"exdqlm_multivar_synth_keep","draw_012",174,"2021-11-28","forecast","0.283941762720967"
"exdqlm_multivar_synth_keep","draw_012",174,"2021-11-29","forecast","0.268902831687269"
"exdqlm_multivar_synth_keep","draw_012",174,"2021-11-30","forecast","0.255034044138921"
"exdqlm_multivar_synth_keep","draw_012",174,"2021-12-01","forecast","0.239533047439786"
"exdqlm_multivar_synth_keep","draw_012",174,"2021-12-02","forecast","0.230418636460877"
"exdqlm_multivar_synth_keep","draw_012",174,"2021-12-03","forecast","0.224272636374829"
"exdqlm_multivar_synth_keep","draw_012",174,"2021-12-04","forecast","0.222280228769123"
"exdqlm_multivar_synth_keep","draw_012",174,"2021-12-05","forecast","0.197649743573744"
"exdqlm_multivar_synth_keep","draw_012",174,"2021-12-06","forecast","0.197255962654165"
"exdqlm_multivar_synth_keep","draw_012",174,"2021-12-07","forecast","0.181754950404296"
"exdqlm_multivar_synth_keep","draw_012",174,"2021-12-08","forecast","0.179617269743469"
"exdqlm_multivar_synth_keep","draw_012",174,"2021-12-09","forecast","0.156181624752493"
"exdqlm_multivar_synth_keep","draw_012",174,"2021-12-10","forecast","0.207259289317817"
"exdqlm_multivar_synth_keep","draw_013",190,"2021-11-13","forecast","0.519241118167201"
"exdqlm_multivar_synth_keep","draw_013",190,"2021-11-14","forecast","0.496358288659243"
"exdqlm_multivar_synth_keep","draw_013",190,"2021-11-15","forecast","0.473100607592673"
"exdqlm_multivar_synth_keep","draw_013",190,"2021-11-16","forecast","0.452792087503515"
"exdqlm_multivar_synth_keep","draw_013",190,"2021-11-17","forecast","0.439573720436628"
"exdqlm_multivar_synth_keep","draw_013",190,"2021-11-18","forecast","0.415978605220418"
"exdqlm_multivar_synth_keep","draw_013",190,"2021-11-19","forecast","0.406135281625033"
"exdqlm_multivar_synth_keep","draw_013",190,"2021-11-20","forecast","0.382072518594298"
"exdqlm_multivar_synth_keep","draw_013",190,"2021-11-21","forecast","0.371091770111838"
"exdqlm_multivar_synth_keep","draw_013",190,"2021-11-22","forecast","0.359756940055967"
"exdqlm_multivar_synth_keep","draw_013",190,"2021-11-23","forecast","0.346406927786418"
"exdqlm_multivar_synth_keep","draw_013",190,"2021-11-24","forecast","0.336684819534991"
"exdqlm_multivar_synth_keep","draw_013",190,"2021-11-25","forecast","0.315843792381342"
"exdqlm_multivar_synth_keep","draw_013",190,"2021-11-26","forecast","0.298374535315561"
"exdqlm_multivar_synth_keep","draw_013",190,"2021-11-27","forecast","0.290813314071008"
"exdqlm_multivar_synth_keep","draw_013",190,"2021-11-28","forecast","0.290736066528081"
"exdqlm_multivar_synth_keep","draw_013",190,"2021-11-29","forecast","0.273392164374041"
"exdqlm_multivar_synth_keep","draw_013",190,"2021-11-30","forecast","0.257635270922783"
"exdqlm_multivar_synth_keep","draw_013",190,"2021-12-01","forecast","0.242026848149535"
"exdqlm_multivar_synth_keep","draw_013",190,"2021-12-02","forecast","0.234405562588493"
"exdqlm_multivar_synth_keep","draw_013",190,"2021-12-03","forecast","0.230257484918807"
"exdqlm_multivar_synth_keep","draw_013",190,"2021-12-04","forecast","0.226419193662447"
"exdqlm_multivar_synth_keep","draw_013",190,"2021-12-05","forecast","0.203332207935188"
"exdqlm_multivar_synth_keep","draw_013",190,"2021-12-06","forecast","0.202265353975747"
"exdqlm_multivar_synth_keep","draw_013",190,"2021-12-07","forecast","0.188901109104604"
"exdqlm_multivar_synth_keep","draw_013",190,"2021-12-08","forecast","0.184796004555479"
"exdqlm_multivar_synth_keep","draw_013",190,"2021-12-09","forecast","0.160078478804155"
"exdqlm_multivar_synth_keep","draw_013",190,"2021-12-10","forecast","0.212789839873901"
"exdqlm_multivar_synth_keep","draw_014",206,"2021-11-13","forecast","0.523764403129881"
"exdqlm_multivar_synth_keep","draw_014",206,"2021-11-14","forecast","0.501208192084810"
"exdqlm_multivar_synth_keep","draw_014",206,"2021-11-15","forecast","0.477355622903726"
"exdqlm_multivar_synth_keep","draw_014",206,"2021-11-16","forecast","0.455670328938788"
"exdqlm_multivar_synth_keep","draw_014",206,"2021-11-17","forecast","0.445643610770401"
"exdqlm_multivar_synth_keep","draw_014",206,"2021-11-18","forecast","0.420559908877879"
"exdqlm_multivar_synth_keep","draw_014",206,"2021-11-19","forecast","0.409444834386743"
"exdqlm_multivar_synth_keep","draw_014",206,"2021-11-20","forecast","0.386009316230188"
"exdqlm_multivar_synth_keep","draw_014",206,"2021-11-21","forecast","0.375839412697402"
"exdqlm_multivar_synth_keep","draw_014",206,"2021-11-22","forecast","0.363277848389771"
"exdqlm_multivar_synth_keep","draw_014",206,"2021-11-23","forecast","0.350833579913963"
"exdqlm_multivar_synth_keep","draw_014",206,"2021-11-24","forecast","0.343274798046103"
"exdqlm_multivar_synth_keep","draw_014",206,"2021-11-25","forecast","0.320137782022036"
"exdqlm_multivar_synth_keep","draw_014",206,"2021-11-26","forecast","0.302665236406932"
"exdqlm_multivar_synth_keep","draw_014",206,"2021-11-27","forecast","0.294364265745801"
"exdqlm_multivar_synth_keep","draw_014",206,"2021-11-28","forecast","0.294025447472908"
"exdqlm_multivar_synth_keep","draw_014",206,"2021-11-29","forecast","0.277669824041936"
"exdqlm_multivar_synth_keep","draw_014",206,"2021-11-30","forecast","0.261696310229907"
"exdqlm_multivar_synth_keep","draw_014",206,"2021-12-01","forecast","0.245644793835024"
"exdqlm_multivar_synth_keep","draw_014",206,"2021-12-02","forecast","0.237756521365332"
"exdqlm_multivar_synth_keep","draw_014",206,"2021-12-03","forecast","0.234767444958536"
"exdqlm_multivar_synth_keep","draw_014",206,"2021-12-04","forecast","0.230308868040104"
"exdqlm_multivar_synth_keep","draw_014",206,"2021-12-05","forecast","0.207286129690557"
"exdqlm_multivar_synth_keep","draw_014",206,"2021-12-06","forecast","0.206992137543161"
"exdqlm_multivar_synth_keep","draw_014",206,"2021-12-07","forecast","0.192667845879444"
"exdqlm_multivar_synth_keep","draw_014",206,"2021-12-08","forecast","0.189241609919005"
"exdqlm_multivar_synth_keep","draw_014",206,"2021-12-09","forecast","0.163698078636553"
"exdqlm_multivar_synth_keep","draw_014",206,"2021-12-10","forecast","0.217912707612317"
"exdqlm_multivar_synth_keep","draw_015",221,"2021-11-13","forecast","0.529645085663106"
"exdqlm_multivar_synth_keep","draw_015",221,"2021-11-14","forecast","0.506118461329068"
"exdqlm_multivar_synth_keep","draw_015",221,"2021-11-15","forecast","0.480641891268006"
"exdqlm_multivar_synth_keep","draw_015",221,"2021-11-16","forecast","0.461560361850778"
"exdqlm_multivar_synth_keep","draw_015",221,"2021-11-17","forecast","0.450079137672676"
"exdqlm_multivar_synth_keep","draw_015",221,"2021-11-18","forecast","0.424909317809451"
"exdqlm_multivar_synth_keep","draw_015",221,"2021-11-19","forecast","0.414465590335470"
"exdqlm_multivar_synth_keep","draw_015",221,"2021-11-20","forecast","0.391276776910168"
"exdqlm_multivar_synth_keep","draw_015",221,"2021-11-21","forecast","0.380013832998545"
"exdqlm_multivar_synth_keep","draw_015",221,"2021-11-22","forecast","0.367903400588284"
"exdqlm_multivar_synth_keep","draw_015",221,"2021-11-23","forecast","0.355415442066664"
"exdqlm_multivar_synth_keep","draw_015",221,"2021-11-24","forecast","0.347251494424015"
"exdqlm_multivar_synth_keep","draw_015",221,"2021-11-25","forecast","0.323806149194542"
"exdqlm_multivar_synth_keep","draw_015",221,"2021-11-26","forecast","0.307289597163069"
"exdqlm_multivar_synth_keep","draw_015",221,"2021-11-27","forecast","0.297543022671842"
"exdqlm_multivar_synth_keep","draw_015",221,"2021-11-28","forecast","0.298197918644269"
"exdqlm_multivar_synth_keep","draw_015",221,"2021-11-29","forecast","0.282479905694065"
"exdqlm_multivar_synth_keep","draw_015",221,"2021-11-30","forecast","0.266150081587326"
"exdqlm_multivar_synth_keep","draw_015",221,"2021-12-01","forecast","0.248446065926488"
"exdqlm_multivar_synth_keep","draw_015",221,"2021-12-02","forecast","0.243121769580271"
"exdqlm_multivar_synth_keep","draw_015",221,"2021-12-03","forecast","0.237805108317801"
"exdqlm_multivar_synth_keep","draw_015",221,"2021-12-04","forecast","0.234329145723497"
"exdqlm_multivar_synth_keep","draw_015",221,"2021-12-05","forecast","0.212069787558906"
"exdqlm_multivar_synth_keep","draw_015",221,"2021-12-06","forecast","0.210146205456783"
"exdqlm_multivar_synth_keep","draw_015",221,"2021-12-07","forecast","0.196563474537238"
"exdqlm_multivar_synth_keep","draw_015",221,"2021-12-08","forecast","0.192774394755305"
"exdqlm_multivar_synth_keep","draw_015",221,"2021-12-09","forecast","0.167943935597678"
"exdqlm_multivar_synth_keep","draw_015",221,"2021-12-10","forecast","0.222840982489000"
"exdqlm_multivar_synth_keep","draw_016",237,"2021-11-13","forecast","0.536027125549264"
"exdqlm_multivar_synth_keep","draw_016",237,"2021-11-14","forecast","0.510633653191605"
"exdqlm_multivar_synth_keep","draw_016",237,"2021-11-15","forecast","0.483576590585710"
"exdqlm_multivar_synth_keep","draw_016",237,"2021-11-16","forecast","0.470585251268496"
"exdqlm_multivar_synth_keep","draw_016",237,"2021-11-17","forecast","0.454475322192885"
"exdqlm_multivar_synth_keep","draw_016",237,"2021-11-18","forecast","0.430448271880829"
"exdqlm_multivar_synth_keep","draw_016",237,"2021-11-19","forecast","0.417835546723493"
"exdqlm_multivar_synth_keep","draw_016",237,"2021-11-20","forecast","0.395636313922803"
"exdqlm_multivar_synth_keep","draw_016",237,"2021-11-21","forecast","0.384160347221499"
"exdqlm_multivar_synth_keep","draw_016",237,"2021-11-22","forecast","0.371848294184320"
"exdqlm_multivar_synth_keep","draw_016",237,"2021-11-23","forecast","0.358972105886616"
"exdqlm_multivar_synth_keep","draw_016",237,"2021-11-24","forecast","0.351113867541224"
"exdqlm_multivar_synth_keep","draw_016",237,"2021-11-25","forecast","0.327242221134882"
"exdqlm_multivar_synth_keep","draw_016",237,"2021-11-26","forecast","0.311081009803010"
"exdqlm_multivar_synth_keep","draw_016",237,"2021-11-27","forecast","0.300650849601793"
"exdqlm_multivar_synth_keep","draw_016",237,"2021-11-28","forecast","0.301633193842230"
"exdqlm_multivar_synth_keep","draw_016",237,"2021-11-29","forecast","0.284874219192412"
"exdqlm_multivar_synth_keep","draw_016",237,"2021-11-30","forecast","0.270390418305103"
"exdqlm_multivar_synth_keep","draw_016",237,"2021-12-01","forecast","0.253930057740179"
"exdqlm_multivar_synth_keep","draw_016",237,"2021-12-02","forecast","0.246413193977618"
"exdqlm_multivar_synth_keep","draw_016",237,"2021-12-03","forecast","0.241231870311133"
"exdqlm_multivar_synth_keep","draw_016",237,"2021-12-04","forecast","0.237841427299177"
"exdqlm_multivar_synth_keep","draw_016",237,"2021-12-05","forecast","0.217501102656018"
"exdqlm_multivar_synth_keep","draw_016",237,"2021-12-06","forecast","0.214407003152664"
"exdqlm_multivar_synth_keep","draw_016",237,"2021-12-07","forecast","0.200665118069553"
"exdqlm_multivar_synth_keep","draw_016",237,"2021-12-08","forecast","0.197480714241729"
"exdqlm_multivar_synth_keep","draw_016",237,"2021-12-09","forecast","0.171230344219925"
"exdqlm_multivar_synth_keep","draw_016",237,"2021-12-10","forecast","0.227668053740427"
"exdqlm_multivar_synth_keep","draw_017",253,"2021-11-13","forecast","0.541489002626004"
"exdqlm_multivar_synth_keep","draw_017",253,"2021-11-14","forecast","0.516204930783784"
"exdqlm_multivar_synth_keep","draw_017",253,"2021-11-15","forecast","0.488366439973396"
"exdqlm_multivar_synth_keep","draw_017",253,"2021-11-16","forecast","0.476185406242870"
"exdqlm_multivar_synth_keep","draw_017",253,"2021-11-17","forecast","0.458937422448882"
"exdqlm_multivar_synth_keep","draw_017",253,"2021-11-18","forecast","0.434344155939871"
"exdqlm_multivar_synth_keep","draw_017",253,"2021-11-19","forecast","0.421384381304955"
"exdqlm_multivar_synth_keep","draw_017",253,"2021-11-20","forecast","0.399696011114726"
"exdqlm_multivar_synth_keep","draw_017",253,"2021-11-21","forecast","0.389389837118158"
"exdqlm_multivar_synth_keep","draw_017",253,"2021-11-22","forecast","0.375385056236742"
"exdqlm_multivar_synth_keep","draw_017",253,"2021-11-23","forecast","0.361316193448462"
"exdqlm_multivar_synth_keep","draw_017",253,"2021-11-24","forecast","0.356136681661538"
"exdqlm_multivar_synth_keep","draw_017",253,"2021-11-25","forecast","0.333014499846574"
"exdqlm_multivar_synth_keep","draw_017",253,"2021-11-26","forecast","0.318218691904378"
"exdqlm_multivar_synth_keep","draw_017",253,"2021-11-27","forecast","0.305292181865670"
"exdqlm_multivar_synth_keep","draw_017",253,"2021-11-28","forecast","0.306970194100619"
"exdqlm_multivar_synth_keep","draw_017",253,"2021-11-29","forecast","0.287369352240008"
"exdqlm_multivar_synth_keep","draw_017",253,"2021-11-30","forecast","0.274985084872370"
"exdqlm_multivar_synth_keep","draw_017",253,"2021-12-01","forecast","0.256912290051247"
"exdqlm_multivar_synth_keep","draw_017",253,"2021-12-02","forecast","0.251435959316022"
"exdqlm_multivar_synth_keep","draw_017",253,"2021-12-03","forecast","0.246363292393183"
"exdqlm_multivar_synth_keep","draw_017",253,"2021-12-04","forecast","0.243794486507609"
"exdqlm_multivar_synth_keep","draw_017",253,"2021-12-05","forecast","0.221563678323034"
"exdqlm_multivar_synth_keep","draw_017",253,"2021-12-06","forecast","0.218331578020560"
"exdqlm_multivar_synth_keep","draw_017",253,"2021-12-07","forecast","0.203847841428468"
"exdqlm_multivar_synth_keep","draw_017",253,"2021-12-08","forecast","0.200483374437352"
"exdqlm_multivar_synth_keep","draw_017",253,"2021-12-09","forecast","0.174440514196714"
"exdqlm_multivar_synth_keep","draw_017",253,"2021-12-10","forecast","0.231268816946520"
"exdqlm_multivar_synth_keep","draw_018",269,"2021-11-13","forecast","0.546031189940561"
"exdqlm_multivar_synth_keep","draw_018",269,"2021-11-14","forecast","0.520312760398583"
"exdqlm_multivar_synth_keep","draw_018",269,"2021-11-15","forecast","0.493495540345760"
"exdqlm_multivar_synth_keep","draw_018",269,"2021-11-16","forecast","0.481399554637100"
"exdqlm_multivar_synth_keep","draw_018",269,"2021-11-17","forecast","0.461642302001826"
"exdqlm_multivar_synth_keep","draw_018",269,"2021-11-18","forecast","0.441375526050231"
"exdqlm_multivar_synth_keep","draw_018",269,"2021-11-19","forecast","0.424032087427906"
"exdqlm_multivar_synth_keep","draw_018",269,"2021-11-20","forecast","0.402964817263014"
"exdqlm_multivar_synth_keep","draw_018",269,"2021-11-21","forecast","0.395793844221060"
"exdqlm_multivar_synth_keep","draw_018",269,"2021-11-22","forecast","0.380211437525651"
"exdqlm_multivar_synth_keep","draw_018",269,"2021-11-23","forecast","0.365148505914310"
"exdqlm_multivar_synth_keep","draw_018",269,"2021-11-24","forecast","0.357936426791251"
"exdqlm_multivar_synth_keep","draw_018",269,"2021-11-25","forecast","0.336868055611159"
"exdqlm_multivar_synth_keep","draw_018",269,"2021-11-26","forecast","0.323334989573854"
"exdqlm_multivar_synth_keep","draw_018",269,"2021-11-27","forecast","0.309586027914594"
"exdqlm_multivar_synth_keep","draw_018",269,"2021-11-28","forecast","0.311025891923811"
"exdqlm_multivar_synth_keep","draw_018",269,"2021-11-29","forecast","0.292767216859403"
"exdqlm_multivar_synth_keep","draw_018",269,"2021-11-30","forecast","0.278862192070888"
"exdqlm_multivar_synth_keep","draw_018",269,"2021-12-01","forecast","0.260647475372723"
"exdqlm_multivar_synth_keep","draw_018",269,"2021-12-02","forecast","0.256468111835556"
"exdqlm_multivar_synth_keep","draw_018",269,"2021-12-03","forecast","0.252033220990152"
"exdqlm_multivar_synth_keep","draw_018",269,"2021-12-04","forecast","0.247906493854254"
"exdqlm_multivar_synth_keep","draw_018",269,"2021-12-05","forecast","0.227847815430428"
"exdqlm_multivar_synth_keep","draw_018",269,"2021-12-06","forecast","0.222260892855746"
"exdqlm_multivar_synth_keep","draw_018",269,"2021-12-07","forecast","0.206368415395057"
"exdqlm_multivar_synth_keep","draw_018",269,"2021-12-08","forecast","0.204099828554662"
"exdqlm_multivar_synth_keep","draw_018",269,"2021-12-09","forecast","0.178979830405375"
"exdqlm_multivar_synth_keep","draw_018",269,"2021-12-10","forecast","0.235164117472974"
"exdqlm_multivar_synth_keep","draw_019",284,"2021-11-13","forecast","0.553579052719974"
"exdqlm_multivar_synth_keep","draw_019",284,"2021-11-14","forecast","0.526388758678819"
"exdqlm_multivar_synth_keep","draw_019",284,"2021-11-15","forecast","0.495375851128594"
"exdqlm_multivar_synth_keep","draw_019",284,"2021-11-16","forecast","0.485889436092279"
"exdqlm_multivar_synth_keep","draw_019",284,"2021-11-17","forecast","0.465573225383726"
"exdqlm_multivar_synth_keep","draw_019",284,"2021-11-18","forecast","0.446860125618685"
"exdqlm_multivar_synth_keep","draw_019",284,"2021-11-19","forecast","0.426718383524784"
"exdqlm_multivar_synth_keep","draw_019",284,"2021-11-20","forecast","0.405396435610402"
"exdqlm_multivar_synth_keep","draw_019",284,"2021-11-21","forecast","0.398137013377059"
"exdqlm_multivar_synth_keep","draw_019",284,"2021-11-22","forecast","0.384362158465172"
"exdqlm_multivar_synth_keep","draw_019",284,"2021-11-23","forecast","0.367253748960304"
"exdqlm_multivar_synth_keep","draw_019",284,"2021-11-24","forecast","0.359712985121556"
"exdqlm_multivar_synth_keep","draw_019",284,"2021-11-25","forecast","0.339592971305913"
"exdqlm_multivar_synth_keep","draw_019",284,"2021-11-26","forecast","0.327694814552078"
"exdqlm_multivar_synth_keep","draw_019",284,"2021-11-27","forecast","0.313461447397944"
"exdqlm_multivar_synth_keep","draw_019",284,"2021-11-28","forecast","0.314952597875380"
"exdqlm_multivar_synth_keep","draw_019",284,"2021-11-29","forecast","0.295575783084580"
"exdqlm_multivar_synth_keep","draw_019",284,"2021-11-30","forecast","0.281602693135459"
"exdqlm_multivar_synth_keep","draw_019",284,"2021-12-01","forecast","0.263473748110769"
"exdqlm_multivar_synth_keep","draw_019",284,"2021-12-02","forecast","0.261097625750059"
"exdqlm_multivar_synth_keep","draw_019",284,"2021-12-03","forecast","0.253968343388334"
"exdqlm_multivar_synth_keep","draw_019",284,"2021-12-04","forecast","0.251334980795020"
"exdqlm_multivar_synth_keep","draw_019",284,"2021-12-05","forecast","0.231494319164859"
"exdqlm_multivar_synth_keep","draw_019",284,"2021-12-06","forecast","0.225984536180269"
"exdqlm_multivar_synth_keep","draw_019",284,"2021-12-07","forecast","0.210045393407590"
"exdqlm_multivar_synth_keep","draw_019",284,"2021-12-08","forecast","0.209751897823827"
"exdqlm_multivar_synth_keep","draw_019",284,"2021-12-09","forecast","0.181104462846291"
"exdqlm_multivar_synth_keep","draw_019",284,"2021-12-10","forecast","0.239231512340132"
"exdqlm_multivar_synth_keep","draw_020",300,"2021-11-13","forecast","0.561554031640437"
"exdqlm_multivar_synth_keep","draw_020",300,"2021-11-14","forecast","0.529201652604401"
"exdqlm_multivar_synth_keep","draw_020",300,"2021-11-15","forecast","0.501255255088814"
"exdqlm_multivar_synth_keep","draw_020",300,"2021-11-16","forecast","0.488826323983861"
"exdqlm_multivar_synth_keep","draw_020",300,"2021-11-17","forecast","0.470367596837192"
"exdqlm_multivar_synth_keep","draw_020",300,"2021-11-18","forecast","0.451091059581162"
"exdqlm_multivar_synth_keep","draw_020",300,"2021-11-19","forecast","0.432287586243722"
"exdqlm_multivar_synth_keep","draw_020",300,"2021-11-20","forecast","0.411282587641986"
"exdqlm_multivar_synth_keep","draw_020",300,"2021-11-21","forecast","0.400391534836090"
"exdqlm_multivar_synth_keep","draw_020",300,"2021-11-22","forecast","0.387998377716695"
"exdqlm_multivar_synth_keep","draw_020",300,"2021-11-23","forecast","0.372129449031460"
"exdqlm_multivar_synth_keep","draw_020",300,"2021-11-24","forecast","0.363886694276591"
"exdqlm_multivar_synth_keep","draw_020",300,"2021-11-25","forecast","0.343721675666644"
"exdqlm_multivar_synth_keep","draw_020",300,"2021-11-26","forecast","0.330147576944372"
"exdqlm_multivar_synth_keep","draw_020",300,"2021-11-27","forecast","0.318750648224182"
"exdqlm_multivar_synth_keep","draw_020",300,"2021-11-28","forecast","0.318199302648399"
"exdqlm_multivar_synth_keep","draw_020",300,"2021-11-29","forecast","0.299118859892775"
"exdqlm_multivar_synth_keep","draw_020",300,"2021-11-30","forecast","0.286247859485482"
"exdqlm_multivar_synth_keep","draw_020",300,"2021-12-01","forecast","0.268247315020406"
"exdqlm_multivar_synth_keep","draw_020",300,"2021-12-02","forecast","0.266181848305345"
"exdqlm_multivar_synth_keep","draw_020",300,"2021-12-03","forecast","0.258048513704801"
"exdqlm_multivar_synth_keep","draw_020",300,"2021-12-04","forecast","0.256948615785599"
"exdqlm_multivar_synth_keep","draw_020",300,"2021-12-05","forecast","0.236305560195427"
"exdqlm_multivar_synth_keep","draw_020",300,"2021-12-06","forecast","0.230618723222707"
"exdqlm_multivar_synth_keep","draw_020",300,"2021-12-07","forecast","0.212867085028134"
"exdqlm_multivar_synth_keep","draw_020",300,"2021-12-08","forecast","0.214491128965482"
"exdqlm_multivar_synth_keep","draw_020",300,"2021-12-09","forecast","0.183388900522333"
"exdqlm_multivar_synth_keep","draw_020",300,"2021-12-10","forecast","0.243595804666820"
"exdqlm_multivar_synth_keep","draw_021",316,"2021-11-13","forecast","0.566359253207083"
"exdqlm_multivar_synth_keep","draw_021",316,"2021-11-14","forecast","0.532373965139632"
"exdqlm_multivar_synth_keep","draw_021",316,"2021-11-15","forecast","0.505484898885605"
"exdqlm_multivar_synth_keep","draw_021",316,"2021-11-16","forecast","0.492528995784121"
"exdqlm_multivar_synth_keep","draw_021",316,"2021-11-17","forecast","0.474045010238444"
"exdqlm_multivar_synth_keep","draw_021",316,"2021-11-18","forecast","0.454665899278852"
"exdqlm_multivar_synth_keep","draw_021",316,"2021-11-19","forecast","0.438279507745958"
"exdqlm_multivar_synth_keep","draw_021",316,"2021-11-20","forecast","0.414772755567206"
"exdqlm_multivar_synth_keep","draw_021",316,"2021-11-21","forecast","0.403344755158580"
"exdqlm_multivar_synth_keep","draw_021",316,"2021-11-22","forecast","0.392225182163817"
"exdqlm_multivar_synth_keep","draw_021",316,"2021-11-23","forecast","0.375989506366542"
"exdqlm_multivar_synth_keep","draw_021",316,"2021-11-24","forecast","0.366877100153058"
"exdqlm_multivar_synth_keep","draw_021",316,"2021-11-25","forecast","0.346432387292244"
"exdqlm_multivar_synth_keep","draw_021",316,"2021-11-26","forecast","0.333492893990092"
"exdqlm_multivar_synth_keep","draw_021",316,"2021-11-27","forecast","0.321026200336328"
"exdqlm_multivar_synth_keep","draw_021",316,"2021-11-28","forecast","0.321140358180369"
"exdqlm_multivar_synth_keep","draw_021",316,"2021-11-29","forecast","0.301969268883609"
"exdqlm_multivar_synth_keep","draw_021",316,"2021-11-30","forecast","0.289119814877806"
"exdqlm_multivar_synth_keep","draw_021",316,"2021-12-01","forecast","0.271683242638991"
"exdqlm_multivar_synth_keep","draw_021",316,"2021-12-02","forecast","0.271835584478964"
"exdqlm_multivar_synth_keep","draw_021",316,"2021-12-03","forecast","0.263423512511526"
"exdqlm_multivar_synth_keep","draw_021",316,"2021-12-04","forecast","0.259870613712798"
"exdqlm_multivar_synth_keep","draw_021",316,"2021-12-05","forecast","0.242411973839754"
"exdqlm_multivar_synth_keep","draw_021",316,"2021-12-06","forecast","0.234802516211244"
"exdqlm_multivar_synth_keep","draw_021",316,"2021-12-07","forecast","0.215850367493760"
"exdqlm_multivar_synth_keep","draw_021",316,"2021-12-08","forecast","0.217958897660209"
"exdqlm_multivar_synth_keep","draw_021",316,"2021-12-09","forecast","0.186381965517263"
"exdqlm_multivar_synth_keep","draw_021",316,"2021-12-10","forecast","0.248962810211712"
"exdqlm_multivar_synth_keep","draw_022",332,"2021-11-13","forecast","0.574021650081286"
"exdqlm_multivar_synth_keep","draw_022",332,"2021-11-14","forecast","0.536774845615917"
"exdqlm_multivar_synth_keep","draw_022",332,"2021-11-15","forecast","0.509532041349903"
"exdqlm_multivar_synth_keep","draw_022",332,"2021-11-16","forecast","0.499223250582479"
"exdqlm_multivar_synth_keep","draw_022",332,"2021-11-17","forecast","0.476227923706256"
"exdqlm_multivar_synth_keep","draw_022",332,"2021-11-18","forecast","0.457159972177871"
"exdqlm_multivar_synth_keep","draw_022",332,"2021-11-19","forecast","0.442522231738140"
"exdqlm_multivar_synth_keep","draw_022",332,"2021-11-20","forecast","0.418461708883546"
"exdqlm_multivar_synth_keep","draw_022",332,"2021-11-21","forecast","0.405643960674156"
"exdqlm_multivar_synth_keep","draw_022",332,"2021-11-22","forecast","0.394834608492080"
"exdqlm_multivar_synth_keep","draw_022",332,"2021-11-23","forecast","0.380827271316734"
"exdqlm_multivar_synth_keep","draw_022",332,"2021-11-24","forecast","0.369241692509963"
"exdqlm_multivar_synth_keep","draw_022",332,"2021-11-25","forecast","0.349735392474676"
"exdqlm_multivar_synth_keep","draw_022",332,"2021-11-26","forecast","0.335658126053276"
"exdqlm_multivar_synth_keep","draw_022",332,"2021-11-27","forecast","0.325887646507172"
"exdqlm_multivar_synth_keep","draw_022",332,"2021-11-28","forecast","0.324441665157404"
"exdqlm_multivar_synth_keep","draw_022",332,"2021-11-29","forecast","0.305029262241227"
"exdqlm_multivar_synth_keep","draw_022",332,"2021-11-30","forecast","0.292820255073237"
"exdqlm_multivar_synth_keep","draw_022",332,"2021-12-01","forecast","0.274332801554398"
"exdqlm_multivar_synth_keep","draw_022",332,"2021-12-02","forecast","0.277710023493180"
"exdqlm_multivar_synth_keep","draw_022",332,"2021-12-03","forecast","0.268544528286395"
"exdqlm_multivar_synth_keep","draw_022",332,"2021-12-04","forecast","0.263461094028895"
"exdqlm_multivar_synth_keep","draw_022",332,"2021-12-05","forecast","0.248829635796404"
"exdqlm_multivar_synth_keep","draw_022",332,"2021-12-06","forecast","0.240146942617747"
"exdqlm_multivar_synth_keep","draw_022",332,"2021-12-07","forecast","0.219110086039783"
"exdqlm_multivar_synth_keep","draw_022",332,"2021-12-08","forecast","0.222860662315121"
"exdqlm_multivar_synth_keep","draw_022",332,"2021-12-09","forecast","0.189655632056895"
"exdqlm_multivar_synth_keep","draw_022",332,"2021-12-10","forecast","0.254583891657800"
"exdqlm_multivar_synth_keep","draw_023",347,"2021-11-13","forecast","0.581156967124906"
"exdqlm_multivar_synth_keep","draw_023",347,"2021-11-14","forecast","0.540563725459444"
"exdqlm_multivar_synth_keep","draw_023",347,"2021-11-15","forecast","0.513240951652902"
"exdqlm_multivar_synth_keep","draw_023",347,"2021-11-16","forecast","0.501921420678607"
"exdqlm_multivar_synth_keep","draw_023",347,"2021-11-17","forecast","0.480328929546894"
"exdqlm_multivar_synth_keep","draw_023",347,"2021-11-18","forecast","0.462123021012550"
"exdqlm_multivar_synth_keep","draw_023",347,"2021-11-19","forecast","0.446677209393483"
"exdqlm_multivar_synth_keep","draw_023",347,"2021-11-20","forecast","0.421067610690547"
"exdqlm_multivar_synth_keep","draw_023",347,"2021-11-21","forecast","0.408305524495938"
"exdqlm_multivar_synth_keep","draw_023",347,"2021-11-22","forecast","0.400980769782843"
"exdqlm_multivar_synth_keep","draw_023",347,"2021-11-23","forecast","0.384528008620377"
"exdqlm_multivar_synth_keep","draw_023",347,"2021-11-24","forecast","0.373223517983589"
"exdqlm_multivar_synth_keep","draw_023",347,"2021-11-25","forecast","0.356966563883990"
"exdqlm_multivar_synth_keep","draw_023",347,"2021-11-26","forecast","0.340999548654059"
"exdqlm_multivar_synth_keep","draw_023",347,"2021-11-27","forecast","0.330992869899371"
"exdqlm_multivar_synth_keep","draw_023",347,"2021-11-28","forecast","0.327906892301978"
"exdqlm_multivar_synth_keep","draw_023",347,"2021-11-29","forecast","0.310066363066108"
"exdqlm_multivar_synth_keep","draw_023",347,"2021-11-30","forecast","0.295989632463463"
"exdqlm_multivar_synth_keep","draw_023",347,"2021-12-01","forecast","0.277115294778400"
"exdqlm_multivar_synth_keep","draw_023",347,"2021-12-02","forecast","0.282427973558875"
"exdqlm_multivar_synth_keep","draw_023",347,"2021-12-03","forecast","0.273060517343329"
"exdqlm_multivar_synth_keep","draw_023",347,"2021-12-04","forecast","0.268258032674404"
"exdqlm_multivar_synth_keep","draw_023",347,"2021-12-05","forecast","0.252302394499658"
"exdqlm_multivar_synth_keep","draw_023",347,"2021-12-06","forecast","0.243340598846418"
"exdqlm_multivar_synth_keep","draw_023",347,"2021-12-07","forecast","0.222873605029460"
"exdqlm_multivar_synth_keep","draw_023",347,"2021-12-08","forecast","0.228002533249317"
"exdqlm_multivar_synth_keep","draw_023",347,"2021-12-09","forecast","0.193290112021100"
"exdqlm_multivar_synth_keep","draw_023",347,"2021-12-10","forecast","0.257582050556161"
"exdqlm_multivar_synth_keep","draw_024",363,"2021-11-13","forecast","0.585567317968356"
"exdqlm_multivar_synth_keep","draw_024",363,"2021-11-14","forecast","0.545399528784817"
"exdqlm_multivar_synth_keep","draw_024",363,"2021-11-15","forecast","0.517575296307907"
"exdqlm_multivar_synth_keep","draw_024",363,"2021-11-16","forecast","0.504639368726054"
"exdqlm_multivar_synth_keep","draw_024",363,"2021-11-17","forecast","0.483948365236302"
"exdqlm_multivar_synth_keep","draw_024",363,"2021-11-18","forecast","0.466414165555781"
"exdqlm_multivar_synth_keep","draw_024",363,"2021-11-19","forecast","0.450502885762143"
"exdqlm_multivar_synth_keep","draw_024",363,"2021-11-20","forecast","0.423800560507674"
"exdqlm_multivar_synth_keep","draw_024",363,"2021-11-21","forecast","0.412077260540190"
"exdqlm_multivar_synth_keep","draw_024",363,"2021-11-22","forecast","0.404850931689069"
"exdqlm_multivar_synth_keep","draw_024",363,"2021-11-23","forecast","0.387927142961627"
"exdqlm_multivar_synth_keep","draw_024",363,"2021-11-24","forecast","0.378365001660692"
"exdqlm_multivar_synth_keep","draw_024",363,"2021-11-25","forecast","0.361189681569285"
"exdqlm_multivar_synth_keep","draw_024",363,"2021-11-26","forecast","0.343501817456830"
"exdqlm_multivar_synth_keep","draw_024",363,"2021-11-27","forecast","0.336252757227793"
"exdqlm_multivar_synth_keep","draw_024",363,"2021-11-28","forecast","0.332250892438453"
"exdqlm_multivar_synth_keep","draw_024",363,"2021-11-29","forecast","0.313752097151604"
"exdqlm_multivar_synth_keep","draw_024",363,"2021-11-30","forecast","0.299111258356560"
"exdqlm_multivar_synth_keep","draw_024",363,"2021-12-01","forecast","0.283559429972660"
"exdqlm_multivar_synth_keep","draw_024",363,"2021-12-02","forecast","0.286273136120840"
"exdqlm_multivar_synth_keep","draw_024",363,"2021-12-03","forecast","0.275894148801679"
"exdqlm_multivar_synth_keep","draw_024",363,"2021-12-04","forecast","0.273594182330528"
"exdqlm_multivar_synth_keep","draw_024",363,"2021-12-05","forecast","0.255666818349492"
"exdqlm_multivar_synth_keep","draw_024",363,"2021-12-06","forecast","0.247908686386382"
"exdqlm_multivar_synth_keep","draw_024",363,"2021-12-07","forecast","0.226017486609684"
"exdqlm_multivar_synth_keep","draw_024",363,"2021-12-08","forecast","0.231487184836361"
"exdqlm_multivar_synth_keep","draw_024",363,"2021-12-09","forecast","0.195233817661771"
"exdqlm_multivar_synth_keep","draw_024",363,"2021-12-10","forecast","0.262085385758621"
"exdqlm_multivar_synth_keep","draw_025",379,"2021-11-13","forecast","0.591036872365152"
"exdqlm_multivar_synth_keep","draw_025",379,"2021-11-14","forecast","0.548175219086401"
"exdqlm_multivar_synth_keep","draw_025",379,"2021-11-15","forecast","0.521119574795539"
"exdqlm_multivar_synth_keep","draw_025",379,"2021-11-16","forecast","0.506863620741904"
"exdqlm_multivar_synth_keep","draw_025",379,"2021-11-17","forecast","0.487017925433520"
"exdqlm_multivar_synth_keep","draw_025",379,"2021-11-18","forecast","0.470305408885791"
"exdqlm_multivar_synth_keep","draw_025",379,"2021-11-19","forecast","0.455144404212800"
"exdqlm_multivar_synth_keep","draw_025",379,"2021-11-20","forecast","0.430980455460225"
"exdqlm_multivar_synth_keep","draw_025",379,"2021-11-21","forecast","0.416800472444439"
"exdqlm_multivar_synth_keep","draw_025",379,"2021-11-22","forecast","0.409980411144583"
"exdqlm_multivar_synth_keep","draw_025",379,"2021-11-23","forecast","0.390978628042239"
"exdqlm_multivar_synth_keep","draw_025",379,"2021-11-24","forecast","0.382070378742515"
"exdqlm_multivar_synth_keep","draw_025",379,"2021-11-25","forecast","0.363148948252625"
"exdqlm_multivar_synth_keep","draw_025",379,"2021-11-26","forecast","0.347251179395024"
"exdqlm_multivar_synth_keep","draw_025",379,"2021-11-27","forecast","0.338763237996059"
"exdqlm_multivar_synth_keep","draw_025",379,"2021-11-28","forecast","0.336451246643027"
"exdqlm_multivar_synth_keep","draw_025",379,"2021-11-29","forecast","0.317590113918468"
"exdqlm_multivar_synth_keep","draw_025",379,"2021-11-30","forecast","0.303027248336451"
"exdqlm_multivar_synth_keep","draw_025",379,"2021-12-01","forecast","0.288475593610708"
"exdqlm_multivar_synth_keep","draw_025",379,"2021-12-02","forecast","0.290316741885024"
"exdqlm_multivar_synth_keep","draw_025",379,"2021-12-03","forecast","0.279446441579551"
"exdqlm_multivar_synth_keep","draw_025",379,"2021-12-04","forecast","0.281036481115957"
"exdqlm_multivar_synth_keep","draw_025",379,"2021-12-05","forecast","0.259657011994420"
"exdqlm_multivar_synth_keep","draw_025",379,"2021-12-06","forecast","0.252018273507425"
"exdqlm_multivar_synth_keep","draw_025",379,"2021-12-07","forecast","0.229597458211142"
"exdqlm_multivar_synth_keep","draw_025",379,"2021-12-08","forecast","0.235170513065657"
"exdqlm_multivar_synth_keep","draw_025",379,"2021-12-09","forecast","0.200453613926385"
"exdqlm_multivar_synth_keep","draw_025",379,"2021-12-10","forecast","0.267404462729183"
"exdqlm_multivar_synth_keep","draw_026",395,"2021-11-13","forecast","0.596745893088023"
"exdqlm_multivar_synth_keep","draw_026",395,"2021-11-14","forecast","0.553709380670585"
"exdqlm_multivar_synth_keep","draw_026",395,"2021-11-15","forecast","0.526960361390347"
"exdqlm_multivar_synth_keep","draw_026",395,"2021-11-16","forecast","0.511062135706865"
"exdqlm_multivar_synth_keep","draw_026",395,"2021-11-17","forecast","0.493113412622912"
"exdqlm_multivar_synth_keep","draw_026",395,"2021-11-18","forecast","0.474740189427014"
"exdqlm_multivar_synth_keep","draw_026",395,"2021-11-19","forecast","0.458358476347114"
"exdqlm_multivar_synth_keep","draw_026",395,"2021-11-20","forecast","0.437475955836755"
"exdqlm_multivar_synth_keep","draw_026",395,"2021-11-21","forecast","0.419141018239670"
"exdqlm_multivar_synth_keep","draw_026",395,"2021-11-22","forecast","0.413376926048464"
"exdqlm_multivar_synth_keep","draw_026",395,"2021-11-23","forecast","0.398216148378379"
"exdqlm_multivar_synth_keep","draw_026",395,"2021-11-24","forecast","0.385384228666407"
"exdqlm_multivar_synth_keep","draw_026",395,"2021-11-25","forecast","0.366206378538355"
"exdqlm_multivar_synth_keep","draw_026",395,"2021-11-26","forecast","0.351249267800108"
"exdqlm_multivar_synth_keep","draw_026",395,"2021-11-27","forecast","0.342178710534672"
"exdqlm_multivar_synth_keep","draw_026",395,"2021-11-28","forecast","0.341136248726760"
"exdqlm_multivar_synth_keep","draw_026",395,"2021-11-29","forecast","0.320540491463853"
"exdqlm_multivar_synth_keep","draw_026",395,"2021-11-30","forecast","0.306880478992260"
"exdqlm_multivar_synth_keep","draw_026",395,"2021-12-01","forecast","0.292194610456919"
"exdqlm_multivar_synth_keep","draw_026",395,"2021-12-02","forecast","0.295593206985284"
"exdqlm_multivar_synth_keep","draw_026",395,"2021-12-03","forecast","0.286597862410361"
"exdqlm_multivar_synth_keep","draw_026",395,"2021-12-04","forecast","0.286063572358029"
"exdqlm_multivar_synth_keep","draw_026",395,"2021-12-05","forecast","0.264678573947937"
"exdqlm_multivar_synth_keep","draw_026",395,"2021-12-06","forecast","0.255830822417412"
"exdqlm_multivar_synth_keep","draw_026",395,"2021-12-07","forecast","0.233459471739546"
"exdqlm_multivar_synth_keep","draw_026",395,"2021-12-08","forecast","0.238064793791289"
"exdqlm_multivar_synth_keep","draw_026",395,"2021-12-09","forecast","0.204923835193845"
"exdqlm_multivar_synth_keep","draw_026",395,"2021-12-10","forecast","0.271176789497801"
"exdqlm_multivar_synth_keep","draw_027",410,"2021-11-13","forecast","0.606256785769926"
"exdqlm_multivar_synth_keep","draw_027",410,"2021-11-14","forecast","0.558462251092002"
"exdqlm_multivar_synth_keep","draw_027",410,"2021-11-15","forecast","0.530313023421146"
"exdqlm_multivar_synth_keep","draw_027",410,"2021-11-16","forecast","0.515823169288168"
"exdqlm_multivar_synth_keep","draw_027",410,"2021-11-17","forecast","0.501138295436537"
"exdqlm_multivar_synth_keep","draw_027",410,"2021-11-18","forecast","0.478964528044785"
"exdqlm_multivar_synth_keep","draw_027",410,"2021-11-19","forecast","0.462568698501365"
"exdqlm_multivar_synth_keep","draw_027",410,"2021-11-20","forecast","0.442802593391994"
"exdqlm_multivar_synth_keep","draw_027",410,"2021-11-21","forecast","0.422305588306747"
"exdqlm_multivar_synth_keep","draw_027",410,"2021-11-22","forecast","0.417391300994616"
"exdqlm_multivar_synth_keep","draw_027",410,"2021-11-23","forecast","0.402438725611255"
"exdqlm_multivar_synth_keep","draw_027",410,"2021-11-24","forecast","0.391860857324895"
"exdqlm_multivar_synth_keep","draw_027",410,"2021-11-25","forecast","0.369546903223981"
"exdqlm_multivar_synth_keep","draw_027",410,"2021-11-26","forecast","0.355109913516442"
"exdqlm_multivar_synth_keep","draw_027",410,"2021-11-27","forecast","0.345030281558053"
"exdqlm_multivar_synth_keep","draw_027",410,"2021-11-28","forecast","0.346235872869615"
"exdqlm_multivar_synth_keep","draw_027",410,"2021-11-29","forecast","0.326165539854452"
"exdqlm_multivar_synth_keep","draw_027",410,"2021-11-30","forecast","0.309539372978683"
"exdqlm_multivar_synth_keep","draw_027",410,"2021-12-01","forecast","0.297944576456797"
"exdqlm_multivar_synth_keep","draw_027",410,"2021-12-02","forecast","0.300511921549632"
"exdqlm_multivar_synth_keep","draw_027",410,"2021-12-03","forecast","0.291501820090969"
"exdqlm_multivar_synth_keep","draw_027",410,"2021-12-04","forecast","0.294103857296240"
"exdqlm_multivar_synth_keep","draw_027",410,"2021-12-05","forecast","0.267171827830064"
"exdqlm_multivar_synth_keep","draw_027",410,"2021-12-06","forecast","0.259663281573014"
"exdqlm_multivar_synth_keep","draw_027",410,"2021-12-07","forecast","0.238632361187349"
"exdqlm_multivar_synth_keep","draw_027",410,"2021-12-08","forecast","0.240854431513429"
"exdqlm_multivar_synth_keep","draw_027",410,"2021-12-09","forecast","0.208731858606069"
"exdqlm_multivar_synth_keep","draw_027",410,"2021-12-10","forecast","0.276111942122358"
"exdqlm_multivar_synth_keep","draw_028",426,"2021-11-13","forecast","0.610475941408935"
"exdqlm_multivar_synth_keep","draw_028",426,"2021-11-14","forecast","0.563923585793987"
"exdqlm_multivar_synth_keep","draw_028",426,"2021-11-15","forecast","0.537258227185443"
"exdqlm_multivar_synth_keep","draw_028",426,"2021-11-16","forecast","0.521623091444351"
"exdqlm_multivar_synth_keep","draw_028",426,"2021-11-17","forecast","0.505536484429356"
"exdqlm_multivar_synth_keep","draw_028",426,"2021-11-18","forecast","0.486110446853705"
"exdqlm_multivar_synth_keep","draw_028",426,"2021-11-19","forecast","0.467718593223096"
"exdqlm_multivar_synth_keep","draw_028",426,"2021-11-20","forecast","0.448791739330412"
"exdqlm_multivar_synth_keep","draw_028",426,"2021-11-21","forecast","0.430816419708374"
"exdqlm_multivar_synth_keep","draw_028",426,"2021-11-22","forecast","0.425962695084325"
"exdqlm_multivar_synth_keep","draw_028",426,"2021-11-23","forecast","0.408446607118639"
"exdqlm_multivar_synth_keep","draw_028",426,"2021-11-24","forecast","0.397787349281227"
"exdqlm_multivar_synth_keep","draw_028",426,"2021-11-25","forecast","0.374413474670094"
"exdqlm_multivar_synth_keep","draw_028",426,"2021-11-26","forecast","0.359091767003107"
"exdqlm_multivar_synth_keep","draw_028",426,"2021-11-27","forecast","0.350266287684363"
"exdqlm_multivar_synth_keep","draw_028",426,"2021-11-28","forecast","0.351534326648798"
"exdqlm_multivar_synth_keep","draw_028",426,"2021-11-29","forecast","0.329291174282182"
"exdqlm_multivar_synth_keep","draw_028",426,"2021-11-30","forecast","0.314699856414573"
"exdqlm_multivar_synth_keep","draw_028",426,"2021-12-01","forecast","0.304197525630096"
"exdqlm_multivar_synth_keep","draw_028",426,"2021-12-02","forecast","0.307180284658248"
"exdqlm_multivar_synth_keep","draw_028",426,"2021-12-03","forecast","0.297825344556537"
"exdqlm_multivar_synth_keep","draw_028",426,"2021-12-04","forecast","0.302715342231240"
"exdqlm_multivar_synth_keep","draw_028",426,"2021-12-05","forecast","0.274489825071713"
"exdqlm_multivar_synth_keep","draw_028",426,"2021-12-06","forecast","0.265499691868679"
"exdqlm_multivar_synth_keep","draw_028",426,"2021-12-07","forecast","0.244009525615552"
"exdqlm_multivar_synth_keep","draw_028",426,"2021-12-08","forecast","0.247519947553777"
"exdqlm_multivar_synth_keep","draw_028",426,"2021-12-09","forecast","0.217459735943307"
"exdqlm_multivar_synth_keep","draw_028",426,"2021-12-10","forecast","0.281871441510958"
"exdqlm_multivar_synth_keep","draw_029",442,"2021-11-13","forecast","0.614547956020078"
"exdqlm_multivar_synth_keep","draw_029",442,"2021-11-14","forecast","0.567887368133981"
"exdqlm_multivar_synth_keep","draw_029",442,"2021-11-15","forecast","0.545452818940197"
"exdqlm_multivar_synth_keep","draw_029",442,"2021-11-16","forecast","0.528631217263682"
"exdqlm_multivar_synth_keep","draw_029",442,"2021-11-17","forecast","0.513259222704461"
"exdqlm_multivar_synth_keep","draw_029",442,"2021-11-18","forecast","0.491220795060961"
"exdqlm_multivar_synth_keep","draw_029",442,"2021-11-19","forecast","0.473146132010046"
"exdqlm_multivar_synth_keep","draw_029",442,"2021-11-20","forecast","0.456501400064747"
"exdqlm_multivar_synth_keep","draw_029",442,"2021-11-21","forecast","0.436182030994746"
"exdqlm_multivar_synth_keep","draw_029",442,"2021-11-22","forecast","0.431645416591494"
"exdqlm_multivar_synth_keep","draw_029",442,"2021-11-23","forecast","0.412936014791848"
"exdqlm_multivar_synth_keep","draw_029",442,"2021-11-24","forecast","0.404261921880938"
"exdqlm_multivar_synth_keep","draw_029",442,"2021-11-25","forecast","0.381057686187421"
"exdqlm_multivar_synth_keep","draw_029",442,"2021-11-26","forecast","0.363541138521280"
"exdqlm_multivar_synth_keep","draw_029",442,"2021-11-27","forecast","0.354176489363835"
"exdqlm_multivar_synth_keep","draw_029",442,"2021-11-28","forecast","0.357271872816070"
"exdqlm_multivar_synth_keep","draw_029",442,"2021-11-29","forecast","0.335676453617401"
"exdqlm_multivar_synth_keep","draw_029",442,"2021-11-30","forecast","0.318523506509509"
"exdqlm_multivar_synth_keep","draw_029",442,"2021-12-01","forecast","0.311360414271147"
"exdqlm_multivar_synth_keep","draw_029",442,"2021-12-02","forecast","0.310734192035315"
"exdqlm_multivar_synth_keep","draw_029",442,"2021-12-03","forecast","0.303487009090341"
"exdqlm_multivar_synth_keep","draw_029",442,"2021-12-04","forecast","0.308590100957308"
"exdqlm_multivar_synth_keep","draw_029",442,"2021-12-05","forecast","0.278880038500359"
"exdqlm_multivar_synth_keep","draw_029",442,"2021-12-06","forecast","0.273363284475428"
"exdqlm_multivar_synth_keep","draw_029",442,"2021-12-07","forecast","0.247992665058987"
"exdqlm_multivar_synth_keep","draw_029",442,"2021-12-08","forecast","0.252933535776154"
"exdqlm_multivar_synth_keep","draw_029",442,"2021-12-09","forecast","0.222513651715818"
"exdqlm_multivar_synth_keep","draw_029",442,"2021-12-10","forecast","0.291803790791771"
"exdqlm_multivar_synth_keep","draw_030",457,"2021-11-13","forecast","0.619495480911634"
"exdqlm_multivar_synth_keep","draw_030",457,"2021-11-14","forecast","0.572997884234929"
"exdqlm_multivar_synth_keep","draw_030",457,"2021-11-15","forecast","0.548841390422180"
"exdqlm_multivar_synth_keep","draw_030",457,"2021-11-16","forecast","0.533025525185567"
"exdqlm_multivar_synth_keep","draw_030",457,"2021-11-17","forecast","0.518490437736112"
"exdqlm_multivar_synth_keep","draw_030",457,"2021-11-18","forecast","0.495911312340810"
"exdqlm_multivar_synth_keep","draw_030",457,"2021-11-19","forecast","0.478714970447278"
"exdqlm_multivar_synth_keep","draw_030",457,"2021-11-20","forecast","0.461937497462634"
"exdqlm_multivar_synth_keep","draw_030",457,"2021-11-21","forecast","0.441340165271140"
"exdqlm_multivar_synth_keep","draw_030",457,"2021-11-22","forecast","0.435478366948054"
"exdqlm_multivar_synth_keep","draw_030",457,"2021-11-23","forecast","0.419316545585221"
"exdqlm_multivar_synth_keep","draw_030",457,"2021-11-24","forecast","0.408996365917639"
"exdqlm_multivar_synth_keep","draw_030",457,"2021-11-25","forecast","0.384769840626141"
"exdqlm_multivar_synth_keep","draw_030",457,"2021-11-26","forecast","0.366427164431434"
"exdqlm_multivar_synth_keep","draw_030",457,"2021-11-27","forecast","0.360179847885397"
"exdqlm_multivar_synth_keep","draw_030",457,"2021-11-28","forecast","0.361750765072688"
"exdqlm_multivar_synth_keep","draw_030",457,"2021-11-29","forecast","0.340513949674111"
"exdqlm_multivar_synth_keep","draw_030",457,"2021-11-30","forecast","0.325324842776923"
"exdqlm_multivar_synth_keep","draw_030",457,"2021-12-01","forecast","0.318981229554530"
"exdqlm_multivar_synth_keep","draw_030",457,"2021-12-02","forecast","0.316408985462229"
"exdqlm_multivar_synth_keep","draw_030",457,"2021-12-03","forecast","0.306919783778254"
"exdqlm_multivar_synth_keep","draw_030",457,"2021-12-04","forecast","0.312113321668711"
"exdqlm_multivar_synth_keep","draw_030",457,"2021-12-05","forecast","0.287444518482423"
"exdqlm_multivar_synth_keep","draw_030",457,"2021-12-06","forecast","0.279138985474374"
"exdqlm_multivar_synth_keep","draw_030",457,"2021-12-07","forecast","0.254403065516663"
"exdqlm_multivar_synth_keep","draw_030",457,"2021-12-08","forecast","0.260479819733752"
"exdqlm_multivar_synth_keep","draw_030",457,"2021-12-09","forecast","0.229474727071150"
"exdqlm_multivar_synth_keep","draw_030",457,"2021-12-10","forecast","0.297941932898438"
"exdqlm_multivar_synth_keep","draw_031",473,"2021-11-13","forecast","0.625054797311767"
"exdqlm_multivar_synth_keep","draw_031",473,"2021-11-14","forecast","0.577490267796187"
"exdqlm_multivar_synth_keep","draw_031",473,"2021-11-15","forecast","0.554596292321382"
"exdqlm_multivar_synth_keep","draw_031",473,"2021-11-16","forecast","0.537110387234792"
"exdqlm_multivar_synth_keep","draw_031",473,"2021-11-17","forecast","0.524097106273641"
"exdqlm_multivar_synth_keep","draw_031",473,"2021-11-18","forecast","0.500475011325308"
"exdqlm_multivar_synth_keep","draw_031",473,"2021-11-19","forecast","0.483169440601472"
"exdqlm_multivar_synth_keep","draw_031",473,"2021-11-20","forecast","0.466271966737036"
"exdqlm_multivar_synth_keep","draw_031",473,"2021-11-21","forecast","0.446203760727492"
"exdqlm_multivar_synth_keep","draw_031",473,"2021-11-22","forecast","0.440045069829899"
"exdqlm_multivar_synth_keep","draw_031",473,"2021-11-23","forecast","0.422711128279471"
"exdqlm_multivar_synth_keep","draw_031",473,"2021-11-24","forecast","0.416054241354722"
"exdqlm_multivar_synth_keep","draw_031",473,"2021-11-25","forecast","0.391879603332628"
"exdqlm_multivar_synth_keep","draw_031",473,"2021-11-26","forecast","0.371414928383026"
"exdqlm_multivar_synth_keep","draw_031",473,"2021-11-27","forecast","0.364121060611165"
"exdqlm_multivar_synth_keep","draw_031",473,"2021-11-28","forecast","0.368360018690649"
"exdqlm_multivar_synth_keep","draw_031",473,"2021-11-29","forecast","0.346843261013426"
"exdqlm_multivar_synth_keep","draw_031",473,"2021-11-30","forecast","0.330147819544632"
"exdqlm_multivar_synth_keep","draw_031",473,"2021-12-01","forecast","0.323906775151458"
"exdqlm_multivar_synth_keep","draw_031",473,"2021-12-02","forecast","0.322643320795504"
"exdqlm_multivar_synth_keep","draw_031",473,"2021-12-03","forecast","0.317439841310007"
"exdqlm_multivar_synth_keep","draw_031",473,"2021-12-04","forecast","0.316443982489247"
"exdqlm_multivar_synth_keep","draw_031",473,"2021-12-05","forecast","0.292115846524489"
"exdqlm_multivar_synth_keep","draw_031",473,"2021-12-06","forecast","0.284569702970661"
"exdqlm_multivar_synth_keep","draw_031",473,"2021-12-07","forecast","0.260046147779217"
"exdqlm_multivar_synth_keep","draw_031",473,"2021-12-08","forecast","0.265453688190475"
"exdqlm_multivar_synth_keep","draw_031",473,"2021-12-09","forecast","0.235297501001656"
"exdqlm_multivar_synth_keep","draw_031",473,"2021-12-10","forecast","0.305737512981127"
"exdqlm_multivar_synth_keep","draw_032",489,"2021-11-13","forecast","0.629971832708375"
"exdqlm_multivar_synth_keep","draw_032",489,"2021-11-14","forecast","0.580081142269192"
"exdqlm_multivar_synth_keep","draw_032",489,"2021-11-15","forecast","0.561038639694206"
"exdqlm_multivar_synth_keep","draw_032",489,"2021-11-16","forecast","0.543559088275584"
"exdqlm_multivar_synth_keep","draw_032",489,"2021-11-17","forecast","0.528701161375215"
"exdqlm_multivar_synth_keep","draw_032",489,"2021-11-18","forecast","0.505520433192401"
"exdqlm_multivar_synth_keep","draw_032",489,"2021-11-19","forecast","0.488646258340963"
"exdqlm_multivar_synth_keep","draw_032",489,"2021-11-20","forecast","0.474982166081055"
"exdqlm_multivar_synth_keep","draw_032",489,"2021-11-21","forecast","0.452247220524755"
"exdqlm_multivar_synth_keep","draw_032",489,"2021-11-22","forecast","0.444348603415696"
"exdqlm_multivar_synth_keep","draw_032",489,"2021-11-23","forecast","0.427447678006413"
"exdqlm_multivar_synth_keep","draw_032",489,"2021-11-24","forecast","0.420833534408836"
"exdqlm_multivar_synth_keep","draw_032",489,"2021-11-25","forecast","0.396436585330070"
"exdqlm_multivar_synth_keep","draw_032",489,"2021-11-26","forecast","0.375811913700735"
"exdqlm_multivar_synth_keep","draw_032",489,"2021-11-27","forecast","0.370597966762023"
"exdqlm_multivar_synth_keep","draw_032",489,"2021-11-28","forecast","0.374337644406010"
"exdqlm_multivar_synth_keep","draw_032",489,"2021-11-29","forecast","0.353207242723179"
"exdqlm_multivar_synth_keep","draw_032",489,"2021-11-30","forecast","0.335760460523990"
"exdqlm_multivar_synth_keep","draw_032",489,"2021-12-01","forecast","0.327408888868369"
"exdqlm_multivar_synth_keep","draw_032",489,"2021-12-02","forecast","0.328528121483774"
"exdqlm_multivar_synth_keep","draw_032",489,"2021-12-03","forecast","0.327866765319351"
"exdqlm_multivar_synth_keep","draw_032",489,"2021-12-04","forecast","0.320113701863053"
"exdqlm_multivar_synth_keep","draw_032",489,"2021-12-05","forecast","0.296061474201702"
"exdqlm_multivar_synth_keep","draw_032",489,"2021-12-06","forecast","0.293305507814365"
"exdqlm_multivar_synth_keep","draw_032",489,"2021-12-07","forecast","0.266027573326893"
"exdqlm_multivar_synth_keep","draw_032",489,"2021-12-08","forecast","0.272356739597178"
"exdqlm_multivar_synth_keep","draw_032",489,"2021-12-09","forecast","0.242593594009857"
"exdqlm_multivar_synth_keep","draw_032",489,"2021-12-10","forecast","0.311281828079276"
"exdqlm_multivar_synth_keep","draw_033",505,"2021-11-13","forecast","0.634182364922818"
"exdqlm_multivar_synth_keep","draw_033",505,"2021-11-14","forecast","0.584876073068255"
"exdqlm_multivar_synth_keep","draw_033",505,"2021-11-15","forecast","0.565077297900789"
"exdqlm_multivar_synth_keep","draw_033",505,"2021-11-16","forecast","0.550063179804011"
"exdqlm_multivar_synth_keep","draw_033",505,"2021-11-17","forecast","0.533294240395354"
"exdqlm_multivar_synth_keep","draw_033",505,"2021-11-18","forecast","0.513596793702082"
"exdqlm_multivar_synth_keep","draw_033",505,"2021-11-19","forecast","0.497546078607424"
"exdqlm_multivar_synth_keep","draw_033",505,"2021-11-20","forecast","0.480052613515998"
"exdqlm_multivar_synth_keep","draw_033",505,"2021-11-21","forecast","0.458327752277954"
"exdqlm_multivar_synth_keep","draw_033",505,"2021-11-22","forecast","0.454534198925174"
"exdqlm_multivar_synth_keep","draw_033",505,"2021-11-23","forecast","0.432916427929423"
"exdqlm_multivar_synth_keep","draw_033",505,"2021-11-24","forecast","0.430868813262974"
"exdqlm_multivar_synth_keep","draw_033",505,"2021-11-25","forecast","0.404278478541935"
"exdqlm_multivar_synth_keep","draw_033",505,"2021-11-26","forecast","0.379846081737352"
"exdqlm_multivar_synth_keep","draw_033",505,"2021-11-27","forecast","0.380101940877833"
"exdqlm_multivar_synth_keep","draw_033",505,"2021-11-28","forecast","0.382989440745956"
"exdqlm_multivar_synth_keep","draw_033",505,"2021-11-29","forecast","0.358629288691748"
"exdqlm_multivar_synth_keep","draw_033",505,"2021-11-30","forecast","0.337633666010854"
"exdqlm_multivar_synth_keep","draw_033",505,"2021-12-01","forecast","0.333651149333413"
"exdqlm_multivar_synth_keep","draw_033",505,"2021-12-02","forecast","0.336458410045294"
"exdqlm_multivar_synth_keep","draw_033",505,"2021-12-03","forecast","0.332678409772571"
"exdqlm_multivar_synth_keep","draw_033",505,"2021-12-04","forecast","0.330732062543951"
"exdqlm_multivar_synth_keep","draw_033",505,"2021-12-05","forecast","0.305335732633743"
"exdqlm_multivar_synth_keep","draw_033",505,"2021-12-06","forecast","0.300128954367234"
"exdqlm_multivar_synth_keep","draw_033",505,"2021-12-07","forecast","0.270256069875619"
"exdqlm_multivar_synth_keep","draw_033",505,"2021-12-08","forecast","0.277765944352789"
"exdqlm_multivar_synth_keep","draw_033",505,"2021-12-09","forecast","0.250884500119777"
"exdqlm_multivar_synth_keep","draw_033",505,"2021-12-10","forecast","0.318630871081323"
"exdqlm_multivar_synth_keep","draw_034",520,"2021-11-13","forecast","0.638948731255065"
"exdqlm_multivar_synth_keep","draw_034",520,"2021-11-14","forecast","0.590841696011621"
"exdqlm_multivar_synth_keep","draw_034",520,"2021-11-15","forecast","0.570692572582500"
"exdqlm_multivar_synth_keep","draw_034",520,"2021-11-16","forecast","0.556240811371997"
"exdqlm_multivar_synth_keep","draw_034",520,"2021-11-17","forecast","0.537424036229326"
"exdqlm_multivar_synth_keep","draw_034",520,"2021-11-18","forecast","0.518049804527317"
"exdqlm_multivar_synth_keep","draw_034",520,"2021-11-19","forecast","0.501438984943595"
"exdqlm_multivar_synth_keep","draw_034",520,"2021-11-20","forecast","0.486691566060102"
"exdqlm_multivar_synth_keep","draw_034",520,"2021-11-21","forecast","0.464147120391471"
"exdqlm_multivar_synth_keep","draw_034",520,"2021-11-22","forecast","0.459362708228904"
"exdqlm_multivar_synth_keep","draw_034",520,"2021-11-23","forecast","0.437188100000786"
"exdqlm_multivar_synth_keep","draw_034",520,"2021-11-24","forecast","0.436776550435559"
"exdqlm_multivar_synth_keep","draw_034",520,"2021-11-25","forecast","0.410254069262985"
"exdqlm_multivar_synth_keep","draw_034",520,"2021-11-26","forecast","0.385633357682701"
"exdqlm_multivar_synth_keep","draw_034",520,"2021-11-27","forecast","0.384864484953174"
"exdqlm_multivar_synth_keep","draw_034",520,"2021-11-28","forecast","0.387355415956536"
"exdqlm_multivar_synth_keep","draw_034",520,"2021-11-29","forecast","0.363707323151023"
"exdqlm_multivar_synth_keep","draw_034",520,"2021-11-30","forecast","0.342409185294240"
"exdqlm_multivar_synth_keep","draw_034",520,"2021-12-01","forecast","0.337504841717490"
"exdqlm_multivar_synth_keep","draw_034",520,"2021-12-02","forecast","0.340509888575040"
"exdqlm_multivar_synth_keep","draw_034",520,"2021-12-03","forecast","0.336351041484895"
"exdqlm_multivar_synth_keep","draw_034",520,"2021-12-04","forecast","0.336387430054160"
"exdqlm_multivar_synth_keep","draw_034",520,"2021-12-05","forecast","0.310147122159302"
"exdqlm_multivar_synth_keep","draw_034",520,"2021-12-06","forecast","0.306108382266661"
"exdqlm_multivar_synth_keep","draw_034",520,"2021-12-07","forecast","0.275702777135476"
"exdqlm_multivar_synth_keep","draw_034",520,"2021-12-08","forecast","0.283699869327748"
"exdqlm_multivar_synth_keep","draw_034",520,"2021-12-09","forecast","0.254593619508944"
"exdqlm_multivar_synth_keep","draw_034",520,"2021-12-10","forecast","0.325640951800595"
"exdqlm_multivar_synth_keep","draw_035",536,"2021-11-13","forecast","0.643932774724458"
"exdqlm_multivar_synth_keep","draw_035",536,"2021-11-14","forecast","0.594908930139911"
"exdqlm_multivar_synth_keep","draw_035",536,"2021-11-15","forecast","0.574265577700288"
"exdqlm_multivar_synth_keep","draw_035",536,"2021-11-16","forecast","0.563286644782477"
"exdqlm_multivar_synth_keep","draw_035",536,"2021-11-17","forecast","0.541162602947297"
"exdqlm_multivar_synth_keep","draw_035",536,"2021-11-18","forecast","0.523992308580907"
"exdqlm_multivar_synth_keep","draw_035",536,"2021-11-19","forecast","0.508950408770261"
"exdqlm_multivar_synth_keep","draw_035",536,"2021-11-20","forecast","0.492451717796875"
"exdqlm_multivar_synth_keep","draw_035",536,"2021-11-21","forecast","0.468400416519690"
"exdqlm_multivar_synth_keep","draw_035",536,"2021-11-22","forecast","0.465156483917594"
"exdqlm_multivar_synth_keep","draw_035",536,"2021-11-23","forecast","0.442492678588119"
"exdqlm_multivar_synth_keep","draw_035",536,"2021-11-24","forecast","0.444676929701076"
"exdqlm_multivar_synth_keep","draw_035",536,"2021-11-25","forecast","0.416494055347862"
"exdqlm_multivar_synth_keep","draw_035",536,"2021-11-26","forecast","0.390352518494696"
"exdqlm_multivar_synth_keep","draw_035",536,"2021-11-27","forecast","0.390445922661666"
"exdqlm_multivar_synth_keep","draw_035",536,"2021-11-28","forecast","0.394328187953062"
"exdqlm_multivar_synth_keep","draw_035",536,"2021-11-29","forecast","0.367253323265368"
"exdqlm_multivar_synth_keep","draw_035",536,"2021-11-30","forecast","0.350714787540284"
"exdqlm_multivar_synth_keep","draw_035",536,"2021-12-01","forecast","0.344512679628006"
"exdqlm_multivar_synth_keep","draw_035",536,"2021-12-02","forecast","0.344671786477650"
"exdqlm_multivar_synth_keep","draw_035",536,"2021-12-03","forecast","0.343501274747942"
"exdqlm_multivar_synth_keep","draw_035",536,"2021-12-04","forecast","0.342110334606633"
"exdqlm_multivar_synth_keep","draw_035",536,"2021-12-05","forecast","0.317292426682977"
"exdqlm_multivar_synth_keep","draw_035",536,"2021-12-06","forecast","0.312571953761316"
"exdqlm_multivar_synth_keep","draw_035",536,"2021-12-07","forecast","0.281966441195758"
"exdqlm_multivar_synth_keep","draw_035",536,"2021-12-08","forecast","0.290431107694167"
"exdqlm_multivar_synth_keep","draw_035",536,"2021-12-09","forecast","0.258611707664196"
"exdqlm_multivar_synth_keep","draw_035",536,"2021-12-10","forecast","0.331226661651425"
"exdqlm_multivar_synth_keep","draw_036",552,"2021-11-13","forecast","0.648006663863593"
"exdqlm_multivar_synth_keep","draw_036",552,"2021-11-14","forecast","0.598426246643544"
"exdqlm_multivar_synth_keep","draw_036",552,"2021-11-15","forecast","0.578092986364077"
"exdqlm_multivar_synth_keep","draw_036",552,"2021-11-16","forecast","0.569059544030685"
"exdqlm_multivar_synth_keep","draw_036",552,"2021-11-17","forecast","0.546677692882484"
"exdqlm_multivar_synth_keep","draw_036",552,"2021-11-18","forecast","0.533236405376752"
"exdqlm_multivar_synth_keep","draw_036",552,"2021-11-19","forecast","0.515105464131105"
"exdqlm_multivar_synth_keep","draw_036",552,"2021-11-20","forecast","0.500044449467479"
"exdqlm_multivar_synth_keep","draw_036",552,"2021-11-21","forecast","0.472408172614080"
"exdqlm_multivar_synth_keep","draw_036",552,"2021-11-22","forecast","0.469509879480068"
"exdqlm_multivar_synth_keep","draw_036",552,"2021-11-23","forecast","0.448054823417981"
"exdqlm_multivar_synth_keep","draw_036",552,"2021-11-24","forecast","0.451459881353880"
"exdqlm_multivar_synth_keep","draw_036",552,"2021-11-25","forecast","0.423725165164985"
"exdqlm_multivar_synth_keep","draw_036",552,"2021-11-26","forecast","0.396190076947125"
"exdqlm_multivar_synth_keep","draw_036",552,"2021-11-27","forecast","0.394307325386252"
"exdqlm_multivar_synth_keep","draw_036",552,"2021-11-28","forecast","0.401201776540724"
"exdqlm_multivar_synth_keep","draw_036",552,"2021-11-29","forecast","0.372563616020558"
"exdqlm_multivar_synth_keep","draw_036",552,"2021-11-30","forecast","0.356102490120764"
"exdqlm_multivar_synth_keep","draw_036",552,"2021-12-01","forecast","0.351786110866222"
"exdqlm_multivar_synth_keep","draw_036",552,"2021-12-02","forecast","0.351479184065799"
"exdqlm_multivar_synth_keep","draw_036",552,"2021-12-03","forecast","0.350292776977838"
"exdqlm_multivar_synth_keep","draw_036",552,"2021-12-04","forecast","0.347782349953546"
"exdqlm_multivar_synth_keep","draw_036",552,"2021-12-05","forecast","0.324183046356668"
"exdqlm_multivar_synth_keep","draw_036",552,"2021-12-06","forecast","0.317464020024894"
"exdqlm_multivar_synth_keep","draw_036",552,"2021-12-07","forecast","0.288619334946280"
"exdqlm_multivar_synth_keep","draw_036",552,"2021-12-08","forecast","0.295632740997449"
"exdqlm_multivar_synth_keep","draw_036",552,"2021-12-09","forecast","0.267996806818652"
"exdqlm_multivar_synth_keep","draw_036",552,"2021-12-10","forecast","0.337907801439901"
"exdqlm_multivar_synth_keep","draw_037",568,"2021-11-13","forecast","0.656409939439163"
"exdqlm_multivar_synth_keep","draw_037",568,"2021-11-14","forecast","0.605640280061627"
"exdqlm_multivar_synth_keep","draw_037",568,"2021-11-15","forecast","0.581230259975099"
"exdqlm_multivar_synth_keep","draw_037",568,"2021-11-16","forecast","0.574535742750938"
"exdqlm_multivar_synth_keep","draw_037",568,"2021-11-17","forecast","0.555568235773726"
"exdqlm_multivar_synth_keep","draw_037",568,"2021-11-18","forecast","0.538605459597691"
"exdqlm_multivar_synth_keep","draw_037",568,"2021-11-19","forecast","0.519864683016633"
"exdqlm_multivar_synth_keep","draw_037",568,"2021-11-20","forecast","0.509931807682215"
"exdqlm_multivar_synth_keep","draw_037",568,"2021-11-21","forecast","0.477798448408968"
"exdqlm_multivar_synth_keep","draw_037",568,"2021-11-22","forecast","0.475167379459648"
"exdqlm_multivar_synth_keep","draw_037",568,"2021-11-23","forecast","0.455293375380276"
"exdqlm_multivar_synth_keep","draw_037",568,"2021-11-24","forecast","0.457892679031691"
"exdqlm_multivar_synth_keep","draw_037",568,"2021-11-25","forecast","0.429902723861301"
"exdqlm_multivar_synth_keep","draw_037",568,"2021-11-26","forecast","0.403126157937240"
"exdqlm_multivar_synth_keep","draw_037",568,"2021-11-27","forecast","0.402405950056895"
"exdqlm_multivar_synth_keep","draw_037",568,"2021-11-28","forecast","0.407268205495736"
"exdqlm_multivar_synth_keep","draw_037",568,"2021-11-29","forecast","0.378663082429865"
"exdqlm_multivar_synth_keep","draw_037",568,"2021-11-30","forecast","0.361305296762920"
"exdqlm_multivar_synth_keep","draw_037",568,"2021-12-01","forecast","0.357814561036559"
"exdqlm_multivar_synth_keep","draw_037",568,"2021-12-02","forecast","0.357734492458737"
"exdqlm_multivar_synth_keep","draw_037",568,"2021-12-03","forecast","0.357417659887498"
"exdqlm_multivar_synth_keep","draw_037",568,"2021-12-04","forecast","0.354999422641592"
"exdqlm_multivar_synth_keep","draw_037",568,"2021-12-05","forecast","0.330436537546132"
"exdqlm_multivar_synth_keep","draw_037",568,"2021-12-06","forecast","0.321125005737292"
"exdqlm_multivar_synth_keep","draw_037",568,"2021-12-07","forecast","0.295608312546113"
"exdqlm_multivar_synth_keep","draw_037",568,"2021-12-08","forecast","0.301574376726082"
"exdqlm_multivar_synth_keep","draw_037",568,"2021-12-09","forecast","0.275240166508672"
"exdqlm_multivar_synth_keep","draw_037",568,"2021-12-10","forecast","0.344831603985338"
"exdqlm_multivar_synth_keep","draw_038",583,"2021-11-13","forecast","0.660504530007318"
"exdqlm_multivar_synth_keep","draw_038",583,"2021-11-14","forecast","0.611771318175829"
"exdqlm_multivar_synth_keep","draw_038",583,"2021-11-15","forecast","0.588942884321020"
"exdqlm_multivar_synth_keep","draw_038",583,"2021-11-16","forecast","0.580678481776157"
"exdqlm_multivar_synth_keep","draw_038",583,"2021-11-17","forecast","0.561277300380170"
"exdqlm_multivar_synth_keep","draw_038",583,"2021-11-18","forecast","0.541639511859863"
"exdqlm_multivar_synth_keep","draw_038",583,"2021-11-19","forecast","0.525359857717382"
"exdqlm_multivar_synth_keep","draw_038",583,"2021-11-20","forecast","0.517818811260253"
"exdqlm_multivar_synth_keep","draw_038",583,"2021-11-21","forecast","0.481532619828954"
"exdqlm_multivar_synth_keep","draw_038",583,"2021-11-22","forecast","0.480765916875877"
"exdqlm_multivar_synth_keep","draw_038",583,"2021-11-23","forecast","0.458619719709167"
"exdqlm_multivar_synth_keep","draw_038",583,"2021-11-24","forecast","0.465732266482035"
"exdqlm_multivar_synth_keep","draw_038",583,"2021-11-25","forecast","0.435838259808346"
"exdqlm_multivar_synth_keep","draw_038",583,"2021-11-26","forecast","0.408500847202675"
"exdqlm_multivar_synth_keep","draw_038",583,"2021-11-27","forecast","0.408089635757806"
"exdqlm_multivar_synth_keep","draw_038",583,"2021-11-28","forecast","0.415743137686123"
"exdqlm_multivar_synth_keep","draw_038",583,"2021-11-29","forecast","0.384620307787493"
"exdqlm_multivar_synth_keep","draw_038",583,"2021-11-30","forecast","0.368658617622895"
"exdqlm_multivar_synth_keep","draw_038",583,"2021-12-01","forecast","0.362751239300905"
"exdqlm_multivar_synth_keep","draw_038",583,"2021-12-02","forecast","0.362882273927164"
"exdqlm_multivar_synth_keep","draw_038",583,"2021-12-03","forecast","0.366038511252818"
"exdqlm_multivar_synth_keep","draw_038",583,"2021-12-04","forecast","0.360328518233431"
"exdqlm_multivar_synth_keep","draw_038",583,"2021-12-05","forecast","0.336709606105250"
"exdqlm_multivar_synth_keep","draw_038",583,"2021-12-06","forecast","0.325337205455725"
"exdqlm_multivar_synth_keep","draw_038",583,"2021-12-07","forecast","0.301186907483122"
"exdqlm_multivar_synth_keep","draw_038",583,"2021-12-08","forecast","0.306916363618670"
"exdqlm_multivar_synth_keep","draw_038",583,"2021-12-09","forecast","0.281335222707079"
"exdqlm_multivar_synth_keep","draw_038",583,"2021-12-10","forecast","0.349735948507952"
"exdqlm_multivar_synth_keep","draw_039",599,"2021-11-13","forecast","0.665959658586284"
"exdqlm_multivar_synth_keep","draw_039",599,"2021-11-14","forecast","0.616078789405010"
"exdqlm_multivar_synth_keep","draw_039",599,"2021-11-15","forecast","0.594055200199766"
"exdqlm_multivar_synth_keep","draw_039",599,"2021-11-16","forecast","0.587475415716331"
"exdqlm_multivar_synth_keep","draw_039",599,"2021-11-17","forecast","0.566369595029567"
"exdqlm_multivar_synth_keep","draw_039",599,"2021-11-18","forecast","0.546179540852329"
"exdqlm_multivar_synth_keep","draw_039",599,"2021-11-19","forecast","0.530587203231828"
"exdqlm_multivar_synth_keep","draw_039",599,"2021-11-20","forecast","0.524291401216240"
"exdqlm_multivar_synth_keep","draw_039",599,"2021-11-21","forecast","0.485986449361436"
"exdqlm_multivar_synth_keep","draw_039",599,"2021-11-22","forecast","0.486192795937546"
"exdqlm_multivar_synth_keep","draw_039",599,"2021-11-23","forecast","0.463715315703155"
"exdqlm_multivar_synth_keep","draw_039",599,"2021-11-24","forecast","0.471229966214770"
"exdqlm_multivar_synth_keep","draw_039",599,"2021-11-25","forecast","0.438556838714152"
"exdqlm_multivar_synth_keep","draw_039",599,"2021-11-26","forecast","0.414172535543505"
"exdqlm_multivar_synth_keep","draw_039",599,"2021-11-27","forecast","0.412433231402713"
"exdqlm_multivar_synth_keep","draw_039",599,"2021-11-28","forecast","0.421496786948721"
"exdqlm_multivar_synth_keep","draw_039",599,"2021-11-29","forecast","0.390543512731217"
"exdqlm_multivar_synth_keep","draw_039",599,"2021-11-30","forecast","0.374788410279729"
"exdqlm_multivar_synth_keep","draw_039",599,"2021-12-01","forecast","0.370439398387422"
"exdqlm_multivar_synth_keep","draw_039",599,"2021-12-02","forecast","0.370115265298190"
"exdqlm_multivar_synth_keep","draw_039",599,"2021-12-03","forecast","0.373932766187117"
"exdqlm_multivar_synth_keep","draw_039",599,"2021-12-04","forecast","0.365797707598954"
"exdqlm_multivar_synth_keep","draw_039",599,"2021-12-05","forecast","0.342223305676779"
"exdqlm_multivar_synth_keep","draw_039",599,"2021-12-06","forecast","0.330630566091312"
"exdqlm_multivar_synth_keep","draw_039",599,"2021-12-07","forecast","0.310158796011494"
"exdqlm_multivar_synth_keep","draw_039",599,"2021-12-08","forecast","0.313825558063550"
"exdqlm_multivar_synth_keep","draw_039",599,"2021-12-09","forecast","0.286595153111767"
"exdqlm_multivar_synth_keep","draw_039",599,"2021-12-10","forecast","0.356130812952621"
"exdqlm_multivar_synth_keep","draw_040",615,"2021-11-13","forecast","0.673407749686369"
"exdqlm_multivar_synth_keep","draw_040",615,"2021-11-14","forecast","0.624354194546846"
"exdqlm_multivar_synth_keep","draw_040",615,"2021-11-15","forecast","0.599582028875913"
"exdqlm_multivar_synth_keep","draw_040",615,"2021-11-16","forecast","0.591848258626158"
"exdqlm_multivar_synth_keep","draw_040",615,"2021-11-17","forecast","0.572845605387103"
"exdqlm_multivar_synth_keep","draw_040",615,"2021-11-18","forecast","0.555153171201959"
"exdqlm_multivar_synth_keep","draw_040",615,"2021-11-19","forecast","0.536715780418497"
"exdqlm_multivar_synth_keep","draw_040",615,"2021-11-20","forecast","0.532259457037863"
"exdqlm_multivar_synth_keep","draw_040",615,"2021-11-21","forecast","0.491734889224949"
"exdqlm_multivar_synth_keep","draw_040",615,"2021-11-22","forecast","0.491344231380472"
"exdqlm_multivar_synth_keep","draw_040",615,"2021-11-23","forecast","0.465995644895759"
"exdqlm_multivar_synth_keep","draw_040",615,"2021-11-24","forecast","0.478671104384036"
"exdqlm_multivar_synth_keep","draw_040",615,"2021-11-25","forecast","0.443493703205387"
"exdqlm_multivar_synth_keep","draw_040",615,"2021-11-26","forecast","0.422386958220998"
"exdqlm_multivar_synth_keep","draw_040",615,"2021-11-27","forecast","0.420419911522597"
"exdqlm_multivar_synth_keep","draw_040",615,"2021-11-28","forecast","0.425254071872188"
"exdqlm_multivar_synth_keep","draw_040",615,"2021-11-29","forecast","0.394361270495437"
"exdqlm_multivar_synth_keep","draw_040",615,"2021-11-30","forecast","0.381379719632000"
"exdqlm_multivar_synth_keep","draw_040",615,"2021-12-01","forecast","0.376027884362799"
"exdqlm_multivar_synth_keep","draw_040",615,"2021-12-02","forecast","0.377129596957858"
"exdqlm_multivar_synth_keep","draw_040",615,"2021-12-03","forecast","0.377999579221596"
"exdqlm_multivar_synth_keep","draw_040",615,"2021-12-04","forecast","0.373902718986883"
"exdqlm_multivar_synth_keep","draw_040",615,"2021-12-05","forecast","0.349126661732962"
"exdqlm_multivar_synth_keep","draw_040",615,"2021-12-06","forecast","0.338213156035698"
"exdqlm_multivar_synth_keep","draw_040",615,"2021-12-07","forecast","0.316210952464135"
"exdqlm_multivar_synth_keep","draw_040",615,"2021-12-08","forecast","0.321096763663650"
"exdqlm_multivar_synth_keep","draw_040",615,"2021-12-09","forecast","0.295031086254846"
"exdqlm_multivar_synth_keep","draw_040",615,"2021-12-10","forecast","0.361272705270999"
"exdqlm_multivar_synth_keep","draw_041",631,"2021-11-13","forecast","0.678046024641832"
"exdqlm_multivar_synth_keep","draw_041",631,"2021-11-14","forecast","0.628025028340630"
"exdqlm_multivar_synth_keep","draw_041",631,"2021-11-15","forecast","0.605699267349139"
"exdqlm_multivar_synth_keep","draw_041",631,"2021-11-16","forecast","0.597834582589469"
"exdqlm_multivar_synth_keep","draw_041",631,"2021-11-17","forecast","0.578090540606336"
"exdqlm_multivar_synth_keep","draw_041",631,"2021-11-18","forecast","0.559769255755820"
"exdqlm_multivar_synth_keep","draw_041",631,"2021-11-19","forecast","0.543473270312075"
"exdqlm_multivar_synth_keep","draw_041",631,"2021-11-20","forecast","0.542299360200678"
"exdqlm_multivar_synth_keep","draw_041",631,"2021-11-21","forecast","0.500180255611312"
"exdqlm_multivar_synth_keep","draw_041",631,"2021-11-22","forecast","0.494967984806438"
"exdqlm_multivar_synth_keep","draw_041",631,"2021-11-23","forecast","0.471276751803871"
"exdqlm_multivar_synth_keep","draw_041",631,"2021-11-24","forecast","0.483786213578983"
"exdqlm_multivar_synth_keep","draw_041",631,"2021-11-25","forecast","0.446615261207217"
"exdqlm_multivar_synth_keep","draw_041",631,"2021-11-26","forecast","0.426702842688587"
"exdqlm_multivar_synth_keep","draw_041",631,"2021-11-27","forecast","0.426221203950475"
"exdqlm_multivar_synth_keep","draw_041",631,"2021-11-28","forecast","0.430488693928278"
"exdqlm_multivar_synth_keep","draw_041",631,"2021-11-29","forecast","0.401254033899329"
"exdqlm_multivar_synth_keep","draw_041",631,"2021-11-30","forecast","0.387880516406190"
"exdqlm_multivar_synth_keep","draw_041",631,"2021-12-01","forecast","0.380839230250869"
"exdqlm_multivar_synth_keep","draw_041",631,"2021-12-02","forecast","0.384259299432939"
"exdqlm_multivar_synth_keep","draw_041",631,"2021-12-03","forecast","0.385205440010423"
"exdqlm_multivar_synth_keep","draw_041",631,"2021-12-04","forecast","0.378137677594348"
"exdqlm_multivar_synth_keep","draw_041",631,"2021-12-05","forecast","0.354045741583695"
"exdqlm_multivar_synth_keep","draw_041",631,"2021-12-06","forecast","0.344380334834033"
"exdqlm_multivar_synth_keep","draw_041",631,"2021-12-07","forecast","0.325883407024675"
"exdqlm_multivar_synth_keep","draw_041",631,"2021-12-08","forecast","0.329579511668862"
"exdqlm_multivar_synth_keep","draw_041",631,"2021-12-09","forecast","0.301045046099924"
"exdqlm_multivar_synth_keep","draw_041",631,"2021-12-10","forecast","0.365210873671122"
"exdqlm_multivar_synth_keep","draw_042",646,"2021-11-13","forecast","0.686602607270906"
"exdqlm_multivar_synth_keep","draw_042",646,"2021-11-14","forecast","0.634977046750013"
"exdqlm_multivar_synth_keep","draw_042",646,"2021-11-15","forecast","0.611767785640109"
"exdqlm_multivar_synth_keep","draw_042",646,"2021-11-16","forecast","0.602985785957973"
"exdqlm_multivar_synth_keep","draw_042",646,"2021-11-17","forecast","0.582548696778577"
"exdqlm_multivar_synth_keep","draw_042",646,"2021-11-18","forecast","0.564220040173812"
"exdqlm_multivar_synth_keep","draw_042",646,"2021-11-19","forecast","0.546692894970043"
"exdqlm_multivar_synth_keep","draw_042",646,"2021-11-20","forecast","0.548539571667684"
"exdqlm_multivar_synth_keep","draw_042",646,"2021-11-21","forecast","0.506978314754229"
"exdqlm_multivar_synth_keep","draw_042",646,"2021-11-22","forecast","0.499277700160232"
"exdqlm_multivar_synth_keep","draw_042",646,"2021-11-23","forecast","0.477426083098218"
"exdqlm_multivar_synth_keep","draw_042",646,"2021-11-24","forecast","0.489957155820474"
"exdqlm_multivar_synth_keep","draw_042",646,"2021-11-25","forecast","0.451279360264304"
"exdqlm_multivar_synth_keep","draw_042",646,"2021-11-26","forecast","0.431333665832325"
"exdqlm_multivar_synth_keep","draw_042",646,"2021-11-27","forecast","0.432574211933097"
"exdqlm_multivar_synth_keep","draw_042",646,"2021-11-28","forecast","0.437088454077826"
"exdqlm_multivar_synth_keep","draw_042",646,"2021-11-29","forecast","0.406660907274298"
"exdqlm_multivar_synth_keep","draw_042",646,"2021-11-30","forecast","0.392949277835163"
"exdqlm_multivar_synth_keep","draw_042",646,"2021-12-01","forecast","0.387018837535913"
"exdqlm_multivar_synth_keep","draw_042",646,"2021-12-02","forecast","0.388238741707978"
"exdqlm_multivar_synth_keep","draw_042",646,"2021-12-03","forecast","0.391431325059535"
"exdqlm_multivar_synth_keep","draw_042",646,"2021-12-04","forecast","0.382684699563189"
"exdqlm_multivar_synth_keep","draw_042",646,"2021-12-05","forecast","0.359830532356619"
"exdqlm_multivar_synth_keep","draw_042",646,"2021-12-06","forecast","0.347549421143147"
"exdqlm_multivar_synth_keep","draw_042",646,"2021-12-07","forecast","0.333314986939263"
"exdqlm_multivar_synth_keep","draw_042",646,"2021-12-08","forecast","0.333718876979999"
"exdqlm_multivar_synth_keep","draw_042",646,"2021-12-09","forecast","0.308142155091916"
"exdqlm_multivar_synth_keep","draw_042",646,"2021-12-10","forecast","0.372329311324511"
"exdqlm_multivar_synth_keep","draw_043",662,"2021-11-13","forecast","0.694070432560617"
"exdqlm_multivar_synth_keep","draw_043",662,"2021-11-14","forecast","0.639639750166360"
"exdqlm_multivar_synth_keep","draw_043",662,"2021-11-15","forecast","0.618637830428974"
"exdqlm_multivar_synth_keep","draw_043",662,"2021-11-16","forecast","0.608393942533962"
"exdqlm_multivar_synth_keep","draw_043",662,"2021-11-17","forecast","0.591019378410218"
"exdqlm_multivar_synth_keep","draw_043",662,"2021-11-18","forecast","0.569911180638830"
"exdqlm_multivar_synth_keep","draw_043",662,"2021-11-19","forecast","0.551586494794193"
"exdqlm_multivar_synth_keep","draw_043",662,"2021-11-20","forecast","0.552025763295064"
"exdqlm_multivar_synth_keep","draw_043",662,"2021-11-21","forecast","0.511783831356554"
"exdqlm_multivar_synth_keep","draw_043",662,"2021-11-22","forecast","0.504515053281440"
"exdqlm_multivar_synth_keep","draw_043",662,"2021-11-23","forecast","0.483913999434738"
"exdqlm_multivar_synth_keep","draw_043",662,"2021-11-24","forecast","0.495480226548113"
"exdqlm_multivar_synth_keep","draw_043",662,"2021-11-25","forecast","0.457503778989555"
"exdqlm_multivar_synth_keep","draw_043",662,"2021-11-26","forecast","0.436945264246423"
"exdqlm_multivar_synth_keep","draw_043",662,"2021-11-27","forecast","0.437502084259054"
"exdqlm_multivar_synth_keep","draw_043",662,"2021-11-28","forecast","0.446160361359634"
"exdqlm_multivar_synth_keep","draw_043",662,"2021-11-29","forecast","0.411736075359707"
"exdqlm_multivar_synth_keep","draw_043",662,"2021-11-30","forecast","0.400842062344040"
"exdqlm_multivar_synth_keep","draw_043",662,"2021-12-01","forecast","0.394221311219721"
"exdqlm_multivar_synth_keep","draw_043",662,"2021-12-02","forecast","0.393019876297426"
"exdqlm_multivar_synth_keep","draw_043",662,"2021-12-03","forecast","0.396247056258954"
"exdqlm_multivar_synth_keep","draw_043",662,"2021-12-04","forecast","0.388888734571917"
"exdqlm_multivar_synth_keep","draw_043",662,"2021-12-05","forecast","0.364215636612199"
"exdqlm_multivar_synth_keep","draw_043",662,"2021-12-06","forecast","0.355546226609847"
"exdqlm_multivar_synth_keep","draw_043",662,"2021-12-07","forecast","0.339888491009337"
"exdqlm_multivar_synth_keep","draw_043",662,"2021-12-08","forecast","0.340340089221945"
"exdqlm_multivar_synth_keep","draw_043",662,"2021-12-09","forecast","0.315575087969268"
"exdqlm_multivar_synth_keep","draw_043",662,"2021-12-10","forecast","0.375638191836155"
"exdqlm_multivar_synth_keep","draw_044",678,"2021-11-13","forecast","0.702164510803546"
"exdqlm_multivar_synth_keep","draw_044",678,"2021-11-14","forecast","0.646661318981357"
"exdqlm_multivar_synth_keep","draw_044",678,"2021-11-15","forecast","0.623640083928113"
"exdqlm_multivar_synth_keep","draw_044",678,"2021-11-16","forecast","0.613996665129467"
"exdqlm_multivar_synth_keep","draw_044",678,"2021-11-17","forecast","0.593822271101904"
"exdqlm_multivar_synth_keep","draw_044",678,"2021-11-18","forecast","0.574867670358623"
"exdqlm_multivar_synth_keep","draw_044",678,"2021-11-19","forecast","0.555958465859942"
"exdqlm_multivar_synth_keep","draw_044",678,"2021-11-20","forecast","0.554890620749982"
"exdqlm_multivar_synth_keep","draw_044",678,"2021-11-21","forecast","0.517547481264306"
"exdqlm_multivar_synth_keep","draw_044",678,"2021-11-22","forecast","0.507936930327170"
"exdqlm_multivar_synth_keep","draw_044",678,"2021-11-23","forecast","0.489830159423965"
"exdqlm_multivar_synth_keep","draw_044",678,"2021-11-24","forecast","0.499500403474280"
"exdqlm_multivar_synth_keep","draw_044",678,"2021-11-25","forecast","0.463860841120898"
"exdqlm_multivar_synth_keep","draw_044",678,"2021-11-26","forecast","0.442207720836457"
"exdqlm_multivar_synth_keep","draw_044",678,"2021-11-27","forecast","0.442375494256049"
"exdqlm_multivar_synth_keep","draw_044",678,"2021-11-28","forecast","0.452002623320131"
"exdqlm_multivar_synth_keep","draw_044",678,"2021-11-29","forecast","0.416643889354542"
"exdqlm_multivar_synth_keep","draw_044",678,"2021-11-30","forecast","0.404424195395099"
"exdqlm_multivar_synth_keep","draw_044",678,"2021-12-01","forecast","0.398820427186492"
"exdqlm_multivar_synth_keep","draw_044",678,"2021-12-02","forecast","0.401533548223216"
"exdqlm_multivar_synth_keep","draw_044",678,"2021-12-03","forecast","0.400639122804853"
"exdqlm_multivar_synth_keep","draw_044",678,"2021-12-04","forecast","0.393865072285464"
"exdqlm_multivar_synth_keep","draw_044",678,"2021-12-05","forecast","0.373601366396245"
"exdqlm_multivar_synth_keep","draw_044",678,"2021-12-06","forecast","0.361347161182380"
"exdqlm_multivar_synth_keep","draw_044",678,"2021-12-07","forecast","0.347124419389447"
"exdqlm_multivar_synth_keep","draw_044",678,"2021-12-08","forecast","0.347936459440663"
"exdqlm_multivar_synth_keep","draw_044",678,"2021-12-09","forecast","0.322456447043729"
"exdqlm_multivar_synth_keep","draw_044",678,"2021-12-10","forecast","0.384281935275912"
"exdqlm_multivar_synth_keep","draw_045",694,"2021-11-13","forecast","0.706793761018776"
"exdqlm_multivar_synth_keep","draw_045",694,"2021-11-14","forecast","0.652566092784167"
"exdqlm_multivar_synth_keep","draw_045",694,"2021-11-15","forecast","0.629241946835772"
"exdqlm_multivar_synth_keep","draw_045",694,"2021-11-16","forecast","0.617720345600526"
"exdqlm_multivar_synth_keep","draw_045",694,"2021-11-17","forecast","0.599546948762329"
"exdqlm_multivar_synth_keep","draw_045",694,"2021-11-18","forecast","0.580133613972555"
"exdqlm_multivar_synth_keep","draw_045",694,"2021-11-19","forecast","0.562942971904568"
"exdqlm_multivar_synth_keep","draw_045",694,"2021-11-20","forecast","0.556941870999943"
"exdqlm_multivar_synth_keep","draw_045",694,"2021-11-21","forecast","0.525351254094946"
"exdqlm_multivar_synth_keep","draw_045",694,"2021-11-22","forecast","0.510724437267395"
"exdqlm_multivar_synth_keep","draw_045",694,"2021-11-23","forecast","0.494713422491357"
"exdqlm_multivar_synth_keep","draw_045",694,"2021-11-24","forecast","0.503127074202793"
"exdqlm_multivar_synth_keep","draw_045",694,"2021-11-25","forecast","0.469378179374773"
"exdqlm_multivar_synth_keep","draw_045",694,"2021-11-26","forecast","0.448577226740283"
"exdqlm_multivar_synth_keep","draw_045",694,"2021-11-27","forecast","0.446197485384424"
"exdqlm_multivar_synth_keep","draw_045",694,"2021-11-28","forecast","0.457252489753847"
"exdqlm_multivar_synth_keep","draw_045",694,"2021-11-29","forecast","0.422472758974533"
"exdqlm_multivar_synth_keep","draw_045",694,"2021-11-30","forecast","0.408538416093153"
"exdqlm_multivar_synth_keep","draw_045",694,"2021-12-01","forecast","0.405290686226905"
"exdqlm_multivar_synth_keep","draw_045",694,"2021-12-02","forecast","0.405408017441179"
"exdqlm_multivar_synth_keep","draw_045",694,"2021-12-03","forecast","0.402401929034245"
"exdqlm_multivar_synth_keep","draw_045",694,"2021-12-04","forecast","0.398738561851624"
"exdqlm_multivar_synth_keep","draw_045",694,"2021-12-05","forecast","0.379278801286793"
"exdqlm_multivar_synth_keep","draw_045",694,"2021-12-06","forecast","0.365773534598448"
"exdqlm_multivar_synth_keep","draw_045",694,"2021-12-07","forecast","0.355655576340067"
"exdqlm_multivar_synth_keep","draw_045",694,"2021-12-08","forecast","0.354555761327662"
"exdqlm_multivar_synth_keep","draw_045",694,"2021-12-09","forecast","0.333943395469573"
"exdqlm_multivar_synth_keep","draw_045",694,"2021-12-10","forecast","0.391455866144640"
"exdqlm_multivar_synth_keep","draw_046",709,"2021-11-13","forecast","0.709568972085486"
"exdqlm_multivar_synth_keep","draw_046",709,"2021-11-14","forecast","0.658292432783171"
"exdqlm_multivar_synth_keep","draw_046",709,"2021-11-15","forecast","0.632755074249614"
"exdqlm_multivar_synth_keep","draw_046",709,"2021-11-16","forecast","0.622539376904485"
"exdqlm_multivar_synth_keep","draw_046",709,"2021-11-17","forecast","0.603301110961752"
"exdqlm_multivar_synth_keep","draw_046",709,"2021-11-18","forecast","0.584322724697424"
"exdqlm_multivar_synth_keep","draw_046",709,"2021-11-19","forecast","0.567702611434729"
"exdqlm_multivar_synth_keep","draw_046",709,"2021-11-20","forecast","0.558200396637095"
"exdqlm_multivar_synth_keep","draw_046",709,"2021-11-21","forecast","0.528186035594837"
"exdqlm_multivar_synth_keep","draw_046",709,"2021-11-22","forecast","0.512456293009707"
"exdqlm_multivar_synth_keep","draw_046",709,"2021-11-23","forecast","0.497596930171560"
"exdqlm_multivar_synth_keep","draw_046",709,"2021-11-24","forecast","0.505660601705642"
"exdqlm_multivar_synth_keep","draw_046",709,"2021-11-25","forecast","0.473168350962201"
"exdqlm_multivar_synth_keep","draw_046",709,"2021-11-26","forecast","0.453152409684713"
"exdqlm_multivar_synth_keep","draw_046",709,"2021-11-27","forecast","0.450535065478471"
"exdqlm_multivar_synth_keep","draw_046",709,"2021-11-28","forecast","0.459548778258340"
"exdqlm_multivar_synth_keep","draw_046",709,"2021-11-29","forecast","0.425900777959995"
"exdqlm_multivar_synth_keep","draw_046",709,"2021-11-30","forecast","0.413570693508313"
"exdqlm_multivar_synth_keep","draw_046",709,"2021-12-01","forecast","0.408160693784498"
"exdqlm_multivar_synth_keep","draw_046",709,"2021-12-02","forecast","0.407553084915818"
"exdqlm_multivar_synth_keep","draw_046",709,"2021-12-03","forecast","0.404009879230106"
"exdqlm_multivar_synth_keep","draw_046",709,"2021-12-04","forecast","0.403288356142282"
"exdqlm_multivar_synth_keep","draw_046",709,"2021-12-05","forecast","0.387355435238549"
"exdqlm_multivar_synth_keep","draw_046",709,"2021-12-06","forecast","0.371709901242941"
"exdqlm_multivar_synth_keep","draw_046",709,"2021-12-07","forecast","0.363879347595095"
"exdqlm_multivar_synth_keep","draw_046",709,"2021-12-08","forecast","0.358158445826279"
"exdqlm_multivar_synth_keep","draw_046",709,"2021-12-09","forecast","0.341389605107716"
"exdqlm_multivar_synth_keep","draw_046",709,"2021-12-10","forecast","0.400820914578014"
"exdqlm_multivar_synth_keep","draw_047",725,"2021-11-13","forecast","0.713780053611420"
"exdqlm_multivar_synth_keep","draw_047",725,"2021-11-14","forecast","0.662210329858355"
"exdqlm_multivar_synth_keep","draw_047",725,"2021-11-15","forecast","0.636102368081662"
"exdqlm_multivar_synth_keep","draw_047",725,"2021-11-16","forecast","0.626319512519966"
"exdqlm_multivar_synth_keep","draw_047",725,"2021-11-17","forecast","0.605621816565168"
"exdqlm_multivar_synth_keep","draw_047",725,"2021-11-18","forecast","0.587219445472326"
"exdqlm_multivar_synth_keep","draw_047",725,"2021-11-19","forecast","0.570358586660196"
"exdqlm_multivar_synth_keep","draw_047",725,"2021-11-20","forecast","0.560678834893755"
"exdqlm_multivar_synth_keep","draw_047",725,"2021-11-21","forecast","0.532256090647963"
"exdqlm_multivar_synth_keep","draw_047",725,"2021-11-22","forecast","0.514649490545848"
"exdqlm_multivar_synth_keep","draw_047",725,"2021-11-23","forecast","0.500304251693296"
"exdqlm_multivar_synth_keep","draw_047",725,"2021-11-24","forecast","0.507304197372502"
"exdqlm_multivar_synth_keep","draw_047",725,"2021-11-25","forecast","0.479890343305640"
"exdqlm_multivar_synth_keep","draw_047",725,"2021-11-26","forecast","0.457239687587558"
"exdqlm_multivar_synth_keep","draw_047",725,"2021-11-27","forecast","0.457383861494090"
"exdqlm_multivar_synth_keep","draw_047",725,"2021-11-28","forecast","0.463278966945326"
"exdqlm_multivar_synth_keep","draw_047",725,"2021-11-29","forecast","0.430072945454712"
"exdqlm_multivar_synth_keep","draw_047",725,"2021-11-30","forecast","0.419145705098205"
"exdqlm_multivar_synth_keep","draw_047",725,"2021-12-01","forecast","0.410282164749051"
"exdqlm_multivar_synth_keep","draw_047",725,"2021-12-02","forecast","0.410558644600868"
"exdqlm_multivar_synth_keep","draw_047",725,"2021-12-03","forecast","0.407325557225761"
"exdqlm_multivar_synth_keep","draw_047",725,"2021-12-04","forecast","0.406889804584569"
"exdqlm_multivar_synth_keep","draw_047",725,"2021-12-05","forecast","0.395301618157838"
"exdqlm_multivar_synth_keep","draw_047",725,"2021-12-06","forecast","0.379838218369728"
"exdqlm_multivar_synth_keep","draw_047",725,"2021-12-07","forecast","0.368144162051559"
"exdqlm_multivar_synth_keep","draw_047",725,"2021-12-08","forecast","0.359762169080732"
"exdqlm_multivar_synth_keep","draw_047",725,"2021-12-09","forecast","0.347720082261546"
"exdqlm_multivar_synth_keep","draw_047",725,"2021-12-10","forecast","0.404927286802434"
"exdqlm_multivar_synth_keep","draw_048",741,"2021-11-13","forecast","0.715456845231296"
"exdqlm_multivar_synth_keep","draw_048",741,"2021-11-14","forecast","0.664191970782337"
"exdqlm_multivar_synth_keep","draw_048",741,"2021-11-15","forecast","0.639495873980598"
"exdqlm_multivar_synth_keep","draw_048",741,"2021-11-16","forecast","0.630460591493783"
"exdqlm_multivar_synth_keep","draw_048",741,"2021-11-17","forecast","0.607550845073289"
"exdqlm_multivar_synth_keep","draw_048",741,"2021-11-18","forecast","0.589690887540659"
"exdqlm_multivar_synth_keep","draw_048",741,"2021-11-19","forecast","0.573314694040923"
"exdqlm_multivar_synth_keep","draw_048",741,"2021-11-20","forecast","0.563276737542493"
"exdqlm_multivar_synth_keep","draw_048",741,"2021-11-21","forecast","0.534429884681753"
"exdqlm_multivar_synth_keep","draw_048",741,"2021-11-22","forecast","0.518428625068527"
"exdqlm_multivar_synth_keep","draw_048",741,"2021-11-23","forecast","0.502888943708589"
"exdqlm_multivar_synth_keep","draw_048",741,"2021-11-24","forecast","0.509727674773695"
"exdqlm_multivar_synth_keep","draw_048",741,"2021-11-25","forecast","0.484512815181481"
"exdqlm_multivar_synth_keep","draw_048",741,"2021-11-26","forecast","0.459553256108884"
"exdqlm_multivar_synth_keep","draw_048",741,"2021-11-27","forecast","0.462880635020577"
"exdqlm_multivar_synth_keep","draw_048",741,"2021-11-28","forecast","0.465889724584139"
"exdqlm_multivar_synth_keep","draw_048",741,"2021-11-29","forecast","0.431977864413593"
"exdqlm_multivar_synth_keep","draw_048",741,"2021-11-30","forecast","0.423094253994288"
"exdqlm_multivar_synth_keep","draw_048",741,"2021-12-01","forecast","0.413664103409289"
"exdqlm_multivar_synth_keep","draw_048",741,"2021-12-02","forecast","0.413161398821701"
"exdqlm_multivar_synth_keep","draw_048",741,"2021-12-03","forecast","0.410193448415572"
"exdqlm_multivar_synth_keep","draw_048",741,"2021-12-04","forecast","0.411124348381607"
"exdqlm_multivar_synth_keep","draw_048",741,"2021-12-05","forecast","0.397782682622112"
"exdqlm_multivar_synth_keep","draw_048",741,"2021-12-06","forecast","0.386712814934005"
"exdqlm_multivar_synth_keep","draw_048",741,"2021-12-07","forecast","0.372808337245885"
"exdqlm_multivar_synth_keep","draw_048",741,"2021-12-08","forecast","0.361980109621912"
"exdqlm_multivar_synth_keep","draw_048",741,"2021-12-09","forecast","0.351057895193227"
"exdqlm_multivar_synth_keep","draw_048",741,"2021-12-10","forecast","0.407461075231616"
"exdqlm_multivar_synth_keep","draw_049",757,"2021-11-13","forecast","0.719106075188686"
"exdqlm_multivar_synth_keep","draw_049",757,"2021-11-14","forecast","0.668359219504094"
"exdqlm_multivar_synth_keep","draw_049",757,"2021-11-15","forecast","0.642728221948182"
"exdqlm_multivar_synth_keep","draw_049",757,"2021-11-16","forecast","0.633535996052539"
"exdqlm_multivar_synth_keep","draw_049",757,"2021-11-17","forecast","0.610719078288833"
"exdqlm_multivar_synth_keep","draw_049",757,"2021-11-18","forecast","0.593353272816399"
"exdqlm_multivar_synth_keep","draw_049",757,"2021-11-19","forecast","0.577339863315115"
"exdqlm_multivar_synth_keep","draw_049",757,"2021-11-20","forecast","0.565953347901725"
"exdqlm_multivar_synth_keep","draw_049",757,"2021-11-21","forecast","0.536545806389089"
"exdqlm_multivar_synth_keep","draw_049",757,"2021-11-22","forecast","0.521491721129319"
"exdqlm_multivar_synth_keep","draw_049",757,"2021-11-23","forecast","0.506425681072708"
"exdqlm_multivar_synth_keep","draw_049",757,"2021-11-24","forecast","0.513606682221048"
"exdqlm_multivar_synth_keep","draw_049",757,"2021-11-25","forecast","0.487431224071764"
"exdqlm_multivar_synth_keep","draw_049",757,"2021-11-26","forecast","0.464091232738641"
"exdqlm_multivar_synth_keep","draw_049",757,"2021-11-27","forecast","0.464090763453489"
"exdqlm_multivar_synth_keep","draw_049",757,"2021-11-28","forecast","0.467999933245232"
"exdqlm_multivar_synth_keep","draw_049",757,"2021-11-29","forecast","0.434495064881185"
"exdqlm_multivar_synth_keep","draw_049",757,"2021-11-30","forecast","0.426903641098844"
"exdqlm_multivar_synth_keep","draw_049",757,"2021-12-01","forecast","0.417353929461253"
"exdqlm_multivar_synth_keep","draw_049",757,"2021-12-02","forecast","0.416552361572925"
"exdqlm_multivar_synth_keep","draw_049",757,"2021-12-03","forecast","0.412569938296130"
"exdqlm_multivar_synth_keep","draw_049",757,"2021-12-04","forecast","0.412776447866068"
"exdqlm_multivar_synth_keep","draw_049",757,"2021-12-05","forecast","0.400672324442570"
"exdqlm_multivar_synth_keep","draw_049",757,"2021-12-06","forecast","0.387774358449825"
"exdqlm_multivar_synth_keep","draw_049",757,"2021-12-07","forecast","0.376508678953331"
"exdqlm_multivar_synth_keep","draw_049",757,"2021-12-08","forecast","0.364336584501546"
"exdqlm_multivar_synth_keep","draw_049",757,"2021-12-09","forecast","0.354879675448950"
"exdqlm_multivar_synth_keep","draw_049",757,"2021-12-10","forecast","0.410800101658374"
"exdqlm_multivar_synth_keep","draw_050",772,"2021-11-13","forecast","0.721748470959803"
"exdqlm_multivar_synth_keep","draw_050",772,"2021-11-14","forecast","0.672103694427364"
"exdqlm_multivar_synth_keep","draw_050",772,"2021-11-15","forecast","0.645852690494380"
"exdqlm_multivar_synth_keep","draw_050",772,"2021-11-16","forecast","0.636250746502703"
"exdqlm_multivar_synth_keep","draw_050",772,"2021-11-17","forecast","0.612955266976809"
"exdqlm_multivar_synth_keep","draw_050",772,"2021-11-18","forecast","0.596805822894421"
"exdqlm_multivar_synth_keep","draw_050",772,"2021-11-19","forecast","0.579814782363531"
"exdqlm_multivar_synth_keep","draw_050",772,"2021-11-20","forecast","0.568647997485037"
"exdqlm_multivar_synth_keep","draw_050",772,"2021-11-21","forecast","0.540284021927963"
"exdqlm_multivar_synth_keep","draw_050",772,"2021-11-22","forecast","0.524868052986829"
"exdqlm_multivar_synth_keep","draw_050",772,"2021-11-23","forecast","0.510143885815125"
"exdqlm_multivar_synth_keep","draw_050",772,"2021-11-24","forecast","0.515745421832167"
"exdqlm_multivar_synth_keep","draw_050",772,"2021-11-25","forecast","0.489803608713376"
"exdqlm_multivar_synth_keep","draw_050",772,"2021-11-26","forecast","0.467895841561795"
"exdqlm_multivar_synth_keep","draw_050",772,"2021-11-27","forecast","0.466943522293720"
"exdqlm_multivar_synth_keep","draw_050",772,"2021-11-28","forecast","0.472383204385397"
"exdqlm_multivar_synth_keep","draw_050",772,"2021-11-29","forecast","0.436610776053954"
"exdqlm_multivar_synth_keep","draw_050",772,"2021-11-30","forecast","0.430470973892727"
"exdqlm_multivar_synth_keep","draw_050",772,"2021-12-01","forecast","0.421033002613603"
"exdqlm_multivar_synth_keep","draw_050",772,"2021-12-02","forecast","0.420650080014419"
"exdqlm_multivar_synth_keep","draw_050",772,"2021-12-03","forecast","0.414879697185243"
"exdqlm_multivar_synth_keep","draw_050",772,"2021-12-04","forecast","0.414697538805429"
"exdqlm_multivar_synth_keep","draw_050",772,"2021-12-05","forecast","0.404371510468973"
"exdqlm_multivar_synth_keep","draw_050",772,"2021-12-06","forecast","0.389067262914948"
"exdqlm_multivar_synth_keep","draw_050",772,"2021-12-07","forecast","0.380521297131057"
"exdqlm_multivar_synth_keep","draw_050",772,"2021-12-08","forecast","0.367811130259639"
"exdqlm_multivar_synth_keep","draw_050",772,"2021-12-09","forecast","0.358489822663553"
"exdqlm_multivar_synth_keep","draw_050",772,"2021-12-10","forecast","0.413632843220240"
"exdqlm_multivar_synth_keep","draw_051",788,"2021-11-13","forecast","0.724273492602579"
"exdqlm_multivar_synth_keep","draw_051",788,"2021-11-14","forecast","0.674907311671641"
"exdqlm_multivar_synth_keep","draw_051",788,"2021-11-15","forecast","0.648566806095484"
"exdqlm_multivar_synth_keep","draw_051",788,"2021-11-16","forecast","0.639328085122209"
"exdqlm_multivar_synth_keep","draw_051",788,"2021-11-17","forecast","0.615489810359623"
"exdqlm_multivar_synth_keep","draw_051",788,"2021-11-18","forecast","0.599841446136144"
"exdqlm_multivar_synth_keep","draw_051",788,"2021-11-19","forecast","0.583112946582793"
"exdqlm_multivar_synth_keep","draw_051",788,"2021-11-20","forecast","0.570864711375727"
"exdqlm_multivar_synth_keep","draw_051",788,"2021-11-21","forecast","0.542119603861019"
"exdqlm_multivar_synth_keep","draw_051",788,"2021-11-22","forecast","0.527268254744911"
"exdqlm_multivar_synth_keep","draw_051",788,"2021-11-23","forecast","0.512938892408221"
"exdqlm_multivar_synth_keep","draw_051",788,"2021-11-24","forecast","0.518319979763343"
"exdqlm_multivar_synth_keep","draw_051",788,"2021-11-25","forecast","0.492694706562345"
"exdqlm_multivar_synth_keep","draw_051",788,"2021-11-26","forecast","0.471723607610759"
"exdqlm_multivar_synth_keep","draw_051",788,"2021-11-27","forecast","0.468948121023017"
"exdqlm_multivar_synth_keep","draw_051",788,"2021-11-28","forecast","0.475441433935422"
"exdqlm_multivar_synth_keep","draw_051",788,"2021-11-29","forecast","0.442771985278876"
"exdqlm_multivar_synth_keep","draw_051",788,"2021-11-30","forecast","0.434741817968895"
"exdqlm_multivar_synth_keep","draw_051",788,"2021-12-01","forecast","0.422779845498694"
"exdqlm_multivar_synth_keep","draw_051",788,"2021-12-02","forecast","0.423576922405147"
"exdqlm_multivar_synth_keep","draw_051",788,"2021-12-03","forecast","0.417292133097870"
"exdqlm_multivar_synth_keep","draw_051",788,"2021-12-04","forecast","0.418667831443957"
"exdqlm_multivar_synth_keep","draw_051",788,"2021-12-05","forecast","0.407478009780378"
"exdqlm_multivar_synth_keep","draw_051",788,"2021-12-06","forecast","0.392019802899699"
"exdqlm_multivar_synth_keep","draw_051",788,"2021-12-07","forecast","0.384804498614440"
"exdqlm_multivar_synth_keep","draw_051",788,"2021-12-08","forecast","0.370285635468742"
"exdqlm_multivar_synth_keep","draw_051",788,"2021-12-09","forecast","0.361754235806569"
"exdqlm_multivar_synth_keep","draw_051",788,"2021-12-10","forecast","0.417701269288212"
"exdqlm_multivar_synth_keep","draw_052",804,"2021-11-13","forecast","0.726874049141391"
"exdqlm_multivar_synth_keep","draw_052",804,"2021-11-14","forecast","0.677603330097396"
"exdqlm_multivar_synth_keep","draw_052",804,"2021-11-15","forecast","0.651868179763500"
"exdqlm_multivar_synth_keep","draw_052",804,"2021-11-16","forecast","0.642565318594798"
"exdqlm_multivar_synth_keep","draw_052",804,"2021-11-17","forecast","0.617812077006950"
"exdqlm_multivar_synth_keep","draw_052",804,"2021-11-18","forecast","0.601981791522342"
"exdqlm_multivar_synth_keep","draw_052",804,"2021-11-19","forecast","0.585886483361285"
"exdqlm_multivar_synth_keep","draw_052",804,"2021-11-20","forecast","0.572983251300167"
"exdqlm_multivar_synth_keep","draw_052",804,"2021-11-21","forecast","0.544639309537331"
"exdqlm_multivar_synth_keep","draw_052",804,"2021-11-22","forecast","0.530520626248615"
"exdqlm_multivar_synth_keep","draw_052",804,"2021-11-23","forecast","0.516475264826320"
"exdqlm_multivar_synth_keep","draw_052",804,"2021-11-24","forecast","0.521253212220275"
"exdqlm_multivar_synth_keep","draw_052",804,"2021-11-25","forecast","0.496300808689430"
"exdqlm_multivar_synth_keep","draw_052",804,"2021-11-26","forecast","0.474128630148703"
"exdqlm_multivar_synth_keep","draw_052",804,"2021-11-27","forecast","0.470768915024184"
"exdqlm_multivar_synth_keep","draw_052",804,"2021-11-28","forecast","0.477253703648335"
"exdqlm_multivar_synth_keep","draw_052",804,"2021-11-29","forecast","0.445437137198014"
"exdqlm_multivar_synth_keep","draw_052",804,"2021-11-30","forecast","0.437506642800386"
"exdqlm_multivar_synth_keep","draw_052",804,"2021-12-01","forecast","0.425978970839053"
"exdqlm_multivar_synth_keep","draw_052",804,"2021-12-02","forecast","0.426827004723588"
"exdqlm_multivar_synth_keep","draw_052",804,"2021-12-03","forecast","0.419394365591152"
"exdqlm_multivar_synth_keep","draw_052",804,"2021-12-04","forecast","0.421587907719659"
"exdqlm_multivar_synth_keep","draw_052",804,"2021-12-05","forecast","0.410534012829420"
"exdqlm_multivar_synth_keep","draw_052",804,"2021-12-06","forecast","0.395263374832062"
"exdqlm_multivar_synth_keep","draw_052",804,"2021-12-07","forecast","0.387906809640843"
"exdqlm_multivar_synth_keep","draw_052",804,"2021-12-08","forecast","0.373537233480870"
"exdqlm_multivar_synth_keep","draw_052",804,"2021-12-09","forecast","0.363967495627947"
"exdqlm_multivar_synth_keep","draw_052",804,"2021-12-10","forecast","0.422469131582375"
"exdqlm_multivar_synth_keep","draw_053",819,"2021-11-13","forecast","0.729105160968503"
"exdqlm_multivar_synth_keep","draw_053",819,"2021-11-14","forecast","0.681665511526910"
"exdqlm_multivar_synth_keep","draw_053",819,"2021-11-15","forecast","0.654674597708221"
"exdqlm_multivar_synth_keep","draw_053",819,"2021-11-16","forecast","0.644602118064087"
"exdqlm_multivar_synth_keep","draw_053",819,"2021-11-17","forecast","0.619228288175795"
"exdqlm_multivar_synth_keep","draw_053",819,"2021-11-18","forecast","0.605098383100763"
"exdqlm_multivar_synth_keep","draw_053",819,"2021-11-19","forecast","0.587813753982807"
"exdqlm_multivar_synth_keep","draw_053",819,"2021-11-20","forecast","0.575304951227778"
"exdqlm_multivar_synth_keep","draw_053",819,"2021-11-21","forecast","0.547834814078031"
"exdqlm_multivar_synth_keep","draw_053",819,"2021-11-22","forecast","0.533013225831119"
"exdqlm_multivar_synth_keep","draw_053",819,"2021-11-23","forecast","0.518691162905800"
"exdqlm_multivar_synth_keep","draw_053",819,"2021-11-24","forecast","0.524594977180785"
"exdqlm_multivar_synth_keep","draw_053",819,"2021-11-25","forecast","0.499322118881962"
"exdqlm_multivar_synth_keep","draw_053",819,"2021-11-26","forecast","0.477450497268467"
"exdqlm_multivar_synth_keep","draw_053",819,"2021-11-27","forecast","0.472751649212919"
"exdqlm_multivar_synth_keep","draw_053",819,"2021-11-28","forecast","0.479155079523448"
"exdqlm_multivar_synth_keep","draw_053",819,"2021-11-29","forecast","0.449258978456030"
"exdqlm_multivar_synth_keep","draw_053",819,"2021-11-30","forecast","0.441086194287254"
"exdqlm_multivar_synth_keep","draw_053",819,"2021-12-01","forecast","0.428904188797435"
"exdqlm_multivar_synth_keep","draw_053",819,"2021-12-02","forecast","0.429375539084621"
"exdqlm_multivar_synth_keep","draw_053",819,"2021-12-03","forecast","0.421501228997079"
"exdqlm_multivar_synth_keep","draw_053",819,"2021-12-04","forecast","0.425175613794549"
"exdqlm_multivar_synth_keep","draw_053",819,"2021-12-05","forecast","0.413401371388509"
"exdqlm_multivar_synth_keep","draw_053",819,"2021-12-06","forecast","0.398019206920878"
"exdqlm_multivar_synth_keep","draw_053",819,"2021-12-07","forecast","0.389750031232064"
"exdqlm_multivar_synth_keep","draw_053",819,"2021-12-08","forecast","0.377227336369654"
"exdqlm_multivar_synth_keep","draw_053",819,"2021-12-09","forecast","0.367090785009200"
"exdqlm_multivar_synth_keep","draw_053",819,"2021-12-10","forecast","0.426654714380767"
"exdqlm_multivar_synth_keep","draw_054",835,"2021-11-13","forecast","0.733706979892715"
"exdqlm_multivar_synth_keep","draw_054",835,"2021-11-14","forecast","0.684441504178646"
"exdqlm_multivar_synth_keep","draw_054",835,"2021-11-15","forecast","0.658774902987843"
"exdqlm_multivar_synth_keep","draw_054",835,"2021-11-16","forecast","0.647768596420447"
"exdqlm_multivar_synth_keep","draw_054",835,"2021-11-17","forecast","0.622850680474245"
"exdqlm_multivar_synth_keep","draw_054",835,"2021-11-18","forecast","0.610206132074550"
"exdqlm_multivar_synth_keep","draw_054",835,"2021-11-19","forecast","0.592493288812840"
"exdqlm_multivar_synth_keep","draw_054",835,"2021-11-20","forecast","0.578017078509707"
"exdqlm_multivar_synth_keep","draw_054",835,"2021-11-21","forecast","0.549273411928051"
"exdqlm_multivar_synth_keep","draw_054",835,"2021-11-22","forecast","0.535215619746124"
"exdqlm_multivar_synth_keep","draw_054",835,"2021-11-23","forecast","0.521639766850293"
"exdqlm_multivar_synth_keep","draw_054",835,"2021-11-24","forecast","0.527176879700167"
"exdqlm_multivar_synth_keep","draw_054",835,"2021-11-25","forecast","0.502703032924512"
"exdqlm_multivar_synth_keep","draw_054",835,"2021-11-26","forecast","0.480374052854430"
"exdqlm_multivar_synth_keep","draw_054",835,"2021-11-27","forecast","0.475364561990555"
"exdqlm_multivar_synth_keep","draw_054",835,"2021-11-28","forecast","0.480979025677826"
"exdqlm_multivar_synth_keep","draw_054",835,"2021-11-29","forecast","0.451761029872002"
"exdqlm_multivar_synth_keep","draw_054",835,"2021-11-30","forecast","0.443614422504952"
"exdqlm_multivar_synth_keep","draw_054",835,"2021-12-01","forecast","0.432583138229285"
"exdqlm_multivar_synth_keep","draw_054",835,"2021-12-02","forecast","0.432813708269300"
"exdqlm_multivar_synth_keep","draw_054",835,"2021-12-03","forecast","0.424673075764158"
"exdqlm_multivar_synth_keep","draw_054",835,"2021-12-04","forecast","0.427944714639278"
"exdqlm_multivar_synth_keep","draw_054",835,"2021-12-05","forecast","0.418395859052581"
"exdqlm_multivar_synth_keep","draw_054",835,"2021-12-06","forecast","0.403229646633628"
"exdqlm_multivar_synth_keep","draw_054",835,"2021-12-07","forecast","0.392337965707214"
"exdqlm_multivar_synth_keep","draw_054",835,"2021-12-08","forecast","0.381051321356291"
"exdqlm_multivar_synth_keep","draw_054",835,"2021-12-09","forecast","0.369599518017848"
"exdqlm_multivar_synth_keep","draw_054",835,"2021-12-10","forecast","0.429185072752949"
"exdqlm_multivar_synth_keep","draw_055",851,"2021-11-13","forecast","0.736612417844377"
"exdqlm_multivar_synth_keep","draw_055",851,"2021-11-14","forecast","0.686630940580067"
"exdqlm_multivar_synth_keep","draw_055",851,"2021-11-15","forecast","0.662252643080033"
"exdqlm_multivar_synth_keep","draw_055",851,"2021-11-16","forecast","0.650548950840455"
"exdqlm_multivar_synth_keep","draw_055",851,"2021-11-17","forecast","0.625039922463904"
"exdqlm_multivar_synth_keep","draw_055",851,"2021-11-18","forecast","0.613832948555879"
"exdqlm_multivar_synth_keep","draw_055",851,"2021-11-19","forecast","0.594090388289602"
"exdqlm_multivar_synth_keep","draw_055",851,"2021-11-20","forecast","0.579561981991971"
"exdqlm_multivar_synth_keep","draw_055",851,"2021-11-21","forecast","0.552304940387431"
"exdqlm_multivar_synth_keep","draw_055",851,"2021-11-22","forecast","0.538564425260460"
"exdqlm_multivar_synth_keep","draw_055",851,"2021-11-23","forecast","0.524559620346445"
"exdqlm_multivar_synth_keep","draw_055",851,"2021-11-24","forecast","0.531682363933229"
"exdqlm_multivar_synth_keep","draw_055",851,"2021-11-25","forecast","0.505503224596316"
"exdqlm_multivar_synth_keep","draw_055",851,"2021-11-26","forecast","0.483670706242063"
"exdqlm_multivar_synth_keep","draw_055",851,"2021-11-27","forecast","0.478671970215090"
"exdqlm_multivar_synth_keep","draw_055",851,"2021-11-28","forecast","0.484967562817548"
"exdqlm_multivar_synth_keep","draw_055",851,"2021-11-29","forecast","0.454641495687747"
"exdqlm_multivar_synth_keep","draw_055",851,"2021-11-30","forecast","0.445654640071509"
"exdqlm_multivar_synth_keep","draw_055",851,"2021-12-01","forecast","0.435122255560141"
"exdqlm_multivar_synth_keep","draw_055",851,"2021-12-02","forecast","0.436856058459036"
"exdqlm_multivar_synth_keep","draw_055",851,"2021-12-03","forecast","0.426773750563360"
"exdqlm_multivar_synth_keep","draw_055",851,"2021-12-04","forecast","0.432371281430676"
"exdqlm_multivar_synth_keep","draw_055",851,"2021-12-05","forecast","0.421653137040520"
"exdqlm_multivar_synth_keep","draw_055",851,"2021-12-06","forecast","0.407011358290402"
"exdqlm_multivar_synth_keep","draw_055",851,"2021-12-07","forecast","0.398717876399021"
"exdqlm_multivar_synth_keep","draw_055",851,"2021-12-08","forecast","0.384911357728646"
"exdqlm_multivar_synth_keep","draw_055",851,"2021-12-09","forecast","0.373439110178965"
"exdqlm_multivar_synth_keep","draw_055",851,"2021-12-10","forecast","0.432814080803011"
"exdqlm_multivar_synth_keep","draw_056",867,"2021-11-13","forecast","0.740761289189551"
"exdqlm_multivar_synth_keep","draw_056",867,"2021-11-14","forecast","0.688957583006577"
"exdqlm_multivar_synth_keep","draw_056",867,"2021-11-15","forecast","0.664727605510658"
"exdqlm_multivar_synth_keep","draw_056",867,"2021-11-16","forecast","0.653848518566014"
"exdqlm_multivar_synth_keep","draw_056",867,"2021-11-17","forecast","0.628955669215052"
"exdqlm_multivar_synth_keep","draw_056",867,"2021-11-18","forecast","0.615903469574443"
"exdqlm_multivar_synth_keep","draw_056",867,"2021-11-19","forecast","0.595431842107218"
"exdqlm_multivar_synth_keep","draw_056",867,"2021-11-20","forecast","0.582620574195288"
"exdqlm_multivar_synth_keep","draw_056",867,"2021-11-21","forecast","0.553933551410043"
"exdqlm_multivar_synth_keep","draw_056",867,"2021-11-22","forecast","0.541014158895596"
"exdqlm_multivar_synth_keep","draw_056",867,"2021-11-23","forecast","0.525205795627819"
"exdqlm_multivar_synth_keep","draw_056",867,"2021-11-24","forecast","0.534567006085926"
"exdqlm_multivar_synth_keep","draw_056",867,"2021-11-25","forecast","0.508636484698368"
"exdqlm_multivar_synth_keep","draw_056",867,"2021-11-26","forecast","0.485447677235010"
"exdqlm_multivar_synth_keep","draw_056",867,"2021-11-27","forecast","0.481195011346305"
"exdqlm_multivar_synth_keep","draw_056",867,"2021-11-28","forecast","0.487255739851706"
"exdqlm_multivar_synth_keep","draw_056",867,"2021-11-29","forecast","0.457547371631791"
"exdqlm_multivar_synth_keep","draw_056",867,"2021-11-30","forecast","0.448887446499949"
"exdqlm_multivar_synth_keep","draw_056",867,"2021-12-01","forecast","0.438437676365576"
"exdqlm_multivar_synth_keep","draw_056",867,"2021-12-02","forecast","0.441100658773413"
"exdqlm_multivar_synth_keep","draw_056",867,"2021-12-03","forecast","0.430835664632124"
"exdqlm_multivar_synth_keep","draw_056",867,"2021-12-04","forecast","0.436622694330494"
"exdqlm_multivar_synth_keep","draw_056",867,"2021-12-05","forecast","0.424812046055971"
"exdqlm_multivar_synth_keep","draw_056",867,"2021-12-06","forecast","0.409402905447277"
"exdqlm_multivar_synth_keep","draw_056",867,"2021-12-07","forecast","0.401956437956528"
"exdqlm_multivar_synth_keep","draw_056",867,"2021-12-08","forecast","0.386914876683457"
"exdqlm_multivar_synth_keep","draw_056",867,"2021-12-09","forecast","0.377383253400383"
"exdqlm_multivar_synth_keep","draw_056",867,"2021-12-10","forecast","0.439782609764480"
"exdqlm_multivar_synth_keep","draw_057",882,"2021-11-13","forecast","0.744656178998438"
"exdqlm_multivar_synth_keep","draw_057",882,"2021-11-14","forecast","0.691565206119316"
"exdqlm_multivar_synth_keep","draw_057",882,"2021-11-15","forecast","0.666560257652983"
"exdqlm_multivar_synth_keep","draw_057",882,"2021-11-16","forecast","0.658004666338242"
"exdqlm_multivar_synth_keep","draw_057",882,"2021-11-17","forecast","0.631364030770216"
"exdqlm_multivar_synth_keep","draw_057",882,"2021-11-18","forecast","0.618685886053322"
"exdqlm_multivar_synth_keep","draw_057",882,"2021-11-19","forecast","0.598465273777581"
"exdqlm_multivar_synth_keep","draw_057",882,"2021-11-20","forecast","0.586434811191904"
"exdqlm_multivar_synth_keep","draw_057",882,"2021-11-21","forecast","0.555931896983295"
"exdqlm_multivar_synth_keep","draw_057",882,"2021-11-22","forecast","0.542997668440107"
"exdqlm_multivar_synth_keep","draw_057",882,"2021-11-23","forecast","0.528591244765013"
"exdqlm_multivar_synth_keep","draw_057",882,"2021-11-24","forecast","0.536966593964863"
"exdqlm_multivar_synth_keep","draw_057",882,"2021-11-25","forecast","0.511012328569655"
"exdqlm_multivar_synth_keep","draw_057",882,"2021-11-26","forecast","0.488394468065896"
"exdqlm_multivar_synth_keep","draw_057",882,"2021-11-27","forecast","0.483977574999031"
"exdqlm_multivar_synth_keep","draw_057",882,"2021-11-28","forecast","0.489735920589578"
"exdqlm_multivar_synth_keep","draw_057",882,"2021-11-29","forecast","0.460696196028745"
"exdqlm_multivar_synth_keep","draw_057",882,"2021-11-30","forecast","0.451542823868747"
"exdqlm_multivar_synth_keep","draw_057",882,"2021-12-01","forecast","0.442190772113083"
"exdqlm_multivar_synth_keep","draw_057",882,"2021-12-02","forecast","0.444143707921218"
"exdqlm_multivar_synth_keep","draw_057",882,"2021-12-03","forecast","0.434259092565985"
"exdqlm_multivar_synth_keep","draw_057",882,"2021-12-04","forecast","0.439626929399611"
"exdqlm_multivar_synth_keep","draw_057",882,"2021-12-05","forecast","0.428474008317557"
"exdqlm_multivar_synth_keep","draw_057",882,"2021-12-06","forecast","0.412059824793989"
"exdqlm_multivar_synth_keep","draw_057",882,"2021-12-07","forecast","0.404116658122684"
"exdqlm_multivar_synth_keep","draw_057",882,"2021-12-08","forecast","0.390049972622057"
"exdqlm_multivar_synth_keep","draw_057",882,"2021-12-09","forecast","0.379695886797972"
"exdqlm_multivar_synth_keep","draw_057",882,"2021-12-10","forecast","0.443570466980572"
"exdqlm_multivar_synth_keep","draw_058",898,"2021-11-13","forecast","0.748284671754289"
"exdqlm_multivar_synth_keep","draw_058",898,"2021-11-14","forecast","0.694846370878769"
"exdqlm_multivar_synth_keep","draw_058",898,"2021-11-15","forecast","0.669144409073958"
"exdqlm_multivar_synth_keep","draw_058",898,"2021-11-16","forecast","0.659583176253372"
"exdqlm_multivar_synth_keep","draw_058",898,"2021-11-17","forecast","0.633487015304990"
"exdqlm_multivar_synth_keep","draw_058",898,"2021-11-18","forecast","0.621605136824428"
"exdqlm_multivar_synth_keep","draw_058",898,"2021-11-19","forecast","0.601382623915039"
"exdqlm_multivar_synth_keep","draw_058",898,"2021-11-20","forecast","0.588892770652128"
"exdqlm_multivar_synth_keep","draw_058",898,"2021-11-21","forecast","0.558858595940289"
"exdqlm_multivar_synth_keep","draw_058",898,"2021-11-22","forecast","0.545718608603966"
"exdqlm_multivar_synth_keep","draw_058",898,"2021-11-23","forecast","0.532314713580162"
"exdqlm_multivar_synth_keep","draw_058",898,"2021-11-24","forecast","0.539037896861342"
"exdqlm_multivar_synth_keep","draw_058",898,"2021-11-25","forecast","0.514596453520221"
"exdqlm_multivar_synth_keep","draw_058",898,"2021-11-26","forecast","0.493799482756252"
"exdqlm_multivar_synth_keep","draw_058",898,"2021-11-27","forecast","0.487438126960542"
"exdqlm_multivar_synth_keep","draw_058",898,"2021-11-28","forecast","0.493632458351510"
"exdqlm_multivar_synth_keep","draw_058",898,"2021-11-29","forecast","0.464161253780336"
"exdqlm_multivar_synth_keep","draw_058",898,"2021-11-30","forecast","0.453932110600403"
"exdqlm_multivar_synth_keep","draw_058",898,"2021-12-01","forecast","0.446235102184646"
"exdqlm_multivar_synth_keep","draw_058",898,"2021-12-02","forecast","0.446859492757428"
"exdqlm_multivar_synth_keep","draw_058",898,"2021-12-03","forecast","0.437478508297193"
"exdqlm_multivar_synth_keep","draw_058",898,"2021-12-04","forecast","0.443319776265719"
"exdqlm_multivar_synth_keep","draw_058",898,"2021-12-05","forecast","0.432449849626952"
"exdqlm_multivar_synth_keep","draw_058",898,"2021-12-06","forecast","0.414282975908066"
"exdqlm_multivar_synth_keep","draw_058",898,"2021-12-07","forecast","0.406025647509136"
"exdqlm_multivar_synth_keep","draw_058",898,"2021-12-08","forecast","0.392723902113739"
"exdqlm_multivar_synth_keep","draw_058",898,"2021-12-09","forecast","0.382509584601775"
"exdqlm_multivar_synth_keep","draw_058",898,"2021-12-10","forecast","0.445912926183137"
"exdqlm_multivar_synth_keep","draw_059",914,"2021-11-13","forecast","0.750707918979832"
"exdqlm_multivar_synth_keep","draw_059",914,"2021-11-14","forecast","0.698440806405044"
"exdqlm_multivar_synth_keep","draw_059",914,"2021-11-15","forecast","0.673453796270547"
"exdqlm_multivar_synth_keep","draw_059",914,"2021-11-16","forecast","0.664031205129926"
"exdqlm_multivar_synth_keep","draw_059",914,"2021-11-17","forecast","0.636740455475243"
"exdqlm_multivar_synth_keep","draw_059",914,"2021-11-18","forecast","0.624494575724425"
"exdqlm_multivar_synth_keep","draw_059",914,"2021-11-19","forecast","0.603874078128049"
"exdqlm_multivar_synth_keep","draw_059",914,"2021-11-20","forecast","0.590749156251705"
"exdqlm_multivar_synth_keep","draw_059",914,"2021-11-21","forecast","0.562420630157927"
"exdqlm_multivar_synth_keep","draw_059",914,"2021-11-22","forecast","0.547869062975915"
"exdqlm_multivar_synth_keep","draw_059",914,"2021-11-23","forecast","0.535621388193418"
"exdqlm_multivar_synth_keep","draw_059",914,"2021-11-24","forecast","0.540883295013693"
"exdqlm_multivar_synth_keep","draw_059",914,"2021-11-25","forecast","0.517279976253223"
"exdqlm_multivar_synth_keep","draw_059",914,"2021-11-26","forecast","0.497138254860508"
"exdqlm_multivar_synth_keep","draw_059",914,"2021-11-27","forecast","0.489395375720240"
"exdqlm_multivar_synth_keep","draw_059",914,"2021-11-28","forecast","0.497261692055865"
"exdqlm_multivar_synth_keep","draw_059",914,"2021-11-29","forecast","0.467748947274695"
"exdqlm_multivar_synth_keep","draw_059",914,"2021-11-30","forecast","0.456769721068307"
"exdqlm_multivar_synth_keep","draw_059",914,"2021-12-01","forecast","0.448595108577317"
"exdqlm_multivar_synth_keep","draw_059",914,"2021-12-02","forecast","0.449057483686347"
"exdqlm_multivar_synth_keep","draw_059",914,"2021-12-03","forecast","0.442258018039392"
"exdqlm_multivar_synth_keep","draw_059",914,"2021-12-04","forecast","0.444816186048552"
"exdqlm_multivar_synth_keep","draw_059",914,"2021-12-05","forecast","0.435563683514774"
"exdqlm_multivar_synth_keep","draw_059",914,"2021-12-06","forecast","0.416526520189170"
"exdqlm_multivar_synth_keep","draw_059",914,"2021-12-07","forecast","0.409168690102776"
"exdqlm_multivar_synth_keep","draw_059",914,"2021-12-08","forecast","0.397349642665831"
"exdqlm_multivar_synth_keep","draw_059",914,"2021-12-09","forecast","0.385258575857201"
"exdqlm_multivar_synth_keep","draw_059",914,"2021-12-10","forecast","0.449534930883020"
"exdqlm_multivar_synth_keep","draw_060",930,"2021-11-13","forecast","0.753366689048011"
"exdqlm_multivar_synth_keep","draw_060",930,"2021-11-14","forecast","0.703014953033707"
"exdqlm_multivar_synth_keep","draw_060",930,"2021-11-15","forecast","0.676216675368265"
"exdqlm_multivar_synth_keep","draw_060",930,"2021-11-16","forecast","0.666631337474677"
"exdqlm_multivar_synth_keep","draw_060",930,"2021-11-17","forecast","0.639137961268875"
"exdqlm_multivar_synth_keep","draw_060",930,"2021-11-18","forecast","0.628149390763884"
"exdqlm_multivar_synth_keep","draw_060",930,"2021-11-19","forecast","0.607453705650514"
"exdqlm_multivar_synth_keep","draw_060",930,"2021-11-20","forecast","0.594728870198995"
"exdqlm_multivar_synth_keep","draw_060",930,"2021-11-21","forecast","0.565599314936467"
"exdqlm_multivar_synth_keep","draw_060",930,"2021-11-22","forecast","0.551120884839645"
"exdqlm_multivar_synth_keep","draw_060",930,"2021-11-23","forecast","0.538287452978155"
"exdqlm_multivar_synth_keep","draw_060",930,"2021-11-24","forecast","0.543269789318921"
"exdqlm_multivar_synth_keep","draw_060",930,"2021-11-25","forecast","0.520635715424742"
"exdqlm_multivar_synth_keep","draw_060",930,"2021-11-26","forecast","0.500311026742009"
"exdqlm_multivar_synth_keep","draw_060",930,"2021-11-27","forecast","0.491443016196399"
"exdqlm_multivar_synth_keep","draw_060",930,"2021-11-28","forecast","0.500509070277286"
"exdqlm_multivar_synth_keep","draw_060",930,"2021-11-29","forecast","0.471654933166101"
"exdqlm_multivar_synth_keep","draw_060",930,"2021-11-30","forecast","0.460138516368599"
"exdqlm_multivar_synth_keep","draw_060",930,"2021-12-01","forecast","0.450652559135228"
"exdqlm_multivar_synth_keep","draw_060",930,"2021-12-02","forecast","0.453021109448171"
"exdqlm_multivar_synth_keep","draw_060",930,"2021-12-03","forecast","0.444178494443250"
"exdqlm_multivar_synth_keep","draw_060",930,"2021-12-04","forecast","0.448373602505990"
"exdqlm_multivar_synth_keep","draw_060",930,"2021-12-05","forecast","0.440821976249025"
"exdqlm_multivar_synth_keep","draw_060",930,"2021-12-06","forecast","0.418465142184847"
"exdqlm_multivar_synth_keep","draw_060",930,"2021-12-07","forecast","0.410875075851078"
"exdqlm_multivar_synth_keep","draw_060",930,"2021-12-08","forecast","0.399997313961619"
"exdqlm_multivar_synth_keep","draw_060",930,"2021-12-09","forecast","0.390561192505943"
"exdqlm_multivar_synth_keep","draw_060",930,"2021-12-10","forecast","0.452310058620891"
"exdqlm_multivar_synth_keep","draw_061",945,"2021-11-13","forecast","0.756382764538872"
"exdqlm_multivar_synth_keep","draw_061",945,"2021-11-14","forecast","0.706041670064053"
"exdqlm_multivar_synth_keep","draw_061",945,"2021-11-15","forecast","0.677998937289061"
"exdqlm_multivar_synth_keep","draw_061",945,"2021-11-16","forecast","0.669526768493670"
"exdqlm_multivar_synth_keep","draw_061",945,"2021-11-17","forecast","0.642227063767969"
"exdqlm_multivar_synth_keep","draw_061",945,"2021-11-18","forecast","0.632097197136383"
"exdqlm_multivar_synth_keep","draw_061",945,"2021-11-19","forecast","0.609353247031550"
"exdqlm_multivar_synth_keep","draw_061",945,"2021-11-20","forecast","0.597295878875081"
"exdqlm_multivar_synth_keep","draw_061",945,"2021-11-21","forecast","0.569634081553799"
"exdqlm_multivar_synth_keep","draw_061",945,"2021-11-22","forecast","0.554270455034228"
"exdqlm_multivar_synth_keep","draw_061",945,"2021-11-23","forecast","0.540863072122051"
"exdqlm_multivar_synth_keep","draw_061",945,"2021-11-24","forecast","0.545481254010577"
"exdqlm_multivar_synth_keep","draw_061",945,"2021-11-25","forecast","0.521838177631615"
"exdqlm_multivar_synth_keep","draw_061",945,"2021-11-26","forecast","0.505534813987728"
"exdqlm_multivar_synth_keep","draw_061",945,"2021-11-27","forecast","0.495812094552620"
"exdqlm_multivar_synth_keep","draw_061",945,"2021-11-28","forecast","0.502482521446284"
"exdqlm_multivar_synth_keep","draw_061",945,"2021-11-29","forecast","0.474788722124780"
"exdqlm_multivar_synth_keep","draw_061",945,"2021-11-30","forecast","0.462934077801705"
"exdqlm_multivar_synth_keep","draw_061",945,"2021-12-01","forecast","0.454493616989980"
"exdqlm_multivar_synth_keep","draw_061",945,"2021-12-02","forecast","0.455028432336600"
"exdqlm_multivar_synth_keep","draw_061",945,"2021-12-03","forecast","0.446942691311604"
"exdqlm_multivar_synth_keep","draw_061",945,"2021-12-04","forecast","0.451755266707016"
"exdqlm_multivar_synth_keep","draw_061",945,"2021-12-05","forecast","0.442901040185379"
"exdqlm_multivar_synth_keep","draw_061",945,"2021-12-06","forecast","0.421081222584591"
"exdqlm_multivar_synth_keep","draw_061",945,"2021-12-07","forecast","0.415856579535774"
"exdqlm_multivar_synth_keep","draw_061",945,"2021-12-08","forecast","0.403267830383591"
"exdqlm_multivar_synth_keep","draw_061",945,"2021-12-09","forecast","0.392790780656518"
"exdqlm_multivar_synth_keep","draw_061",945,"2021-12-10","forecast","0.454484461184885"
"exdqlm_multivar_synth_keep","draw_062",961,"2021-11-13","forecast","0.759192138324199"
"exdqlm_multivar_synth_keep","draw_062",961,"2021-11-14","forecast","0.711724644626045"
"exdqlm_multivar_synth_keep","draw_062",961,"2021-11-15","forecast","0.681383483481301"
"exdqlm_multivar_synth_keep","draw_062",961,"2021-11-16","forecast","0.672133559886285"
"exdqlm_multivar_synth_keep","draw_062",961,"2021-11-17","forecast","0.644642127245305"
"exdqlm_multivar_synth_keep","draw_062",961,"2021-11-18","forecast","0.634837295000971"
"exdqlm_multivar_synth_keep","draw_062",961,"2021-11-19","forecast","0.611791928464995"
"exdqlm_multivar_synth_keep","draw_062",961,"2021-11-20","forecast","0.601545950316036"
"exdqlm_multivar_synth_keep","draw_062",961,"2021-11-21","forecast","0.572008731266079"
"exdqlm_multivar_synth_keep","draw_062",961,"2021-11-22","forecast","0.556559177076662"
"exdqlm_multivar_synth_keep","draw_062",961,"2021-11-23","forecast","0.544228228351884"
"exdqlm_multivar_synth_keep","draw_062",961,"2021-11-24","forecast","0.548851124984436"
"exdqlm_multivar_synth_keep","draw_062",961,"2021-11-25","forecast","0.523679583461086"
"exdqlm_multivar_synth_keep","draw_062",961,"2021-11-26","forecast","0.508637523837912"
"exdqlm_multivar_synth_keep","draw_062",961,"2021-11-27","forecast","0.500147621371485"
"exdqlm_multivar_synth_keep","draw_062",961,"2021-11-28","forecast","0.504864040519902"
"exdqlm_multivar_synth_keep","draw_062",961,"2021-11-29","forecast","0.478201987109856"
"exdqlm_multivar_synth_keep","draw_062",961,"2021-11-30","forecast","0.465322421333109"
"exdqlm_multivar_synth_keep","draw_062",961,"2021-12-01","forecast","0.458954663203284"
"exdqlm_multivar_synth_keep","draw_062",961,"2021-12-02","forecast","0.457218068909323"
"exdqlm_multivar_synth_keep","draw_062",961,"2021-12-03","forecast","0.449227715747565"
"exdqlm_multivar_synth_keep","draw_062",961,"2021-12-04","forecast","0.455394534267745"
"exdqlm_multivar_synth_keep","draw_062",961,"2021-12-05","forecast","0.448849446421483"
"exdqlm_multivar_synth_keep","draw_062",961,"2021-12-06","forecast","0.425640776526073"
"exdqlm_multivar_synth_keep","draw_062",961,"2021-12-07","forecast","0.418698835606090"
"exdqlm_multivar_synth_keep","draw_062",961,"2021-12-08","forecast","0.407561040609907"
"exdqlm_multivar_synth_keep","draw_062",961,"2021-12-09","forecast","0.398624292702020"
"exdqlm_multivar_synth_keep","draw_062",961,"2021-12-10","forecast","0.456333629375254"
"exdqlm_multivar_synth_keep","draw_063",977,"2021-11-13","forecast","0.762184670195159"
"exdqlm_multivar_synth_keep","draw_063",977,"2021-11-14","forecast","0.714231080382792"
"exdqlm_multivar_synth_keep","draw_063",977,"2021-11-15","forecast","0.683943087307308"
"exdqlm_multivar_synth_keep","draw_063",977,"2021-11-16","forecast","0.674156301016855"
"exdqlm_multivar_synth_keep","draw_063",977,"2021-11-17","forecast","0.647829850257194"
"exdqlm_multivar_synth_keep","draw_063",977,"2021-11-18","forecast","0.637860597164895"
"exdqlm_multivar_synth_keep","draw_063",977,"2021-11-19","forecast","0.615101399902050"
"exdqlm_multivar_synth_keep","draw_063",977,"2021-11-20","forecast","0.603808135899227"
"exdqlm_multivar_synth_keep","draw_063",977,"2021-11-21","forecast","0.574192641027668"
"exdqlm_multivar_synth_keep","draw_063",977,"2021-11-22","forecast","0.559572539755627"
"exdqlm_multivar_synth_keep","draw_063",977,"2021-11-23","forecast","0.546305692277919"
"exdqlm_multivar_synth_keep","draw_063",977,"2021-11-24","forecast","0.551532376429939"
"exdqlm_multivar_synth_keep","draw_063",977,"2021-11-25","forecast","0.526016498320430"
"exdqlm_multivar_synth_keep","draw_063",977,"2021-11-26","forecast","0.510781857597465"
"exdqlm_multivar_synth_keep","draw_063",977,"2021-11-27","forecast","0.502128817608057"
"exdqlm_multivar_synth_keep","draw_063",977,"2021-11-28","forecast","0.508505838055891"
"exdqlm_multivar_synth_keep","draw_063",977,"2021-11-29","forecast","0.482389143957025"
"exdqlm_multivar_synth_keep","draw_063",977,"2021-11-30","forecast","0.466869841793869"
"exdqlm_multivar_synth_keep","draw_063",977,"2021-12-01","forecast","0.462156884855132"
"exdqlm_multivar_synth_keep","draw_063",977,"2021-12-02","forecast","0.460509637364615"
"exdqlm_multivar_synth_keep","draw_063",977,"2021-12-03","forecast","0.453635843267574"
"exdqlm_multivar_synth_keep","draw_063",977,"2021-12-04","forecast","0.458559808347830"
"exdqlm_multivar_synth_keep","draw_063",977,"2021-12-05","forecast","0.452681894323871"
"exdqlm_multivar_synth_keep","draw_063",977,"2021-12-06","forecast","0.427296190363987"
"exdqlm_multivar_synth_keep","draw_063",977,"2021-12-07","forecast","0.421065022163319"
"exdqlm_multivar_synth_keep","draw_063",977,"2021-12-08","forecast","0.409946988877708"
"exdqlm_multivar_synth_keep","draw_063",977,"2021-12-09","forecast","0.403581590824424"
"exdqlm_multivar_synth_keep","draw_063",977,"2021-12-10","forecast","0.460710150681074"
"exdqlm_multivar_synth_keep","draw_064",993,"2021-11-13","forecast","0.764388368213374"
"exdqlm_multivar_synth_keep","draw_064",993,"2021-11-14","forecast","0.719818251459574"
"exdqlm_multivar_synth_keep","draw_064",993,"2021-11-15","forecast","0.686225901336098"
"exdqlm_multivar_synth_keep","draw_064",993,"2021-11-16","forecast","0.676114196074488"
"exdqlm_multivar_synth_keep","draw_064",993,"2021-11-17","forecast","0.652179029911269"
"exdqlm_multivar_synth_keep","draw_064",993,"2021-11-18","forecast","0.639023993708029"
"exdqlm_multivar_synth_keep","draw_064",993,"2021-11-19","forecast","0.617431215006479"
"exdqlm_multivar_synth_keep","draw_064",993,"2021-11-20","forecast","0.607201149255660"
"exdqlm_multivar_synth_keep","draw_064",993,"2021-11-21","forecast","0.576148476350758"
"exdqlm_multivar_synth_keep","draw_064",993,"2021-11-22","forecast","0.562211015758103"
"exdqlm_multivar_synth_keep","draw_064",993,"2021-11-23","forecast","0.549643065283377"
"exdqlm_multivar_synth_keep","draw_064",993,"2021-11-24","forecast","0.552334900070053"
"exdqlm_multivar_synth_keep","draw_064",993,"2021-11-25","forecast","0.528930474957523"
"exdqlm_multivar_synth_keep","draw_064",993,"2021-11-26","forecast","0.514320609359394"
"exdqlm_multivar_synth_keep","draw_064",993,"2021-11-27","forecast","0.507115978817182"
"exdqlm_multivar_synth_keep","draw_064",993,"2021-11-28","forecast","0.510876728267335"
"exdqlm_multivar_synth_keep","draw_064",993,"2021-11-29","forecast","0.486206787692790"
"exdqlm_multivar_synth_keep","draw_064",993,"2021-11-30","forecast","0.469180131868294"
"exdqlm_multivar_synth_keep","draw_064",993,"2021-12-01","forecast","0.464230232553254"
"exdqlm_multivar_synth_keep","draw_064",993,"2021-12-02","forecast","0.464743031938508"
"exdqlm_multivar_synth_keep","draw_064",993,"2021-12-03","forecast","0.457302336499277"
"exdqlm_multivar_synth_keep","draw_064",993,"2021-12-04","forecast","0.460518806879679"
"exdqlm_multivar_synth_keep","draw_064",993,"2021-12-05","forecast","0.456244004999959"
"exdqlm_multivar_synth_keep","draw_064",993,"2021-12-06","forecast","0.430045054326638"
"exdqlm_multivar_synth_keep","draw_064",993,"2021-12-07","forecast","0.423614380766399"
"exdqlm_multivar_synth_keep","draw_064",993,"2021-12-08","forecast","0.412216071134459"
"exdqlm_multivar_synth_keep","draw_064",993,"2021-12-09","forecast","0.406165145554357"
"exdqlm_multivar_synth_keep","draw_064",993,"2021-12-10","forecast","0.463145081325240"
"exdqlm_multivar_synth_keep","draw_065",1008,"2021-11-13","forecast","0.765679554991180"
"exdqlm_multivar_synth_keep","draw_065",1008,"2021-11-14","forecast","0.722933144692480"
"exdqlm_multivar_synth_keep","draw_065",1008,"2021-11-15","forecast","0.687594095590885"
"exdqlm_multivar_synth_keep","draw_065",1008,"2021-11-16","forecast","0.677010769623954"
"exdqlm_multivar_synth_keep","draw_065",1008,"2021-11-17","forecast","0.653008310669131"
"exdqlm_multivar_synth_keep","draw_065",1008,"2021-11-18","forecast","0.640130330528382"
"exdqlm_multivar_synth_keep","draw_065",1008,"2021-11-19","forecast","0.619186565994598"
"exdqlm_multivar_synth_keep","draw_065",1008,"2021-11-20","forecast","0.609698177410920"
"exdqlm_multivar_synth_keep","draw_065",1008,"2021-11-21","forecast","0.579053801733782"
"exdqlm_multivar_synth_keep","draw_065",1008,"2021-11-22","forecast","0.564168369759915"
"exdqlm_multivar_synth_keep","draw_065",1008,"2021-11-23","forecast","0.552013521041682"
"exdqlm_multivar_synth_keep","draw_065",1008,"2021-11-24","forecast","0.553265370033706"
"exdqlm_multivar_synth_keep","draw_065",1008,"2021-11-25","forecast","0.531912419553299"
"exdqlm_multivar_synth_keep","draw_065",1008,"2021-11-26","forecast","0.516234333711610"
"exdqlm_multivar_synth_keep","draw_065",1008,"2021-11-27","forecast","0.509927731044531"
"exdqlm_multivar_synth_keep","draw_065",1008,"2021-11-28","forecast","0.512314064206374"
"exdqlm_multivar_synth_keep","draw_065",1008,"2021-11-29","forecast","0.488240871093319"
"exdqlm_multivar_synth_keep","draw_065",1008,"2021-11-30","forecast","0.472314110612153"
"exdqlm_multivar_synth_keep","draw_065",1008,"2021-12-01","forecast","0.464908933526742"
"exdqlm_multivar_synth_keep","draw_065",1008,"2021-12-02","forecast","0.465975527419090"
"exdqlm_multivar_synth_keep","draw_065",1008,"2021-12-03","forecast","0.460164232481353"
"exdqlm_multivar_synth_keep","draw_065",1008,"2021-12-04","forecast","0.463251745559740"
"exdqlm_multivar_synth_keep","draw_065",1008,"2021-12-05","forecast","0.461029303264869"
"exdqlm_multivar_synth_keep","draw_065",1008,"2021-12-06","forecast","0.433179260142288"
"exdqlm_multivar_synth_keep","draw_065",1008,"2021-12-07","forecast","0.428814619661983"
"exdqlm_multivar_synth_keep","draw_065",1008,"2021-12-08","forecast","0.416741226377822"
"exdqlm_multivar_synth_keep","draw_065",1008,"2021-12-09","forecast","0.410091033794788"
"exdqlm_multivar_synth_keep","draw_065",1008,"2021-12-10","forecast","0.465335158711594"
"exdqlm_multivar_synth_keep","draw_066",1024,"2021-11-13","forecast","0.768040462162725"
"exdqlm_multivar_synth_keep","draw_066",1024,"2021-11-14","forecast","0.724131490910420"
"exdqlm_multivar_synth_keep","draw_066",1024,"2021-11-15","forecast","0.690294810884426"
"exdqlm_multivar_synth_keep","draw_066",1024,"2021-11-16","forecast","0.678229474998781"
"exdqlm_multivar_synth_keep","draw_066",1024,"2021-11-17","forecast","0.654724955508092"
"exdqlm_multivar_synth_keep","draw_066",1024,"2021-11-18","forecast","0.641274850046229"
"exdqlm_multivar_synth_keep","draw_066",1024,"2021-11-19","forecast","0.622418008760925"
"exdqlm_multivar_synth_keep","draw_066",1024,"2021-11-20","forecast","0.612346848821370"
"exdqlm_multivar_synth_keep","draw_066",1024,"2021-11-21","forecast","0.581237021165281"
"exdqlm_multivar_synth_keep","draw_066",1024,"2021-11-22","forecast","0.565880163288460"
"exdqlm_multivar_synth_keep","draw_066",1024,"2021-11-23","forecast","0.554506547121610"
"exdqlm_multivar_synth_keep","draw_066",1024,"2021-11-24","forecast","0.554785367781027"
"exdqlm_multivar_synth_keep","draw_066",1024,"2021-11-25","forecast","0.534297287212030"
"exdqlm_multivar_synth_keep","draw_066",1024,"2021-11-26","forecast","0.519271119690337"
"exdqlm_multivar_synth_keep","draw_066",1024,"2021-11-27","forecast","0.513118775747332"
"exdqlm_multivar_synth_keep","draw_066",1024,"2021-11-28","forecast","0.514271099588855"
"exdqlm_multivar_synth_keep","draw_066",1024,"2021-11-29","forecast","0.491550484923131"
"exdqlm_multivar_synth_keep","draw_066",1024,"2021-11-30","forecast","0.475190604662458"
"exdqlm_multivar_synth_keep","draw_066",1024,"2021-12-01","forecast","0.467967212737515"
"exdqlm_multivar_synth_keep","draw_066",1024,"2021-12-02","forecast","0.468016045453293"
"exdqlm_multivar_synth_keep","draw_066",1024,"2021-12-03","forecast","0.462631541850540"
"exdqlm_multivar_synth_keep","draw_066",1024,"2021-12-04","forecast","0.464495870606711"
"exdqlm_multivar_synth_keep","draw_066",1024,"2021-12-05","forecast","0.465997220176131"
"exdqlm_multivar_synth_keep","draw_066",1024,"2021-12-06","forecast","0.435109624319224"
"exdqlm_multivar_synth_keep","draw_066",1024,"2021-12-07","forecast","0.431086890710382"
"exdqlm_multivar_synth_keep","draw_066",1024,"2021-12-08","forecast","0.420424579514892"
"exdqlm_multivar_synth_keep","draw_066",1024,"2021-12-09","forecast","0.415612639847339"
"exdqlm_multivar_synth_keep","draw_066",1024,"2021-12-10","forecast","0.468953370731932"
"exdqlm_multivar_synth_keep","draw_067",1040,"2021-11-13","forecast","0.770005575118848"
"exdqlm_multivar_synth_keep","draw_067",1040,"2021-11-14","forecast","0.725543910651123"
"exdqlm_multivar_synth_keep","draw_067",1040,"2021-11-15","forecast","0.693321593918372"
"exdqlm_multivar_synth_keep","draw_067",1040,"2021-11-16","forecast","0.679379012616932"
"exdqlm_multivar_synth_keep","draw_067",1040,"2021-11-17","forecast","0.656315457597579"
"exdqlm_multivar_synth_keep","draw_067",1040,"2021-11-18","forecast","0.641839651209721"
"exdqlm_multivar_synth_keep","draw_067",1040,"2021-11-19","forecast","0.623654635387568"
"exdqlm_multivar_synth_keep","draw_067",1040,"2021-11-20","forecast","0.613832027782757"
"exdqlm_multivar_synth_keep","draw_067",1040,"2021-11-21","forecast","0.584687905851015"
"exdqlm_multivar_synth_keep","draw_067",1040,"2021-11-22","forecast","0.568562358289094"
"exdqlm_multivar_synth_keep","draw_067",1040,"2021-11-23","forecast","0.556696712280766"
"exdqlm_multivar_synth_keep","draw_067",1040,"2021-11-24","forecast","0.556814214319286"
"exdqlm_multivar_synth_keep","draw_067",1040,"2021-11-25","forecast","0.537971948531764"
"exdqlm_multivar_synth_keep","draw_067",1040,"2021-11-26","forecast","0.522556080889708"
"exdqlm_multivar_synth_keep","draw_067",1040,"2021-11-27","forecast","0.515741546355493"
"exdqlm_multivar_synth_keep","draw_067",1040,"2021-11-28","forecast","0.516633281968742"
"exdqlm_multivar_synth_keep","draw_067",1040,"2021-11-29","forecast","0.493520412141199"
"exdqlm_multivar_synth_keep","draw_067",1040,"2021-11-30","forecast","0.477713558362339"
"exdqlm_multivar_synth_keep","draw_067",1040,"2021-12-01","forecast","0.469690714333609"
"exdqlm_multivar_synth_keep","draw_067",1040,"2021-12-02","forecast","0.471039994743084"
"exdqlm_multivar_synth_keep","draw_067",1040,"2021-12-03","forecast","0.466494342257348"
"exdqlm_multivar_synth_keep","draw_067",1040,"2021-12-04","forecast","0.467015904920713"
"exdqlm_multivar_synth_keep","draw_067",1040,"2021-12-05","forecast","0.468597401514500"
"exdqlm_multivar_synth_keep","draw_067",1040,"2021-12-06","forecast","0.439781646400823"
"exdqlm_multivar_synth_keep","draw_067",1040,"2021-12-07","forecast","0.434946009483193"
"exdqlm_multivar_synth_keep","draw_067",1040,"2021-12-08","forecast","0.422298115730339"
"exdqlm_multivar_synth_keep","draw_067",1040,"2021-12-09","forecast","0.420459690233474"
"exdqlm_multivar_synth_keep","draw_067",1040,"2021-12-10","forecast","0.473475083178267"
"exdqlm_multivar_synth_keep","draw_068",1056,"2021-11-13","forecast","0.772936310932227"
"exdqlm_multivar_synth_keep","draw_068",1056,"2021-11-14","forecast","0.726967358609820"
"exdqlm_multivar_synth_keep","draw_068",1056,"2021-11-15","forecast","0.694395484002894"
"exdqlm_multivar_synth_keep","draw_068",1056,"2021-11-16","forecast","0.679801666290359"
"exdqlm_multivar_synth_keep","draw_068",1056,"2021-11-17","forecast","0.657657955990588"
"exdqlm_multivar_synth_keep","draw_068",1056,"2021-11-18","forecast","0.643082647263603"
"exdqlm_multivar_synth_keep","draw_068",1056,"2021-11-19","forecast","0.624648100958724"
"exdqlm_multivar_synth_keep","draw_068",1056,"2021-11-20","forecast","0.617972661702218"
"exdqlm_multivar_synth_keep","draw_068",1056,"2021-11-21","forecast","0.587380415158380"
"exdqlm_multivar_synth_keep","draw_068",1056,"2021-11-22","forecast","0.569532551309457"
"exdqlm_multivar_synth_keep","draw_068",1056,"2021-11-23","forecast","0.558654848288332"
"exdqlm_multivar_synth_keep","draw_068",1056,"2021-11-24","forecast","0.558080419268699"
"exdqlm_multivar_synth_keep","draw_068",1056,"2021-11-25","forecast","0.539865557559725"
"exdqlm_multivar_synth_keep","draw_068",1056,"2021-11-26","forecast","0.525521337086368"
"exdqlm_multivar_synth_keep","draw_068",1056,"2021-11-27","forecast","0.519649764666762"
"exdqlm_multivar_synth_keep","draw_068",1056,"2021-11-28","forecast","0.518481878101360"
"exdqlm_multivar_synth_keep","draw_068",1056,"2021-11-29","forecast","0.494858727990013"
"exdqlm_multivar_synth_keep","draw_068",1056,"2021-11-30","forecast","0.481677118728050"
"exdqlm_multivar_synth_keep","draw_068",1056,"2021-12-01","forecast","0.472647317967200"
"exdqlm_multivar_synth_keep","draw_068",1056,"2021-12-02","forecast","0.473090331074844"
"exdqlm_multivar_synth_keep","draw_068",1056,"2021-12-03","forecast","0.468832781769978"
"exdqlm_multivar_synth_keep","draw_068",1056,"2021-12-04","forecast","0.468645176325912"
"exdqlm_multivar_synth_keep","draw_068",1056,"2021-12-05","forecast","0.471198034502989"
"exdqlm_multivar_synth_keep","draw_068",1056,"2021-12-06","forecast","0.442730774512201"
"exdqlm_multivar_synth_keep","draw_068",1056,"2021-12-07","forecast","0.436109196874342"
"exdqlm_multivar_synth_keep","draw_068",1056,"2021-12-08","forecast","0.424859204401035"
"exdqlm_multivar_synth_keep","draw_068",1056,"2021-12-09","forecast","0.426962693875331"
"exdqlm_multivar_synth_keep","draw_068",1056,"2021-12-10","forecast","0.476132989052608"
"exdqlm_multivar_synth_keep","draw_069",1071,"2021-11-13","forecast","0.775107973809960"
"exdqlm_multivar_synth_keep","draw_069",1071,"2021-11-14","forecast","0.728924423218969"
"exdqlm_multivar_synth_keep","draw_069",1071,"2021-11-15","forecast","0.695015739946327"
"exdqlm_multivar_synth_keep","draw_069",1071,"2021-11-16","forecast","0.680770708088003"
"exdqlm_multivar_synth_keep","draw_069",1071,"2021-11-17","forecast","0.659230039250867"
"exdqlm_multivar_synth_keep","draw_069",1071,"2021-11-18","forecast","0.644407883765134"
"exdqlm_multivar_synth_keep","draw_069",1071,"2021-11-19","forecast","0.627550546699345"
"exdqlm_multivar_synth_keep","draw_069",1071,"2021-11-20","forecast","0.619335494849494"
"exdqlm_multivar_synth_keep","draw_069",1071,"2021-11-21","forecast","0.590702910372602"
"exdqlm_multivar_synth_keep","draw_069",1071,"2021-11-22","forecast","0.572522536791088"
"exdqlm_multivar_synth_keep","draw_069",1071,"2021-11-23","forecast","0.561218556108270"
"exdqlm_multivar_synth_keep","draw_069",1071,"2021-11-24","forecast","0.560460102426201"
"exdqlm_multivar_synth_keep","draw_069",1071,"2021-11-25","forecast","0.542197905037085"
"exdqlm_multivar_synth_keep","draw_069",1071,"2021-11-26","forecast","0.527296818930666"
"exdqlm_multivar_synth_keep","draw_069",1071,"2021-11-27","forecast","0.522087481457746"
"exdqlm_multivar_synth_keep","draw_069",1071,"2021-11-28","forecast","0.521997730221024"
"exdqlm_multivar_synth_keep","draw_069",1071,"2021-11-29","forecast","0.497579605191216"
"exdqlm_multivar_synth_keep","draw_069",1071,"2021-11-30","forecast","0.485045023300998"
"exdqlm_multivar_synth_keep","draw_069",1071,"2021-12-01","forecast","0.474780346562054"
"exdqlm_multivar_synth_keep","draw_069",1071,"2021-12-02","forecast","0.476307079545158"
"exdqlm_multivar_synth_keep","draw_069",1071,"2021-12-03","forecast","0.471553120947769"
"exdqlm_multivar_synth_keep","draw_069",1071,"2021-12-04","forecast","0.471665741073976"
"exdqlm_multivar_synth_keep","draw_069",1071,"2021-12-05","forecast","0.473171544022797"
"exdqlm_multivar_synth_keep","draw_069",1071,"2021-12-06","forecast","0.446998236849928"
"exdqlm_multivar_synth_keep","draw_069",1071,"2021-12-07","forecast","0.438274615526109"
"exdqlm_multivar_synth_keep","draw_069",1071,"2021-12-08","forecast","0.426224420493712"
"exdqlm_multivar_synth_keep","draw_069",1071,"2021-12-09","forecast","0.430078840285847"
"exdqlm_multivar_synth_keep","draw_069",1071,"2021-12-10","forecast","0.480445380944837"
"exdqlm_multivar_synth_keep","draw_070",1087,"2021-11-13","forecast","0.776585125695456"
"exdqlm_multivar_synth_keep","draw_070",1087,"2021-11-14","forecast","0.730793295940192"
"exdqlm_multivar_synth_keep","draw_070",1087,"2021-11-15","forecast","0.695938687163399"
"exdqlm_multivar_synth_keep","draw_070",1087,"2021-11-16","forecast","0.681642972698388"
"exdqlm_multivar_synth_keep","draw_070",1087,"2021-11-17","forecast","0.660570102413050"
"exdqlm_multivar_synth_keep","draw_070",1087,"2021-11-18","forecast","0.646211846812390"
"exdqlm_multivar_synth_keep","draw_070",1087,"2021-11-19","forecast","0.630449332713841"
"exdqlm_multivar_synth_keep","draw_070",1087,"2021-11-20","forecast","0.620816960283545"
"exdqlm_multivar_synth_keep","draw_070",1087,"2021-11-21","forecast","0.591789247510813"
"exdqlm_multivar_synth_keep","draw_070",1087,"2021-11-22","forecast","0.576386924086444"
"exdqlm_multivar_synth_keep","draw_070",1087,"2021-11-23","forecast","0.563446301549966"
"exdqlm_multivar_synth_keep","draw_070",1087,"2021-11-24","forecast","0.562219037050786"
"exdqlm_multivar_synth_keep","draw_070",1087,"2021-11-25","forecast","0.545550385894557"
"exdqlm_multivar_synth_keep","draw_070",1087,"2021-11-26","forecast","0.530244161907245"
"exdqlm_multivar_synth_keep","draw_070",1087,"2021-11-27","forecast","0.524194236076984"
"exdqlm_multivar_synth_keep","draw_070",1087,"2021-11-28","forecast","0.524955663028681"
"exdqlm_multivar_synth_keep","draw_070",1087,"2021-11-29","forecast","0.502890083308592"
"exdqlm_multivar_synth_keep","draw_070",1087,"2021-11-30","forecast","0.486794097410876"
"exdqlm_multivar_synth_keep","draw_070",1087,"2021-12-01","forecast","0.478238433535509"
"exdqlm_multivar_synth_keep","draw_070",1087,"2021-12-02","forecast","0.478650468862845"
"exdqlm_multivar_synth_keep","draw_070",1087,"2021-12-03","forecast","0.472347758646520"
"exdqlm_multivar_synth_keep","draw_070",1087,"2021-12-04","forecast","0.473913987643396"
"exdqlm_multivar_synth_keep","draw_070",1087,"2021-12-05","forecast","0.474936170396146"
"exdqlm_multivar_synth_keep","draw_070",1087,"2021-12-06","forecast","0.450344248002046"
"exdqlm_multivar_synth_keep","draw_070",1087,"2021-12-07","forecast","0.440406048987801"
"exdqlm_multivar_synth_keep","draw_070",1087,"2021-12-08","forecast","0.429044133564577"
"exdqlm_multivar_synth_keep","draw_070",1087,"2021-12-09","forecast","0.433069843664008"
"exdqlm_multivar_synth_keep","draw_070",1087,"2021-12-10","forecast","0.484619274874402"
"exdqlm_multivar_synth_keep","draw_071",1103,"2021-11-13","forecast","0.780650409606696"
"exdqlm_multivar_synth_keep","draw_071",1103,"2021-11-14","forecast","0.734343159023849"
"exdqlm_multivar_synth_keep","draw_071",1103,"2021-11-15","forecast","0.697066540052178"
"exdqlm_multivar_synth_keep","draw_071",1103,"2021-11-16","forecast","0.682734744312395"
"exdqlm_multivar_synth_keep","draw_071",1103,"2021-11-17","forecast","0.660979692950801"
"exdqlm_multivar_synth_keep","draw_071",1103,"2021-11-18","forecast","0.647680928185058"
"exdqlm_multivar_synth_keep","draw_071",1103,"2021-11-19","forecast","0.631871668342944"
"exdqlm_multivar_synth_keep","draw_071",1103,"2021-11-20","forecast","0.622409720729649"
"exdqlm_multivar_synth_keep","draw_071",1103,"2021-11-21","forecast","0.594522449554231"
"exdqlm_multivar_synth_keep","draw_071",1103,"2021-11-22","forecast","0.578516438659226"
"exdqlm_multivar_synth_keep","draw_071",1103,"2021-11-23","forecast","0.564835759153963"
"exdqlm_multivar_synth_keep","draw_071",1103,"2021-11-24","forecast","0.564931841273445"
"exdqlm_multivar_synth_keep","draw_071",1103,"2021-11-25","forecast","0.546883568061759"
"exdqlm_multivar_synth_keep","draw_071",1103,"2021-11-26","forecast","0.532712366838495"
"exdqlm_multivar_synth_keep","draw_071",1103,"2021-11-27","forecast","0.525874398641477"
"exdqlm_multivar_synth_keep","draw_071",1103,"2021-11-28","forecast","0.526228307543930"
"exdqlm_multivar_synth_keep","draw_071",1103,"2021-11-29","forecast","0.504322308850633"
"exdqlm_multivar_synth_keep","draw_071",1103,"2021-11-30","forecast","0.491192289539288"
"exdqlm_multivar_synth_keep","draw_071",1103,"2021-12-01","forecast","0.480585353470565"
"exdqlm_multivar_synth_keep","draw_071",1103,"2021-12-02","forecast","0.481275046690040"
"exdqlm_multivar_synth_keep","draw_071",1103,"2021-12-03","forecast","0.475832168024276"
"exdqlm_multivar_synth_keep","draw_071",1103,"2021-12-04","forecast","0.476646244395358"
"exdqlm_multivar_synth_keep","draw_071",1103,"2021-12-05","forecast","0.477269137247232"
"exdqlm_multivar_synth_keep","draw_071",1103,"2021-12-06","forecast","0.451815030951409"
"exdqlm_multivar_synth_keep","draw_071",1103,"2021-12-07","forecast","0.443319638363268"
"exdqlm_multivar_synth_keep","draw_071",1103,"2021-12-08","forecast","0.432724370640082"
"exdqlm_multivar_synth_keep","draw_071",1103,"2021-12-09","forecast","0.438690972853292"
"exdqlm_multivar_synth_keep","draw_071",1103,"2021-12-10","forecast","0.489571053786230"
"exdqlm_multivar_synth_keep","draw_072",1119,"2021-11-13","forecast","0.784968928611640"
"exdqlm_multivar_synth_keep","draw_072",1119,"2021-11-14","forecast","0.735976388687798"
"exdqlm_multivar_synth_keep","draw_072",1119,"2021-11-15","forecast","0.698781060387126"
"exdqlm_multivar_synth_keep","draw_072",1119,"2021-11-16","forecast","0.683805129703586"
"exdqlm_multivar_synth_keep","draw_072",1119,"2021-11-17","forecast","0.662648171684480"
"exdqlm_multivar_synth_keep","draw_072",1119,"2021-11-18","forecast","0.648558141166180"
"exdqlm_multivar_synth_keep","draw_072",1119,"2021-11-19","forecast","0.633214975824721"
"exdqlm_multivar_synth_keep","draw_072",1119,"2021-11-20","forecast","0.624812657029881"
"exdqlm_multivar_synth_keep","draw_072",1119,"2021-11-21","forecast","0.596470585914943"
"exdqlm_multivar_synth_keep","draw_072",1119,"2021-11-22","forecast","0.580177755908673"
"exdqlm_multivar_synth_keep","draw_072",1119,"2021-11-23","forecast","0.566661685211395"
"exdqlm_multivar_synth_keep","draw_072",1119,"2021-11-24","forecast","0.568001236692270"
"exdqlm_multivar_synth_keep","draw_072",1119,"2021-11-25","forecast","0.549138664567489"
"exdqlm_multivar_synth_keep","draw_072",1119,"2021-11-26","forecast","0.535816777565912"
"exdqlm_multivar_synth_keep","draw_072",1119,"2021-11-27","forecast","0.527729037480416"
"exdqlm_multivar_synth_keep","draw_072",1119,"2021-11-28","forecast","0.529341601973674"
"exdqlm_multivar_synth_keep","draw_072",1119,"2021-11-29","forecast","0.509144008232868"
"exdqlm_multivar_synth_keep","draw_072",1119,"2021-11-30","forecast","0.493010936661745"
"exdqlm_multivar_synth_keep","draw_072",1119,"2021-12-01","forecast","0.483182691077462"
"exdqlm_multivar_synth_keep","draw_072",1119,"2021-12-02","forecast","0.484253497086203"
"exdqlm_multivar_synth_keep","draw_072",1119,"2021-12-03","forecast","0.478503421219454"
"exdqlm_multivar_synth_keep","draw_072",1119,"2021-12-04","forecast","0.479196102822754"
"exdqlm_multivar_synth_keep","draw_072",1119,"2021-12-05","forecast","0.480583658678283"
"exdqlm_multivar_synth_keep","draw_072",1119,"2021-12-06","forecast","0.454306172317705"
"exdqlm_multivar_synth_keep","draw_072",1119,"2021-12-07","forecast","0.448119495420797"
"exdqlm_multivar_synth_keep","draw_072",1119,"2021-12-08","forecast","0.435911607617666"
"exdqlm_multivar_synth_keep","draw_072",1119,"2021-12-09","forecast","0.443661446829187"
"exdqlm_multivar_synth_keep","draw_072",1119,"2021-12-10","forecast","0.495132374112530"
"exdqlm_multivar_synth_keep","draw_073",1134,"2021-11-13","forecast","0.787249890893126"
"exdqlm_multivar_synth_keep","draw_073",1134,"2021-11-14","forecast","0.738279924580851"
"exdqlm_multivar_synth_keep","draw_073",1134,"2021-11-15","forecast","0.700150936337432"
"exdqlm_multivar_synth_keep","draw_073",1134,"2021-11-16","forecast","0.684140768171661"
"exdqlm_multivar_synth_keep","draw_073",1134,"2021-11-17","forecast","0.664893257497857"
"exdqlm_multivar_synth_keep","draw_073",1134,"2021-11-18","forecast","0.649437607101564"
"exdqlm_multivar_synth_keep","draw_073",1134,"2021-11-19","forecast","0.634292796513384"
"exdqlm_multivar_synth_keep","draw_073",1134,"2021-11-20","forecast","0.626433775064559"
"exdqlm_multivar_synth_keep","draw_073",1134,"2021-11-21","forecast","0.598308835148327"
"exdqlm_multivar_synth_keep","draw_073",1134,"2021-11-22","forecast","0.582968142141535"
"exdqlm_multivar_synth_keep","draw_073",1134,"2021-11-23","forecast","0.567964887751144"
"exdqlm_multivar_synth_keep","draw_073",1134,"2021-11-24","forecast","0.569262916420710"
"exdqlm_multivar_synth_keep","draw_073",1134,"2021-11-25","forecast","0.551771178001364"
"exdqlm_multivar_synth_keep","draw_073",1134,"2021-11-26","forecast","0.536983128353528"
"exdqlm_multivar_synth_keep","draw_073",1134,"2021-11-27","forecast","0.530064992406728"
"exdqlm_multivar_synth_keep","draw_073",1134,"2021-11-28","forecast","0.531730082742821"
"exdqlm_multivar_synth_keep","draw_073",1134,"2021-11-29","forecast","0.511382188331944"
"exdqlm_multivar_synth_keep","draw_073",1134,"2021-11-30","forecast","0.495408506207710"
"exdqlm_multivar_synth_keep","draw_073",1134,"2021-12-01","forecast","0.485379390579638"
"exdqlm_multivar_synth_keep","draw_073",1134,"2021-12-02","forecast","0.486452905850014"
"exdqlm_multivar_synth_keep","draw_073",1134,"2021-12-03","forecast","0.479983921622277"
"exdqlm_multivar_synth_keep","draw_073",1134,"2021-12-04","forecast","0.482111031373145"
"exdqlm_multivar_synth_keep","draw_073",1134,"2021-12-05","forecast","0.482836715582815"
"exdqlm_multivar_synth_keep","draw_073",1134,"2021-12-06","forecast","0.457990943292672"
"exdqlm_multivar_synth_keep","draw_073",1134,"2021-12-07","forecast","0.451349731332843"
"exdqlm_multivar_synth_keep","draw_073",1134,"2021-12-08","forecast","0.437916980723352"
"exdqlm_multivar_synth_keep","draw_073",1134,"2021-12-09","forecast","0.446578883629368"
"exdqlm_multivar_synth_keep","draw_073",1134,"2021-12-10","forecast","0.497745675549290"
"exdqlm_multivar_synth_keep","draw_074",1150,"2021-11-13","forecast","0.788984524040257"
"exdqlm_multivar_synth_keep","draw_074",1150,"2021-11-14","forecast","0.742957378577385"
"exdqlm_multivar_synth_keep","draw_074",1150,"2021-11-15","forecast","0.701126011639738"
"exdqlm_multivar_synth_keep","draw_074",1150,"2021-11-16","forecast","0.685073027649003"
"exdqlm_multivar_synth_keep","draw_074",1150,"2021-11-17","forecast","0.666438769526722"
"exdqlm_multivar_synth_keep","draw_074",1150,"2021-11-18","forecast","0.650879385255196"
"exdqlm_multivar_synth_keep","draw_074",1150,"2021-11-19","forecast","0.635728001921870"
"exdqlm_multivar_synth_keep","draw_074",1150,"2021-11-20","forecast","0.629399378359168"
"exdqlm_multivar_synth_keep","draw_074",1150,"2021-11-21","forecast","0.601214804993318"
"exdqlm_multivar_synth_keep","draw_074",1150,"2021-11-22","forecast","0.585946570826469"
"exdqlm_multivar_synth_keep","draw_074",1150,"2021-11-23","forecast","0.569934362362506"
"exdqlm_multivar_synth_keep","draw_074",1150,"2021-11-24","forecast","0.570535429767906"
"exdqlm_multivar_synth_keep","draw_074",1150,"2021-11-25","forecast","0.555107652010034"
"exdqlm_multivar_synth_keep","draw_074",1150,"2021-11-26","forecast","0.539692012591885"
"exdqlm_multivar_synth_keep","draw_074",1150,"2021-11-27","forecast","0.532921990878806"
"exdqlm_multivar_synth_keep","draw_074",1150,"2021-11-28","forecast","0.534449414235749"
"exdqlm_multivar_synth_keep","draw_074",1150,"2021-11-29","forecast","0.514223782782505"
"exdqlm_multivar_synth_keep","draw_074",1150,"2021-11-30","forecast","0.497032947790508"
"exdqlm_multivar_synth_keep","draw_074",1150,"2021-12-01","forecast","0.489722249312543"
"exdqlm_multivar_synth_keep","draw_074",1150,"2021-12-02","forecast","0.489928195765407"
"exdqlm_multivar_synth_keep","draw_074",1150,"2021-12-03","forecast","0.481634342304375"
"exdqlm_multivar_synth_keep","draw_074",1150,"2021-12-04","forecast","0.485246777697740"
"exdqlm_multivar_synth_keep","draw_074",1150,"2021-12-05","forecast","0.485745248129740"
"exdqlm_multivar_synth_keep","draw_074",1150,"2021-12-06","forecast","0.460344227822395"
"exdqlm_multivar_synth_keep","draw_074",1150,"2021-12-07","forecast","0.454782869285580"
"exdqlm_multivar_synth_keep","draw_074",1150,"2021-12-08","forecast","0.441499344832438"
"exdqlm_multivar_synth_keep","draw_074",1150,"2021-12-09","forecast","0.451328827705594"
"exdqlm_multivar_synth_keep","draw_074",1150,"2021-12-10","forecast","0.501516964705065"
"exdqlm_multivar_synth_keep","draw_075",1166,"2021-11-13","forecast","0.792088141532493"
"exdqlm_multivar_synth_keep","draw_075",1166,"2021-11-14","forecast","0.745157706080461"
"exdqlm_multivar_synth_keep","draw_075",1166,"2021-11-15","forecast","0.702255919018976"
"exdqlm_multivar_synth_keep","draw_075",1166,"2021-11-16","forecast","0.687094738133922"
"exdqlm_multivar_synth_keep","draw_075",1166,"2021-11-17","forecast","0.668522935919679"
"exdqlm_multivar_synth_keep","draw_075",1166,"2021-11-18","forecast","0.652572880484209"
"exdqlm_multivar_synth_keep","draw_075",1166,"2021-11-19","forecast","0.637653698780619"
"exdqlm_multivar_synth_keep","draw_075",1166,"2021-11-20","forecast","0.632319579847658"
"exdqlm_multivar_synth_keep","draw_075",1166,"2021-11-21","forecast","0.603298395246364"
"exdqlm_multivar_synth_keep","draw_075",1166,"2021-11-22","forecast","0.588119695455820"
"exdqlm_multivar_synth_keep","draw_075",1166,"2021-11-23","forecast","0.572030149404765"
"exdqlm_multivar_synth_keep","draw_075",1166,"2021-11-24","forecast","0.571835085084903"
"exdqlm_multivar_synth_keep","draw_075",1166,"2021-11-25","forecast","0.561212451350090"
"exdqlm_multivar_synth_keep","draw_075",1166,"2021-11-26","forecast","0.542008341903356"
"exdqlm_multivar_synth_keep","draw_075",1166,"2021-11-27","forecast","0.535366544566609"
"exdqlm_multivar_synth_keep","draw_075",1166,"2021-11-28","forecast","0.537117057341396"
"exdqlm_multivar_synth_keep","draw_075",1166,"2021-11-29","forecast","0.516367993328537"
"exdqlm_multivar_synth_keep","draw_075",1166,"2021-11-30","forecast","0.498072850344986"
"exdqlm_multivar_synth_keep","draw_075",1166,"2021-12-01","forecast","0.492242822407347"
"exdqlm_multivar_synth_keep","draw_075",1166,"2021-12-02","forecast","0.493381819027889"
"exdqlm_multivar_synth_keep","draw_075",1166,"2021-12-03","forecast","0.484672708444098"
"exdqlm_multivar_synth_keep","draw_075",1166,"2021-12-04","forecast","0.488144040002292"
"exdqlm_multivar_synth_keep","draw_075",1166,"2021-12-05","forecast","0.488539731444394"
"exdqlm_multivar_synth_keep","draw_075",1166,"2021-12-06","forecast","0.462933567298998"
"exdqlm_multivar_synth_keep","draw_075",1166,"2021-12-07","forecast","0.457932594139028"
"exdqlm_multivar_synth_keep","draw_075",1166,"2021-12-08","forecast","0.444882374887585"
"exdqlm_multivar_synth_keep","draw_075",1166,"2021-12-09","forecast","0.455239250616551"
"exdqlm_multivar_synth_keep","draw_075",1166,"2021-12-10","forecast","0.505522540633971"
"exdqlm_multivar_synth_keep","draw_076",1182,"2021-11-13","forecast","0.795496537409839"
"exdqlm_multivar_synth_keep","draw_076",1182,"2021-11-14","forecast","0.746799415331391"
"exdqlm_multivar_synth_keep","draw_076",1182,"2021-11-15","forecast","0.703248572904140"
"exdqlm_multivar_synth_keep","draw_076",1182,"2021-11-16","forecast","0.687962817249966"
"exdqlm_multivar_synth_keep","draw_076",1182,"2021-11-17","forecast","0.670679644449617"
"exdqlm_multivar_synth_keep","draw_076",1182,"2021-11-18","forecast","0.653977962790671"
"exdqlm_multivar_synth_keep","draw_076",1182,"2021-11-19","forecast","0.639826012202480"
"exdqlm_multivar_synth_keep","draw_076",1182,"2021-11-20","forecast","0.634484458251794"
"exdqlm_multivar_synth_keep","draw_076",1182,"2021-11-21","forecast","0.606667019849907"
"exdqlm_multivar_synth_keep","draw_076",1182,"2021-11-22","forecast","0.590882097924847"
"exdqlm_multivar_synth_keep","draw_076",1182,"2021-11-23","forecast","0.574593216239635"
"exdqlm_multivar_synth_keep","draw_076",1182,"2021-11-24","forecast","0.573615077036465"
"exdqlm_multivar_synth_keep","draw_076",1182,"2021-11-25","forecast","0.562196642600871"
"exdqlm_multivar_synth_keep","draw_076",1182,"2021-11-26","forecast","0.544383212296453"
"exdqlm_multivar_synth_keep","draw_076",1182,"2021-11-27","forecast","0.536235473183077"
"exdqlm_multivar_synth_keep","draw_076",1182,"2021-11-28","forecast","0.539736278991689"
"exdqlm_multivar_synth_keep","draw_076",1182,"2021-11-29","forecast","0.517651719517391"
"exdqlm_multivar_synth_keep","draw_076",1182,"2021-11-30","forecast","0.499553593948225"
"exdqlm_multivar_synth_keep","draw_076",1182,"2021-12-01","forecast","0.494749291281326"
"exdqlm_multivar_synth_keep","draw_076",1182,"2021-12-02","forecast","0.497111383176752"
"exdqlm_multivar_synth_keep","draw_076",1182,"2021-12-03","forecast","0.486960162064592"
"exdqlm_multivar_synth_keep","draw_076",1182,"2021-12-04","forecast","0.489950986845814"
"exdqlm_multivar_synth_keep","draw_076",1182,"2021-12-05","forecast","0.490267511286360"
"exdqlm_multivar_synth_keep","draw_076",1182,"2021-12-06","forecast","0.466382955118973"
"exdqlm_multivar_synth_keep","draw_076",1182,"2021-12-07","forecast","0.460653875969461"
"exdqlm_multivar_synth_keep","draw_076",1182,"2021-12-08","forecast","0.448401632502604"
"exdqlm_multivar_synth_keep","draw_076",1182,"2021-12-09","forecast","0.459530214009224"
"exdqlm_multivar_synth_keep","draw_076",1182,"2021-12-10","forecast","0.510232906992778"
"exdqlm_multivar_synth_keep","draw_077",1197,"2021-11-13","forecast","0.799423259128717"
"exdqlm_multivar_synth_keep","draw_077",1197,"2021-11-14","forecast","0.748396182060631"
"exdqlm_multivar_synth_keep","draw_077",1197,"2021-11-15","forecast","0.704394594267251"
"exdqlm_multivar_synth_keep","draw_077",1197,"2021-11-16","forecast","0.688736925645108"
"exdqlm_multivar_synth_keep","draw_077",1197,"2021-11-17","forecast","0.671781836914138"
"exdqlm_multivar_synth_keep","draw_077",1197,"2021-11-18","forecast","0.655833371299028"
"exdqlm_multivar_synth_keep","draw_077",1197,"2021-11-19","forecast","0.641790960746100"
"exdqlm_multivar_synth_keep","draw_077",1197,"2021-11-20","forecast","0.635934596426633"
"exdqlm_multivar_synth_keep","draw_077",1197,"2021-11-21","forecast","0.608434903022112"
"exdqlm_multivar_synth_keep","draw_077",1197,"2021-11-22","forecast","0.594176217889661"
"exdqlm_multivar_synth_keep","draw_077",1197,"2021-11-23","forecast","0.577013007954855"
"exdqlm_multivar_synth_keep","draw_077",1197,"2021-11-24","forecast","0.574323868862831"
"exdqlm_multivar_synth_keep","draw_077",1197,"2021-11-25","forecast","0.563851914008380"
"exdqlm_multivar_synth_keep","draw_077",1197,"2021-11-26","forecast","0.547611401027110"
"exdqlm_multivar_synth_keep","draw_077",1197,"2021-11-27","forecast","0.538870350983734"
"exdqlm_multivar_synth_keep","draw_077",1197,"2021-11-28","forecast","0.545051277686382"
"exdqlm_multivar_synth_keep","draw_077",1197,"2021-11-29","forecast","0.519089688475856"
"exdqlm_multivar_synth_keep","draw_077",1197,"2021-11-30","forecast","0.500883666733088"
"exdqlm_multivar_synth_keep","draw_077",1197,"2021-12-01","forecast","0.497364554998651"
"exdqlm_multivar_synth_keep","draw_077",1197,"2021-12-02","forecast","0.499596380668598"
"exdqlm_multivar_synth_keep","draw_077",1197,"2021-12-03","forecast","0.489667113550180"
"exdqlm_multivar_synth_keep","draw_077",1197,"2021-12-04","forecast","0.492638534426697"
"exdqlm_multivar_synth_keep","draw_077",1197,"2021-12-05","forecast","0.493685865830833"
"exdqlm_multivar_synth_keep","draw_077",1197,"2021-12-06","forecast","0.469202386638341"
"exdqlm_multivar_synth_keep","draw_077",1197,"2021-12-07","forecast","0.462868644866833"
"exdqlm_multivar_synth_keep","draw_077",1197,"2021-12-08","forecast","0.451357954977314"
"exdqlm_multivar_synth_keep","draw_077",1197,"2021-12-09","forecast","0.465193905319993"
"exdqlm_multivar_synth_keep","draw_077",1197,"2021-12-10","forecast","0.513626871079246"
"exdqlm_multivar_synth_keep","draw_078",1213,"2021-11-13","forecast","0.802731380697140"
"exdqlm_multivar_synth_keep","draw_078",1213,"2021-11-14","forecast","0.751542958632464"
"exdqlm_multivar_synth_keep","draw_078",1213,"2021-11-15","forecast","0.705499244266375"
"exdqlm_multivar_synth_keep","draw_078",1213,"2021-11-16","forecast","0.690459272769758"
"exdqlm_multivar_synth_keep","draw_078",1213,"2021-11-17","forecast","0.673116548294833"
"exdqlm_multivar_synth_keep","draw_078",1213,"2021-11-18","forecast","0.657852080699045"
"exdqlm_multivar_synth_keep","draw_078",1213,"2021-11-19","forecast","0.644067842829904"
"exdqlm_multivar_synth_keep","draw_078",1213,"2021-11-20","forecast","0.637399743446900"
"exdqlm_multivar_synth_keep","draw_078",1213,"2021-11-21","forecast","0.610798108878791"
"exdqlm_multivar_synth_keep","draw_078",1213,"2021-11-22","forecast","0.595371549710756"
"exdqlm_multivar_synth_keep","draw_078",1213,"2021-11-23","forecast","0.580727725690596"
"exdqlm_multivar_synth_keep","draw_078",1213,"2021-11-24","forecast","0.575752332916996"
"exdqlm_multivar_synth_keep","draw_078",1213,"2021-11-25","forecast","0.566469461386990"
"exdqlm_multivar_synth_keep","draw_078",1213,"2021-11-26","forecast","0.551563079237620"
"exdqlm_multivar_synth_keep","draw_078",1213,"2021-11-27","forecast","0.541097691469226"
"exdqlm_multivar_synth_keep","draw_078",1213,"2021-11-28","forecast","0.546994253005932"
"exdqlm_multivar_synth_keep","draw_078",1213,"2021-11-29","forecast","0.520639922412039"
"exdqlm_multivar_synth_keep","draw_078",1213,"2021-11-30","forecast","0.503861350230273"
"exdqlm_multivar_synth_keep","draw_078",1213,"2021-12-01","forecast","0.500292881409463"
"exdqlm_multivar_synth_keep","draw_078",1213,"2021-12-02","forecast","0.502757949362678"
"exdqlm_multivar_synth_keep","draw_078",1213,"2021-12-03","forecast","0.492479662946904"
"exdqlm_multivar_synth_keep","draw_078",1213,"2021-12-04","forecast","0.494857541865059"
"exdqlm_multivar_synth_keep","draw_078",1213,"2021-12-05","forecast","0.496125083324814"
"exdqlm_multivar_synth_keep","draw_078",1213,"2021-12-06","forecast","0.473352965930657"
"exdqlm_multivar_synth_keep","draw_078",1213,"2021-12-07","forecast","0.465941381383323"
"exdqlm_multivar_synth_keep","draw_078",1213,"2021-12-08","forecast","0.454042445587300"
"exdqlm_multivar_synth_keep","draw_078",1213,"2021-12-09","forecast","0.470543207360254"
"exdqlm_multivar_synth_keep","draw_078",1213,"2021-12-10","forecast","0.516850772241546"
"exdqlm_multivar_synth_keep","draw_079",1229,"2021-11-13","forecast","0.806314792924668"
"exdqlm_multivar_synth_keep","draw_079",1229,"2021-11-14","forecast","0.755223463074147"
"exdqlm_multivar_synth_keep","draw_079",1229,"2021-11-15","forecast","0.707837370763489"
"exdqlm_multivar_synth_keep","draw_079",1229,"2021-11-16","forecast","0.692366597011317"
"exdqlm_multivar_synth_keep","draw_079",1229,"2021-11-17","forecast","0.674794268705183"
"exdqlm_multivar_synth_keep","draw_079",1229,"2021-11-18","forecast","0.658691144822006"
"exdqlm_multivar_synth_keep","draw_079",1229,"2021-11-19","forecast","0.645309625520366"
"exdqlm_multivar_synth_keep","draw_079",1229,"2021-11-20","forecast","0.638766564669919"
"exdqlm_multivar_synth_keep","draw_079",1229,"2021-11-21","forecast","0.614548032130767"
"exdqlm_multivar_synth_keep","draw_079",1229,"2021-11-22","forecast","0.597262790043677"
"exdqlm_multivar_synth_keep","draw_079",1229,"2021-11-23","forecast","0.583049118741508"
"exdqlm_multivar_synth_keep","draw_079",1229,"2021-11-24","forecast","0.576963029038042"
"exdqlm_multivar_synth_keep","draw_079",1229,"2021-11-25","forecast","0.568774719218352"
"exdqlm_multivar_synth_keep","draw_079",1229,"2021-11-26","forecast","0.553941474297698"
"exdqlm_multivar_synth_keep","draw_079",1229,"2021-11-27","forecast","0.544016188342307"
"exdqlm_multivar_synth_keep","draw_079",1229,"2021-11-28","forecast","0.549091587110787"
"exdqlm_multivar_synth_keep","draw_079",1229,"2021-11-29","forecast","0.522340517559498"
"exdqlm_multivar_synth_keep","draw_079",1229,"2021-11-30","forecast","0.505995844246285"
"exdqlm_multivar_synth_keep","draw_079",1229,"2021-12-01","forecast","0.503886417898805"
"exdqlm_multivar_synth_keep","draw_079",1229,"2021-12-02","forecast","0.503892415820916"
"exdqlm_multivar_synth_keep","draw_079",1229,"2021-12-03","forecast","0.495948397777107"
"exdqlm_multivar_synth_keep","draw_079",1229,"2021-12-04","forecast","0.497960447748795"
"exdqlm_multivar_synth_keep","draw_079",1229,"2021-12-05","forecast","0.499305513068174"
"exdqlm_multivar_synth_keep","draw_079",1229,"2021-12-06","forecast","0.476753111873609"
"exdqlm_multivar_synth_keep","draw_079",1229,"2021-12-07","forecast","0.469049936763431"
"exdqlm_multivar_synth_keep","draw_079",1229,"2021-12-08","forecast","0.457272513802790"
"exdqlm_multivar_synth_keep","draw_079",1229,"2021-12-09","forecast","0.474807838454395"
"exdqlm_multivar_synth_keep","draw_079",1229,"2021-12-10","forecast","0.518854858055252"
"exdqlm_multivar_synth_keep","draw_080",1244,"2021-11-13","forecast","0.807936088913861"
"exdqlm_multivar_synth_keep","draw_080",1244,"2021-11-14","forecast","0.758186748321457"
"exdqlm_multivar_synth_keep","draw_080",1244,"2021-11-15","forecast","0.709015346269230"
"exdqlm_multivar_synth_keep","draw_080",1244,"2021-11-16","forecast","0.693633014383794"
"exdqlm_multivar_synth_keep","draw_080",1244,"2021-11-17","forecast","0.676182803213007"
"exdqlm_multivar_synth_keep","draw_080",1244,"2021-11-18","forecast","0.659053875676106"
"exdqlm_multivar_synth_keep","draw_080",1244,"2021-11-19","forecast","0.646761529996380"
"exdqlm_multivar_synth_keep","draw_080",1244,"2021-11-20","forecast","0.641359464421583"
"exdqlm_multivar_synth_keep","draw_080",1244,"2021-11-21","forecast","0.616255564746079"
"exdqlm_multivar_synth_keep","draw_080",1244,"2021-11-22","forecast","0.599925046581499"
"exdqlm_multivar_synth_keep","draw_080",1244,"2021-11-23","forecast","0.586830747273193"
"exdqlm_multivar_synth_keep","draw_080",1244,"2021-11-24","forecast","0.578130467863623"
"exdqlm_multivar_synth_keep","draw_080",1244,"2021-11-25","forecast","0.570196179235222"
"exdqlm_multivar_synth_keep","draw_080",1244,"2021-11-26","forecast","0.555502949613916"
"exdqlm_multivar_synth_keep","draw_080",1244,"2021-11-27","forecast","0.546235254569960"
"exdqlm_multivar_synth_keep","draw_080",1244,"2021-11-28","forecast","0.552847085731274"
"exdqlm_multivar_synth_keep","draw_080",1244,"2021-11-29","forecast","0.524116260122065"
"exdqlm_multivar_synth_keep","draw_080",1244,"2021-11-30","forecast","0.507518930937472"
"exdqlm_multivar_synth_keep","draw_080",1244,"2021-12-01","forecast","0.506735959488410"
"exdqlm_multivar_synth_keep","draw_080",1244,"2021-12-02","forecast","0.506698594986580"
"exdqlm_multivar_synth_keep","draw_080",1244,"2021-12-03","forecast","0.497715560371889"
"exdqlm_multivar_synth_keep","draw_080",1244,"2021-12-04","forecast","0.500291983806731"
"exdqlm_multivar_synth_keep","draw_080",1244,"2021-12-05","forecast","0.503223445848894"
"exdqlm_multivar_synth_keep","draw_080",1244,"2021-12-06","forecast","0.480417622980523"
"exdqlm_multivar_synth_keep","draw_080",1244,"2021-12-07","forecast","0.473108919844265"
"exdqlm_multivar_synth_keep","draw_080",1244,"2021-12-08","forecast","0.459118777268585"
"exdqlm_multivar_synth_keep","draw_080",1244,"2021-12-09","forecast","0.480807172870064"
"exdqlm_multivar_synth_keep","draw_080",1244,"2021-12-10","forecast","0.521426591157550"
"exdqlm_multivar_synth_keep","draw_081",1260,"2021-11-13","forecast","0.811386114444076"
"exdqlm_multivar_synth_keep","draw_081",1260,"2021-11-14","forecast","0.760245981644429"
"exdqlm_multivar_synth_keep","draw_081",1260,"2021-11-15","forecast","0.709640044144085"
"exdqlm_multivar_synth_keep","draw_081",1260,"2021-11-16","forecast","0.694805096969313"
"exdqlm_multivar_synth_keep","draw_081",1260,"2021-11-17","forecast","0.678912947585995"
"exdqlm_multivar_synth_keep","draw_081",1260,"2021-11-18","forecast","0.660865462451634"
"exdqlm_multivar_synth_keep","draw_081",1260,"2021-11-19","forecast","0.648165602079339"
"exdqlm_multivar_synth_keep","draw_081",1260,"2021-11-20","forecast","0.644597698021347"
"exdqlm_multivar_synth_keep","draw_081",1260,"2021-11-21","forecast","0.617928840910018"
"exdqlm_multivar_synth_keep","draw_081",1260,"2021-11-22","forecast","0.602395115763784"
"exdqlm_multivar_synth_keep","draw_081",1260,"2021-11-23","forecast","0.588427897835236"
"exdqlm_multivar_synth_keep","draw_081",1260,"2021-11-24","forecast","0.580323320293159"
"exdqlm_multivar_synth_keep","draw_081",1260,"2021-11-25","forecast","0.571934933093392"
"exdqlm_multivar_synth_keep","draw_081",1260,"2021-11-26","forecast","0.557913092864146"
"exdqlm_multivar_synth_keep","draw_081",1260,"2021-11-27","forecast","0.547848289403670"
"exdqlm_multivar_synth_keep","draw_081",1260,"2021-11-28","forecast","0.555778747081777"
"exdqlm_multivar_synth_keep","draw_081",1260,"2021-11-29","forecast","0.525434077439286"
"exdqlm_multivar_synth_keep","draw_081",1260,"2021-11-30","forecast","0.510635201724489"
"exdqlm_multivar_synth_keep","draw_081",1260,"2021-12-01","forecast","0.510101319654459"
"exdqlm_multivar_synth_keep","draw_081",1260,"2021-12-02","forecast","0.509196460287540"
"exdqlm_multivar_synth_keep","draw_081",1260,"2021-12-03","forecast","0.499394993411653"
"exdqlm_multivar_synth_keep","draw_081",1260,"2021-12-04","forecast","0.503103020596281"
"exdqlm_multivar_synth_keep","draw_081",1260,"2021-12-05","forecast","0.508151928584954"
"exdqlm_multivar_synth_keep","draw_081",1260,"2021-12-06","forecast","0.483861522212877"
"exdqlm_multivar_synth_keep","draw_081",1260,"2021-12-07","forecast","0.475204701940286"
"exdqlm_multivar_synth_keep","draw_081",1260,"2021-12-08","forecast","0.461795628840072"
"exdqlm_multivar_synth_keep","draw_081",1260,"2021-12-09","forecast","0.487250516720756"
"exdqlm_multivar_synth_keep","draw_081",1260,"2021-12-10","forecast","0.526368779073863"
"exdqlm_multivar_synth_keep","draw_082",1276,"2021-11-13","forecast","0.812548049369062"
"exdqlm_multivar_synth_keep","draw_082",1276,"2021-11-14","forecast","0.763081716093641"
"exdqlm_multivar_synth_keep","draw_082",1276,"2021-11-15","forecast","0.710711204918189"
"exdqlm_multivar_synth_keep","draw_082",1276,"2021-11-16","forecast","0.694875543667232"
"exdqlm_multivar_synth_keep","draw_082",1276,"2021-11-17","forecast","0.682793073045857"
"exdqlm_multivar_synth_keep","draw_082",1276,"2021-11-18","forecast","0.662261018409471"
"exdqlm_multivar_synth_keep","draw_082",1276,"2021-11-19","forecast","0.649662866407127"
"exdqlm_multivar_synth_keep","draw_082",1276,"2021-11-20","forecast","0.644716155578603"
"exdqlm_multivar_synth_keep","draw_082",1276,"2021-11-21","forecast","0.618912351114884"
"exdqlm_multivar_synth_keep","draw_082",1276,"2021-11-22","forecast","0.605373876070835"
"exdqlm_multivar_synth_keep","draw_082",1276,"2021-11-23","forecast","0.591447785928796"
"exdqlm_multivar_synth_keep","draw_082",1276,"2021-11-24","forecast","0.581098443732767"
"exdqlm_multivar_synth_keep","draw_082",1276,"2021-11-25","forecast","0.573203880356989"
"exdqlm_multivar_synth_keep","draw_082",1276,"2021-11-26","forecast","0.561873341263992"
"exdqlm_multivar_synth_keep","draw_082",1276,"2021-11-27","forecast","0.551062780969059"
"exdqlm_multivar_synth_keep","draw_082",1276,"2021-11-28","forecast","0.556402437417693"
"exdqlm_multivar_synth_keep","draw_082",1276,"2021-11-29","forecast","0.526841855253243"
"exdqlm_multivar_synth_keep","draw_082",1276,"2021-11-30","forecast","0.513002460345529"
"exdqlm_multivar_synth_keep","draw_082",1276,"2021-12-01","forecast","0.513543710045946"
"exdqlm_multivar_synth_keep","draw_082",1276,"2021-12-02","forecast","0.511260156361465"
"exdqlm_multivar_synth_keep","draw_082",1276,"2021-12-03","forecast","0.501052740146951"
"exdqlm_multivar_synth_keep","draw_082",1276,"2021-12-04","forecast","0.505817352668782"
"exdqlm_multivar_synth_keep","draw_082",1276,"2021-12-05","forecast","0.509706040523874"
"exdqlm_multivar_synth_keep","draw_082",1276,"2021-12-06","forecast","0.487914925437711"
"exdqlm_multivar_synth_keep","draw_082",1276,"2021-12-07","forecast","0.478599741704276"
"exdqlm_multivar_synth_keep","draw_082",1276,"2021-12-08","forecast","0.464846835397452"
"exdqlm_multivar_synth_keep","draw_082",1276,"2021-12-09","forecast","0.493296714918282"
"exdqlm_multivar_synth_keep","draw_082",1276,"2021-12-10","forecast","0.530889629348387"
"exdqlm_multivar_synth_keep","draw_083",1292,"2021-11-13","forecast","0.812765133500542"
"exdqlm_multivar_synth_keep","draw_083",1292,"2021-11-14","forecast","0.766143329114014"
"exdqlm_multivar_synth_keep","draw_083",1292,"2021-11-15","forecast","0.711415396491159"
"exdqlm_multivar_synth_keep","draw_083",1292,"2021-11-16","forecast","0.694955813627442"
"exdqlm_multivar_synth_keep","draw_083",1292,"2021-11-17","forecast","0.684750560827236"
"exdqlm_multivar_synth_keep","draw_083",1292,"2021-11-18","forecast","0.666432091744718"
"exdqlm_multivar_synth_keep","draw_083",1292,"2021-11-19","forecast","0.652215620013029"
"exdqlm_multivar_synth_keep","draw_083",1292,"2021-11-20","forecast","0.644775853713680"
"exdqlm_multivar_synth_keep","draw_083",1292,"2021-11-21","forecast","0.619677702827764"
"exdqlm_multivar_synth_keep","draw_083",1292,"2021-11-22","forecast","0.607654230972062"
"exdqlm_multivar_synth_keep","draw_083",1292,"2021-11-23","forecast","0.594642385239998"
"exdqlm_multivar_synth_keep","draw_083",1292,"2021-11-24","forecast","0.581311936842783"
"exdqlm_multivar_synth_keep","draw_083",1292,"2021-11-25","forecast","0.575611761240471"
"exdqlm_multivar_synth_keep","draw_083",1292,"2021-11-26","forecast","0.563757665116559"
"exdqlm_multivar_synth_keep","draw_083",1292,"2021-11-27","forecast","0.552712612069531"
"exdqlm_multivar_synth_keep","draw_083",1292,"2021-11-28","forecast","0.557865574359096"
"exdqlm_multivar_synth_keep","draw_083",1292,"2021-11-29","forecast","0.527803746463036"
"exdqlm_multivar_synth_keep","draw_083",1292,"2021-11-30","forecast","0.516994661874820"
"exdqlm_multivar_synth_keep","draw_083",1292,"2021-12-01","forecast","0.514394618819775"
"exdqlm_multivar_synth_keep","draw_083",1292,"2021-12-02","forecast","0.512273411521514"
"exdqlm_multivar_synth_keep","draw_083",1292,"2021-12-03","forecast","0.502431155631447"
"exdqlm_multivar_synth_keep","draw_083",1292,"2021-12-04","forecast","0.508985649972300"
"exdqlm_multivar_synth_keep","draw_083",1292,"2021-12-05","forecast","0.512968101857048"
"exdqlm_multivar_synth_keep","draw_083",1292,"2021-12-06","forecast","0.489355067130840"
"exdqlm_multivar_synth_keep","draw_083",1292,"2021-12-07","forecast","0.480954025531354"
"exdqlm_multivar_synth_keep","draw_083",1292,"2021-12-08","forecast","0.468604477803445"
"exdqlm_multivar_synth_keep","draw_083",1292,"2021-12-09","forecast","0.503016963495769"
"exdqlm_multivar_synth_keep","draw_083",1292,"2021-12-10","forecast","0.535775275855800"
"exdqlm_multivar_synth_keep","draw_084",1307,"2021-11-13","forecast","0.813086026021742"
"exdqlm_multivar_synth_keep","draw_084",1307,"2021-11-14","forecast","0.768282218676376"
"exdqlm_multivar_synth_keep","draw_084",1307,"2021-11-15","forecast","0.712727883886847"
"exdqlm_multivar_synth_keep","draw_084",1307,"2021-11-16","forecast","0.695639498066262"
"exdqlm_multivar_synth_keep","draw_084",1307,"2021-11-17","forecast","0.684837222626302"
"exdqlm_multivar_synth_keep","draw_084",1307,"2021-11-18","forecast","0.668407332199653"
"exdqlm_multivar_synth_keep","draw_084",1307,"2021-11-19","forecast","0.654185245505232"
"exdqlm_multivar_synth_keep","draw_084",1307,"2021-11-20","forecast","0.644844991272055"
"exdqlm_multivar_synth_keep","draw_084",1307,"2021-11-21","forecast","0.621586714339794"
"exdqlm_multivar_synth_keep","draw_084",1307,"2021-11-22","forecast","0.609194029861086"
"exdqlm_multivar_synth_keep","draw_084",1307,"2021-11-23","forecast","0.596612934149886"
"exdqlm_multivar_synth_keep","draw_084",1307,"2021-11-24","forecast","0.581742920884244"
"exdqlm_multivar_synth_keep","draw_084",1307,"2021-11-25","forecast","0.577424896795088"
"exdqlm_multivar_synth_keep","draw_084",1307,"2021-11-26","forecast","0.567413537327511"
"exdqlm_multivar_synth_keep","draw_084",1307,"2021-11-27","forecast","0.555320284640063"
"exdqlm_multivar_synth_keep","draw_084",1307,"2021-11-28","forecast","0.560642890361399"
"exdqlm_multivar_synth_keep","draw_084",1307,"2021-11-29","forecast","0.529387878530131"
"exdqlm_multivar_synth_keep","draw_084",1307,"2021-11-30","forecast","0.519520488104686"
"exdqlm_multivar_synth_keep","draw_084",1307,"2021-12-01","forecast","0.514659842067025"
"exdqlm_multivar_synth_keep","draw_084",1307,"2021-12-02","forecast","0.512463759614806"
"exdqlm_multivar_synth_keep","draw_084",1307,"2021-12-03","forecast","0.504100311590678"
"exdqlm_multivar_synth_keep","draw_084",1307,"2021-12-04","forecast","0.510315258375131"
"exdqlm_multivar_synth_keep","draw_084",1307,"2021-12-05","forecast","0.514649366826324"
"exdqlm_multivar_synth_keep","draw_084",1307,"2021-12-06","forecast","0.492273661941607"
"exdqlm_multivar_synth_keep","draw_084",1307,"2021-12-07","forecast","0.482333894962507"
"exdqlm_multivar_synth_keep","draw_084",1307,"2021-12-08","forecast","0.470124783997790"
"exdqlm_multivar_synth_keep","draw_084",1307,"2021-12-09","forecast","0.531879331602776"
"exdqlm_multivar_synth_keep","draw_084",1307,"2021-12-10","forecast","0.539540350262995"
"exdqlm_multivar_synth_keep","draw_085",1323,"2021-11-13","forecast","0.813244410082164"
"exdqlm_multivar_synth_keep","draw_085",1323,"2021-11-14","forecast","0.769897368574236"
"exdqlm_multivar_synth_keep","draw_085",1323,"2021-11-15","forecast","0.716854250035397"
"exdqlm_multivar_synth_keep","draw_085",1323,"2021-11-16","forecast","0.695894399835038"
"exdqlm_multivar_synth_keep","draw_085",1323,"2021-11-17","forecast","0.685043906084284"
"exdqlm_multivar_synth_keep","draw_085",1323,"2021-11-18","forecast","0.668561465609256"
"exdqlm_multivar_synth_keep","draw_085",1323,"2021-11-19","forecast","0.654410760317448"
"exdqlm_multivar_synth_keep","draw_085",1323,"2021-11-20","forecast","0.645012196372088"
"exdqlm_multivar_synth_keep","draw_085",1323,"2021-11-21","forecast","0.622893221331262"
"exdqlm_multivar_synth_keep","draw_085",1323,"2021-11-22","forecast","0.610503639181431"
"exdqlm_multivar_synth_keep","draw_085",1323,"2021-11-23","forecast","0.598760431269507"
"exdqlm_multivar_synth_keep","draw_085",1323,"2021-11-24","forecast","0.582473413981499"
"exdqlm_multivar_synth_keep","draw_085",1323,"2021-11-25","forecast","0.579795948333289"
"exdqlm_multivar_synth_keep","draw_085",1323,"2021-11-26","forecast","0.568833943448409"
"exdqlm_multivar_synth_keep","draw_085",1323,"2021-11-27","forecast","0.557720773725279"
"exdqlm_multivar_synth_keep","draw_085",1323,"2021-11-28","forecast","0.561843399708695"
"exdqlm_multivar_synth_keep","draw_085",1323,"2021-11-29","forecast","0.531518817972129"
"exdqlm_multivar_synth_keep","draw_085",1323,"2021-11-30","forecast","0.521730931982146"
"exdqlm_multivar_synth_keep","draw_085",1323,"2021-12-01","forecast","0.515058647521922"
"exdqlm_multivar_synth_keep","draw_085",1323,"2021-12-02","forecast","0.512641912219429"
"exdqlm_multivar_synth_keep","draw_085",1323,"2021-12-03","forecast","0.506342624665060"
"exdqlm_multivar_synth_keep","draw_085",1323,"2021-12-04","forecast","0.511190172089699"
"exdqlm_multivar_synth_keep","draw_085",1323,"2021-12-05","forecast","0.515113248347632"
"exdqlm_multivar_synth_keep","draw_085",1323,"2021-12-06","forecast","0.494830230838654"
"exdqlm_multivar_synth_keep","draw_085",1323,"2021-12-07","forecast","0.485694862421647"
"exdqlm_multivar_synth_keep","draw_085",1323,"2021-12-08","forecast","0.471448519448960"
"exdqlm_multivar_synth_keep","draw_085",1323,"2021-12-09","forecast","0.544580211766007"
"exdqlm_multivar_synth_keep","draw_085",1323,"2021-12-10","forecast","0.544369956626849"
"exdqlm_multivar_synth_keep","draw_086",1339,"2021-11-13","forecast","0.813280329582202"
"exdqlm_multivar_synth_keep","draw_086",1339,"2021-11-14","forecast","0.771121241379852"
"exdqlm_multivar_synth_keep","draw_086",1339,"2021-11-15","forecast","0.717693303061374"
"exdqlm_multivar_synth_keep","draw_086",1339,"2021-11-16","forecast","0.696148257754953"
"exdqlm_multivar_synth_keep","draw_086",1339,"2021-11-17","forecast","0.685122154435216"
"exdqlm_multivar_synth_keep","draw_086",1339,"2021-11-18","forecast","0.668759127219079"
"exdqlm_multivar_synth_keep","draw_086",1339,"2021-11-19","forecast","0.654583520206837"
"exdqlm_multivar_synth_keep","draw_086",1339,"2021-11-20","forecast","0.645287642845644"
"exdqlm_multivar_synth_keep","draw_086",1339,"2021-11-21","forecast","0.623861695879653"
"exdqlm_multivar_synth_keep","draw_086",1339,"2021-11-22","forecast","0.612615252944008"
"exdqlm_multivar_synth_keep","draw_086",1339,"2021-11-23","forecast","0.600614836155213"
"exdqlm_multivar_synth_keep","draw_086",1339,"2021-11-24","forecast","0.582784291307725"
"exdqlm_multivar_synth_keep","draw_086",1339,"2021-11-25","forecast","0.581528310605179"
"exdqlm_multivar_synth_keep","draw_086",1339,"2021-11-26","forecast","0.571781721012141"
"exdqlm_multivar_synth_keep","draw_086",1339,"2021-11-27","forecast","0.562112991324939"
"exdqlm_multivar_synth_keep","draw_086",1339,"2021-11-28","forecast","0.563295203344548"
"exdqlm_multivar_synth_keep","draw_086",1339,"2021-11-29","forecast","0.534998987556187"
"exdqlm_multivar_synth_keep","draw_086",1339,"2021-11-30","forecast","0.525983567504525"
"exdqlm_multivar_synth_keep","draw_086",1339,"2021-12-01","forecast","0.516638538263781"
"exdqlm_multivar_synth_keep","draw_086",1339,"2021-12-02","forecast","0.513717400311875"
"exdqlm_multivar_synth_keep","draw_086",1339,"2021-12-03","forecast","0.507146536414490"
"exdqlm_multivar_synth_keep","draw_086",1339,"2021-12-04","forecast","0.511277785260025"
"exdqlm_multivar_synth_keep","draw_086",1339,"2021-12-05","forecast","0.515282016891771"
"exdqlm_multivar_synth_keep","draw_086",1339,"2021-12-06","forecast","0.498165979885585"
"exdqlm_multivar_synth_keep","draw_086",1339,"2021-12-07","forecast","0.487953250609640"
"exdqlm_multivar_synth_keep","draw_086",1339,"2021-12-08","forecast","0.474143750284658"
"exdqlm_multivar_synth_keep","draw_086",1339,"2021-12-09","forecast","0.568099767344233"
"exdqlm_multivar_synth_keep","draw_086",1339,"2021-12-10","forecast","0.548445725677282"
"exdqlm_multivar_synth_keep","draw_087",1355,"2021-11-13","forecast","0.813475809147761"
"exdqlm_multivar_synth_keep","draw_087",1355,"2021-11-14","forecast","0.772154584450246"
"exdqlm_multivar_synth_keep","draw_087",1355,"2021-11-15","forecast","0.718072675264846"
"exdqlm_multivar_synth_keep","draw_087",1355,"2021-11-16","forecast","0.696472374048666"
"exdqlm_multivar_synth_keep","draw_087",1355,"2021-11-17","forecast","0.685206671599538"
"exdqlm_multivar_synth_keep","draw_087",1355,"2021-11-18","forecast","0.669020726078644"
"exdqlm_multivar_synth_keep","draw_087",1355,"2021-11-19","forecast","0.654735118414637"
"exdqlm_multivar_synth_keep","draw_087",1355,"2021-11-20","forecast","0.645440924981979"
"exdqlm_multivar_synth_keep","draw_087",1355,"2021-11-21","forecast","0.624032707097045"
"exdqlm_multivar_synth_keep","draw_087",1355,"2021-11-22","forecast","0.615156032054391"
"exdqlm_multivar_synth_keep","draw_087",1355,"2021-11-23","forecast","0.601029034448275"
"exdqlm_multivar_synth_keep","draw_087",1355,"2021-11-24","forecast","0.583058681051744"
"exdqlm_multivar_synth_keep","draw_087",1355,"2021-11-25","forecast","0.583520259544501"
"exdqlm_multivar_synth_keep","draw_087",1355,"2021-11-26","forecast","0.573016424335994"
"exdqlm_multivar_synth_keep","draw_087",1355,"2021-11-27","forecast","0.564191751899996"
"exdqlm_multivar_synth_keep","draw_087",1355,"2021-11-28","forecast","0.564763249313076"
"exdqlm_multivar_synth_keep","draw_087",1355,"2021-11-29","forecast","0.536793358394775"
"exdqlm_multivar_synth_keep","draw_087",1355,"2021-11-30","forecast","0.526271952187646"
"exdqlm_multivar_synth_keep","draw_087",1355,"2021-12-01","forecast","0.517348014106602"
"exdqlm_multivar_synth_keep","draw_087",1355,"2021-12-02","forecast","0.514072868813480"
"exdqlm_multivar_synth_keep","draw_087",1355,"2021-12-03","forecast","0.508462623556829"
"exdqlm_multivar_synth_keep","draw_087",1355,"2021-12-04","forecast","0.511604100525011"
"exdqlm_multivar_synth_keep","draw_087",1355,"2021-12-05","forecast","0.515361968671711"
"exdqlm_multivar_synth_keep","draw_087",1355,"2021-12-06","forecast","0.500795104430729"
"exdqlm_multivar_synth_keep","draw_087",1355,"2021-12-07","forecast","0.491657930228332"
"exdqlm_multivar_synth_keep","draw_087",1355,"2021-12-08","forecast","0.475157721278256"
"exdqlm_multivar_synth_keep","draw_087",1355,"2021-12-09","forecast","0.586674802741562"
"exdqlm_multivar_synth_keep","draw_087",1355,"2021-12-10","forecast","0.552821232637444"
"exdqlm_multivar_synth_keep","draw_088",1370,"2021-11-13","forecast","0.813763689789292"
"exdqlm_multivar_synth_keep","draw_088",1370,"2021-11-14","forecast","0.772594092983447"
"exdqlm_multivar_synth_keep","draw_088",1370,"2021-11-15","forecast","0.718489909796696"
"exdqlm_multivar_synth_keep","draw_088",1370,"2021-11-16","forecast","0.697206603351445"
"exdqlm_multivar_synth_keep","draw_088",1370,"2021-11-17","forecast","0.685259961621617"
"exdqlm_multivar_synth_keep","draw_088",1370,"2021-11-18","forecast","0.669145689256833"
"exdqlm_multivar_synth_keep","draw_088",1370,"2021-11-19","forecast","0.654890053793625"
"exdqlm_multivar_synth_keep","draw_088",1370,"2021-11-20","forecast","0.645530063474720"
"exdqlm_multivar_synth_keep","draw_088",1370,"2021-11-21","forecast","0.624496879131843"
"exdqlm_multivar_synth_keep","draw_088",1370,"2021-11-22","forecast","0.616278671900982"
"exdqlm_multivar_synth_keep","draw_088",1370,"2021-11-23","forecast","0.601752277723823"
"exdqlm_multivar_synth_keep","draw_088",1370,"2021-11-24","forecast","0.583179552117089"
"exdqlm_multivar_synth_keep","draw_088",1370,"2021-11-25","forecast","0.585192599304617"
"exdqlm_multivar_synth_keep","draw_088",1370,"2021-11-26","forecast","0.573242521006977"
"exdqlm_multivar_synth_keep","draw_088",1370,"2021-11-27","forecast","0.565535589720302"
"exdqlm_multivar_synth_keep","draw_088",1370,"2021-11-28","forecast","0.566154252328047"
"exdqlm_multivar_synth_keep","draw_088",1370,"2021-11-29","forecast","0.539531284641051"
"exdqlm_multivar_synth_keep","draw_088",1370,"2021-11-30","forecast","0.527138171874895"
"exdqlm_multivar_synth_keep","draw_088",1370,"2021-12-01","forecast","0.517991878926861"
"exdqlm_multivar_synth_keep","draw_088",1370,"2021-12-02","forecast","0.514274162911668"
"exdqlm_multivar_synth_keep","draw_088",1370,"2021-12-03","forecast","0.510784672577448"
"exdqlm_multivar_synth_keep","draw_088",1370,"2021-12-04","forecast","0.512024309357586"
"exdqlm_multivar_synth_keep","draw_088",1370,"2021-12-05","forecast","0.515475174319435"
"exdqlm_multivar_synth_keep","draw_088",1370,"2021-12-06","forecast","0.501678169147234"
"exdqlm_multivar_synth_keep","draw_088",1370,"2021-12-07","forecast","0.495567416771741"
"exdqlm_multivar_synth_keep","draw_088",1370,"2021-12-08","forecast","0.476256624010238"
"exdqlm_multivar_synth_keep","draw_088",1370,"2021-12-09","forecast","0.608709957419551"
"exdqlm_multivar_synth_keep","draw_088",1370,"2021-12-10","forecast","0.555260953539190"
"exdqlm_multivar_synth_keep","draw_089",1386,"2021-11-13","forecast","0.814011275550681"
"exdqlm_multivar_synth_keep","draw_089",1386,"2021-11-14","forecast","0.772811283787690"
"exdqlm_multivar_synth_keep","draw_089",1386,"2021-11-15","forecast","0.718655280696775"
"exdqlm_multivar_synth_keep","draw_089",1386,"2021-11-16","forecast","0.697473362779822"
"exdqlm_multivar_synth_keep","draw_089",1386,"2021-11-17","forecast","0.685322023094845"
"exdqlm_multivar_synth_keep","draw_089",1386,"2021-11-18","forecast","0.669263965579743"
"exdqlm_multivar_synth_keep","draw_089",1386,"2021-11-19","forecast","0.655453077241616"
"exdqlm_multivar_synth_keep","draw_089",1386,"2021-11-20","forecast","0.645578498325668"
"exdqlm_multivar_synth_keep","draw_089",1386,"2021-11-21","forecast","0.624966541462745"
"exdqlm_multivar_synth_keep","draw_089",1386,"2021-11-22","forecast","0.617722042251356"
"exdqlm_multivar_synth_keep","draw_089",1386,"2021-11-23","forecast","0.603670978249198"
"exdqlm_multivar_synth_keep","draw_089",1386,"2021-11-24","forecast","0.583651204615304"
"exdqlm_multivar_synth_keep","draw_089",1386,"2021-11-25","forecast","0.588538889868188"
"exdqlm_multivar_synth_keep","draw_089",1386,"2021-11-26","forecast","0.573862843780287"
"exdqlm_multivar_synth_keep","draw_089",1386,"2021-11-27","forecast","0.566166742867900"
"exdqlm_multivar_synth_keep","draw_089",1386,"2021-11-28","forecast","0.567459752539081"
"exdqlm_multivar_synth_keep","draw_089",1386,"2021-11-29","forecast","0.542970830510527"
"exdqlm_multivar_synth_keep","draw_089",1386,"2021-11-30","forecast","0.528942304419715"
"exdqlm_multivar_synth_keep","draw_089",1386,"2021-12-01","forecast","0.518450605032620"
"exdqlm_multivar_synth_keep","draw_089",1386,"2021-12-02","forecast","0.514332252650387"
"exdqlm_multivar_synth_keep","draw_089",1386,"2021-12-03","forecast","0.511055885780222"
"exdqlm_multivar_synth_keep","draw_089",1386,"2021-12-04","forecast","0.513038704189084"
"exdqlm_multivar_synth_keep","draw_089",1386,"2021-12-05","forecast","0.515579385905612"
"exdqlm_multivar_synth_keep","draw_089",1386,"2021-12-06","forecast","0.503193840611379"
"exdqlm_multivar_synth_keep","draw_089",1386,"2021-12-07","forecast","0.498668430320797"
"exdqlm_multivar_synth_keep","draw_089",1386,"2021-12-08","forecast","0.478207623620959"
"exdqlm_multivar_synth_keep","draw_089",1386,"2021-12-09","forecast","0.631104248156991"
"exdqlm_multivar_synth_keep","draw_089",1386,"2021-12-10","forecast","0.559322231337646"
"exdqlm_multivar_synth_keep","draw_090",1402,"2021-11-13","forecast","0.814332248706754"
"exdqlm_multivar_synth_keep","draw_090",1402,"2021-11-14","forecast","0.773204602635408"
"exdqlm_multivar_synth_keep","draw_090",1402,"2021-11-15","forecast","0.718710338037249"
"exdqlm_multivar_synth_keep","draw_090",1402,"2021-11-16","forecast","0.697720347928378"
"exdqlm_multivar_synth_keep","draw_090",1402,"2021-11-17","forecast","0.685398446712491"
"exdqlm_multivar_synth_keep","draw_090",1402,"2021-11-18","forecast","0.669449323496369"
"exdqlm_multivar_synth_keep","draw_090",1402,"2021-11-19","forecast","0.656099079404807"
"exdqlm_multivar_synth_keep","draw_090",1402,"2021-11-20","forecast","0.645618397059416"
"exdqlm_multivar_synth_keep","draw_090",1402,"2021-11-21","forecast","0.625105513325066"
"exdqlm_multivar_synth_keep","draw_090",1402,"2021-11-22","forecast","0.619321013018399"
"exdqlm_multivar_synth_keep","draw_090",1402,"2021-11-23","forecast","0.603905461894897"
"exdqlm_multivar_synth_keep","draw_090",1402,"2021-11-24","forecast","0.584197808319512"
"exdqlm_multivar_synth_keep","draw_090",1402,"2021-11-25","forecast","0.591010552854399"
"exdqlm_multivar_synth_keep","draw_090",1402,"2021-11-26","forecast","0.574464021986967"
"exdqlm_multivar_synth_keep","draw_090",1402,"2021-11-27","forecast","0.566542243071269"
"exdqlm_multivar_synth_keep","draw_090",1402,"2021-11-28","forecast","0.568861034876178"
"exdqlm_multivar_synth_keep","draw_090",1402,"2021-11-29","forecast","0.545128480412270"
"exdqlm_multivar_synth_keep","draw_090",1402,"2021-11-30","forecast","0.530657869467621"
"exdqlm_multivar_synth_keep","draw_090",1402,"2021-12-01","forecast","0.518970505526076"
"exdqlm_multivar_synth_keep","draw_090",1402,"2021-12-02","forecast","0.514430045715498"
"exdqlm_multivar_synth_keep","draw_090",1402,"2021-12-03","forecast","0.511382971263081"
"exdqlm_multivar_synth_keep","draw_090",1402,"2021-12-04","forecast","0.513335127907948"
"exdqlm_multivar_synth_keep","draw_090",1402,"2021-12-05","forecast","0.515751314486479"
"exdqlm_multivar_synth_keep","draw_090",1402,"2021-12-06","forecast","0.505216806476670"
"exdqlm_multivar_synth_keep","draw_090",1402,"2021-12-07","forecast","0.504758132132467"
"exdqlm_multivar_synth_keep","draw_090",1402,"2021-12-08","forecast","0.480004393575854"
"exdqlm_multivar_synth_keep","draw_090",1402,"2021-12-09","forecast","0.644947667299128"
"exdqlm_multivar_synth_keep","draw_090",1402,"2021-12-10","forecast","0.563793471694721"
"exdqlm_multivar_synth_keep","draw_091",1418,"2021-11-13","forecast","0.814549053639268"
"exdqlm_multivar_synth_keep","draw_091",1418,"2021-11-14","forecast","0.773501925652576"
"exdqlm_multivar_synth_keep","draw_091",1418,"2021-11-15","forecast","0.718836245099203"
"exdqlm_multivar_synth_keep","draw_091",1418,"2021-11-16","forecast","0.697866257510709"
"exdqlm_multivar_synth_keep","draw_091",1418,"2021-11-17","forecast","0.685426516510073"
"exdqlm_multivar_synth_keep","draw_091",1418,"2021-11-18","forecast","0.669614744888957"
"exdqlm_multivar_synth_keep","draw_091",1418,"2021-11-19","forecast","0.656311443038925"
"exdqlm_multivar_synth_keep","draw_091",1418,"2021-11-20","forecast","0.645664127353598"
"exdqlm_multivar_synth_keep","draw_091",1418,"2021-11-21","forecast","0.625276908084522"
"exdqlm_multivar_synth_keep","draw_091",1418,"2021-11-22","forecast","0.620733755651081"
"exdqlm_multivar_synth_keep","draw_091",1418,"2021-11-23","forecast","0.603988220159208"
"exdqlm_multivar_synth_keep","draw_091",1418,"2021-11-24","forecast","0.584478547921591"
"exdqlm_multivar_synth_keep","draw_091",1418,"2021-11-25","forecast","0.592892510567344"
"exdqlm_multivar_synth_keep","draw_091",1418,"2021-11-26","forecast","0.574708195813206"
"exdqlm_multivar_synth_keep","draw_091",1418,"2021-11-27","forecast","0.566984756114194"
"exdqlm_multivar_synth_keep","draw_091",1418,"2021-11-28","forecast","0.569902753271921"
"exdqlm_multivar_synth_keep","draw_091",1418,"2021-11-29","forecast","0.545918243386981"
"exdqlm_multivar_synth_keep","draw_091",1418,"2021-11-30","forecast","0.532394970095864"
"exdqlm_multivar_synth_keep","draw_091",1418,"2021-12-01","forecast","0.519572546279085"
"exdqlm_multivar_synth_keep","draw_091",1418,"2021-12-02","forecast","0.514666724864561"
"exdqlm_multivar_synth_keep","draw_091",1418,"2021-12-03","forecast","0.512913737832879"
"exdqlm_multivar_synth_keep","draw_091",1418,"2021-12-04","forecast","0.514383223816102"
"exdqlm_multivar_synth_keep","draw_091",1418,"2021-12-05","forecast","0.516060131935325"
"exdqlm_multivar_synth_keep","draw_091",1418,"2021-12-06","forecast","0.508175214353819"
"exdqlm_multivar_synth_keep","draw_091",1418,"2021-12-07","forecast","0.508725701406411"
"exdqlm_multivar_synth_keep","draw_091",1418,"2021-12-08","forecast","0.481790768904494"
"exdqlm_multivar_synth_keep","draw_091",1418,"2021-12-09","forecast","0.658809116084872"
"exdqlm_multivar_synth_keep","draw_091",1418,"2021-12-10","forecast","0.568635036000102"
"exdqlm_multivar_synth_keep","draw_092",1433,"2021-11-13","forecast","0.815542587459750"
"exdqlm_multivar_synth_keep","draw_092",1433,"2021-11-14","forecast","0.774118427608212"
"exdqlm_multivar_synth_keep","draw_092",1433,"2021-11-15","forecast","0.719074754710883"
"exdqlm_multivar_synth_keep","draw_092",1433,"2021-11-16","forecast","0.698210997486244"
"exdqlm_multivar_synth_keep","draw_092",1433,"2021-11-17","forecast","0.685539193968169"
"exdqlm_multivar_synth_keep","draw_092",1433,"2021-11-18","forecast","0.669726354016973"
"exdqlm_multivar_synth_keep","draw_092",1433,"2021-11-19","forecast","0.656540910624391"
"exdqlm_multivar_synth_keep","draw_092",1433,"2021-11-20","forecast","0.645742786208263"
"exdqlm_multivar_synth_keep","draw_092",1433,"2021-11-21","forecast","0.625542436207087"
"exdqlm_multivar_synth_keep","draw_092",1433,"2021-11-22","forecast","0.621165036627118"
"exdqlm_multivar_synth_keep","draw_092",1433,"2021-11-23","forecast","0.604108833661263"
"exdqlm_multivar_synth_keep","draw_092",1433,"2021-11-24","forecast","0.584649979285001"
"exdqlm_multivar_synth_keep","draw_092",1433,"2021-11-25","forecast","0.595718259803311"
"exdqlm_multivar_synth_keep","draw_092",1433,"2021-11-26","forecast","0.574919624769704"
"exdqlm_multivar_synth_keep","draw_092",1433,"2021-11-27","forecast","0.567764138028858"
"exdqlm_multivar_synth_keep","draw_092",1433,"2021-11-28","forecast","0.571175654594880"
"exdqlm_multivar_synth_keep","draw_092",1433,"2021-11-29","forecast","0.547308387206850"
"exdqlm_multivar_synth_keep","draw_092",1433,"2021-11-30","forecast","0.533139266255316"
"exdqlm_multivar_synth_keep","draw_092",1433,"2021-12-01","forecast","0.519724327308975"
"exdqlm_multivar_synth_keep","draw_092",1433,"2021-12-02","forecast","0.514859523774755"
"exdqlm_multivar_synth_keep","draw_092",1433,"2021-12-03","forecast","0.513808320671000"
"exdqlm_multivar_synth_keep","draw_092",1433,"2021-12-04","forecast","0.514698928513954"
"exdqlm_multivar_synth_keep","draw_092",1433,"2021-12-05","forecast","0.516217577519408"
"exdqlm_multivar_synth_keep","draw_092",1433,"2021-12-06","forecast","0.509539782201452"
"exdqlm_multivar_synth_keep","draw_092",1433,"2021-12-07","forecast","0.514119860651376"
"exdqlm_multivar_synth_keep","draw_092",1433,"2021-12-08","forecast","0.485212097650551"
"exdqlm_multivar_synth_keep","draw_092",1433,"2021-12-09","forecast","0.680060884732048"
"exdqlm_multivar_synth_keep","draw_092",1433,"2021-12-10","forecast","0.571858133577372"
"exdqlm_multivar_synth_keep","draw_093",1449,"2021-11-13","forecast","0.815882398632057"
"exdqlm_multivar_synth_keep","draw_093",1449,"2021-11-14","forecast","0.774679343122182"
"exdqlm_multivar_synth_keep","draw_093",1449,"2021-11-15","forecast","0.719565116412276"
"exdqlm_multivar_synth_keep","draw_093",1449,"2021-11-16","forecast","0.698369828475359"
"exdqlm_multivar_synth_keep","draw_093",1449,"2021-11-17","forecast","0.685667073338157"
"exdqlm_multivar_synth_keep","draw_093",1449,"2021-11-18","forecast","0.669807143046595"
"exdqlm_multivar_synth_keep","draw_093",1449,"2021-11-19","forecast","0.656820771171479"
"exdqlm_multivar_synth_keep","draw_093",1449,"2021-11-20","forecast","0.645955219703218"
"exdqlm_multivar_synth_keep","draw_093",1449,"2021-11-21","forecast","0.625615545033884"
"exdqlm_multivar_synth_keep","draw_093",1449,"2021-11-22","forecast","0.622105706984687"
"exdqlm_multivar_synth_keep","draw_093",1449,"2021-11-23","forecast","0.604165803335990"
"exdqlm_multivar_synth_keep","draw_093",1449,"2021-11-24","forecast","0.585185192148739"
"exdqlm_multivar_synth_keep","draw_093",1449,"2021-11-25","forecast","0.597152547804402"
"exdqlm_multivar_synth_keep","draw_093",1449,"2021-11-26","forecast","0.575184815192908"
"exdqlm_multivar_synth_keep","draw_093",1449,"2021-11-27","forecast","0.568333960550641"
"exdqlm_multivar_synth_keep","draw_093",1449,"2021-11-28","forecast","0.573495644330784"
"exdqlm_multivar_synth_keep","draw_093",1449,"2021-11-29","forecast","0.550076690541713"
"exdqlm_multivar_synth_keep","draw_093",1449,"2021-11-30","forecast","0.535527342449246"
"exdqlm_multivar_synth_keep","draw_093",1449,"2021-12-01","forecast","0.519953967081232"
"exdqlm_multivar_synth_keep","draw_093",1449,"2021-12-02","forecast","0.515000368541469"
"exdqlm_multivar_synth_keep","draw_093",1449,"2021-12-03","forecast","0.514564922099897"
"exdqlm_multivar_synth_keep","draw_093",1449,"2021-12-04","forecast","0.515152504919750"
"exdqlm_multivar_synth_keep","draw_093",1449,"2021-12-05","forecast","0.516448680433480"
"exdqlm_multivar_synth_keep","draw_093",1449,"2021-12-06","forecast","0.511313581461422"
"exdqlm_multivar_synth_keep","draw_093",1449,"2021-12-07","forecast","0.517141665189125"
"exdqlm_multivar_synth_keep","draw_093",1449,"2021-12-08","forecast","0.487721522355664"
"exdqlm_multivar_synth_keep","draw_093",1449,"2021-12-09","forecast","0.695450116812541"
"exdqlm_multivar_synth_keep","draw_093",1449,"2021-12-10","forecast","0.577013215001144"
"exdqlm_multivar_synth_keep","draw_094",1465,"2021-11-13","forecast","0.816388595976449"
"exdqlm_multivar_synth_keep","draw_094",1465,"2021-11-14","forecast","0.774982704922217"
"exdqlm_multivar_synth_keep","draw_094",1465,"2021-11-15","forecast","0.719815692714544"
"exdqlm_multivar_synth_keep","draw_094",1465,"2021-11-16","forecast","0.698689242147210"
"exdqlm_multivar_synth_keep","draw_094",1465,"2021-11-17","forecast","0.685798170864302"
"exdqlm_multivar_synth_keep","draw_094",1465,"2021-11-18","forecast","0.670010722950380"
"exdqlm_multivar_synth_keep","draw_094",1465,"2021-11-19","forecast","0.657112512685328"
"exdqlm_multivar_synth_keep","draw_094",1465,"2021-11-20","forecast","0.646194318842600"
"exdqlm_multivar_synth_keep","draw_094",1465,"2021-11-21","forecast","0.625685687604169"
"exdqlm_multivar_synth_keep","draw_094",1465,"2021-11-22","forecast","0.624566003435863"
"exdqlm_multivar_synth_keep","draw_094",1465,"2021-11-23","forecast","0.604221620454662"
"exdqlm_multivar_synth_keep","draw_094",1465,"2021-11-24","forecast","0.585591638560333"
"exdqlm_multivar_synth_keep","draw_094",1465,"2021-11-25","forecast","0.598344364861693"
"exdqlm_multivar_synth_keep","draw_094",1465,"2021-11-26","forecast","0.575338639380159"
"exdqlm_multivar_synth_keep","draw_094",1465,"2021-11-27","forecast","0.569343375567770"
"exdqlm_multivar_synth_keep","draw_094",1465,"2021-11-28","forecast","0.575615593262016"
"exdqlm_multivar_synth_keep","draw_094",1465,"2021-11-29","forecast","0.550936048483804"
"exdqlm_multivar_synth_keep","draw_094",1465,"2021-11-30","forecast","0.537781728901742"
"exdqlm_multivar_synth_keep","draw_094",1465,"2021-12-01","forecast","0.520368824560533"
"exdqlm_multivar_synth_keep","draw_094",1465,"2021-12-02","forecast","0.515134630244851"
"exdqlm_multivar_synth_keep","draw_094",1465,"2021-12-03","forecast","0.514675350566272"
"exdqlm_multivar_synth_keep","draw_094",1465,"2021-12-04","forecast","0.515275615445244"
"exdqlm_multivar_synth_keep","draw_094",1465,"2021-12-05","forecast","0.516701729951306"
"exdqlm_multivar_synth_keep","draw_094",1465,"2021-12-06","forecast","0.514220374471895"
"exdqlm_multivar_synth_keep","draw_094",1465,"2021-12-07","forecast","0.521599610915641"
"exdqlm_multivar_synth_keep","draw_094",1465,"2021-12-08","forecast","0.489791294399615"
"exdqlm_multivar_synth_keep","draw_094",1465,"2021-12-09","forecast","0.718293088481576"
"exdqlm_multivar_synth_keep","draw_094",1465,"2021-12-10","forecast","0.580793147925108"
"exdqlm_multivar_synth_keep","draw_095",1481,"2021-11-13","forecast","0.817124428359216"
"exdqlm_multivar_synth_keep","draw_095",1481,"2021-11-14","forecast","0.775838886713945"
"exdqlm_multivar_synth_keep","draw_095",1481,"2021-11-15","forecast","0.720348432399596"
"exdqlm_multivar_synth_keep","draw_095",1481,"2021-11-16","forecast","0.698982070749948"
"exdqlm_multivar_synth_keep","draw_095",1481,"2021-11-17","forecast","0.686200786166653"
"exdqlm_multivar_synth_keep","draw_095",1481,"2021-11-18","forecast","0.670207351405418"
"exdqlm_multivar_synth_keep","draw_095",1481,"2021-11-19","forecast","0.657221490269720"
"exdqlm_multivar_synth_keep","draw_095",1481,"2021-11-20","forecast","0.646519631368600"
"exdqlm_multivar_synth_keep","draw_095",1481,"2021-11-21","forecast","0.625759626688717"
"exdqlm_multivar_synth_keep","draw_095",1481,"2021-11-22","forecast","0.625381125918257"
"exdqlm_multivar_synth_keep","draw_095",1481,"2021-11-23","forecast","0.604392911992408"
"exdqlm_multivar_synth_keep","draw_095",1481,"2021-11-24","forecast","0.585958563473473"
"exdqlm_multivar_synth_keep","draw_095",1481,"2021-11-25","forecast","0.599922372747330"
"exdqlm_multivar_synth_keep","draw_095",1481,"2021-11-26","forecast","0.575424027175525"
"exdqlm_multivar_synth_keep","draw_095",1481,"2021-11-27","forecast","0.570435477176165"
"exdqlm_multivar_synth_keep","draw_095",1481,"2021-11-28","forecast","0.576779395378774"
"exdqlm_multivar_synth_keep","draw_095",1481,"2021-11-29","forecast","0.553902124873414"
"exdqlm_multivar_synth_keep","draw_095",1481,"2021-11-30","forecast","0.540968052365058"
"exdqlm_multivar_synth_keep","draw_095",1481,"2021-12-01","forecast","0.522197235673519"
"exdqlm_multivar_synth_keep","draw_095",1481,"2021-12-02","forecast","0.515181228900070"
"exdqlm_multivar_synth_keep","draw_095",1481,"2021-12-03","forecast","0.514871824641534"
"exdqlm_multivar_synth_keep","draw_095",1481,"2021-12-04","forecast","0.515600407292917"
"exdqlm_multivar_synth_keep","draw_095",1481,"2021-12-05","forecast","0.516868286126572"
"exdqlm_multivar_synth_keep","draw_095",1481,"2021-12-06","forecast","0.518243215164490"
"exdqlm_multivar_synth_keep","draw_095",1481,"2021-12-07","forecast","0.527386957755834"
"exdqlm_multivar_synth_keep","draw_095",1481,"2021-12-08","forecast","0.491523301617072"
"exdqlm_multivar_synth_keep","draw_095",1481,"2021-12-09","forecast","0.731489581646257"
"exdqlm_multivar_synth_keep","draw_095",1481,"2021-12-10","forecast","0.584515575495444"
"exdqlm_multivar_synth_keep","draw_096",1496,"2021-11-13","forecast","0.817644402022272"
"exdqlm_multivar_synth_keep","draw_096",1496,"2021-11-14","forecast","0.776237156416185"
"exdqlm_multivar_synth_keep","draw_096",1496,"2021-11-15","forecast","0.720849125950970"
"exdqlm_multivar_synth_keep","draw_096",1496,"2021-11-16","forecast","0.699103009318192"
"exdqlm_multivar_synth_keep","draw_096",1496,"2021-11-17","forecast","0.686383704466274"
"exdqlm_multivar_synth_keep","draw_096",1496,"2021-11-18","forecast","0.670395347511468"
"exdqlm_multivar_synth_keep","draw_096",1496,"2021-11-19","forecast","0.657326093118254"
"exdqlm_multivar_synth_keep","draw_096",1496,"2021-11-20","forecast","0.646663882302052"
"exdqlm_multivar_synth_keep","draw_096",1496,"2021-11-21","forecast","0.625819951957240"
"exdqlm_multivar_synth_keep","draw_096",1496,"2021-11-22","forecast","0.626908068496885"
"exdqlm_multivar_synth_keep","draw_096",1496,"2021-11-23","forecast","0.604505510662388"
"exdqlm_multivar_synth_keep","draw_096",1496,"2021-11-24","forecast","0.586068553940572"
"exdqlm_multivar_synth_keep","draw_096",1496,"2021-11-25","forecast","0.601192396364960"
"exdqlm_multivar_synth_keep","draw_096",1496,"2021-11-26","forecast","0.575570778534244"
"exdqlm_multivar_synth_keep","draw_096",1496,"2021-11-27","forecast","0.570997228104000"
"exdqlm_multivar_synth_keep","draw_096",1496,"2021-11-28","forecast","0.578525613673012"
"exdqlm_multivar_synth_keep","draw_096",1496,"2021-11-29","forecast","0.555422426473568"
"exdqlm_multivar_synth_keep","draw_096",1496,"2021-11-30","forecast","0.542087717737024"
"exdqlm_multivar_synth_keep","draw_096",1496,"2021-12-01","forecast","0.522657038607625"
"exdqlm_multivar_synth_keep","draw_096",1496,"2021-12-02","forecast","0.515323182207281"
"exdqlm_multivar_synth_keep","draw_096",1496,"2021-12-03","forecast","0.515276964559031"
"exdqlm_multivar_synth_keep","draw_096",1496,"2021-12-04","forecast","0.516173685732460"
"exdqlm_multivar_synth_keep","draw_096",1496,"2021-12-05","forecast","0.516926118731871"
"exdqlm_multivar_synth_keep","draw_096",1496,"2021-12-06","forecast","0.520427693733433"
"exdqlm_multivar_synth_keep","draw_096",1496,"2021-12-07","forecast","0.530537020725717"
"exdqlm_multivar_synth_keep","draw_096",1496,"2021-12-08","forecast","0.493326278485176"
"exdqlm_multivar_synth_keep","draw_096",1496,"2021-12-09","forecast","0.754524612222318"
"exdqlm_multivar_synth_keep","draw_096",1496,"2021-12-10","forecast","0.589274031181213"
"exdqlm_multivar_synth_keep","draw_097",1512,"2021-11-13","forecast","0.817900951559404"
"exdqlm_multivar_synth_keep","draw_097",1512,"2021-11-14","forecast","0.776407275774153"
"exdqlm_multivar_synth_keep","draw_097",1512,"2021-11-15","forecast","0.721128263381277"
"exdqlm_multivar_synth_keep","draw_097",1512,"2021-11-16","forecast","0.699243240209133"
"exdqlm_multivar_synth_keep","draw_097",1512,"2021-11-17","forecast","0.686537732877380"
"exdqlm_multivar_synth_keep","draw_097",1512,"2021-11-18","forecast","0.670497530660178"
"exdqlm_multivar_synth_keep","draw_097",1512,"2021-11-19","forecast","0.657381281639024"
"exdqlm_multivar_synth_keep","draw_097",1512,"2021-11-20","forecast","0.646800820829483"
"exdqlm_multivar_synth_keep","draw_097",1512,"2021-11-21","forecast","0.625902496607680"
"exdqlm_multivar_synth_keep","draw_097",1512,"2021-11-22","forecast","0.628806403440346"
"exdqlm_multivar_synth_keep","draw_097",1512,"2021-11-23","forecast","0.604621570149259"
"exdqlm_multivar_synth_keep","draw_097",1512,"2021-11-24","forecast","0.586309386865400"
"exdqlm_multivar_synth_keep","draw_097",1512,"2021-11-25","forecast","0.602715882817685"
"exdqlm_multivar_synth_keep","draw_097",1512,"2021-11-26","forecast","0.575726016608028"
"exdqlm_multivar_synth_keep","draw_097",1512,"2021-11-27","forecast","0.571567795149056"
"exdqlm_multivar_synth_keep","draw_097",1512,"2021-11-28","forecast","0.579099310733873"
"exdqlm_multivar_synth_keep","draw_097",1512,"2021-11-29","forecast","0.558093306480089"
"exdqlm_multivar_synth_keep","draw_097",1512,"2021-11-30","forecast","0.543648615386879"
"exdqlm_multivar_synth_keep","draw_097",1512,"2021-12-01","forecast","0.522738339259920"
"exdqlm_multivar_synth_keep","draw_097",1512,"2021-12-02","forecast","0.515781464956138"
"exdqlm_multivar_synth_keep","draw_097",1512,"2021-12-03","forecast","0.516862650056382"
"exdqlm_multivar_synth_keep","draw_097",1512,"2021-12-04","forecast","0.516438342730131"
"exdqlm_multivar_synth_keep","draw_097",1512,"2021-12-05","forecast","0.517023480941057"
"exdqlm_multivar_synth_keep","draw_097",1512,"2021-12-06","forecast","0.522473851391777"
"exdqlm_multivar_synth_keep","draw_097",1512,"2021-12-07","forecast","0.534939192675586"
"exdqlm_multivar_synth_keep","draw_097",1512,"2021-12-08","forecast","0.495155855029019"
"exdqlm_multivar_synth_keep","draw_097",1512,"2021-12-09","forecast","0.770696261554946"
"exdqlm_multivar_synth_keep","draw_097",1512,"2021-12-10","forecast","0.591064847599390"
"exdqlm_multivar_synth_keep","draw_098",1528,"2021-11-13","forecast","0.818140965804283"
"exdqlm_multivar_synth_keep","draw_098",1528,"2021-11-14","forecast","0.776671999339361"
"exdqlm_multivar_synth_keep","draw_098",1528,"2021-11-15","forecast","0.721227390617500"
"exdqlm_multivar_synth_keep","draw_098",1528,"2021-11-16","forecast","0.699329737610331"
"exdqlm_multivar_synth_keep","draw_098",1528,"2021-11-17","forecast","0.686628466189962"
"exdqlm_multivar_synth_keep","draw_098",1528,"2021-11-18","forecast","0.670678845136328"
"exdqlm_multivar_synth_keep","draw_098",1528,"2021-11-19","forecast","0.657573009177501"
"exdqlm_multivar_synth_keep","draw_098",1528,"2021-11-20","forecast","0.647011397947839"
"exdqlm_multivar_synth_keep","draw_098",1528,"2021-11-21","forecast","0.626053249569139"
"exdqlm_multivar_synth_keep","draw_098",1528,"2021-11-22","forecast","0.629712467331974"
"exdqlm_multivar_synth_keep","draw_098",1528,"2021-11-23","forecast","0.604737376820607"
"exdqlm_multivar_synth_keep","draw_098",1528,"2021-11-24","forecast","0.586499637724330"
"exdqlm_multivar_synth_keep","draw_098",1528,"2021-11-25","forecast","0.603574033235612"
"exdqlm_multivar_synth_keep","draw_098",1528,"2021-11-26","forecast","0.575877499486381"
"exdqlm_multivar_synth_keep","draw_098",1528,"2021-11-27","forecast","0.571938672894890"
"exdqlm_multivar_synth_keep","draw_098",1528,"2021-11-28","forecast","0.579850577897241"
"exdqlm_multivar_synth_keep","draw_098",1528,"2021-11-29","forecast","0.559824303021216"
"exdqlm_multivar_synth_keep","draw_098",1528,"2021-11-30","forecast","0.546027740830799"
"exdqlm_multivar_synth_keep","draw_098",1528,"2021-12-01","forecast","0.522819887268515"
"exdqlm_multivar_synth_keep","draw_098",1528,"2021-12-02","forecast","0.516019602182240"
"exdqlm_multivar_synth_keep","draw_098",1528,"2021-12-03","forecast","0.517315263214145"
"exdqlm_multivar_synth_keep","draw_098",1528,"2021-12-04","forecast","0.516571346375014"
"exdqlm_multivar_synth_keep","draw_098",1528,"2021-12-05","forecast","0.517119711326291"
"exdqlm_multivar_synth_keep","draw_098",1528,"2021-12-06","forecast","0.525102619360603"
"exdqlm_multivar_synth_keep","draw_098",1528,"2021-12-07","forecast","0.542093509965505"
"exdqlm_multivar_synth_keep","draw_098",1528,"2021-12-08","forecast","0.497050275885945"
"exdqlm_multivar_synth_keep","draw_098",1528,"2021-12-09","forecast","0.786501509447476"
"exdqlm_multivar_synth_keep","draw_098",1528,"2021-12-10","forecast","0.592436125784942"
"exdqlm_multivar_synth_keep","draw_099",1544,"2021-11-13","forecast","0.818746063953609"
"exdqlm_multivar_synth_keep","draw_099",1544,"2021-11-14","forecast","0.776814731074423"
"exdqlm_multivar_synth_keep","draw_099",1544,"2021-11-15","forecast","0.721373989258365"
"exdqlm_multivar_synth_keep","draw_099",1544,"2021-11-16","forecast","0.699534958786919"
"exdqlm_multivar_synth_keep","draw_099",1544,"2021-11-17","forecast","0.686677971483214"
"exdqlm_multivar_synth_keep","draw_099",1544,"2021-11-18","forecast","0.670812687185899"
"exdqlm_multivar_synth_keep","draw_099",1544,"2021-11-19","forecast","0.657739185013654"
"exdqlm_multivar_synth_keep","draw_099",1544,"2021-11-20","forecast","0.647075473668958"
"exdqlm_multivar_synth_keep","draw_099",1544,"2021-11-21","forecast","0.626257282014512"
"exdqlm_multivar_synth_keep","draw_099",1544,"2021-11-22","forecast","0.631103421079136"
"exdqlm_multivar_synth_keep","draw_099",1544,"2021-11-23","forecast","0.604850183953257"
"exdqlm_multivar_synth_keep","draw_099",1544,"2021-11-24","forecast","0.586601627480991"
"exdqlm_multivar_synth_keep","draw_099",1544,"2021-11-25","forecast","0.605577787575764"
"exdqlm_multivar_synth_keep","draw_099",1544,"2021-11-26","forecast","0.575994802990709"
"exdqlm_multivar_synth_keep","draw_099",1544,"2021-11-27","forecast","0.572698112566112"
"exdqlm_multivar_synth_keep","draw_099",1544,"2021-11-28","forecast","0.580650080714093"
"exdqlm_multivar_synth_keep","draw_099",1544,"2021-11-29","forecast","0.561085170821855"
"exdqlm_multivar_synth_keep","draw_099",1544,"2021-11-30","forecast","0.547418148756086"
"exdqlm_multivar_synth_keep","draw_099",1544,"2021-12-01","forecast","0.523061791951693"
"exdqlm_multivar_synth_keep","draw_099",1544,"2021-12-02","forecast","0.516141564059668"
"exdqlm_multivar_synth_keep","draw_099",1544,"2021-12-03","forecast","0.517544861774542"
"exdqlm_multivar_synth_keep","draw_099",1544,"2021-12-04","forecast","0.516733213552154"
"exdqlm_multivar_synth_keep","draw_099",1544,"2021-12-05","forecast","0.517254858058881"
"exdqlm_multivar_synth_keep","draw_099",1544,"2021-12-06","forecast","0.528159679788929"
"exdqlm_multivar_synth_keep","draw_099",1544,"2021-12-07","forecast","0.546391979072118"
"exdqlm_multivar_synth_keep","draw_099",1544,"2021-12-08","forecast","0.497921694433892"
"exdqlm_multivar_synth_keep","draw_099",1544,"2021-12-09","forecast","0.802934055431028"
"exdqlm_multivar_synth_keep","draw_099",1544,"2021-12-10","forecast","0.596350934690680"
"exdqlm_multivar_synth_keep","draw_100",1559,"2021-11-13","forecast","0.818988683665893"
"exdqlm_multivar_synth_keep","draw_100",1559,"2021-11-14","forecast","0.776995065606445"
"exdqlm_multivar_synth_keep","draw_100",1559,"2021-11-15","forecast","0.721399661192859"
"exdqlm_multivar_synth_keep","draw_100",1559,"2021-11-16","forecast","0.699662819960492"
"exdqlm_multivar_synth_keep","draw_100",1559,"2021-11-17","forecast","0.686800190416113"
"exdqlm_multivar_synth_keep","draw_100",1559,"2021-11-18","forecast","0.671056451457866"
"exdqlm_multivar_synth_keep","draw_100",1559,"2021-11-19","forecast","0.657814108769549"
"exdqlm_multivar_synth_keep","draw_100",1559,"2021-11-20","forecast","0.647155372607543"
"exdqlm_multivar_synth_keep","draw_100",1559,"2021-11-21","forecast","0.626378413416530"
"exdqlm_multivar_synth_keep","draw_100",1559,"2021-11-22","forecast","0.631722829372009"
"exdqlm_multivar_synth_keep","draw_100",1559,"2021-11-23","forecast","0.604974140737913"
"exdqlm_multivar_synth_keep","draw_100",1559,"2021-11-24","forecast","0.586757586353109"
"exdqlm_multivar_synth_keep","draw_100",1559,"2021-11-25","forecast","0.605819801673708"
"exdqlm_multivar_synth_keep","draw_100",1559,"2021-11-26","forecast","0.576313897491590"
"exdqlm_multivar_synth_keep","draw_100",1559,"2021-11-27","forecast","0.572869791600062"
"exdqlm_multivar_synth_keep","draw_100",1559,"2021-11-28","forecast","0.581768676328869"
"exdqlm_multivar_synth_keep","draw_100",1559,"2021-11-29","forecast","0.561783056400730"
"exdqlm_multivar_synth_keep","draw_100",1559,"2021-11-30","forecast","0.549230196217718"
"exdqlm_multivar_synth_keep","draw_100",1559,"2021-12-01","forecast","0.523204992730512"
"exdqlm_multivar_synth_keep","draw_100",1559,"2021-12-02","forecast","0.516224743980801"
"exdqlm_multivar_synth_keep","draw_100",1559,"2021-12-03","forecast","0.517962225370000"
"exdqlm_multivar_synth_keep","draw_100",1559,"2021-12-04","forecast","0.516845084164130"
"exdqlm_multivar_synth_keep","draw_100",1559,"2021-12-05","forecast","0.517920416856603"
"exdqlm_multivar_synth_keep","draw_100",1559,"2021-12-06","forecast","0.530313830182049"
"exdqlm_multivar_synth_keep","draw_100",1559,"2021-12-07","forecast","0.548643794116149"
"exdqlm_multivar_synth_keep","draw_100",1559,"2021-12-08","forecast","0.498549518320666"
"exdqlm_multivar_synth_keep","draw_100",1559,"2021-12-09","forecast","0.820906191547952"
"exdqlm_multivar_synth_keep","draw_100",1559,"2021-12-10","forecast","0.598839249212087"
"exdqlm_multivar_synth_keep","draw_101",1575,"2021-11-13","forecast","0.819429383664564"
"exdqlm_multivar_synth_keep","draw_101",1575,"2021-11-14","forecast","0.777027613527809"
"exdqlm_multivar_synth_keep","draw_101",1575,"2021-11-15","forecast","0.721871467994841"
"exdqlm_multivar_synth_keep","draw_101",1575,"2021-11-16","forecast","0.699730911644995"
"exdqlm_multivar_synth_keep","draw_101",1575,"2021-11-17","forecast","0.686943878665866"
"exdqlm_multivar_synth_keep","draw_101",1575,"2021-11-18","forecast","0.671376616895472"
"exdqlm_multivar_synth_keep","draw_101",1575,"2021-11-19","forecast","0.658051435784324"
"exdqlm_multivar_synth_keep","draw_101",1575,"2021-11-20","forecast","0.647588981002491"
"exdqlm_multivar_synth_keep","draw_101",1575,"2021-11-21","forecast","0.626491967680111"
"exdqlm_multivar_synth_keep","draw_101",1575,"2021-11-22","forecast","0.634332332130145"
"exdqlm_multivar_synth_keep","draw_101",1575,"2021-11-23","forecast","0.605282508754989"
"exdqlm_multivar_synth_keep","draw_101",1575,"2021-11-24","forecast","0.586956360251080"
"exdqlm_multivar_synth_keep","draw_101",1575,"2021-11-25","forecast","0.606134813365423"
"exdqlm_multivar_synth_keep","draw_101",1575,"2021-11-26","forecast","0.576647590316656"
"exdqlm_multivar_synth_keep","draw_101",1575,"2021-11-27","forecast","0.573056171701654"
"exdqlm_multivar_synth_keep","draw_101",1575,"2021-11-28","forecast","0.587680945708411"
"exdqlm_multivar_synth_keep","draw_101",1575,"2021-11-29","forecast","0.564667374579579"
"exdqlm_multivar_synth_keep","draw_101",1575,"2021-11-30","forecast","0.550918542030281"
"exdqlm_multivar_synth_keep","draw_101",1575,"2021-12-01","forecast","0.523405996764861"
"exdqlm_multivar_synth_keep","draw_101",1575,"2021-12-02","forecast","0.516316706879716"
"exdqlm_multivar_synth_keep","draw_101",1575,"2021-12-03","forecast","0.518362979939397"
"exdqlm_multivar_synth_keep","draw_101",1575,"2021-12-04","forecast","0.516925323228132"
"exdqlm_multivar_synth_keep","draw_101",1575,"2021-12-05","forecast","0.518312726903672"
"exdqlm_multivar_synth_keep","draw_101",1575,"2021-12-06","forecast","0.532167296681239"
"exdqlm_multivar_synth_keep","draw_101",1575,"2021-12-07","forecast","0.550834493624332"
"exdqlm_multivar_synth_keep","draw_101",1575,"2021-12-08","forecast","0.500143801019802"
"exdqlm_multivar_synth_keep","draw_101",1575,"2021-12-09","forecast","0.841198281123742"
"exdqlm_multivar_synth_keep","draw_101",1575,"2021-12-10","forecast","0.601616064592280"
"exdqlm_multivar_synth_keep","draw_102",1591,"2021-11-13","forecast","0.820689146092013"
"exdqlm_multivar_synth_keep","draw_102",1591,"2021-11-14","forecast","0.777204564086508"
"exdqlm_multivar_synth_keep","draw_102",1591,"2021-11-15","forecast","0.722188456032884"
"exdqlm_multivar_synth_keep","draw_102",1591,"2021-11-16","forecast","0.699809239530296"
"exdqlm_multivar_synth_keep","draw_102",1591,"2021-11-17","forecast","0.687036642910857"
"exdqlm_multivar_synth_keep","draw_102",1591,"2021-11-18","forecast","0.671768533785328"
"exdqlm_multivar_synth_keep","draw_102",1591,"2021-11-19","forecast","0.658228820931208"
"exdqlm_multivar_synth_keep","draw_102",1591,"2021-11-20","forecast","0.650989007313487"
"exdqlm_multivar_synth_keep","draw_102",1591,"2021-11-21","forecast","0.626842765275895"
"exdqlm_multivar_synth_keep","draw_102",1591,"2021-11-22","forecast","0.634664453101275"
"exdqlm_multivar_synth_keep","draw_102",1591,"2021-11-23","forecast","0.605326840742441"
"exdqlm_multivar_synth_keep","draw_102",1591,"2021-11-24","forecast","0.587256177212855"
"exdqlm_multivar_synth_keep","draw_102",1591,"2021-11-25","forecast","0.606215415890738"
"exdqlm_multivar_synth_keep","draw_102",1591,"2021-11-26","forecast","0.576943211288743"
"exdqlm_multivar_synth_keep","draw_102",1591,"2021-11-27","forecast","0.573714518747750"
"exdqlm_multivar_synth_keep","draw_102",1591,"2021-11-28","forecast","0.594723881229281"
"exdqlm_multivar_synth_keep","draw_102",1591,"2021-11-29","forecast","0.566775193926948"
"exdqlm_multivar_synth_keep","draw_102",1591,"2021-11-30","forecast","0.553222711317723"
"exdqlm_multivar_synth_keep","draw_102",1591,"2021-12-01","forecast","0.524825366278917"
"exdqlm_multivar_synth_keep","draw_102",1591,"2021-12-02","forecast","0.516518173945733"
"exdqlm_multivar_synth_keep","draw_102",1591,"2021-12-03","forecast","0.518665610678542"
"exdqlm_multivar_synth_keep","draw_102",1591,"2021-12-04","forecast","0.517064611857080"
"exdqlm_multivar_synth_keep","draw_102",1591,"2021-12-05","forecast","0.522930762717462"
"exdqlm_multivar_synth_keep","draw_102",1591,"2021-12-06","forecast","0.534340791809053"
"exdqlm_multivar_synth_keep","draw_102",1591,"2021-12-07","forecast","0.555080130668548"
"exdqlm_multivar_synth_keep","draw_102",1591,"2021-12-08","forecast","0.501344407265296"
"exdqlm_multivar_synth_keep","draw_102",1591,"2021-12-09","forecast","0.859822008056106"
"exdqlm_multivar_synth_keep","draw_102",1591,"2021-12-10","forecast","0.603673635897751"
"exdqlm_multivar_synth_keep","draw_103",1606,"2021-11-13","forecast","0.822406002515577"
"exdqlm_multivar_synth_keep","draw_103",1606,"2021-11-14","forecast","0.777362272121547"
"exdqlm_multivar_synth_keep","draw_103",1606,"2021-11-15","forecast","0.722510278281870"
"exdqlm_multivar_synth_keep","draw_103",1606,"2021-11-16","forecast","0.699896019717242"
"exdqlm_multivar_synth_keep","draw_103",1606,"2021-11-17","forecast","0.687187833987134"
"exdqlm_multivar_synth_keep","draw_103",1606,"2021-11-18","forecast","0.671841881693559"
"exdqlm_multivar_synth_keep","draw_103",1606,"2021-11-19","forecast","0.658677114947815"
"exdqlm_multivar_synth_keep","draw_103",1606,"2021-11-20","forecast","0.653341052961427"
"exdqlm_multivar_synth_keep","draw_103",1606,"2021-11-21","forecast","0.627185060933299"
"exdqlm_multivar_synth_keep","draw_103",1606,"2021-11-22","forecast","0.636894146557234"
"exdqlm_multivar_synth_keep","draw_103",1606,"2021-11-23","forecast","0.605576090883928"
"exdqlm_multivar_synth_keep","draw_103",1606,"2021-11-24","forecast","0.590288190828873"
"exdqlm_multivar_synth_keep","draw_103",1606,"2021-11-25","forecast","0.606914429239823"
"exdqlm_multivar_synth_keep","draw_103",1606,"2021-11-26","forecast","0.577256829702168"
"exdqlm_multivar_synth_keep","draw_103",1606,"2021-11-27","forecast","0.574721150316925"
"exdqlm_multivar_synth_keep","draw_103",1606,"2021-11-28","forecast","0.598306098934778"
"exdqlm_multivar_synth_keep","draw_103",1606,"2021-11-29","forecast","0.569123455101817"
"exdqlm_multivar_synth_keep","draw_103",1606,"2021-11-30","forecast","0.553942194094913"
"exdqlm_multivar_synth_keep","draw_103",1606,"2021-12-01","forecast","0.524995038543226"
"exdqlm_multivar_synth_keep","draw_103",1606,"2021-12-02","forecast","0.518012641767307"
"exdqlm_multivar_synth_keep","draw_103",1606,"2021-12-03","forecast","0.519128527557368"
"exdqlm_multivar_synth_keep","draw_103",1606,"2021-12-04","forecast","0.519232952068391"
"exdqlm_multivar_synth_keep","draw_103",1606,"2021-12-05","forecast","0.531539619178269"
"exdqlm_multivar_synth_keep","draw_103",1606,"2021-12-06","forecast","0.535570988017930"
"exdqlm_multivar_synth_keep","draw_103",1606,"2021-12-07","forecast","0.557734268563564"
"exdqlm_multivar_synth_keep","draw_103",1606,"2021-12-08","forecast","0.512765011445523"
"exdqlm_multivar_synth_keep","draw_103",1606,"2021-12-09","forecast","0.875964525542091"
"exdqlm_multivar_synth_keep","draw_103",1606,"2021-12-10","forecast","0.616847784622632"
"exdqlm_multivar_synth_keep","draw_104",1622,"2021-11-13","forecast","0.824080637684577"
"exdqlm_multivar_synth_keep","draw_104",1622,"2021-11-14","forecast","0.777939349318741"
"exdqlm_multivar_synth_keep","draw_104",1622,"2021-11-15","forecast","0.723147783838929"
"exdqlm_multivar_synth_keep","draw_104",1622,"2021-11-16","forecast","0.700055479773394"
"exdqlm_multivar_synth_keep","draw_104",1622,"2021-11-17","forecast","0.687541962801688"
"exdqlm_multivar_synth_keep","draw_104",1622,"2021-11-18","forecast","0.671935976563145"
"exdqlm_multivar_synth_keep","draw_104",1622,"2021-11-19","forecast","0.659517662193303"
"exdqlm_multivar_synth_keep","draw_104",1622,"2021-11-20","forecast","0.658426615038814"
"exdqlm_multivar_synth_keep","draw_104",1622,"2021-11-21","forecast","0.629221279105093"
"exdqlm_multivar_synth_keep","draw_104",1622,"2021-11-22","forecast","0.640106958847182"
"exdqlm_multivar_synth_keep","draw_104",1622,"2021-11-23","forecast","0.606223435531941"
"exdqlm_multivar_synth_keep","draw_104",1622,"2021-11-24","forecast","0.594807466432540"
"exdqlm_multivar_synth_keep","draw_104",1622,"2021-11-25","forecast","0.611224781624206"
"exdqlm_multivar_synth_keep","draw_104",1622,"2021-11-26","forecast","0.577686387674001"
"exdqlm_multivar_synth_keep","draw_104",1622,"2021-11-27","forecast","0.576069909570721"
"exdqlm_multivar_synth_keep","draw_104",1622,"2021-11-28","forecast","0.602239413646184"
"exdqlm_multivar_synth_keep","draw_104",1622,"2021-11-29","forecast","0.575385746734667"
"exdqlm_multivar_synth_keep","draw_104",1622,"2021-11-30","forecast","0.556704523853688"
"exdqlm_multivar_synth_keep","draw_104",1622,"2021-12-01","forecast","0.529692643846376"
"exdqlm_multivar_synth_keep","draw_104",1622,"2021-12-02","forecast","0.525964889669385"
"exdqlm_multivar_synth_keep","draw_104",1622,"2021-12-03","forecast","0.520766522373018"
"exdqlm_multivar_synth_keep","draw_104",1622,"2021-12-04","forecast","0.526561998110945"
"exdqlm_multivar_synth_keep","draw_104",1622,"2021-12-05","forecast","0.535751516990300"
"exdqlm_multivar_synth_keep","draw_104",1622,"2021-12-06","forecast","0.537026925167366"
"exdqlm_multivar_synth_keep","draw_104",1622,"2021-12-07","forecast","0.565920471673360"
"exdqlm_multivar_synth_keep","draw_104",1622,"2021-12-08","forecast","0.520502318842281"
"exdqlm_multivar_synth_keep","draw_104",1622,"2021-12-09","forecast","0.893471379072459"
"exdqlm_multivar_synth_keep","draw_104",1622,"2021-12-10","forecast","0.630238486708781"
"exdqlm_multivar_synth_keep","draw_105",1638,"2021-11-13","forecast","0.825780437690674"
"exdqlm_multivar_synth_keep","draw_105",1638,"2021-11-14","forecast","0.779426672371786"
"exdqlm_multivar_synth_keep","draw_105",1638,"2021-11-15","forecast","0.723646463362751"
"exdqlm_multivar_synth_keep","draw_105",1638,"2021-11-16","forecast","0.700090062755467"
"exdqlm_multivar_synth_keep","draw_105",1638,"2021-11-17","forecast","0.689137157547067"
"exdqlm_multivar_synth_keep","draw_105",1638,"2021-11-18","forecast","0.672168234456161"
"exdqlm_multivar_synth_keep","draw_105",1638,"2021-11-19","forecast","0.660841178897873"
"exdqlm_multivar_synth_keep","draw_105",1638,"2021-11-20","forecast","0.661744531862495"
"exdqlm_multivar_synth_keep","draw_105",1638,"2021-11-21","forecast","0.630992344565274"
"exdqlm_multivar_synth_keep","draw_105",1638,"2021-11-22","forecast","0.641282350135706"
"exdqlm_multivar_synth_keep","draw_105",1638,"2021-11-23","forecast","0.609104832298926"
"exdqlm_multivar_synth_keep","draw_105",1638,"2021-11-24","forecast","0.597836993330415"
"exdqlm_multivar_synth_keep","draw_105",1638,"2021-11-25","forecast","0.615078575291851"
"exdqlm_multivar_synth_keep","draw_105",1638,"2021-11-26","forecast","0.582532110766257"
"exdqlm_multivar_synth_keep","draw_105",1638,"2021-11-27","forecast","0.582589483008275"
"exdqlm_multivar_synth_keep","draw_105",1638,"2021-11-28","forecast","0.609056046538902"
"exdqlm_multivar_synth_keep","draw_105",1638,"2021-11-29","forecast","0.580774352199777"
"exdqlm_multivar_synth_keep","draw_105",1638,"2021-11-30","forecast","0.562508665837209"
"exdqlm_multivar_synth_keep","draw_105",1638,"2021-12-01","forecast","0.538762801416736"
"exdqlm_multivar_synth_keep","draw_105",1638,"2021-12-02","forecast","0.535215253924597"
"exdqlm_multivar_synth_keep","draw_105",1638,"2021-12-03","forecast","0.529402690623452"
"exdqlm_multivar_synth_keep","draw_105",1638,"2021-12-04","forecast","0.533087055024278"
"exdqlm_multivar_synth_keep","draw_105",1638,"2021-12-05","forecast","0.544320523421557"
"exdqlm_multivar_synth_keep","draw_105",1638,"2021-12-06","forecast","0.540607933466598"
"exdqlm_multivar_synth_keep","draw_105",1638,"2021-12-07","forecast","0.574998517218808"
"exdqlm_multivar_synth_keep","draw_105",1638,"2021-12-08","forecast","0.532380656092733"
"exdqlm_multivar_synth_keep","draw_105",1638,"2021-12-09","forecast","0.916829798792445"
"exdqlm_multivar_synth_keep","draw_105",1638,"2021-12-10","forecast","0.642804643281780"
"exdqlm_multivar_synth_keep","draw_106",1654,"2021-11-13","forecast","0.828040314108754"
"exdqlm_multivar_synth_keep","draw_106",1654,"2021-11-14","forecast","0.781332492147281"
"exdqlm_multivar_synth_keep","draw_106",1654,"2021-11-15","forecast","0.723813217641052"
"exdqlm_multivar_synth_keep","draw_106",1654,"2021-11-16","forecast","0.700212715101104"
"exdqlm_multivar_synth_keep","draw_106",1654,"2021-11-17","forecast","0.690134760088239"
"exdqlm_multivar_synth_keep","draw_106",1654,"2021-11-18","forecast","0.672647896965018"
"exdqlm_multivar_synth_keep","draw_106",1654,"2021-11-19","forecast","0.662740045272140"
"exdqlm_multivar_synth_keep","draw_106",1654,"2021-11-20","forecast","0.664829323789216"
"exdqlm_multivar_synth_keep","draw_106",1654,"2021-11-21","forecast","0.634561432396767"
"exdqlm_multivar_synth_keep","draw_106",1654,"2021-11-22","forecast","0.643096323907631"
"exdqlm_multivar_synth_keep","draw_106",1654,"2021-11-23","forecast","0.611561767189689"
"exdqlm_multivar_synth_keep","draw_106",1654,"2021-11-24","forecast","0.602345534975986"
"exdqlm_multivar_synth_keep","draw_106",1654,"2021-11-25","forecast","0.618528078999426"
"exdqlm_multivar_synth_keep","draw_106",1654,"2021-11-26","forecast","0.586529230377869"
"exdqlm_multivar_synth_keep","draw_106",1654,"2021-11-27","forecast","0.585146188882107"
"exdqlm_multivar_synth_keep","draw_106",1654,"2021-11-28","forecast","0.611522688637406"
"exdqlm_multivar_synth_keep","draw_106",1654,"2021-11-29","forecast","0.586703829319936"
"exdqlm_multivar_synth_keep","draw_106",1654,"2021-11-30","forecast","0.569966760412842"
"exdqlm_multivar_synth_keep","draw_106",1654,"2021-12-01","forecast","0.542001884008264"
"exdqlm_multivar_synth_keep","draw_106",1654,"2021-12-02","forecast","0.543920245516632"
"exdqlm_multivar_synth_keep","draw_106",1654,"2021-12-03","forecast","0.543162642563449"
"exdqlm_multivar_synth_keep","draw_106",1654,"2021-12-04","forecast","0.545597473850261"
"exdqlm_multivar_synth_keep","draw_106",1654,"2021-12-05","forecast","0.553632967174113"
"exdqlm_multivar_synth_keep","draw_106",1654,"2021-12-06","forecast","0.550261777489426"
"exdqlm_multivar_synth_keep","draw_106",1654,"2021-12-07","forecast","0.586494778103789"
"exdqlm_multivar_synth_keep","draw_106",1654,"2021-12-08","forecast","0.540190791207283"
"exdqlm_multivar_synth_keep","draw_106",1654,"2021-12-09","forecast","0.933960835515106"
"exdqlm_multivar_synth_keep","draw_106",1654,"2021-12-10","forecast","0.652515725910400"
"exdqlm_multivar_synth_keep","draw_107",1669,"2021-11-13","forecast","0.829528101487172"
"exdqlm_multivar_synth_keep","draw_107",1669,"2021-11-14","forecast","0.783415753147786"
"exdqlm_multivar_synth_keep","draw_107",1669,"2021-11-15","forecast","0.724174749200400"
"exdqlm_multivar_synth_keep","draw_107",1669,"2021-11-16","forecast","0.700284438057772"
"exdqlm_multivar_synth_keep","draw_107",1669,"2021-11-17","forecast","0.691873341405110"
"exdqlm_multivar_synth_keep","draw_107",1669,"2021-11-18","forecast","0.674098703346882"
"exdqlm_multivar_synth_keep","draw_107",1669,"2021-11-19","forecast","0.663991073920797"
"exdqlm_multivar_synth_keep","draw_107",1669,"2021-11-20","forecast","0.669225250184416"
"exdqlm_multivar_synth_keep","draw_107",1669,"2021-11-21","forecast","0.637431944535875"
"exdqlm_multivar_synth_keep","draw_107",1669,"2021-11-22","forecast","0.646886766139973"
"exdqlm_multivar_synth_keep","draw_107",1669,"2021-11-23","forecast","0.615666179128107"
"exdqlm_multivar_synth_keep","draw_107",1669,"2021-11-24","forecast","0.607707332164701"
"exdqlm_multivar_synth_keep","draw_107",1669,"2021-11-25","forecast","0.623676455285214"
"exdqlm_multivar_synth_keep","draw_107",1669,"2021-11-26","forecast","0.596756383309557"
"exdqlm_multivar_synth_keep","draw_107",1669,"2021-11-27","forecast","0.586988381289954"
"exdqlm_multivar_synth_keep","draw_107",1669,"2021-11-28","forecast","0.618345681501978"
"exdqlm_multivar_synth_keep","draw_107",1669,"2021-11-29","forecast","0.594002212948309"
"exdqlm_multivar_synth_keep","draw_107",1669,"2021-11-30","forecast","0.580153803064270"
"exdqlm_multivar_synth_keep","draw_107",1669,"2021-12-01","forecast","0.548979166184964"
"exdqlm_multivar_synth_keep","draw_107",1669,"2021-12-02","forecast","0.547908250453415"
"exdqlm_multivar_synth_keep","draw_107",1669,"2021-12-03","forecast","0.551669831062685"
"exdqlm_multivar_synth_keep","draw_107",1669,"2021-12-04","forecast","0.552954325229681"
"exdqlm_multivar_synth_keep","draw_107",1669,"2021-12-05","forecast","0.560565891111540"
"exdqlm_multivar_synth_keep","draw_107",1669,"2021-12-06","forecast","0.558267861809237"
"exdqlm_multivar_synth_keep","draw_107",1669,"2021-12-07","forecast","0.599495548006922"
"exdqlm_multivar_synth_keep","draw_107",1669,"2021-12-08","forecast","0.549501795164384"
"exdqlm_multivar_synth_keep","draw_107",1669,"2021-12-09","forecast","0.949999820786046"
"exdqlm_multivar_synth_keep","draw_107",1669,"2021-12-10","forecast","0.662307283695025"
"exdqlm_multivar_synth_keep","draw_108",1685,"2021-11-13","forecast","0.834622577095673"
"exdqlm_multivar_synth_keep","draw_108",1685,"2021-11-14","forecast","0.786532607005566"
"exdqlm_multivar_synth_keep","draw_108",1685,"2021-11-15","forecast","0.724385488502977"
"exdqlm_multivar_synth_keep","draw_108",1685,"2021-11-16","forecast","0.700347921718005"
"exdqlm_multivar_synth_keep","draw_108",1685,"2021-11-17","forecast","0.692867755181977"
"exdqlm_multivar_synth_keep","draw_108",1685,"2021-11-18","forecast","0.675004462962219"
"exdqlm_multivar_synth_keep","draw_108",1685,"2021-11-19","forecast","0.665745165544459"
"exdqlm_multivar_synth_keep","draw_108",1685,"2021-11-20","forecast","0.671784251473488"
"exdqlm_multivar_synth_keep","draw_108",1685,"2021-11-21","forecast","0.638040269763899"
"exdqlm_multivar_synth_keep","draw_108",1685,"2021-11-22","forecast","0.649888992711308"
"exdqlm_multivar_synth_keep","draw_108",1685,"2021-11-23","forecast","0.622202767978985"
"exdqlm_multivar_synth_keep","draw_108",1685,"2021-11-24","forecast","0.611608002187185"
"exdqlm_multivar_synth_keep","draw_108",1685,"2021-11-25","forecast","0.627044355724860"
"exdqlm_multivar_synth_keep","draw_108",1685,"2021-11-26","forecast","0.602262172521816"
"exdqlm_multivar_synth_keep","draw_108",1685,"2021-11-27","forecast","0.594707346144945"
"exdqlm_multivar_synth_keep","draw_108",1685,"2021-11-28","forecast","0.622721303927960"
"exdqlm_multivar_synth_keep","draw_108",1685,"2021-11-29","forecast","0.603666719383680"
"exdqlm_multivar_synth_keep","draw_108",1685,"2021-11-30","forecast","0.589811149169000"
"exdqlm_multivar_synth_keep","draw_108",1685,"2021-12-01","forecast","0.555647523289316"
"exdqlm_multivar_synth_keep","draw_108",1685,"2021-12-02","forecast","0.556949522013648"
"exdqlm_multivar_synth_keep","draw_108",1685,"2021-12-03","forecast","0.555520034578677"
"exdqlm_multivar_synth_keep","draw_108",1685,"2021-12-04","forecast","0.562942267248983"
"exdqlm_multivar_synth_keep","draw_108",1685,"2021-12-05","forecast","0.568460194643527"
"exdqlm_multivar_synth_keep","draw_108",1685,"2021-12-06","forecast","0.571903187465350"
"exdqlm_multivar_synth_keep","draw_108",1685,"2021-12-07","forecast","0.609691224229398"
"exdqlm_multivar_synth_keep","draw_108",1685,"2021-12-08","forecast","0.557429091926544"
"exdqlm_multivar_synth_keep","draw_108",1685,"2021-12-09","forecast","0.965209831169850"
"exdqlm_multivar_synth_keep","draw_108",1685,"2021-12-10","forecast","0.670822056171712"
"exdqlm_multivar_synth_keep","draw_109",1701,"2021-11-13","forecast","0.836646030903551"
"exdqlm_multivar_synth_keep","draw_109",1701,"2021-11-14","forecast","0.789269238132898"
"exdqlm_multivar_synth_keep","draw_109",1701,"2021-11-15","forecast","0.724655744715825"
"exdqlm_multivar_synth_keep","draw_109",1701,"2021-11-16","forecast","0.700980624386647"
"exdqlm_multivar_synth_keep","draw_109",1701,"2021-11-17","forecast","0.695084888956589"
"exdqlm_multivar_synth_keep","draw_109",1701,"2021-11-18","forecast","0.676271386500767"
"exdqlm_multivar_synth_keep","draw_109",1701,"2021-11-19","forecast","0.667837469811014"
"exdqlm_multivar_synth_keep","draw_109",1701,"2021-11-20","forecast","0.675372090579794"
"exdqlm_multivar_synth_keep","draw_109",1701,"2021-11-21","forecast","0.642526829244608"
"exdqlm_multivar_synth_keep","draw_109",1701,"2021-11-22","forecast","0.653795737922417"
"exdqlm_multivar_synth_keep","draw_109",1701,"2021-11-23","forecast","0.628778995880555"
"exdqlm_multivar_synth_keep","draw_109",1701,"2021-11-24","forecast","0.616893393238347"
"exdqlm_multivar_synth_keep","draw_109",1701,"2021-11-25","forecast","0.629551158588772"
"exdqlm_multivar_synth_keep","draw_109",1701,"2021-11-26","forecast","0.607119830249224"
"exdqlm_multivar_synth_keep","draw_109",1701,"2021-11-27","forecast","0.597862339860341"
"exdqlm_multivar_synth_keep","draw_109",1701,"2021-11-28","forecast","0.629123153676926"
"exdqlm_multivar_synth_keep","draw_109",1701,"2021-11-29","forecast","0.611015933628621"
"exdqlm_multivar_synth_keep","draw_109",1701,"2021-11-30","forecast","0.596407518291687"
"exdqlm_multivar_synth_keep","draw_109",1701,"2021-12-01","forecast","0.562469337105966"
"exdqlm_multivar_synth_keep","draw_109",1701,"2021-12-02","forecast","0.566817601619632"
"exdqlm_multivar_synth_keep","draw_109",1701,"2021-12-03","forecast","0.566059692765193"
"exdqlm_multivar_synth_keep","draw_109",1701,"2021-12-04","forecast","0.568550251911648"
"exdqlm_multivar_synth_keep","draw_109",1701,"2021-12-05","forecast","0.577723894022291"
"exdqlm_multivar_synth_keep","draw_109",1701,"2021-12-06","forecast","0.584559432478765"
"exdqlm_multivar_synth_keep","draw_109",1701,"2021-12-07","forecast","0.625401339049542"
"exdqlm_multivar_synth_keep","draw_109",1701,"2021-12-08","forecast","0.571253873439519"
"exdqlm_multivar_synth_keep","draw_109",1701,"2021-12-09","forecast","0.980849651324130"
"exdqlm_multivar_synth_keep","draw_109",1701,"2021-12-10","forecast","0.681193364777072"
"exdqlm_multivar_synth_keep","draw_110",1717,"2021-11-13","forecast","0.840039031861471"
"exdqlm_multivar_synth_keep","draw_110",1717,"2021-11-14","forecast","0.792269694012729"
"exdqlm_multivar_synth_keep","draw_110",1717,"2021-11-15","forecast","0.724918184128662"
"exdqlm_multivar_synth_keep","draw_110",1717,"2021-11-16","forecast","0.701917632593523"
"exdqlm_multivar_synth_keep","draw_110",1717,"2021-11-17","forecast","0.696812505404329"
"exdqlm_multivar_synth_keep","draw_110",1717,"2021-11-18","forecast","0.677296410030329"
"exdqlm_multivar_synth_keep","draw_110",1717,"2021-11-19","forecast","0.670701756414392"
"exdqlm_multivar_synth_keep","draw_110",1717,"2021-11-20","forecast","0.679655778880477"
"exdqlm_multivar_synth_keep","draw_110",1717,"2021-11-21","forecast","0.645179362302987"
"exdqlm_multivar_synth_keep","draw_110",1717,"2021-11-22","forecast","0.656580777642510"
"exdqlm_multivar_synth_keep","draw_110",1717,"2021-11-23","forecast","0.634009343595410"
"exdqlm_multivar_synth_keep","draw_110",1717,"2021-11-24","forecast","0.620191047628166"
"exdqlm_multivar_synth_keep","draw_110",1717,"2021-11-25","forecast","0.637939013264153"
"exdqlm_multivar_synth_keep","draw_110",1717,"2021-11-26","forecast","0.612932413653803"
"exdqlm_multivar_synth_keep","draw_110",1717,"2021-11-27","forecast","0.605105408044871"
"exdqlm_multivar_synth_keep","draw_110",1717,"2021-11-28","forecast","0.634004190661891"
"exdqlm_multivar_synth_keep","draw_110",1717,"2021-11-29","forecast","0.617032152496582"
"exdqlm_multivar_synth_keep","draw_110",1717,"2021-11-30","forecast","0.605466709471578"
"exdqlm_multivar_synth_keep","draw_110",1717,"2021-12-01","forecast","0.567153565114060"
"exdqlm_multivar_synth_keep","draw_110",1717,"2021-12-02","forecast","0.574849294971426"
"exdqlm_multivar_synth_keep","draw_110",1717,"2021-12-03","forecast","0.573733889839720"
"exdqlm_multivar_synth_keep","draw_110",1717,"2021-12-04","forecast","0.576080888605092"
"exdqlm_multivar_synth_keep","draw_110",1717,"2021-12-05","forecast","0.582600528935632"
"exdqlm_multivar_synth_keep","draw_110",1717,"2021-12-06","forecast","0.592398820717998"
"exdqlm_multivar_synth_keep","draw_110",1717,"2021-12-07","forecast","0.631794591517854"
"exdqlm_multivar_synth_keep","draw_110",1717,"2021-12-08","forecast","0.579144055400980"
"exdqlm_multivar_synth_keep","draw_110",1717,"2021-12-09","forecast","1.00222197370750"
"exdqlm_multivar_synth_keep","draw_110",1717,"2021-12-10","forecast","0.692229994151860"
"exdqlm_multivar_synth_keep","draw_111",1732,"2021-11-13","forecast","0.841279932880027"
"exdqlm_multivar_synth_keep","draw_111",1732,"2021-11-14","forecast","0.794956417818631"
"exdqlm_multivar_synth_keep","draw_111",1732,"2021-11-15","forecast","0.725090362365553"
"exdqlm_multivar_synth_keep","draw_111",1732,"2021-11-16","forecast","0.703151691877203"
"exdqlm_multivar_synth_keep","draw_111",1732,"2021-11-17","forecast","0.698400887768513"
"exdqlm_multivar_synth_keep","draw_111",1732,"2021-11-18","forecast","0.678943158541164"
"exdqlm_multivar_synth_keep","draw_111",1732,"2021-11-19","forecast","0.674729890918823"
"exdqlm_multivar_synth_keep","draw_111",1732,"2021-11-20","forecast","0.682301518012415"
"exdqlm_multivar_synth_keep","draw_111",1732,"2021-11-21","forecast","0.648701371430972"
"exdqlm_multivar_synth_keep","draw_111",1732,"2021-11-22","forecast","0.659170705431584"
"exdqlm_multivar_synth_keep","draw_111",1732,"2021-11-23","forecast","0.638370640712072"
"exdqlm_multivar_synth_keep","draw_111",1732,"2021-11-24","forecast","0.622377016215637"
"exdqlm_multivar_synth_keep","draw_111",1732,"2021-11-25","forecast","0.642248704233340"
"exdqlm_multivar_synth_keep","draw_111",1732,"2021-11-26","forecast","0.618630190729317"
"exdqlm_multivar_synth_keep","draw_111",1732,"2021-11-27","forecast","0.608384771143272"
"exdqlm_multivar_synth_keep","draw_111",1732,"2021-11-28","forecast","0.638591425897349"
"exdqlm_multivar_synth_keep","draw_111",1732,"2021-11-29","forecast","0.622538760182749"
"exdqlm_multivar_synth_keep","draw_111",1732,"2021-11-30","forecast","0.619302716710185"
"exdqlm_multivar_synth_keep","draw_111",1732,"2021-12-01","forecast","0.572444015502726"
"exdqlm_multivar_synth_keep","draw_111",1732,"2021-12-02","forecast","0.583378770311983"
"exdqlm_multivar_synth_keep","draw_111",1732,"2021-12-03","forecast","0.578383949323887"
"exdqlm_multivar_synth_keep","draw_111",1732,"2021-12-04","forecast","0.586501359317533"
"exdqlm_multivar_synth_keep","draw_111",1732,"2021-12-05","forecast","0.599443750973167"
"exdqlm_multivar_synth_keep","draw_111",1732,"2021-12-06","forecast","0.600482168741472"
"exdqlm_multivar_synth_keep","draw_111",1732,"2021-12-07","forecast","0.639056382307979"
"exdqlm_multivar_synth_keep","draw_111",1732,"2021-12-08","forecast","0.588480463377337"
"exdqlm_multivar_synth_keep","draw_111",1732,"2021-12-09","forecast","1.02175694338616"
"exdqlm_multivar_synth_keep","draw_111",1732,"2021-12-10","forecast","0.703039369286830"
"exdqlm_multivar_synth_keep","draw_112",1748,"2021-11-13","forecast","0.844027454901028"
"exdqlm_multivar_synth_keep","draw_112",1748,"2021-11-14","forecast","0.797174097279622"
"exdqlm_multivar_synth_keep","draw_112",1748,"2021-11-15","forecast","0.725624785834033"
"exdqlm_multivar_synth_keep","draw_112",1748,"2021-11-16","forecast","0.704884445161161"
"exdqlm_multivar_synth_keep","draw_112",1748,"2021-11-17","forecast","0.700032120436130"
"exdqlm_multivar_synth_keep","draw_112",1748,"2021-11-18","forecast","0.679927013552054"
"exdqlm_multivar_synth_keep","draw_112",1748,"2021-11-19","forecast","0.676948814303604"
"exdqlm_multivar_synth_keep","draw_112",1748,"2021-11-20","forecast","0.684814034932133"
"exdqlm_multivar_synth_keep","draw_112",1748,"2021-11-21","forecast","0.651976796532050"
"exdqlm_multivar_synth_keep","draw_112",1748,"2021-11-22","forecast","0.661599685757694"
"exdqlm_multivar_synth_keep","draw_112",1748,"2021-11-23","forecast","0.643156171990309"
"exdqlm_multivar_synth_keep","draw_112",1748,"2021-11-24","forecast","0.625840866174656"
"exdqlm_multivar_synth_keep","draw_112",1748,"2021-11-25","forecast","0.646309529808699"
"exdqlm_multivar_synth_keep","draw_112",1748,"2021-11-26","forecast","0.626269696052398"
"exdqlm_multivar_synth_keep","draw_112",1748,"2021-11-27","forecast","0.615494292242125"
"exdqlm_multivar_synth_keep","draw_112",1748,"2021-11-28","forecast","0.647359003562514"
"exdqlm_multivar_synth_keep","draw_112",1748,"2021-11-29","forecast","0.628719528544874"
"exdqlm_multivar_synth_keep","draw_112",1748,"2021-11-30","forecast","0.624737761066383"
"exdqlm_multivar_synth_keep","draw_112",1748,"2021-12-01","forecast","0.579291500448403"
"exdqlm_multivar_synth_keep","draw_112",1748,"2021-12-02","forecast","0.595791606934165"
"exdqlm_multivar_synth_keep","draw_112",1748,"2021-12-03","forecast","0.588106825174586"
"exdqlm_multivar_synth_keep","draw_112",1748,"2021-12-04","forecast","0.595223634725292"
"exdqlm_multivar_synth_keep","draw_112",1748,"2021-12-05","forecast","0.606295235018185"
"exdqlm_multivar_synth_keep","draw_112",1748,"2021-12-06","forecast","0.610558204037759"
"exdqlm_multivar_synth_keep","draw_112",1748,"2021-12-07","forecast","0.646620732441383"
"exdqlm_multivar_synth_keep","draw_112",1748,"2021-12-08","forecast","0.599144524627897"
"exdqlm_multivar_synth_keep","draw_112",1748,"2021-12-09","forecast","1.03369977423457"
"exdqlm_multivar_synth_keep","draw_112",1748,"2021-12-10","forecast","0.714244372638627"
"exdqlm_multivar_synth_keep","draw_113",1764,"2021-11-13","forecast","0.847172088031554"
"exdqlm_multivar_synth_keep","draw_113",1764,"2021-11-14","forecast","0.799884229548911"
"exdqlm_multivar_synth_keep","draw_113",1764,"2021-11-15","forecast","0.726362276149214"
"exdqlm_multivar_synth_keep","draw_113",1764,"2021-11-16","forecast","0.707838038435392"
"exdqlm_multivar_synth_keep","draw_113",1764,"2021-11-17","forecast","0.702123026289538"
"exdqlm_multivar_synth_keep","draw_113",1764,"2021-11-18","forecast","0.682399190298783"
"exdqlm_multivar_synth_keep","draw_113",1764,"2021-11-19","forecast","0.678308475968523"
"exdqlm_multivar_synth_keep","draw_113",1764,"2021-11-20","forecast","0.687225113994052"
"exdqlm_multivar_synth_keep","draw_113",1764,"2021-11-21","forecast","0.655853422170951"
"exdqlm_multivar_synth_keep","draw_113",1764,"2021-11-22","forecast","0.663341871778995"
"exdqlm_multivar_synth_keep","draw_113",1764,"2021-11-23","forecast","0.646292405730989"
"exdqlm_multivar_synth_keep","draw_113",1764,"2021-11-24","forecast","0.629089770680096"
"exdqlm_multivar_synth_keep","draw_113",1764,"2021-11-25","forecast","0.654244148879970"
"exdqlm_multivar_synth_keep","draw_113",1764,"2021-11-26","forecast","0.632398572337078"
"exdqlm_multivar_synth_keep","draw_113",1764,"2021-11-27","forecast","0.622082947403129"
"exdqlm_multivar_synth_keep","draw_113",1764,"2021-11-28","forecast","0.653519766269847"
"exdqlm_multivar_synth_keep","draw_113",1764,"2021-11-29","forecast","0.636109948264004"
"exdqlm_multivar_synth_keep","draw_113",1764,"2021-11-30","forecast","0.632694170227680"
"exdqlm_multivar_synth_keep","draw_113",1764,"2021-12-01","forecast","0.588818016547173"
"exdqlm_multivar_synth_keep","draw_113",1764,"2021-12-02","forecast","0.601960830623939"
"exdqlm_multivar_synth_keep","draw_113",1764,"2021-12-03","forecast","0.598104385671489"
"exdqlm_multivar_synth_keep","draw_113",1764,"2021-12-04","forecast","0.605582229437366"
"exdqlm_multivar_synth_keep","draw_113",1764,"2021-12-05","forecast","0.612985137120605"
"exdqlm_multivar_synth_keep","draw_113",1764,"2021-12-06","forecast","0.620576757094214"
"exdqlm_multivar_synth_keep","draw_113",1764,"2021-12-07","forecast","0.658326060893195"
"exdqlm_multivar_synth_keep","draw_113",1764,"2021-12-08","forecast","0.607530879759292"
"exdqlm_multivar_synth_keep","draw_113",1764,"2021-12-09","forecast","1.05251512200747"
"exdqlm_multivar_synth_keep","draw_113",1764,"2021-12-10","forecast","0.726494181701155"
"exdqlm_multivar_synth_keep","draw_114",1780,"2021-11-13","forecast","0.849112579423929"
"exdqlm_multivar_synth_keep","draw_114",1780,"2021-11-14","forecast","0.803424688231471"
"exdqlm_multivar_synth_keep","draw_114",1780,"2021-11-15","forecast","0.726908690111847"
"exdqlm_multivar_synth_keep","draw_114",1780,"2021-11-16","forecast","0.708972038492944"
"exdqlm_multivar_synth_keep","draw_114",1780,"2021-11-17","forecast","0.703789756994182"
"exdqlm_multivar_synth_keep","draw_114",1780,"2021-11-18","forecast","0.684136077755229"
"exdqlm_multivar_synth_keep","draw_114",1780,"2021-11-19","forecast","0.680295142727017"
"exdqlm_multivar_synth_keep","draw_114",1780,"2021-11-20","forecast","0.690674295817192"
"exdqlm_multivar_synth_keep","draw_114",1780,"2021-11-21","forecast","0.661280248383462"
"exdqlm_multivar_synth_keep","draw_114",1780,"2021-11-22","forecast","0.666152864721837"
"exdqlm_multivar_synth_keep","draw_114",1780,"2021-11-23","forecast","0.651170195250329"
"exdqlm_multivar_synth_keep","draw_114",1780,"2021-11-24","forecast","0.632324305425583"
"exdqlm_multivar_synth_keep","draw_114",1780,"2021-11-25","forecast","0.660423750524139"
"exdqlm_multivar_synth_keep","draw_114",1780,"2021-11-26","forecast","0.638213949187645"
"exdqlm_multivar_synth_keep","draw_114",1780,"2021-11-27","forecast","0.627677721292512"
"exdqlm_multivar_synth_keep","draw_114",1780,"2021-11-28","forecast","0.662510066093046"
"exdqlm_multivar_synth_keep","draw_114",1780,"2021-11-29","forecast","0.641476136721613"
"exdqlm_multivar_synth_keep","draw_114",1780,"2021-11-30","forecast","0.640573736236283"
"exdqlm_multivar_synth_keep","draw_114",1780,"2021-12-01","forecast","0.596871169508212"
"exdqlm_multivar_synth_keep","draw_114",1780,"2021-12-02","forecast","0.607969898279328"
"exdqlm_multivar_synth_keep","draw_114",1780,"2021-12-03","forecast","0.604328390327355"
"exdqlm_multivar_synth_keep","draw_114",1780,"2021-12-04","forecast","0.612801293098633"
"exdqlm_multivar_synth_keep","draw_114",1780,"2021-12-05","forecast","0.627979085035811"
"exdqlm_multivar_synth_keep","draw_114",1780,"2021-12-06","forecast","0.631885032140015"
"exdqlm_multivar_synth_keep","draw_114",1780,"2021-12-07","forecast","0.668610085958605"
"exdqlm_multivar_synth_keep","draw_114",1780,"2021-12-08","forecast","0.614683675597087"
"exdqlm_multivar_synth_keep","draw_114",1780,"2021-12-09","forecast","1.07330496933694"
"exdqlm_multivar_synth_keep","draw_114",1780,"2021-12-10","forecast","0.738405031183450"
"exdqlm_multivar_synth_keep","draw_115",1795,"2021-11-13","forecast","0.853454087122233"
"exdqlm_multivar_synth_keep","draw_115",1795,"2021-11-14","forecast","0.806838496705551"
"exdqlm_multivar_synth_keep","draw_115",1795,"2021-11-15","forecast","0.727903868083837"
"exdqlm_multivar_synth_keep","draw_115",1795,"2021-11-16","forecast","0.710577298814705"
"exdqlm_multivar_synth_keep","draw_115",1795,"2021-11-17","forecast","0.705490108893983"
"exdqlm_multivar_synth_keep","draw_115",1795,"2021-11-18","forecast","0.685697015561071"
"exdqlm_multivar_synth_keep","draw_115",1795,"2021-11-19","forecast","0.680435722957913"
"exdqlm_multivar_synth_keep","draw_115",1795,"2021-11-20","forecast","0.692412186678706"
"exdqlm_multivar_synth_keep","draw_115",1795,"2021-11-21","forecast","0.662458589171952"
"exdqlm_multivar_synth_keep","draw_115",1795,"2021-11-22","forecast","0.671328570553172"
"exdqlm_multivar_synth_keep","draw_115",1795,"2021-11-23","forecast","0.655397872511814"
"exdqlm_multivar_synth_keep","draw_115",1795,"2021-11-24","forecast","0.635607490385409"
"exdqlm_multivar_synth_keep","draw_115",1795,"2021-11-25","forecast","0.663546790387203"
"exdqlm_multivar_synth_keep","draw_115",1795,"2021-11-26","forecast","0.649311801933784"
"exdqlm_multivar_synth_keep","draw_115",1795,"2021-11-27","forecast","0.635782055656387"
"exdqlm_multivar_synth_keep","draw_115",1795,"2021-11-28","forecast","0.675435197163119"
"exdqlm_multivar_synth_keep","draw_115",1795,"2021-11-29","forecast","0.647054677836606"
"exdqlm_multivar_synth_keep","draw_115",1795,"2021-11-30","forecast","0.650668556746132"
"exdqlm_multivar_synth_keep","draw_115",1795,"2021-12-01","forecast","0.601327762325540"
"exdqlm_multivar_synth_keep","draw_115",1795,"2021-12-02","forecast","0.614856593529435"
"exdqlm_multivar_synth_keep","draw_115",1795,"2021-12-03","forecast","0.612791076668046"
"exdqlm_multivar_synth_keep","draw_115",1795,"2021-12-04","forecast","0.620063700442908"
"exdqlm_multivar_synth_keep","draw_115",1795,"2021-12-05","forecast","0.635988363025877"
"exdqlm_multivar_synth_keep","draw_115",1795,"2021-12-06","forecast","0.644187686894111"
"exdqlm_multivar_synth_keep","draw_115",1795,"2021-12-07","forecast","0.678425217691924"
"exdqlm_multivar_synth_keep","draw_115",1795,"2021-12-08","forecast","0.627500934489726"
"exdqlm_multivar_synth_keep","draw_115",1795,"2021-12-09","forecast","1.09642980138571"
"exdqlm_multivar_synth_keep","draw_115",1795,"2021-12-10","forecast","0.745005236134702"
"exdqlm_multivar_synth_keep","draw_116",1811,"2021-11-13","forecast","0.856939356700765"
"exdqlm_multivar_synth_keep","draw_116",1811,"2021-11-14","forecast","0.808604301936728"
"exdqlm_multivar_synth_keep","draw_116",1811,"2021-11-15","forecast","0.729295667352348"
"exdqlm_multivar_synth_keep","draw_116",1811,"2021-11-16","forecast","0.712118211766446"
"exdqlm_multivar_synth_keep","draw_116",1811,"2021-11-17","forecast","0.707324970953606"
"exdqlm_multivar_synth_keep","draw_116",1811,"2021-11-18","forecast","0.686845213550640"
"exdqlm_multivar_synth_keep","draw_116",1811,"2021-11-19","forecast","0.682615828575921"
"exdqlm_multivar_synth_keep","draw_116",1811,"2021-11-20","forecast","0.695657811605591"
"exdqlm_multivar_synth_keep","draw_116",1811,"2021-11-21","forecast","0.665623672482875"
"exdqlm_multivar_synth_keep","draw_116",1811,"2021-11-22","forecast","0.676413528574849"
"exdqlm_multivar_synth_keep","draw_116",1811,"2021-11-23","forecast","0.659743631871874"
"exdqlm_multivar_synth_keep","draw_116",1811,"2021-11-24","forecast","0.639447412526590"
"exdqlm_multivar_synth_keep","draw_116",1811,"2021-11-25","forecast","0.666551899867440"
"exdqlm_multivar_synth_keep","draw_116",1811,"2021-11-26","forecast","0.659373796591031"
"exdqlm_multivar_synth_keep","draw_116",1811,"2021-11-27","forecast","0.644542807088866"
"exdqlm_multivar_synth_keep","draw_116",1811,"2021-11-28","forecast","0.680879762829282"
"exdqlm_multivar_synth_keep","draw_116",1811,"2021-11-29","forecast","0.650945835526428"
"exdqlm_multivar_synth_keep","draw_116",1811,"2021-11-30","forecast","0.654851759642278"
"exdqlm_multivar_synth_keep","draw_116",1811,"2021-12-01","forecast","0.613326078710748"
"exdqlm_multivar_synth_keep","draw_116",1811,"2021-12-02","forecast","0.620433294723080"
"exdqlm_multivar_synth_keep","draw_116",1811,"2021-12-03","forecast","0.619885754832207"
"exdqlm_multivar_synth_keep","draw_116",1811,"2021-12-04","forecast","0.630651702123618"
"exdqlm_multivar_synth_keep","draw_116",1811,"2021-12-05","forecast","0.641925547365202"
"exdqlm_multivar_synth_keep","draw_116",1811,"2021-12-06","forecast","0.656441126639130"
"exdqlm_multivar_synth_keep","draw_116",1811,"2021-12-07","forecast","0.690817776315788"
"exdqlm_multivar_synth_keep","draw_116",1811,"2021-12-08","forecast","0.636095171405022"
"exdqlm_multivar_synth_keep","draw_116",1811,"2021-12-09","forecast","1.11115494419119"
"exdqlm_multivar_synth_keep","draw_116",1811,"2021-12-10","forecast","0.762084680225972"
"exdqlm_multivar_synth_keep","draw_117",1827,"2021-11-13","forecast","0.860369491016539"
"exdqlm_multivar_synth_keep","draw_117",1827,"2021-11-14","forecast","0.812281068512726"
"exdqlm_multivar_synth_keep","draw_117",1827,"2021-11-15","forecast","0.729573224374942"
"exdqlm_multivar_synth_keep","draw_117",1827,"2021-11-16","forecast","0.713283319720782"
"exdqlm_multivar_synth_keep","draw_117",1827,"2021-11-17","forecast","0.712019563477135"
"exdqlm_multivar_synth_keep","draw_117",1827,"2021-11-18","forecast","0.689139497452751"
"exdqlm_multivar_synth_keep","draw_117",1827,"2021-11-19","forecast","0.683235324982822"
"exdqlm_multivar_synth_keep","draw_117",1827,"2021-11-20","forecast","0.697642051521934"
"exdqlm_multivar_synth_keep","draw_117",1827,"2021-11-21","forecast","0.669667370781838"
"exdqlm_multivar_synth_keep","draw_117",1827,"2021-11-22","forecast","0.680366282100816"
"exdqlm_multivar_synth_keep","draw_117",1827,"2021-11-23","forecast","0.662730523198493"
"exdqlm_multivar_synth_keep","draw_117",1827,"2021-11-24","forecast","0.643281119357231"
"exdqlm_multivar_synth_keep","draw_117",1827,"2021-11-25","forecast","0.669989606655034"
"exdqlm_multivar_synth_keep","draw_117",1827,"2021-11-26","forecast","0.665808606281568"
"exdqlm_multivar_synth_keep","draw_117",1827,"2021-11-27","forecast","0.649704918117932"
"exdqlm_multivar_synth_keep","draw_117",1827,"2021-11-28","forecast","0.684949682545776"
"exdqlm_multivar_synth_keep","draw_117",1827,"2021-11-29","forecast","0.659967259058516"
"exdqlm_multivar_synth_keep","draw_117",1827,"2021-11-30","forecast","0.664907100618307"
"exdqlm_multivar_synth_keep","draw_117",1827,"2021-12-01","forecast","0.620896633142265"
"exdqlm_multivar_synth_keep","draw_117",1827,"2021-12-02","forecast","0.627839500644100"
"exdqlm_multivar_synth_keep","draw_117",1827,"2021-12-03","forecast","0.627738249525996"
"exdqlm_multivar_synth_keep","draw_117",1827,"2021-12-04","forecast","0.638901234393427"
"exdqlm_multivar_synth_keep","draw_117",1827,"2021-12-05","forecast","0.651664043807326"
"exdqlm_multivar_synth_keep","draw_117",1827,"2021-12-06","forecast","0.665012832209848"
"exdqlm_multivar_synth_keep","draw_117",1827,"2021-12-07","forecast","0.702465899444913"
"exdqlm_multivar_synth_keep","draw_117",1827,"2021-12-08","forecast","0.650470698345533"
"exdqlm_multivar_synth_keep","draw_117",1827,"2021-12-09","forecast","1.12999675004715"
"exdqlm_multivar_synth_keep","draw_117",1827,"2021-12-10","forecast","0.781916114677185"
"exdqlm_multivar_synth_keep","draw_118",1843,"2021-11-13","forecast","0.864956357609040"
"exdqlm_multivar_synth_keep","draw_118",1843,"2021-11-14","forecast","0.814809581812334"
"exdqlm_multivar_synth_keep","draw_118",1843,"2021-11-15","forecast","0.730401535944920"
"exdqlm_multivar_synth_keep","draw_118",1843,"2021-11-16","forecast","0.715783102577360"
"exdqlm_multivar_synth_keep","draw_118",1843,"2021-11-17","forecast","0.714189060321308"
"exdqlm_multivar_synth_keep","draw_118",1843,"2021-11-18","forecast","0.692750632778121"
"exdqlm_multivar_synth_keep","draw_118",1843,"2021-11-19","forecast","0.684541062967897"
"exdqlm_multivar_synth_keep","draw_118",1843,"2021-11-20","forecast","0.702940327017656"
"exdqlm_multivar_synth_keep","draw_118",1843,"2021-11-21","forecast","0.671366826466097"
"exdqlm_multivar_synth_keep","draw_118",1843,"2021-11-22","forecast","0.682494550057037"
"exdqlm_multivar_synth_keep","draw_118",1843,"2021-11-23","forecast","0.670631072487123"
"exdqlm_multivar_synth_keep","draw_118",1843,"2021-11-24","forecast","0.651566818830332"
"exdqlm_multivar_synth_keep","draw_118",1843,"2021-11-25","forecast","0.678309631954895"
"exdqlm_multivar_synth_keep","draw_118",1843,"2021-11-26","forecast","0.671257599713785"
"exdqlm_multivar_synth_keep","draw_118",1843,"2021-11-27","forecast","0.652866478876323"
"exdqlm_multivar_synth_keep","draw_118",1843,"2021-11-28","forecast","0.692937707186378"
"exdqlm_multivar_synth_keep","draw_118",1843,"2021-11-29","forecast","0.664248903493724"
"exdqlm_multivar_synth_keep","draw_118",1843,"2021-11-30","forecast","0.676032771378274"
"exdqlm_multivar_synth_keep","draw_118",1843,"2021-12-01","forecast","0.629535525494655"
"exdqlm_multivar_synth_keep","draw_118",1843,"2021-12-02","forecast","0.633423468798672"
"exdqlm_multivar_synth_keep","draw_118",1843,"2021-12-03","forecast","0.640816883914703"
"exdqlm_multivar_synth_keep","draw_118",1843,"2021-12-04","forecast","0.650063856913038"
"exdqlm_multivar_synth_keep","draw_118",1843,"2021-12-05","forecast","0.666608119190493"
"exdqlm_multivar_synth_keep","draw_118",1843,"2021-12-06","forecast","0.674596149111031"
"exdqlm_multivar_synth_keep","draw_118",1843,"2021-12-07","forecast","0.711224268657518"
"exdqlm_multivar_synth_keep","draw_118",1843,"2021-12-08","forecast","0.664531903722751"
"exdqlm_multivar_synth_keep","draw_118",1843,"2021-12-09","forecast","1.14389828804844"
"exdqlm_multivar_synth_keep","draw_118",1843,"2021-12-10","forecast","0.793986671169314"
"exdqlm_multivar_synth_keep","draw_119",1858,"2021-11-13","forecast","0.867596810566027"
"exdqlm_multivar_synth_keep","draw_119",1858,"2021-11-14","forecast","0.820888684645524"
"exdqlm_multivar_synth_keep","draw_119",1858,"2021-11-15","forecast","0.733590639713169"
"exdqlm_multivar_synth_keep","draw_119",1858,"2021-11-16","forecast","0.721005674746929"
"exdqlm_multivar_synth_keep","draw_119",1858,"2021-11-17","forecast","0.717335718388019"
"exdqlm_multivar_synth_keep","draw_119",1858,"2021-11-18","forecast","0.696588032663881"
"exdqlm_multivar_synth_keep","draw_119",1858,"2021-11-19","forecast","0.685287176066214"
"exdqlm_multivar_synth_keep","draw_119",1858,"2021-11-20","forecast","0.705701860982148"
"exdqlm_multivar_synth_keep","draw_119",1858,"2021-11-21","forecast","0.673801072789266"
"exdqlm_multivar_synth_keep","draw_119",1858,"2021-11-22","forecast","0.685658553534916"
"exdqlm_multivar_synth_keep","draw_119",1858,"2021-11-23","forecast","0.675003279847828"
"exdqlm_multivar_synth_keep","draw_119",1858,"2021-11-24","forecast","0.660233867569915"
"exdqlm_multivar_synth_keep","draw_119",1858,"2021-11-25","forecast","0.682454203144342"
"exdqlm_multivar_synth_keep","draw_119",1858,"2021-11-26","forecast","0.675812720663299"
"exdqlm_multivar_synth_keep","draw_119",1858,"2021-11-27","forecast","0.659380294458522"
"exdqlm_multivar_synth_keep","draw_119",1858,"2021-11-28","forecast","0.701030354156182"
"exdqlm_multivar_synth_keep","draw_119",1858,"2021-11-29","forecast","0.672477908368418"
"exdqlm_multivar_synth_keep","draw_119",1858,"2021-11-30","forecast","0.683825873252894"
"exdqlm_multivar_synth_keep","draw_119",1858,"2021-12-01","forecast","0.638960232069116"
"exdqlm_multivar_synth_keep","draw_119",1858,"2021-12-02","forecast","0.641257625336528"
"exdqlm_multivar_synth_keep","draw_119",1858,"2021-12-03","forecast","0.646861291967421"
"exdqlm_multivar_synth_keep","draw_119",1858,"2021-12-04","forecast","0.657367424944715"
"exdqlm_multivar_synth_keep","draw_119",1858,"2021-12-05","forecast","0.673357680374434"
"exdqlm_multivar_synth_keep","draw_119",1858,"2021-12-06","forecast","0.684482293991227"
"exdqlm_multivar_synth_keep","draw_119",1858,"2021-12-07","forecast","0.723046810966658"
"exdqlm_multivar_synth_keep","draw_119",1858,"2021-12-08","forecast","0.676074531994612"
"exdqlm_multivar_synth_keep","draw_119",1858,"2021-12-09","forecast","1.16746269821684"
"exdqlm_multivar_synth_keep","draw_119",1858,"2021-12-10","forecast","0.810589791564929"
"exdqlm_multivar_synth_keep","draw_120",1874,"2021-11-13","forecast","0.870487287845011"
"exdqlm_multivar_synth_keep","draw_120",1874,"2021-11-14","forecast","0.823183141265707"
"exdqlm_multivar_synth_keep","draw_120",1874,"2021-11-15","forecast","0.735266960231077"
"exdqlm_multivar_synth_keep","draw_120",1874,"2021-11-16","forecast","0.722377071033581"
"exdqlm_multivar_synth_keep","draw_120",1874,"2021-11-17","forecast","0.717687376402943"
"exdqlm_multivar_synth_keep","draw_120",1874,"2021-11-18","forecast","0.697818807902219"
"exdqlm_multivar_synth_keep","draw_120",1874,"2021-11-19","forecast","0.687123490097794"
"exdqlm_multivar_synth_keep","draw_120",1874,"2021-11-20","forecast","0.710536769514829"
"exdqlm_multivar_synth_keep","draw_120",1874,"2021-11-21","forecast","0.676415469928941"
"exdqlm_multivar_synth_keep","draw_120",1874,"2021-11-22","forecast","0.690481488290741"
"exdqlm_multivar_synth_keep","draw_120",1874,"2021-11-23","forecast","0.680560726907158"
"exdqlm_multivar_synth_keep","draw_120",1874,"2021-11-24","forecast","0.665497565204365"
"exdqlm_multivar_synth_keep","draw_120",1874,"2021-11-25","forecast","0.688631224793465"
"exdqlm_multivar_synth_keep","draw_120",1874,"2021-11-26","forecast","0.682380904018711"
"exdqlm_multivar_synth_keep","draw_120",1874,"2021-11-27","forecast","0.664697509615288"
"exdqlm_multivar_synth_keep","draw_120",1874,"2021-11-28","forecast","0.707023014490656"
"exdqlm_multivar_synth_keep","draw_120",1874,"2021-11-29","forecast","0.681338915803945"
"exdqlm_multivar_synth_keep","draw_120",1874,"2021-11-30","forecast","0.689676133920863"
"exdqlm_multivar_synth_keep","draw_120",1874,"2021-12-01","forecast","0.650964290261645"
"exdqlm_multivar_synth_keep","draw_120",1874,"2021-12-02","forecast","0.645742261898929"
"exdqlm_multivar_synth_keep","draw_120",1874,"2021-12-03","forecast","0.653004552499136"
"exdqlm_multivar_synth_keep","draw_120",1874,"2021-12-04","forecast","0.663825305167783"
"exdqlm_multivar_synth_keep","draw_120",1874,"2021-12-05","forecast","0.682225098601444"
"exdqlm_multivar_synth_keep","draw_120",1874,"2021-12-06","forecast","0.698002004359235"
"exdqlm_multivar_synth_keep","draw_120",1874,"2021-12-07","forecast","0.736237379876783"
"exdqlm_multivar_synth_keep","draw_120",1874,"2021-12-08","forecast","0.683983816980715"
"exdqlm_multivar_synth_keep","draw_120",1874,"2021-12-09","forecast","1.18720399638375"
"exdqlm_multivar_synth_keep","draw_120",1874,"2021-12-10","forecast","0.825500394181164"
"exdqlm_multivar_synth_keep","draw_121",1890,"2021-11-13","forecast","0.872973247732762"
"exdqlm_multivar_synth_keep","draw_121",1890,"2021-11-14","forecast","0.830800993910291"
"exdqlm_multivar_synth_keep","draw_121",1890,"2021-11-15","forecast","0.736594586927629"
"exdqlm_multivar_synth_keep","draw_121",1890,"2021-11-16","forecast","0.724556116754038"
"exdqlm_multivar_synth_keep","draw_121",1890,"2021-11-17","forecast","0.718011874986959"
"exdqlm_multivar_synth_keep","draw_121",1890,"2021-11-18","forecast","0.699389766466687"
"exdqlm_multivar_synth_keep","draw_121",1890,"2021-11-19","forecast","0.690087722956682"
"exdqlm_multivar_synth_keep","draw_121",1890,"2021-11-20","forecast","0.714289945341488"
"exdqlm_multivar_synth_keep","draw_121",1890,"2021-11-21","forecast","0.679525194047031"
"exdqlm_multivar_synth_keep","draw_121",1890,"2021-11-22","forecast","0.692998565654382"
"exdqlm_multivar_synth_keep","draw_121",1890,"2021-11-23","forecast","0.689291616341966"
"exdqlm_multivar_synth_keep","draw_121",1890,"2021-11-24","forecast","0.675059957280463"
"exdqlm_multivar_synth_keep","draw_121",1890,"2021-11-25","forecast","0.693854106849222"
"exdqlm_multivar_synth_keep","draw_121",1890,"2021-11-26","forecast","0.691183695857685"
"exdqlm_multivar_synth_keep","draw_121",1890,"2021-11-27","forecast","0.674089623471573"
"exdqlm_multivar_synth_keep","draw_121",1890,"2021-11-28","forecast","0.712566923838334"
"exdqlm_multivar_synth_keep","draw_121",1890,"2021-11-29","forecast","0.692784585206226"
"exdqlm_multivar_synth_keep","draw_121",1890,"2021-11-30","forecast","0.694535999904745"
"exdqlm_multivar_synth_keep","draw_121",1890,"2021-12-01","forecast","0.662857836444829"
"exdqlm_multivar_synth_keep","draw_121",1890,"2021-12-02","forecast","0.656571104240521"
"exdqlm_multivar_synth_keep","draw_121",1890,"2021-12-03","forecast","0.666237510353966"
"exdqlm_multivar_synth_keep","draw_121",1890,"2021-12-04","forecast","0.680428633018264"
"exdqlm_multivar_synth_keep","draw_121",1890,"2021-12-05","forecast","0.694708348109763"
"exdqlm_multivar_synth_keep","draw_121",1890,"2021-12-06","forecast","0.713738783179617"
"exdqlm_multivar_synth_keep","draw_121",1890,"2021-12-07","forecast","0.751201960915421"
"exdqlm_multivar_synth_keep","draw_121",1890,"2021-12-08","forecast","0.695078727249422"
"exdqlm_multivar_synth_keep","draw_121",1890,"2021-12-09","forecast","1.20323324306842"
"exdqlm_multivar_synth_keep","draw_121",1890,"2021-12-10","forecast","0.840275402077007"
"exdqlm_multivar_synth_keep","draw_122",1906,"2021-11-13","forecast","0.876950066057289"
"exdqlm_multivar_synth_keep","draw_122",1906,"2021-11-14","forecast","0.834975403758458"
"exdqlm_multivar_synth_keep","draw_122",1906,"2021-11-15","forecast","0.738464157732502"
"exdqlm_multivar_synth_keep","draw_122",1906,"2021-11-16","forecast","0.728895955847141"
"exdqlm_multivar_synth_keep","draw_122",1906,"2021-11-17","forecast","0.719133421698631"
"exdqlm_multivar_synth_keep","draw_122",1906,"2021-11-18","forecast","0.701699526370676"
"exdqlm_multivar_synth_keep","draw_122",1906,"2021-11-19","forecast","0.696486444427880"
"exdqlm_multivar_synth_keep","draw_122",1906,"2021-11-20","forecast","0.721118081049312"
"exdqlm_multivar_synth_keep","draw_122",1906,"2021-11-21","forecast","0.684195140513571"
"exdqlm_multivar_synth_keep","draw_122",1906,"2021-11-22","forecast","0.696656209657905"
"exdqlm_multivar_synth_keep","draw_122",1906,"2021-11-23","forecast","0.695272439538310"
"exdqlm_multivar_synth_keep","draw_122",1906,"2021-11-24","forecast","0.680818870846460"
"exdqlm_multivar_synth_keep","draw_122",1906,"2021-11-25","forecast","0.696689818308121"
"exdqlm_multivar_synth_keep","draw_122",1906,"2021-11-26","forecast","0.694573269073606"
"exdqlm_multivar_synth_keep","draw_122",1906,"2021-11-27","forecast","0.688695281645794"
"exdqlm_multivar_synth_keep","draw_122",1906,"2021-11-28","forecast","0.722753062789623"
"exdqlm_multivar_synth_keep","draw_122",1906,"2021-11-29","forecast","0.699842045816692"
"exdqlm_multivar_synth_keep","draw_122",1906,"2021-11-30","forecast","0.705964934488010"
"exdqlm_multivar_synth_keep","draw_122",1906,"2021-12-01","forecast","0.669637261799800"
"exdqlm_multivar_synth_keep","draw_122",1906,"2021-12-02","forecast","0.662823257858884"
"exdqlm_multivar_synth_keep","draw_122",1906,"2021-12-03","forecast","0.679260396813023"
"exdqlm_multivar_synth_keep","draw_122",1906,"2021-12-04","forecast","0.689885158124175"
"exdqlm_multivar_synth_keep","draw_122",1906,"2021-12-05","forecast","0.703412353846125"
"exdqlm_multivar_synth_keep","draw_122",1906,"2021-12-06","forecast","0.723714463946967"
"exdqlm_multivar_synth_keep","draw_122",1906,"2021-12-07","forecast","0.758722328448138"
"exdqlm_multivar_synth_keep","draw_122",1906,"2021-12-08","forecast","0.696562225858549"
"exdqlm_multivar_synth_keep","draw_122",1906,"2021-12-09","forecast","1.21714433690488"
"exdqlm_multivar_synth_keep","draw_122",1906,"2021-12-10","forecast","0.845092472917171"
"exdqlm_multivar_synth_keep","draw_123",1921,"2021-11-13","forecast","0.886697335058583"
"exdqlm_multivar_synth_keep","draw_123",1921,"2021-11-14","forecast","0.842238498044513"
"exdqlm_multivar_synth_keep","draw_123",1921,"2021-11-15","forecast","0.739704363144206"
"exdqlm_multivar_synth_keep","draw_123",1921,"2021-11-16","forecast","0.734756660518778"
"exdqlm_multivar_synth_keep","draw_123",1921,"2021-11-17","forecast","0.726118173722586"
"exdqlm_multivar_synth_keep","draw_123",1921,"2021-11-18","forecast","0.710018770404222"
"exdqlm_multivar_synth_keep","draw_123",1921,"2021-11-19","forecast","0.702601303695323"
"exdqlm_multivar_synth_keep","draw_123",1921,"2021-11-20","forecast","0.727148644570982"
"exdqlm_multivar_synth_keep","draw_123",1921,"2021-11-21","forecast","0.691806053897696"
"exdqlm_multivar_synth_keep","draw_123",1921,"2021-11-22","forecast","0.705650674356103"
"exdqlm_multivar_synth_keep","draw_123",1921,"2021-11-23","forecast","0.702326575879571"
"exdqlm_multivar_synth_keep","draw_123",1921,"2021-11-24","forecast","0.685674019725747"
"exdqlm_multivar_synth_keep","draw_123",1921,"2021-11-25","forecast","0.701514576464323"
"exdqlm_multivar_synth_keep","draw_123",1921,"2021-11-26","forecast","0.698646363552346"
"exdqlm_multivar_synth_keep","draw_123",1921,"2021-11-27","forecast","0.700648003527657"
"exdqlm_multivar_synth_keep","draw_123",1921,"2021-11-28","forecast","0.727224831901770"
"exdqlm_multivar_synth_keep","draw_123",1921,"2021-11-29","forecast","0.709597058219718"
"exdqlm_multivar_synth_keep","draw_123",1921,"2021-11-30","forecast","0.711653061509709"
"exdqlm_multivar_synth_keep","draw_123",1921,"2021-12-01","forecast","0.673790393690773"
"exdqlm_multivar_synth_keep","draw_123",1921,"2021-12-02","forecast","0.671040350382881"
"exdqlm_multivar_synth_keep","draw_123",1921,"2021-12-03","forecast","0.690531038820910"
"exdqlm_multivar_synth_keep","draw_123",1921,"2021-12-04","forecast","0.696880432370723"
"exdqlm_multivar_synth_keep","draw_123",1921,"2021-12-05","forecast","0.711690102172575"
"exdqlm_multivar_synth_keep","draw_123",1921,"2021-12-06","forecast","0.733962628113924"
"exdqlm_multivar_synth_keep","draw_123",1921,"2021-12-07","forecast","0.766206449930081"
"exdqlm_multivar_synth_keep","draw_123",1921,"2021-12-08","forecast","0.703220335710539"
"exdqlm_multivar_synth_keep","draw_123",1921,"2021-12-09","forecast","1.22295632671528"
"exdqlm_multivar_synth_keep","draw_123",1921,"2021-12-10","forecast","0.855198786238863"
"exdqlm_multivar_synth_keep","draw_124",1937,"2021-11-13","forecast","0.894466741376690"
"exdqlm_multivar_synth_keep","draw_124",1937,"2021-11-14","forecast","0.849878509470977"
"exdqlm_multivar_synth_keep","draw_124",1937,"2021-11-15","forecast","0.758700701751641"
"exdqlm_multivar_synth_keep","draw_124",1937,"2021-11-16","forecast","0.750084803708978"
"exdqlm_multivar_synth_keep","draw_124",1937,"2021-11-17","forecast","0.738652787419624"
"exdqlm_multivar_synth_keep","draw_124",1937,"2021-11-18","forecast","0.717746389107662"
"exdqlm_multivar_synth_keep","draw_124",1937,"2021-11-19","forecast","0.710949007687198"
"exdqlm_multivar_synth_keep","draw_124",1937,"2021-11-20","forecast","0.733444813834830"
"exdqlm_multivar_synth_keep","draw_124",1937,"2021-11-21","forecast","0.706472067837383"
"exdqlm_multivar_synth_keep","draw_124",1937,"2021-11-22","forecast","0.718109399238286"
"exdqlm_multivar_synth_keep","draw_124",1937,"2021-11-23","forecast","0.710581675201268"
"exdqlm_multivar_synth_keep","draw_124",1937,"2021-11-24","forecast","0.694484289465000"
"exdqlm_multivar_synth_keep","draw_124",1937,"2021-11-25","forecast","0.707681773174510"
"exdqlm_multivar_synth_keep","draw_124",1937,"2021-11-26","forecast","0.707130454602822"
"exdqlm_multivar_synth_keep","draw_124",1937,"2021-11-27","forecast","0.726276335432378"
"exdqlm_multivar_synth_keep","draw_124",1937,"2021-11-28","forecast","0.733093769088503"
"exdqlm_multivar_synth_keep","draw_124",1937,"2021-11-29","forecast","0.715361228946631"
"exdqlm_multivar_synth_keep","draw_124",1937,"2021-11-30","forecast","0.718243900746010"
"exdqlm_multivar_synth_keep","draw_124",1937,"2021-12-01","forecast","0.677119749243770"
"exdqlm_multivar_synth_keep","draw_124",1937,"2021-12-02","forecast","0.680933020708582"
"exdqlm_multivar_synth_keep","draw_124",1937,"2021-12-03","forecast","0.700494585373909"
"exdqlm_multivar_synth_keep","draw_124",1937,"2021-12-04","forecast","0.701706093879374"
"exdqlm_multivar_synth_keep","draw_124",1937,"2021-12-05","forecast","0.721095500046491"
"exdqlm_multivar_synth_keep","draw_124",1937,"2021-12-06","forecast","0.743196580275197"
"exdqlm_multivar_synth_keep","draw_124",1937,"2021-12-07","forecast","0.776279894070432"
"exdqlm_multivar_synth_keep","draw_124",1937,"2021-12-08","forecast","0.711640624709909"
"exdqlm_multivar_synth_keep","draw_124",1937,"2021-12-09","forecast","1.23660609118202"
"exdqlm_multivar_synth_keep","draw_124",1937,"2021-12-10","forecast","0.865782233002714"
"exdqlm_multivar_synth_keep","draw_125",1953,"2021-11-13","forecast","0.900639769598993"
"exdqlm_multivar_synth_keep","draw_125",1953,"2021-11-14","forecast","0.855794230787009"
"exdqlm_multivar_synth_keep","draw_125",1953,"2021-11-15","forecast","0.769990326359055"
"exdqlm_multivar_synth_keep","draw_125",1953,"2021-11-16","forecast","0.756424179257398"
"exdqlm_multivar_synth_keep","draw_125",1953,"2021-11-17","forecast","0.751826753781735"
"exdqlm_multivar_synth_keep","draw_125",1953,"2021-11-18","forecast","0.724447259113317"
"exdqlm_multivar_synth_keep","draw_125",1953,"2021-11-19","forecast","0.720108222719784"
"exdqlm_multivar_synth_keep","draw_125",1953,"2021-11-20","forecast","0.743793990217745"
"exdqlm_multivar_synth_keep","draw_125",1953,"2021-11-21","forecast","0.716657637957084"
"exdqlm_multivar_synth_keep","draw_125",1953,"2021-11-22","forecast","0.726339940580083"
"exdqlm_multivar_synth_keep","draw_125",1953,"2021-11-23","forecast","0.723959916622680"
"exdqlm_multivar_synth_keep","draw_125",1953,"2021-11-24","forecast","0.712609789536937"
"exdqlm_multivar_synth_keep","draw_125",1953,"2021-11-25","forecast","0.729865736585444"
"exdqlm_multivar_synth_keep","draw_125",1953,"2021-11-26","forecast","0.717084774073087"
"exdqlm_multivar_synth_keep","draw_125",1953,"2021-11-27","forecast","0.737018595635082"
"exdqlm_multivar_synth_keep","draw_125",1953,"2021-11-28","forecast","0.742898828286262"
"exdqlm_multivar_synth_keep","draw_125",1953,"2021-11-29","forecast","0.728517239175642"
"exdqlm_multivar_synth_keep","draw_125",1953,"2021-11-30","forecast","0.734164826076340"
"exdqlm_multivar_synth_keep","draw_125",1953,"2021-12-01","forecast","0.685161567243254"
"exdqlm_multivar_synth_keep","draw_125",1953,"2021-12-02","forecast","0.688528922557309"
"exdqlm_multivar_synth_keep","draw_125",1953,"2021-12-03","forecast","0.711561552776493"
"exdqlm_multivar_synth_keep","draw_125",1953,"2021-12-04","forecast","0.712252841273407"
"exdqlm_multivar_synth_keep","draw_125",1953,"2021-12-05","forecast","0.738832762485117"
"exdqlm_multivar_synth_keep","draw_125",1953,"2021-12-06","forecast","0.748606363025720"
"exdqlm_multivar_synth_keep","draw_125",1953,"2021-12-07","forecast","0.795356487731471"
"exdqlm_multivar_synth_keep","draw_125",1953,"2021-12-08","forecast","0.725036434838772"
"exdqlm_multivar_synth_keep","draw_125",1953,"2021-12-09","forecast","1.24868989481701"
"exdqlm_multivar_synth_keep","draw_125",1953,"2021-12-10","forecast","0.877851783072857"
"exdqlm_multivar_synth_keep","draw_126",1969,"2021-11-13","forecast","0.910827713693465"
"exdqlm_multivar_synth_keep","draw_126",1969,"2021-11-14","forecast","0.861906966847766"
"exdqlm_multivar_synth_keep","draw_126",1969,"2021-11-15","forecast","0.781783133765390"
"exdqlm_multivar_synth_keep","draw_126",1969,"2021-11-16","forecast","0.769199941950596"
"exdqlm_multivar_synth_keep","draw_126",1969,"2021-11-17","forecast","0.772979678347450"
"exdqlm_multivar_synth_keep","draw_126",1969,"2021-11-18","forecast","0.746820981075896"
"exdqlm_multivar_synth_keep","draw_126",1969,"2021-11-19","forecast","0.732080508640634"
"exdqlm_multivar_synth_keep","draw_126",1969,"2021-11-20","forecast","0.759974395889163"
"exdqlm_multivar_synth_keep","draw_126",1969,"2021-11-21","forecast","0.739094877436061"
"exdqlm_multivar_synth_keep","draw_126",1969,"2021-11-22","forecast","0.740221112559640"
"exdqlm_multivar_synth_keep","draw_126",1969,"2021-11-23","forecast","0.742452865767910"
"exdqlm_multivar_synth_keep","draw_126",1969,"2021-11-24","forecast","0.726057764526539"
"exdqlm_multivar_synth_keep","draw_126",1969,"2021-11-25","forecast","0.750547283537554"
"exdqlm_multivar_synth_keep","draw_126",1969,"2021-11-26","forecast","0.743788117319827"
"exdqlm_multivar_synth_keep","draw_126",1969,"2021-11-27","forecast","0.746488467752584"
"exdqlm_multivar_synth_keep","draw_126",1969,"2021-11-28","forecast","0.755463285496191"
"exdqlm_multivar_synth_keep","draw_126",1969,"2021-11-29","forecast","0.742627199704420"
"exdqlm_multivar_synth_keep","draw_126",1969,"2021-11-30","forecast","0.754664416875004"
"exdqlm_multivar_synth_keep","draw_126",1969,"2021-12-01","forecast","0.697928817264186"
"exdqlm_multivar_synth_keep","draw_126",1969,"2021-12-02","forecast","0.703997373559759"
"exdqlm_multivar_synth_keep","draw_126",1969,"2021-12-03","forecast","0.720316899106689"
"exdqlm_multivar_synth_keep","draw_126",1969,"2021-12-04","forecast","0.731306773341421"
"exdqlm_multivar_synth_keep","draw_126",1969,"2021-12-05","forecast","0.758292114239752"
"exdqlm_multivar_synth_keep","draw_126",1969,"2021-12-06","forecast","0.764636178843977"
"exdqlm_multivar_synth_keep","draw_126",1969,"2021-12-07","forecast","0.830131719995172"
"exdqlm_multivar_synth_keep","draw_126",1969,"2021-12-08","forecast","0.753770597017812"
"exdqlm_multivar_synth_keep","draw_126",1969,"2021-12-09","forecast","1.26866825507413"
"exdqlm_multivar_synth_keep","draw_126",1969,"2021-12-10","forecast","0.888693851156536"
"exdqlm_multivar_synth_keep","draw_127",1984,"2021-11-13","forecast","0.931817400204243"
"exdqlm_multivar_synth_keep","draw_127",1984,"2021-11-14","forecast","0.887044085895898"
"exdqlm_multivar_synth_keep","draw_127",1984,"2021-11-15","forecast","0.800922113690229"
"exdqlm_multivar_synth_keep","draw_127",1984,"2021-11-16","forecast","0.804820107442713"
"exdqlm_multivar_synth_keep","draw_127",1984,"2021-11-17","forecast","0.789670593479174"
"exdqlm_multivar_synth_keep","draw_127",1984,"2021-11-18","forecast","0.779218689387952"
"exdqlm_multivar_synth_keep","draw_127",1984,"2021-11-19","forecast","0.762594930139116"
"exdqlm_multivar_synth_keep","draw_127",1984,"2021-11-20","forecast","0.776812975383966"
"exdqlm_multivar_synth_keep","draw_127",1984,"2021-11-21","forecast","0.778787647085012"
"exdqlm_multivar_synth_keep","draw_127",1984,"2021-11-22","forecast","0.757492307748806"
"exdqlm_multivar_synth_keep","draw_127",1984,"2021-11-23","forecast","0.764317028943351"
"exdqlm_multivar_synth_keep","draw_127",1984,"2021-11-24","forecast","0.762154565943183"
"exdqlm_multivar_synth_keep","draw_127",1984,"2021-11-25","forecast","0.768888785199486"
"exdqlm_multivar_synth_keep","draw_127",1984,"2021-11-26","forecast","0.773253573576004"
"exdqlm_multivar_synth_keep","draw_127",1984,"2021-11-27","forecast","0.768374038118835"
"exdqlm_multivar_synth_keep","draw_127",1984,"2021-11-28","forecast","0.791644564906143"
"exdqlm_multivar_synth_keep","draw_127",1984,"2021-11-29","forecast","0.801467045353998"
"exdqlm_multivar_synth_keep","draw_127",1984,"2021-11-30","forecast","0.774492110286720"
"exdqlm_multivar_synth_keep","draw_127",1984,"2021-12-01","forecast","0.717826860526634"
"exdqlm_multivar_synth_keep","draw_127",1984,"2021-12-02","forecast","0.730142466813534"
"exdqlm_multivar_synth_keep","draw_127",1984,"2021-12-03","forecast","0.747022668545450"
"exdqlm_multivar_synth_keep","draw_127",1984,"2021-12-04","forecast","0.742671277239623"
"exdqlm_multivar_synth_keep","draw_127",1984,"2021-12-05","forecast","0.784687281111710"
"exdqlm_multivar_synth_keep","draw_127",1984,"2021-12-06","forecast","0.778110725554770"
"exdqlm_multivar_synth_keep","draw_127",1984,"2021-12-07","forecast","0.852227873431789"
"exdqlm_multivar_synth_keep","draw_127",1984,"2021-12-08","forecast","0.771699829029230"
"exdqlm_multivar_synth_keep","draw_127",1984,"2021-12-09","forecast","1.28742192465959"
"exdqlm_multivar_synth_keep","draw_127",1984,"2021-12-10","forecast","0.916841711043210"
"exdqlm_multivar_synth_keep","draw_128",2000,"2021-11-13","forecast","1.02957847761953"
"exdqlm_multivar_synth_keep","draw_128",2000,"2021-11-14","forecast","0.974511538279925"
"exdqlm_multivar_synth_keep","draw_128",2000,"2021-11-15","forecast","0.943616039172232"
"exdqlm_multivar_synth_keep","draw_128",2000,"2021-11-16","forecast","0.888394528181425"
"exdqlm_multivar_synth_keep","draw_128",2000,"2021-11-17","forecast","0.860056190672434"
"exdqlm_multivar_synth_keep","draw_128",2000,"2021-11-18","forecast","0.896224204170730"
"exdqlm_multivar_synth_keep","draw_128",2000,"2021-11-19","forecast","0.817946628931155"
"exdqlm_multivar_synth_keep","draw_128",2000,"2021-11-20","forecast","0.889886955927340"
"exdqlm_multivar_synth_keep","draw_128",2000,"2021-11-21","forecast","0.854697868080112"
"exdqlm_multivar_synth_keep","draw_128",2000,"2021-11-22","forecast","0.879638046055043"
"exdqlm_multivar_synth_keep","draw_128",2000,"2021-11-23","forecast","0.888156821986375"
"exdqlm_multivar_synth_keep","draw_128",2000,"2021-11-24","forecast","0.867509277697092"
"exdqlm_multivar_synth_keep","draw_128",2000,"2021-11-25","forecast","0.849504760168812"
"exdqlm_multivar_synth_keep","draw_128",2000,"2021-11-26","forecast","0.867104262192942"
"exdqlm_multivar_synth_keep","draw_128",2000,"2021-11-27","forecast","0.851701745451092"
"exdqlm_multivar_synth_keep","draw_128",2000,"2021-11-28","forecast","0.923437353560071"
"exdqlm_multivar_synth_keep","draw_128",2000,"2021-11-29","forecast","0.876246527932944"
"exdqlm_multivar_synth_keep","draw_128",2000,"2021-11-30","forecast","0.870136470069928"
"exdqlm_multivar_synth_keep","draw_128",2000,"2021-12-01","forecast","0.846446848265569"
"exdqlm_multivar_synth_keep","draw_128",2000,"2021-12-02","forecast","0.827074435010501"
"exdqlm_multivar_synth_keep","draw_128",2000,"2021-12-03","forecast","0.823799898868059"
"exdqlm_multivar_synth_keep","draw_128",2000,"2021-12-04","forecast","0.871109272658378"
"exdqlm_multivar_synth_keep","draw_128",2000,"2021-12-05","forecast","0.832624333191363"
"exdqlm_multivar_synth_keep","draw_128",2000,"2021-12-06","forecast","0.830889879239695"
"exdqlm_multivar_synth_keep","draw_128",2000,"2021-12-07","forecast","0.909660931773376"
"exdqlm_multivar_synth_keep","draw_128",2000,"2021-12-08","forecast","0.846990213365361"
"exdqlm_multivar_synth_keep","draw_128",2000,"2021-12-09","forecast","1.40209208219241"
"exdqlm_multivar_synth_keep","draw_128",2000,"2021-12-10","forecast","0.981759418886229"
