"model_id","draw_id","sample_index","date","segment","value"
"exdqlm_univar_synth","draw_001",1,"2021-01-05","history","-0.447989534565669"
"exdqlm_univar_synth","draw_001",1,"2021-01-06","history","-0.707341562549825"
"exdqlm_univar_synth","draw_001",1,"2021-01-07","history","-0.854396708709909"
"exdqlm_univar_synth","draw_001",1,"2021-01-08","history","-0.624310817411970"
"exdqlm_univar_synth","draw_001",1,"2021-01-09","history","-0.792717102247940"
"exdqlm_univar_synth","draw_001",1,"2021-01-10","history","-0.999010544681674"
"exdqlm_univar_synth","draw_001",1,"2021-01-11","history","-0.970081358689400"
"exdqlm_univar_synth","draw_001",1,"2021-01-12","history","-0.704334997965783"
"exdqlm_univar_synth","draw_001",1,"2021-01-13","history","-0.770230550236759"
"exdqlm_univar_synth","draw_001",1,"2021-01-14","history","-0.454314269474655"
"exdqlm_univar_synth","draw_001",1,"2021-01-15","history","-0.821682146543217"
"exdqlm_univar_synth","draw_001",1,"2021-01-16","history","-0.898128077355774"
"exdqlm_univar_synth","draw_001",1,"2021-01-17","history","-0.645802767986944"
"exdqlm_univar_synth","draw_001",1,"2021-01-18","history","-0.619135713072712"
"exdqlm_univar_synth","draw_001",1,"2021-01-19","history","-0.843959315219777"
"exdqlm_univar_synth","draw_001",1,"2021-01-20","history","-0.615107760906482"
"exdqlm_univar_synth","draw_001",1,"2021-01-21","history","-0.665704574391222"
"exdqlm_univar_synth","draw_001",1,"2021-01-22","history","-0.641145195538035"
"exdqlm_univar_synth","draw_001",1,"2021-01-23","history","0.00577399514689156"
"exdqlm_univar_synth","draw_002",17,"2021-01-05","history","-0.499933091312484"
"exdqlm_univar_synth","draw_002",17,"2021-01-06","history","-0.879334381317709"
"exdqlm_univar_synth","draw_002",17,"2021-01-07","history","-0.369031627037227"
"exdqlm_univar_synth","draw_002",17,"2021-01-08","history","-0.636888991184781"
"exdqlm_univar_synth","draw_002",17,"2021-01-09","history","-0.577972061889676"
"exdqlm_univar_synth","draw_002",17,"2021-01-10","history","-0.835207526949656"
"exdqlm_univar_synth","draw_002",17,"2021-01-11","history","-0.731775046746012"
"exdqlm_univar_synth","draw_002",17,"2021-01-12","history","-0.336974812216755"
"exdqlm_univar_synth","draw_002",17,"2021-01-13","history","-0.861338865104783"
"exdqlm_univar_synth","draw_002",17,"2021-01-14","history","-0.751330071222571"
"exdqlm_univar_synth","draw_002",17,"2021-01-15","history","-0.786670478158257"
"exdqlm_univar_synth","draw_002",17,"2021-01-16","history","-0.592676341183280"
"exdqlm_univar_synth","draw_002",17,"2021-01-17","history","-0.744273949441868"
"exdqlm_univar_synth","draw_002",17,"2021-01-18","history","-0.918172474989632"
"exdqlm_univar_synth","draw_002",17,"2021-01-19","history","-0.896445166106535"
"exdqlm_univar_synth","draw_002",17,"2021-01-20","history","-1.05821803376589"
"exdqlm_univar_synth","draw_002",17,"2021-01-21","history","-0.440752519421525"
"exdqlm_univar_synth","draw_002",17,"2021-01-22","history","-0.561179841358019"
"exdqlm_univar_synth","draw_002",17,"2021-01-23","history","-0.235295749442342"
"exdqlm_univar_synth","draw_003",32,"2021-01-05","history","-0.185246284822157"
"exdqlm_univar_synth","draw_003",32,"2021-01-06","history","-0.753446113295535"
"exdqlm_univar_synth","draw_003",32,"2021-01-07","history","-0.349360583755238"
"exdqlm_univar_synth","draw_003",32,"2021-01-08","history","-0.420993505114483"
"exdqlm_univar_synth","draw_003",32,"2021-01-09","history","-0.842691760700055"
"exdqlm_univar_synth","draw_003",32,"2021-01-10","history","-0.776932676363094"
"exdqlm_univar_synth","draw_003",32,"2021-01-11","history","-0.623463514807574"
"exdqlm_univar_synth","draw_003",32,"2021-01-12","history","-0.650977563152870"
"exdqlm_univar_synth","draw_003",32,"2021-01-13","history","-0.494545117832598"
"exdqlm_univar_synth","draw_003",32,"2021-01-14","history","-0.838690413986546"
"exdqlm_univar_synth","draw_003",32,"2021-01-15","history","-0.963978085181313"
"exdqlm_univar_synth","draw_003",32,"2021-01-16","history","-0.609149353360810"
"exdqlm_univar_synth","draw_003",32,"2021-01-17","history","-1.01164262341080"
"exdqlm_univar_synth","draw_003",32,"2021-01-18","history","-0.478739204122036"
"exdqlm_univar_synth","draw_003",32,"2021-01-19","history","-0.786246707150696"
"exdqlm_univar_synth","draw_003",32,"2021-01-20","history","-0.576764350462368"
"exdqlm_univar_synth","draw_003",32,"2021-01-21","history","-0.582174730610899"
"exdqlm_univar_synth","draw_003",32,"2021-01-22","history","-0.559405311596987"
"exdqlm_univar_synth","draw_003",32,"2021-01-23","history","-0.599658030104736"
"exdqlm_univar_synth","draw_004",48,"2021-01-05","history","0.104443073072370"
"exdqlm_univar_synth","draw_004",48,"2021-01-06","history","-0.664620278078021"
"exdqlm_univar_synth","draw_004",48,"2021-01-07","history","-0.403818603020090"
"exdqlm_univar_synth","draw_004",48,"2021-01-08","history","-0.829853604557049"
"exdqlm_univar_synth","draw_004",48,"2021-01-09","history","-0.634903564308880"
"exdqlm_univar_synth","draw_004",48,"2021-01-10","history","-0.475727742440584"
"exdqlm_univar_synth","draw_004",48,"2021-01-11","history","-0.315351517894243"
"exdqlm_univar_synth","draw_004",48,"2021-01-12","history","-0.560370230605686"
"exdqlm_univar_synth","draw_004",48,"2021-01-13","history","-0.712803956284039"
"exdqlm_univar_synth","draw_004",48,"2021-01-14","history","-0.589259579807691"
"exdqlm_univar_synth","draw_004",48,"2021-01-15","history","-0.578067192071457"
"exdqlm_univar_synth","draw_004",48,"2021-01-16","history","-0.286369699030728"
"exdqlm_univar_synth","draw_004",48,"2021-01-17","history","-0.693772594682333"
"exdqlm_univar_synth","draw_004",48,"2021-01-18","history","-0.608212982895722"
"exdqlm_univar_synth","draw_004",48,"2021-01-19","history","-0.745839757853970"
"exdqlm_univar_synth","draw_004",48,"2021-01-20","history","-0.835611051330419"
"exdqlm_univar_synth","draw_004",48,"2021-01-21","history","-0.850931828517737"
"exdqlm_univar_synth","draw_004",48,"2021-01-22","history","-0.817494671157693"
"exdqlm_univar_synth","draw_004",48,"2021-01-23","history","-0.190116487359933"
"exdqlm_univar_synth","draw_005",64,"2021-01-05","history","-0.338019341829266"
"exdqlm_univar_synth","draw_005",64,"2021-01-06","history","-0.472561242620713"
"exdqlm_univar_synth","draw_005",64,"2021-01-07","history","-0.821385365487347"
"exdqlm_univar_synth","draw_005",64,"2021-01-08","history","-0.803104214205496"
"exdqlm_univar_synth","draw_005",64,"2021-01-09","history","-0.743868453439556"
"exdqlm_univar_synth","draw_005",64,"2021-01-10","history","-0.861786514022076"
"exdqlm_univar_synth","draw_005",64,"2021-01-11","history","-0.544682019926226"
"exdqlm_univar_synth","draw_005",64,"2021-01-12","history","-0.774562103914168"
"exdqlm_univar_synth","draw_005",64,"2021-01-13","history","-0.659784804795251"
"exdqlm_univar_synth","draw_005",64,"2021-01-14","history","-0.581209915575877"
"exdqlm_univar_synth","draw_005",64,"2021-01-15","history","-1.01175985058819"
"exdqlm_univar_synth","draw_005",64,"2021-01-16","history","-0.600872430344672"
"exdqlm_univar_synth","draw_005",64,"2021-01-17","history","-0.759774953774653"
"exdqlm_univar_synth","draw_005",64,"2021-01-18","history","-0.851396407984644"
"exdqlm_univar_synth","draw_005",64,"2021-01-19","history","-0.588202250828126"
"exdqlm_univar_synth","draw_005",64,"2021-01-20","history","-0.796581059155078"
"exdqlm_univar_synth","draw_005",64,"2021-01-21","history","-0.817639564279570"
"exdqlm_univar_synth","draw_005",64,"2021-01-22","history","-0.225008453324133"
"exdqlm_univar_synth","draw_005",64,"2021-01-23","history","0.0989486771632613"
"exdqlm_univar_synth","draw_006",80,"2021-01-05","history","-0.663143173568439"
"exdqlm_univar_synth","draw_006",80,"2021-01-06","history","-0.534718485919794"
"exdqlm_univar_synth","draw_006",80,"2021-01-07","history","-0.579324137348697"
"exdqlm_univar_synth","draw_006",80,"2021-01-08","history","-0.829585587710641"
"exdqlm_univar_synth","draw_006",80,"2021-01-09","history","-0.611949278444319"
"exdqlm_univar_synth","draw_006",80,"2021-01-10","history","-0.693736894243274"
"exdqlm_univar_synth","draw_006",80,"2021-01-11","history","-0.562106668620394"
"exdqlm_univar_synth","draw_006",80,"2021-01-12","history","-0.519555353278376"
"exdqlm_univar_synth","draw_006",80,"2021-01-13","history","-0.596059424856941"
"exdqlm_univar_synth","draw_006",80,"2021-01-14","history","-0.855085232473234"
"exdqlm_univar_synth","draw_006",80,"2021-01-15","history","-0.528423819361862"
"exdqlm_univar_synth","draw_006",80,"2021-01-16","history","-0.891859440194902"
"exdqlm_univar_synth","draw_006",80,"2021-01-17","history","-0.779797199233633"
"exdqlm_univar_synth","draw_006",80,"2021-01-18","history","-0.890671101896847"
"exdqlm_univar_synth","draw_006",80,"2021-01-19","history","-0.615874443005810"
"exdqlm_univar_synth","draw_006",80,"2021-01-20","history","-0.951030368616223"
"exdqlm_univar_synth","draw_006",80,"2021-01-21","history","-0.808200626317956"
"exdqlm_univar_synth","draw_006",80,"2021-01-22","history","-0.636172687903153"
"exdqlm_univar_synth","draw_006",80,"2021-01-23","history","-0.474533542935531"
"exdqlm_univar_synth","draw_007",95,"2021-01-05","history","-0.181914470837522"
"exdqlm_univar_synth","draw_007",95,"2021-01-06","history","-0.283175088237228"
"exdqlm_univar_synth","draw_007",95,"2021-01-07","history","-0.873729873219273"
"exdqlm_univar_synth","draw_007",95,"2021-01-08","history","-0.631217792352416"
"exdqlm_univar_synth","draw_007",95,"2021-01-09","history","-0.958255006392888"
"exdqlm_univar_synth","draw_007",95,"2021-01-10","history","-0.973295997461984"
"exdqlm_univar_synth","draw_007",95,"2021-01-11","history","-0.902617919150302"
"exdqlm_univar_synth","draw_007",95,"2021-01-12","history","-0.753769927650074"
"exdqlm_univar_synth","draw_007",95,"2021-01-13","history","-0.566595926887399"
"exdqlm_univar_synth","draw_007",95,"2021-01-14","history","-0.422640735068348"
"exdqlm_univar_synth","draw_007",95,"2021-01-15","history","-0.614984682143862"
"exdqlm_univar_synth","draw_007",95,"2021-01-16","history","-0.690579575143696"
"exdqlm_univar_synth","draw_007",95,"2021-01-17","history","-0.983225112946085"
"exdqlm_univar_synth","draw_007",95,"2021-01-18","history","-0.750013605596632"
"exdqlm_univar_synth","draw_007",95,"2021-01-19","history","-0.919601590063078"
"exdqlm_univar_synth","draw_007",95,"2021-01-20","history","-0.801455821022834"
"exdqlm_univar_synth","draw_007",95,"2021-01-21","history","-0.961712433321858"
"exdqlm_univar_synth","draw_007",95,"2021-01-22","history","-0.635240738822354"
"exdqlm_univar_synth","draw_007",95,"2021-01-23","history","-0.399174826053331"
"exdqlm_univar_synth","draw_008",111,"2021-01-05","history","-0.370122527148186"
"exdqlm_univar_synth","draw_008",111,"2021-01-06","history","-0.626113318768230"
"exdqlm_univar_synth","draw_008",111,"2021-01-07","history","-0.888231187233696"
"exdqlm_univar_synth","draw_008",111,"2021-01-08","history","-0.635007694411357"
"exdqlm_univar_synth","draw_008",111,"2021-01-09","history","-0.688265448453596"
"exdqlm_univar_synth","draw_008",111,"2021-01-10","history","-0.780632570712911"
"exdqlm_univar_synth","draw_008",111,"2021-01-11","history","-1.03786902195483"
"exdqlm_univar_synth","draw_008",111,"2021-01-12","history","-0.596346357661109"
"exdqlm_univar_synth","draw_008",111,"2021-01-13","history","-1.06516918813248"
"exdqlm_univar_synth","draw_008",111,"2021-01-14","history","-0.811170995880837"
"exdqlm_univar_synth","draw_008",111,"2021-01-15","history","-0.672678649113058"
"exdqlm_univar_synth","draw_008",111,"2021-01-16","history","-0.685587943818168"
"exdqlm_univar_synth","draw_008",111,"2021-01-17","history","-0.936412096473105"
"exdqlm_univar_synth","draw_008",111,"2021-01-18","history","-0.656110382672202"
"exdqlm_univar_synth","draw_008",111,"2021-01-19","history","-1.03718283038552"
"exdqlm_univar_synth","draw_008",111,"2021-01-20","history","-1.03330396683559"
"exdqlm_univar_synth","draw_008",111,"2021-01-21","history","-0.665668477351818"
"exdqlm_univar_synth","draw_008",111,"2021-01-22","history","-0.949232671189472"
"exdqlm_univar_synth","draw_008",111,"2021-01-23","history","-0.367783028545471"
"exdqlm_univar_synth","draw_009",127,"2021-01-05","history","-0.376390379570603"
"exdqlm_univar_synth","draw_009",127,"2021-01-06","history","-0.334635858573338"
"exdqlm_univar_synth","draw_009",127,"2021-01-07","history","-0.729458649143969"
"exdqlm_univar_synth","draw_009",127,"2021-01-08","history","-0.848422506001374"
"exdqlm_univar_synth","draw_009",127,"2021-01-09","history","-0.967832005211161"
"exdqlm_univar_synth","draw_009",127,"2021-01-10","history","-0.769413155594823"
"exdqlm_univar_synth","draw_009",127,"2021-01-11","history","-0.426724252578794"
"exdqlm_univar_synth","draw_009",127,"2021-01-12","history","-0.577459917240573"
"exdqlm_univar_synth","draw_009",127,"2021-01-13","history","-0.959593909104994"
"exdqlm_univar_synth","draw_009",127,"2021-01-14","history","-0.860491569934060"
"exdqlm_univar_synth","draw_009",127,"2021-01-15","history","-0.692985125682889"
"exdqlm_univar_synth","draw_009",127,"2021-01-16","history","-0.803979613151773"
"exdqlm_univar_synth","draw_009",127,"2021-01-17","history","-0.957966454105498"
"exdqlm_univar_synth","draw_009",127,"2021-01-18","history","-0.653504875362087"
"exdqlm_univar_synth","draw_009",127,"2021-01-19","history","-0.881759375983337"
"exdqlm_univar_synth","draw_009",127,"2021-01-20","history","-0.627272063576978"
"exdqlm_univar_synth","draw_009",127,"2021-01-21","history","-0.793132521697332"
"exdqlm_univar_synth","draw_009",127,"2021-01-22","history","-0.905431108711892"
"exdqlm_univar_synth","draw_009",127,"2021-01-23","history","-0.392618456692864"
"exdqlm_univar_synth","draw_010",143,"2021-01-05","history","-0.427151770242910"
"exdqlm_univar_synth","draw_010",143,"2021-01-06","history","-0.454949219059948"
"exdqlm_univar_synth","draw_010",143,"2021-01-07","history","-0.596921348070259"
"exdqlm_univar_synth","draw_010",143,"2021-01-08","history","-0.901483703182899"
"exdqlm_univar_synth","draw_010",143,"2021-01-09","history","-0.514077857249527"
"exdqlm_univar_synth","draw_010",143,"2021-01-10","history","-0.884984174626472"
"exdqlm_univar_synth","draw_010",143,"2021-01-11","history","-0.692605395409865"
"exdqlm_univar_synth","draw_010",143,"2021-01-12","history","-0.683093266938690"
"exdqlm_univar_synth","draw_010",143,"2021-01-13","history","-0.806188158477335"
"exdqlm_univar_synth","draw_010",143,"2021-01-14","history","-0.637396180777163"
"exdqlm_univar_synth","draw_010",143,"2021-01-15","history","-0.751441168340434"
"exdqlm_univar_synth","draw_010",143,"2021-01-16","history","-0.898412200190399"
"exdqlm_univar_synth","draw_010",143,"2021-01-17","history","-0.892287373693102"
"exdqlm_univar_synth","draw_010",143,"2021-01-18","history","-0.846583462612091"
"exdqlm_univar_synth","draw_010",143,"2021-01-19","history","-0.621273843773743"
"exdqlm_univar_synth","draw_010",143,"2021-01-20","history","-0.643398569482665"
"exdqlm_univar_synth","draw_010",143,"2021-01-21","history","-0.802959947501209"
"exdqlm_univar_synth","draw_010",143,"2021-01-22","history","-0.968047323993124"
"exdqlm_univar_synth","draw_010",143,"2021-01-23","history","-0.454586197172834"
"exdqlm_univar_synth","draw_011",158,"2021-01-05","history","-0.483753865092793"
"exdqlm_univar_synth","draw_011",158,"2021-01-06","history","-0.245886822475863"
"exdqlm_univar_synth","draw_011",158,"2021-01-07","history","-0.642922366611907"
"exdqlm_univar_synth","draw_011",158,"2021-01-08","history","-0.974752500375143"
"exdqlm_univar_synth","draw_011",158,"2021-01-09","history","-0.833300054255440"
"exdqlm_univar_synth","draw_011",158,"2021-01-10","history","-0.518581063779418"
"exdqlm_univar_synth","draw_011",158,"2021-01-11","history","-0.866879377358627"
"exdqlm_univar_synth","draw_011",158,"2021-01-12","history","-0.673412594278076"
"exdqlm_univar_synth","draw_011",158,"2021-01-13","history","-0.411117078202952"
"exdqlm_univar_synth","draw_011",158,"2021-01-14","history","-0.546888310323740"
"exdqlm_univar_synth","draw_011",158,"2021-01-15","history","-0.531313588144408"
"exdqlm_univar_synth","draw_011",158,"2021-01-16","history","-0.529213061048266"
"exdqlm_univar_synth","draw_011",158,"2021-01-17","history","-0.689649218427752"
"exdqlm_univar_synth","draw_011",158,"2021-01-18","history","-0.418862611187756"
"exdqlm_univar_synth","draw_011",158,"2021-01-19","history","-0.929301290386917"
"exdqlm_univar_synth","draw_011",158,"2021-01-20","history","-0.659605389604431"
"exdqlm_univar_synth","draw_011",158,"2021-01-21","history","-0.696765418486184"
"exdqlm_univar_synth","draw_011",158,"2021-01-22","history","-0.868815957329403"
"exdqlm_univar_synth","draw_011",158,"2021-01-23","history","-0.630293155447335"
"exdqlm_univar_synth","draw_012",174,"2021-01-05","history","-0.503956325795452"
"exdqlm_univar_synth","draw_012",174,"2021-01-06","history","-0.664486651869859"
"exdqlm_univar_synth","draw_012",174,"2021-01-07","history","-0.709272425503325"
"exdqlm_univar_synth","draw_012",174,"2021-01-08","history","-0.955098605314153"
"exdqlm_univar_synth","draw_012",174,"2021-01-09","history","-0.847465260381701"
"exdqlm_univar_synth","draw_012",174,"2021-01-10","history","-0.436392976506197"
"exdqlm_univar_synth","draw_012",174,"2021-01-11","history","-0.836135551583719"
"exdqlm_univar_synth","draw_012",174,"2021-01-12","history","-0.868365165384069"
"exdqlm_univar_synth","draw_012",174,"2021-01-13","history","-0.470347537647469"
"exdqlm_univar_synth","draw_012",174,"2021-01-14","history","-0.777917829939428"
"exdqlm_univar_synth","draw_012",174,"2021-01-15","history","-0.879342705685544"
"exdqlm_univar_synth","draw_012",174,"2021-01-16","history","-0.708358933179946"
"exdqlm_univar_synth","draw_012",174,"2021-01-17","history","-0.769758045724177"
"exdqlm_univar_synth","draw_012",174,"2021-01-18","history","-1.01209848995594"
"exdqlm_univar_synth","draw_012",174,"2021-01-19","history","-0.738882343274512"
"exdqlm_univar_synth","draw_012",174,"2021-01-20","history","-0.517292082137092"
"exdqlm_univar_synth","draw_012",174,"2021-01-21","history","-0.979603781996338"
"exdqlm_univar_synth","draw_012",174,"2021-01-22","history","-0.912389213018142"
"exdqlm_univar_synth","draw_012",174,"2021-01-23","history","-0.501158049154564"
"exdqlm_univar_synth","draw_013",190,"2021-01-05","history","-0.436196438501997"
"exdqlm_univar_synth","draw_013",190,"2021-01-06","history","-0.780139897334293"
"exdqlm_univar_synth","draw_013",190,"2021-01-07","history","-0.492122538646762"
"exdqlm_univar_synth","draw_013",190,"2021-01-08","history","-0.834394077184892"
"exdqlm_univar_synth","draw_013",190,"2021-01-09","history","-0.818191511517796"
"exdqlm_univar_synth","draw_013",190,"2021-01-10","history","-0.591772552704682"
"exdqlm_univar_synth","draw_013",190,"2021-01-11","history","-0.568824589496513"
"exdqlm_univar_synth","draw_013",190,"2021-01-12","history","-0.385754899412644"
"exdqlm_univar_synth","draw_013",190,"2021-01-13","history","-0.579294998076084"
"exdqlm_univar_synth","draw_013",190,"2021-01-14","history","-0.809948167145246"
"exdqlm_univar_synth","draw_013",190,"2021-01-15","history","-0.847423223738706"
"exdqlm_univar_synth","draw_013",190,"2021-01-16","history","-1.05961981733430"
"exdqlm_univar_synth","draw_013",190,"2021-01-17","history","-1.12915643574480"
"exdqlm_univar_synth","draw_013",190,"2021-01-18","history","-0.517871923613901"
"exdqlm_univar_synth","draw_013",190,"2021-01-19","history","-0.667986202962602"
"exdqlm_univar_synth","draw_013",190,"2021-01-20","history","-0.741684386583094"
"exdqlm_univar_synth","draw_013",190,"2021-01-21","history","-0.954695802343740"
"exdqlm_univar_synth","draw_013",190,"2021-01-22","history","-0.538797978454379"
"exdqlm_univar_synth","draw_013",190,"2021-01-23","history","-0.437986023797435"
"exdqlm_univar_synth","draw_014",206,"2021-01-05","history","0.0192316141595735"
"exdqlm_univar_synth","draw_014",206,"2021-01-06","history","-0.637822316091641"
"exdqlm_univar_synth","draw_014",206,"2021-01-07","history","-0.553126047123563"
"exdqlm_univar_synth","draw_014",206,"2021-01-08","history","-0.727347455291838"
"exdqlm_univar_synth","draw_014",206,"2021-01-09","history","-0.650596238771575"
"exdqlm_univar_synth","draw_014",206,"2021-01-10","history","-0.959681036815297"
"exdqlm_univar_synth","draw_014",206,"2021-01-11","history","-0.548368791169429"
"exdqlm_univar_synth","draw_014",206,"2021-01-12","history","-0.690375157726505"
"exdqlm_univar_synth","draw_014",206,"2021-01-13","history","-0.888642564503265"
"exdqlm_univar_synth","draw_014",206,"2021-01-14","history","-0.323329619127361"
"exdqlm_univar_synth","draw_014",206,"2021-01-15","history","-0.650041975616469"
"exdqlm_univar_synth","draw_014",206,"2021-01-16","history","-0.806154146874853"
"exdqlm_univar_synth","draw_014",206,"2021-01-17","history","-0.772880000085541"
"exdqlm_univar_synth","draw_014",206,"2021-01-18","history","-0.820857417159631"
"exdqlm_univar_synth","draw_014",206,"2021-01-19","history","-0.858263544418557"
"exdqlm_univar_synth","draw_014",206,"2021-01-20","history","-0.797837742434187"
"exdqlm_univar_synth","draw_014",206,"2021-01-21","history","-0.603014174228419"
"exdqlm_univar_synth","draw_014",206,"2021-01-22","history","-0.730325286137297"
"exdqlm_univar_synth","draw_014",206,"2021-01-23","history","-0.475826657926092"
"exdqlm_univar_synth","draw_015",221,"2021-01-05","history","-0.164011915785914"
"exdqlm_univar_synth","draw_015",221,"2021-01-06","history","-0.894936695101184"
"exdqlm_univar_synth","draw_015",221,"2021-01-07","history","-0.665920808141459"
"exdqlm_univar_synth","draw_015",221,"2021-01-08","history","-0.739374812705749"
"exdqlm_univar_synth","draw_015",221,"2021-01-09","history","-0.981079556273572"
"exdqlm_univar_synth","draw_015",221,"2021-01-10","history","-0.830268660078209"
"exdqlm_univar_synth","draw_015",221,"2021-01-11","history","-0.750019781417656"
"exdqlm_univar_synth","draw_015",221,"2021-01-12","history","-0.842650550843267"
"exdqlm_univar_synth","draw_015",221,"2021-01-13","history","-0.602473514830178"
"exdqlm_univar_synth","draw_015",221,"2021-01-14","history","-0.863113555527769"
"exdqlm_univar_synth","draw_015",221,"2021-01-15","history","-0.970092648360738"
"exdqlm_univar_synth","draw_015",221,"2021-01-16","history","-0.457433306998025"
"exdqlm_univar_synth","draw_015",221,"2021-01-17","history","-0.515498890070594"
"exdqlm_univar_synth","draw_015",221,"2021-01-18","history","-0.865110639660183"
"exdqlm_univar_synth","draw_015",221,"2021-01-19","history","-1.01846377139627"
"exdqlm_univar_synth","draw_015",221,"2021-01-20","history","-0.930883655735519"
"exdqlm_univar_synth","draw_015",221,"2021-01-21","history","-0.928734405714617"
"exdqlm_univar_synth","draw_015",221,"2021-01-22","history","-0.807983928099668"
"exdqlm_univar_synth","draw_015",221,"2021-01-23","history","-0.458282147820931"
"exdqlm_univar_synth","draw_016",237,"2021-01-05","history","0.149751389308622"
"exdqlm_univar_synth","draw_016",237,"2021-01-06","history","-0.595980630150645"
"exdqlm_univar_synth","draw_016",237,"2021-01-07","history","-0.759969043393183"
"exdqlm_univar_synth","draw_016",237,"2021-01-08","history","-0.886480825189035"
"exdqlm_univar_synth","draw_016",237,"2021-01-09","history","-0.583891416319775"
"exdqlm_univar_synth","draw_016",237,"2021-01-10","history","-0.292142089538884"
"exdqlm_univar_synth","draw_016",237,"2021-01-11","history","-0.727393303622777"
"exdqlm_univar_synth","draw_016",237,"2021-01-12","history","-0.458293932868551"
"exdqlm_univar_synth","draw_016",237,"2021-01-13","history","-0.259493932942455"
"exdqlm_univar_synth","draw_016",237,"2021-01-14","history","-0.621081039700812"
"exdqlm_univar_synth","draw_016",237,"2021-01-15","history","-0.739993794992855"
"exdqlm_univar_synth","draw_016",237,"2021-01-16","history","-0.751393117242701"
"exdqlm_univar_synth","draw_016",237,"2021-01-17","history","-0.245509407775267"
"exdqlm_univar_synth","draw_016",237,"2021-01-18","history","-0.996943418134594"
"exdqlm_univar_synth","draw_016",237,"2021-01-19","history","-0.691161050752643"
"exdqlm_univar_synth","draw_016",237,"2021-01-20","history","-0.933129460243062"
"exdqlm_univar_synth","draw_016",237,"2021-01-21","history","-1.01223757815295"
"exdqlm_univar_synth","draw_016",237,"2021-01-22","history","-0.997106768440058"
"exdqlm_univar_synth","draw_016",237,"2021-01-23","history","0.0602036599861027"
"exdqlm_univar_synth","draw_017",253,"2021-01-05","history","-0.250951593994830"
"exdqlm_univar_synth","draw_017",253,"2021-01-06","history","-0.854215411657477"
"exdqlm_univar_synth","draw_017",253,"2021-01-07","history","-0.529870868724369"
"exdqlm_univar_synth","draw_017",253,"2021-01-08","history","-0.778854743480298"
"exdqlm_univar_synth","draw_017",253,"2021-01-09","history","-0.572567090386036"
"exdqlm_univar_synth","draw_017",253,"2021-01-10","history","-0.671689986974379"
"exdqlm_univar_synth","draw_017",253,"2021-01-11","history","-0.677433610964363"
"exdqlm_univar_synth","draw_017",253,"2021-01-12","history","-0.818621860648054"
"exdqlm_univar_synth","draw_017",253,"2021-01-13","history","-0.734286030831498"
"exdqlm_univar_synth","draw_017",253,"2021-01-14","history","-0.611833406890069"
"exdqlm_univar_synth","draw_017",253,"2021-01-15","history","-0.574528290981653"
"exdqlm_univar_synth","draw_017",253,"2021-01-16","history","-0.896312447779131"
"exdqlm_univar_synth","draw_017",253,"2021-01-17","history","-0.836887051387036"
"exdqlm_univar_synth","draw_017",253,"2021-01-18","history","-0.653330085484485"
"exdqlm_univar_synth","draw_017",253,"2021-01-19","history","-0.994144967799596"
"exdqlm_univar_synth","draw_017",253,"2021-01-20","history","-0.916178253638840"
"exdqlm_univar_synth","draw_017",253,"2021-01-21","history","-0.678942345963786"
"exdqlm_univar_synth","draw_017",253,"2021-01-22","history","-0.847023254263424"
"exdqlm_univar_synth","draw_017",253,"2021-01-23","history","-0.204163420222875"
"exdqlm_univar_synth","draw_018",269,"2021-01-05","history","-0.341217159222208"
"exdqlm_univar_synth","draw_018",269,"2021-01-06","history","-0.808947754309537"
"exdqlm_univar_synth","draw_018",269,"2021-01-07","history","-0.787409971790023"
"exdqlm_univar_synth","draw_018",269,"2021-01-08","history","-0.831883809730782"
"exdqlm_univar_synth","draw_018",269,"2021-01-09","history","-0.828290320907557"
"exdqlm_univar_synth","draw_018",269,"2021-01-10","history","-0.809069814529096"
"exdqlm_univar_synth","draw_018",269,"2021-01-11","history","-0.450013050750631"
"exdqlm_univar_synth","draw_018",269,"2021-01-12","history","-0.889052771985663"
"exdqlm_univar_synth","draw_018",269,"2021-01-13","history","-0.556962681857275"
"exdqlm_univar_synth","draw_018",269,"2021-01-14","history","-0.720191147794604"
"exdqlm_univar_synth","draw_018",269,"2021-01-15","history","-0.755417751594817"
"exdqlm_univar_synth","draw_018",269,"2021-01-16","history","-0.630824765555040"
"exdqlm_univar_synth","draw_018",269,"2021-01-17","history","-0.426309488351953"
"exdqlm_univar_synth","draw_018",269,"2021-01-18","history","-0.814444125784049"
"exdqlm_univar_synth","draw_018",269,"2021-01-19","history","-0.953555588613143"
"exdqlm_univar_synth","draw_018",269,"2021-01-20","history","-0.984108500586347"
"exdqlm_univar_synth","draw_018",269,"2021-01-21","history","-1.10238900629076"
"exdqlm_univar_synth","draw_018",269,"2021-01-22","history","-0.548534487681674"
"exdqlm_univar_synth","draw_018",269,"2021-01-23","history","-0.0150622652336491"
"exdqlm_univar_synth","draw_019",284,"2021-01-05","history","-0.464044413573505"
"exdqlm_univar_synth","draw_019",284,"2021-01-06","history","-0.274108022623582"
"exdqlm_univar_synth","draw_019",284,"2021-01-07","history","-0.474868501186508"
"exdqlm_univar_synth","draw_019",284,"2021-01-08","history","-0.728847011253888"
"exdqlm_univar_synth","draw_019",284,"2021-01-09","history","-0.899898120102806"
"exdqlm_univar_synth","draw_019",284,"2021-01-10","history","-0.517243443359960"
"exdqlm_univar_synth","draw_019",284,"2021-01-11","history","-0.418005131202669"
"exdqlm_univar_synth","draw_019",284,"2021-01-12","history","-0.703492416910581"
"exdqlm_univar_synth","draw_019",284,"2021-01-13","history","-0.539628084778886"
"exdqlm_univar_synth","draw_019",284,"2021-01-14","history","-0.613043422222593"
"exdqlm_univar_synth","draw_019",284,"2021-01-15","history","-0.623986722060051"
"exdqlm_univar_synth","draw_019",284,"2021-01-16","history","-0.987702703066732"
"exdqlm_univar_synth","draw_019",284,"2021-01-17","history","-0.985700075722557"
"exdqlm_univar_synth","draw_019",284,"2021-01-18","history","-0.964370964176236"
"exdqlm_univar_synth","draw_019",284,"2021-01-19","history","-0.548131541977858"
"exdqlm_univar_synth","draw_019",284,"2021-01-20","history","-1.00951900846727"
"exdqlm_univar_synth","draw_019",284,"2021-01-21","history","-0.408135688051942"
"exdqlm_univar_synth","draw_019",284,"2021-01-22","history","-0.701416573786845"
"exdqlm_univar_synth","draw_019",284,"2021-01-23","history","-0.620942089417611"
"exdqlm_univar_synth","draw_020",300,"2021-01-05","history","-0.425106542566787"
"exdqlm_univar_synth","draw_020",300,"2021-01-06","history","-0.726416635279881"
"exdqlm_univar_synth","draw_020",300,"2021-01-07","history","-0.574740617347716"
"exdqlm_univar_synth","draw_020",300,"2021-01-08","history","-0.709231378287281"
"exdqlm_univar_synth","draw_020",300,"2021-01-09","history","-0.598700615923888"
"exdqlm_univar_synth","draw_020",300,"2021-01-10","history","-0.333091832180443"
"exdqlm_univar_synth","draw_020",300,"2021-01-11","history","-0.435123679970042"
"exdqlm_univar_synth","draw_020",300,"2021-01-12","history","-0.598091136596065"
"exdqlm_univar_synth","draw_020",300,"2021-01-13","history","-0.692330214621516"
"exdqlm_univar_synth","draw_020",300,"2021-01-14","history","-0.673807007888499"
"exdqlm_univar_synth","draw_020",300,"2021-01-15","history","-0.628221926465130"
"exdqlm_univar_synth","draw_020",300,"2021-01-16","history","-0.648736762327604"
"exdqlm_univar_synth","draw_020",300,"2021-01-17","history","-1.03037294658572"
"exdqlm_univar_synth","draw_020",300,"2021-01-18","history","-0.944655090778227"
"exdqlm_univar_synth","draw_020",300,"2021-01-19","history","-0.988354139423736"
"exdqlm_univar_synth","draw_020",300,"2021-01-20","history","-0.746169796013451"
"exdqlm_univar_synth","draw_020",300,"2021-01-21","history","-0.510651600812461"
"exdqlm_univar_synth","draw_020",300,"2021-01-22","history","-0.680535959111720"
"exdqlm_univar_synth","draw_020",300,"2021-01-23","history","-0.0175729814180067"
"exdqlm_univar_synth","draw_021",316,"2021-01-05","history","-0.607955000866964"
"exdqlm_univar_synth","draw_021",316,"2021-01-06","history","-0.336348662467798"
"exdqlm_univar_synth","draw_021",316,"2021-01-07","history","-0.540735802402089"
"exdqlm_univar_synth","draw_021",316,"2021-01-08","history","-0.952963833048829"
"exdqlm_univar_synth","draw_021",316,"2021-01-09","history","-0.563498799148848"
"exdqlm_univar_synth","draw_021",316,"2021-01-10","history","-0.978304010299905"
"exdqlm_univar_synth","draw_021",316,"2021-01-11","history","-0.754747784241792"
"exdqlm_univar_synth","draw_021",316,"2021-01-12","history","-0.396295484339747"
"exdqlm_univar_synth","draw_021",316,"2021-01-13","history","-0.859315958014468"
"exdqlm_univar_synth","draw_021",316,"2021-01-14","history","-0.947506212080355"
"exdqlm_univar_synth","draw_021",316,"2021-01-15","history","-0.769394312548878"
"exdqlm_univar_synth","draw_021",316,"2021-01-16","history","-0.748796949346510"
"exdqlm_univar_synth","draw_021",316,"2021-01-17","history","-0.455622921503481"
"exdqlm_univar_synth","draw_021",316,"2021-01-18","history","-0.777839188012613"
"exdqlm_univar_synth","draw_021",316,"2021-01-19","history","-0.639275649736899"
"exdqlm_univar_synth","draw_021",316,"2021-01-20","history","-0.623221260758118"
"exdqlm_univar_synth","draw_021",316,"2021-01-21","history","-0.879981788995000"
"exdqlm_univar_synth","draw_021",316,"2021-01-22","history","-0.301495553889175"
"exdqlm_univar_synth","draw_021",316,"2021-01-23","history","0.198786246805322"
"exdqlm_univar_synth","draw_022",332,"2021-01-05","history","0.0784525655359855"
"exdqlm_univar_synth","draw_022",332,"2021-01-06","history","-0.344828687039672"
"exdqlm_univar_synth","draw_022",332,"2021-01-07","history","-0.429692181966651"
"exdqlm_univar_synth","draw_022",332,"2021-01-08","history","-0.604096955734495"
"exdqlm_univar_synth","draw_022",332,"2021-01-09","history","-0.772095684870347"
"exdqlm_univar_synth","draw_022",332,"2021-01-10","history","-0.608365067567703"
"exdqlm_univar_synth","draw_022",332,"2021-01-11","history","-0.730225592282643"
"exdqlm_univar_synth","draw_022",332,"2021-01-12","history","-0.860004660718533"
"exdqlm_univar_synth","draw_022",332,"2021-01-13","history","-0.598448828596669"
"exdqlm_univar_synth","draw_022",332,"2021-01-14","history","-0.583108702352071"
"exdqlm_univar_synth","draw_022",332,"2021-01-15","history","-1.17114825489030"
"exdqlm_univar_synth","draw_022",332,"2021-01-16","history","-0.595568143498625"
"exdqlm_univar_synth","draw_022",332,"2021-01-17","history","-0.938823195323546"
"exdqlm_univar_synth","draw_022",332,"2021-01-18","history","-0.782151698894337"
"exdqlm_univar_synth","draw_022",332,"2021-01-19","history","-0.790176476480615"
"exdqlm_univar_synth","draw_022",332,"2021-01-20","history","-0.830749479029646"
"exdqlm_univar_synth","draw_022",332,"2021-01-21","history","-0.972147980371159"
"exdqlm_univar_synth","draw_022",332,"2021-01-22","history","-0.623930379978826"
"exdqlm_univar_synth","draw_022",332,"2021-01-23","history","-0.829926486753631"
"exdqlm_univar_synth","draw_023",347,"2021-01-05","history","0.0989855757254350"
"exdqlm_univar_synth","draw_023",347,"2021-01-06","history","-0.546125401901239"
"exdqlm_univar_synth","draw_023",347,"2021-01-07","history","-0.475645779610175"
"exdqlm_univar_synth","draw_023",347,"2021-01-08","history","-0.612966264379660"
"exdqlm_univar_synth","draw_023",347,"2021-01-09","history","-0.338079464291057"
"exdqlm_univar_synth","draw_023",347,"2021-01-10","history","-0.935717203960046"
"exdqlm_univar_synth","draw_023",347,"2021-01-11","history","-0.729236151668826"
"exdqlm_univar_synth","draw_023",347,"2021-01-12","history","-0.870032087722263"
"exdqlm_univar_synth","draw_023",347,"2021-01-13","history","-0.726857918465202"
"exdqlm_univar_synth","draw_023",347,"2021-01-14","history","-0.675279025850876"
"exdqlm_univar_synth","draw_023",347,"2021-01-15","history","-0.968621181527172"
"exdqlm_univar_synth","draw_023",347,"2021-01-16","history","-0.914658621752733"
"exdqlm_univar_synth","draw_023",347,"2021-01-17","history","-0.594878948727877"
"exdqlm_univar_synth","draw_023",347,"2021-01-18","history","-0.623069453929363"
"exdqlm_univar_synth","draw_023",347,"2021-01-19","history","-1.03395143917206"
"exdqlm_univar_synth","draw_023",347,"2021-01-20","history","-0.565115063227248"
"exdqlm_univar_synth","draw_023",347,"2021-01-21","history","-0.767226045773802"
"exdqlm_univar_synth","draw_023",347,"2021-01-22","history","-0.582151245288257"
"exdqlm_univar_synth","draw_023",347,"2021-01-23","history","-0.619232296655570"
"exdqlm_univar_synth","draw_024",363,"2021-01-05","history","0.0781534518188825"
"exdqlm_univar_synth","draw_024",363,"2021-01-06","history","-0.883790021562850"
"exdqlm_univar_synth","draw_024",363,"2021-01-07","history","-0.950982258082572"
"exdqlm_univar_synth","draw_024",363,"2021-01-08","history","-0.561506599920700"
"exdqlm_univar_synth","draw_024",363,"2021-01-09","history","-0.893214344055210"
"exdqlm_univar_synth","draw_024",363,"2021-01-10","history","-0.748407851516748"
"exdqlm_univar_synth","draw_024",363,"2021-01-11","history","-0.750407716988568"
"exdqlm_univar_synth","draw_024",363,"2021-01-12","history","-0.799402081355258"
"exdqlm_univar_synth","draw_024",363,"2021-01-13","history","-0.811950607620763"
"exdqlm_univar_synth","draw_024",363,"2021-01-14","history","-0.941635576508134"
"exdqlm_univar_synth","draw_024",363,"2021-01-15","history","-0.458077489451052"
"exdqlm_univar_synth","draw_024",363,"2021-01-16","history","-0.878888595205744"
"exdqlm_univar_synth","draw_024",363,"2021-01-17","history","-0.829983280919094"
"exdqlm_univar_synth","draw_024",363,"2021-01-18","history","-0.646359341487819"
"exdqlm_univar_synth","draw_024",363,"2021-01-19","history","-0.849265471607519"
"exdqlm_univar_synth","draw_024",363,"2021-01-20","history","-0.524540881212358"
"exdqlm_univar_synth","draw_024",363,"2021-01-21","history","-0.457943563628638"
"exdqlm_univar_synth","draw_024",363,"2021-01-22","history","-0.716811762863488"
"exdqlm_univar_synth","draw_024",363,"2021-01-23","history","-0.506572504324423"
"exdqlm_univar_synth","draw_025",379,"2021-01-05","history","-0.165919190657420"
"exdqlm_univar_synth","draw_025",379,"2021-01-06","history","-0.443832183642305"
"exdqlm_univar_synth","draw_025",379,"2021-01-07","history","-0.282223233725035"
"exdqlm_univar_synth","draw_025",379,"2021-01-08","history","-0.761547824755921"
"exdqlm_univar_synth","draw_025",379,"2021-01-09","history","-0.504324664157274"
"exdqlm_univar_synth","draw_025",379,"2021-01-10","history","-0.779394176056366"
"exdqlm_univar_synth","draw_025",379,"2021-01-11","history","-1.05508634721622"
"exdqlm_univar_synth","draw_025",379,"2021-01-12","history","-0.658637388902211"
"exdqlm_univar_synth","draw_025",379,"2021-01-13","history","-0.383397573102406"
"exdqlm_univar_synth","draw_025",379,"2021-01-14","history","-0.888643377429459"
"exdqlm_univar_synth","draw_025",379,"2021-01-15","history","-0.949976352846359"
"exdqlm_univar_synth","draw_025",379,"2021-01-16","history","-0.821266976260187"
"exdqlm_univar_synth","draw_025",379,"2021-01-17","history","-0.690138727329444"
"exdqlm_univar_synth","draw_025",379,"2021-01-18","history","-0.355823441083731"
"exdqlm_univar_synth","draw_025",379,"2021-01-19","history","-0.984208530659084"
"exdqlm_univar_synth","draw_025",379,"2021-01-20","history","-0.740995864264568"
"exdqlm_univar_synth","draw_025",379,"2021-01-21","history","-0.783687205716922"
"exdqlm_univar_synth","draw_025",379,"2021-01-22","history","-1.01398488266173"
"exdqlm_univar_synth","draw_025",379,"2021-01-23","history","-0.237083544982229"
"exdqlm_univar_synth","draw_026",395,"2021-01-05","history","-0.660161212717083"
"exdqlm_univar_synth","draw_026",395,"2021-01-06","history","-0.589079094989338"
"exdqlm_univar_synth","draw_026",395,"2021-01-07","history","-0.357351384133070"
"exdqlm_univar_synth","draw_026",395,"2021-01-08","history","-0.691124079072312"
"exdqlm_univar_synth","draw_026",395,"2021-01-09","history","-0.621369044367645"
"exdqlm_univar_synth","draw_026",395,"2021-01-10","history","-0.620858260678852"
"exdqlm_univar_synth","draw_026",395,"2021-01-11","history","-0.327260668476269"
"exdqlm_univar_synth","draw_026",395,"2021-01-12","history","-0.749041893992129"
"exdqlm_univar_synth","draw_026",395,"2021-01-13","history","-0.738739603928078"
"exdqlm_univar_synth","draw_026",395,"2021-01-14","history","-0.664617390200978"
"exdqlm_univar_synth","draw_026",395,"2021-01-15","history","-0.838378663076070"
"exdqlm_univar_synth","draw_026",395,"2021-01-16","history","-0.854575404033989"
"exdqlm_univar_synth","draw_026",395,"2021-01-17","history","-0.854833634086530"
"exdqlm_univar_synth","draw_026",395,"2021-01-18","history","-0.922184881408700"
"exdqlm_univar_synth","draw_026",395,"2021-01-19","history","-0.771826554741230"
"exdqlm_univar_synth","draw_026",395,"2021-01-20","history","-0.610733354557222"
"exdqlm_univar_synth","draw_026",395,"2021-01-21","history","-0.656767120624809"
"exdqlm_univar_synth","draw_026",395,"2021-01-22","history","-0.551026222897367"
"exdqlm_univar_synth","draw_026",395,"2021-01-23","history","-0.532888031229603"
"exdqlm_univar_synth","draw_027",410,"2021-01-05","history","-0.0950829205225554"
"exdqlm_univar_synth","draw_027",410,"2021-01-06","history","-0.706720060056723"
"exdqlm_univar_synth","draw_027",410,"2021-01-07","history","-0.791723403258165"
"exdqlm_univar_synth","draw_027",410,"2021-01-08","history","-0.569558934419449"
"exdqlm_univar_synth","draw_027",410,"2021-01-09","history","-0.864606177687168"
"exdqlm_univar_synth","draw_027",410,"2021-01-10","history","-0.480362555888029"
"exdqlm_univar_synth","draw_027",410,"2021-01-11","history","-0.750368013326956"
"exdqlm_univar_synth","draw_027",410,"2021-01-12","history","-0.916758102882880"
"exdqlm_univar_synth","draw_027",410,"2021-01-13","history","-0.861391135440103"
"exdqlm_univar_synth","draw_027",410,"2021-01-14","history","-0.369360800913207"
"exdqlm_univar_synth","draw_027",410,"2021-01-15","history","-0.624418381324308"
"exdqlm_univar_synth","draw_027",410,"2021-01-16","history","-0.715064397898420"
"exdqlm_univar_synth","draw_027",410,"2021-01-17","history","-1.00047883919046"
"exdqlm_univar_synth","draw_027",410,"2021-01-18","history","-0.727980302992873"
"exdqlm_univar_synth","draw_027",410,"2021-01-19","history","-0.720095560801948"
"exdqlm_univar_synth","draw_027",410,"2021-01-20","history","-0.987610144824415"
"exdqlm_univar_synth","draw_027",410,"2021-01-21","history","-0.956098311721143"
"exdqlm_univar_synth","draw_027",410,"2021-01-22","history","-0.809471931740899"
"exdqlm_univar_synth","draw_027",410,"2021-01-23","history","-0.685033822281733"
"exdqlm_univar_synth","draw_028",426,"2021-01-05","history","-0.659849215708328"
"exdqlm_univar_synth","draw_028",426,"2021-01-06","history","-0.764990857841893"
"exdqlm_univar_synth","draw_028",426,"2021-01-07","history","-0.851606133269694"
"exdqlm_univar_synth","draw_028",426,"2021-01-08","history","-0.506654571305733"
"exdqlm_univar_synth","draw_028",426,"2021-01-09","history","-0.426797027718753"
"exdqlm_univar_synth","draw_028",426,"2021-01-10","history","-0.631115919158987"
"exdqlm_univar_synth","draw_028",426,"2021-01-11","history","-0.598704715340582"
"exdqlm_univar_synth","draw_028",426,"2021-01-12","history","-0.626499185965715"
"exdqlm_univar_synth","draw_028",426,"2021-01-13","history","-0.894318579947737"
"exdqlm_univar_synth","draw_028",426,"2021-01-14","history","-0.918976637762440"
"exdqlm_univar_synth","draw_028",426,"2021-01-15","history","-0.975082158233332"
"exdqlm_univar_synth","draw_028",426,"2021-01-16","history","-0.710873547657212"
"exdqlm_univar_synth","draw_028",426,"2021-01-17","history","-0.501507367907426"
"exdqlm_univar_synth","draw_028",426,"2021-01-18","history","-0.838986539374986"
"exdqlm_univar_synth","draw_028",426,"2021-01-19","history","-0.730388677198794"
"exdqlm_univar_synth","draw_028",426,"2021-01-20","history","-0.840657294294787"
"exdqlm_univar_synth","draw_028",426,"2021-01-21","history","-0.784008080057127"
"exdqlm_univar_synth","draw_028",426,"2021-01-22","history","-0.412051974734874"
"exdqlm_univar_synth","draw_028",426,"2021-01-23","history","-0.193519207569950"
"exdqlm_univar_synth","draw_029",442,"2021-01-05","history","-0.749528891721967"
"exdqlm_univar_synth","draw_029",442,"2021-01-06","history","-0.663019146905724"
"exdqlm_univar_synth","draw_029",442,"2021-01-07","history","-0.559361775185401"
"exdqlm_univar_synth","draw_029",442,"2021-01-08","history","-0.608782681767470"
"exdqlm_univar_synth","draw_029",442,"2021-01-09","history","-0.430666931917417"
"exdqlm_univar_synth","draw_029",442,"2021-01-10","history","-0.587131981878759"
"exdqlm_univar_synth","draw_029",442,"2021-01-11","history","-0.677709727702019"
"exdqlm_univar_synth","draw_029",442,"2021-01-12","history","-0.610074119976113"
"exdqlm_univar_synth","draw_029",442,"2021-01-13","history","-1.13562920441539"
"exdqlm_univar_synth","draw_029",442,"2021-01-14","history","-0.620806294930826"
"exdqlm_univar_synth","draw_029",442,"2021-01-15","history","-0.636024653238147"
"exdqlm_univar_synth","draw_029",442,"2021-01-16","history","-0.643953686025845"
"exdqlm_univar_synth","draw_029",442,"2021-01-17","history","-0.446093643749392"
"exdqlm_univar_synth","draw_029",442,"2021-01-18","history","-0.498925903266243"
"exdqlm_univar_synth","draw_029",442,"2021-01-19","history","-0.437219871850067"
"exdqlm_univar_synth","draw_029",442,"2021-01-20","history","-0.646651919927016"
"exdqlm_univar_synth","draw_029",442,"2021-01-21","history","-0.322236795978959"
"exdqlm_univar_synth","draw_029",442,"2021-01-22","history","-0.697338009723805"
"exdqlm_univar_synth","draw_029",442,"2021-01-23","history","-0.228193569908517"
"exdqlm_univar_synth","draw_030",457,"2021-01-05","history","-0.619020592372245"
"exdqlm_univar_synth","draw_030",457,"2021-01-06","history","0"
"exdqlm_univar_synth","draw_030",457,"2021-01-07","history","-0.607701553771542"
"exdqlm_univar_synth","draw_030",457,"2021-01-08","history","-1.00404176008418"
"exdqlm_univar_synth","draw_030",457,"2021-01-09","history","-0.925334079258113"
"exdqlm_univar_synth","draw_030",457,"2021-01-10","history","-0.762863710730429"
"exdqlm_univar_synth","draw_030",457,"2021-01-11","history","-0.528638087169175"
"exdqlm_univar_synth","draw_030",457,"2021-01-12","history","-0.852413027378382"
"exdqlm_univar_synth","draw_030",457,"2021-01-13","history","-0.913262943560097"
"exdqlm_univar_synth","draw_030",457,"2021-01-14","history","-0.362597357269029"
"exdqlm_univar_synth","draw_030",457,"2021-01-15","history","-0.901514887203914"
"exdqlm_univar_synth","draw_030",457,"2021-01-16","history","-0.972406828455156"
"exdqlm_univar_synth","draw_030",457,"2021-01-17","history","-0.768289218063920"
"exdqlm_univar_synth","draw_030",457,"2021-01-18","history","-1.00062035811355"
"exdqlm_univar_synth","draw_030",457,"2021-01-19","history","-0.985019207968014"
"exdqlm_univar_synth","draw_030",457,"2021-01-20","history","-0.528060165504889"
"exdqlm_univar_synth","draw_030",457,"2021-01-21","history","-0.886994181717917"
"exdqlm_univar_synth","draw_030",457,"2021-01-22","history","-0.657302761432868"
"exdqlm_univar_synth","draw_030",457,"2021-01-23","history","0.0545981296604786"
"exdqlm_univar_synth","draw_031",473,"2021-01-05","history","-0.457350324900153"
"exdqlm_univar_synth","draw_031",473,"2021-01-06","history","-0.528879268009249"
"exdqlm_univar_synth","draw_031",473,"2021-01-07","history","-1.00401792404367"
"exdqlm_univar_synth","draw_031",473,"2021-01-08","history","-0.617869633449073"
"exdqlm_univar_synth","draw_031",473,"2021-01-09","history","-0.917390710457827"
"exdqlm_univar_synth","draw_031",473,"2021-01-10","history","-0.964766941579857"
"exdqlm_univar_synth","draw_031",473,"2021-01-11","history","-0.463948942446683"
"exdqlm_univar_synth","draw_031",473,"2021-01-12","history","-0.663353420503091"
"exdqlm_univar_synth","draw_031",473,"2021-01-13","history","-0.298318131410418"
"exdqlm_univar_synth","draw_031",473,"2021-01-14","history","-0.495684941447468"
"exdqlm_univar_synth","draw_031",473,"2021-01-15","history","-0.997155595084012"
"exdqlm_univar_synth","draw_031",473,"2021-01-16","history","-0.824032114309541"
"exdqlm_univar_synth","draw_031",473,"2021-01-17","history","-0.504431429970805"
"exdqlm_univar_synth","draw_031",473,"2021-01-18","history","-0.822515845684029"
"exdqlm_univar_synth","draw_031",473,"2021-01-19","history","-0.960643807029933"
"exdqlm_univar_synth","draw_031",473,"2021-01-20","history","-0.710685139161640"
"exdqlm_univar_synth","draw_031",473,"2021-01-21","history","-0.613393374149088"
"exdqlm_univar_synth","draw_031",473,"2021-01-22","history","-0.784936843701759"
"exdqlm_univar_synth","draw_031",473,"2021-01-23","history","-0.425824382103221"
"exdqlm_univar_synth","draw_032",489,"2021-01-05","history","-0.136990382975287"
"exdqlm_univar_synth","draw_032",489,"2021-01-06","history","-0.720291072089235"
"exdqlm_univar_synth","draw_032",489,"2021-01-07","history","-0.938020698276306"
"exdqlm_univar_synth","draw_032",489,"2021-01-08","history","-0.392855404233492"
"exdqlm_univar_synth","draw_032",489,"2021-01-09","history","-0.539361927991949"
"exdqlm_univar_synth","draw_032",489,"2021-01-10","history","-0.301963975798521"
"exdqlm_univar_synth","draw_032",489,"2021-01-11","history","-0.855783634686539"
"exdqlm_univar_synth","draw_032",489,"2021-01-12","history","-0.871001240754800"
"exdqlm_univar_synth","draw_032",489,"2021-01-13","history","-0.521411868049583"
"exdqlm_univar_synth","draw_032",489,"2021-01-14","history","-0.588075487514233"
"exdqlm_univar_synth","draw_032",489,"2021-01-15","history","-0.417074393008914"
"exdqlm_univar_synth","draw_032",489,"2021-01-16","history","-0.688124941301540"
"exdqlm_univar_synth","draw_032",489,"2021-01-17","history","-0.923528247215129"
"exdqlm_univar_synth","draw_032",489,"2021-01-18","history","-0.925284367171262"
"exdqlm_univar_synth","draw_032",489,"2021-01-19","history","-0.625689275211028"
"exdqlm_univar_synth","draw_032",489,"2021-01-20","history","-0.684125419868489"
"exdqlm_univar_synth","draw_032",489,"2021-01-21","history","-0.990340886286792"
"exdqlm_univar_synth","draw_032",489,"2021-01-22","history","-0.757412465968097"
"exdqlm_univar_synth","draw_032",489,"2021-01-23","history","-0.247954296758736"
"exdqlm_univar_synth","draw_033",505,"2021-01-05","history","-0.561201834975208"
"exdqlm_univar_synth","draw_033",505,"2021-01-06","history","-0.616751218474237"
"exdqlm_univar_synth","draw_033",505,"2021-01-07","history","-0.619849202437560"
"exdqlm_univar_synth","draw_033",505,"2021-01-08","history","-0.984444357476565"
"exdqlm_univar_synth","draw_033",505,"2021-01-09","history","-0.983754069835830"
"exdqlm_univar_synth","draw_033",505,"2021-01-10","history","-0.757670525249573"
"exdqlm_univar_synth","draw_033",505,"2021-01-11","history","-0.712451596900808"
"exdqlm_univar_synth","draw_033",505,"2021-01-12","history","-0.784682598992184"
"exdqlm_univar_synth","draw_033",505,"2021-01-13","history","-0.774112384893588"
"exdqlm_univar_synth","draw_033",505,"2021-01-14","history","-0.950330111821036"
"exdqlm_univar_synth","draw_033",505,"2021-01-15","history","-0.521129224402802"
"exdqlm_univar_synth","draw_033",505,"2021-01-16","history","-0.592476809753738"
"exdqlm_univar_synth","draw_033",505,"2021-01-17","history","-0.605497903337073"
"exdqlm_univar_synth","draw_033",505,"2021-01-18","history","-0.858588207055651"
"exdqlm_univar_synth","draw_033",505,"2021-01-19","history","-1.02123675770885"
"exdqlm_univar_synth","draw_033",505,"2021-01-20","history","-0.962293525407016"
"exdqlm_univar_synth","draw_033",505,"2021-01-21","history","-1.05013861798803"
"exdqlm_univar_synth","draw_033",505,"2021-01-22","history","-1.02766887666067"
"exdqlm_univar_synth","draw_033",505,"2021-01-23","history","-0.526876278981725"
"exdqlm_univar_synth","draw_034",520,"2021-01-05","history","-0.171777800624909"
"exdqlm_univar_synth","draw_034",520,"2021-01-06","history","-0.600526719178126"
"exdqlm_univar_synth","draw_034",520,"2021-01-07","history","-0.794755813550886"
"exdqlm_univar_synth","draw_034",520,"2021-01-08","history","-0.727662323014426"
"exdqlm_univar_synth","draw_034",520,"2021-01-09","history","-0.953762654545315"
"exdqlm_univar_synth","draw_034",520,"2021-01-10","history","-1.03604512914178"
"exdqlm_univar_synth","draw_034",520,"2021-01-11","history","-0.632478388570145"
"exdqlm_univar_synth","draw_034",520,"2021-01-12","history","-0.585805954339435"
"exdqlm_univar_synth","draw_034",520,"2021-01-13","history","-0.802321284704567"
"exdqlm_univar_synth","draw_034",520,"2021-01-14","history","-0.950413343892989"
"exdqlm_univar_synth","draw_034",520,"2021-01-15","history","-0.818954536510275"
"exdqlm_univar_synth","draw_034",520,"2021-01-16","history","-0.465862053857569"
"exdqlm_univar_synth","draw_034",520,"2021-01-17","history","-0.771401694097134"
"exdqlm_univar_synth","draw_034",520,"2021-01-18","history","-0.945980147576770"
"exdqlm_univar_synth","draw_034",520,"2021-01-19","history","-0.470371133521218"
"exdqlm_univar_synth","draw_034",520,"2021-01-20","history","-0.936592581775316"
"exdqlm_univar_synth","draw_034",520,"2021-01-21","history","-0.810119670695319"
"exdqlm_univar_synth","draw_034",520,"2021-01-22","history","-0.675466147264265"
"exdqlm_univar_synth","draw_034",520,"2021-01-23","history","-0.581916230803026"
"exdqlm_univar_synth","draw_035",536,"2021-01-05","history","-0.415978353523494"
"exdqlm_univar_synth","draw_035",536,"2021-01-06","history","-0.576395671016362"
"exdqlm_univar_synth","draw_035",536,"2021-01-07","history","-0.357067870145409"
"exdqlm_univar_synth","draw_035",536,"2021-01-08","history","-0.613331954483839"
"exdqlm_univar_synth","draw_035",536,"2021-01-09","history","-0.634628528406879"
"exdqlm_univar_synth","draw_035",536,"2021-01-10","history","-0.872032750869341"
"exdqlm_univar_synth","draw_035",536,"2021-01-11","history","-0.862026072617564"
"exdqlm_univar_synth","draw_035",536,"2021-01-12","history","-0.896172287737822"
"exdqlm_univar_synth","draw_035",536,"2021-01-13","history","-0.647490451574816"
"exdqlm_univar_synth","draw_035",536,"2021-01-14","history","-0.527125047103072"
"exdqlm_univar_synth","draw_035",536,"2021-01-15","history","-0.635939584744394"
"exdqlm_univar_synth","draw_035",536,"2021-01-16","history","-0.630540515985789"
"exdqlm_univar_synth","draw_035",536,"2021-01-17","history","-0.929733919768788"
"exdqlm_univar_synth","draw_035",536,"2021-01-18","history","-0.879046697228733"
"exdqlm_univar_synth","draw_035",536,"2021-01-19","history","-0.960872148642722"
"exdqlm_univar_synth","draw_035",536,"2021-01-20","history","-1.03563202069922"
"exdqlm_univar_synth","draw_035",536,"2021-01-21","history","-1.11896433311302"
"exdqlm_univar_synth","draw_035",536,"2021-01-22","history","-0.330099418532060"
"exdqlm_univar_synth","draw_035",536,"2021-01-23","history","-0.615592250109512"
"exdqlm_univar_synth","draw_036",552,"2021-01-05","history","-0.254217567569986"
"exdqlm_univar_synth","draw_036",552,"2021-01-06","history","-0.836949336312340"
"exdqlm_univar_synth","draw_036",552,"2021-01-07","history","-0.651634135707720"
"exdqlm_univar_synth","draw_036",552,"2021-01-08","history","-0.875261579922711"
"exdqlm_univar_synth","draw_036",552,"2021-01-09","history","-0.556816137457030"
"exdqlm_univar_synth","draw_036",552,"2021-01-10","history","-0.823933875970660"
"exdqlm_univar_synth","draw_036",552,"2021-01-11","history","-1.19740679125134"
"exdqlm_univar_synth","draw_036",552,"2021-01-12","history","-0.816544177646295"
"exdqlm_univar_synth","draw_036",552,"2021-01-13","history","-0.572124638844941"
"exdqlm_univar_synth","draw_036",552,"2021-01-14","history","-0.721318240618635"
"exdqlm_univar_synth","draw_036",552,"2021-01-15","history","-0.820076186322395"
"exdqlm_univar_synth","draw_036",552,"2021-01-16","history","-0.831675648029885"
"exdqlm_univar_synth","draw_036",552,"2021-01-17","history","-0.629307674517088"
"exdqlm_univar_synth","draw_036",552,"2021-01-18","history","-0.765452404720606"
"exdqlm_univar_synth","draw_036",552,"2021-01-19","history","-0.927449176553122"
"exdqlm_univar_synth","draw_036",552,"2021-01-20","history","-0.809061317954603"
"exdqlm_univar_synth","draw_036",552,"2021-01-21","history","-0.521528553986296"
"exdqlm_univar_synth","draw_036",552,"2021-01-22","history","-0.712486342822666"
"exdqlm_univar_synth","draw_036",552,"2021-01-23","history","-0.561563515482865"
"exdqlm_univar_synth","draw_037",568,"2021-01-05","history","-0.451893196370883"
"exdqlm_univar_synth","draw_037",568,"2021-01-06","history","-0.559095869540668"
"exdqlm_univar_synth","draw_037",568,"2021-01-07","history","-0.571345956109050"
"exdqlm_univar_synth","draw_037",568,"2021-01-08","history","-0.363890152574360"
"exdqlm_univar_synth","draw_037",568,"2021-01-09","history","-0.900389675918713"
"exdqlm_univar_synth","draw_037",568,"2021-01-10","history","-0.850450581719444"
"exdqlm_univar_synth","draw_037",568,"2021-01-11","history","-0.602949427383038"
"exdqlm_univar_synth","draw_037",568,"2021-01-12","history","-0.796021548057219"
"exdqlm_univar_synth","draw_037",568,"2021-01-13","history","-0.764282484727390"
"exdqlm_univar_synth","draw_037",568,"2021-01-14","history","-1.00381590225127"
"exdqlm_univar_synth","draw_037",568,"2021-01-15","history","-0.760399053869560"
"exdqlm_univar_synth","draw_037",568,"2021-01-16","history","-0.756014864033898"
"exdqlm_univar_synth","draw_037",568,"2021-01-17","history","-0.536091335664073"
"exdqlm_univar_synth","draw_037",568,"2021-01-18","history","-0.632370861995301"
"exdqlm_univar_synth","draw_037",568,"2021-01-19","history","-0.777391139429262"
"exdqlm_univar_synth","draw_037",568,"2021-01-20","history","-0.661936458220780"
"exdqlm_univar_synth","draw_037",568,"2021-01-21","history","-0.703800400772241"
"exdqlm_univar_synth","draw_037",568,"2021-01-22","history","-0.764202453358046"
"exdqlm_univar_synth","draw_037",568,"2021-01-23","history","0.106291601608650"
"exdqlm_univar_synth","draw_038",583,"2021-01-05","history","-0.546624777086909"
"exdqlm_univar_synth","draw_038",583,"2021-01-06","history","-0.770744597112770"
"exdqlm_univar_synth","draw_038",583,"2021-01-07","history","-0.691538521879971"
"exdqlm_univar_synth","draw_038",583,"2021-01-08","history","-0.601175663745483"
"exdqlm_univar_synth","draw_038",583,"2021-01-09","history","-0.736561360816267"
"exdqlm_univar_synth","draw_038",583,"2021-01-10","history","-0.728110442163651"
"exdqlm_univar_synth","draw_038",583,"2021-01-11","history","-1.16398011303693"
"exdqlm_univar_synth","draw_038",583,"2021-01-12","history","-0.420857974965480"
"exdqlm_univar_synth","draw_038",583,"2021-01-13","history","-0.889068118979303"
"exdqlm_univar_synth","draw_038",583,"2021-01-14","history","-0.903880687656514"
"exdqlm_univar_synth","draw_038",583,"2021-01-15","history","-0.670279037285205"
"exdqlm_univar_synth","draw_038",583,"2021-01-16","history","-0.776008977438487"
"exdqlm_univar_synth","draw_038",583,"2021-01-17","history","-0.374609453737508"
"exdqlm_univar_synth","draw_038",583,"2021-01-18","history","-0.946424006947788"
"exdqlm_univar_synth","draw_038",583,"2021-01-19","history","-0.545825905419910"
"exdqlm_univar_synth","draw_038",583,"2021-01-20","history","-0.717645126430465"
"exdqlm_univar_synth","draw_038",583,"2021-01-21","history","-0.635222112579974"
"exdqlm_univar_synth","draw_038",583,"2021-01-22","history","-0.581964488270469"
"exdqlm_univar_synth","draw_038",583,"2021-01-23","history","-0.336676803077807"
"exdqlm_univar_synth","draw_039",599,"2021-01-05","history","-0.344291103710868"
"exdqlm_univar_synth","draw_039",599,"2021-01-06","history","-0.583212513558499"
"exdqlm_univar_synth","draw_039",599,"2021-01-07","history","-0.420875962285936"
"exdqlm_univar_synth","draw_039",599,"2021-01-08","history","-0.834237867231767"
"exdqlm_univar_synth","draw_039",599,"2021-01-09","history","-0.612803229897676"
"exdqlm_univar_synth","draw_039",599,"2021-01-10","history","-0.592159402902384"
"exdqlm_univar_synth","draw_039",599,"2021-01-11","history","-0.628755286785309"
"exdqlm_univar_synth","draw_039",599,"2021-01-12","history","-1.12544667249532"
"exdqlm_univar_synth","draw_039",599,"2021-01-13","history","-0.925443751176521"
"exdqlm_univar_synth","draw_039",599,"2021-01-14","history","-0.578312709661839"
"exdqlm_univar_synth","draw_039",599,"2021-01-15","history","-0.967805540018387"
"exdqlm_univar_synth","draw_039",599,"2021-01-16","history","-0.437087018953540"
"exdqlm_univar_synth","draw_039",599,"2021-01-17","history","-0.968201147280474"
"exdqlm_univar_synth","draw_039",599,"2021-01-18","history","-0.980065433906612"
"exdqlm_univar_synth","draw_039",599,"2021-01-19","history","-1.01295952154123"
"exdqlm_univar_synth","draw_039",599,"2021-01-20","history","-1.00957748203194"
"exdqlm_univar_synth","draw_039",599,"2021-01-21","history","-0.945179536777075"
"exdqlm_univar_synth","draw_039",599,"2021-01-22","history","-0.774573018619521"
"exdqlm_univar_synth","draw_039",599,"2021-01-23","history","-0.114514757639065"
"exdqlm_univar_synth","draw_040",615,"2021-01-05","history","-0.231222879143760"
"exdqlm_univar_synth","draw_040",615,"2021-01-06","history","-0.966318390802488"
"exdqlm_univar_synth","draw_040",615,"2021-01-07","history","-0.900272220085836"
"exdqlm_univar_synth","draw_040",615,"2021-01-08","history","-0.522283380847409"
"exdqlm_univar_synth","draw_040",615,"2021-01-09","history","-0.816110625989748"
"exdqlm_univar_synth","draw_040",615,"2021-01-10","history","-1.03076048571956"
"exdqlm_univar_synth","draw_040",615,"2021-01-11","history","-0.518084679382351"
"exdqlm_univar_synth","draw_040",615,"2021-01-12","history","-0.617413971915071"
"exdqlm_univar_synth","draw_040",615,"2021-01-13","history","-0.412892788802686"
"exdqlm_univar_synth","draw_040",615,"2021-01-14","history","-0.865588134890311"
"exdqlm_univar_synth","draw_040",615,"2021-01-15","history","-0.990595043225165"
"exdqlm_univar_synth","draw_040",615,"2021-01-16","history","-0.837334754322953"
"exdqlm_univar_synth","draw_040",615,"2021-01-17","history","-0.740669644486267"
"exdqlm_univar_synth","draw_040",615,"2021-01-18","history","-0.439879809081223"
"exdqlm_univar_synth","draw_040",615,"2021-01-19","history","-0.724433690616300"
"exdqlm_univar_synth","draw_040",615,"2021-01-20","history","-0.448562656015240"
"exdqlm_univar_synth","draw_040",615,"2021-01-21","history","-1.04324685730058"
"exdqlm_univar_synth","draw_040",615,"2021-01-22","history","-0.799922904849582"
"exdqlm_univar_synth","draw_040",615,"2021-01-23","history","-0.239979905442812"
"exdqlm_univar_synth","draw_041",631,"2021-01-05","history","-0.191628637877988"
"exdqlm_univar_synth","draw_041",631,"2021-01-06","history","-0.618973841372487"
"exdqlm_univar_synth","draw_041",631,"2021-01-07","history","-0.265327247443611"
"exdqlm_univar_synth","draw_041",631,"2021-01-08","history","-0.803658079875146"
"exdqlm_univar_synth","draw_041",631,"2021-01-09","history","-0.765574972492546"
"exdqlm_univar_synth","draw_041",631,"2021-01-10","history","-0.465519812522357"
"exdqlm_univar_synth","draw_041",631,"2021-01-11","history","-0.856210257478429"
"exdqlm_univar_synth","draw_041",631,"2021-01-12","history","-1.11194017819121"
"exdqlm_univar_synth","draw_041",631,"2021-01-13","history","-0.817854570053543"
"exdqlm_univar_synth","draw_041",631,"2021-01-14","history","-0.657187753885105"
"exdqlm_univar_synth","draw_041",631,"2021-01-15","history","-0.768752202954984"
"exdqlm_univar_synth","draw_041",631,"2021-01-16","history","-0.952603306884748"
"exdqlm_univar_synth","draw_041",631,"2021-01-17","history","-0.920136021452328"
"exdqlm_univar_synth","draw_041",631,"2021-01-18","history","-0.628697393620550"
"exdqlm_univar_synth","draw_041",631,"2021-01-19","history","-1.04757019123467"
"exdqlm_univar_synth","draw_041",631,"2021-01-20","history","-0.933394335339339"
"exdqlm_univar_synth","draw_041",631,"2021-01-21","history","-0.916208630984864"
"exdqlm_univar_synth","draw_041",631,"2021-01-22","history","-0.558413352131216"
"exdqlm_univar_synth","draw_041",631,"2021-01-23","history","-0.355485472205311"
"exdqlm_univar_synth","draw_042",646,"2021-01-05","history","-0.304305714959031"
"exdqlm_univar_synth","draw_042",646,"2021-01-06","history","-0.777999216474828"
"exdqlm_univar_synth","draw_042",646,"2021-01-07","history","-0.758643585636174"
"exdqlm_univar_synth","draw_042",646,"2021-01-08","history","-0.434290616076279"
"exdqlm_univar_synth","draw_042",646,"2021-01-09","history","-0.600761978494659"
"exdqlm_univar_synth","draw_042",646,"2021-01-10","history","-0.494185970993643"
"exdqlm_univar_synth","draw_042",646,"2021-01-11","history","-0.604221163420217"
"exdqlm_univar_synth","draw_042",646,"2021-01-12","history","-0.930176574526270"
"exdqlm_univar_synth","draw_042",646,"2021-01-13","history","-0.900995673555094"
"exdqlm_univar_synth","draw_042",646,"2021-01-14","history","-0.512409576143428"
"exdqlm_univar_synth","draw_042",646,"2021-01-15","history","-0.864006471922055"
"exdqlm_univar_synth","draw_042",646,"2021-01-16","history","-0.659297134175220"
"exdqlm_univar_synth","draw_042",646,"2021-01-17","history","-0.989285543519385"
"exdqlm_univar_synth","draw_042",646,"2021-01-18","history","-0.541347551883052"
"exdqlm_univar_synth","draw_042",646,"2021-01-19","history","-0.906085189194082"
"exdqlm_univar_synth","draw_042",646,"2021-01-20","history","-0.858020025724153"
"exdqlm_univar_synth","draw_042",646,"2021-01-21","history","-0.801049173283654"
"exdqlm_univar_synth","draw_042",646,"2021-01-22","history","-0.570337626209269"
"exdqlm_univar_synth","draw_042",646,"2021-01-23","history","-0.493646323021160"
"exdqlm_univar_synth","draw_043",662,"2021-01-05","history","0.0627816851983940"
"exdqlm_univar_synth","draw_043",662,"2021-01-06","history","-0.295442827973965"
"exdqlm_univar_synth","draw_043",662,"2021-01-07","history","-0.889036565203263"
"exdqlm_univar_synth","draw_043",662,"2021-01-08","history","-0.768262493728058"
"exdqlm_univar_synth","draw_043",662,"2021-01-09","history","-0.577088612920442"
"exdqlm_univar_synth","draw_043",662,"2021-01-10","history","-0.437518704926402"
"exdqlm_univar_synth","draw_043",662,"2021-01-11","history","-0.926114748417773"
"exdqlm_univar_synth","draw_043",662,"2021-01-12","history","-0.953124625625824"
"exdqlm_univar_synth","draw_043",662,"2021-01-13","history","-0.612059832880236"
"exdqlm_univar_synth","draw_043",662,"2021-01-14","history","-0.656177123116741"
"exdqlm_univar_synth","draw_043",662,"2021-01-15","history","-0.413563978400780"
"exdqlm_univar_synth","draw_043",662,"2021-01-16","history","-0.832594159986592"
"exdqlm_univar_synth","draw_043",662,"2021-01-17","history","-0.758450533007490"
"exdqlm_univar_synth","draw_043",662,"2021-01-18","history","-0.873134650187182"
"exdqlm_univar_synth","draw_043",662,"2021-01-19","history","-0.890867988137217"
"exdqlm_univar_synth","draw_043",662,"2021-01-20","history","-0.649926440960193"
"exdqlm_univar_synth","draw_043",662,"2021-01-21","history","-0.863025791716860"
"exdqlm_univar_synth","draw_043",662,"2021-01-22","history","-0.579069026168129"
"exdqlm_univar_synth","draw_043",662,"2021-01-23","history","-0.441723438706569"
"exdqlm_univar_synth","draw_044",678,"2021-01-05","history","-0.216378957511077"
"exdqlm_univar_synth","draw_044",678,"2021-01-06","history","-0.962361964180736"
"exdqlm_univar_synth","draw_044",678,"2021-01-07","history","-0.372773074874285"
"exdqlm_univar_synth","draw_044",678,"2021-01-08","history","-0.584081885753908"
"exdqlm_univar_synth","draw_044",678,"2021-01-09","history","-0.819082949992173"
"exdqlm_univar_synth","draw_044",678,"2021-01-10","history","-0.667936442824127"
"exdqlm_univar_synth","draw_044",678,"2021-01-11","history","-0.454266976540669"
"exdqlm_univar_synth","draw_044",678,"2021-01-12","history","-0.658873453380072"
"exdqlm_univar_synth","draw_044",678,"2021-01-13","history","-0.559087152147777"
"exdqlm_univar_synth","draw_044",678,"2021-01-14","history","-0.621167055284496"
"exdqlm_univar_synth","draw_044",678,"2021-01-15","history","-0.943292258024799"
"exdqlm_univar_synth","draw_044",678,"2021-01-16","history","-0.878546635740259"
"exdqlm_univar_synth","draw_044",678,"2021-01-17","history","0"
"exdqlm_univar_synth","draw_044",678,"2021-01-18","history","-0.933981847451589"
"exdqlm_univar_synth","draw_044",678,"2021-01-19","history","-0.900439529137668"
"exdqlm_univar_synth","draw_044",678,"2021-01-20","history","-0.933349641200457"
"exdqlm_univar_synth","draw_044",678,"2021-01-21","history","-0.794048649894577"
"exdqlm_univar_synth","draw_044",678,"2021-01-22","history","-0.378686385859539"
"exdqlm_univar_synth","draw_044",678,"2021-01-23","history","-0.283639647817735"
"exdqlm_univar_synth","draw_045",694,"2021-01-05","history","-0.312593297957817"
"exdqlm_univar_synth","draw_045",694,"2021-01-06","history","-0.677688804558711"
"exdqlm_univar_synth","draw_045",694,"2021-01-07","history","-0.748763889004344"
"exdqlm_univar_synth","draw_045",694,"2021-01-08","history","-1.09270675467729"
"exdqlm_univar_synth","draw_045",694,"2021-01-09","history","-0.750825399966795"
"exdqlm_univar_synth","draw_045",694,"2021-01-10","history","-0.830278969985432"
"exdqlm_univar_synth","draw_045",694,"2021-01-11","history","-0.726992264869568"
"exdqlm_univar_synth","draw_045",694,"2021-01-12","history","-0.711807341002895"
"exdqlm_univar_synth","draw_045",694,"2021-01-13","history","-0.636334349314567"
"exdqlm_univar_synth","draw_045",694,"2021-01-14","history","-0.693989672426295"
"exdqlm_univar_synth","draw_045",694,"2021-01-15","history","-0.689261318251282"
"exdqlm_univar_synth","draw_045",694,"2021-01-16","history","-0.592973359986149"
"exdqlm_univar_synth","draw_045",694,"2021-01-17","history","-0.664120811919886"
"exdqlm_univar_synth","draw_045",694,"2021-01-18","history","-1.06649546807693"
"exdqlm_univar_synth","draw_045",694,"2021-01-19","history","-0.785944955657199"
"exdqlm_univar_synth","draw_045",694,"2021-01-20","history","-0.725411245065283"
"exdqlm_univar_synth","draw_045",694,"2021-01-21","history","-0.801991899166225"
"exdqlm_univar_synth","draw_045",694,"2021-01-22","history","-0.652575631915702"
"exdqlm_univar_synth","draw_045",694,"2021-01-23","history","-0.459420501474800"
"exdqlm_univar_synth","draw_046",709,"2021-01-05","history","-0.0923129347331216"
"exdqlm_univar_synth","draw_046",709,"2021-01-06","history","-0.593098925671208"
"exdqlm_univar_synth","draw_046",709,"2021-01-07","history","-0.245222571343468"
"exdqlm_univar_synth","draw_046",709,"2021-01-08","history","-0.946348779824921"
"exdqlm_univar_synth","draw_046",709,"2021-01-09","history","-0.780187340932229"
"exdqlm_univar_synth","draw_046",709,"2021-01-10","history","-0.601454064784661"
"exdqlm_univar_synth","draw_046",709,"2021-01-11","history","-0.733812298432007"
"exdqlm_univar_synth","draw_046",709,"2021-01-12","history","-0.841667759572914"
"exdqlm_univar_synth","draw_046",709,"2021-01-13","history","-0.515809075701308"
"exdqlm_univar_synth","draw_046",709,"2021-01-14","history","-0.241895556793198"
"exdqlm_univar_synth","draw_046",709,"2021-01-15","history","-0.845671032310007"
"exdqlm_univar_synth","draw_046",709,"2021-01-16","history","-0.966547251506069"
"exdqlm_univar_synth","draw_046",709,"2021-01-17","history","-0.997425133943630"
"exdqlm_univar_synth","draw_046",709,"2021-01-18","history","-0.787465849051250"
"exdqlm_univar_synth","draw_046",709,"2021-01-19","history","-0.839378270848716"
"exdqlm_univar_synth","draw_046",709,"2021-01-20","history","-1.02665132654236"
"exdqlm_univar_synth","draw_046",709,"2021-01-21","history","-0.966778948623336"
"exdqlm_univar_synth","draw_046",709,"2021-01-22","history","-0.760790386849055"
"exdqlm_univar_synth","draw_046",709,"2021-01-23","history","-0.564032047695646"
"exdqlm_univar_synth","draw_047",725,"2021-01-05","history","-0.504851898289217"
"exdqlm_univar_synth","draw_047",725,"2021-01-06","history","-0.581184794502539"
"exdqlm_univar_synth","draw_047",725,"2021-01-07","history","-0.768174391551409"
"exdqlm_univar_synth","draw_047",725,"2021-01-08","history","-1.02801952244958"
"exdqlm_univar_synth","draw_047",725,"2021-01-09","history","-0.450238854744553"
"exdqlm_univar_synth","draw_047",725,"2021-01-10","history","-0.585571724496112"
"exdqlm_univar_synth","draw_047",725,"2021-01-11","history","-0.581486992932131"
"exdqlm_univar_synth","draw_047",725,"2021-01-12","history","-0.551505688090594"
"exdqlm_univar_synth","draw_047",725,"2021-01-13","history","-0.488260230570151"
"exdqlm_univar_synth","draw_047",725,"2021-01-14","history","-0.640340849263875"
"exdqlm_univar_synth","draw_047",725,"2021-01-15","history","-0.628508117731774"
"exdqlm_univar_synth","draw_047",725,"2021-01-16","history","-0.948327783770702"
"exdqlm_univar_synth","draw_047",725,"2021-01-17","history","-0.786843673048431"
"exdqlm_univar_synth","draw_047",725,"2021-01-18","history","-0.569263034906438"
"exdqlm_univar_synth","draw_047",725,"2021-01-19","history","-0.995955743188196"
"exdqlm_univar_synth","draw_047",725,"2021-01-20","history","-0.700547415571487"
"exdqlm_univar_synth","draw_047",725,"2021-01-21","history","-0.621623465254387"
"exdqlm_univar_synth","draw_047",725,"2021-01-22","history","-0.634311632812040"
"exdqlm_univar_synth","draw_047",725,"2021-01-23","history","-0.218331278181991"
"exdqlm_univar_synth","draw_048",741,"2021-01-05","history","-0.266354746924661"
"exdqlm_univar_synth","draw_048",741,"2021-01-06","history","-0.640687635991540"
"exdqlm_univar_synth","draw_048",741,"2021-01-07","history","-0.782511781755895"
"exdqlm_univar_synth","draw_048",741,"2021-01-08","history","-0.988386109109709"
"exdqlm_univar_synth","draw_048",741,"2021-01-09","history","-0.713005247852830"
"exdqlm_univar_synth","draw_048",741,"2021-01-10","history","-0.767673901530939"
"exdqlm_univar_synth","draw_048",741,"2021-01-11","history","-0.398279338869515"
"exdqlm_univar_synth","draw_048",741,"2021-01-12","history","-0.876044870268201"
"exdqlm_univar_synth","draw_048",741,"2021-01-13","history","-0.644257114590706"
"exdqlm_univar_synth","draw_048",741,"2021-01-14","history","-0.705976860533382"
"exdqlm_univar_synth","draw_048",741,"2021-01-15","history","-0.864360756678778"
"exdqlm_univar_synth","draw_048",741,"2021-01-16","history","-0.360476284448899"
"exdqlm_univar_synth","draw_048",741,"2021-01-17","history","-0.416959559957621"
"exdqlm_univar_synth","draw_048",741,"2021-01-18","history","-0.804403444868868"
"exdqlm_univar_synth","draw_048",741,"2021-01-19","history","-0.878381288669626"
"exdqlm_univar_synth","draw_048",741,"2021-01-20","history","-0.602425581582890"
"exdqlm_univar_synth","draw_048",741,"2021-01-21","history","-0.516696530014595"
"exdqlm_univar_synth","draw_048",741,"2021-01-22","history","-0.536855305427319"
"exdqlm_univar_synth","draw_048",741,"2021-01-23","history","-0.283117302257005"
"exdqlm_univar_synth","draw_049",757,"2021-01-05","history","-0.130963136934235"
"exdqlm_univar_synth","draw_049",757,"2021-01-06","history","-0.525342265131756"
"exdqlm_univar_synth","draw_049",757,"2021-01-07","history","-0.646334261151958"
"exdqlm_univar_synth","draw_049",757,"2021-01-08","history","-0.957329510412050"
"exdqlm_univar_synth","draw_049",757,"2021-01-09","history","-0.839762318402946"
"exdqlm_univar_synth","draw_049",757,"2021-01-10","history","-0.802293409286000"
"exdqlm_univar_synth","draw_049",757,"2021-01-11","history","-0.452923812311352"
"exdqlm_univar_synth","draw_049",757,"2021-01-12","history","-0.795025363522933"
"exdqlm_univar_synth","draw_049",757,"2021-01-13","history","-0.922621789958894"
"exdqlm_univar_synth","draw_049",757,"2021-01-14","history","-0.498175478592679"
"exdqlm_univar_synth","draw_049",757,"2021-01-15","history","-0.419606575451984"
"exdqlm_univar_synth","draw_049",757,"2021-01-16","history","-0.902822197698165"
"exdqlm_univar_synth","draw_049",757,"2021-01-17","history","-0.574102443673668"
"exdqlm_univar_synth","draw_049",757,"2021-01-18","history","-0.624538215626816"
"exdqlm_univar_synth","draw_049",757,"2021-01-19","history","-0.721885858684631"
"exdqlm_univar_synth","draw_049",757,"2021-01-20","history","-0.850532868234698"
"exdqlm_univar_synth","draw_049",757,"2021-01-21","history","-0.705077102581449"
"exdqlm_univar_synth","draw_049",757,"2021-01-22","history","-0.681347869037914"
"exdqlm_univar_synth","draw_049",757,"2021-01-23","history","-0.573551144402378"
"exdqlm_univar_synth","draw_050",772,"2021-01-05","history","-0.209148797257083"
"exdqlm_univar_synth","draw_050",772,"2021-01-06","history","-0.741120818328800"
"exdqlm_univar_synth","draw_050",772,"2021-01-07","history","-0.547002110611775"
"exdqlm_univar_synth","draw_050",772,"2021-01-08","history","-1.02318812277204"
"exdqlm_univar_synth","draw_050",772,"2021-01-09","history","-0.743471801557525"
"exdqlm_univar_synth","draw_050",772,"2021-01-10","history","-0.838756361540940"
"exdqlm_univar_synth","draw_050",772,"2021-01-11","history","-0.572426829685407"
"exdqlm_univar_synth","draw_050",772,"2021-01-12","history","-0.609226611484848"
"exdqlm_univar_synth","draw_050",772,"2021-01-13","history","-0.485724300703388"
"exdqlm_univar_synth","draw_050",772,"2021-01-14","history","-0.523944975919194"
"exdqlm_univar_synth","draw_050",772,"2021-01-15","history","-1.02115171333998"
"exdqlm_univar_synth","draw_050",772,"2021-01-16","history","-0.499663713857803"
"exdqlm_univar_synth","draw_050",772,"2021-01-17","history","-0.496034331877092"
"exdqlm_univar_synth","draw_050",772,"2021-01-18","history","-0.787470550323613"
"exdqlm_univar_synth","draw_050",772,"2021-01-19","history","-0.862001291950225"
"exdqlm_univar_synth","draw_050",772,"2021-01-20","history","-0.808390161855040"
"exdqlm_univar_synth","draw_050",772,"2021-01-21","history","-1.01920249427784"
"exdqlm_univar_synth","draw_050",772,"2021-01-22","history","-0.334727652699587"
"exdqlm_univar_synth","draw_050",772,"2021-01-23","history","-0.650989033232660"
"exdqlm_univar_synth","draw_051",788,"2021-01-05","history","0.0940830289939453"
"exdqlm_univar_synth","draw_051",788,"2021-01-06","history","-0.837835246776699"
"exdqlm_univar_synth","draw_051",788,"2021-01-07","history","-0.881604478862155"
"exdqlm_univar_synth","draw_051",788,"2021-01-08","history","-1.05392323525300"
"exdqlm_univar_synth","draw_051",788,"2021-01-09","history","-0.827513971124322"
"exdqlm_univar_synth","draw_051",788,"2021-01-10","history","-0.837287930288731"
"exdqlm_univar_synth","draw_051",788,"2021-01-11","history","-1.07010469630119"
"exdqlm_univar_synth","draw_051",788,"2021-01-12","history","-0.778952019371680"
"exdqlm_univar_synth","draw_051",788,"2021-01-13","history","-0.610488643299087"
"exdqlm_univar_synth","draw_051",788,"2021-01-14","history","-0.589754276808646"
"exdqlm_univar_synth","draw_051",788,"2021-01-15","history","-0.730967335843941"
"exdqlm_univar_synth","draw_051",788,"2021-01-16","history","-0.941153549176894"
"exdqlm_univar_synth","draw_051",788,"2021-01-17","history","-0.644422986341942"
"exdqlm_univar_synth","draw_051",788,"2021-01-18","history","-0.731062725479010"
"exdqlm_univar_synth","draw_051",788,"2021-01-19","history","-0.500188365776593"
"exdqlm_univar_synth","draw_051",788,"2021-01-20","history","-0.864481936879182"
"exdqlm_univar_synth","draw_051",788,"2021-01-21","history","-0.752224007001224"
"exdqlm_univar_synth","draw_051",788,"2021-01-22","history","-0.322546713034117"
"exdqlm_univar_synth","draw_051",788,"2021-01-23","history","-0.457443943756275"
"exdqlm_univar_synth","draw_052",804,"2021-01-05","history","-0.405073443003559"
"exdqlm_univar_synth","draw_052",804,"2021-01-06","history","-0.494138177082011"
"exdqlm_univar_synth","draw_052",804,"2021-01-07","history","-0.548145796072485"
"exdqlm_univar_synth","draw_052",804,"2021-01-08","history","-0.662808233086361"
"exdqlm_univar_synth","draw_052",804,"2021-01-09","history","-0.638806706009931"
"exdqlm_univar_synth","draw_052",804,"2021-01-10","history","-0.643009528098395"
"exdqlm_univar_synth","draw_052",804,"2021-01-11","history","-0.630024908349967"
"exdqlm_univar_synth","draw_052",804,"2021-01-12","history","-1.00242064518775"
"exdqlm_univar_synth","draw_052",804,"2021-01-13","history","-0.819003343321515"
"exdqlm_univar_synth","draw_052",804,"2021-01-14","history","-0.371308611739476"
"exdqlm_univar_synth","draw_052",804,"2021-01-15","history","-0.805995442187546"
"exdqlm_univar_synth","draw_052",804,"2021-01-16","history","-0.607013013917847"
"exdqlm_univar_synth","draw_052",804,"2021-01-17","history","-0.531179032458718"
"exdqlm_univar_synth","draw_052",804,"2021-01-18","history","-0.569494530035950"
"exdqlm_univar_synth","draw_052",804,"2021-01-19","history","-0.719298639753429"
"exdqlm_univar_synth","draw_052",804,"2021-01-20","history","-0.861746601026390"
"exdqlm_univar_synth","draw_052",804,"2021-01-21","history","-0.991178880309862"
"exdqlm_univar_synth","draw_052",804,"2021-01-22","history","-0.715892781717716"
"exdqlm_univar_synth","draw_052",804,"2021-01-23","history","-0.315781881252959"
"exdqlm_univar_synth","draw_053",819,"2021-01-05","history","-0.204241129366174"
"exdqlm_univar_synth","draw_053",819,"2021-01-06","history","-0.658829392632135"
"exdqlm_univar_synth","draw_053",819,"2021-01-07","history","-0.521958280660791"
"exdqlm_univar_synth","draw_053",819,"2021-01-08","history","-0.753258786713239"
"exdqlm_univar_synth","draw_053",819,"2021-01-09","history","-0.617264281841497"
"exdqlm_univar_synth","draw_053",819,"2021-01-10","history","-0.599434445426190"
"exdqlm_univar_synth","draw_053",819,"2021-01-11","history","-0.773991633586358"
"exdqlm_univar_synth","draw_053",819,"2021-01-12","history","-0.522062198173759"
"exdqlm_univar_synth","draw_053",819,"2021-01-13","history","-0.622843868527582"
"exdqlm_univar_synth","draw_053",819,"2021-01-14","history","-0.817723723778639"
"exdqlm_univar_synth","draw_053",819,"2021-01-15","history","-0.428588158619839"
"exdqlm_univar_synth","draw_053",819,"2021-01-16","history","-0.824429227536068"
"exdqlm_univar_synth","draw_053",819,"2021-01-17","history","-0.629072897171565"
"exdqlm_univar_synth","draw_053",819,"2021-01-18","history","-0.933937329645120"
"exdqlm_univar_synth","draw_053",819,"2021-01-19","history","-1.07662461028826"
"exdqlm_univar_synth","draw_053",819,"2021-01-20","history","-0.807182511546852"
"exdqlm_univar_synth","draw_053",819,"2021-01-21","history","-0.655048355764280"
"exdqlm_univar_synth","draw_053",819,"2021-01-22","history","-0.562615912345559"
"exdqlm_univar_synth","draw_053",819,"2021-01-23","history","-0.512325753677198"
"exdqlm_univar_synth","draw_054",835,"2021-01-05","history","-0.538936754371992"
"exdqlm_univar_synth","draw_054",835,"2021-01-06","history","-0.690965154433724"
"exdqlm_univar_synth","draw_054",835,"2021-01-07","history","-0.729842729254134"
"exdqlm_univar_synth","draw_054",835,"2021-01-08","history","-0.610240740878034"
"exdqlm_univar_synth","draw_054",835,"2021-01-09","history","-0.418984141730642"
"exdqlm_univar_synth","draw_054",835,"2021-01-10","history","-0.633815264099597"
"exdqlm_univar_synth","draw_054",835,"2021-01-11","history","-0.521230233528120"
"exdqlm_univar_synth","draw_054",835,"2021-01-12","history","-0.400917795836291"
"exdqlm_univar_synth","draw_054",835,"2021-01-13","history","-0.873146675134704"
"exdqlm_univar_synth","draw_054",835,"2021-01-14","history","-0.809730696317815"
"exdqlm_univar_synth","draw_054",835,"2021-01-15","history","-0.673666482264722"
"exdqlm_univar_synth","draw_054",835,"2021-01-16","history","-0.784347000112470"
"exdqlm_univar_synth","draw_054",835,"2021-01-17","history","-0.724676645720132"
"exdqlm_univar_synth","draw_054",835,"2021-01-18","history","-0.936367086529243"
"exdqlm_univar_synth","draw_054",835,"2021-01-19","history","-1.02951667998042"
"exdqlm_univar_synth","draw_054",835,"2021-01-20","history","-0.428847626064859"
"exdqlm_univar_synth","draw_054",835,"2021-01-21","history","-0.700344307945398"
"exdqlm_univar_synth","draw_054",835,"2021-01-22","history","-0.493590059610752"
"exdqlm_univar_synth","draw_054",835,"2021-01-23","history","-0.704928761003968"
"exdqlm_univar_synth","draw_055",851,"2021-01-05","history","-0.378331923839698"
"exdqlm_univar_synth","draw_055",851,"2021-01-06","history","-0.652029921842071"
"exdqlm_univar_synth","draw_055",851,"2021-01-07","history","-0.750187124100324"
"exdqlm_univar_synth","draw_055",851,"2021-01-08","history","-0.516292514985948"
"exdqlm_univar_synth","draw_055",851,"2021-01-09","history","-0.687125552378338"
"exdqlm_univar_synth","draw_055",851,"2021-01-10","history","-0.513971763907652"
"exdqlm_univar_synth","draw_055",851,"2021-01-11","history","-0.748069280130372"
"exdqlm_univar_synth","draw_055",851,"2021-01-12","history","-0.922741012008335"
"exdqlm_univar_synth","draw_055",851,"2021-01-13","history","-0.940375113805200"
"exdqlm_univar_synth","draw_055",851,"2021-01-14","history","-0.620963920857516"
"exdqlm_univar_synth","draw_055",851,"2021-01-15","history","-0.690776159689397"
"exdqlm_univar_synth","draw_055",851,"2021-01-16","history","-0.835396774551584"
"exdqlm_univar_synth","draw_055",851,"2021-01-17","history","-1.01610678116306"
"exdqlm_univar_synth","draw_055",851,"2021-01-18","history","-0.652420574666873"
"exdqlm_univar_synth","draw_055",851,"2021-01-19","history","-0.972662965795101"
"exdqlm_univar_synth","draw_055",851,"2021-01-20","history","-0.853894516624745"
"exdqlm_univar_synth","draw_055",851,"2021-01-21","history","-0.617724077197867"
"exdqlm_univar_synth","draw_055",851,"2021-01-22","history","-0.787856170540720"
"exdqlm_univar_synth","draw_055",851,"2021-01-23","history","-0.334881532693137"
"exdqlm_univar_synth","draw_056",867,"2021-01-05","history","-0.539408299789510"
"exdqlm_univar_synth","draw_056",867,"2021-01-06","history","-0.395582019230060"
"exdqlm_univar_synth","draw_056",867,"2021-01-07","history","-0.844487642994633"
"exdqlm_univar_synth","draw_056",867,"2021-01-08","history","-0.628969530917212"
"exdqlm_univar_synth","draw_056",867,"2021-01-09","history","-0.646408863331744"
"exdqlm_univar_synth","draw_056",867,"2021-01-10","history","-0.603072562076466"
"exdqlm_univar_synth","draw_056",867,"2021-01-11","history","-0.396681122943912"
"exdqlm_univar_synth","draw_056",867,"2021-01-12","history","-0.830821994037799"
"exdqlm_univar_synth","draw_056",867,"2021-01-13","history","-0.853671497166801"
"exdqlm_univar_synth","draw_056",867,"2021-01-14","history","-0.739785035108547"
"exdqlm_univar_synth","draw_056",867,"2021-01-15","history","-0.463150124322276"
"exdqlm_univar_synth","draw_056",867,"2021-01-16","history","-0.590891738392799"
"exdqlm_univar_synth","draw_056",867,"2021-01-17","history","-0.882331289065120"
"exdqlm_univar_synth","draw_056",867,"2021-01-18","history","-1.00230520694219"
"exdqlm_univar_synth","draw_056",867,"2021-01-19","history","-0.966609320071462"
"exdqlm_univar_synth","draw_056",867,"2021-01-20","history","-0.872103708582779"
"exdqlm_univar_synth","draw_056",867,"2021-01-21","history","-0.975718908589603"
"exdqlm_univar_synth","draw_056",867,"2021-01-22","history","-0.610677233270575"
"exdqlm_univar_synth","draw_056",867,"2021-01-23","history","-0.526623621794937"
"exdqlm_univar_synth","draw_057",882,"2021-01-05","history","-0.315282438018639"
"exdqlm_univar_synth","draw_057",882,"2021-01-06","history","-0.713930653667643"
"exdqlm_univar_synth","draw_057",882,"2021-01-07","history","-0.921137777802672"
"exdqlm_univar_synth","draw_057",882,"2021-01-08","history","-0.774833165625885"
"exdqlm_univar_synth","draw_057",882,"2021-01-09","history","-0.934366447273436"
"exdqlm_univar_synth","draw_057",882,"2021-01-10","history","-0.393234800857842"
"exdqlm_univar_synth","draw_057",882,"2021-01-11","history","-0.615531451688458"
"exdqlm_univar_synth","draw_057",882,"2021-01-12","history","-0.861895916421758"
"exdqlm_univar_synth","draw_057",882,"2021-01-13","history","-0.805948494598185"
"exdqlm_univar_synth","draw_057",882,"2021-01-14","history","-0.904310335445747"
"exdqlm_univar_synth","draw_057",882,"2021-01-15","history","-0.852011554534146"
"exdqlm_univar_synth","draw_057",882,"2021-01-16","history","-0.442575727777901"
"exdqlm_univar_synth","draw_057",882,"2021-01-17","history","-0.407600985971904"
"exdqlm_univar_synth","draw_057",882,"2021-01-18","history","-0.833073167152095"
"exdqlm_univar_synth","draw_057",882,"2021-01-19","history","-0.791493308997152"
"exdqlm_univar_synth","draw_057",882,"2021-01-20","history","-0.627028189129045"
"exdqlm_univar_synth","draw_057",882,"2021-01-21","history","-0.622325951905460"
"exdqlm_univar_synth","draw_057",882,"2021-01-22","history","-0.904534304420301"
"exdqlm_univar_synth","draw_057",882,"2021-01-23","history","-0.666734880992740"
"exdqlm_univar_synth","draw_058",898,"2021-01-05","history","-0.257985067187011"
"exdqlm_univar_synth","draw_058",898,"2021-01-06","history","-0.665237862179752"
"exdqlm_univar_synth","draw_058",898,"2021-01-07","history","-0.409257930163707"
"exdqlm_univar_synth","draw_058",898,"2021-01-08","history","-0.890369134685894"
"exdqlm_univar_synth","draw_058",898,"2021-01-09","history","-0.837579791613007"
"exdqlm_univar_synth","draw_058",898,"2021-01-10","history","-0.544072085165830"
"exdqlm_univar_synth","draw_058",898,"2021-01-11","history","-0.811984920068382"
"exdqlm_univar_synth","draw_058",898,"2021-01-12","history","-0.700745203134758"
"exdqlm_univar_synth","draw_058",898,"2021-01-13","history","-0.836466901332540"
"exdqlm_univar_synth","draw_058",898,"2021-01-14","history","-0.545264188598868"
"exdqlm_univar_synth","draw_058",898,"2021-01-15","history","-0.956720108694812"
"exdqlm_univar_synth","draw_058",898,"2021-01-16","history","-0.455833548570219"
"exdqlm_univar_synth","draw_058",898,"2021-01-17","history","-0.783361848860707"
"exdqlm_univar_synth","draw_058",898,"2021-01-18","history","-0.608363055641653"
"exdqlm_univar_synth","draw_058",898,"2021-01-19","history","-0.522833441370689"
"exdqlm_univar_synth","draw_058",898,"2021-01-20","history","-0.818044026147535"
"exdqlm_univar_synth","draw_058",898,"2021-01-21","history","-0.675556911062285"
"exdqlm_univar_synth","draw_058",898,"2021-01-22","history","-0.587279973157905"
"exdqlm_univar_synth","draw_058",898,"2021-01-23","history","0.139830203849029"
"exdqlm_univar_synth","draw_059",914,"2021-01-05","history","-0.0516240735055703"
"exdqlm_univar_synth","draw_059",914,"2021-01-06","history","-0.566435077756368"
"exdqlm_univar_synth","draw_059",914,"2021-01-07","history","-0.997709401520277"
"exdqlm_univar_synth","draw_059",914,"2021-01-08","history","-0.615841858038684"
"exdqlm_univar_synth","draw_059",914,"2021-01-09","history","-0.903178608441660"
"exdqlm_univar_synth","draw_059",914,"2021-01-10","history","-0.932486899528138"
"exdqlm_univar_synth","draw_059",914,"2021-01-11","history","-0.525861979405623"
"exdqlm_univar_synth","draw_059",914,"2021-01-12","history","-0.637346987412397"
"exdqlm_univar_synth","draw_059",914,"2021-01-13","history","-0.756024717878315"
"exdqlm_univar_synth","draw_059",914,"2021-01-14","history","-0.937597845500631"
"exdqlm_univar_synth","draw_059",914,"2021-01-15","history","-0.957617275980434"
"exdqlm_univar_synth","draw_059",914,"2021-01-16","history","-0.808085041851165"
"exdqlm_univar_synth","draw_059",914,"2021-01-17","history","-0.622780476737433"
"exdqlm_univar_synth","draw_059",914,"2021-01-18","history","-0.760312196124407"
"exdqlm_univar_synth","draw_059",914,"2021-01-19","history","-0.582568324872904"
"exdqlm_univar_synth","draw_059",914,"2021-01-20","history","-1.15526195307018"
"exdqlm_univar_synth","draw_059",914,"2021-01-21","history","-1.02303894872158"
"exdqlm_univar_synth","draw_059",914,"2021-01-22","history","-0.120667181595388"
"exdqlm_univar_synth","draw_059",914,"2021-01-23","history","-0.401156896051627"
"exdqlm_univar_synth","draw_060",930,"2021-01-05","history","-0.524221006195206"
"exdqlm_univar_synth","draw_060",930,"2021-01-06","history","-0.579089531333743"
"exdqlm_univar_synth","draw_060",930,"2021-01-07","history","-0.264368948936760"
"exdqlm_univar_synth","draw_060",930,"2021-01-08","history","-0.779452007317513"
"exdqlm_univar_synth","draw_060",930,"2021-01-09","history","-0.920142883935116"
"exdqlm_univar_synth","draw_060",930,"2021-01-10","history","-0.603929632209003"
"exdqlm_univar_synth","draw_060",930,"2021-01-11","history","-0.438070574423280"
"exdqlm_univar_synth","draw_060",930,"2021-01-12","history","-0.557222177207079"
"exdqlm_univar_synth","draw_060",930,"2021-01-13","history","-0.895130708658481"
"exdqlm_univar_synth","draw_060",930,"2021-01-14","history","-0.589732243718167"
"exdqlm_univar_synth","draw_060",930,"2021-01-15","history","-0.851549373394927"
"exdqlm_univar_synth","draw_060",930,"2021-01-16","history","-0.826938351298818"
"exdqlm_univar_synth","draw_060",930,"2021-01-17","history","-0.830328173895515"
"exdqlm_univar_synth","draw_060",930,"2021-01-18","history","-1.06888706592181"
"exdqlm_univar_synth","draw_060",930,"2021-01-19","history","-0.855846700817613"
"exdqlm_univar_synth","draw_060",930,"2021-01-20","history","-0.964161297641447"
"exdqlm_univar_synth","draw_060",930,"2021-01-21","history","-0.956513430558444"
"exdqlm_univar_synth","draw_060",930,"2021-01-22","history","-0.655809527905207"
"exdqlm_univar_synth","draw_060",930,"2021-01-23","history","-0.0920705774780909"
"exdqlm_univar_synth","draw_061",945,"2021-01-05","history","-0.350803702770203"
"exdqlm_univar_synth","draw_061",945,"2021-01-06","history","-0.434814985041132"
"exdqlm_univar_synth","draw_061",945,"2021-01-07","history","-0.522631159025963"
"exdqlm_univar_synth","draw_061",945,"2021-01-08","history","-0.964445599167450"
"exdqlm_univar_synth","draw_061",945,"2021-01-09","history","-0.737410918422339"
"exdqlm_univar_synth","draw_061",945,"2021-01-10","history","-0.740743393888775"
"exdqlm_univar_synth","draw_061",945,"2021-01-11","history","-0.414344161922565"
"exdqlm_univar_synth","draw_061",945,"2021-01-12","history","-0.558894188091552"
"exdqlm_univar_synth","draw_061",945,"2021-01-13","history","-0.624854281326013"
"exdqlm_univar_synth","draw_061",945,"2021-01-14","history","-0.952006890616006"
"exdqlm_univar_synth","draw_061",945,"2021-01-15","history","-1.02698566211108"
"exdqlm_univar_synth","draw_061",945,"2021-01-16","history","-0.755175911639596"
"exdqlm_univar_synth","draw_061",945,"2021-01-17","history","-0.674506446708335"
"exdqlm_univar_synth","draw_061",945,"2021-01-18","history","-0.432391803190762"
"exdqlm_univar_synth","draw_061",945,"2021-01-19","history","-0.751601516733183"
"exdqlm_univar_synth","draw_061",945,"2021-01-20","history","-0.641902742741986"
"exdqlm_univar_synth","draw_061",945,"2021-01-21","history","-0.798431394699641"
"exdqlm_univar_synth","draw_061",945,"2021-01-22","history","-0.782320013931074"
"exdqlm_univar_synth","draw_061",945,"2021-01-23","history","-0.355956080973963"
"exdqlm_univar_synth","draw_062",961,"2021-01-05","history","-0.324944553547663"
"exdqlm_univar_synth","draw_062",961,"2021-01-06","history","-0.621970314164414"
"exdqlm_univar_synth","draw_062",961,"2021-01-07","history","-0.771269608435453"
"exdqlm_univar_synth","draw_062",961,"2021-01-08","history","-0.983455651917861"
"exdqlm_univar_synth","draw_062",961,"2021-01-09","history","-0.992557830522101"
"exdqlm_univar_synth","draw_062",961,"2021-01-10","history","-0.899690267564417"
"exdqlm_univar_synth","draw_062",961,"2021-01-11","history","-0.572300532507610"
"exdqlm_univar_synth","draw_062",961,"2021-01-12","history","-0.833493855893051"
"exdqlm_univar_synth","draw_062",961,"2021-01-13","history","-0.937455778594712"
"exdqlm_univar_synth","draw_062",961,"2021-01-14","history","-0.707227903210735"
"exdqlm_univar_synth","draw_062",961,"2021-01-15","history","-0.858296407583193"
"exdqlm_univar_synth","draw_062",961,"2021-01-16","history","-0.972481358599532"
"exdqlm_univar_synth","draw_062",961,"2021-01-17","history","-0.361503886775440"
"exdqlm_univar_synth","draw_062",961,"2021-01-18","history","-0.762781978648514"
"exdqlm_univar_synth","draw_062",961,"2021-01-19","history","-1.02128626016595"
"exdqlm_univar_synth","draw_062",961,"2021-01-20","history","-0.526750548319851"
"exdqlm_univar_synth","draw_062",961,"2021-01-21","history","-0.663855019232463"
"exdqlm_univar_synth","draw_062",961,"2021-01-22","history","-0.921628036100639"
"exdqlm_univar_synth","draw_062",961,"2021-01-23","history","-0.240267354012450"
"exdqlm_univar_synth","draw_063",977,"2021-01-05","history","-0.437868913362554"
"exdqlm_univar_synth","draw_063",977,"2021-01-06","history","-0.884168523550659"
"exdqlm_univar_synth","draw_063",977,"2021-01-07","history","-0.436394466604968"
"exdqlm_univar_synth","draw_063",977,"2021-01-08","history","-0.594118935318397"
"exdqlm_univar_synth","draw_063",977,"2021-01-09","history","-0.596051844439138"
"exdqlm_univar_synth","draw_063",977,"2021-01-10","history","-1.04161464910201"
"exdqlm_univar_synth","draw_063",977,"2021-01-11","history","-0.804055488773604"
"exdqlm_univar_synth","draw_063",977,"2021-01-12","history","-0.770082292941274"
"exdqlm_univar_synth","draw_063",977,"2021-01-13","history","-0.731850274982288"
"exdqlm_univar_synth","draw_063",977,"2021-01-14","history","-0.524614293736938"
"exdqlm_univar_synth","draw_063",977,"2021-01-15","history","-1.01789344869275"
"exdqlm_univar_synth","draw_063",977,"2021-01-16","history","-0.990717760520051"
"exdqlm_univar_synth","draw_063",977,"2021-01-17","history","-0.625633800663483"
"exdqlm_univar_synth","draw_063",977,"2021-01-18","history","-0.966037063993593"
"exdqlm_univar_synth","draw_063",977,"2021-01-19","history","-1.00773485388568"
"exdqlm_univar_synth","draw_063",977,"2021-01-20","history","-0.800655552097920"
"exdqlm_univar_synth","draw_063",977,"2021-01-21","history","-0.888999715664399"
"exdqlm_univar_synth","draw_063",977,"2021-01-22","history","-0.475286725348237"
"exdqlm_univar_synth","draw_063",977,"2021-01-23","history","-0.314459225136988"
"exdqlm_univar_synth","draw_064",993,"2021-01-05","history","0.0677293529632571"
"exdqlm_univar_synth","draw_064",993,"2021-01-06","history","-0.632848086896074"
"exdqlm_univar_synth","draw_064",993,"2021-01-07","history","-0.637246636017174"
"exdqlm_univar_synth","draw_064",993,"2021-01-08","history","-0.842536620857638"
"exdqlm_univar_synth","draw_064",993,"2021-01-09","history","-0.928708849143810"
"exdqlm_univar_synth","draw_064",993,"2021-01-10","history","-0.739897868027492"
"exdqlm_univar_synth","draw_064",993,"2021-01-11","history","-0.785075132712669"
"exdqlm_univar_synth","draw_064",993,"2021-01-12","history","-0.891565453866072"
"exdqlm_univar_synth","draw_064",993,"2021-01-13","history","-0.644981926446664"
"exdqlm_univar_synth","draw_064",993,"2021-01-14","history","-0.797654872579133"
"exdqlm_univar_synth","draw_064",993,"2021-01-15","history","-0.975142228629688"
"exdqlm_univar_synth","draw_064",993,"2021-01-16","history","-0.679562730867344"
"exdqlm_univar_synth","draw_064",993,"2021-01-17","history","-0.838625666765010"
"exdqlm_univar_synth","draw_064",993,"2021-01-18","history","-0.573534094960389"
"exdqlm_univar_synth","draw_064",993,"2021-01-19","history","-0.660675937528750"
"exdqlm_univar_synth","draw_064",993,"2021-01-20","history","-0.672659965392888"
"exdqlm_univar_synth","draw_064",993,"2021-01-21","history","-0.419775725293847"
"exdqlm_univar_synth","draw_064",993,"2021-01-22","history","-0.849308426072794"
"exdqlm_univar_synth","draw_064",993,"2021-01-23","history","-0.546042512622440"
"exdqlm_univar_synth","draw_065",1008,"2021-01-05","history","0.0963722393532209"
"exdqlm_univar_synth","draw_065",1008,"2021-01-06","history","-0.630948786257703"
"exdqlm_univar_synth","draw_065",1008,"2021-01-07","history","-0.554449916150962"
"exdqlm_univar_synth","draw_065",1008,"2021-01-08","history","-1.01624903642617"
"exdqlm_univar_synth","draw_065",1008,"2021-01-09","history","-0.793696135685255"
"exdqlm_univar_synth","draw_065",1008,"2021-01-10","history","-1.03767671138174"
"exdqlm_univar_synth","draw_065",1008,"2021-01-11","history","-0.855640332233299"
"exdqlm_univar_synth","draw_065",1008,"2021-01-12","history","-0.732962868613017"
"exdqlm_univar_synth","draw_065",1008,"2021-01-13","history","-0.972616021440849"
"exdqlm_univar_synth","draw_065",1008,"2021-01-14","history","-0.564070610516495"
"exdqlm_univar_synth","draw_065",1008,"2021-01-15","history","-0.759864759233538"
"exdqlm_univar_synth","draw_065",1008,"2021-01-16","history","-0.569479438652736"
"exdqlm_univar_synth","draw_065",1008,"2021-01-17","history","-0.757635025490721"
"exdqlm_univar_synth","draw_065",1008,"2021-01-18","history","-0.607456430831624"
"exdqlm_univar_synth","draw_065",1008,"2021-01-19","history","-0.857781753902620"
"exdqlm_univar_synth","draw_065",1008,"2021-01-20","history","-0.958800288042093"
"exdqlm_univar_synth","draw_065",1008,"2021-01-21","history","-0.646527831418931"
"exdqlm_univar_synth","draw_065",1008,"2021-01-22","history","-0.958773608032156"
"exdqlm_univar_synth","draw_065",1008,"2021-01-23","history","-0.661564345958239"
"exdqlm_univar_synth","draw_066",1024,"2021-01-05","history","-0.253374807702972"
"exdqlm_univar_synth","draw_066",1024,"2021-01-06","history","-0.848810422425137"
"exdqlm_univar_synth","draw_066",1024,"2021-01-07","history","-0.570222847509180"
"exdqlm_univar_synth","draw_066",1024,"2021-01-08","history","-0.620848921941412"
"exdqlm_univar_synth","draw_066",1024,"2021-01-09","history","-0.472186670692372"
"exdqlm_univar_synth","draw_066",1024,"2021-01-10","history","-0.590879003110212"
"exdqlm_univar_synth","draw_066",1024,"2021-01-11","history","-0.610365693122121"
"exdqlm_univar_synth","draw_066",1024,"2021-01-12","history","-0.642908211277321"
"exdqlm_univar_synth","draw_066",1024,"2021-01-13","history","-0.905074258266741"
"exdqlm_univar_synth","draw_066",1024,"2021-01-14","history","-0.668678088037014"
"exdqlm_univar_synth","draw_066",1024,"2021-01-15","history","-1.01184557243820"
"exdqlm_univar_synth","draw_066",1024,"2021-01-16","history","-0.458510602001835"
"exdqlm_univar_synth","draw_066",1024,"2021-01-17","history","-0.542104634866294"
"exdqlm_univar_synth","draw_066",1024,"2021-01-18","history","-0.631675328971584"
"exdqlm_univar_synth","draw_066",1024,"2021-01-19","history","-0.690340229333981"
"exdqlm_univar_synth","draw_066",1024,"2021-01-20","history","-0.662267904202606"
"exdqlm_univar_synth","draw_066",1024,"2021-01-21","history","-0.646970278257251"
"exdqlm_univar_synth","draw_066",1024,"2021-01-22","history","-1.17764185316208"
"exdqlm_univar_synth","draw_066",1024,"2021-01-23","history","-0.486045126851542"
"exdqlm_univar_synth","draw_067",1040,"2021-01-05","history","-0.469996436633349"
"exdqlm_univar_synth","draw_067",1040,"2021-01-06","history","-0.708356722677826"
"exdqlm_univar_synth","draw_067",1040,"2021-01-07","history","-0.646334266643410"
"exdqlm_univar_synth","draw_067",1040,"2021-01-08","history","-0.914719029668913"
"exdqlm_univar_synth","draw_067",1040,"2021-01-09","history","-0.499536065293714"
"exdqlm_univar_synth","draw_067",1040,"2021-01-10","history","-0.513658632122102"
"exdqlm_univar_synth","draw_067",1040,"2021-01-11","history","-0.860174885107775"
"exdqlm_univar_synth","draw_067",1040,"2021-01-12","history","-0.643901066149485"
"exdqlm_univar_synth","draw_067",1040,"2021-01-13","history","-0.787953723034974"
"exdqlm_univar_synth","draw_067",1040,"2021-01-14","history","-0.609460452741611"
"exdqlm_univar_synth","draw_067",1040,"2021-01-15","history","-0.896577879029043"
"exdqlm_univar_synth","draw_067",1040,"2021-01-16","history","-0.660182897506975"
"exdqlm_univar_synth","draw_067",1040,"2021-01-17","history","-0.783968080120853"
"exdqlm_univar_synth","draw_067",1040,"2021-01-18","history","-0.546877336492404"
"exdqlm_univar_synth","draw_067",1040,"2021-01-19","history","-0.926341226235178"
"exdqlm_univar_synth","draw_067",1040,"2021-01-20","history","-0.836659214982370"
"exdqlm_univar_synth","draw_067",1040,"2021-01-21","history","-0.908980243754472"
"exdqlm_univar_synth","draw_067",1040,"2021-01-22","history","-0.959022702185361"
"exdqlm_univar_synth","draw_067",1040,"2021-01-23","history","-0.447381465262811"
"exdqlm_univar_synth","draw_068",1056,"2021-01-05","history","-0.716034612267176"
"exdqlm_univar_synth","draw_068",1056,"2021-01-06","history","-0.534242275119417"
"exdqlm_univar_synth","draw_068",1056,"2021-01-07","history","-0.634029548262008"
"exdqlm_univar_synth","draw_068",1056,"2021-01-08","history","-0.596189096211441"
"exdqlm_univar_synth","draw_068",1056,"2021-01-09","history","-0.433684692749026"
"exdqlm_univar_synth","draw_068",1056,"2021-01-10","history","-0.993840484573477"
"exdqlm_univar_synth","draw_068",1056,"2021-01-11","history","-0.710550710129698"
"exdqlm_univar_synth","draw_068",1056,"2021-01-12","history","-0.583651034466553"
"exdqlm_univar_synth","draw_068",1056,"2021-01-13","history","-0.568052501794605"
"exdqlm_univar_synth","draw_068",1056,"2021-01-14","history","-0.814093524096603"
"exdqlm_univar_synth","draw_068",1056,"2021-01-15","history","-0.760521230010941"
"exdqlm_univar_synth","draw_068",1056,"2021-01-16","history","-0.426353017546373"
"exdqlm_univar_synth","draw_068",1056,"2021-01-17","history","-0.966629360060117"
"exdqlm_univar_synth","draw_068",1056,"2021-01-18","history","-0.712067635824460"
"exdqlm_univar_synth","draw_068",1056,"2021-01-19","history","-0.788430897637751"
"exdqlm_univar_synth","draw_068",1056,"2021-01-20","history","-0.686752992250888"
"exdqlm_univar_synth","draw_068",1056,"2021-01-21","history","-1.03999753083983"
"exdqlm_univar_synth","draw_068",1056,"2021-01-22","history","-0.664868679824538"
"exdqlm_univar_synth","draw_068",1056,"2021-01-23","history","-0.514793294598964"
"exdqlm_univar_synth","draw_069",1071,"2021-01-05","history","-0.511476312129207"
"exdqlm_univar_synth","draw_069",1071,"2021-01-06","history","-0.884869671509828"
"exdqlm_univar_synth","draw_069",1071,"2021-01-07","history","-0.417895625757710"
"exdqlm_univar_synth","draw_069",1071,"2021-01-08","history","-0.987851238033831"
"exdqlm_univar_synth","draw_069",1071,"2021-01-09","history","-0.338151918812786"
"exdqlm_univar_synth","draw_069",1071,"2021-01-10","history","-0.794567782460801"
"exdqlm_univar_synth","draw_069",1071,"2021-01-11","history","-0.642341708357775"
"exdqlm_univar_synth","draw_069",1071,"2021-01-12","history","-1.05775993321373"
"exdqlm_univar_synth","draw_069",1071,"2021-01-13","history","-0.506207970091404"
"exdqlm_univar_synth","draw_069",1071,"2021-01-14","history","-0.730791316514416"
"exdqlm_univar_synth","draw_069",1071,"2021-01-15","history","-0.402192297642037"
"exdqlm_univar_synth","draw_069",1071,"2021-01-16","history","0"
"exdqlm_univar_synth","draw_069",1071,"2021-01-17","history","-0.869414508885180"
"exdqlm_univar_synth","draw_069",1071,"2021-01-18","history","-0.905795089313429"
"exdqlm_univar_synth","draw_069",1071,"2021-01-19","history","-0.676028188451007"
"exdqlm_univar_synth","draw_069",1071,"2021-01-20","history","-0.531194336726232"
"exdqlm_univar_synth","draw_069",1071,"2021-01-21","history","-0.826113463878903"
"exdqlm_univar_synth","draw_069",1071,"2021-01-22","history","-0.342682557929819"
"exdqlm_univar_synth","draw_069",1071,"2021-01-23","history","-0.625236926715380"
"exdqlm_univar_synth","draw_070",1087,"2021-01-05","history","-0.191457522707918"
"exdqlm_univar_synth","draw_070",1087,"2021-01-06","history","-0.450484721318729"
"exdqlm_univar_synth","draw_070",1087,"2021-01-07","history","-0.803069194015977"
"exdqlm_univar_synth","draw_070",1087,"2021-01-08","history","-0.628868476813862"
"exdqlm_univar_synth","draw_070",1087,"2021-01-09","history","-0.334640072622796"
"exdqlm_univar_synth","draw_070",1087,"2021-01-10","history","-0.732692630693238"
"exdqlm_univar_synth","draw_070",1087,"2021-01-11","history","-0.884970025993815"
"exdqlm_univar_synth","draw_070",1087,"2021-01-12","history","-0.583264473783073"
"exdqlm_univar_synth","draw_070",1087,"2021-01-13","history","-0.588097920554182"
"exdqlm_univar_synth","draw_070",1087,"2021-01-14","history","-0.734437303456077"
"exdqlm_univar_synth","draw_070",1087,"2021-01-15","history","-0.464504771384194"
"exdqlm_univar_synth","draw_070",1087,"2021-01-16","history","-1.09675393071084"
"exdqlm_univar_synth","draw_070",1087,"2021-01-17","history","-0.414129226860203"
"exdqlm_univar_synth","draw_070",1087,"2021-01-18","history","-0.778906844670072"
"exdqlm_univar_synth","draw_070",1087,"2021-01-19","history","-0.463669362408259"
"exdqlm_univar_synth","draw_070",1087,"2021-01-20","history","-0.832082474053164"
"exdqlm_univar_synth","draw_070",1087,"2021-01-21","history","-0.844570591820553"
"exdqlm_univar_synth","draw_070",1087,"2021-01-22","history","-0.617618682189389"
"exdqlm_univar_synth","draw_070",1087,"2021-01-23","history","-0.622376452624760"
"exdqlm_univar_synth","draw_071",1103,"2021-01-05","history","-0.265791251855077"
"exdqlm_univar_synth","draw_071",1103,"2021-01-06","history","-0.540371148148974"
"exdqlm_univar_synth","draw_071",1103,"2021-01-07","history","-0.557729924053189"
"exdqlm_univar_synth","draw_071",1103,"2021-01-08","history","-0.837578390304123"
"exdqlm_univar_synth","draw_071",1103,"2021-01-09","history","-0.453181064287462"
"exdqlm_univar_synth","draw_071",1103,"2021-01-10","history","-0.472271097872232"
"exdqlm_univar_synth","draw_071",1103,"2021-01-11","history","-0.565792836606786"
"exdqlm_univar_synth","draw_071",1103,"2021-01-12","history","-0.758545630164278"
"exdqlm_univar_synth","draw_071",1103,"2021-01-13","history","-0.765929242965536"
"exdqlm_univar_synth","draw_071",1103,"2021-01-14","history","-0.615503908800154"
"exdqlm_univar_synth","draw_071",1103,"2021-01-15","history","-0.689155538297139"
"exdqlm_univar_synth","draw_071",1103,"2021-01-16","history","-0.708853210672921"
"exdqlm_univar_synth","draw_071",1103,"2021-01-17","history","-1.12385150824931"
"exdqlm_univar_synth","draw_071",1103,"2021-01-18","history","-1.02022091257140"
"exdqlm_univar_synth","draw_071",1103,"2021-01-19","history","-0.679091176156544"
"exdqlm_univar_synth","draw_071",1103,"2021-01-20","history","-1.04197091328686"
"exdqlm_univar_synth","draw_071",1103,"2021-01-21","history","-0.855735225174456"
"exdqlm_univar_synth","draw_071",1103,"2021-01-22","history","-0.851839707713174"
"exdqlm_univar_synth","draw_071",1103,"2021-01-23","history","-0.468629051571097"
"exdqlm_univar_synth","draw_072",1119,"2021-01-05","history","-0.630972919021475"
"exdqlm_univar_synth","draw_072",1119,"2021-01-06","history","-0.899397127432734"
"exdqlm_univar_synth","draw_072",1119,"2021-01-07","history","-0.568333275098204"
"exdqlm_univar_synth","draw_072",1119,"2021-01-08","history","-0.858928756489385"
"exdqlm_univar_synth","draw_072",1119,"2021-01-09","history","-0.714060695105966"
"exdqlm_univar_synth","draw_072",1119,"2021-01-10","history","-0.811320616354122"
"exdqlm_univar_synth","draw_072",1119,"2021-01-11","history","-0.852081630396350"
"exdqlm_univar_synth","draw_072",1119,"2021-01-12","history","-0.637767337514538"
"exdqlm_univar_synth","draw_072",1119,"2021-01-13","history","-0.855461975869608"
"exdqlm_univar_synth","draw_072",1119,"2021-01-14","history","-0.679014517986683"
"exdqlm_univar_synth","draw_072",1119,"2021-01-15","history","-0.678498947851659"
"exdqlm_univar_synth","draw_072",1119,"2021-01-16","history","-0.635913813200579"
"exdqlm_univar_synth","draw_072",1119,"2021-01-17","history","-0.566244276917931"
"exdqlm_univar_synth","draw_072",1119,"2021-01-18","history","-0.582124355155279"
"exdqlm_univar_synth","draw_072",1119,"2021-01-19","history","-0.636392272778411"
"exdqlm_univar_synth","draw_072",1119,"2021-01-20","history","-0.540587799243885"
"exdqlm_univar_synth","draw_072",1119,"2021-01-21","history","-0.948476897758958"
"exdqlm_univar_synth","draw_072",1119,"2021-01-22","history","-0.707004936282231"
"exdqlm_univar_synth","draw_072",1119,"2021-01-23","history","-0.654702373360883"
"exdqlm_univar_synth","draw_073",1134,"2021-01-05","history","-0.217890367183381"
"exdqlm_univar_synth","draw_073",1134,"2021-01-06","history","-0.529765803681708"
"exdqlm_univar_synth","draw_073",1134,"2021-01-07","history","-0.619740379404752"
"exdqlm_univar_synth","draw_073",1134,"2021-01-08","history","-0.951502914714238"
"exdqlm_univar_synth","draw_073",1134,"2021-01-09","history","-0.859439205369115"
"exdqlm_univar_synth","draw_073",1134,"2021-01-10","history","-0.590544345850210"
"exdqlm_univar_synth","draw_073",1134,"2021-01-11","history","-0.831933618082759"
"exdqlm_univar_synth","draw_073",1134,"2021-01-12","history","-0.723860970002424"
"exdqlm_univar_synth","draw_073",1134,"2021-01-13","history","-0.990655311844319"
"exdqlm_univar_synth","draw_073",1134,"2021-01-14","history","-0.854957668686696"
"exdqlm_univar_synth","draw_073",1134,"2021-01-15","history","-0.550166251895518"
"exdqlm_univar_synth","draw_073",1134,"2021-01-16","history","-0.504735710386352"
"exdqlm_univar_synth","draw_073",1134,"2021-01-17","history","-0.734193563077552"
"exdqlm_univar_synth","draw_073",1134,"2021-01-18","history","-0.661819814429612"
"exdqlm_univar_synth","draw_073",1134,"2021-01-19","history","-0.619595989267181"
"exdqlm_univar_synth","draw_073",1134,"2021-01-20","history","-0.642076071197990"
"exdqlm_univar_synth","draw_073",1134,"2021-01-21","history","-0.935308972622449"
"exdqlm_univar_synth","draw_073",1134,"2021-01-22","history","-0.946650531373367"
"exdqlm_univar_synth","draw_073",1134,"2021-01-23","history","0.0994370951112346"
"exdqlm_univar_synth","draw_074",1150,"2021-01-05","history","-0.576790934189317"
"exdqlm_univar_synth","draw_074",1150,"2021-01-06","history","-0.687256471535277"
"exdqlm_univar_synth","draw_074",1150,"2021-01-07","history","-0.573603258961066"
"exdqlm_univar_synth","draw_074",1150,"2021-01-08","history","-0.617681576492572"
"exdqlm_univar_synth","draw_074",1150,"2021-01-09","history","-0.832116584712299"
"exdqlm_univar_synth","draw_074",1150,"2021-01-10","history","-0.735970343449309"
"exdqlm_univar_synth","draw_074",1150,"2021-01-11","history","-0.608607163786068"
"exdqlm_univar_synth","draw_074",1150,"2021-01-12","history","-0.612816470212530"
"exdqlm_univar_synth","draw_074",1150,"2021-01-13","history","-0.892583053418853"
"exdqlm_univar_synth","draw_074",1150,"2021-01-14","history","-0.797585656910380"
"exdqlm_univar_synth","draw_074",1150,"2021-01-15","history","-0.739812033347727"
"exdqlm_univar_synth","draw_074",1150,"2021-01-16","history","-0.808710858039158"
"exdqlm_univar_synth","draw_074",1150,"2021-01-17","history","-0.854329492422808"
"exdqlm_univar_synth","draw_074",1150,"2021-01-18","history","-0.584161671802121"
"exdqlm_univar_synth","draw_074",1150,"2021-01-19","history","-0.533687023045132"
"exdqlm_univar_synth","draw_074",1150,"2021-01-20","history","-0.897825578304758"
"exdqlm_univar_synth","draw_074",1150,"2021-01-21","history","-1.01838096837224"
"exdqlm_univar_synth","draw_074",1150,"2021-01-22","history","-0.901032399989721"
"exdqlm_univar_synth","draw_074",1150,"2021-01-23","history","-0.161782590127325"
"exdqlm_univar_synth","draw_075",1166,"2021-01-05","history","-0.0415679655373683"
"exdqlm_univar_synth","draw_075",1166,"2021-01-06","history","-0.538367804982379"
"exdqlm_univar_synth","draw_075",1166,"2021-01-07","history","-0.822119458739502"
"exdqlm_univar_synth","draw_075",1166,"2021-01-08","history","-0.781325719696036"
"exdqlm_univar_synth","draw_075",1166,"2021-01-09","history","-0.958253498123906"
"exdqlm_univar_synth","draw_075",1166,"2021-01-10","history","-0.609882829912274"
"exdqlm_univar_synth","draw_075",1166,"2021-01-11","history","-0.746432380983471"
"exdqlm_univar_synth","draw_075",1166,"2021-01-12","history","-0.950038256204870"
"exdqlm_univar_synth","draw_075",1166,"2021-01-13","history","-0.578651175150305"
"exdqlm_univar_synth","draw_075",1166,"2021-01-14","history","-0.562020977207287"
"exdqlm_univar_synth","draw_075",1166,"2021-01-15","history","-0.703476076598084"
"exdqlm_univar_synth","draw_075",1166,"2021-01-16","history","-0.511576995633367"
"exdqlm_univar_synth","draw_075",1166,"2021-01-17","history","-0.637311317649380"
"exdqlm_univar_synth","draw_075",1166,"2021-01-18","history","-0.796539059932725"
"exdqlm_univar_synth","draw_075",1166,"2021-01-19","history","-0.550774591412812"
"exdqlm_univar_synth","draw_075",1166,"2021-01-20","history","-0.547391455622097"
"exdqlm_univar_synth","draw_075",1166,"2021-01-21","history","-0.897954515161009"
"exdqlm_univar_synth","draw_075",1166,"2021-01-22","history","-0.521739515024688"
"exdqlm_univar_synth","draw_075",1166,"2021-01-23","history","-0.366785513576319"
"exdqlm_univar_synth","draw_076",1182,"2021-01-05","history","-0.162704330179779"
"exdqlm_univar_synth","draw_076",1182,"2021-01-06","history","-0.623810348280264"
"exdqlm_univar_synth","draw_076",1182,"2021-01-07","history","-0.559556914044425"
"exdqlm_univar_synth","draw_076",1182,"2021-01-08","history","-0.486761557588129"
"exdqlm_univar_synth","draw_076",1182,"2021-01-09","history","-0.789994640206713"
"exdqlm_univar_synth","draw_076",1182,"2021-01-10","history","-0.633929161867800"
"exdqlm_univar_synth","draw_076",1182,"2021-01-11","history","-1.00348111081652"
"exdqlm_univar_synth","draw_076",1182,"2021-01-12","history","-0.903558345980749"
"exdqlm_univar_synth","draw_076",1182,"2021-01-13","history","-0.669181919512991"
"exdqlm_univar_synth","draw_076",1182,"2021-01-14","history","-0.375390653590167"
"exdqlm_univar_synth","draw_076",1182,"2021-01-15","history","-0.328369994559691"
"exdqlm_univar_synth","draw_076",1182,"2021-01-16","history","-0.819421007908264"
"exdqlm_univar_synth","draw_076",1182,"2021-01-17","history","-0.472808455691608"
"exdqlm_univar_synth","draw_076",1182,"2021-01-18","history","-0.508897978229875"
"exdqlm_univar_synth","draw_076",1182,"2021-01-19","history","-0.919034671674012"
"exdqlm_univar_synth","draw_076",1182,"2021-01-20","history","-0.962864029519722"
"exdqlm_univar_synth","draw_076",1182,"2021-01-21","history","-0.400250525431127"
"exdqlm_univar_synth","draw_076",1182,"2021-01-22","history","-0.857445509516721"
"exdqlm_univar_synth","draw_076",1182,"2021-01-23","history","-0.217924091625806"
"exdqlm_univar_synth","draw_077",1197,"2021-01-05","history","-0.636031018340799"
"exdqlm_univar_synth","draw_077",1197,"2021-01-06","history","-0.660048580952220"
"exdqlm_univar_synth","draw_077",1197,"2021-01-07","history","-0.592006194816002"
"exdqlm_univar_synth","draw_077",1197,"2021-01-08","history","-0.869224203251253"
"exdqlm_univar_synth","draw_077",1197,"2021-01-09","history","-0.904130684625778"
"exdqlm_univar_synth","draw_077",1197,"2021-01-10","history","-0.743710020039994"
"exdqlm_univar_synth","draw_077",1197,"2021-01-11","history","-0.595580632364471"
"exdqlm_univar_synth","draw_077",1197,"2021-01-12","history","-0.790554013375081"
"exdqlm_univar_synth","draw_077",1197,"2021-01-13","history","-0.611911503137375"
"exdqlm_univar_synth","draw_077",1197,"2021-01-14","history","-0.744935258286231"
"exdqlm_univar_synth","draw_077",1197,"2021-01-15","history","-0.647403513440404"
"exdqlm_univar_synth","draw_077",1197,"2021-01-16","history","-0.636792338866679"
"exdqlm_univar_synth","draw_077",1197,"2021-01-17","history","-0.681593097348578"
"exdqlm_univar_synth","draw_077",1197,"2021-01-18","history","-0.534362687004361"
"exdqlm_univar_synth","draw_077",1197,"2021-01-19","history","-0.981750499408699"
"exdqlm_univar_synth","draw_077",1197,"2021-01-20","history","-0.635804811074975"
"exdqlm_univar_synth","draw_077",1197,"2021-01-21","history","-0.449957278000411"
"exdqlm_univar_synth","draw_077",1197,"2021-01-22","history","-0.719880260062596"
"exdqlm_univar_synth","draw_077",1197,"2021-01-23","history","-0.436628661958873"
"exdqlm_univar_synth","draw_078",1213,"2021-01-05","history","0.0590388452310095"
"exdqlm_univar_synth","draw_078",1213,"2021-01-06","history","-0.512275734516210"
"exdqlm_univar_synth","draw_078",1213,"2021-01-07","history","-0.683073251491950"
"exdqlm_univar_synth","draw_078",1213,"2021-01-08","history","-0.671347825562676"
"exdqlm_univar_synth","draw_078",1213,"2021-01-09","history","-0.466621815767105"
"exdqlm_univar_synth","draw_078",1213,"2021-01-10","history","-0.671696952119207"
"exdqlm_univar_synth","draw_078",1213,"2021-01-11","history","-1.12552005285272"
"exdqlm_univar_synth","draw_078",1213,"2021-01-12","history","-0.990821826423995"
"exdqlm_univar_synth","draw_078",1213,"2021-01-13","history","-0.696528682823582"
"exdqlm_univar_synth","draw_078",1213,"2021-01-14","history","-0.782052032187145"
"exdqlm_univar_synth","draw_078",1213,"2021-01-15","history","-0.868258227453127"
"exdqlm_univar_synth","draw_078",1213,"2021-01-16","history","-0.805247966280568"
"exdqlm_univar_synth","draw_078",1213,"2021-01-17","history","-0.598365245780885"
"exdqlm_univar_synth","draw_078",1213,"2021-01-18","history","-1.07711045643139"
"exdqlm_univar_synth","draw_078",1213,"2021-01-19","history","-0.913021271659987"
"exdqlm_univar_synth","draw_078",1213,"2021-01-20","history","-0.545742852966163"
"exdqlm_univar_synth","draw_078",1213,"2021-01-21","history","-0.539663345097041"
"exdqlm_univar_synth","draw_078",1213,"2021-01-22","history","-0.478130437935240"
"exdqlm_univar_synth","draw_078",1213,"2021-01-23","history","-0.623208499824074"
"exdqlm_univar_synth","draw_079",1229,"2021-01-05","history","-0.379086170702814"
"exdqlm_univar_synth","draw_079",1229,"2021-01-06","history","-0.532465826646687"
"exdqlm_univar_synth","draw_079",1229,"2021-01-07","history","-0.907313752574371"
"exdqlm_univar_synth","draw_079",1229,"2021-01-08","history","-0.962256913101397"
"exdqlm_univar_synth","draw_079",1229,"2021-01-09","history","-0.783584582900115"
"exdqlm_univar_synth","draw_079",1229,"2021-01-10","history","-0.993261089491271"
"exdqlm_univar_synth","draw_079",1229,"2021-01-11","history","-0.943624601206071"
"exdqlm_univar_synth","draw_079",1229,"2021-01-12","history","-0.753832431607709"
"exdqlm_univar_synth","draw_079",1229,"2021-01-13","history","-0.462172977721753"
"exdqlm_univar_synth","draw_079",1229,"2021-01-14","history","-0.630013891808223"
"exdqlm_univar_synth","draw_079",1229,"2021-01-15","history","-0.422586726611034"
"exdqlm_univar_synth","draw_079",1229,"2021-01-16","history","-0.735608450934023"
"exdqlm_univar_synth","draw_079",1229,"2021-01-17","history","-0.521098734869991"
"exdqlm_univar_synth","draw_079",1229,"2021-01-18","history","-0.854286303565169"
"exdqlm_univar_synth","draw_079",1229,"2021-01-19","history","-1.01174424921387"
"exdqlm_univar_synth","draw_079",1229,"2021-01-20","history","-0.478124950290792"
"exdqlm_univar_synth","draw_079",1229,"2021-01-21","history","-0.702757143743021"
"exdqlm_univar_synth","draw_079",1229,"2021-01-22","history","-0.375312239026900"
"exdqlm_univar_synth","draw_079",1229,"2021-01-23","history","0.0324559515439547"
"exdqlm_univar_synth","draw_080",1244,"2021-01-05","history","-0.182441531058660"
"exdqlm_univar_synth","draw_080",1244,"2021-01-06","history","-0.385972307025050"
"exdqlm_univar_synth","draw_080",1244,"2021-01-07","history","-0.556824521456628"
"exdqlm_univar_synth","draw_080",1244,"2021-01-08","history","-0.955000043248475"
"exdqlm_univar_synth","draw_080",1244,"2021-01-09","history","-0.774156756964671"
"exdqlm_univar_synth","draw_080",1244,"2021-01-10","history","-0.583090105352511"
"exdqlm_univar_synth","draw_080",1244,"2021-01-11","history","-0.540851539283972"
"exdqlm_univar_synth","draw_080",1244,"2021-01-12","history","-0.880503190415611"
"exdqlm_univar_synth","draw_080",1244,"2021-01-13","history","-0.756443814772253"
"exdqlm_univar_synth","draw_080",1244,"2021-01-14","history","-0.762196673546533"
"exdqlm_univar_synth","draw_080",1244,"2021-01-15","history","-0.802441787164770"
"exdqlm_univar_synth","draw_080",1244,"2021-01-16","history","-0.893961108925427"
"exdqlm_univar_synth","draw_080",1244,"2021-01-17","history","-0.962809353812047"
"exdqlm_univar_synth","draw_080",1244,"2021-01-18","history","-0.866471460289131"
"exdqlm_univar_synth","draw_080",1244,"2021-01-19","history","-0.758520658700104"
"exdqlm_univar_synth","draw_080",1244,"2021-01-20","history","-0.481963564769457"
"exdqlm_univar_synth","draw_080",1244,"2021-01-21","history","-0.935216999304292"
"exdqlm_univar_synth","draw_080",1244,"2021-01-22","history","-0.652863566398093"
"exdqlm_univar_synth","draw_080",1244,"2021-01-23","history","-0.280221609683603"
"exdqlm_univar_synth","draw_081",1260,"2021-01-05","history","-0.323001684779876"
"exdqlm_univar_synth","draw_081",1260,"2021-01-06","history","-0.483969096284890"
"exdqlm_univar_synth","draw_081",1260,"2021-01-07","history","-0.644366769581750"
"exdqlm_univar_synth","draw_081",1260,"2021-01-08","history","-0.635397197816121"
"exdqlm_univar_synth","draw_081",1260,"2021-01-09","history","-0.325999604514578"
"exdqlm_univar_synth","draw_081",1260,"2021-01-10","history","-0.916672704790098"
"exdqlm_univar_synth","draw_081",1260,"2021-01-11","history","-0.857381404259851"
"exdqlm_univar_synth","draw_081",1260,"2021-01-12","history","-0.591088161657189"
"exdqlm_univar_synth","draw_081",1260,"2021-01-13","history","-0.734190052398870"
"exdqlm_univar_synth","draw_081",1260,"2021-01-14","history","-0.206356028083059"
"exdqlm_univar_synth","draw_081",1260,"2021-01-15","history","-0.823422219068364"
"exdqlm_univar_synth","draw_081",1260,"2021-01-16","history","-0.693722147502854"
"exdqlm_univar_synth","draw_081",1260,"2021-01-17","history","-0.760726418170515"
"exdqlm_univar_synth","draw_081",1260,"2021-01-18","history","-1.01240878619161"
"exdqlm_univar_synth","draw_081",1260,"2021-01-19","history","-0.949413479454283"
"exdqlm_univar_synth","draw_081",1260,"2021-01-20","history","-0.628552091878586"
"exdqlm_univar_synth","draw_081",1260,"2021-01-21","history","-0.440092181766568"
"exdqlm_univar_synth","draw_081",1260,"2021-01-22","history","-0.765607700430951"
"exdqlm_univar_synth","draw_081",1260,"2021-01-23","history","-0.224595802085426"
"exdqlm_univar_synth","draw_082",1276,"2021-01-05","history","-0.185444870763091"
"exdqlm_univar_synth","draw_082",1276,"2021-01-06","history","-0.802415275609340"
"exdqlm_univar_synth","draw_082",1276,"2021-01-07","history","-0.987399139057723"
"exdqlm_univar_synth","draw_082",1276,"2021-01-08","history","-0.679625983015143"
"exdqlm_univar_synth","draw_082",1276,"2021-01-09","history","-0.639583841893975"
"exdqlm_univar_synth","draw_082",1276,"2021-01-10","history","-0.747606172875181"
"exdqlm_univar_synth","draw_082",1276,"2021-01-11","history","-0.665868857229432"
"exdqlm_univar_synth","draw_082",1276,"2021-01-12","history","-0.324356874363019"
"exdqlm_univar_synth","draw_082",1276,"2021-01-13","history","-0.568068695870307"
"exdqlm_univar_synth","draw_082",1276,"2021-01-14","history","-0.728231272151637"
"exdqlm_univar_synth","draw_082",1276,"2021-01-15","history","-0.401260097252758"
"exdqlm_univar_synth","draw_082",1276,"2021-01-16","history","-0.415424649153128"
"exdqlm_univar_synth","draw_082",1276,"2021-01-17","history","-0.902986966016641"
"exdqlm_univar_synth","draw_082",1276,"2021-01-18","history","-0.815938736130256"
"exdqlm_univar_synth","draw_082",1276,"2021-01-19","history","-0.744123938813890"
"exdqlm_univar_synth","draw_082",1276,"2021-01-20","history","-0.793677976894319"
"exdqlm_univar_synth","draw_082",1276,"2021-01-21","history","-0.660204865716187"
"exdqlm_univar_synth","draw_082",1276,"2021-01-22","history","-0.543010179723131"
"exdqlm_univar_synth","draw_082",1276,"2021-01-23","history","-0.438817536717828"
"exdqlm_univar_synth","draw_083",1292,"2021-01-05","history","0.0974862291071669"
"exdqlm_univar_synth","draw_083",1292,"2021-01-06","history","-0.369603991970969"
"exdqlm_univar_synth","draw_083",1292,"2021-01-07","history","-0.757858471690443"
"exdqlm_univar_synth","draw_083",1292,"2021-01-08","history","-0.719499204284013"
"exdqlm_univar_synth","draw_083",1292,"2021-01-09","history","-0.472625519650436"
"exdqlm_univar_synth","draw_083",1292,"2021-01-10","history","-0.817771413514069"
"exdqlm_univar_synth","draw_083",1292,"2021-01-11","history","-1.00930766115279"
"exdqlm_univar_synth","draw_083",1292,"2021-01-12","history","-0.455973157463772"
"exdqlm_univar_synth","draw_083",1292,"2021-01-13","history","-0.700582578788582"
"exdqlm_univar_synth","draw_083",1292,"2021-01-14","history","-0.696113192384086"
"exdqlm_univar_synth","draw_083",1292,"2021-01-15","history","-0.966050664490636"
"exdqlm_univar_synth","draw_083",1292,"2021-01-16","history","-0.574383572597500"
"exdqlm_univar_synth","draw_083",1292,"2021-01-17","history","-0.892550576862815"
"exdqlm_univar_synth","draw_083",1292,"2021-01-18","history","-0.408129777490323"
"exdqlm_univar_synth","draw_083",1292,"2021-01-19","history","-0.871011250372172"
"exdqlm_univar_synth","draw_083",1292,"2021-01-20","history","-0.685469877623653"
"exdqlm_univar_synth","draw_083",1292,"2021-01-21","history","-0.851231058850163"
"exdqlm_univar_synth","draw_083",1292,"2021-01-22","history","-0.575016525724340"
"exdqlm_univar_synth","draw_083",1292,"2021-01-23","history","-0.0152080883502128"
"exdqlm_univar_synth","draw_084",1307,"2021-01-05","history","-0.368762946906920"
"exdqlm_univar_synth","draw_084",1307,"2021-01-06","history","-0.894023763703659"
"exdqlm_univar_synth","draw_084",1307,"2021-01-07","history","-0.530104633071232"
"exdqlm_univar_synth","draw_084",1307,"2021-01-08","history","-0.625688406961074"
"exdqlm_univar_synth","draw_084",1307,"2021-01-09","history","-0.844699043052684"
"exdqlm_univar_synth","draw_084",1307,"2021-01-10","history","-0.952316095330762"
"exdqlm_univar_synth","draw_084",1307,"2021-01-11","history","-1.08408622523653"
"exdqlm_univar_synth","draw_084",1307,"2021-01-12","history","-0.394641792238998"
"exdqlm_univar_synth","draw_084",1307,"2021-01-13","history","-0.795880488016740"
"exdqlm_univar_synth","draw_084",1307,"2021-01-14","history","-0.700853760825357"
"exdqlm_univar_synth","draw_084",1307,"2021-01-15","history","-0.605133634792149"
"exdqlm_univar_synth","draw_084",1307,"2021-01-16","history","-0.656575836808717"
"exdqlm_univar_synth","draw_084",1307,"2021-01-17","history","-0.832099545371560"
"exdqlm_univar_synth","draw_084",1307,"2021-01-18","history","-0.788223263190526"
"exdqlm_univar_synth","draw_084",1307,"2021-01-19","history","-0.454652375225346"
"exdqlm_univar_synth","draw_084",1307,"2021-01-20","history","-0.905229367803266"
"exdqlm_univar_synth","draw_084",1307,"2021-01-21","history","-0.813624434739290"
"exdqlm_univar_synth","draw_084",1307,"2021-01-22","history","-0.603644254584134"
"exdqlm_univar_synth","draw_084",1307,"2021-01-23","history","-0.507850905338824"
"exdqlm_univar_synth","draw_085",1323,"2021-01-05","history","-0.282770221643937"
"exdqlm_univar_synth","draw_085",1323,"2021-01-06","history","-0.497832229428460"
"exdqlm_univar_synth","draw_085",1323,"2021-01-07","history","-0.994131868509854"
"exdqlm_univar_synth","draw_085",1323,"2021-01-08","history","-0.801249000674138"
"exdqlm_univar_synth","draw_085",1323,"2021-01-09","history","-0.883355531371785"
"exdqlm_univar_synth","draw_085",1323,"2021-01-10","history","-0.617962883007784"
"exdqlm_univar_synth","draw_085",1323,"2021-01-11","history","-0.973342100364140"
"exdqlm_univar_synth","draw_085",1323,"2021-01-12","history","-0.622320203348586"
"exdqlm_univar_synth","draw_085",1323,"2021-01-13","history","-0.709730903062679"
"exdqlm_univar_synth","draw_085",1323,"2021-01-14","history","-0.687687213594798"
"exdqlm_univar_synth","draw_085",1323,"2021-01-15","history","-0.827756857950649"
"exdqlm_univar_synth","draw_085",1323,"2021-01-16","history","-0.795744357231213"
"exdqlm_univar_synth","draw_085",1323,"2021-01-17","history","-0.680208586277966"
"exdqlm_univar_synth","draw_085",1323,"2021-01-18","history","-0.964466324894892"
"exdqlm_univar_synth","draw_085",1323,"2021-01-19","history","-0.767472519217281"
"exdqlm_univar_synth","draw_085",1323,"2021-01-20","history","-0.929639440443901"
"exdqlm_univar_synth","draw_085",1323,"2021-01-21","history","-0.864378626656784"
"exdqlm_univar_synth","draw_085",1323,"2021-01-22","history","-0.535564378871129"
"exdqlm_univar_synth","draw_085",1323,"2021-01-23","history","-0.561072998159459"
"exdqlm_univar_synth","draw_086",1339,"2021-01-05","history","-0.661514189614716"
"exdqlm_univar_synth","draw_086",1339,"2021-01-06","history","-0.658727207938192"
"exdqlm_univar_synth","draw_086",1339,"2021-01-07","history","-0.588572842362176"
"exdqlm_univar_synth","draw_086",1339,"2021-01-08","history","-0.354627549975381"
"exdqlm_univar_synth","draw_086",1339,"2021-01-09","history","-0.938747119275980"
"exdqlm_univar_synth","draw_086",1339,"2021-01-10","history","-0.872413014883901"
"exdqlm_univar_synth","draw_086",1339,"2021-01-11","history","-0.740930013747165"
"exdqlm_univar_synth","draw_086",1339,"2021-01-12","history","-1.10435443545038"
"exdqlm_univar_synth","draw_086",1339,"2021-01-13","history","-0.878705961592557"
"exdqlm_univar_synth","draw_086",1339,"2021-01-14","history","-0.595333129549550"
"exdqlm_univar_synth","draw_086",1339,"2021-01-15","history","-0.367742740768782"
"exdqlm_univar_synth","draw_086",1339,"2021-01-16","history","-1.00789570343554"
"exdqlm_univar_synth","draw_086",1339,"2021-01-17","history","-0.594446590787451"
"exdqlm_univar_synth","draw_086",1339,"2021-01-18","history","-0.822659871870532"
"exdqlm_univar_synth","draw_086",1339,"2021-01-19","history","-0.613300799843179"
"exdqlm_univar_synth","draw_086",1339,"2021-01-20","history","-0.610338469178477"
"exdqlm_univar_synth","draw_086",1339,"2021-01-21","history","-0.648147372194647"
"exdqlm_univar_synth","draw_086",1339,"2021-01-22","history","-0.791492651156432"
"exdqlm_univar_synth","draw_086",1339,"2021-01-23","history","-0.410905268190968"
"exdqlm_univar_synth","draw_087",1355,"2021-01-05","history","-0.417295914011676"
"exdqlm_univar_synth","draw_087",1355,"2021-01-06","history","-0.701278222237635"
"exdqlm_univar_synth","draw_087",1355,"2021-01-07","history","-0.778786153957736"
"exdqlm_univar_synth","draw_087",1355,"2021-01-08","history","-0.937533964534992"
"exdqlm_univar_synth","draw_087",1355,"2021-01-09","history","-0.525720934284277"
"exdqlm_univar_synth","draw_087",1355,"2021-01-10","history","-0.749204712083812"
"exdqlm_univar_synth","draw_087",1355,"2021-01-11","history","-0.674015547950654"
"exdqlm_univar_synth","draw_087",1355,"2021-01-12","history","-0.908232939186754"
"exdqlm_univar_synth","draw_087",1355,"2021-01-13","history","-0.449486744748336"
"exdqlm_univar_synth","draw_087",1355,"2021-01-14","history","-0.588367019648754"
"exdqlm_univar_synth","draw_087",1355,"2021-01-15","history","-0.885694142880567"
"exdqlm_univar_synth","draw_087",1355,"2021-01-16","history","-0.451262360592412"
"exdqlm_univar_synth","draw_087",1355,"2021-01-17","history","-0.601407897195389"
"exdqlm_univar_synth","draw_087",1355,"2021-01-18","history","-0.953173697099426"
"exdqlm_univar_synth","draw_087",1355,"2021-01-19","history","-0.621136298429798"
"exdqlm_univar_synth","draw_087",1355,"2021-01-20","history","-0.856002644188157"
"exdqlm_univar_synth","draw_087",1355,"2021-01-21","history","-0.558261367713607"
"exdqlm_univar_synth","draw_087",1355,"2021-01-22","history","-0.892748408111159"
"exdqlm_univar_synth","draw_087",1355,"2021-01-23","history","0.0578184395162080"
"exdqlm_univar_synth","draw_088",1370,"2021-01-05","history","-0.490107435601117"
"exdqlm_univar_synth","draw_088",1370,"2021-01-06","history","-0.681471887596434"
"exdqlm_univar_synth","draw_088",1370,"2021-01-07","history","-0.318604350564368"
"exdqlm_univar_synth","draw_088",1370,"2021-01-08","history","-0.682177821840715"
"exdqlm_univar_synth","draw_088",1370,"2021-01-09","history","-0.576088190044585"
"exdqlm_univar_synth","draw_088",1370,"2021-01-10","history","-0.617461694862581"
"exdqlm_univar_synth","draw_088",1370,"2021-01-11","history","-0.637993337463950"
"exdqlm_univar_synth","draw_088",1370,"2021-01-12","history","-0.935620463059880"
"exdqlm_univar_synth","draw_088",1370,"2021-01-13","history","-0.888635757873727"
"exdqlm_univar_synth","draw_088",1370,"2021-01-14","history","-0.592991883855228"
"exdqlm_univar_synth","draw_088",1370,"2021-01-15","history","-0.662213103391622"
"exdqlm_univar_synth","draw_088",1370,"2021-01-16","history","-0.383695430076742"
"exdqlm_univar_synth","draw_088",1370,"2021-01-17","history","-0.672191208146128"
"exdqlm_univar_synth","draw_088",1370,"2021-01-18","history","-0.583543636944505"
"exdqlm_univar_synth","draw_088",1370,"2021-01-19","history","-0.757546542232978"
"exdqlm_univar_synth","draw_088",1370,"2021-01-20","history","-0.381232250261238"
"exdqlm_univar_synth","draw_088",1370,"2021-01-21","history","-1.04054775040602"
"exdqlm_univar_synth","draw_088",1370,"2021-01-22","history","-0.846005136623406"
"exdqlm_univar_synth","draw_088",1370,"2021-01-23","history","-0.376691115164064"
"exdqlm_univar_synth","draw_089",1386,"2021-01-05","history","-0.0360759072301960"
"exdqlm_univar_synth","draw_089",1386,"2021-01-06","history","-0.716939834840269"
"exdqlm_univar_synth","draw_089",1386,"2021-01-07","history","-0.283983088879853"
"exdqlm_univar_synth","draw_089",1386,"2021-01-08","history","-0.748677332007834"
"exdqlm_univar_synth","draw_089",1386,"2021-01-09","history","-0.665099503560038"
"exdqlm_univar_synth","draw_089",1386,"2021-01-10","history","-0.647384186402754"
"exdqlm_univar_synth","draw_089",1386,"2021-01-11","history","-0.770520120044626"
"exdqlm_univar_synth","draw_089",1386,"2021-01-12","history","-0.852826844254307"
"exdqlm_univar_synth","draw_089",1386,"2021-01-13","history","-0.619674620715392"
"exdqlm_univar_synth","draw_089",1386,"2021-01-14","history","-0.621078514325108"
"exdqlm_univar_synth","draw_089",1386,"2021-01-15","history","-0.670135071520118"
"exdqlm_univar_synth","draw_089",1386,"2021-01-16","history","-0.371286370174917"
"exdqlm_univar_synth","draw_089",1386,"2021-01-17","history","-0.510833387544526"
"exdqlm_univar_synth","draw_089",1386,"2021-01-18","history","-0.965857474797792"
"exdqlm_univar_synth","draw_089",1386,"2021-01-19","history","-0.459260828420613"
"exdqlm_univar_synth","draw_089",1386,"2021-01-20","history","-0.931645842557107"
"exdqlm_univar_synth","draw_089",1386,"2021-01-21","history","-0.827335512940515"
"exdqlm_univar_synth","draw_089",1386,"2021-01-22","history","-0.734727153878222"
"exdqlm_univar_synth","draw_089",1386,"2021-01-23","history","-0.446842752493463"
"exdqlm_univar_synth","draw_090",1402,"2021-01-05","history","-0.551488951070904"
"exdqlm_univar_synth","draw_090",1402,"2021-01-06","history","-0.789108159912485"
"exdqlm_univar_synth","draw_090",1402,"2021-01-07","history","-0.548502057243490"
"exdqlm_univar_synth","draw_090",1402,"2021-01-08","history","-0.768780619843539"
"exdqlm_univar_synth","draw_090",1402,"2021-01-09","history","-0.620663867805801"
"exdqlm_univar_synth","draw_090",1402,"2021-01-10","history","-0.752443549036297"
"exdqlm_univar_synth","draw_090",1402,"2021-01-11","history","-1.26901826935653"
"exdqlm_univar_synth","draw_090",1402,"2021-01-12","history","-0.803101136650401"
"exdqlm_univar_synth","draw_090",1402,"2021-01-13","history","-0.985700038075703"
"exdqlm_univar_synth","draw_090",1402,"2021-01-14","history","-0.828844128542331"
"exdqlm_univar_synth","draw_090",1402,"2021-01-15","history","-0.845969490745183"
"exdqlm_univar_synth","draw_090",1402,"2021-01-16","history","-0.785220089126476"
"exdqlm_univar_synth","draw_090",1402,"2021-01-17","history","-0.689828652590627"
"exdqlm_univar_synth","draw_090",1402,"2021-01-18","history","-0.620571213254620"
"exdqlm_univar_synth","draw_090",1402,"2021-01-19","history","-0.571938830600641"
"exdqlm_univar_synth","draw_090",1402,"2021-01-20","history","-0.583161166720073"
"exdqlm_univar_synth","draw_090",1402,"2021-01-21","history","-0.985663971061098"
"exdqlm_univar_synth","draw_090",1402,"2021-01-22","history","-0.562636057471736"
"exdqlm_univar_synth","draw_090",1402,"2021-01-23","history","-0.572727827535435"
"exdqlm_univar_synth","draw_091",1418,"2021-01-05","history","-0.680460659491493"
"exdqlm_univar_synth","draw_091",1418,"2021-01-06","history","-0.516454599332274"
"exdqlm_univar_synth","draw_091",1418,"2021-01-07","history","-0.312839314008332"
"exdqlm_univar_synth","draw_091",1418,"2021-01-08","history","-0.628863239317717"
"exdqlm_univar_synth","draw_091",1418,"2021-01-09","history","-0.873192736500640"
"exdqlm_univar_synth","draw_091",1418,"2021-01-10","history","-0.605681995041895"
"exdqlm_univar_synth","draw_091",1418,"2021-01-11","history","-0.591272206518290"
"exdqlm_univar_synth","draw_091",1418,"2021-01-12","history","-0.804763971999108"
"exdqlm_univar_synth","draw_091",1418,"2021-01-13","history","-0.952585895314311"
"exdqlm_univar_synth","draw_091",1418,"2021-01-14","history","-0.802814924250869"
"exdqlm_univar_synth","draw_091",1418,"2021-01-15","history","-0.521392853207447"
"exdqlm_univar_synth","draw_091",1418,"2021-01-16","history","-0.549395098690163"
"exdqlm_univar_synth","draw_091",1418,"2021-01-17","history","-0.322741249788479"
"exdqlm_univar_synth","draw_091",1418,"2021-01-18","history","-1.04693380858214"
"exdqlm_univar_synth","draw_091",1418,"2021-01-19","history","-0.956370319711725"
"exdqlm_univar_synth","draw_091",1418,"2021-01-20","history","-0.605824806928319"
"exdqlm_univar_synth","draw_091",1418,"2021-01-21","history","-0.713595520913475"
"exdqlm_univar_synth","draw_091",1418,"2021-01-22","history","-0.478276690581684"
"exdqlm_univar_synth","draw_091",1418,"2021-01-23","history","-0.532233981066584"
"exdqlm_univar_synth","draw_092",1433,"2021-01-05","history","0.138211542094058"
"exdqlm_univar_synth","draw_092",1433,"2021-01-06","history","-0.695338325071403"
"exdqlm_univar_synth","draw_092",1433,"2021-01-07","history","-0.551252837746891"
"exdqlm_univar_synth","draw_092",1433,"2021-01-08","history","-0.839308441357813"
"exdqlm_univar_synth","draw_092",1433,"2021-01-09","history","-0.581808547032603"
"exdqlm_univar_synth","draw_092",1433,"2021-01-10","history","-0.616222543172011"
"exdqlm_univar_synth","draw_092",1433,"2021-01-11","history","-0.819226596942657"
"exdqlm_univar_synth","draw_092",1433,"2021-01-12","history","-0.947212628496058"
"exdqlm_univar_synth","draw_092",1433,"2021-01-13","history","-0.466497100581107"
"exdqlm_univar_synth","draw_092",1433,"2021-01-14","history","-0.884886537913108"
"exdqlm_univar_synth","draw_092",1433,"2021-01-15","history","-0.350963298883727"
"exdqlm_univar_synth","draw_092",1433,"2021-01-16","history","-0.776632266557385"
"exdqlm_univar_synth","draw_092",1433,"2021-01-17","history","-0.768477034957020"
"exdqlm_univar_synth","draw_092",1433,"2021-01-18","history","-0.802613627045311"
"exdqlm_univar_synth","draw_092",1433,"2021-01-19","history","-0.762560330905208"
"exdqlm_univar_synth","draw_092",1433,"2021-01-20","history","-0.945985864203584"
"exdqlm_univar_synth","draw_092",1433,"2021-01-21","history","-1.02961173963311"
"exdqlm_univar_synth","draw_092",1433,"2021-01-22","history","-0.680392211764185"
"exdqlm_univar_synth","draw_092",1433,"2021-01-23","history","-0.263871027179115"
"exdqlm_univar_synth","draw_093",1449,"2021-01-05","history","-0.580233029692969"
"exdqlm_univar_synth","draw_093",1449,"2021-01-06","history","-0.512172345983421"
"exdqlm_univar_synth","draw_093",1449,"2021-01-07","history","-0.824664638838746"
"exdqlm_univar_synth","draw_093",1449,"2021-01-08","history","-0.960684906289991"
"exdqlm_univar_synth","draw_093",1449,"2021-01-09","history","-0.912883402462264"
"exdqlm_univar_synth","draw_093",1449,"2021-01-10","history","-0.855983532629990"
"exdqlm_univar_synth","draw_093",1449,"2021-01-11","history","-0.882291845520074"
"exdqlm_univar_synth","draw_093",1449,"2021-01-12","history","-0.760796654194405"
"exdqlm_univar_synth","draw_093",1449,"2021-01-13","history","-0.647776138669950"
"exdqlm_univar_synth","draw_093",1449,"2021-01-14","history","-0.696620005322089"
"exdqlm_univar_synth","draw_093",1449,"2021-01-15","history","-0.916739355633500"
"exdqlm_univar_synth","draw_093",1449,"2021-01-16","history","-0.734748461160613"
"exdqlm_univar_synth","draw_093",1449,"2021-01-17","history","-0.649467386864686"
"exdqlm_univar_synth","draw_093",1449,"2021-01-18","history","-0.553394610778418"
"exdqlm_univar_synth","draw_093",1449,"2021-01-19","history","-0.673290854867529"
"exdqlm_univar_synth","draw_093",1449,"2021-01-20","history","-0.638434774218076"
"exdqlm_univar_synth","draw_093",1449,"2021-01-21","history","-0.878854688493867"
"exdqlm_univar_synth","draw_093",1449,"2021-01-22","history","-0.852353883758648"
"exdqlm_univar_synth","draw_093",1449,"2021-01-23","history","0.0463322608597878"
"exdqlm_univar_synth","draw_094",1465,"2021-01-05","history","-0.655195468357848"
"exdqlm_univar_synth","draw_094",1465,"2021-01-06","history","-0.714904664025166"
"exdqlm_univar_synth","draw_094",1465,"2021-01-07","history","-0.570178427729939"
"exdqlm_univar_synth","draw_094",1465,"2021-01-08","history","-0.690526276197654"
"exdqlm_univar_synth","draw_094",1465,"2021-01-09","history","-0.954060129038933"
"exdqlm_univar_synth","draw_094",1465,"2021-01-10","history","-0.934370398965433"
"exdqlm_univar_synth","draw_094",1465,"2021-01-11","history","-0.467679994548861"
"exdqlm_univar_synth","draw_094",1465,"2021-01-12","history","-0.597098918313322"
"exdqlm_univar_synth","draw_094",1465,"2021-01-13","history","-0.948722073632120"
"exdqlm_univar_synth","draw_094",1465,"2021-01-14","history","-0.758817767482944"
"exdqlm_univar_synth","draw_094",1465,"2021-01-15","history","-0.640754903893175"
"exdqlm_univar_synth","draw_094",1465,"2021-01-16","history","-0.642692448079470"
"exdqlm_univar_synth","draw_094",1465,"2021-01-17","history","-0.816942195075789"
"exdqlm_univar_synth","draw_094",1465,"2021-01-18","history","-0.701593624518991"
"exdqlm_univar_synth","draw_094",1465,"2021-01-19","history","-0.620741321006689"
"exdqlm_univar_synth","draw_094",1465,"2021-01-20","history","-0.985612589108588"
"exdqlm_univar_synth","draw_094",1465,"2021-01-21","history","-0.959029583499067"
"exdqlm_univar_synth","draw_094",1465,"2021-01-22","history","-0.582492997471667"
"exdqlm_univar_synth","draw_094",1465,"2021-01-23","history","-0.232333615611113"
"exdqlm_univar_synth","draw_095",1481,"2021-01-05","history","-0.393776013513582"
"exdqlm_univar_synth","draw_095",1481,"2021-01-06","history","-0.747813634012223"
"exdqlm_univar_synth","draw_095",1481,"2021-01-07","history","-0.794400010788835"
"exdqlm_univar_synth","draw_095",1481,"2021-01-08","history","-0.683013108737876"
"exdqlm_univar_synth","draw_095",1481,"2021-01-09","history","-0.811298565400294"
"exdqlm_univar_synth","draw_095",1481,"2021-01-10","history","-1.01068088598528"
"exdqlm_univar_synth","draw_095",1481,"2021-01-11","history","-1.07966299755694"
"exdqlm_univar_synth","draw_095",1481,"2021-01-12","history","-0.917187126583288"
"exdqlm_univar_synth","draw_095",1481,"2021-01-13","history","-0.753911617587672"
"exdqlm_univar_synth","draw_095",1481,"2021-01-14","history","-1.04811939937028"
"exdqlm_univar_synth","draw_095",1481,"2021-01-15","history","-0.573618175852236"
"exdqlm_univar_synth","draw_095",1481,"2021-01-16","history","-0.693653291551419"
"exdqlm_univar_synth","draw_095",1481,"2021-01-17","history","-1.12218418410127"
"exdqlm_univar_synth","draw_095",1481,"2021-01-18","history","-0.852870688502630"
"exdqlm_univar_synth","draw_095",1481,"2021-01-19","history","-0.919001722124395"
"exdqlm_univar_synth","draw_095",1481,"2021-01-20","history","-0.481841537531614"
"exdqlm_univar_synth","draw_095",1481,"2021-01-21","history","-0.641158562322796"
"exdqlm_univar_synth","draw_095",1481,"2021-01-22","history","-0.917324965584387"
"exdqlm_univar_synth","draw_095",1481,"2021-01-23","history","0.130443041699769"
"exdqlm_univar_synth","draw_096",1496,"2021-01-05","history","-0.127732266503106"
"exdqlm_univar_synth","draw_096",1496,"2021-01-06","history","-0.613603823214721"
"exdqlm_univar_synth","draw_096",1496,"2021-01-07","history","-0.707115858811421"
"exdqlm_univar_synth","draw_096",1496,"2021-01-08","history","-0.577172593714419"
"exdqlm_univar_synth","draw_096",1496,"2021-01-09","history","-0.534437850564686"
"exdqlm_univar_synth","draw_096",1496,"2021-01-10","history","-0.849595330716582"
"exdqlm_univar_synth","draw_096",1496,"2021-01-11","history","-0.899890375198352"
"exdqlm_univar_synth","draw_096",1496,"2021-01-12","history","-0.582548873099068"
"exdqlm_univar_synth","draw_096",1496,"2021-01-13","history","-0.837595362047452"
"exdqlm_univar_synth","draw_096",1496,"2021-01-14","history","-0.586877583045383"
"exdqlm_univar_synth","draw_096",1496,"2021-01-15","history","-0.823093628110301"
"exdqlm_univar_synth","draw_096",1496,"2021-01-16","history","-0.578022757865325"
"exdqlm_univar_synth","draw_096",1496,"2021-01-17","history","-0.726741367765202"
"exdqlm_univar_synth","draw_096",1496,"2021-01-18","history","-0.460016375489409"
"exdqlm_univar_synth","draw_096",1496,"2021-01-19","history","-0.432426877672141"
"exdqlm_univar_synth","draw_096",1496,"2021-01-20","history","-0.667559070123178"
"exdqlm_univar_synth","draw_096",1496,"2021-01-21","history","-0.556472493005820"
"exdqlm_univar_synth","draw_096",1496,"2021-01-22","history","-0.573568748025269"
"exdqlm_univar_synth","draw_096",1496,"2021-01-23","history","-0.648142318157313"
"exdqlm_univar_synth","draw_097",1512,"2021-01-05","history","-0.526886511172572"
"exdqlm_univar_synth","draw_097",1512,"2021-01-06","history","-0.257217507870222"
"exdqlm_univar_synth","draw_097",1512,"2021-01-07","history","-0.936067544755653"
"exdqlm_univar_synth","draw_097",1512,"2021-01-08","history","-0.956551027132508"
"exdqlm_univar_synth","draw_097",1512,"2021-01-09","history","-0.828055379462610"
"exdqlm_univar_synth","draw_097",1512,"2021-01-10","history","-0.906338041065533"
"exdqlm_univar_synth","draw_097",1512,"2021-01-11","history","-0.958404939434427"
"exdqlm_univar_synth","draw_097",1512,"2021-01-12","history","-0.731632729784625"
"exdqlm_univar_synth","draw_097",1512,"2021-01-13","history","-0.613327984950253"
"exdqlm_univar_synth","draw_097",1512,"2021-01-14","history","-0.759109166194055"
"exdqlm_univar_synth","draw_097",1512,"2021-01-15","history","-0.428654234250301"
"exdqlm_univar_synth","draw_097",1512,"2021-01-16","history","-0.631687873450136"
"exdqlm_univar_synth","draw_097",1512,"2021-01-17","history","-0.621755225580378"
"exdqlm_univar_synth","draw_097",1512,"2021-01-18","history","-0.988691667163381"
"exdqlm_univar_synth","draw_097",1512,"2021-01-19","history","-0.927485267987934"
"exdqlm_univar_synth","draw_097",1512,"2021-01-20","history","-0.958859083779352"
"exdqlm_univar_synth","draw_097",1512,"2021-01-21","history","-0.886496463398805"
"exdqlm_univar_synth","draw_097",1512,"2021-01-22","history","-0.944610839920939"
"exdqlm_univar_synth","draw_097",1512,"2021-01-23","history","-0.334322834619991"
"exdqlm_univar_synth","draw_098",1528,"2021-01-05","history","-0.636346918450575"
"exdqlm_univar_synth","draw_098",1528,"2021-01-06","history","-0.532099757531146"
"exdqlm_univar_synth","draw_098",1528,"2021-01-07","history","-0.533775216638492"
"exdqlm_univar_synth","draw_098",1528,"2021-01-08","history","-0.946934223783840"
"exdqlm_univar_synth","draw_098",1528,"2021-01-09","history","-0.424436711040974"
"exdqlm_univar_synth","draw_098",1528,"2021-01-10","history","-0.384741007402657"
"exdqlm_univar_synth","draw_098",1528,"2021-01-11","history","-0.390188815508664"
"exdqlm_univar_synth","draw_098",1528,"2021-01-12","history","-0.755162693194573"
"exdqlm_univar_synth","draw_098",1528,"2021-01-13","history","-0.456994252745740"
"exdqlm_univar_synth","draw_098",1528,"2021-01-14","history","-0.821709304612666"
"exdqlm_univar_synth","draw_098",1528,"2021-01-15","history","-0.887321559304560"
"exdqlm_univar_synth","draw_098",1528,"2021-01-16","history","-0.911415276884028"
"exdqlm_univar_synth","draw_098",1528,"2021-01-17","history","-0.371186936007704"
"exdqlm_univar_synth","draw_098",1528,"2021-01-18","history","-0.970564764677441"
"exdqlm_univar_synth","draw_098",1528,"2021-01-19","history","-0.550635133661802"
"exdqlm_univar_synth","draw_098",1528,"2021-01-20","history","-0.923545537047571"
"exdqlm_univar_synth","draw_098",1528,"2021-01-21","history","-0.409214878841125"
"exdqlm_univar_synth","draw_098",1528,"2021-01-22","history","-0.588667682759906"
"exdqlm_univar_synth","draw_098",1528,"2021-01-23","history","-0.00223676399325157"
"exdqlm_univar_synth","draw_099",1544,"2021-01-05","history","-0.694233352725646"
"exdqlm_univar_synth","draw_099",1544,"2021-01-06","history","-0.437658733067956"
"exdqlm_univar_synth","draw_099",1544,"2021-01-07","history","-0.478200171772703"
"exdqlm_univar_synth","draw_099",1544,"2021-01-08","history","-0.322499246687892"
"exdqlm_univar_synth","draw_099",1544,"2021-01-09","history","-0.951772143897645"
"exdqlm_univar_synth","draw_099",1544,"2021-01-10","history","-0.637742113522450"
"exdqlm_univar_synth","draw_099",1544,"2021-01-11","history","-0.876443258399022"
"exdqlm_univar_synth","draw_099",1544,"2021-01-12","history","-0.707919432588397"
"exdqlm_univar_synth","draw_099",1544,"2021-01-13","history","-0.972051095157937"
"exdqlm_univar_synth","draw_099",1544,"2021-01-14","history","-0.999337004594955"
"exdqlm_univar_synth","draw_099",1544,"2021-01-15","history","-0.678901215652496"
"exdqlm_univar_synth","draw_099",1544,"2021-01-16","history","-0.912096211814133"
"exdqlm_univar_synth","draw_099",1544,"2021-01-17","history","-0.787270455771966"
"exdqlm_univar_synth","draw_099",1544,"2021-01-18","history","-0.821357704325332"
"exdqlm_univar_synth","draw_099",1544,"2021-01-19","history","-0.652338871906284"
"exdqlm_univar_synth","draw_099",1544,"2021-01-20","history","-1.05808861270997"
"exdqlm_univar_synth","draw_099",1544,"2021-01-21","history","-0.459015821624841"
"exdqlm_univar_synth","draw_099",1544,"2021-01-22","history","-0.901596623989460"
"exdqlm_univar_synth","draw_099",1544,"2021-01-23","history","-0.266833657367642"
"exdqlm_univar_synth","draw_100",1559,"2021-01-05","history","-0.298154026545263"
"exdqlm_univar_synth","draw_100",1559,"2021-01-06","history","-0.724249133680593"
"exdqlm_univar_synth","draw_100",1559,"2021-01-07","history","-0.818540092902532"
"exdqlm_univar_synth","draw_100",1559,"2021-01-08","history","-0.848242636082329"
"exdqlm_univar_synth","draw_100",1559,"2021-01-09","history","-0.938902137316205"
"exdqlm_univar_synth","draw_100",1559,"2021-01-10","history","-0.427099953526071"
"exdqlm_univar_synth","draw_100",1559,"2021-01-11","history","-0.791811014495186"
"exdqlm_univar_synth","draw_100",1559,"2021-01-12","history","-0.459067853892487"
"exdqlm_univar_synth","draw_100",1559,"2021-01-13","history","-0.305465297098370"
"exdqlm_univar_synth","draw_100",1559,"2021-01-14","history","-0.743027100801006"
"exdqlm_univar_synth","draw_100",1559,"2021-01-15","history","-0.698251806157742"
"exdqlm_univar_synth","draw_100",1559,"2021-01-16","history","-0.462030236913350"
"exdqlm_univar_synth","draw_100",1559,"2021-01-17","history","-0.594787814674957"
"exdqlm_univar_synth","draw_100",1559,"2021-01-18","history","-0.651923151483617"
"exdqlm_univar_synth","draw_100",1559,"2021-01-19","history","-0.818008144821948"
"exdqlm_univar_synth","draw_100",1559,"2021-01-20","history","-0.686051998089390"
"exdqlm_univar_synth","draw_100",1559,"2021-01-21","history","-0.842728898814718"
"exdqlm_univar_synth","draw_100",1559,"2021-01-22","history","-0.416782498120289"
"exdqlm_univar_synth","draw_100",1559,"2021-01-23","history","-0.363757164798394"
"exdqlm_univar_synth","draw_101",1575,"2021-01-05","history","0.0763849686365848"
"exdqlm_univar_synth","draw_101",1575,"2021-01-06","history","-0.575071347897070"
"exdqlm_univar_synth","draw_101",1575,"2021-01-07","history","-0.304415075443134"
"exdqlm_univar_synth","draw_101",1575,"2021-01-08","history","-0.620369248096458"
"exdqlm_univar_synth","draw_101",1575,"2021-01-09","history","-0.604659892050473"
"exdqlm_univar_synth","draw_101",1575,"2021-01-10","history","-0.469955390118473"
"exdqlm_univar_synth","draw_101",1575,"2021-01-11","history","-0.516227284055861"
"exdqlm_univar_synth","draw_101",1575,"2021-01-12","history","-0.468874467375267"
"exdqlm_univar_synth","draw_101",1575,"2021-01-13","history","-0.765827033322187"
"exdqlm_univar_synth","draw_101",1575,"2021-01-14","history","-0.700825767772826"
"exdqlm_univar_synth","draw_101",1575,"2021-01-15","history","-0.629936597613001"
"exdqlm_univar_synth","draw_101",1575,"2021-01-16","history","-1.09401466289295"
"exdqlm_univar_synth","draw_101",1575,"2021-01-17","history","-0.817846905351905"
"exdqlm_univar_synth","draw_101",1575,"2021-01-18","history","-0.682858099634479"
"exdqlm_univar_synth","draw_101",1575,"2021-01-19","history","-0.565212928393241"
"exdqlm_univar_synth","draw_101",1575,"2021-01-20","history","-0.639130870780475"
"exdqlm_univar_synth","draw_101",1575,"2021-01-21","history","-1.12244519766070"
"exdqlm_univar_synth","draw_101",1575,"2021-01-22","history","-0.494683739883901"
"exdqlm_univar_synth","draw_101",1575,"2021-01-23","history","-0.647771864786766"
"exdqlm_univar_synth","draw_102",1591,"2021-01-05","history","-0.170556281810908"
"exdqlm_univar_synth","draw_102",1591,"2021-01-06","history","-0.704517318938917"
"exdqlm_univar_synth","draw_102",1591,"2021-01-07","history","-0.934867630105787"
"exdqlm_univar_synth","draw_102",1591,"2021-01-08","history","-0.710396602395177"
"exdqlm_univar_synth","draw_102",1591,"2021-01-09","history","-1.12708881356916"
"exdqlm_univar_synth","draw_102",1591,"2021-01-10","history","-0.619000076510361"
"exdqlm_univar_synth","draw_102",1591,"2021-01-11","history","-0.940443896185597"
"exdqlm_univar_synth","draw_102",1591,"2021-01-12","history","-0.797505036513503"
"exdqlm_univar_synth","draw_102",1591,"2021-01-13","history","-0.596165038856802"
"exdqlm_univar_synth","draw_102",1591,"2021-01-14","history","-0.327499682766771"
"exdqlm_univar_synth","draw_102",1591,"2021-01-15","history","-0.467669195813397"
"exdqlm_univar_synth","draw_102",1591,"2021-01-16","history","-0.906235498973862"
"exdqlm_univar_synth","draw_102",1591,"2021-01-17","history","-0.590508650596129"
"exdqlm_univar_synth","draw_102",1591,"2021-01-18","history","-0.559114900526967"
"exdqlm_univar_synth","draw_102",1591,"2021-01-19","history","-0.494576811228092"
"exdqlm_univar_synth","draw_102",1591,"2021-01-20","history","-1.04005823596578"
"exdqlm_univar_synth","draw_102",1591,"2021-01-21","history","-0.786650526997944"
"exdqlm_univar_synth","draw_102",1591,"2021-01-22","history","-0.533611327100538"
"exdqlm_univar_synth","draw_102",1591,"2021-01-23","history","-0.248315593451242"
"exdqlm_univar_synth","draw_103",1606,"2021-01-05","history","-0.271590500817776"
"exdqlm_univar_synth","draw_103",1606,"2021-01-06","history","-0.443651386910578"
"exdqlm_univar_synth","draw_103",1606,"2021-01-07","history","-0.646985033576736"
"exdqlm_univar_synth","draw_103",1606,"2021-01-08","history","-0.982450574275497"
"exdqlm_univar_synth","draw_103",1606,"2021-01-09","history","-0.958950111031506"
"exdqlm_univar_synth","draw_103",1606,"2021-01-10","history","-0.705388054759533"
"exdqlm_univar_synth","draw_103",1606,"2021-01-11","history","-0.726085531603102"
"exdqlm_univar_synth","draw_103",1606,"2021-01-12","history","-0.925262068291476"
"exdqlm_univar_synth","draw_103",1606,"2021-01-13","history","-0.437382702574512"
"exdqlm_univar_synth","draw_103",1606,"2021-01-14","history","-0.600135173935293"
"exdqlm_univar_synth","draw_103",1606,"2021-01-15","history","-0.904743191739288"
"exdqlm_univar_synth","draw_103",1606,"2021-01-16","history","-0.781876647404976"
"exdqlm_univar_synth","draw_103",1606,"2021-01-17","history","-1.05774140394343"
"exdqlm_univar_synth","draw_103",1606,"2021-01-18","history","-0.910668728956056"
"exdqlm_univar_synth","draw_103",1606,"2021-01-19","history","-0.656329170509233"
"exdqlm_univar_synth","draw_103",1606,"2021-01-20","history","-0.617380240659231"
"exdqlm_univar_synth","draw_103",1606,"2021-01-21","history","-0.640966382041984"
"exdqlm_univar_synth","draw_103",1606,"2021-01-22","history","-0.827712461894716"
"exdqlm_univar_synth","draw_103",1606,"2021-01-23","history","-0.320122102955904"
"exdqlm_univar_synth","draw_104",1622,"2021-01-05","history","-0.196148995920941"
"exdqlm_univar_synth","draw_104",1622,"2021-01-06","history","-0.523724838105389"
"exdqlm_univar_synth","draw_104",1622,"2021-01-07","history","-0.787511377834250"
"exdqlm_univar_synth","draw_104",1622,"2021-01-08","history","-0.973094479229489"
"exdqlm_univar_synth","draw_104",1622,"2021-01-09","history","-0.655372073562280"
"exdqlm_univar_synth","draw_104",1622,"2021-01-10","history","-0.879102234766813"
"exdqlm_univar_synth","draw_104",1622,"2021-01-11","history","-0.838443131539371"
"exdqlm_univar_synth","draw_104",1622,"2021-01-12","history","-0.774658494056079"
"exdqlm_univar_synth","draw_104",1622,"2021-01-13","history","-0.598158146923257"
"exdqlm_univar_synth","draw_104",1622,"2021-01-14","history","-0.776950509002649"
"exdqlm_univar_synth","draw_104",1622,"2021-01-15","history","-0.757515257321361"
"exdqlm_univar_synth","draw_104",1622,"2021-01-16","history","-0.899399502588686"
"exdqlm_univar_synth","draw_104",1622,"2021-01-17","history","-0.991819449172420"
"exdqlm_univar_synth","draw_104",1622,"2021-01-18","history","-0.924206149698361"
"exdqlm_univar_synth","draw_104",1622,"2021-01-19","history","-0.763743160596848"
"exdqlm_univar_synth","draw_104",1622,"2021-01-20","history","-0.669930506008342"
"exdqlm_univar_synth","draw_104",1622,"2021-01-21","history","-0.635793477470563"
"exdqlm_univar_synth","draw_104",1622,"2021-01-22","history","-0.708177812147005"
"exdqlm_univar_synth","draw_104",1622,"2021-01-23","history","-0.280014707772893"
"exdqlm_univar_synth","draw_105",1638,"2021-01-05","history","-0.401268788666378"
"exdqlm_univar_synth","draw_105",1638,"2021-01-06","history","-0.686002759631990"
"exdqlm_univar_synth","draw_105",1638,"2021-01-07","history","-0.548562135476534"
"exdqlm_univar_synth","draw_105",1638,"2021-01-08","history","-0.849186338166092"
"exdqlm_univar_synth","draw_105",1638,"2021-01-09","history","-0.737099170291750"
"exdqlm_univar_synth","draw_105",1638,"2021-01-10","history","-0.898979386705296"
"exdqlm_univar_synth","draw_105",1638,"2021-01-11","history","-0.894986259294376"
"exdqlm_univar_synth","draw_105",1638,"2021-01-12","history","-0.590466392387555"
"exdqlm_univar_synth","draw_105",1638,"2021-01-13","history","-0.440588339612426"
"exdqlm_univar_synth","draw_105",1638,"2021-01-14","history","-0.898736663344744"
"exdqlm_univar_synth","draw_105",1638,"2021-01-15","history","-0.796223241150922"
"exdqlm_univar_synth","draw_105",1638,"2021-01-16","history","-0.845496253982494"
"exdqlm_univar_synth","draw_105",1638,"2021-01-17","history","-0.795224661371033"
"exdqlm_univar_synth","draw_105",1638,"2021-01-18","history","-0.729393427690601"
"exdqlm_univar_synth","draw_105",1638,"2021-01-19","history","-0.996678998411442"
"exdqlm_univar_synth","draw_105",1638,"2021-01-20","history","-0.737998538947958"
"exdqlm_univar_synth","draw_105",1638,"2021-01-21","history","-1.01975190889548"
"exdqlm_univar_synth","draw_105",1638,"2021-01-22","history","-0.634183499465492"
"exdqlm_univar_synth","draw_105",1638,"2021-01-23","history","-0.232729707275553"
"exdqlm_univar_synth","draw_106",1654,"2021-01-05","history","-0.348160749287993"
"exdqlm_univar_synth","draw_106",1654,"2021-01-06","history","-0.843124580041736"
"exdqlm_univar_synth","draw_106",1654,"2021-01-07","history","-0.338635518081588"
"exdqlm_univar_synth","draw_106",1654,"2021-01-08","history","-0.364046610752012"
"exdqlm_univar_synth","draw_106",1654,"2021-01-09","history","-0.507329059493876"
"exdqlm_univar_synth","draw_106",1654,"2021-01-10","history","-0.425678832539163"
"exdqlm_univar_synth","draw_106",1654,"2021-01-11","history","-0.926716782244087"
"exdqlm_univar_synth","draw_106",1654,"2021-01-12","history","-0.570811974030019"
"exdqlm_univar_synth","draw_106",1654,"2021-01-13","history","-0.579686665693480"
"exdqlm_univar_synth","draw_106",1654,"2021-01-14","history","-0.428887205619210"
"exdqlm_univar_synth","draw_106",1654,"2021-01-15","history","-0.953591202992608"
"exdqlm_univar_synth","draw_106",1654,"2021-01-16","history","-0.887384849830512"
"exdqlm_univar_synth","draw_106",1654,"2021-01-17","history","-0.777484975961231"
"exdqlm_univar_synth","draw_106",1654,"2021-01-18","history","-0.921084344766889"
"exdqlm_univar_synth","draw_106",1654,"2021-01-19","history","-0.695802181020429"
"exdqlm_univar_synth","draw_106",1654,"2021-01-20","history","-0.676145745807949"
"exdqlm_univar_synth","draw_106",1654,"2021-01-21","history","-1.03001993087613"
"exdqlm_univar_synth","draw_106",1654,"2021-01-22","history","-0.848846363869955"
"exdqlm_univar_synth","draw_106",1654,"2021-01-23","history","-0.617908331491319"
"exdqlm_univar_synth","draw_107",1669,"2021-01-05","history","-0.418559413451343"
"exdqlm_univar_synth","draw_107",1669,"2021-01-06","history","-1.03683128807060"
"exdqlm_univar_synth","draw_107",1669,"2021-01-07","history","-0.953374051706320"
"exdqlm_univar_synth","draw_107",1669,"2021-01-08","history","-0.696427084350838"
"exdqlm_univar_synth","draw_107",1669,"2021-01-09","history","-0.943373038689997"
"exdqlm_univar_synth","draw_107",1669,"2021-01-10","history","-0.535819951751876"
"exdqlm_univar_synth","draw_107",1669,"2021-01-11","history","-0.720318251949261"
"exdqlm_univar_synth","draw_107",1669,"2021-01-12","history","-0.760257629521485"
"exdqlm_univar_synth","draw_107",1669,"2021-01-13","history","-0.585198450928409"
"exdqlm_univar_synth","draw_107",1669,"2021-01-14","history","-0.635508303902478"
"exdqlm_univar_synth","draw_107",1669,"2021-01-15","history","-0.942408655657241"
"exdqlm_univar_synth","draw_107",1669,"2021-01-16","history","-0.875963410547714"
"exdqlm_univar_synth","draw_107",1669,"2021-01-17","history","-0.666916642755716"
"exdqlm_univar_synth","draw_107",1669,"2021-01-18","history","-0.766789865362855"
"exdqlm_univar_synth","draw_107",1669,"2021-01-19","history","-0.670463677733974"
"exdqlm_univar_synth","draw_107",1669,"2021-01-20","history","-1.00020820050928"
"exdqlm_univar_synth","draw_107",1669,"2021-01-21","history","-1.02302280764439"
"exdqlm_univar_synth","draw_107",1669,"2021-01-22","history","-0.504131761405559"
"exdqlm_univar_synth","draw_107",1669,"2021-01-23","history","-0.363762285645037"
"exdqlm_univar_synth","draw_108",1685,"2021-01-05","history","-0.0580540180391640"
"exdqlm_univar_synth","draw_108",1685,"2021-01-06","history","-0.677065224393046"
"exdqlm_univar_synth","draw_108",1685,"2021-01-07","history","-0.557159130681080"
"exdqlm_univar_synth","draw_108",1685,"2021-01-08","history","-0.760715227791959"
"exdqlm_univar_synth","draw_108",1685,"2021-01-09","history","-0.782957803322980"
"exdqlm_univar_synth","draw_108",1685,"2021-01-10","history","-0.607598911696879"
"exdqlm_univar_synth","draw_108",1685,"2021-01-11","history","-0.816830547988611"
"exdqlm_univar_synth","draw_108",1685,"2021-01-12","history","-0.634050304989001"
"exdqlm_univar_synth","draw_108",1685,"2021-01-13","history","-0.706899571015164"
"exdqlm_univar_synth","draw_108",1685,"2021-01-14","history","-0.698811673506390"
"exdqlm_univar_synth","draw_108",1685,"2021-01-15","history","-1.00179522783437"
"exdqlm_univar_synth","draw_108",1685,"2021-01-16","history","-0.674900950258158"
"exdqlm_univar_synth","draw_108",1685,"2021-01-17","history","-0.662960931224666"
"exdqlm_univar_synth","draw_108",1685,"2021-01-18","history","-0.794049688455190"
"exdqlm_univar_synth","draw_108",1685,"2021-01-19","history","-0.701505384857819"
"exdqlm_univar_synth","draw_108",1685,"2021-01-20","history","-0.802311382247800"
"exdqlm_univar_synth","draw_108",1685,"2021-01-21","history","-0.644128872607548"
"exdqlm_univar_synth","draw_108",1685,"2021-01-22","history","-1.02358695988558"
"exdqlm_univar_synth","draw_108",1685,"2021-01-23","history","-0.635489571323868"
"exdqlm_univar_synth","draw_109",1701,"2021-01-05","history","-0.351214943855249"
"exdqlm_univar_synth","draw_109",1701,"2021-01-06","history","-0.744590010813996"
"exdqlm_univar_synth","draw_109",1701,"2021-01-07","history","-0.583791695950547"
"exdqlm_univar_synth","draw_109",1701,"2021-01-08","history","-0.745575767524241"
"exdqlm_univar_synth","draw_109",1701,"2021-01-09","history","-0.887609843845573"
"exdqlm_univar_synth","draw_109",1701,"2021-01-10","history","-0.492423135961266"
"exdqlm_univar_synth","draw_109",1701,"2021-01-11","history","-0.828737732902000"
"exdqlm_univar_synth","draw_109",1701,"2021-01-12","history","-0.991896607997051"
"exdqlm_univar_synth","draw_109",1701,"2021-01-13","history","-0.666747470920917"
"exdqlm_univar_synth","draw_109",1701,"2021-01-14","history","-0.822348037252123"
"exdqlm_univar_synth","draw_109",1701,"2021-01-15","history","-0.620597492624257"
"exdqlm_univar_synth","draw_109",1701,"2021-01-16","history","-0.850208740256718"
"exdqlm_univar_synth","draw_109",1701,"2021-01-17","history","-0.525769870875121"
"exdqlm_univar_synth","draw_109",1701,"2021-01-18","history","-0.920509979821959"
"exdqlm_univar_synth","draw_109",1701,"2021-01-19","history","-0.858776042048852"
"exdqlm_univar_synth","draw_109",1701,"2021-01-20","history","-0.915146240130328"
"exdqlm_univar_synth","draw_109",1701,"2021-01-21","history","-0.979616774275174"
"exdqlm_univar_synth","draw_109",1701,"2021-01-22","history","-0.557118413490723"
"exdqlm_univar_synth","draw_109",1701,"2021-01-23","history","-0.184594945410350"
"exdqlm_univar_synth","draw_110",1717,"2021-01-05","history","0.109569327436308"
"exdqlm_univar_synth","draw_110",1717,"2021-01-06","history","-0.552127578763340"
"exdqlm_univar_synth","draw_110",1717,"2021-01-07","history","-0.697448086218292"
"exdqlm_univar_synth","draw_110",1717,"2021-01-08","history","-0.661317742229415"
"exdqlm_univar_synth","draw_110",1717,"2021-01-09","history","-0.619036197939863"
"exdqlm_univar_synth","draw_110",1717,"2021-01-10","history","-0.433437581221377"
"exdqlm_univar_synth","draw_110",1717,"2021-01-11","history","-0.444675979910996"
"exdqlm_univar_synth","draw_110",1717,"2021-01-12","history","-0.324418648274551"
"exdqlm_univar_synth","draw_110",1717,"2021-01-13","history","-0.626285833846513"
"exdqlm_univar_synth","draw_110",1717,"2021-01-14","history","-0.800256936667759"
"exdqlm_univar_synth","draw_110",1717,"2021-01-15","history","-0.730697497407432"
"exdqlm_univar_synth","draw_110",1717,"2021-01-16","history","-0.604987754194495"
"exdqlm_univar_synth","draw_110",1717,"2021-01-17","history","-0.581740867944366"
"exdqlm_univar_synth","draw_110",1717,"2021-01-18","history","-0.546498122266436"
"exdqlm_univar_synth","draw_110",1717,"2021-01-19","history","-0.857369055247330"
"exdqlm_univar_synth","draw_110",1717,"2021-01-20","history","-1.05618915402075"
"exdqlm_univar_synth","draw_110",1717,"2021-01-21","history","-0.708163016454132"
"exdqlm_univar_synth","draw_110",1717,"2021-01-22","history","-0.811241539986037"
"exdqlm_univar_synth","draw_110",1717,"2021-01-23","history","-0.0607223157221987"
"exdqlm_univar_synth","draw_111",1732,"2021-01-05","history","-0.367063021423557"
"exdqlm_univar_synth","draw_111",1732,"2021-01-06","history","-0.863151478318407"
"exdqlm_univar_synth","draw_111",1732,"2021-01-07","history","-0.590095529753673"
"exdqlm_univar_synth","draw_111",1732,"2021-01-08","history","-0.677095643587222"
"exdqlm_univar_synth","draw_111",1732,"2021-01-09","history","-0.873042960324840"
"exdqlm_univar_synth","draw_111",1732,"2021-01-10","history","-0.373406242439164"
"exdqlm_univar_synth","draw_111",1732,"2021-01-11","history","-0.834506036304512"
"exdqlm_univar_synth","draw_111",1732,"2021-01-12","history","-0.920561237574885"
"exdqlm_univar_synth","draw_111",1732,"2021-01-13","history","-0.802200455612216"
"exdqlm_univar_synth","draw_111",1732,"2021-01-14","history","-0.576977376008953"
"exdqlm_univar_synth","draw_111",1732,"2021-01-15","history","-0.681725602132239"
"exdqlm_univar_synth","draw_111",1732,"2021-01-16","history","-0.946374152491399"
"exdqlm_univar_synth","draw_111",1732,"2021-01-17","history","-0.615049014655276"
"exdqlm_univar_synth","draw_111",1732,"2021-01-18","history","-0.675206268886549"
"exdqlm_univar_synth","draw_111",1732,"2021-01-19","history","-0.796710592821744"
"exdqlm_univar_synth","draw_111",1732,"2021-01-20","history","-0.733026527708950"
"exdqlm_univar_synth","draw_111",1732,"2021-01-21","history","-0.983861814881034"
"exdqlm_univar_synth","draw_111",1732,"2021-01-22","history","-0.612787116185556"
"exdqlm_univar_synth","draw_111",1732,"2021-01-23","history","0.108140782224275"
"exdqlm_univar_synth","draw_112",1748,"2021-01-05","history","-0.543812582916871"
"exdqlm_univar_synth","draw_112",1748,"2021-01-06","history","-0.738965086294120"
"exdqlm_univar_synth","draw_112",1748,"2021-01-07","history","-0.421969628620277"
"exdqlm_univar_synth","draw_112",1748,"2021-01-08","history","-0.590841495147170"
"exdqlm_univar_synth","draw_112",1748,"2021-01-09","history","-0.586038097955886"
"exdqlm_univar_synth","draw_112",1748,"2021-01-10","history","-0.961211551269168"
"exdqlm_univar_synth","draw_112",1748,"2021-01-11","history","-0.431918132324870"
"exdqlm_univar_synth","draw_112",1748,"2021-01-12","history","-0.826844824724009"
"exdqlm_univar_synth","draw_112",1748,"2021-01-13","history","-0.641286212059175"
"exdqlm_univar_synth","draw_112",1748,"2021-01-14","history","-0.982843809566707"
"exdqlm_univar_synth","draw_112",1748,"2021-01-15","history","-0.668491969221150"
"exdqlm_univar_synth","draw_112",1748,"2021-01-16","history","-0.813270164647504"
"exdqlm_univar_synth","draw_112",1748,"2021-01-17","history","-0.710321547600155"
"exdqlm_univar_synth","draw_112",1748,"2021-01-18","history","-0.626015761253118"
"exdqlm_univar_synth","draw_112",1748,"2021-01-19","history","-0.863479444743068"
"exdqlm_univar_synth","draw_112",1748,"2021-01-20","history","-0.734694189365272"
"exdqlm_univar_synth","draw_112",1748,"2021-01-21","history","-0.430530531401786"
"exdqlm_univar_synth","draw_112",1748,"2021-01-22","history","-0.650713238786968"
"exdqlm_univar_synth","draw_112",1748,"2021-01-23","history","-0.664029268657513"
"exdqlm_univar_synth","draw_113",1764,"2021-01-05","history","0.155559834857129"
"exdqlm_univar_synth","draw_113",1764,"2021-01-06","history","-0.755485071198937"
"exdqlm_univar_synth","draw_113",1764,"2021-01-07","history","-0.738810412934218"
"exdqlm_univar_synth","draw_113",1764,"2021-01-08","history","-0.490378466556068"
"exdqlm_univar_synth","draw_113",1764,"2021-01-09","history","-0.820099096580757"
"exdqlm_univar_synth","draw_113",1764,"2021-01-10","history","-0.603329716379969"
"exdqlm_univar_synth","draw_113",1764,"2021-01-11","history","-0.778405989611770"
"exdqlm_univar_synth","draw_113",1764,"2021-01-12","history","-1.02945923273431"
"exdqlm_univar_synth","draw_113",1764,"2021-01-13","history","-0.718086094811262"
"exdqlm_univar_synth","draw_113",1764,"2021-01-14","history","-0.986310772766466"
"exdqlm_univar_synth","draw_113",1764,"2021-01-15","history","-0.847504707873245"
"exdqlm_univar_synth","draw_113",1764,"2021-01-16","history","-0.445836559852124"
"exdqlm_univar_synth","draw_113",1764,"2021-01-17","history","-0.798200338757231"
"exdqlm_univar_synth","draw_113",1764,"2021-01-18","history","-0.619527000138157"
"exdqlm_univar_synth","draw_113",1764,"2021-01-19","history","-0.800812922555816"
"exdqlm_univar_synth","draw_113",1764,"2021-01-20","history","-1.00559117660446"
"exdqlm_univar_synth","draw_113",1764,"2021-01-21","history","-0.492804998128211"
"exdqlm_univar_synth","draw_113",1764,"2021-01-22","history","-0.625072950616614"
"exdqlm_univar_synth","draw_113",1764,"2021-01-23","history","-0.437173348698078"
"exdqlm_univar_synth","draw_114",1780,"2021-01-05","history","-0.165845840161407"
"exdqlm_univar_synth","draw_114",1780,"2021-01-06","history","-0.297702764829701"
"exdqlm_univar_synth","draw_114",1780,"2021-01-07","history","-0.540911678112800"
"exdqlm_univar_synth","draw_114",1780,"2021-01-08","history","-0.897501487532358"
"exdqlm_univar_synth","draw_114",1780,"2021-01-09","history","-0.392314256687857"
"exdqlm_univar_synth","draw_114",1780,"2021-01-10","history","-0.851237489736337"
"exdqlm_univar_synth","draw_114",1780,"2021-01-11","history","-0.572491518115611"
"exdqlm_univar_synth","draw_114",1780,"2021-01-12","history","-0.449787727442257"
"exdqlm_univar_synth","draw_114",1780,"2021-01-13","history","-0.932188263360075"
"exdqlm_univar_synth","draw_114",1780,"2021-01-14","history","-0.545764510661204"
"exdqlm_univar_synth","draw_114",1780,"2021-01-15","history","-0.824302752024544"
"exdqlm_univar_synth","draw_114",1780,"2021-01-16","history","-0.663157235546696"
"exdqlm_univar_synth","draw_114",1780,"2021-01-17","history","-0.537138190839775"
"exdqlm_univar_synth","draw_114",1780,"2021-01-18","history","-0.667206935222180"
"exdqlm_univar_synth","draw_114",1780,"2021-01-19","history","-0.612285394324301"
"exdqlm_univar_synth","draw_114",1780,"2021-01-20","history","-0.997028973522275"
"exdqlm_univar_synth","draw_114",1780,"2021-01-21","history","-0.551038761596610"
"exdqlm_univar_synth","draw_114",1780,"2021-01-22","history","-0.976646118046831"
"exdqlm_univar_synth","draw_114",1780,"2021-01-23","history","-0.285567581320860"
"exdqlm_univar_synth","draw_115",1795,"2021-01-05","history","-0.490092972099744"
"exdqlm_univar_synth","draw_115",1795,"2021-01-06","history","-0.850198838802018"
"exdqlm_univar_synth","draw_115",1795,"2021-01-07","history","-0.766135676087560"
"exdqlm_univar_synth","draw_115",1795,"2021-01-08","history","-0.720235308965722"
"exdqlm_univar_synth","draw_115",1795,"2021-01-09","history","-0.620571963047598"
"exdqlm_univar_synth","draw_115",1795,"2021-01-10","history","-0.619636535102629"
"exdqlm_univar_synth","draw_115",1795,"2021-01-11","history","-0.966893759958207"
"exdqlm_univar_synth","draw_115",1795,"2021-01-12","history","-0.613979354140454"
"exdqlm_univar_synth","draw_115",1795,"2021-01-13","history","-0.789504931195750"
"exdqlm_univar_synth","draw_115",1795,"2021-01-14","history","-0.764974155048497"
"exdqlm_univar_synth","draw_115",1795,"2021-01-15","history","-0.883587995479019"
"exdqlm_univar_synth","draw_115",1795,"2021-01-16","history","-0.616499501061797"
"exdqlm_univar_synth","draw_115",1795,"2021-01-17","history","-0.693827148928243"
"exdqlm_univar_synth","draw_115",1795,"2021-01-18","history","-0.994369459957479"
"exdqlm_univar_synth","draw_115",1795,"2021-01-19","history","-0.857977382529324"
"exdqlm_univar_synth","draw_115",1795,"2021-01-20","history","-0.681217058919233"
"exdqlm_univar_synth","draw_115",1795,"2021-01-21","history","-0.864335489128818"
"exdqlm_univar_synth","draw_115",1795,"2021-01-22","history","-1.14717985326335"
"exdqlm_univar_synth","draw_115",1795,"2021-01-23","history","-0.345622463402032"
"exdqlm_univar_synth","draw_116",1811,"2021-01-05","history","-0.666690783286675"
"exdqlm_univar_synth","draw_116",1811,"2021-01-06","history","-0.576079777151900"
"exdqlm_univar_synth","draw_116",1811,"2021-01-07","history","-0.537280189624223"
"exdqlm_univar_synth","draw_116",1811,"2021-01-08","history","-0.655100132236880"
"exdqlm_univar_synth","draw_116",1811,"2021-01-09","history","-0.629154744571696"
"exdqlm_univar_synth","draw_116",1811,"2021-01-10","history","-0.685935911679842"
"exdqlm_univar_synth","draw_116",1811,"2021-01-11","history","-0.436040825296279"
"exdqlm_univar_synth","draw_116",1811,"2021-01-12","history","-0.727053465789577"
"exdqlm_univar_synth","draw_116",1811,"2021-01-13","history","-0.701443543064250"
"exdqlm_univar_synth","draw_116",1811,"2021-01-14","history","-0.561398655375543"
"exdqlm_univar_synth","draw_116",1811,"2021-01-15","history","-0.431794792747004"
"exdqlm_univar_synth","draw_116",1811,"2021-01-16","history","-0.902995445274238"
"exdqlm_univar_synth","draw_116",1811,"2021-01-17","history","-0.613868492196155"
"exdqlm_univar_synth","draw_116",1811,"2021-01-18","history","-0.779071003272293"
"exdqlm_univar_synth","draw_116",1811,"2021-01-19","history","-0.723408360631471"
"exdqlm_univar_synth","draw_116",1811,"2021-01-20","history","-0.970692873017043"
"exdqlm_univar_synth","draw_116",1811,"2021-01-21","history","-0.666186728475825"
"exdqlm_univar_synth","draw_116",1811,"2021-01-22","history","-0.303679939600535"
"exdqlm_univar_synth","draw_116",1811,"2021-01-23","history","-0.0204746016810057"
"exdqlm_univar_synth","draw_117",1827,"2021-01-05","history","-0.604698886739265"
"exdqlm_univar_synth","draw_117",1827,"2021-01-06","history","-0.727936422919579"
"exdqlm_univar_synth","draw_117",1827,"2021-01-07","history","-0.693026983035470"
"exdqlm_univar_synth","draw_117",1827,"2021-01-08","history","-0.853253210147874"
"exdqlm_univar_synth","draw_117",1827,"2021-01-09","history","-0.485050867132836"
"exdqlm_univar_synth","draw_117",1827,"2021-01-10","history","-0.790319363986590"
"exdqlm_univar_synth","draw_117",1827,"2021-01-11","history","-0.480879585571588"
"exdqlm_univar_synth","draw_117",1827,"2021-01-12","history","-0.549940420895029"
"exdqlm_univar_synth","draw_117",1827,"2021-01-13","history","-0.298374815157618"
"exdqlm_univar_synth","draw_117",1827,"2021-01-14","history","-0.538449167393737"
"exdqlm_univar_synth","draw_117",1827,"2021-01-15","history","-0.849472589263355"
"exdqlm_univar_synth","draw_117",1827,"2021-01-16","history","-0.652929656833485"
"exdqlm_univar_synth","draw_117",1827,"2021-01-17","history","-0.951138859380247"
"exdqlm_univar_synth","draw_117",1827,"2021-01-18","history","-0.907613521692002"
"exdqlm_univar_synth","draw_117",1827,"2021-01-19","history","-0.854259730290396"
"exdqlm_univar_synth","draw_117",1827,"2021-01-20","history","-0.928240533283537"
"exdqlm_univar_synth","draw_117",1827,"2021-01-21","history","-0.850396029149406"
"exdqlm_univar_synth","draw_117",1827,"2021-01-22","history","-0.279541445587216"
"exdqlm_univar_synth","draw_117",1827,"2021-01-23","history","-0.204169084541485"
"exdqlm_univar_synth","draw_118",1843,"2021-01-05","history","-0.532398580333177"
"exdqlm_univar_synth","draw_118",1843,"2021-01-06","history","-0.681941431061851"
"exdqlm_univar_synth","draw_118",1843,"2021-01-07","history","-0.848874914917689"
"exdqlm_univar_synth","draw_118",1843,"2021-01-08","history","-0.903674076393690"
"exdqlm_univar_synth","draw_118",1843,"2021-01-09","history","-0.864260771760242"
"exdqlm_univar_synth","draw_118",1843,"2021-01-10","history","-0.616620607865564"
"exdqlm_univar_synth","draw_118",1843,"2021-01-11","history","-0.607802482170629"
"exdqlm_univar_synth","draw_118",1843,"2021-01-12","history","-0.836582155303596"
"exdqlm_univar_synth","draw_118",1843,"2021-01-13","history","-0.728295584617415"
"exdqlm_univar_synth","draw_118",1843,"2021-01-14","history","-0.766878451847382"
"exdqlm_univar_synth","draw_118",1843,"2021-01-15","history","-0.397987468800982"
"exdqlm_univar_synth","draw_118",1843,"2021-01-16","history","-0.563216372530369"
"exdqlm_univar_synth","draw_118",1843,"2021-01-17","history","-0.880147781907432"
"exdqlm_univar_synth","draw_118",1843,"2021-01-18","history","-0.971558775576418"
"exdqlm_univar_synth","draw_118",1843,"2021-01-19","history","-0.842854888473812"
"exdqlm_univar_synth","draw_118",1843,"2021-01-20","history","-0.601009785221873"
"exdqlm_univar_synth","draw_118",1843,"2021-01-21","history","-0.462751567026195"
"exdqlm_univar_synth","draw_118",1843,"2021-01-22","history","-0.954632142117415"
"exdqlm_univar_synth","draw_118",1843,"2021-01-23","history","-0.589600566123677"
"exdqlm_univar_synth","draw_119",1858,"2021-01-05","history","-0.333271684710922"
"exdqlm_univar_synth","draw_119",1858,"2021-01-06","history","-0.784262120234845"
"exdqlm_univar_synth","draw_119",1858,"2021-01-07","history","-0.747922152436062"
"exdqlm_univar_synth","draw_119",1858,"2021-01-08","history","-0.797408439261140"
"exdqlm_univar_synth","draw_119",1858,"2021-01-09","history","-0.644830083491260"
"exdqlm_univar_synth","draw_119",1858,"2021-01-10","history","-0.537069352317684"
"exdqlm_univar_synth","draw_119",1858,"2021-01-11","history","-0.449816683389327"
"exdqlm_univar_synth","draw_119",1858,"2021-01-12","history","-0.880842407974164"
"exdqlm_univar_synth","draw_119",1858,"2021-01-13","history","-0.582981608420488"
"exdqlm_univar_synth","draw_119",1858,"2021-01-14","history","-0.585527398270944"
"exdqlm_univar_synth","draw_119",1858,"2021-01-15","history","-0.865001494437519"
"exdqlm_univar_synth","draw_119",1858,"2021-01-16","history","-0.930497582716203"
"exdqlm_univar_synth","draw_119",1858,"2021-01-17","history","-0.668689447226672"
"exdqlm_univar_synth","draw_119",1858,"2021-01-18","history","-0.454030531923190"
"exdqlm_univar_synth","draw_119",1858,"2021-01-19","history","-0.837285949507592"
"exdqlm_univar_synth","draw_119",1858,"2021-01-20","history","-0.921104903891187"
"exdqlm_univar_synth","draw_119",1858,"2021-01-21","history","-0.662260341987867"
"exdqlm_univar_synth","draw_119",1858,"2021-01-22","history","-0.919901292076307"
"exdqlm_univar_synth","draw_119",1858,"2021-01-23","history","-0.644403149947676"
"exdqlm_univar_synth","draw_120",1874,"2021-01-05","history","-0.474046556244546"
"exdqlm_univar_synth","draw_120",1874,"2021-01-06","history","-0.839831122121655"
"exdqlm_univar_synth","draw_120",1874,"2021-01-07","history","-1.01956487423427"
"exdqlm_univar_synth","draw_120",1874,"2021-01-08","history","-0.973952182160376"
"exdqlm_univar_synth","draw_120",1874,"2021-01-09","history","-0.560845883469663"
"exdqlm_univar_synth","draw_120",1874,"2021-01-10","history","-0.607097667792951"
"exdqlm_univar_synth","draw_120",1874,"2021-01-11","history","-1.06652946489329"
"exdqlm_univar_synth","draw_120",1874,"2021-01-12","history","-0.793373125923850"
"exdqlm_univar_synth","draw_120",1874,"2021-01-13","history","-0.283265923926221"
"exdqlm_univar_synth","draw_120",1874,"2021-01-14","history","-0.445222484405958"
"exdqlm_univar_synth","draw_120",1874,"2021-01-15","history","-0.732926509495624"
"exdqlm_univar_synth","draw_120",1874,"2021-01-16","history","-0.581328066228007"
"exdqlm_univar_synth","draw_120",1874,"2021-01-17","history","-0.700506268866174"
"exdqlm_univar_synth","draw_120",1874,"2021-01-18","history","-0.554054360365875"
"exdqlm_univar_synth","draw_120",1874,"2021-01-19","history","-0.775371791934117"
"exdqlm_univar_synth","draw_120",1874,"2021-01-20","history","-1.10655088431515"
"exdqlm_univar_synth","draw_120",1874,"2021-01-21","history","-0.651417118546700"
"exdqlm_univar_synth","draw_120",1874,"2021-01-22","history","-1.03164298608976"
"exdqlm_univar_synth","draw_120",1874,"2021-01-23","history","-0.514809851894051"
"exdqlm_univar_synth","draw_121",1890,"2021-01-05","history","-0.208753712562678"
"exdqlm_univar_synth","draw_121",1890,"2021-01-06","history","-0.990665067384271"
"exdqlm_univar_synth","draw_121",1890,"2021-01-07","history","-0.682537783692983"
"exdqlm_univar_synth","draw_121",1890,"2021-01-08","history","-0.797299923081558"
"exdqlm_univar_synth","draw_121",1890,"2021-01-09","history","-0.791878863191277"
"exdqlm_univar_synth","draw_121",1890,"2021-01-10","history","-0.718152863906017"
"exdqlm_univar_synth","draw_121",1890,"2021-01-11","history","-0.579468564529059"
"exdqlm_univar_synth","draw_121",1890,"2021-01-12","history","-0.877456188623873"
"exdqlm_univar_synth","draw_121",1890,"2021-01-13","history","-0.628892736249700"
"exdqlm_univar_synth","draw_121",1890,"2021-01-14","history","-0.742006875935228"
"exdqlm_univar_synth","draw_121",1890,"2021-01-15","history","-0.804096218086130"
"exdqlm_univar_synth","draw_121",1890,"2021-01-16","history","-0.921213456499855"
"exdqlm_univar_synth","draw_121",1890,"2021-01-17","history","-0.751425118774181"
"exdqlm_univar_synth","draw_121",1890,"2021-01-18","history","-1.06709709173083"
"exdqlm_univar_synth","draw_121",1890,"2021-01-19","history","-0.725906419621913"
"exdqlm_univar_synth","draw_121",1890,"2021-01-20","history","-0.394587521295500"
"exdqlm_univar_synth","draw_121",1890,"2021-01-21","history","-0.894817695874237"
"exdqlm_univar_synth","draw_121",1890,"2021-01-22","history","-0.815701641101976"
"exdqlm_univar_synth","draw_121",1890,"2021-01-23","history","-0.512231329026327"
"exdqlm_univar_synth","draw_122",1906,"2021-01-05","history","-0.718197019754409"
"exdqlm_univar_synth","draw_122",1906,"2021-01-06","history","-0.838567050837539"
"exdqlm_univar_synth","draw_122",1906,"2021-01-07","history","-0.794921904221965"
"exdqlm_univar_synth","draw_122",1906,"2021-01-08","history","-0.408856038871762"
"exdqlm_univar_synth","draw_122",1906,"2021-01-09","history","-0.353186986016803"
"exdqlm_univar_synth","draw_122",1906,"2021-01-10","history","-0.435573974779813"
"exdqlm_univar_synth","draw_122",1906,"2021-01-11","history","-0.416542647569485"
"exdqlm_univar_synth","draw_122",1906,"2021-01-12","history","-0.713903748880896"
"exdqlm_univar_synth","draw_122",1906,"2021-01-13","history","-0.717506395148707"
"exdqlm_univar_synth","draw_122",1906,"2021-01-14","history","-0.631703860314292"
"exdqlm_univar_synth","draw_122",1906,"2021-01-15","history","-0.612262560079618"
"exdqlm_univar_synth","draw_122",1906,"2021-01-16","history","-0.965687769832499"
"exdqlm_univar_synth","draw_122",1906,"2021-01-17","history","-0.552397722400412"
"exdqlm_univar_synth","draw_122",1906,"2021-01-18","history","-0.924911241137954"
"exdqlm_univar_synth","draw_122",1906,"2021-01-19","history","-0.457967518892056"
"exdqlm_univar_synth","draw_122",1906,"2021-01-20","history","-0.413317124717174"
"exdqlm_univar_synth","draw_122",1906,"2021-01-21","history","-0.534408380240347"
"exdqlm_univar_synth","draw_122",1906,"2021-01-22","history","-0.243381384024162"
"exdqlm_univar_synth","draw_122",1906,"2021-01-23","history","-0.351672208206836"
"exdqlm_univar_synth","draw_123",1921,"2021-01-05","history","-0.655806199918087"
"exdqlm_univar_synth","draw_123",1921,"2021-01-06","history","-0.539731656665906"
"exdqlm_univar_synth","draw_123",1921,"2021-01-07","history","-0.538648112449589"
"exdqlm_univar_synth","draw_123",1921,"2021-01-08","history","-1.00275079929726"
"exdqlm_univar_synth","draw_123",1921,"2021-01-09","history","-0.729632756400360"
"exdqlm_univar_synth","draw_123",1921,"2021-01-10","history","-0.578132981686011"
"exdqlm_univar_synth","draw_123",1921,"2021-01-11","history","-0.840143570738880"
"exdqlm_univar_synth","draw_123",1921,"2021-01-12","history","-1.05662847542322"
"exdqlm_univar_synth","draw_123",1921,"2021-01-13","history","-0.662777341436683"
"exdqlm_univar_synth","draw_123",1921,"2021-01-14","history","-0.684745497530971"
"exdqlm_univar_synth","draw_123",1921,"2021-01-15","history","-0.950594297030575"
"exdqlm_univar_synth","draw_123",1921,"2021-01-16","history","-0.474657073656539"
"exdqlm_univar_synth","draw_123",1921,"2021-01-17","history","-0.946765288781161"
"exdqlm_univar_synth","draw_123",1921,"2021-01-18","history","-0.894343782658399"
"exdqlm_univar_synth","draw_123",1921,"2021-01-19","history","-0.579603160472874"
"exdqlm_univar_synth","draw_123",1921,"2021-01-20","history","-0.820948171018928"
"exdqlm_univar_synth","draw_123",1921,"2021-01-21","history","-0.530229786334373"
"exdqlm_univar_synth","draw_123",1921,"2021-01-22","history","-0.350791683638807"
"exdqlm_univar_synth","draw_123",1921,"2021-01-23","history","-0.222450321312055"
"exdqlm_univar_synth","draw_124",1937,"2021-01-05","history","0.128571708829167"
"exdqlm_univar_synth","draw_124",1937,"2021-01-06","history","-0.485085043676885"
"exdqlm_univar_synth","draw_124",1937,"2021-01-07","history","-0.738929127210096"
"exdqlm_univar_synth","draw_124",1937,"2021-01-08","history","-0.455881538426416"
"exdqlm_univar_synth","draw_124",1937,"2021-01-09","history","-0.811595645592592"
"exdqlm_univar_synth","draw_124",1937,"2021-01-10","history","-0.619800066194314"
"exdqlm_univar_synth","draw_124",1937,"2021-01-11","history","-0.890095191742562"
"exdqlm_univar_synth","draw_124",1937,"2021-01-12","history","-0.901740115850819"
"exdqlm_univar_synth","draw_124",1937,"2021-01-13","history","-0.449138801772721"
"exdqlm_univar_synth","draw_124",1937,"2021-01-14","history","-0.965187374457618"
"exdqlm_univar_synth","draw_124",1937,"2021-01-15","history","-0.845624315085588"
"exdqlm_univar_synth","draw_124",1937,"2021-01-16","history","-0.659522429876773"
"exdqlm_univar_synth","draw_124",1937,"2021-01-17","history","-0.680556114022416"
"exdqlm_univar_synth","draw_124",1937,"2021-01-18","history","-0.642099899929853"
"exdqlm_univar_synth","draw_124",1937,"2021-01-19","history","-0.788003602540243"
"exdqlm_univar_synth","draw_124",1937,"2021-01-20","history","-0.841442783860681"
"exdqlm_univar_synth","draw_124",1937,"2021-01-21","history","-0.587913019590750"
"exdqlm_univar_synth","draw_124",1937,"2021-01-22","history","-0.630867376296485"
"exdqlm_univar_synth","draw_124",1937,"2021-01-23","history","-0.541001051628032"
"exdqlm_univar_synth","draw_125",1953,"2021-01-05","history","-0.304616834195501"
"exdqlm_univar_synth","draw_125",1953,"2021-01-06","history","-0.870271469016549"
"exdqlm_univar_synth","draw_125",1953,"2021-01-07","history","-0.860654949724246"
"exdqlm_univar_synth","draw_125",1953,"2021-01-08","history","-0.838458751973296"
"exdqlm_univar_synth","draw_125",1953,"2021-01-09","history","-0.983544905413174"
"exdqlm_univar_synth","draw_125",1953,"2021-01-10","history","-0.524895025201374"
"exdqlm_univar_synth","draw_125",1953,"2021-01-11","history","-0.956272018958563"
"exdqlm_univar_synth","draw_125",1953,"2021-01-12","history","-0.899344938183704"
"exdqlm_univar_synth","draw_125",1953,"2021-01-13","history","-0.926536286275463"
"exdqlm_univar_synth","draw_125",1953,"2021-01-14","history","-0.359407350195500"
"exdqlm_univar_synth","draw_125",1953,"2021-01-15","history","-0.999420194223308"
"exdqlm_univar_synth","draw_125",1953,"2021-01-16","history","-0.598383277156331"
"exdqlm_univar_synth","draw_125",1953,"2021-01-17","history","-0.596826174061822"
"exdqlm_univar_synth","draw_125",1953,"2021-01-18","history","-0.659767744432279"
"exdqlm_univar_synth","draw_125",1953,"2021-01-19","history","-1.17747874980975"
"exdqlm_univar_synth","draw_125",1953,"2021-01-20","history","-1.07653709358428"
"exdqlm_univar_synth","draw_125",1953,"2021-01-21","history","-0.980290109242095"
"exdqlm_univar_synth","draw_125",1953,"2021-01-22","history","-0.575132805762945"
"exdqlm_univar_synth","draw_125",1953,"2021-01-23","history","-0.552181805884208"
"exdqlm_univar_synth","draw_126",1969,"2021-01-05","history","0.0164324615615137"
"exdqlm_univar_synth","draw_126",1969,"2021-01-06","history","-0.735959366492510"
"exdqlm_univar_synth","draw_126",1969,"2021-01-07","history","-0.727824561417351"
"exdqlm_univar_synth","draw_126",1969,"2021-01-08","history","-0.760364540879428"
"exdqlm_univar_synth","draw_126",1969,"2021-01-09","history","-0.732638267918745"
"exdqlm_univar_synth","draw_126",1969,"2021-01-10","history","-0.560699475620211"
"exdqlm_univar_synth","draw_126",1969,"2021-01-11","history","-0.577026994893095"
"exdqlm_univar_synth","draw_126",1969,"2021-01-12","history","-0.568950432713456"
"exdqlm_univar_synth","draw_126",1969,"2021-01-13","history","-0.888123779297527"
"exdqlm_univar_synth","draw_126",1969,"2021-01-14","history","-0.652118216143320"
"exdqlm_univar_synth","draw_126",1969,"2021-01-15","history","-0.957387180432870"
"exdqlm_univar_synth","draw_126",1969,"2021-01-16","history","-0.514826775608664"
"exdqlm_univar_synth","draw_126",1969,"2021-01-17","history","-0.589103485361860"
"exdqlm_univar_synth","draw_126",1969,"2021-01-18","history","-0.678139462874028"
"exdqlm_univar_synth","draw_126",1969,"2021-01-19","history","-0.621603044297893"
"exdqlm_univar_synth","draw_126",1969,"2021-01-20","history","-1.02754372694642"
"exdqlm_univar_synth","draw_126",1969,"2021-01-21","history","-0.895045385368286"
"exdqlm_univar_synth","draw_126",1969,"2021-01-22","history","-0.850802792475388"
"exdqlm_univar_synth","draw_126",1969,"2021-01-23","history","-0.236767585622547"
"exdqlm_univar_synth","draw_127",1984,"2021-01-05","history","-0.337965839516823"
"exdqlm_univar_synth","draw_127",1984,"2021-01-06","history","-0.646968663590726"
"exdqlm_univar_synth","draw_127",1984,"2021-01-07","history","-0.392022301539070"
"exdqlm_univar_synth","draw_127",1984,"2021-01-08","history","-0.868062016641052"
"exdqlm_univar_synth","draw_127",1984,"2021-01-09","history","-0.842130292857430"
"exdqlm_univar_synth","draw_127",1984,"2021-01-10","history","-0.397896436685945"
"exdqlm_univar_synth","draw_127",1984,"2021-01-11","history","-0.731592017798742"
"exdqlm_univar_synth","draw_127",1984,"2021-01-12","history","-0.671866267852027"
"exdqlm_univar_synth","draw_127",1984,"2021-01-13","history","-0.793618899068319"
"exdqlm_univar_synth","draw_127",1984,"2021-01-14","history","-0.979174250917192"
"exdqlm_univar_synth","draw_127",1984,"2021-01-15","history","-0.587783484395251"
"exdqlm_univar_synth","draw_127",1984,"2021-01-16","history","-0.674886003099163"
"exdqlm_univar_synth","draw_127",1984,"2021-01-17","history","-0.620965441635860"
"exdqlm_univar_synth","draw_127",1984,"2021-01-18","history","-0.824712405371683"
"exdqlm_univar_synth","draw_127",1984,"2021-01-19","history","-1.14386190818879"
"exdqlm_univar_synth","draw_127",1984,"2021-01-20","history","-0.762792927164337"
"exdqlm_univar_synth","draw_127",1984,"2021-01-21","history","-1.00498450547934"
"exdqlm_univar_synth","draw_127",1984,"2021-01-22","history","-0.851013742607941"
"exdqlm_univar_synth","draw_127",1984,"2021-01-23","history","-0.219576309026708"
"exdqlm_univar_synth","draw_128",2000,"2021-01-05","history","-0.416158455061188"
"exdqlm_univar_synth","draw_128",2000,"2021-01-06","history","-0.496786452222295"
"exdqlm_univar_synth","draw_128",2000,"2021-01-07","history","-0.708559676700509"
"exdqlm_univar_synth","draw_128",2000,"2021-01-08","history","-0.866066254283918"
"exdqlm_univar_synth","draw_128",2000,"2021-01-09","history","-0.810239334689998"
"exdqlm_univar_synth","draw_128",2000,"2021-01-10","history","-0.940607381950529"
"exdqlm_univar_synth","draw_128",2000,"2021-01-11","history","-0.862865289931487"
"exdqlm_univar_synth","draw_128",2000,"2021-01-12","history","-0.694037916331411"
"exdqlm_univar_synth","draw_128",2000,"2021-01-13","history","-0.888706489803431"
"exdqlm_univar_synth","draw_128",2000,"2021-01-14","history","-0.631247046288357"
"exdqlm_univar_synth","draw_128",2000,"2021-01-15","history","-0.628997042479387"
"exdqlm_univar_synth","draw_128",2000,"2021-01-16","history","-1.04352047016627"
"exdqlm_univar_synth","draw_128",2000,"2021-01-17","history","-0.778865589343546"
"exdqlm_univar_synth","draw_128",2000,"2021-01-18","history","-0.624604419557899"
"exdqlm_univar_synth","draw_128",2000,"2021-01-19","history","-0.873826300839346"
"exdqlm_univar_synth","draw_128",2000,"2021-01-20","history","-0.710812434370187"
"exdqlm_univar_synth","draw_128",2000,"2021-01-21","history","-1.03617402315637"
"exdqlm_univar_synth","draw_128",2000,"2021-01-22","history","-0.582828770505102"
"exdqlm_univar_synth","draw_128",2000,"2021-01-23","history","-0.0544554682197441"
"exdqlm_univar_synth","draw_001",1,"2021-01-24","forecast","-0.711150175722584"
"exdqlm_univar_synth","draw_001",1,"2021-01-25","forecast","-0.867590877686283"
"exdqlm_univar_synth","draw_001",1,"2021-01-26","forecast","-0.997327585888195"
"exdqlm_univar_synth","draw_001",1,"2021-01-27","forecast","-0.0184258311917077"
"exdqlm_univar_synth","draw_001",1,"2021-01-28","forecast","1.07265922975789"
"exdqlm_univar_synth","draw_001",1,"2021-01-29","forecast","1.18355045103776"
"exdqlm_univar_synth","draw_001",1,"2021-01-30","forecast","-0.196996336369336"
"exdqlm_univar_synth","draw_001",1,"2021-01-31","forecast","-0.750377112080603"
"exdqlm_univar_synth","draw_001",1,"2021-02-01","forecast","-0.952894451322769"
"exdqlm_univar_synth","draw_001",1,"2021-02-02","forecast","-1.12090330026529"
"exdqlm_univar_synth","draw_001",1,"2021-02-03","forecast","-0.687655115560223"
"exdqlm_univar_synth","draw_001",1,"2021-02-04","forecast","-0.716529756229763"
"exdqlm_univar_synth","draw_001",1,"2021-02-05","forecast","-0.650493857926890"
"exdqlm_univar_synth","draw_001",1,"2021-02-06","forecast","-1.08856317042207"
"exdqlm_univar_synth","draw_001",1,"2021-02-07","forecast","-1.26473971570492"
"exdqlm_univar_synth","draw_001",1,"2021-02-08","forecast","-1.10606586008662"
"exdqlm_univar_synth","draw_001",1,"2021-02-09","forecast","-1.21182939863430"
"exdqlm_univar_synth","draw_001",1,"2021-02-10","forecast","-0.560528444937526"
"exdqlm_univar_synth","draw_001",1,"2021-02-11","forecast","-0.636945724107458"
"exdqlm_univar_synth","draw_001",1,"2021-02-12","forecast","-1.04214461201912"
"exdqlm_univar_synth","draw_001",1,"2021-02-13","forecast","-0.948823346940774"
"exdqlm_univar_synth","draw_001",1,"2021-02-14","forecast","-0.668289525304654"
"exdqlm_univar_synth","draw_001",1,"2021-02-15","forecast","-0.631295772511253"
"exdqlm_univar_synth","draw_001",1,"2021-02-16","forecast","-0.909127746190486"
"exdqlm_univar_synth","draw_001",1,"2021-02-17","forecast","-0.873935179435360"
"exdqlm_univar_synth","draw_001",1,"2021-02-18","forecast","-1.31220450709581"
"exdqlm_univar_synth","draw_001",1,"2021-02-19","forecast","-0.892166454380040"
"exdqlm_univar_synth","draw_001",1,"2021-02-20","forecast","-1.43544965883988"
"exdqlm_univar_synth","draw_002",17,"2021-01-24","forecast","-0.954533104387804"
"exdqlm_univar_synth","draw_002",17,"2021-01-25","forecast","-1.05604069932949"
"exdqlm_univar_synth","draw_002",17,"2021-01-26","forecast","-0.568733772827435"
"exdqlm_univar_synth","draw_002",17,"2021-01-27","forecast","0.943249583680471"
"exdqlm_univar_synth","draw_002",17,"2021-01-28","forecast","0.853108917390039"
"exdqlm_univar_synth","draw_002",17,"2021-01-29","forecast","0.583327805906474"
"exdqlm_univar_synth","draw_002",17,"2021-01-30","forecast","-0.349660083589111"
"exdqlm_univar_synth","draw_002",17,"2021-01-31","forecast","-0.390906178671952"
"exdqlm_univar_synth","draw_002",17,"2021-02-01","forecast","-0.769459768785032"
"exdqlm_univar_synth","draw_002",17,"2021-02-02","forecast","-0.558413062080420"
"exdqlm_univar_synth","draw_002",17,"2021-02-03","forecast","-0.685791710200375"
"exdqlm_univar_synth","draw_002",17,"2021-02-04","forecast","-1.22561956523392"
"exdqlm_univar_synth","draw_002",17,"2021-02-05","forecast","-0.652495162114114"
"exdqlm_univar_synth","draw_002",17,"2021-02-06","forecast","-0.916844812046999"
"exdqlm_univar_synth","draw_002",17,"2021-02-07","forecast","-0.994856547643647"
"exdqlm_univar_synth","draw_002",17,"2021-02-08","forecast","-1.09097666339650"
"exdqlm_univar_synth","draw_002",17,"2021-02-09","forecast","-0.992654547766385"
"exdqlm_univar_synth","draw_002",17,"2021-02-10","forecast","-0.554376724643575"
"exdqlm_univar_synth","draw_002",17,"2021-02-11","forecast","-0.650982681840908"
"exdqlm_univar_synth","draw_002",17,"2021-02-12","forecast","-1.05085273201506"
"exdqlm_univar_synth","draw_002",17,"2021-02-13","forecast","-1.08035311847459"
"exdqlm_univar_synth","draw_002",17,"2021-02-14","forecast","-0.608277226310959"
"exdqlm_univar_synth","draw_002",17,"2021-02-15","forecast","-1.01628525724533"
"exdqlm_univar_synth","draw_002",17,"2021-02-16","forecast","-0.664798174117943"
"exdqlm_univar_synth","draw_002",17,"2021-02-17","forecast","-1.17275689041807"
"exdqlm_univar_synth","draw_002",17,"2021-02-18","forecast","-0.827879862272425"
"exdqlm_univar_synth","draw_002",17,"2021-02-19","forecast","-1.35810143354155"
"exdqlm_univar_synth","draw_002",17,"2021-02-20","forecast","-1.35267795189004"
"exdqlm_univar_synth","draw_003",32,"2021-01-24","forecast","-0.938954943514035"
"exdqlm_univar_synth","draw_003",32,"2021-01-25","forecast","-0.342511428643629"
"exdqlm_univar_synth","draw_003",32,"2021-01-26","forecast","-0.495640332798805"
"exdqlm_univar_synth","draw_003",32,"2021-01-27","forecast","0.312886178185166"
"exdqlm_univar_synth","draw_003",32,"2021-01-28","forecast","0.913682426466510"
"exdqlm_univar_synth","draw_003",32,"2021-01-29","forecast","0.912896042502543"
"exdqlm_univar_synth","draw_003",32,"2021-01-30","forecast","-0.197970383463513"
"exdqlm_univar_synth","draw_003",32,"2021-01-31","forecast","-0.542864248641793"
"exdqlm_univar_synth","draw_003",32,"2021-02-01","forecast","-0.754046216109210"
"exdqlm_univar_synth","draw_003",32,"2021-02-02","forecast","-0.545905073503341"
"exdqlm_univar_synth","draw_003",32,"2021-02-03","forecast","-0.606054902502282"
"exdqlm_univar_synth","draw_003",32,"2021-02-04","forecast","-0.715947922664735"
"exdqlm_univar_synth","draw_003",32,"2021-02-05","forecast","-0.792767614426852"
"exdqlm_univar_synth","draw_003",32,"2021-02-06","forecast","-1.17739767075693"
"exdqlm_univar_synth","draw_003",32,"2021-02-07","forecast","-1.14365784007772"
"exdqlm_univar_synth","draw_003",32,"2021-02-08","forecast","-1.29314745449450"
"exdqlm_univar_synth","draw_003",32,"2021-02-09","forecast","-0.989814605051362"
"exdqlm_univar_synth","draw_003",32,"2021-02-10","forecast","-0.549550529406881"
"exdqlm_univar_synth","draw_003",32,"2021-02-11","forecast","-0.635427825724076"
"exdqlm_univar_synth","draw_003",32,"2021-02-12","forecast","-1.30573315991178"
"exdqlm_univar_synth","draw_003",32,"2021-02-13","forecast","-0.856906491037656"
"exdqlm_univar_synth","draw_003",32,"2021-02-14","forecast","-0.876393590742595"
"exdqlm_univar_synth","draw_003",32,"2021-02-15","forecast","-0.628077874818257"
"exdqlm_univar_synth","draw_003",32,"2021-02-16","forecast","-0.581651994596762"
"exdqlm_univar_synth","draw_003",32,"2021-02-17","forecast","-1.35225155030575"
"exdqlm_univar_synth","draw_003",32,"2021-02-18","forecast","-0.828600328379232"
"exdqlm_univar_synth","draw_003",32,"2021-02-19","forecast","-1.10652367303787"
"exdqlm_univar_synth","draw_003",32,"2021-02-20","forecast","-0.823454160342092"
"exdqlm_univar_synth","draw_004",48,"2021-01-24","forecast","-0.825027646560520"
"exdqlm_univar_synth","draw_004",48,"2021-01-25","forecast","-0.594769333044348"
"exdqlm_univar_synth","draw_004",48,"2021-01-26","forecast","-0.687828523319487"
"exdqlm_univar_synth","draw_004",48,"2021-01-27","forecast","0.225048954090544"
"exdqlm_univar_synth","draw_004",48,"2021-01-28","forecast","0.174116249012067"
"exdqlm_univar_synth","draw_004",48,"2021-01-29","forecast","0.165936561011931"
"exdqlm_univar_synth","draw_004",48,"2021-01-30","forecast","-0.195244824118038"
"exdqlm_univar_synth","draw_004",48,"2021-01-31","forecast","-0.395460752339947"
"exdqlm_univar_synth","draw_004",48,"2021-02-01","forecast","-0.753640623580849"
"exdqlm_univar_synth","draw_004",48,"2021-02-02","forecast","-0.755564724569367"
"exdqlm_univar_synth","draw_004",48,"2021-02-03","forecast","-0.664701365260969"
"exdqlm_univar_synth","draw_004",48,"2021-02-04","forecast","-0.968749013090451"
"exdqlm_univar_synth","draw_004",48,"2021-02-05","forecast","-0.648072845917354"
"exdqlm_univar_synth","draw_004",48,"2021-02-06","forecast","-1.13618598767657"
"exdqlm_univar_synth","draw_004",48,"2021-02-07","forecast","-1.34134645923045"
"exdqlm_univar_synth","draw_004",48,"2021-02-08","forecast","-0.804113106094406"
"exdqlm_univar_synth","draw_004",48,"2021-02-09","forecast","-0.990834442312142"
"exdqlm_univar_synth","draw_004",48,"2021-02-10","forecast","-0.564897267668328"
"exdqlm_univar_synth","draw_004",48,"2021-02-11","forecast","-1.15252787839191"
"exdqlm_univar_synth","draw_004",48,"2021-02-12","forecast","-0.725960660865712"
"exdqlm_univar_synth","draw_004",48,"2021-02-13","forecast","-1.07546577798998"
"exdqlm_univar_synth","draw_004",48,"2021-02-14","forecast","-1.17616447211645"
"exdqlm_univar_synth","draw_004",48,"2021-02-15","forecast","-0.569103293442611"
"exdqlm_univar_synth","draw_004",48,"2021-02-16","forecast","-0.580115117953088"
"exdqlm_univar_synth","draw_004",48,"2021-02-17","forecast","-0.815928099507906"
"exdqlm_univar_synth","draw_004",48,"2021-02-18","forecast","-0.825791852842869"
"exdqlm_univar_synth","draw_004",48,"2021-02-19","forecast","-0.897225961593932"
"exdqlm_univar_synth","draw_004",48,"2021-02-20","forecast","-0.823161105432206"
"exdqlm_univar_synth","draw_005",64,"2021-01-24","forecast","-0.726914944892029"
"exdqlm_univar_synth","draw_005",64,"2021-01-25","forecast","-0.432941749571276"
"exdqlm_univar_synth","draw_005",64,"2021-01-26","forecast","-1.00974378381249"
"exdqlm_univar_synth","draw_005",64,"2021-01-27","forecast","0.281319236584587"
"exdqlm_univar_synth","draw_005",64,"2021-01-28","forecast","0.857973060219421"
"exdqlm_univar_synth","draw_005",64,"2021-01-29","forecast","0.146833583021880"
"exdqlm_univar_synth","draw_005",64,"2021-01-30","forecast","-0.198103985749253"
"exdqlm_univar_synth","draw_005",64,"2021-01-31","forecast","-0.377076470229116"
"exdqlm_univar_synth","draw_005",64,"2021-02-01","forecast","-1.00754956795869"
"exdqlm_univar_synth","draw_005",64,"2021-02-02","forecast","-0.545722998682439"
"exdqlm_univar_synth","draw_005",64,"2021-02-03","forecast","-0.690762509786378"
"exdqlm_univar_synth","draw_005",64,"2021-02-04","forecast","-1.02373520593482"
"exdqlm_univar_synth","draw_005",64,"2021-02-05","forecast","-0.650802830623555"
"exdqlm_univar_synth","draw_005",64,"2021-02-06","forecast","-0.914417644182035"
"exdqlm_univar_synth","draw_005",64,"2021-02-07","forecast","-0.993487333881284"
"exdqlm_univar_synth","draw_005",64,"2021-02-08","forecast","-0.701279879475911"
"exdqlm_univar_synth","draw_005",64,"2021-02-09","forecast","-1.02891388859057"
"exdqlm_univar_synth","draw_005",64,"2021-02-10","forecast","-0.557079526699921"
"exdqlm_univar_synth","draw_005",64,"2021-02-11","forecast","-0.638773775285282"
"exdqlm_univar_synth","draw_005",64,"2021-02-12","forecast","-0.723836041746706"
"exdqlm_univar_synth","draw_005",64,"2021-02-13","forecast","-0.856903118691643"
"exdqlm_univar_synth","draw_005",64,"2021-02-14","forecast","-0.669048720497624"
"exdqlm_univar_synth","draw_005",64,"2021-02-15","forecast","-0.629754507829274"
"exdqlm_univar_synth","draw_005",64,"2021-02-16","forecast","-1.03253751553270"
"exdqlm_univar_synth","draw_005",64,"2021-02-17","forecast","-1.57694926567426"
"exdqlm_univar_synth","draw_005",64,"2021-02-18","forecast","-1.10624736302128"
"exdqlm_univar_synth","draw_005",64,"2021-02-19","forecast","-0.896736366176040"
"exdqlm_univar_synth","draw_005",64,"2021-02-20","forecast","-0.821263437643189"
"exdqlm_univar_synth","draw_006",80,"2021-01-24","forecast","-0.652760349881294"
"exdqlm_univar_synth","draw_006",80,"2021-01-25","forecast","-1.08450304802340"
"exdqlm_univar_synth","draw_006",80,"2021-01-26","forecast","-0.878717300509185"
"exdqlm_univar_synth","draw_006",80,"2021-01-27","forecast","0.598564145105807"
"exdqlm_univar_synth","draw_006",80,"2021-01-28","forecast","0.481537816216512"
"exdqlm_univar_synth","draw_006",80,"2021-01-29","forecast","0.345529060883753"
"exdqlm_univar_synth","draw_006",80,"2021-01-30","forecast","-0.194225840806172"
"exdqlm_univar_synth","draw_006",80,"2021-01-31","forecast","-0.626033585155562"
"exdqlm_univar_synth","draw_006",80,"2021-02-01","forecast","-0.674418633637547"
"exdqlm_univar_synth","draw_006",80,"2021-02-02","forecast","-0.981105230769560"
"exdqlm_univar_synth","draw_006",80,"2021-02-03","forecast","-0.557165615146955"
"exdqlm_univar_synth","draw_006",80,"2021-02-04","forecast","-0.714320393367967"
"exdqlm_univar_synth","draw_006",80,"2021-02-05","forecast","-0.657967168139323"
"exdqlm_univar_synth","draw_006",80,"2021-02-06","forecast","-1.18793200730549"
"exdqlm_univar_synth","draw_006",80,"2021-02-07","forecast","-0.986707642756578"
"exdqlm_univar_synth","draw_006",80,"2021-02-08","forecast","-1.08038669187118"
"exdqlm_univar_synth","draw_006",80,"2021-02-09","forecast","-1.13677981746224"
"exdqlm_univar_synth","draw_006",80,"2021-02-10","forecast","-0.319488571783532"
"exdqlm_univar_synth","draw_006",80,"2021-02-11","forecast","-0.634999978641858"
"exdqlm_univar_synth","draw_006",80,"2021-02-12","forecast","-0.782130740859659"
"exdqlm_univar_synth","draw_006",80,"2021-02-13","forecast","-0.852416860955105"
"exdqlm_univar_synth","draw_006",80,"2021-02-14","forecast","-0.669092030217815"
"exdqlm_univar_synth","draw_006",80,"2021-02-15","forecast","-0.632369732614296"
"exdqlm_univar_synth","draw_006",80,"2021-02-16","forecast","-0.426160450916710"
"exdqlm_univar_synth","draw_006",80,"2021-02-17","forecast","-1.12383097874315"
"exdqlm_univar_synth","draw_006",80,"2021-02-18","forecast","-0.824757521198526"
"exdqlm_univar_synth","draw_006",80,"2021-02-19","forecast","-0.892889781918431"
"exdqlm_univar_synth","draw_006",80,"2021-02-20","forecast","-0.822038520256365"
"exdqlm_univar_synth","draw_007",95,"2021-01-24","forecast","-0.981696556083137"
"exdqlm_univar_synth","draw_007",95,"2021-01-25","forecast","-0.546801068635009"
"exdqlm_univar_synth","draw_007",95,"2021-01-26","forecast","-0.899575279697965"
"exdqlm_univar_synth","draw_007",95,"2021-01-27","forecast","-0.187121110979464"
"exdqlm_univar_synth","draw_007",95,"2021-01-28","forecast","0.512871342955239"
"exdqlm_univar_synth","draw_007",95,"2021-01-29","forecast","0.979486173218992"
"exdqlm_univar_synth","draw_007",95,"2021-01-30","forecast","-0.0864580402597490"
"exdqlm_univar_synth","draw_007",95,"2021-01-31","forecast","-0.657507043091730"
"exdqlm_univar_synth","draw_007",95,"2021-02-01","forecast","-0.813584836537695"
"exdqlm_univar_synth","draw_007",95,"2021-02-02","forecast","-0.722651956700572"
"exdqlm_univar_synth","draw_007",95,"2021-02-03","forecast","-1.03119281949219"
"exdqlm_univar_synth","draw_007",95,"2021-02-04","forecast","-0.987357298968022"
"exdqlm_univar_synth","draw_007",95,"2021-02-05","forecast","-0.921797959032441"
"exdqlm_univar_synth","draw_007",95,"2021-02-06","forecast","-0.914318151742821"
"exdqlm_univar_synth","draw_007",95,"2021-02-07","forecast","-1.00185716214704"
"exdqlm_univar_synth","draw_007",95,"2021-02-08","forecast","-1.12316897593580"
"exdqlm_univar_synth","draw_007",95,"2021-02-09","forecast","-1.00278710103644"
"exdqlm_univar_synth","draw_007",95,"2021-02-10","forecast","-0.818109109080529"
"exdqlm_univar_synth","draw_007",95,"2021-02-11","forecast","-0.408816664248992"
"exdqlm_univar_synth","draw_007",95,"2021-02-12","forecast","-0.754736029500633"
"exdqlm_univar_synth","draw_007",95,"2021-02-13","forecast","-1.02675722238843"
"exdqlm_univar_synth","draw_007",95,"2021-02-14","forecast","-0.666690635761460"
"exdqlm_univar_synth","draw_007",95,"2021-02-15","forecast","-0.867336646050999"
"exdqlm_univar_synth","draw_007",95,"2021-02-16","forecast","-0.583741862166805"
"exdqlm_univar_synth","draw_007",95,"2021-02-17","forecast","-0.874269808723244"
"exdqlm_univar_synth","draw_007",95,"2021-02-18","forecast","-1.05685596499199"
"exdqlm_univar_synth","draw_007",95,"2021-02-19","forecast","-1.11395554852830"
"exdqlm_univar_synth","draw_007",95,"2021-02-20","forecast","-0.829316427131945"
"exdqlm_univar_synth","draw_008",111,"2021-01-24","forecast","-0.630249017172714"
"exdqlm_univar_synth","draw_008",111,"2021-01-25","forecast","-0.391884285720951"
"exdqlm_univar_synth","draw_008",111,"2021-01-26","forecast","-0.529913212577192"
"exdqlm_univar_synth","draw_008",111,"2021-01-27","forecast","0.120082498626018"
"exdqlm_univar_synth","draw_008",111,"2021-01-28","forecast","0.407020168693521"
"exdqlm_univar_synth","draw_008",111,"2021-01-29","forecast","0.194155895872392"
"exdqlm_univar_synth","draw_008",111,"2021-01-30","forecast","-0.198400045565503"
"exdqlm_univar_synth","draw_008",111,"2021-01-31","forecast","-0.594674577624898"
"exdqlm_univar_synth","draw_008",111,"2021-02-01","forecast","-1.08382468951411"
"exdqlm_univar_synth","draw_008",111,"2021-02-02","forecast","-0.893391883571440"
"exdqlm_univar_synth","draw_008",111,"2021-02-03","forecast","-0.688025937535544"
"exdqlm_univar_synth","draw_008",111,"2021-02-04","forecast","-0.873365307263872"
"exdqlm_univar_synth","draw_008",111,"2021-02-05","forecast","-0.538407643368953"
"exdqlm_univar_synth","draw_008",111,"2021-02-06","forecast","-1.20485920463646"
"exdqlm_univar_synth","draw_008",111,"2021-02-07","forecast","-0.992397171208646"
"exdqlm_univar_synth","draw_008",111,"2021-02-08","forecast","-0.747780406080601"
"exdqlm_univar_synth","draw_008",111,"2021-02-09","forecast","-1.30894846534363"
"exdqlm_univar_synth","draw_008",111,"2021-02-10","forecast","-0.558686084684680"
"exdqlm_univar_synth","draw_008",111,"2021-02-11","forecast","-0.636355391624377"
"exdqlm_univar_synth","draw_008",111,"2021-02-12","forecast","-0.870623183419471"
"exdqlm_univar_synth","draw_008",111,"2021-02-13","forecast","-1.06820410321089"
"exdqlm_univar_synth","draw_008",111,"2021-02-14","forecast","-1.39961715128837"
"exdqlm_univar_synth","draw_008",111,"2021-02-15","forecast","-0.935390246592211"
"exdqlm_univar_synth","draw_008",111,"2021-02-16","forecast","-0.583394254945850"
"exdqlm_univar_synth","draw_008",111,"2021-02-17","forecast","-0.872799231806817"
"exdqlm_univar_synth","draw_008",111,"2021-02-18","forecast","-0.995105589812886"
"exdqlm_univar_synth","draw_008",111,"2021-02-19","forecast","-0.933427056957377"
"exdqlm_univar_synth","draw_008",111,"2021-02-20","forecast","-0.818318718802368"
"exdqlm_univar_synth","draw_009",127,"2021-01-24","forecast","-0.823572970701294"
"exdqlm_univar_synth","draw_009",127,"2021-01-25","forecast","-0.829839336190908"
"exdqlm_univar_synth","draw_009",127,"2021-01-26","forecast","-0.822449144632350"
"exdqlm_univar_synth","draw_009",127,"2021-01-27","forecast","0.483636648410698"
"exdqlm_univar_synth","draw_009",127,"2021-01-28","forecast","0.990944439528164"
"exdqlm_univar_synth","draw_009",127,"2021-01-29","forecast","0.982313060005042"
"exdqlm_univar_synth","draw_009",127,"2021-01-30","forecast","-0.193725175849748"
"exdqlm_univar_synth","draw_009",127,"2021-01-31","forecast","-0.849627677795347"
"exdqlm_univar_synth","draw_009",127,"2021-02-01","forecast","-1.03174926594192"
"exdqlm_univar_synth","draw_009",127,"2021-02-02","forecast","-0.557176502318430"
"exdqlm_univar_synth","draw_009",127,"2021-02-03","forecast","-0.678139771273161"
"exdqlm_univar_synth","draw_009",127,"2021-02-04","forecast","-0.836558530099109"
"exdqlm_univar_synth","draw_009",127,"2021-02-05","forecast","-0.657645966226478"
"exdqlm_univar_synth","draw_009",127,"2021-02-06","forecast","-0.916648963006020"
"exdqlm_univar_synth","draw_009",127,"2021-02-07","forecast","-0.996285505323200"
"exdqlm_univar_synth","draw_009",127,"2021-02-08","forecast","-0.678365651677447"
"exdqlm_univar_synth","draw_009",127,"2021-02-09","forecast","-0.988821016330655"
"exdqlm_univar_synth","draw_009",127,"2021-02-10","forecast","-0.553314819915290"
"exdqlm_univar_synth","draw_009",127,"2021-02-11","forecast","-0.584680157928415"
"exdqlm_univar_synth","draw_009",127,"2021-02-12","forecast","-0.802161376083162"
"exdqlm_univar_synth","draw_009",127,"2021-02-13","forecast","-0.843368355050859"
"exdqlm_univar_synth","draw_009",127,"2021-02-14","forecast","-0.532055983512967"
"exdqlm_univar_synth","draw_009",127,"2021-02-15","forecast","-0.943282648473407"
"exdqlm_univar_synth","draw_009",127,"2021-02-16","forecast","-0.587119398790671"
"exdqlm_univar_synth","draw_009",127,"2021-02-17","forecast","-0.873706652268035"
"exdqlm_univar_synth","draw_009",127,"2021-02-18","forecast","-0.825999675285976"
"exdqlm_univar_synth","draw_009",127,"2021-02-19","forecast","-1.33426544055318"
"exdqlm_univar_synth","draw_009",127,"2021-02-20","forecast","-0.828127980675222"
"exdqlm_univar_synth","draw_010",143,"2021-01-24","forecast","-1.03202472782104"
"exdqlm_univar_synth","draw_010",143,"2021-01-25","forecast","-0.648013132423892"
"exdqlm_univar_synth","draw_010",143,"2021-01-26","forecast","-0.627856571494184"
"exdqlm_univar_synth","draw_010",143,"2021-01-27","forecast","0.823777514282483"
"exdqlm_univar_synth","draw_010",143,"2021-01-28","forecast","0.458092203713432"
"exdqlm_univar_synth","draw_010",143,"2021-01-29","forecast","1.02090252041824"
"exdqlm_univar_synth","draw_010",143,"2021-01-30","forecast","-0.374883068075498"
"exdqlm_univar_synth","draw_010",143,"2021-01-31","forecast","-0.710937218497309"
"exdqlm_univar_synth","draw_010",143,"2021-02-01","forecast","-0.922749617440477"
"exdqlm_univar_synth","draw_010",143,"2021-02-02","forecast","-0.974816493334059"
"exdqlm_univar_synth","draw_010",143,"2021-02-03","forecast","-1.03975245925027"
"exdqlm_univar_synth","draw_010",143,"2021-02-04","forecast","-1.11436002687034"
"exdqlm_univar_synth","draw_010",143,"2021-02-05","forecast","-0.897587961840447"
"exdqlm_univar_synth","draw_010",143,"2021-02-06","forecast","-0.912361411566461"
"exdqlm_univar_synth","draw_010",143,"2021-02-07","forecast","-0.993878587708611"
"exdqlm_univar_synth","draw_010",143,"2021-02-08","forecast","-0.926482671933654"
"exdqlm_univar_synth","draw_010",143,"2021-02-09","forecast","-0.991335411490334"
"exdqlm_univar_synth","draw_010",143,"2021-02-10","forecast","-0.553654373686912"
"exdqlm_univar_synth","draw_010",143,"2021-02-11","forecast","-0.933140564892532"
"exdqlm_univar_synth","draw_010",143,"2021-02-12","forecast","-0.724595014186091"
"exdqlm_univar_synth","draw_010",143,"2021-02-13","forecast","-1.15480275828341"
"exdqlm_univar_synth","draw_010",143,"2021-02-14","forecast","-1.18980635060209"
"exdqlm_univar_synth","draw_010",143,"2021-02-15","forecast","-1.07044769688685"
"exdqlm_univar_synth","draw_010",143,"2021-02-16","forecast","-0.938760143493224"
"exdqlm_univar_synth","draw_010",143,"2021-02-17","forecast","-0.877233230855227"
"exdqlm_univar_synth","draw_010",143,"2021-02-18","forecast","-1.35870502225314"
"exdqlm_univar_synth","draw_010",143,"2021-02-19","forecast","-1.33142995912287"
"exdqlm_univar_synth","draw_010",143,"2021-02-20","forecast","-1.25938469797665"
"exdqlm_univar_synth","draw_011",158,"2021-01-24","forecast","-0.855213831327275"
"exdqlm_univar_synth","draw_011",158,"2021-01-25","forecast","-0.920723869726489"
"exdqlm_univar_synth","draw_011",158,"2021-01-26","forecast","-0.840585545129460"
"exdqlm_univar_synth","draw_011",158,"2021-01-27","forecast","0.754383141974881"
"exdqlm_univar_synth","draw_011",158,"2021-01-28","forecast","0.253755539860156"
"exdqlm_univar_synth","draw_011",158,"2021-01-29","forecast","1.01172296567128"
"exdqlm_univar_synth","draw_011",158,"2021-01-30","forecast","-0.195068773949309"
"exdqlm_univar_synth","draw_011",158,"2021-01-31","forecast","-0.852741685674565"
"exdqlm_univar_synth","draw_011",158,"2021-02-01","forecast","-0.999460629819507"
"exdqlm_univar_synth","draw_011",158,"2021-02-02","forecast","-0.860510894089600"
"exdqlm_univar_synth","draw_011",158,"2021-02-03","forecast","-0.978391345046190"
"exdqlm_univar_synth","draw_011",158,"2021-02-04","forecast","-1.09698622350505"
"exdqlm_univar_synth","draw_011",158,"2021-02-05","forecast","-0.741919021897130"
"exdqlm_univar_synth","draw_011",158,"2021-02-06","forecast","-1.16002134941227"
"exdqlm_univar_synth","draw_011",158,"2021-02-07","forecast","-0.995218075016778"
"exdqlm_univar_synth","draw_011",158,"2021-02-08","forecast","-0.476241000232672"
"exdqlm_univar_synth","draw_011",158,"2021-02-09","forecast","-1.17157075998103"
"exdqlm_univar_synth","draw_011",158,"2021-02-10","forecast","-0.470054584146317"
"exdqlm_univar_synth","draw_011",158,"2021-02-11","forecast","-1.14274529724772"
"exdqlm_univar_synth","draw_011",158,"2021-02-12","forecast","-0.881879400334188"
"exdqlm_univar_synth","draw_011",158,"2021-02-13","forecast","-1.36175683934485"
"exdqlm_univar_synth","draw_011",158,"2021-02-14","forecast","-0.676459336279557"
"exdqlm_univar_synth","draw_011",158,"2021-02-15","forecast","-0.629602511139729"
"exdqlm_univar_synth","draw_011",158,"2021-02-16","forecast","-0.582116250292800"
"exdqlm_univar_synth","draw_011",158,"2021-02-17","forecast","-0.921161969930013"
"exdqlm_univar_synth","draw_011",158,"2021-02-18","forecast","-0.827115918069276"
"exdqlm_univar_synth","draw_011",158,"2021-02-19","forecast","-0.893686182341125"
"exdqlm_univar_synth","draw_011",158,"2021-02-20","forecast","-0.821702518581132"
"exdqlm_univar_synth","draw_012",174,"2021-01-24","forecast","-0.806589164661447"
"exdqlm_univar_synth","draw_012",174,"2021-01-25","forecast","-0.797224942251231"
"exdqlm_univar_synth","draw_012",174,"2021-01-26","forecast","-0.854098434363575"
"exdqlm_univar_synth","draw_012",174,"2021-01-27","forecast","0.314082742764542"
"exdqlm_univar_synth","draw_012",174,"2021-01-28","forecast","-0.00741922897947770"
"exdqlm_univar_synth","draw_012",174,"2021-01-29","forecast","0.919830997065035"
"exdqlm_univar_synth","draw_012",174,"2021-01-30","forecast","-0.195818615169812"
"exdqlm_univar_synth","draw_012",174,"2021-01-31","forecast","-0.415311693440221"
"exdqlm_univar_synth","draw_012",174,"2021-02-01","forecast","-0.547453819586173"
"exdqlm_univar_synth","draw_012",174,"2021-02-02","forecast","-0.556180248535901"
"exdqlm_univar_synth","draw_012",174,"2021-02-03","forecast","-0.897459950571308"
"exdqlm_univar_synth","draw_012",174,"2021-02-04","forecast","-1.03879126668588"
"exdqlm_univar_synth","draw_012",174,"2021-02-05","forecast","-1.11660746847155"
"exdqlm_univar_synth","draw_012",174,"2021-02-06","forecast","-0.899419188812277"
"exdqlm_univar_synth","draw_012",174,"2021-02-07","forecast","-1.37941980812346"
"exdqlm_univar_synth","draw_012",174,"2021-02-08","forecast","-0.897129435530357"
"exdqlm_univar_synth","draw_012",174,"2021-02-09","forecast","-1.18036872152846"
"exdqlm_univar_synth","draw_012",174,"2021-02-10","forecast","-1.19558652872266"
"exdqlm_univar_synth","draw_012",174,"2021-02-11","forecast","-0.936985787535521"
"exdqlm_univar_synth","draw_012",174,"2021-02-12","forecast","-1.22919224811095"
"exdqlm_univar_synth","draw_012",174,"2021-02-13","forecast","-0.849335074331574"
"exdqlm_univar_synth","draw_012",174,"2021-02-14","forecast","-0.674135092411362"
"exdqlm_univar_synth","draw_012",174,"2021-02-15","forecast","-0.711176282176832"
"exdqlm_univar_synth","draw_012",174,"2021-02-16","forecast","-0.583153810743944"
"exdqlm_univar_synth","draw_012",174,"2021-02-17","forecast","-1.20917679776626"
"exdqlm_univar_synth","draw_012",174,"2021-02-18","forecast","-1.37474928890254"
"exdqlm_univar_synth","draw_012",174,"2021-02-19","forecast","-0.893362048504015"
"exdqlm_univar_synth","draw_012",174,"2021-02-20","forecast","-0.823675372025270"
"exdqlm_univar_synth","draw_013",190,"2021-01-24","forecast","-0.610791920842135"
"exdqlm_univar_synth","draw_013",190,"2021-01-25","forecast","-0.572007049380937"
"exdqlm_univar_synth","draw_013",190,"2021-01-26","forecast","-1.01951710280152"
"exdqlm_univar_synth","draw_013",190,"2021-01-27","forecast","0.603293312491253"
"exdqlm_univar_synth","draw_013",190,"2021-01-28","forecast","0.525974238613727"
"exdqlm_univar_synth","draw_013",190,"2021-01-29","forecast","0.631728348588339"
"exdqlm_univar_synth","draw_013",190,"2021-01-30","forecast","-0.493415976174183"
"exdqlm_univar_synth","draw_013",190,"2021-01-31","forecast","-0.929892153118898"
"exdqlm_univar_synth","draw_013",190,"2021-02-01","forecast","-0.751426178992355"
"exdqlm_univar_synth","draw_013",190,"2021-02-02","forecast","-0.814270598226414"
"exdqlm_univar_synth","draw_013",190,"2021-02-03","forecast","-1.09336451174973"
"exdqlm_univar_synth","draw_013",190,"2021-02-04","forecast","-0.775289046929941"
"exdqlm_univar_synth","draw_013",190,"2021-02-05","forecast","-1.04304645518817"
"exdqlm_univar_synth","draw_013",190,"2021-02-06","forecast","-1.03489850742083"
"exdqlm_univar_synth","draw_013",190,"2021-02-07","forecast","-1.37231413411282"
"exdqlm_univar_synth","draw_013",190,"2021-02-08","forecast","-1.09734540496501"
"exdqlm_univar_synth","draw_013",190,"2021-02-09","forecast","-1.16349553698802"
"exdqlm_univar_synth","draw_013",190,"2021-02-10","forecast","-0.976367642208804"
"exdqlm_univar_synth","draw_013",190,"2021-02-11","forecast","-0.671814269155449"
"exdqlm_univar_synth","draw_013",190,"2021-02-12","forecast","-0.908821876378921"
"exdqlm_univar_synth","draw_013",190,"2021-02-13","forecast","-0.856768161439548"
"exdqlm_univar_synth","draw_013",190,"2021-02-14","forecast","-0.674951457153111"
"exdqlm_univar_synth","draw_013",190,"2021-02-15","forecast","-0.938923946255988"
"exdqlm_univar_synth","draw_013",190,"2021-02-16","forecast","-0.924738993143425"
"exdqlm_univar_synth","draw_013",190,"2021-02-17","forecast","-0.873125430288824"
"exdqlm_univar_synth","draw_013",190,"2021-02-18","forecast","-0.826735153703550"
"exdqlm_univar_synth","draw_013",190,"2021-02-19","forecast","-1.02180570961507"
"exdqlm_univar_synth","draw_013",190,"2021-02-20","forecast","-0.823028700665598"
"exdqlm_univar_synth","draw_014",206,"2021-01-24","forecast","-0.636750878915716"
"exdqlm_univar_synth","draw_014",206,"2021-01-25","forecast","-0.999975854741027"
"exdqlm_univar_synth","draw_014",206,"2021-01-26","forecast","-0.643208938447775"
"exdqlm_univar_synth","draw_014",206,"2021-01-27","forecast","0.797089176345597"
"exdqlm_univar_synth","draw_014",206,"2021-01-28","forecast","0.615496661527927"
"exdqlm_univar_synth","draw_014",206,"2021-01-29","forecast","0.837128676130492"
"exdqlm_univar_synth","draw_014",206,"2021-01-30","forecast","-0.134654438539132"
"exdqlm_univar_synth","draw_014",206,"2021-01-31","forecast","-0.537724232535136"
"exdqlm_univar_synth","draw_014",206,"2021-02-01","forecast","-1.17545170264032"
"exdqlm_univar_synth","draw_014",206,"2021-02-02","forecast","-0.565572872351923"
"exdqlm_univar_synth","draw_014",206,"2021-02-03","forecast","-1.00910504481879"
"exdqlm_univar_synth","draw_014",206,"2021-02-04","forecast","-0.711083485989299"
"exdqlm_univar_synth","draw_014",206,"2021-02-05","forecast","-0.648855929972754"
"exdqlm_univar_synth","draw_014",206,"2021-02-06","forecast","-0.917150366676247"
"exdqlm_univar_synth","draw_014",206,"2021-02-07","forecast","-0.994456334511188"
"exdqlm_univar_synth","draw_014",206,"2021-02-08","forecast","-0.723064276193410"
"exdqlm_univar_synth","draw_014",206,"2021-02-09","forecast","-1.39019413037327"
"exdqlm_univar_synth","draw_014",206,"2021-02-10","forecast","-0.841307952490298"
"exdqlm_univar_synth","draw_014",206,"2021-02-11","forecast","-0.876450848012871"
"exdqlm_univar_synth","draw_014",206,"2021-02-12","forecast","-1.12419387547458"
"exdqlm_univar_synth","draw_014",206,"2021-02-13","forecast","-1.17718259783174"
"exdqlm_univar_synth","draw_014",206,"2021-02-14","forecast","-0.670364034159167"
"exdqlm_univar_synth","draw_014",206,"2021-02-15","forecast","-0.527790304854513"
"exdqlm_univar_synth","draw_014",206,"2021-02-16","forecast","-0.942257000066904"
"exdqlm_univar_synth","draw_014",206,"2021-02-17","forecast","-0.875530063280530"
"exdqlm_univar_synth","draw_014",206,"2021-02-18","forecast","-1.34909458222746"
"exdqlm_univar_synth","draw_014",206,"2021-02-19","forecast","-0.857077264221614"
"exdqlm_univar_synth","draw_014",206,"2021-02-20","forecast","-0.823585505107933"
"exdqlm_univar_synth","draw_015",221,"2021-01-24","forecast","-0.881762689385340"
"exdqlm_univar_synth","draw_015",221,"2021-01-25","forecast","-0.690528064584102"
"exdqlm_univar_synth","draw_015",221,"2021-01-26","forecast","-0.579106264915046"
"exdqlm_univar_synth","draw_015",221,"2021-01-27","forecast","0.632617232092694"
"exdqlm_univar_synth","draw_015",221,"2021-01-28","forecast","0.515345535789339"
"exdqlm_univar_synth","draw_015",221,"2021-01-29","forecast","0.838073691159161"
"exdqlm_univar_synth","draw_015",221,"2021-01-30","forecast","-0.187853350384358"
"exdqlm_univar_synth","draw_015",221,"2021-01-31","forecast","-0.391902153250241"
"exdqlm_univar_synth","draw_015",221,"2021-02-01","forecast","-0.763662488775234"
"exdqlm_univar_synth","draw_015",221,"2021-02-02","forecast","-0.987058803598617"
"exdqlm_univar_synth","draw_015",221,"2021-02-03","forecast","-1.16125345609152"
"exdqlm_univar_synth","draw_015",221,"2021-02-04","forecast","-0.844190000238560"
"exdqlm_univar_synth","draw_015",221,"2021-02-05","forecast","-0.584809429394973"
"exdqlm_univar_synth","draw_015",221,"2021-02-06","forecast","-1.27030999725911"
"exdqlm_univar_synth","draw_015",221,"2021-02-07","forecast","-1.06099760583581"
"exdqlm_univar_synth","draw_015",221,"2021-02-08","forecast","-0.679386067214259"
"exdqlm_univar_synth","draw_015",221,"2021-02-09","forecast","-1.27885296129984"
"exdqlm_univar_synth","draw_015",221,"2021-02-10","forecast","-0.574362919094487"
"exdqlm_univar_synth","draw_015",221,"2021-02-11","forecast","-1.37440502772432"
"exdqlm_univar_synth","draw_015",221,"2021-02-12","forecast","-0.741907908713604"
"exdqlm_univar_synth","draw_015",221,"2021-02-13","forecast","-1.07714902078188"
"exdqlm_univar_synth","draw_015",221,"2021-02-14","forecast","-0.727339079551797"
"exdqlm_univar_synth","draw_015",221,"2021-02-15","forecast","-0.526415251062643"
"exdqlm_univar_synth","draw_015",221,"2021-02-16","forecast","-1.14869994400853"
"exdqlm_univar_synth","draw_015",221,"2021-02-17","forecast","-0.788912586111162"
"exdqlm_univar_synth","draw_015",221,"2021-02-18","forecast","-0.827404352287720"
"exdqlm_univar_synth","draw_015",221,"2021-02-19","forecast","-0.888256572143048"
"exdqlm_univar_synth","draw_015",221,"2021-02-20","forecast","-0.821055810777314"
"exdqlm_univar_synth","draw_016",237,"2021-01-24","forecast","-0.737684099508175"
"exdqlm_univar_synth","draw_016",237,"2021-01-25","forecast","-0.563922317774193"
"exdqlm_univar_synth","draw_016",237,"2021-01-26","forecast","-0.658840973647612"
"exdqlm_univar_synth","draw_016",237,"2021-01-27","forecast","0.941746087677772"
"exdqlm_univar_synth","draw_016",237,"2021-01-28","forecast","0.233150228182107"
"exdqlm_univar_synth","draw_016",237,"2021-01-29","forecast","0.519981391204192"
"exdqlm_univar_synth","draw_016",237,"2021-01-30","forecast","-0.145597188502695"
"exdqlm_univar_synth","draw_016",237,"2021-01-31","forecast","-0.706006519010636"
"exdqlm_univar_synth","draw_016",237,"2021-02-01","forecast","-0.753854433992282"
"exdqlm_univar_synth","draw_016",237,"2021-02-02","forecast","-0.707340123705951"
"exdqlm_univar_synth","draw_016",237,"2021-02-03","forecast","-0.666763371876919"
"exdqlm_univar_synth","draw_016",237,"2021-02-04","forecast","-0.716057220114253"
"exdqlm_univar_synth","draw_016",237,"2021-02-05","forecast","-0.611888135464691"
"exdqlm_univar_synth","draw_016",237,"2021-02-06","forecast","-0.914796495082911"
"exdqlm_univar_synth","draw_016",237,"2021-02-07","forecast","-1.11078323398486"
"exdqlm_univar_synth","draw_016",237,"2021-02-08","forecast","-0.679385075848498"
"exdqlm_univar_synth","draw_016",237,"2021-02-09","forecast","-1.22085177670445"
"exdqlm_univar_synth","draw_016",237,"2021-02-10","forecast","-0.884286019628445"
"exdqlm_univar_synth","draw_016",237,"2021-02-11","forecast","-0.969743800154149"
"exdqlm_univar_synth","draw_016",237,"2021-02-12","forecast","-0.975072959913096"
"exdqlm_univar_synth","draw_016",237,"2021-02-13","forecast","-1.34796858810989"
"exdqlm_univar_synth","draw_016",237,"2021-02-14","forecast","-0.676144648766224"
"exdqlm_univar_synth","draw_016",237,"2021-02-15","forecast","-0.629660970860072"
"exdqlm_univar_synth","draw_016",237,"2021-02-16","forecast","-0.583740123440217"
"exdqlm_univar_synth","draw_016",237,"2021-02-17","forecast","-1.19836763129192"
"exdqlm_univar_synth","draw_016",237,"2021-02-18","forecast","-0.985116198115699"
"exdqlm_univar_synth","draw_016",237,"2021-02-19","forecast","-0.894073098837398"
"exdqlm_univar_synth","draw_016",237,"2021-02-20","forecast","-1.02574524696404"
"exdqlm_univar_synth","draw_017",253,"2021-01-24","forecast","-0.742667308264426"
"exdqlm_univar_synth","draw_017",253,"2021-01-25","forecast","-1.04510305589252"
"exdqlm_univar_synth","draw_017",253,"2021-01-26","forecast","-0.979430771851960"
"exdqlm_univar_synth","draw_017",253,"2021-01-27","forecast","-0.204440524225603"
"exdqlm_univar_synth","draw_017",253,"2021-01-28","forecast","0.783792491796497"
"exdqlm_univar_synth","draw_017",253,"2021-01-29","forecast","1.01656177912911"
"exdqlm_univar_synth","draw_017",253,"2021-01-30","forecast","-0.175811461818285"
"exdqlm_univar_synth","draw_017",253,"2021-01-31","forecast","-0.655057456585299"
"exdqlm_univar_synth","draw_017",253,"2021-02-01","forecast","-0.758639095701386"
"exdqlm_univar_synth","draw_017",253,"2021-02-02","forecast","-0.865639495316931"
"exdqlm_univar_synth","draw_017",253,"2021-02-03","forecast","-0.971692427492297"
"exdqlm_univar_synth","draw_017",253,"2021-02-04","forecast","-0.712515361964265"
"exdqlm_univar_synth","draw_017",253,"2021-02-05","forecast","-0.649951787275235"
"exdqlm_univar_synth","draw_017",253,"2021-02-06","forecast","-0.790331446402101"
"exdqlm_univar_synth","draw_017",253,"2021-02-07","forecast","-1.54316345205142"
"exdqlm_univar_synth","draw_017",253,"2021-02-08","forecast","-0.677904832397627"
"exdqlm_univar_synth","draw_017",253,"2021-02-09","forecast","-1.20986745965297"
"exdqlm_univar_synth","draw_017",253,"2021-02-10","forecast","-0.555657216304662"
"exdqlm_univar_synth","draw_017",253,"2021-02-11","forecast","-1.09216367069472"
"exdqlm_univar_synth","draw_017",253,"2021-02-12","forecast","-0.726059313161483"
"exdqlm_univar_synth","draw_017",253,"2021-02-13","forecast","-1.28326293388964"
"exdqlm_univar_synth","draw_017",253,"2021-02-14","forecast","-0.670923221027180"
"exdqlm_univar_synth","draw_017",253,"2021-02-15","forecast","-1.04483604882164"
"exdqlm_univar_synth","draw_017",253,"2021-02-16","forecast","-0.823304533773599"
"exdqlm_univar_synth","draw_017",253,"2021-02-17","forecast","-0.846462611336764"
"exdqlm_univar_synth","draw_017",253,"2021-02-18","forecast","-0.830289303409081"
"exdqlm_univar_synth","draw_017",253,"2021-02-19","forecast","-0.894601658947823"
"exdqlm_univar_synth","draw_017",253,"2021-02-20","forecast","-0.823681554080996"
"exdqlm_univar_synth","draw_018",269,"2021-01-24","forecast","-0.733533894901945"
"exdqlm_univar_synth","draw_018",269,"2021-01-25","forecast","-0.846508655258914"
"exdqlm_univar_synth","draw_018",269,"2021-01-26","forecast","-0.772552474001392"
"exdqlm_univar_synth","draw_018",269,"2021-01-27","forecast","-0.0572714957861915"
"exdqlm_univar_synth","draw_018",269,"2021-01-28","forecast","0.869126983266039"
"exdqlm_univar_synth","draw_018",269,"2021-01-29","forecast","0.593800697303523"
"exdqlm_univar_synth","draw_018",269,"2021-01-30","forecast","-0.659153869052410"
"exdqlm_univar_synth","draw_018",269,"2021-01-31","forecast","-0.819268307002972"
"exdqlm_univar_synth","draw_018",269,"2021-02-01","forecast","-0.678492958183098"
"exdqlm_univar_synth","draw_018",269,"2021-02-02","forecast","-0.766694243535344"
"exdqlm_univar_synth","draw_018",269,"2021-02-03","forecast","-0.678860613948660"
"exdqlm_univar_synth","draw_018",269,"2021-02-04","forecast","-1.13191951016448"
"exdqlm_univar_synth","draw_018",269,"2021-02-05","forecast","-0.647775807017813"
"exdqlm_univar_synth","draw_018",269,"2021-02-06","forecast","-0.913971004767814"
"exdqlm_univar_synth","draw_018",269,"2021-02-07","forecast","-1.20048855802815"
"exdqlm_univar_synth","draw_018",269,"2021-02-08","forecast","-0.680186640272171"
"exdqlm_univar_synth","draw_018",269,"2021-02-09","forecast","-1.13044882297120"
"exdqlm_univar_synth","draw_018",269,"2021-02-10","forecast","-0.551820843363695"
"exdqlm_univar_synth","draw_018",269,"2021-02-11","forecast","-1.12560182387756"
"exdqlm_univar_synth","draw_018",269,"2021-02-12","forecast","-0.758925448137016"
"exdqlm_univar_synth","draw_018",269,"2021-02-13","forecast","-0.852226962147177"
"exdqlm_univar_synth","draw_018",269,"2021-02-14","forecast","-0.667733326978149"
"exdqlm_univar_synth","draw_018",269,"2021-02-15","forecast","-0.473307440657962"
"exdqlm_univar_synth","draw_018",269,"2021-02-16","forecast","-0.777545208438508"
"exdqlm_univar_synth","draw_018",269,"2021-02-17","forecast","-0.825393550959794"
"exdqlm_univar_synth","draw_018",269,"2021-02-18","forecast","-0.825397584645026"
"exdqlm_univar_synth","draw_018",269,"2021-02-19","forecast","-1.39460876114948"
"exdqlm_univar_synth","draw_018",269,"2021-02-20","forecast","-0.821408445632767"
"exdqlm_univar_synth","draw_019",284,"2021-01-24","forecast","-0.777116556696341"
"exdqlm_univar_synth","draw_019",284,"2021-01-25","forecast","-0.322063076100367"
"exdqlm_univar_synth","draw_019",284,"2021-01-26","forecast","-0.658569110477603"
"exdqlm_univar_synth","draw_019",284,"2021-01-27","forecast","0.541996327022458"
"exdqlm_univar_synth","draw_019",284,"2021-01-28","forecast","0.898404932838471"
"exdqlm_univar_synth","draw_019",284,"2021-01-29","forecast","0.750714894876995"
"exdqlm_univar_synth","draw_019",284,"2021-01-30","forecast","-0.180180188091655"
"exdqlm_univar_synth","draw_019",284,"2021-01-31","forecast","-0.658380670562527"
"exdqlm_univar_synth","draw_019",284,"2021-02-01","forecast","-1.08494707277049"
"exdqlm_univar_synth","draw_019",284,"2021-02-02","forecast","-0.691616672316420"
"exdqlm_univar_synth","draw_019",284,"2021-02-03","forecast","-0.912447359362814"
"exdqlm_univar_synth","draw_019",284,"2021-02-04","forecast","-0.915469271528559"
"exdqlm_univar_synth","draw_019",284,"2021-02-05","forecast","-0.650772108404432"
"exdqlm_univar_synth","draw_019",284,"2021-02-06","forecast","-0.889807121586898"
"exdqlm_univar_synth","draw_019",284,"2021-02-07","forecast","-1.21947004166622"
"exdqlm_univar_synth","draw_019",284,"2021-02-08","forecast","-0.680150653690112"
"exdqlm_univar_synth","draw_019",284,"2021-02-09","forecast","-0.867961172598431"
"exdqlm_univar_synth","draw_019",284,"2021-02-10","forecast","-0.548387708657727"
"exdqlm_univar_synth","draw_019",284,"2021-02-11","forecast","-0.638028941991169"
"exdqlm_univar_synth","draw_019",284,"2021-02-12","forecast","-0.884742378371126"
"exdqlm_univar_synth","draw_019",284,"2021-02-13","forecast","-0.853648192969500"
"exdqlm_univar_synth","draw_019",284,"2021-02-14","forecast","-0.671977839035023"
"exdqlm_univar_synth","draw_019",284,"2021-02-15","forecast","-0.632110577676847"
"exdqlm_univar_synth","draw_019",284,"2021-02-16","forecast","-0.582382359091398"
"exdqlm_univar_synth","draw_019",284,"2021-02-17","forecast","-0.874084421514983"
"exdqlm_univar_synth","draw_019",284,"2021-02-18","forecast","-0.825199496044641"
"exdqlm_univar_synth","draw_019",284,"2021-02-19","forecast","-1.25341456170852"
"exdqlm_univar_synth","draw_019",284,"2021-02-20","forecast","-0.818283236855147"
"exdqlm_univar_synth","draw_020",300,"2021-01-24","forecast","-1.00427066784065"
"exdqlm_univar_synth","draw_020",300,"2021-01-25","forecast","-0.561906034369170"
"exdqlm_univar_synth","draw_020",300,"2021-01-26","forecast","-0.570238386432597"
"exdqlm_univar_synth","draw_020",300,"2021-01-27","forecast","0.579800684026051"
"exdqlm_univar_synth","draw_020",300,"2021-01-28","forecast","0.475958821672341"
"exdqlm_univar_synth","draw_020",300,"2021-01-29","forecast","0.522957193719999"
"exdqlm_univar_synth","draw_020",300,"2021-01-30","forecast","-0.452957173317378"
"exdqlm_univar_synth","draw_020",300,"2021-01-31","forecast","-0.423573029500582"
"exdqlm_univar_synth","draw_020",300,"2021-02-01","forecast","-0.867493418605180"
"exdqlm_univar_synth","draw_020",300,"2021-02-02","forecast","-0.988678422248311"
"exdqlm_univar_synth","draw_020",300,"2021-02-03","forecast","-0.678064151267777"
"exdqlm_univar_synth","draw_020",300,"2021-02-04","forecast","-1.04333753198621"
"exdqlm_univar_synth","draw_020",300,"2021-02-05","forecast","-0.789052985500263"
"exdqlm_univar_synth","draw_020",300,"2021-02-06","forecast","-0.994391710416519"
"exdqlm_univar_synth","draw_020",300,"2021-02-07","forecast","-1.14214621485663"
"exdqlm_univar_synth","draw_020",300,"2021-02-08","forecast","-1.05970637584119"
"exdqlm_univar_synth","draw_020",300,"2021-02-09","forecast","-1.07233648891444"
"exdqlm_univar_synth","draw_020",300,"2021-02-10","forecast","-0.894009896040854"
"exdqlm_univar_synth","draw_020",300,"2021-02-11","forecast","-0.637446851617169"
"exdqlm_univar_synth","draw_020",300,"2021-02-12","forecast","-1.05252604723048"
"exdqlm_univar_synth","draw_020",300,"2021-02-13","forecast","-0.852024772506431"
"exdqlm_univar_synth","draw_020",300,"2021-02-14","forecast","-0.858389474335471"
"exdqlm_univar_synth","draw_020",300,"2021-02-15","forecast","-0.733799761983735"
"exdqlm_univar_synth","draw_020",300,"2021-02-16","forecast","-1.05196217187813"
"exdqlm_univar_synth","draw_020",300,"2021-02-17","forecast","-1.07861903649733"
"exdqlm_univar_synth","draw_020",300,"2021-02-18","forecast","-0.825166251414670"
"exdqlm_univar_synth","draw_020",300,"2021-02-19","forecast","-1.23484893408752"
"exdqlm_univar_synth","draw_020",300,"2021-02-20","forecast","-0.897292096194268"
"exdqlm_univar_synth","draw_021",316,"2021-01-24","forecast","-0.636227845688736"
"exdqlm_univar_synth","draw_021",316,"2021-01-25","forecast","-0.585442799633771"
"exdqlm_univar_synth","draw_021",316,"2021-01-26","forecast","-0.655712069285253"
"exdqlm_univar_synth","draw_021",316,"2021-01-27","forecast","0.585318368254057"
"exdqlm_univar_synth","draw_021",316,"2021-01-28","forecast","0.824535514084510"
"exdqlm_univar_synth","draw_021",316,"2021-01-29","forecast","0.632666289814417"
"exdqlm_univar_synth","draw_021",316,"2021-01-30","forecast","-0.196478348725545"
"exdqlm_univar_synth","draw_021",316,"2021-01-31","forecast","-0.270928154677859"
"exdqlm_univar_synth","draw_021",316,"2021-02-01","forecast","-0.754066137727659"
"exdqlm_univar_synth","draw_021",316,"2021-02-02","forecast","-0.687816091916486"
"exdqlm_univar_synth","draw_021",316,"2021-02-03","forecast","-0.818941409184031"
"exdqlm_univar_synth","draw_021",316,"2021-02-04","forecast","-0.942905877798535"
"exdqlm_univar_synth","draw_021",316,"2021-02-05","forecast","-0.647462229115525"
"exdqlm_univar_synth","draw_021",316,"2021-02-06","forecast","-0.991650540218525"
"exdqlm_univar_synth","draw_021",316,"2021-02-07","forecast","-0.994375846894455"
"exdqlm_univar_synth","draw_021",316,"2021-02-08","forecast","-0.968592871329891"
"exdqlm_univar_synth","draw_021",316,"2021-02-09","forecast","-1.09177354796189"
"exdqlm_univar_synth","draw_021",316,"2021-02-10","forecast","-0.549986519169985"
"exdqlm_univar_synth","draw_021",316,"2021-02-11","forecast","-0.631274206570994"
"exdqlm_univar_synth","draw_021",316,"2021-02-12","forecast","-1.01011043824526"
"exdqlm_univar_synth","draw_021",316,"2021-02-13","forecast","-0.852060170012491"
"exdqlm_univar_synth","draw_021",316,"2021-02-14","forecast","-0.672172147080588"
"exdqlm_univar_synth","draw_021",316,"2021-02-15","forecast","-0.629813116968429"
"exdqlm_univar_synth","draw_021",316,"2021-02-16","forecast","-1.38621001161254"
"exdqlm_univar_synth","draw_021",316,"2021-02-17","forecast","-0.874177783644844"
"exdqlm_univar_synth","draw_021",316,"2021-02-18","forecast","-0.896781170457979"
"exdqlm_univar_synth","draw_021",316,"2021-02-19","forecast","-0.894179101136082"
"exdqlm_univar_synth","draw_021",316,"2021-02-20","forecast","-0.824969536749656"
"exdqlm_univar_synth","draw_022",332,"2021-01-24","forecast","-1.09429313801941"
"exdqlm_univar_synth","draw_022",332,"2021-01-25","forecast","-0.746507850851090"
"exdqlm_univar_synth","draw_022",332,"2021-01-26","forecast","-0.930983108285512"
"exdqlm_univar_synth","draw_022",332,"2021-01-27","forecast","0.207324228480582"
"exdqlm_univar_synth","draw_022",332,"2021-01-28","forecast","0.424376729368670"
"exdqlm_univar_synth","draw_022",332,"2021-01-29","forecast","0.785089157134767"
"exdqlm_univar_synth","draw_022",332,"2021-01-30","forecast","-0.209287728932940"
"exdqlm_univar_synth","draw_022",332,"2021-01-31","forecast","-0.781725555830279"
"exdqlm_univar_synth","draw_022",332,"2021-02-01","forecast","-1.08925042143160"
"exdqlm_univar_synth","draw_022",332,"2021-02-02","forecast","-0.803692981669041"
"exdqlm_univar_synth","draw_022",332,"2021-02-03","forecast","-0.890681856283550"
"exdqlm_univar_synth","draw_022",332,"2021-02-04","forecast","-0.650069321133757"
"exdqlm_univar_synth","draw_022",332,"2021-02-05","forecast","-0.766938414139289"
"exdqlm_univar_synth","draw_022",332,"2021-02-06","forecast","-1.20511589346629"
"exdqlm_univar_synth","draw_022",332,"2021-02-07","forecast","-1.38300714095613"
"exdqlm_univar_synth","draw_022",332,"2021-02-08","forecast","-0.651811822509918"
"exdqlm_univar_synth","draw_022",332,"2021-02-09","forecast","-1.09824355589592"
"exdqlm_univar_synth","draw_022",332,"2021-02-10","forecast","-0.845522495192827"
"exdqlm_univar_synth","draw_022",332,"2021-02-11","forecast","-0.571133062723469"
"exdqlm_univar_synth","draw_022",332,"2021-02-12","forecast","-1.37514688650561"
"exdqlm_univar_synth","draw_022",332,"2021-02-13","forecast","-1.37182212890337"
"exdqlm_univar_synth","draw_022",332,"2021-02-14","forecast","-0.576441154120332"
"exdqlm_univar_synth","draw_022",332,"2021-02-15","forecast","-0.752292405731445"
"exdqlm_univar_synth","draw_022",332,"2021-02-16","forecast","-0.582612423178944"
"exdqlm_univar_synth","draw_022",332,"2021-02-17","forecast","-1.10845969829231"
"exdqlm_univar_synth","draw_022",332,"2021-02-18","forecast","-1.38328746219498"
"exdqlm_univar_synth","draw_022",332,"2021-02-19","forecast","-0.889262607813842"
"exdqlm_univar_synth","draw_022",332,"2021-02-20","forecast","-0.900227874936693"
"exdqlm_univar_synth","draw_023",347,"2021-01-24","forecast","-0.947836391388685"
"exdqlm_univar_synth","draw_023",347,"2021-01-25","forecast","-0.714246669433717"
"exdqlm_univar_synth","draw_023",347,"2021-01-26","forecast","-0.827045808103741"
"exdqlm_univar_synth","draw_023",347,"2021-01-27","forecast","0.619898820599231"
"exdqlm_univar_synth","draw_023",347,"2021-01-28","forecast","0.978244324490598"
"exdqlm_univar_synth","draw_023",347,"2021-01-29","forecast","0.477981102002310"
"exdqlm_univar_synth","draw_023",347,"2021-01-30","forecast","-0.767646895647780"
"exdqlm_univar_synth","draw_023",347,"2021-01-31","forecast","-0.587397253992377"
"exdqlm_univar_synth","draw_023",347,"2021-02-01","forecast","-1.06827967155402"
"exdqlm_univar_synth","draw_023",347,"2021-02-02","forecast","-0.887078679500091"
"exdqlm_univar_synth","draw_023",347,"2021-02-03","forecast","-0.502031933658780"
"exdqlm_univar_synth","draw_023",347,"2021-02-04","forecast","-0.715135840154456"
"exdqlm_univar_synth","draw_023",347,"2021-02-05","forecast","-1.07134241630922"
"exdqlm_univar_synth","draw_023",347,"2021-02-06","forecast","-0.920488916275849"
"exdqlm_univar_synth","draw_023",347,"2021-02-07","forecast","-0.993910849630333"
"exdqlm_univar_synth","draw_023",347,"2021-02-08","forecast","-0.678740215064102"
"exdqlm_univar_synth","draw_023",347,"2021-02-09","forecast","-1.17093800786013"
"exdqlm_univar_synth","draw_023",347,"2021-02-10","forecast","-0.553650869926034"
"exdqlm_univar_synth","draw_023",347,"2021-02-11","forecast","-0.633771245525558"
"exdqlm_univar_synth","draw_023",347,"2021-02-12","forecast","-1.12440425835977"
"exdqlm_univar_synth","draw_023",347,"2021-02-13","forecast","-0.855356167002244"
"exdqlm_univar_synth","draw_023",347,"2021-02-14","forecast","-0.994461841571833"
"exdqlm_univar_synth","draw_023",347,"2021-02-15","forecast","-0.783874618051258"
"exdqlm_univar_synth","draw_023",347,"2021-02-16","forecast","-0.763577358037755"
"exdqlm_univar_synth","draw_023",347,"2021-02-17","forecast","-1.23180388664991"
"exdqlm_univar_synth","draw_023",347,"2021-02-18","forecast","-0.825543417545303"
"exdqlm_univar_synth","draw_023",347,"2021-02-19","forecast","-1.40745332660832"
"exdqlm_univar_synth","draw_023",347,"2021-02-20","forecast","-0.820911247124000"
"exdqlm_univar_synth","draw_024",363,"2021-01-24","forecast","-1.08256595491415"
"exdqlm_univar_synth","draw_024",363,"2021-01-25","forecast","-0.759176620004215"
"exdqlm_univar_synth","draw_024",363,"2021-01-26","forecast","-0.967302969505238"
"exdqlm_univar_synth","draw_024",363,"2021-01-27","forecast","0.0476511246274161"
"exdqlm_univar_synth","draw_024",363,"2021-01-28","forecast","0.850282775650706"
"exdqlm_univar_synth","draw_024",363,"2021-01-29","forecast","1.06428030224659"
"exdqlm_univar_synth","draw_024",363,"2021-01-30","forecast","-0.176958700432661"
"exdqlm_univar_synth","draw_024",363,"2021-01-31","forecast","-0.345054271072760"
"exdqlm_univar_synth","draw_024",363,"2021-02-01","forecast","-0.824550915916099"
"exdqlm_univar_synth","draw_024",363,"2021-02-02","forecast","-0.490719065719765"
"exdqlm_univar_synth","draw_024",363,"2021-02-03","forecast","-1.09949955702119"
"exdqlm_univar_synth","draw_024",363,"2021-02-04","forecast","-0.711422755075881"
"exdqlm_univar_synth","draw_024",363,"2021-02-05","forecast","-0.962810432500920"
"exdqlm_univar_synth","draw_024",363,"2021-02-06","forecast","-1.58384973424337"
"exdqlm_univar_synth","draw_024",363,"2021-02-07","forecast","-1.20153590051326"
"exdqlm_univar_synth","draw_024",363,"2021-02-08","forecast","-0.678717917086214"
"exdqlm_univar_synth","draw_024",363,"2021-02-09","forecast","-1.15201647461039"
"exdqlm_univar_synth","draw_024",363,"2021-02-10","forecast","-0.558311709711484"
"exdqlm_univar_synth","draw_024",363,"2021-02-11","forecast","-0.735537765271577"
"exdqlm_univar_synth","draw_024",363,"2021-02-12","forecast","-0.717775088941473"
"exdqlm_univar_synth","draw_024",363,"2021-02-13","forecast","-1.15685079601042"
"exdqlm_univar_synth","draw_024",363,"2021-02-14","forecast","-0.816488705951452"
"exdqlm_univar_synth","draw_024",363,"2021-02-15","forecast","-0.974244319961537"
"exdqlm_univar_synth","draw_024",363,"2021-02-16","forecast","-0.582175877931536"
"exdqlm_univar_synth","draw_024",363,"2021-02-17","forecast","-0.874629988547873"
"exdqlm_univar_synth","draw_024",363,"2021-02-18","forecast","-0.823421632629002"
"exdqlm_univar_synth","draw_024",363,"2021-02-19","forecast","-1.34861401272112"
"exdqlm_univar_synth","draw_024",363,"2021-02-20","forecast","-1.19412848367452"
"exdqlm_univar_synth","draw_025",379,"2021-01-24","forecast","-0.982355871052431"
"exdqlm_univar_synth","draw_025",379,"2021-01-25","forecast","-0.603515341687477"
"exdqlm_univar_synth","draw_025",379,"2021-01-26","forecast","-0.710013026164517"
"exdqlm_univar_synth","draw_025",379,"2021-01-27","forecast","0.388293531314043"
"exdqlm_univar_synth","draw_025",379,"2021-01-28","forecast","0.859461656278248"
"exdqlm_univar_synth","draw_025",379,"2021-01-29","forecast","0.909665109882295"
"exdqlm_univar_synth","draw_025",379,"2021-01-30","forecast","-0.196477281227172"
"exdqlm_univar_synth","draw_025",379,"2021-01-31","forecast","-0.461447893335099"
"exdqlm_univar_synth","draw_025",379,"2021-02-01","forecast","-0.673375831527803"
"exdqlm_univar_synth","draw_025",379,"2021-02-02","forecast","-0.965255475201093"
"exdqlm_univar_synth","draw_025",379,"2021-02-03","forecast","-0.678125275932424"
"exdqlm_univar_synth","draw_025",379,"2021-02-04","forecast","-0.712715215584688"
"exdqlm_univar_synth","draw_025",379,"2021-02-05","forecast","-0.648490013150617"
"exdqlm_univar_synth","draw_025",379,"2021-02-06","forecast","-0.914229244184844"
"exdqlm_univar_synth","draw_025",379,"2021-02-07","forecast","-0.993626979033718"
"exdqlm_univar_synth","draw_025",379,"2021-02-08","forecast","-1.02250253399390"
"exdqlm_univar_synth","draw_025",379,"2021-02-09","forecast","-1.08498311913964"
"exdqlm_univar_synth","draw_025",379,"2021-02-10","forecast","-1.16262981613457"
"exdqlm_univar_synth","draw_025",379,"2021-02-11","forecast","-0.633507237957146"
"exdqlm_univar_synth","draw_025",379,"2021-02-12","forecast","-0.801734241369303"
"exdqlm_univar_synth","draw_025",379,"2021-02-13","forecast","-0.850626300188039"
"exdqlm_univar_synth","draw_025",379,"2021-02-14","forecast","-0.978758632477194"
"exdqlm_univar_synth","draw_025",379,"2021-02-15","forecast","-1.27126609455346"
"exdqlm_univar_synth","draw_025",379,"2021-02-16","forecast","-0.597146673123342"
"exdqlm_univar_synth","draw_025",379,"2021-02-17","forecast","-0.875385952518898"
"exdqlm_univar_synth","draw_025",379,"2021-02-18","forecast","-1.09187524304893"
"exdqlm_univar_synth","draw_025",379,"2021-02-19","forecast","-0.888600532600435"
"exdqlm_univar_synth","draw_025",379,"2021-02-20","forecast","-1.06248379615552"
"exdqlm_univar_synth","draw_026",395,"2021-01-24","forecast","-0.952183631519266"
"exdqlm_univar_synth","draw_026",395,"2021-01-25","forecast","-0.892229932125306"
"exdqlm_univar_synth","draw_026",395,"2021-01-26","forecast","-0.849652680657361"
"exdqlm_univar_synth","draw_026",395,"2021-01-27","forecast","0.120824889768621"
"exdqlm_univar_synth","draw_026",395,"2021-01-28","forecast","0.800643291625378"
"exdqlm_univar_synth","draw_026",395,"2021-01-29","forecast","0.935980829874652"
"exdqlm_univar_synth","draw_026",395,"2021-01-30","forecast","-0.194350230067176"
"exdqlm_univar_synth","draw_026",395,"2021-01-31","forecast","-0.378986397534587"
"exdqlm_univar_synth","draw_026",395,"2021-02-01","forecast","-1.02594372450284"
"exdqlm_univar_synth","draw_026",395,"2021-02-02","forecast","-0.527824688382267"
"exdqlm_univar_synth","draw_026",395,"2021-02-03","forecast","-0.973230293769955"
"exdqlm_univar_synth","draw_026",395,"2021-02-04","forecast","-0.768316860872388"
"exdqlm_univar_synth","draw_026",395,"2021-02-05","forecast","-0.589192211267858"
"exdqlm_univar_synth","draw_026",395,"2021-02-06","forecast","-1.27049555958771"
"exdqlm_univar_synth","draw_026",395,"2021-02-07","forecast","-1.47555857612481"
"exdqlm_univar_synth","draw_026",395,"2021-02-08","forecast","-1.14208951599602"
"exdqlm_univar_synth","draw_026",395,"2021-02-09","forecast","-1.24523324761903"
"exdqlm_univar_synth","draw_026",395,"2021-02-10","forecast","-0.965271107453606"
"exdqlm_univar_synth","draw_026",395,"2021-02-11","forecast","-0.633980842627375"
"exdqlm_univar_synth","draw_026",395,"2021-02-12","forecast","-0.868436032357260"
"exdqlm_univar_synth","draw_026",395,"2021-02-13","forecast","-0.850705278222350"
"exdqlm_univar_synth","draw_026",395,"2021-02-14","forecast","-0.673573686569049"
"exdqlm_univar_synth","draw_026",395,"2021-02-15","forecast","-0.967648359871731"
"exdqlm_univar_synth","draw_026",395,"2021-02-16","forecast","-0.912326653895888"
"exdqlm_univar_synth","draw_026",395,"2021-02-17","forecast","-0.874976772438609"
"exdqlm_univar_synth","draw_026",395,"2021-02-18","forecast","-0.826388852576557"
"exdqlm_univar_synth","draw_026",395,"2021-02-19","forecast","-0.903142530279360"
"exdqlm_univar_synth","draw_026",395,"2021-02-20","forecast","-1.10124413791315"
"exdqlm_univar_synth","draw_027",410,"2021-01-24","forecast","-0.896123228628767"
"exdqlm_univar_synth","draw_027",410,"2021-01-25","forecast","-0.472709744933976"
"exdqlm_univar_synth","draw_027",410,"2021-01-26","forecast","-0.656666875597086"
"exdqlm_univar_synth","draw_027",410,"2021-01-27","forecast","0.580775165847857"
"exdqlm_univar_synth","draw_027",410,"2021-01-28","forecast","0.110965816556452"
"exdqlm_univar_synth","draw_027",410,"2021-01-29","forecast","0.589583601756282"
"exdqlm_univar_synth","draw_027",410,"2021-01-30","forecast","-0.147658114334031"
"exdqlm_univar_synth","draw_027",410,"2021-01-31","forecast","-0.475768227885601"
"exdqlm_univar_synth","draw_027",410,"2021-02-01","forecast","-0.781041859513955"
"exdqlm_univar_synth","draw_027",410,"2021-02-02","forecast","-0.538445487210356"
"exdqlm_univar_synth","draw_027",410,"2021-02-03","forecast","-1.18782779764536"
"exdqlm_univar_synth","draw_027",410,"2021-02-04","forecast","-1.06565232523185"
"exdqlm_univar_synth","draw_027",410,"2021-02-05","forecast","-0.648813529127103"
"exdqlm_univar_synth","draw_027",410,"2021-02-06","forecast","-0.915191815255593"
"exdqlm_univar_synth","draw_027",410,"2021-02-07","forecast","-0.994014615581338"
"exdqlm_univar_synth","draw_027",410,"2021-02-08","forecast","-0.698041081211847"
"exdqlm_univar_synth","draw_027",410,"2021-02-09","forecast","-0.997852704328598"
"exdqlm_univar_synth","draw_027",410,"2021-02-10","forecast","-0.557957565753802"
"exdqlm_univar_synth","draw_027",410,"2021-02-11","forecast","-0.496820605073614"
"exdqlm_univar_synth","draw_027",410,"2021-02-12","forecast","-1.00949139978103"
"exdqlm_univar_synth","draw_027",410,"2021-02-13","forecast","-0.853135878106222"
"exdqlm_univar_synth","draw_027",410,"2021-02-14","forecast","-0.670846509262358"
"exdqlm_univar_synth","draw_027",410,"2021-02-15","forecast","-0.568512596808559"
"exdqlm_univar_synth","draw_027",410,"2021-02-16","forecast","-1.02416563377323"
"exdqlm_univar_synth","draw_027",410,"2021-02-17","forecast","-1.44806589615664"
"exdqlm_univar_synth","draw_027",410,"2021-02-18","forecast","-1.18833630707552"
"exdqlm_univar_synth","draw_027",410,"2021-02-19","forecast","-0.894988346923260"
"exdqlm_univar_synth","draw_027",410,"2021-02-20","forecast","-1.35458504750326"
"exdqlm_univar_synth","draw_028",426,"2021-01-24","forecast","-0.641834956764476"
"exdqlm_univar_synth","draw_028",426,"2021-01-25","forecast","-0.557440405655851"
"exdqlm_univar_synth","draw_028",426,"2021-01-26","forecast","-0.705351409292550"
"exdqlm_univar_synth","draw_028",426,"2021-01-27","forecast","0.163225303119706"
"exdqlm_univar_synth","draw_028",426,"2021-01-28","forecast","0.936394256748477"
"exdqlm_univar_synth","draw_028",426,"2021-01-29","forecast","0.937291369468611"
"exdqlm_univar_synth","draw_028",426,"2021-01-30","forecast","-0.213846609836796"
"exdqlm_univar_synth","draw_028",426,"2021-01-31","forecast","-0.393810260503959"
"exdqlm_univar_synth","draw_028",426,"2021-02-01","forecast","-0.728403531687241"
"exdqlm_univar_synth","draw_028",426,"2021-02-02","forecast","-0.556104021733666"
"exdqlm_univar_synth","draw_028",426,"2021-02-03","forecast","-0.677464537906938"
"exdqlm_univar_synth","draw_028",426,"2021-02-04","forecast","-0.929734613073169"
"exdqlm_univar_synth","draw_028",426,"2021-02-05","forecast","-0.807448060784782"
"exdqlm_univar_synth","draw_028",426,"2021-02-06","forecast","-0.916201730316760"
"exdqlm_univar_synth","draw_028",426,"2021-02-07","forecast","-1.00364954964347"
"exdqlm_univar_synth","draw_028",426,"2021-02-08","forecast","-0.680662422292480"
"exdqlm_univar_synth","draw_028",426,"2021-02-09","forecast","-1.00057172213972"
"exdqlm_univar_synth","draw_028",426,"2021-02-10","forecast","-0.555201624551670"
"exdqlm_univar_synth","draw_028",426,"2021-02-11","forecast","-0.846329261078733"
"exdqlm_univar_synth","draw_028",426,"2021-02-12","forecast","-0.728814465322531"
"exdqlm_univar_synth","draw_028",426,"2021-02-13","forecast","-0.851646520969835"
"exdqlm_univar_synth","draw_028",426,"2021-02-14","forecast","-0.884042442012133"
"exdqlm_univar_synth","draw_028",426,"2021-02-15","forecast","-0.819191929709693"
"exdqlm_univar_synth","draw_028",426,"2021-02-16","forecast","-0.585754193400222"
"exdqlm_univar_synth","draw_028",426,"2021-02-17","forecast","-0.875506813322110"
"exdqlm_univar_synth","draw_028",426,"2021-02-18","forecast","-1.05012643626990"
"exdqlm_univar_synth","draw_028",426,"2021-02-19","forecast","-1.30301075968279"
"exdqlm_univar_synth","draw_028",426,"2021-02-20","forecast","-0.824577512228153"
"exdqlm_univar_synth","draw_029",442,"2021-01-24","forecast","-0.687124143284180"
"exdqlm_univar_synth","draw_029",442,"2021-01-25","forecast","-0.579451552474719"
"exdqlm_univar_synth","draw_029",442,"2021-01-26","forecast","-0.861933721919450"
"exdqlm_univar_synth","draw_029",442,"2021-01-27","forecast","-0.230185495732609"
"exdqlm_univar_synth","draw_029",442,"2021-01-28","forecast","1.08408279735717"
"exdqlm_univar_synth","draw_029",442,"2021-01-29","forecast","0.823022446586572"
"exdqlm_univar_synth","draw_029",442,"2021-01-30","forecast","-0.194713689814985"
"exdqlm_univar_synth","draw_029",442,"2021-01-31","forecast","-0.537115202323899"
"exdqlm_univar_synth","draw_029",442,"2021-02-01","forecast","-0.759552716532894"
"exdqlm_univar_synth","draw_029",442,"2021-02-02","forecast","-0.955819572416238"
"exdqlm_univar_synth","draw_029",442,"2021-02-03","forecast","-0.678806185358404"
"exdqlm_univar_synth","draw_029",442,"2021-02-04","forecast","-0.963225363303684"
"exdqlm_univar_synth","draw_029",442,"2021-02-05","forecast","-0.880226967550547"
"exdqlm_univar_synth","draw_029",442,"2021-02-06","forecast","-0.910809262917819"
"exdqlm_univar_synth","draw_029",442,"2021-02-07","forecast","-1.00355593510391"
"exdqlm_univar_synth","draw_029",442,"2021-02-08","forecast","-0.752779893992033"
"exdqlm_univar_synth","draw_029",442,"2021-02-09","forecast","-0.986988993352496"
"exdqlm_univar_synth","draw_029",442,"2021-02-10","forecast","-0.571625958383751"
"exdqlm_univar_synth","draw_029",442,"2021-02-11","forecast","-0.634286809092101"
"exdqlm_univar_synth","draw_029",442,"2021-02-12","forecast","-0.909342510443380"
"exdqlm_univar_synth","draw_029",442,"2021-02-13","forecast","-0.852295122067585"
"exdqlm_univar_synth","draw_029",442,"2021-02-14","forecast","-0.675369479384776"
"exdqlm_univar_synth","draw_029",442,"2021-02-15","forecast","-0.627034586133986"
"exdqlm_univar_synth","draw_029",442,"2021-02-16","forecast","-1.09934235898854"
"exdqlm_univar_synth","draw_029",442,"2021-02-17","forecast","-0.876702267463080"
"exdqlm_univar_synth","draw_029",442,"2021-02-18","forecast","-0.826632172912330"
"exdqlm_univar_synth","draw_029",442,"2021-02-19","forecast","-0.888799693502883"
"exdqlm_univar_synth","draw_029",442,"2021-02-20","forecast","-1.23081756221498"
"exdqlm_univar_synth","draw_030",457,"2021-01-24","forecast","-1.00083936965713"
"exdqlm_univar_synth","draw_030",457,"2021-01-25","forecast","-0.980673066103879"
"exdqlm_univar_synth","draw_030",457,"2021-01-26","forecast","-0.558283240232976"
"exdqlm_univar_synth","draw_030",457,"2021-01-27","forecast","0.156980241264476"
"exdqlm_univar_synth","draw_030",457,"2021-01-28","forecast","0.877521995355365"
"exdqlm_univar_synth","draw_030",457,"2021-01-29","forecast","0.981454268346264"
"exdqlm_univar_synth","draw_030",457,"2021-01-30","forecast","-0.494945783233284"
"exdqlm_univar_synth","draw_030",457,"2021-01-31","forecast","-0.363644160972485"
"exdqlm_univar_synth","draw_030",457,"2021-02-01","forecast","-0.690267194637707"
"exdqlm_univar_synth","draw_030",457,"2021-02-02","forecast","-0.503479591280653"
"exdqlm_univar_synth","draw_030",457,"2021-02-03","forecast","-0.835355244312336"
"exdqlm_univar_synth","draw_030",457,"2021-02-04","forecast","-0.712389303614115"
"exdqlm_univar_synth","draw_030",457,"2021-02-05","forecast","-0.609719090075974"
"exdqlm_univar_synth","draw_030",457,"2021-02-06","forecast","-0.914281314333090"
"exdqlm_univar_synth","draw_030",457,"2021-02-07","forecast","-0.994955557957921"
"exdqlm_univar_synth","draw_030",457,"2021-02-08","forecast","-0.773370994918375"
"exdqlm_univar_synth","draw_030",457,"2021-02-09","forecast","-0.991864307862946"
"exdqlm_univar_synth","draw_030",457,"2021-02-10","forecast","-0.961906608369638"
"exdqlm_univar_synth","draw_030",457,"2021-02-11","forecast","-0.633977702147624"
"exdqlm_univar_synth","draw_030",457,"2021-02-12","forecast","-0.722995294307809"
"exdqlm_univar_synth","draw_030",457,"2021-02-13","forecast","-0.912620009037764"
"exdqlm_univar_synth","draw_030",457,"2021-02-14","forecast","-1.00195021984145"
"exdqlm_univar_synth","draw_030",457,"2021-02-15","forecast","-0.629794274140493"
"exdqlm_univar_synth","draw_030",457,"2021-02-16","forecast","-0.674905777513879"
"exdqlm_univar_synth","draw_030",457,"2021-02-17","forecast","-0.889439794511611"
"exdqlm_univar_synth","draw_030",457,"2021-02-18","forecast","-1.19720332464546"
"exdqlm_univar_synth","draw_030",457,"2021-02-19","forecast","-0.891825194127464"
"exdqlm_univar_synth","draw_030",457,"2021-02-20","forecast","-1.22376105389742"
"exdqlm_univar_synth","draw_031",473,"2021-01-24","forecast","-1.13479550553255"
"exdqlm_univar_synth","draw_031",473,"2021-01-25","forecast","-0.493096578092108"
"exdqlm_univar_synth","draw_031",473,"2021-01-26","forecast","-0.651168278356276"
"exdqlm_univar_synth","draw_031",473,"2021-01-27","forecast","0.502787481680644"
"exdqlm_univar_synth","draw_031",473,"2021-01-28","forecast","0.161050086894769"
"exdqlm_univar_synth","draw_031",473,"2021-01-29","forecast","0.221966933926231"
"exdqlm_univar_synth","draw_031",473,"2021-01-30","forecast","-0.191696780089275"
"exdqlm_univar_synth","draw_031",473,"2021-01-31","forecast","-0.396691258987016"
"exdqlm_univar_synth","draw_031",473,"2021-02-01","forecast","-0.768931257003422"
"exdqlm_univar_synth","draw_031",473,"2021-02-02","forecast","-0.706459915840852"
"exdqlm_univar_synth","draw_031",473,"2021-02-03","forecast","-0.929259627860886"
"exdqlm_univar_synth","draw_031",473,"2021-02-04","forecast","-0.739712038710093"
"exdqlm_univar_synth","draw_031",473,"2021-02-05","forecast","-1.10534396452466"
"exdqlm_univar_synth","draw_031",473,"2021-02-06","forecast","-1.04292358882318"
"exdqlm_univar_synth","draw_031",473,"2021-02-07","forecast","-1.29535831544777"
"exdqlm_univar_synth","draw_031",473,"2021-02-08","forecast","-1.24869763602248"
"exdqlm_univar_synth","draw_031",473,"2021-02-09","forecast","-1.24983029623005"
"exdqlm_univar_synth","draw_031",473,"2021-02-10","forecast","-0.553777408665479"
"exdqlm_univar_synth","draw_031",473,"2021-02-11","forecast","-0.626213726316249"
"exdqlm_univar_synth","draw_031",473,"2021-02-12","forecast","-0.725091799830957"
"exdqlm_univar_synth","draw_031",473,"2021-02-13","forecast","-0.852743172013262"
"exdqlm_univar_synth","draw_031",473,"2021-02-14","forecast","-0.896015727905781"
"exdqlm_univar_synth","draw_031",473,"2021-02-15","forecast","-0.488874414937948"
"exdqlm_univar_synth","draw_031",473,"2021-02-16","forecast","-0.961002865135920"
"exdqlm_univar_synth","draw_031",473,"2021-02-17","forecast","-1.20180065955391"
"exdqlm_univar_synth","draw_031",473,"2021-02-18","forecast","-0.827919011758025"
"exdqlm_univar_synth","draw_031",473,"2021-02-19","forecast","-0.922038186326280"
"exdqlm_univar_synth","draw_031",473,"2021-02-20","forecast","-0.810725679997705"
"exdqlm_univar_synth","draw_032",489,"2021-01-24","forecast","-0.991618763173105"
"exdqlm_univar_synth","draw_032",489,"2021-01-25","forecast","-0.577312534208517"
"exdqlm_univar_synth","draw_032",489,"2021-01-26","forecast","-0.570265733787674"
"exdqlm_univar_synth","draw_032",489,"2021-01-27","forecast","0.289483799845121"
"exdqlm_univar_synth","draw_032",489,"2021-01-28","forecast","0.438401830678709"
"exdqlm_univar_synth","draw_032",489,"2021-01-29","forecast","0.996320866210343"
"exdqlm_univar_synth","draw_032",489,"2021-01-30","forecast","-0.193460150268227"
"exdqlm_univar_synth","draw_032",489,"2021-01-31","forecast","-0.754677614796621"
"exdqlm_univar_synth","draw_032",489,"2021-02-01","forecast","-1.07294075556977"
"exdqlm_univar_synth","draw_032",489,"2021-02-02","forecast","-0.778334189290643"
"exdqlm_univar_synth","draw_032",489,"2021-02-03","forecast","-0.964668536358243"
"exdqlm_univar_synth","draw_032",489,"2021-02-04","forecast","-0.762588263634455"
"exdqlm_univar_synth","draw_032",489,"2021-02-05","forecast","-0.649399290458922"
"exdqlm_univar_synth","draw_032",489,"2021-02-06","forecast","-0.915440356825550"
"exdqlm_univar_synth","draw_032",489,"2021-02-07","forecast","-1.26858888937155"
"exdqlm_univar_synth","draw_032",489,"2021-02-08","forecast","-0.687619384333263"
"exdqlm_univar_synth","draw_032",489,"2021-02-09","forecast","-0.991520971647969"
"exdqlm_univar_synth","draw_032",489,"2021-02-10","forecast","-0.732855107069920"
"exdqlm_univar_synth","draw_032",489,"2021-02-11","forecast","-1.09076508952918"
"exdqlm_univar_synth","draw_032",489,"2021-02-12","forecast","-1.21514468731731"
"exdqlm_univar_synth","draw_032",489,"2021-02-13","forecast","-1.12609681193349"
"exdqlm_univar_synth","draw_032",489,"2021-02-14","forecast","-0.983415322926414"
"exdqlm_univar_synth","draw_032",489,"2021-02-15","forecast","-0.800728803796500"
"exdqlm_univar_synth","draw_032",489,"2021-02-16","forecast","-0.578581438043122"
"exdqlm_univar_synth","draw_032",489,"2021-02-17","forecast","-0.968703250564694"
"exdqlm_univar_synth","draw_032",489,"2021-02-18","forecast","-0.893504733336096"
"exdqlm_univar_synth","draw_032",489,"2021-02-19","forecast","-0.926326666085911"
"exdqlm_univar_synth","draw_032",489,"2021-02-20","forecast","-0.778520680988375"
"exdqlm_univar_synth","draw_033",505,"2021-01-24","forecast","-0.791653836829618"
"exdqlm_univar_synth","draw_033",505,"2021-01-25","forecast","-0.572548014531518"
"exdqlm_univar_synth","draw_033",505,"2021-01-26","forecast","-0.575448981282242"
"exdqlm_univar_synth","draw_033",505,"2021-01-27","forecast","0.691388143651400"
"exdqlm_univar_synth","draw_033",505,"2021-01-28","forecast","0.780165593205225"
"exdqlm_univar_synth","draw_033",505,"2021-01-29","forecast","1.23707240031041"
"exdqlm_univar_synth","draw_033",505,"2021-01-30","forecast","-0.624537690959018"
"exdqlm_univar_synth","draw_033",505,"2021-01-31","forecast","-0.457816986478407"
"exdqlm_univar_synth","draw_033",505,"2021-02-01","forecast","-0.730312828233959"
"exdqlm_univar_synth","draw_033",505,"2021-02-02","forecast","-0.972907857615115"
"exdqlm_univar_synth","draw_033",505,"2021-02-03","forecast","-1.06030738556317"
"exdqlm_univar_synth","draw_033",505,"2021-02-04","forecast","-0.995533198163460"
"exdqlm_univar_synth","draw_033",505,"2021-02-05","forecast","-0.917749445611964"
"exdqlm_univar_synth","draw_033",505,"2021-02-06","forecast","-0.913991904240411"
"exdqlm_univar_synth","draw_033",505,"2021-02-07","forecast","-0.994319428697283"
"exdqlm_univar_synth","draw_033",505,"2021-02-08","forecast","-0.991258394089782"
"exdqlm_univar_synth","draw_033",505,"2021-02-09","forecast","-1.38584180707482"
"exdqlm_univar_synth","draw_033",505,"2021-02-10","forecast","-0.559174192615782"
"exdqlm_univar_synth","draw_033",505,"2021-02-11","forecast","-1.07520284854618"
"exdqlm_univar_synth","draw_033",505,"2021-02-12","forecast","-0.791026147331142"
"exdqlm_univar_synth","draw_033",505,"2021-02-13","forecast","-1.08047380701670"
"exdqlm_univar_synth","draw_033",505,"2021-02-14","forecast","-1.16978687496863"
"exdqlm_univar_synth","draw_033",505,"2021-02-15","forecast","-0.876255065739735"
"exdqlm_univar_synth","draw_033",505,"2021-02-16","forecast","-0.584472996603135"
"exdqlm_univar_synth","draw_033",505,"2021-02-17","forecast","-0.875695451344944"
"exdqlm_univar_synth","draw_033",505,"2021-02-18","forecast","-1.44668326571173"
"exdqlm_univar_synth","draw_033",505,"2021-02-19","forecast","-1.29940599381858"
"exdqlm_univar_synth","draw_033",505,"2021-02-20","forecast","-1.27135191274283"
"exdqlm_univar_synth","draw_034",520,"2021-01-24","forecast","-0.692582634028960"
"exdqlm_univar_synth","draw_034",520,"2021-01-25","forecast","-0.350938194186837"
"exdqlm_univar_synth","draw_034",520,"2021-01-26","forecast","-0.505125116236585"
"exdqlm_univar_synth","draw_034",520,"2021-01-27","forecast","0.0491239725024568"
"exdqlm_univar_synth","draw_034",520,"2021-01-28","forecast","0.0438295607804948"
"exdqlm_univar_synth","draw_034",520,"2021-01-29","forecast","0.943404831958385"
"exdqlm_univar_synth","draw_034",520,"2021-01-30","forecast","-0.351425699189646"
"exdqlm_univar_synth","draw_034",520,"2021-01-31","forecast","-0.396981169892077"
"exdqlm_univar_synth","draw_034",520,"2021-02-01","forecast","-0.912715391185770"
"exdqlm_univar_synth","draw_034",520,"2021-02-02","forecast","-0.756606943789705"
"exdqlm_univar_synth","draw_034",520,"2021-02-03","forecast","-0.897347937756033"
"exdqlm_univar_synth","draw_034",520,"2021-02-04","forecast","-0.713856480513196"
"exdqlm_univar_synth","draw_034",520,"2021-02-05","forecast","-0.649296886905395"
"exdqlm_univar_synth","draw_034",520,"2021-02-06","forecast","-1.13670666043991"
"exdqlm_univar_synth","draw_034",520,"2021-02-07","forecast","-0.926992438465747"
"exdqlm_univar_synth","draw_034",520,"2021-02-08","forecast","-0.947792415651160"
"exdqlm_univar_synth","draw_034",520,"2021-02-09","forecast","-1.22667470453239"
"exdqlm_univar_synth","draw_034",520,"2021-02-10","forecast","-1.19317475240532"
"exdqlm_univar_synth","draw_034",520,"2021-02-11","forecast","-0.687285053889760"
"exdqlm_univar_synth","draw_034",520,"2021-02-12","forecast","-0.968635634976711"
"exdqlm_univar_synth","draw_034",520,"2021-02-13","forecast","-0.852549935939247"
"exdqlm_univar_synth","draw_034",520,"2021-02-14","forecast","-0.928684641244246"
"exdqlm_univar_synth","draw_034",520,"2021-02-15","forecast","-1.09097559827350"
"exdqlm_univar_synth","draw_034",520,"2021-02-16","forecast","-0.924004485283280"
"exdqlm_univar_synth","draw_034",520,"2021-02-17","forecast","-1.20881212413050"
"exdqlm_univar_synth","draw_034",520,"2021-02-18","forecast","-1.36978061618995"
"exdqlm_univar_synth","draw_034",520,"2021-02-19","forecast","-1.26776750879468"
"exdqlm_univar_synth","draw_034",520,"2021-02-20","forecast","-0.826496131702707"
"exdqlm_univar_synth","draw_035",536,"2021-01-24","forecast","-0.742545851764588"
"exdqlm_univar_synth","draw_035",536,"2021-01-25","forecast","-0.889474945439273"
"exdqlm_univar_synth","draw_035",536,"2021-01-26","forecast","-1.01660615645520"
"exdqlm_univar_synth","draw_035",536,"2021-01-27","forecast","0.905283683654931"
"exdqlm_univar_synth","draw_035",536,"2021-01-28","forecast","0.780544398301137"
"exdqlm_univar_synth","draw_035",536,"2021-01-29","forecast","0.909150802195752"
"exdqlm_univar_synth","draw_035",536,"2021-01-30","forecast","-0.132183301509126"
"exdqlm_univar_synth","draw_035",536,"2021-01-31","forecast","-0.387264518402225"
"exdqlm_univar_synth","draw_035",536,"2021-02-01","forecast","-0.797383489220485"
"exdqlm_univar_synth","draw_035",536,"2021-02-02","forecast","-0.628585904974926"
"exdqlm_univar_synth","draw_035",536,"2021-02-03","forecast","-0.716805243382079"
"exdqlm_univar_synth","draw_035",536,"2021-02-04","forecast","-1.02253202177942"
"exdqlm_univar_synth","draw_035",536,"2021-02-05","forecast","-0.657750087639613"
"exdqlm_univar_synth","draw_035",536,"2021-02-06","forecast","-1.12642703249767"
"exdqlm_univar_synth","draw_035",536,"2021-02-07","forecast","-1.20173050409417"
"exdqlm_univar_synth","draw_035",536,"2021-02-08","forecast","-0.662179655563008"
"exdqlm_univar_synth","draw_035",536,"2021-02-09","forecast","-0.994218312547429"
"exdqlm_univar_synth","draw_035",536,"2021-02-10","forecast","-0.567261075018226"
"exdqlm_univar_synth","draw_035",536,"2021-02-11","forecast","-0.728227632641148"
"exdqlm_univar_synth","draw_035",536,"2021-02-12","forecast","-0.819744742937937"
"exdqlm_univar_synth","draw_035",536,"2021-02-13","forecast","-1.21157113733026"
"exdqlm_univar_synth","draw_035",536,"2021-02-14","forecast","-1.04265401926355"
"exdqlm_univar_synth","draw_035",536,"2021-02-15","forecast","-0.585674820268929"
"exdqlm_univar_synth","draw_035",536,"2021-02-16","forecast","-0.582765310820782"
"exdqlm_univar_synth","draw_035",536,"2021-02-17","forecast","-1.15795096525265"
"exdqlm_univar_synth","draw_035",536,"2021-02-18","forecast","-1.35920311163810"
"exdqlm_univar_synth","draw_035",536,"2021-02-19","forecast","-1.27190316195142"
"exdqlm_univar_synth","draw_035",536,"2021-02-20","forecast","-1.31345518198366"
"exdqlm_univar_synth","draw_036",552,"2021-01-24","forecast","-0.858866488110051"
"exdqlm_univar_synth","draw_036",552,"2021-01-25","forecast","-0.486502096536836"
"exdqlm_univar_synth","draw_036",552,"2021-01-26","forecast","-0.716005060466014"
"exdqlm_univar_synth","draw_036",552,"2021-01-27","forecast","0.194925303917764"
"exdqlm_univar_synth","draw_036",552,"2021-01-28","forecast","0.439633439252977"
"exdqlm_univar_synth","draw_036",552,"2021-01-29","forecast","1.24874218761526"
"exdqlm_univar_synth","draw_036",552,"2021-01-30","forecast","-0.183502017593477"
"exdqlm_univar_synth","draw_036",552,"2021-01-31","forecast","-0.386951423055672"
"exdqlm_univar_synth","draw_036",552,"2021-02-01","forecast","-1.08925516884785"
"exdqlm_univar_synth","draw_036",552,"2021-02-02","forecast","-0.560433051490213"
"exdqlm_univar_synth","draw_036",552,"2021-02-03","forecast","-0.675146319148565"
"exdqlm_univar_synth","draw_036",552,"2021-02-04","forecast","-0.873588285035981"
"exdqlm_univar_synth","draw_036",552,"2021-02-05","forecast","-0.847079613143182"
"exdqlm_univar_synth","draw_036",552,"2021-02-06","forecast","-1.13156726113293"
"exdqlm_univar_synth","draw_036",552,"2021-02-07","forecast","-0.995789726115190"
"exdqlm_univar_synth","draw_036",552,"2021-02-08","forecast","-0.625995733214413"
"exdqlm_univar_synth","draw_036",552,"2021-02-09","forecast","-1.06671105313314"
"exdqlm_univar_synth","draw_036",552,"2021-02-10","forecast","-0.720799874564549"
"exdqlm_univar_synth","draw_036",552,"2021-02-11","forecast","-0.633627674648089"
"exdqlm_univar_synth","draw_036",552,"2021-02-12","forecast","-1.02228184491238"
"exdqlm_univar_synth","draw_036",552,"2021-02-13","forecast","-1.23329100765981"
"exdqlm_univar_synth","draw_036",552,"2021-02-14","forecast","-0.671611446986709"
"exdqlm_univar_synth","draw_036",552,"2021-02-15","forecast","-0.635141267250646"
"exdqlm_univar_synth","draw_036",552,"2021-02-16","forecast","-1.14558532132598"
"exdqlm_univar_synth","draw_036",552,"2021-02-17","forecast","-0.875919346699871"
"exdqlm_univar_synth","draw_036",552,"2021-02-18","forecast","-1.36775360883649"
"exdqlm_univar_synth","draw_036",552,"2021-02-19","forecast","-0.896075504222528"
"exdqlm_univar_synth","draw_036",552,"2021-02-20","forecast","-1.04371526781827"
"exdqlm_univar_synth","draw_037",568,"2021-01-24","forecast","-0.735003819854155"
"exdqlm_univar_synth","draw_037",568,"2021-01-25","forecast","-0.967594604031068"
"exdqlm_univar_synth","draw_037",568,"2021-01-26","forecast","-0.787457247575911"
"exdqlm_univar_synth","draw_037",568,"2021-01-27","forecast","0.460702557236432"
"exdqlm_univar_synth","draw_037",568,"2021-01-28","forecast","0.150563239756416"
"exdqlm_univar_synth","draw_037",568,"2021-01-29","forecast","1.11108040221178"
"exdqlm_univar_synth","draw_037",568,"2021-01-30","forecast","-0.194117335469258"
"exdqlm_univar_synth","draw_037",568,"2021-01-31","forecast","-0.398229153099718"
"exdqlm_univar_synth","draw_037",568,"2021-02-01","forecast","-1.06392538857474"
"exdqlm_univar_synth","draw_037",568,"2021-02-02","forecast","-0.485875475875827"
"exdqlm_univar_synth","draw_037",568,"2021-02-03","forecast","-0.678407535926653"
"exdqlm_univar_synth","draw_037",568,"2021-02-04","forecast","-0.714631216685877"
"exdqlm_univar_synth","draw_037",568,"2021-02-05","forecast","-0.651554408920410"
"exdqlm_univar_synth","draw_037",568,"2021-02-06","forecast","-1.23842860555208"
"exdqlm_univar_synth","draw_037",568,"2021-02-07","forecast","-1.39274057718063"
"exdqlm_univar_synth","draw_037",568,"2021-02-08","forecast","-0.679682583475424"
"exdqlm_univar_synth","draw_037",568,"2021-02-09","forecast","-0.987748717446692"
"exdqlm_univar_synth","draw_037",568,"2021-02-10","forecast","-0.949147455164918"
"exdqlm_univar_synth","draw_037",568,"2021-02-11","forecast","-0.606475558934470"
"exdqlm_univar_synth","draw_037",568,"2021-02-12","forecast","-0.722966578970753"
"exdqlm_univar_synth","draw_037",568,"2021-02-13","forecast","-1.36331623196831"
"exdqlm_univar_synth","draw_037",568,"2021-02-14","forecast","-0.941379514643473"
"exdqlm_univar_synth","draw_037",568,"2021-02-15","forecast","-1.08618705414707"
"exdqlm_univar_synth","draw_037",568,"2021-02-16","forecast","-1.02020496729077"
"exdqlm_univar_synth","draw_037",568,"2021-02-17","forecast","-0.873327628712150"
"exdqlm_univar_synth","draw_037",568,"2021-02-18","forecast","-0.970964635168161"
"exdqlm_univar_synth","draw_037",568,"2021-02-19","forecast","-0.912902787189990"
"exdqlm_univar_synth","draw_037",568,"2021-02-20","forecast","-1.25971747934012"
"exdqlm_univar_synth","draw_038",583,"2021-01-24","forecast","-0.745022961720758"
"exdqlm_univar_synth","draw_038",583,"2021-01-25","forecast","-0.940362333121794"
"exdqlm_univar_synth","draw_038",583,"2021-01-26","forecast","-0.850320283582454"
"exdqlm_univar_synth","draw_038",583,"2021-01-27","forecast","-0.244759508138301"
"exdqlm_univar_synth","draw_038",583,"2021-01-28","forecast","0.454679424988339"
"exdqlm_univar_synth","draw_038",583,"2021-01-29","forecast","0.877461640511395"
"exdqlm_univar_synth","draw_038",583,"2021-01-30","forecast","-0.105494779830784"
"exdqlm_univar_synth","draw_038",583,"2021-01-31","forecast","-0.978622697229501"
"exdqlm_univar_synth","draw_038",583,"2021-02-01","forecast","-1.07269007299659"
"exdqlm_univar_synth","draw_038",583,"2021-02-02","forecast","-0.572767953568325"
"exdqlm_univar_synth","draw_038",583,"2021-02-03","forecast","-1.16569052859902"
"exdqlm_univar_synth","draw_038",583,"2021-02-04","forecast","-0.751203287379231"
"exdqlm_univar_synth","draw_038",583,"2021-02-05","forecast","-0.625255671789262"
"exdqlm_univar_synth","draw_038",583,"2021-02-06","forecast","-1.16539907773508"
"exdqlm_univar_synth","draw_038",583,"2021-02-07","forecast","-1.40707376518797"
"exdqlm_univar_synth","draw_038",583,"2021-02-08","forecast","-0.719094947191453"
"exdqlm_univar_synth","draw_038",583,"2021-02-09","forecast","-0.993062990858928"
"exdqlm_univar_synth","draw_038",583,"2021-02-10","forecast","-0.549070076954177"
"exdqlm_univar_synth","draw_038",583,"2021-02-11","forecast","-0.406598652590400"
"exdqlm_univar_synth","draw_038",583,"2021-02-12","forecast","-1.14911143514479"
"exdqlm_univar_synth","draw_038",583,"2021-02-13","forecast","-1.31230252185953"
"exdqlm_univar_synth","draw_038",583,"2021-02-14","forecast","-0.668830835048220"
"exdqlm_univar_synth","draw_038",583,"2021-02-15","forecast","-0.601657801900571"
"exdqlm_univar_synth","draw_038",583,"2021-02-16","forecast","-0.929559034203456"
"exdqlm_univar_synth","draw_038",583,"2021-02-17","forecast","-1.26812568685965"
"exdqlm_univar_synth","draw_038",583,"2021-02-18","forecast","-0.827517459347912"
"exdqlm_univar_synth","draw_038",583,"2021-02-19","forecast","-0.802817866732351"
"exdqlm_univar_synth","draw_038",583,"2021-02-20","forecast","-0.827231535382679"
"exdqlm_univar_synth","draw_039",599,"2021-01-24","forecast","-0.878428530759861"
"exdqlm_univar_synth","draw_039",599,"2021-01-25","forecast","-0.929763192889372"
"exdqlm_univar_synth","draw_039",599,"2021-01-26","forecast","-0.855736612031745"
"exdqlm_univar_synth","draw_039",599,"2021-01-27","forecast","0.150379907378729"
"exdqlm_univar_synth","draw_039",599,"2021-01-28","forecast","0.0240576165700312"
"exdqlm_univar_synth","draw_039",599,"2021-01-29","forecast","0.979746940588367"
"exdqlm_univar_synth","draw_039",599,"2021-01-30","forecast","-0.500552268196638"
"exdqlm_univar_synth","draw_039",599,"2021-01-31","forecast","-0.288955513539949"
"exdqlm_univar_synth","draw_039",599,"2021-02-01","forecast","-0.733743066290578"
"exdqlm_univar_synth","draw_039",599,"2021-02-02","forecast","-0.543841638360463"
"exdqlm_univar_synth","draw_039",599,"2021-02-03","forecast","-0.688512698220547"
"exdqlm_univar_synth","draw_039",599,"2021-02-04","forecast","-1.09660452479199"
"exdqlm_univar_synth","draw_039",599,"2021-02-05","forecast","-1.01626190886654"
"exdqlm_univar_synth","draw_039",599,"2021-02-06","forecast","-0.915461591440946"
"exdqlm_univar_synth","draw_039",599,"2021-02-07","forecast","-0.995918087523371"
"exdqlm_univar_synth","draw_039",599,"2021-02-08","forecast","-1.26523149646377"
"exdqlm_univar_synth","draw_039",599,"2021-02-09","forecast","-0.988132786357406"
"exdqlm_univar_synth","draw_039",599,"2021-02-10","forecast","-1.00588877992306"
"exdqlm_univar_synth","draw_039",599,"2021-02-11","forecast","-1.10117793614010"
"exdqlm_univar_synth","draw_039",599,"2021-02-12","forecast","-1.12205742900165"
"exdqlm_univar_synth","draw_039",599,"2021-02-13","forecast","-0.820417024567774"
"exdqlm_univar_synth","draw_039",599,"2021-02-14","forecast","-0.670787051955743"
"exdqlm_univar_synth","draw_039",599,"2021-02-15","forecast","-0.745773302139163"
"exdqlm_univar_synth","draw_039",599,"2021-02-16","forecast","-0.578418864562115"
"exdqlm_univar_synth","draw_039",599,"2021-02-17","forecast","-0.880166374767514"
"exdqlm_univar_synth","draw_039",599,"2021-02-18","forecast","-0.904781764546886"
"exdqlm_univar_synth","draw_039",599,"2021-02-19","forecast","-0.982161475013273"
"exdqlm_univar_synth","draw_039",599,"2021-02-20","forecast","-0.827134317625209"
"exdqlm_univar_synth","draw_040",615,"2021-01-24","forecast","-0.845074216899603"
"exdqlm_univar_synth","draw_040",615,"2021-01-25","forecast","-0.777814329301401"
"exdqlm_univar_synth","draw_040",615,"2021-01-26","forecast","-1.02459712902040"
"exdqlm_univar_synth","draw_040",615,"2021-01-27","forecast","-0.110729125595407"
"exdqlm_univar_synth","draw_040",615,"2021-01-28","forecast","0.751312338813505"
"exdqlm_univar_synth","draw_040",615,"2021-01-29","forecast","0.914787644806854"
"exdqlm_univar_synth","draw_040",615,"2021-01-30","forecast","-0.494899865354687"
"exdqlm_univar_synth","draw_040",615,"2021-01-31","forecast","-0.820441330537844"
"exdqlm_univar_synth","draw_040",615,"2021-02-01","forecast","-0.758284058319646"
"exdqlm_univar_synth","draw_040",615,"2021-02-02","forecast","-0.799396982565882"
"exdqlm_univar_synth","draw_040",615,"2021-02-03","forecast","-1.02685554102974"
"exdqlm_univar_synth","draw_040",615,"2021-02-04","forecast","-0.717106217947322"
"exdqlm_univar_synth","draw_040",615,"2021-02-05","forecast","-1.02619287627112"
"exdqlm_univar_synth","draw_040",615,"2021-02-06","forecast","-1.13970786855372"
"exdqlm_univar_synth","draw_040",615,"2021-02-07","forecast","-0.993599019167067"
"exdqlm_univar_synth","draw_040",615,"2021-02-08","forecast","-1.01492098079728"
"exdqlm_univar_synth","draw_040",615,"2021-02-09","forecast","-0.991324537475972"
"exdqlm_univar_synth","draw_040",615,"2021-02-10","forecast","-1.08810481312371"
"exdqlm_univar_synth","draw_040",615,"2021-02-11","forecast","-0.562613249668735"
"exdqlm_univar_synth","draw_040",615,"2021-02-12","forecast","-0.738319186502972"
"exdqlm_univar_synth","draw_040",615,"2021-02-13","forecast","-0.816016217723829"
"exdqlm_univar_synth","draw_040",615,"2021-02-14","forecast","-1.10665376392654"
"exdqlm_univar_synth","draw_040",615,"2021-02-15","forecast","-0.631977134336972"
"exdqlm_univar_synth","draw_040",615,"2021-02-16","forecast","-0.583320614454371"
"exdqlm_univar_synth","draw_040",615,"2021-02-17","forecast","-0.874108277013619"
"exdqlm_univar_synth","draw_040",615,"2021-02-18","forecast","-0.829207599709959"
"exdqlm_univar_synth","draw_040",615,"2021-02-19","forecast","-1.26761041256815"
"exdqlm_univar_synth","draw_040",615,"2021-02-20","forecast","-1.29204529668205"
"exdqlm_univar_synth","draw_041",631,"2021-01-24","forecast","-0.642013905136396"
"exdqlm_univar_synth","draw_041",631,"2021-01-25","forecast","-0.778506827331607"
"exdqlm_univar_synth","draw_041",631,"2021-01-26","forecast","-0.669400815959956"
"exdqlm_univar_synth","draw_041",631,"2021-01-27","forecast","-0.0340037476675837"
"exdqlm_univar_synth","draw_041",631,"2021-01-28","forecast","1.03277385557971"
"exdqlm_univar_synth","draw_041",631,"2021-01-29","forecast","0.916447076363227"
"exdqlm_univar_synth","draw_041",631,"2021-01-30","forecast","-0.196300762761083"
"exdqlm_univar_synth","draw_041",631,"2021-01-31","forecast","-0.375222457844364"
"exdqlm_univar_synth","draw_041",631,"2021-02-01","forecast","-0.905685094371749"
"exdqlm_univar_synth","draw_041",631,"2021-02-02","forecast","-0.534616540696933"
"exdqlm_univar_synth","draw_041",631,"2021-02-03","forecast","-0.677713404910120"
"exdqlm_univar_synth","draw_041",631,"2021-02-04","forecast","-1.20260558936787"
"exdqlm_univar_synth","draw_041",631,"2021-02-05","forecast","-1.01222241560661"
"exdqlm_univar_synth","draw_041",631,"2021-02-06","forecast","-1.17680552171953"
"exdqlm_univar_synth","draw_041",631,"2021-02-07","forecast","-1.00802516472751"
"exdqlm_univar_synth","draw_041",631,"2021-02-08","forecast","-0.658531463100458"
"exdqlm_univar_synth","draw_041",631,"2021-02-09","forecast","-1.18053902965206"
"exdqlm_univar_synth","draw_041",631,"2021-02-10","forecast","-0.551704213661472"
"exdqlm_univar_synth","draw_041",631,"2021-02-11","forecast","-0.637205358027864"
"exdqlm_univar_synth","draw_041",631,"2021-02-12","forecast","-0.722582818223319"
"exdqlm_univar_synth","draw_041",631,"2021-02-13","forecast","-1.42914763991505"
"exdqlm_univar_synth","draw_041",631,"2021-02-14","forecast","-1.32498564621676"
"exdqlm_univar_synth","draw_041",631,"2021-02-15","forecast","-1.04738468160430"
"exdqlm_univar_synth","draw_041",631,"2021-02-16","forecast","-0.580476400812064"
"exdqlm_univar_synth","draw_041",631,"2021-02-17","forecast","-0.805606217651104"
"exdqlm_univar_synth","draw_041",631,"2021-02-18","forecast","-0.823430335233295"
"exdqlm_univar_synth","draw_041",631,"2021-02-19","forecast","-1.22146968977641"
"exdqlm_univar_synth","draw_041",631,"2021-02-20","forecast","-1.32274437184631"
"exdqlm_univar_synth","draw_042",646,"2021-01-24","forecast","-1.02978711427000"
"exdqlm_univar_synth","draw_042",646,"2021-01-25","forecast","-0.788550580196939"
"exdqlm_univar_synth","draw_042",646,"2021-01-26","forecast","-0.651579608312763"
"exdqlm_univar_synth","draw_042",646,"2021-01-27","forecast","-0.261285749515149"
"exdqlm_univar_synth","draw_042",646,"2021-01-28","forecast","0.852146570789564"
"exdqlm_univar_synth","draw_042",646,"2021-01-29","forecast","0.722001823072973"
"exdqlm_univar_synth","draw_042",646,"2021-01-30","forecast","-0.606256494113457"
"exdqlm_univar_synth","draw_042",646,"2021-01-31","forecast","-0.288177483343176"
"exdqlm_univar_synth","draw_042",646,"2021-02-01","forecast","-0.769300558981105"
"exdqlm_univar_synth","draw_042",646,"2021-02-02","forecast","-0.924585807682078"
"exdqlm_univar_synth","draw_042",646,"2021-02-03","forecast","-0.680064524040220"
"exdqlm_univar_synth","draw_042",646,"2021-02-04","forecast","-0.714180670469496"
"exdqlm_univar_synth","draw_042",646,"2021-02-05","forecast","-0.668378409200738"
"exdqlm_univar_synth","draw_042",646,"2021-02-06","forecast","-1.10382412962021"
"exdqlm_univar_synth","draw_042",646,"2021-02-07","forecast","-0.848217436369492"
"exdqlm_univar_synth","draw_042",646,"2021-02-08","forecast","-1.02743742373659"
"exdqlm_univar_synth","draw_042",646,"2021-02-09","forecast","-0.991552138770805"
"exdqlm_univar_synth","draw_042",646,"2021-02-10","forecast","-0.548902951652303"
"exdqlm_univar_synth","draw_042",646,"2021-02-11","forecast","-0.615107581660467"
"exdqlm_univar_synth","draw_042",646,"2021-02-12","forecast","-0.772468538547696"
"exdqlm_univar_synth","draw_042",646,"2021-02-13","forecast","-1.34190645914500"
"exdqlm_univar_synth","draw_042",646,"2021-02-14","forecast","-1.05812324675037"
"exdqlm_univar_synth","draw_042",646,"2021-02-15","forecast","-0.942999896589214"
"exdqlm_univar_synth","draw_042",646,"2021-02-16","forecast","-0.903039465717162"
"exdqlm_univar_synth","draw_042",646,"2021-02-17","forecast","-0.874612749938480"
"exdqlm_univar_synth","draw_042",646,"2021-02-18","forecast","-1.06399087085927"
"exdqlm_univar_synth","draw_042",646,"2021-02-19","forecast","-1.27529787482088"
"exdqlm_univar_synth","draw_042",646,"2021-02-20","forecast","-0.827182687816764"
"exdqlm_univar_synth","draw_043",662,"2021-01-24","forecast","-0.925839765334594"
"exdqlm_univar_synth","draw_043",662,"2021-01-25","forecast","-0.686321909112540"
"exdqlm_univar_synth","draw_043",662,"2021-01-26","forecast","-0.814584087649530"
"exdqlm_univar_synth","draw_043",662,"2021-01-27","forecast","0.503299458719102"
"exdqlm_univar_synth","draw_043",662,"2021-01-28","forecast","0.231419823625165"
"exdqlm_univar_synth","draw_043",662,"2021-01-29","forecast","0.980073921257880"
"exdqlm_univar_synth","draw_043",662,"2021-01-30","forecast","-0.195263571639896"
"exdqlm_univar_synth","draw_043",662,"2021-01-31","forecast","-0.271144875797453"
"exdqlm_univar_synth","draw_043",662,"2021-02-01","forecast","-1.09279244756571"
"exdqlm_univar_synth","draw_043",662,"2021-02-02","forecast","-0.617536066805419"
"exdqlm_univar_synth","draw_043",662,"2021-02-03","forecast","-0.676432430042361"
"exdqlm_univar_synth","draw_043",662,"2021-02-04","forecast","-0.713945137826054"
"exdqlm_univar_synth","draw_043",662,"2021-02-05","forecast","-1.11251556401063"
"exdqlm_univar_synth","draw_043",662,"2021-02-06","forecast","-0.920167821527022"
"exdqlm_univar_synth","draw_043",662,"2021-02-07","forecast","-1.16902210553760"
"exdqlm_univar_synth","draw_043",662,"2021-02-08","forecast","-0.679837402907238"
"exdqlm_univar_synth","draw_043",662,"2021-02-09","forecast","-1.18370342297051"
"exdqlm_univar_synth","draw_043",662,"2021-02-10","forecast","-0.548946573681936"
"exdqlm_univar_synth","draw_043",662,"2021-02-11","forecast","-0.719761216275820"
"exdqlm_univar_synth","draw_043",662,"2021-02-12","forecast","-0.730897619888408"
"exdqlm_univar_synth","draw_043",662,"2021-02-13","forecast","-0.835462719261314"
"exdqlm_univar_synth","draw_043",662,"2021-02-14","forecast","-0.668594896239495"
"exdqlm_univar_synth","draw_043",662,"2021-02-15","forecast","-1.23893226063632"
"exdqlm_univar_synth","draw_043",662,"2021-02-16","forecast","-0.652320813008918"
"exdqlm_univar_synth","draw_043",662,"2021-02-17","forecast","-1.27152738750859"
"exdqlm_univar_synth","draw_043",662,"2021-02-18","forecast","-1.08697464343940"
"exdqlm_univar_synth","draw_043",662,"2021-02-19","forecast","-0.934869010844440"
"exdqlm_univar_synth","draw_043",662,"2021-02-20","forecast","-0.821085890998928"
"exdqlm_univar_synth","draw_044",678,"2021-01-24","forecast","-0.713744924359879"
"exdqlm_univar_synth","draw_044",678,"2021-01-25","forecast","-0.472554488228117"
"exdqlm_univar_synth","draw_044",678,"2021-01-26","forecast","-0.529525355009596"
"exdqlm_univar_synth","draw_044",678,"2021-01-27","forecast","0.129182783329059"
"exdqlm_univar_synth","draw_044",678,"2021-01-28","forecast","0.150811443551143"
"exdqlm_univar_synth","draw_044",678,"2021-01-29","forecast","0.377013570544808"
"exdqlm_univar_synth","draw_044",678,"2021-01-30","forecast","-0.198198975339507"
"exdqlm_univar_synth","draw_044",678,"2021-01-31","forecast","-0.586238605876816"
"exdqlm_univar_synth","draw_044",678,"2021-02-01","forecast","-0.759815848782733"
"exdqlm_univar_synth","draw_044",678,"2021-02-02","forecast","-0.567592816409814"
"exdqlm_univar_synth","draw_044",678,"2021-02-03","forecast","-0.677652850160339"
"exdqlm_univar_synth","draw_044",678,"2021-02-04","forecast","-1.16204247300077"
"exdqlm_univar_synth","draw_044",678,"2021-02-05","forecast","-1.04972146404883"
"exdqlm_univar_synth","draw_044",678,"2021-02-06","forecast","-1.08589027736094"
"exdqlm_univar_synth","draw_044",678,"2021-02-07","forecast","-1.16576172034000"
"exdqlm_univar_synth","draw_044",678,"2021-02-08","forecast","-0.946434123222142"
"exdqlm_univar_synth","draw_044",678,"2021-02-09","forecast","-0.988325220418700"
"exdqlm_univar_synth","draw_044",678,"2021-02-10","forecast","-0.745418911584065"
"exdqlm_univar_synth","draw_044",678,"2021-02-11","forecast","-0.632541072774021"
"exdqlm_univar_synth","draw_044",678,"2021-02-12","forecast","-0.725258229520125"
"exdqlm_univar_synth","draw_044",678,"2021-02-13","forecast","-1.07852820565947"
"exdqlm_univar_synth","draw_044",678,"2021-02-14","forecast","-0.580104629064447"
"exdqlm_univar_synth","draw_044",678,"2021-02-15","forecast","-0.588177098730455"
"exdqlm_univar_synth","draw_044",678,"2021-02-16","forecast","-0.351354170863687"
"exdqlm_univar_synth","draw_044",678,"2021-02-17","forecast","-0.873778516443633"
"exdqlm_univar_synth","draw_044",678,"2021-02-18","forecast","-0.858668377497033"
"exdqlm_univar_synth","draw_044",678,"2021-02-19","forecast","-0.888255272612305"
"exdqlm_univar_synth","draw_044",678,"2021-02-20","forecast","-0.916680393968012"
"exdqlm_univar_synth","draw_045",694,"2021-01-24","forecast","-0.961512712188979"
"exdqlm_univar_synth","draw_045",694,"2021-01-25","forecast","-0.528384705821153"
"exdqlm_univar_synth","draw_045",694,"2021-01-26","forecast","-0.970134247483152"
"exdqlm_univar_synth","draw_045",694,"2021-01-27","forecast","0.821601493633722"
"exdqlm_univar_synth","draw_045",694,"2021-01-28","forecast","0.852919785007404"
"exdqlm_univar_synth","draw_045",694,"2021-01-29","forecast","0.456093546535293"
"exdqlm_univar_synth","draw_045",694,"2021-01-30","forecast","-0.198119930011015"
"exdqlm_univar_synth","draw_045",694,"2021-01-31","forecast","-0.235406078302658"
"exdqlm_univar_synth","draw_045",694,"2021-02-01","forecast","-0.753046946384982"
"exdqlm_univar_synth","draw_045",694,"2021-02-02","forecast","-0.568887009452378"
"exdqlm_univar_synth","draw_045",694,"2021-02-03","forecast","-0.692985943836085"
"exdqlm_univar_synth","draw_045",694,"2021-02-04","forecast","-0.712385074584398"
"exdqlm_univar_synth","draw_045",694,"2021-02-05","forecast","-0.934821040999601"
"exdqlm_univar_synth","draw_045",694,"2021-02-06","forecast","-0.913775272998339"
"exdqlm_univar_synth","draw_045",694,"2021-02-07","forecast","-1.27374207845353"
"exdqlm_univar_synth","draw_045",694,"2021-02-08","forecast","-0.612857668345631"
"exdqlm_univar_synth","draw_045",694,"2021-02-09","forecast","-1.36688055759628"
"exdqlm_univar_synth","draw_045",694,"2021-02-10","forecast","-0.549977890869305"
"exdqlm_univar_synth","draw_045",694,"2021-02-11","forecast","-0.884758250828816"
"exdqlm_univar_synth","draw_045",694,"2021-02-12","forecast","-0.792740035194557"
"exdqlm_univar_synth","draw_045",694,"2021-02-13","forecast","-0.854206071610759"
"exdqlm_univar_synth","draw_045",694,"2021-02-14","forecast","-0.769068472514885"
"exdqlm_univar_synth","draw_045",694,"2021-02-15","forecast","-0.626812419894475"
"exdqlm_univar_synth","draw_045",694,"2021-02-16","forecast","-1.14058544058215"
"exdqlm_univar_synth","draw_045",694,"2021-02-17","forecast","-1.36254756267750"
"exdqlm_univar_synth","draw_045",694,"2021-02-18","forecast","-0.829652341718826"
"exdqlm_univar_synth","draw_045",694,"2021-02-19","forecast","-0.896060357801429"
"exdqlm_univar_synth","draw_045",694,"2021-02-20","forecast","-1.21576390794362"
"exdqlm_univar_synth","draw_046",709,"2021-01-24","forecast","-0.883374642647513"
"exdqlm_univar_synth","draw_046",709,"2021-01-25","forecast","-0.543066484816857"
"exdqlm_univar_synth","draw_046",709,"2021-01-26","forecast","-0.574358701767090"
"exdqlm_univar_synth","draw_046",709,"2021-01-27","forecast","0.596433256135499"
"exdqlm_univar_synth","draw_046",709,"2021-01-28","forecast","0.0262286965329877"
"exdqlm_univar_synth","draw_046",709,"2021-01-29","forecast","1.19301353179599"
"exdqlm_univar_synth","draw_046",709,"2021-01-30","forecast","-0.0151202793399306"
"exdqlm_univar_synth","draw_046",709,"2021-01-31","forecast","-0.977160599236215"
"exdqlm_univar_synth","draw_046",709,"2021-02-01","forecast","-0.754273052456747"
"exdqlm_univar_synth","draw_046",709,"2021-02-02","forecast","-0.555997953295658"
"exdqlm_univar_synth","draw_046",709,"2021-02-03","forecast","-0.885384564676698"
"exdqlm_univar_synth","draw_046",709,"2021-02-04","forecast","-1.07533814452956"
"exdqlm_univar_synth","draw_046",709,"2021-02-05","forecast","-0.582578020314123"
"exdqlm_univar_synth","draw_046",709,"2021-02-06","forecast","-0.980256118355212"
"exdqlm_univar_synth","draw_046",709,"2021-02-07","forecast","-0.992726074810993"
"exdqlm_univar_synth","draw_046",709,"2021-02-08","forecast","-1.05997692424581"
"exdqlm_univar_synth","draw_046",709,"2021-02-09","forecast","-1.03675855889798"
"exdqlm_univar_synth","draw_046",709,"2021-02-10","forecast","-0.573204321912789"
"exdqlm_univar_synth","draw_046",709,"2021-02-11","forecast","-0.567655247575865"
"exdqlm_univar_synth","draw_046",709,"2021-02-12","forecast","-0.724882083607684"
"exdqlm_univar_synth","draw_046",709,"2021-02-13","forecast","-0.886013681532971"
"exdqlm_univar_synth","draw_046",709,"2021-02-14","forecast","-1.03472973535343"
"exdqlm_univar_synth","draw_046",709,"2021-02-15","forecast","-0.503069859187026"
"exdqlm_univar_synth","draw_046",709,"2021-02-16","forecast","-0.584449264494801"
"exdqlm_univar_synth","draw_046",709,"2021-02-17","forecast","-1.04121726421327"
"exdqlm_univar_synth","draw_046",709,"2021-02-18","forecast","-1.04528206888392"
"exdqlm_univar_synth","draw_046",709,"2021-02-19","forecast","-0.885396248088740"
"exdqlm_univar_synth","draw_046",709,"2021-02-20","forecast","-1.23673424652804"
"exdqlm_univar_synth","draw_047",725,"2021-01-24","forecast","-0.635793275011863"
"exdqlm_univar_synth","draw_047",725,"2021-01-25","forecast","-0.525604050305260"
"exdqlm_univar_synth","draw_047",725,"2021-01-26","forecast","-0.740806997169923"
"exdqlm_univar_synth","draw_047",725,"2021-01-27","forecast","0.0972379977780138"
"exdqlm_univar_synth","draw_047",725,"2021-01-28","forecast","0.817133508767028"
"exdqlm_univar_synth","draw_047",725,"2021-01-29","forecast","1.12793133054814"
"exdqlm_univar_synth","draw_047",725,"2021-01-30","forecast","-0.579377516564316"
"exdqlm_univar_synth","draw_047",725,"2021-01-31","forecast","-0.774414498600153"
"exdqlm_univar_synth","draw_047",725,"2021-02-01","forecast","-0.809840908058371"
"exdqlm_univar_synth","draw_047",725,"2021-02-02","forecast","-0.953595352554108"
"exdqlm_univar_synth","draw_047",725,"2021-02-03","forecast","-0.528255308648132"
"exdqlm_univar_synth","draw_047",725,"2021-02-04","forecast","-0.714003621091357"
"exdqlm_univar_synth","draw_047",725,"2021-02-05","forecast","-0.811616738828781"
"exdqlm_univar_synth","draw_047",725,"2021-02-06","forecast","-1.12098058525925"
"exdqlm_univar_synth","draw_047",725,"2021-02-07","forecast","-0.996512299514657"
"exdqlm_univar_synth","draw_047",725,"2021-02-08","forecast","-0.728324624801492"
"exdqlm_univar_synth","draw_047",725,"2021-02-09","forecast","-1.01203113929248"
"exdqlm_univar_synth","draw_047",725,"2021-02-10","forecast","-1.12559017973297"
"exdqlm_univar_synth","draw_047",725,"2021-02-11","forecast","-1.10872770759686"
"exdqlm_univar_synth","draw_047",725,"2021-02-12","forecast","-0.853283959163532"
"exdqlm_univar_synth","draw_047",725,"2021-02-13","forecast","-1.09886404412016"
"exdqlm_univar_synth","draw_047",725,"2021-02-14","forecast","-1.08808486626737"
"exdqlm_univar_synth","draw_047",725,"2021-02-15","forecast","-0.612823567961719"
"exdqlm_univar_synth","draw_047",725,"2021-02-16","forecast","-0.651202355915104"
"exdqlm_univar_synth","draw_047",725,"2021-02-17","forecast","-1.03452556018467"
"exdqlm_univar_synth","draw_047",725,"2021-02-18","forecast","-1.10616085349553"
"exdqlm_univar_synth","draw_047",725,"2021-02-19","forecast","-0.894427130572940"
"exdqlm_univar_synth","draw_047",725,"2021-02-20","forecast","-1.14230206045633"
"exdqlm_univar_synth","draw_048",741,"2021-01-24","forecast","-0.911053924950830"
"exdqlm_univar_synth","draw_048",741,"2021-01-25","forecast","-0.444970306516758"
"exdqlm_univar_synth","draw_048",741,"2021-01-26","forecast","-0.869344449880426"
"exdqlm_univar_synth","draw_048",741,"2021-01-27","forecast","0.459436658960733"
"exdqlm_univar_synth","draw_048",741,"2021-01-28","forecast","0.792236486436970"
"exdqlm_univar_synth","draw_048",741,"2021-01-29","forecast","0.243093951494577"
"exdqlm_univar_synth","draw_048",741,"2021-01-30","forecast","-0.689607516382346"
"exdqlm_univar_synth","draw_048",741,"2021-01-31","forecast","-0.387089081658311"
"exdqlm_univar_synth","draw_048",741,"2021-02-01","forecast","-1.09774582534008"
"exdqlm_univar_synth","draw_048",741,"2021-02-02","forecast","-0.938284566671232"
"exdqlm_univar_synth","draw_048",741,"2021-02-03","forecast","-0.677771106169507"
"exdqlm_univar_synth","draw_048",741,"2021-02-04","forecast","-0.752049374248240"
"exdqlm_univar_synth","draw_048",741,"2021-02-05","forecast","-0.456637793070296"
"exdqlm_univar_synth","draw_048",741,"2021-02-06","forecast","-0.915791383034503"
"exdqlm_univar_synth","draw_048",741,"2021-02-07","forecast","-1.44328170136958"
"exdqlm_univar_synth","draw_048",741,"2021-02-08","forecast","-1.14975480849946"
"exdqlm_univar_synth","draw_048",741,"2021-02-09","forecast","-0.994179061457535"
"exdqlm_univar_synth","draw_048",741,"2021-02-10","forecast","-0.555845385533519"
"exdqlm_univar_synth","draw_048",741,"2021-02-11","forecast","-0.561702676176189"
"exdqlm_univar_synth","draw_048",741,"2021-02-12","forecast","-1.39956784664777"
"exdqlm_univar_synth","draw_048",741,"2021-02-13","forecast","-0.852204742810292"
"exdqlm_univar_synth","draw_048",741,"2021-02-14","forecast","-0.672448931142530"
"exdqlm_univar_synth","draw_048",741,"2021-02-15","forecast","-0.477728168689375"
"exdqlm_univar_synth","draw_048",741,"2021-02-16","forecast","-0.948884546080083"
"exdqlm_univar_synth","draw_048",741,"2021-02-17","forecast","-1.19143564273323"
"exdqlm_univar_synth","draw_048",741,"2021-02-18","forecast","-0.827618995349417"
"exdqlm_univar_synth","draw_048",741,"2021-02-19","forecast","-0.898806560015483"
"exdqlm_univar_synth","draw_048",741,"2021-02-20","forecast","-0.947531287970338"
"exdqlm_univar_synth","draw_049",757,"2021-01-24","forecast","-1.02022073428699"
"exdqlm_univar_synth","draw_049",757,"2021-01-25","forecast","-0.578899099778804"
"exdqlm_univar_synth","draw_049",757,"2021-01-26","forecast","-0.656566763864273"
"exdqlm_univar_synth","draw_049",757,"2021-01-27","forecast","0.457338124420327"
"exdqlm_univar_synth","draw_049",757,"2021-01-28","forecast","1.10658065141784"
"exdqlm_univar_synth","draw_049",757,"2021-01-29","forecast","0.935695229074818"
"exdqlm_univar_synth","draw_049",757,"2021-01-30","forecast","-0.777267796453157"
"exdqlm_univar_synth","draw_049",757,"2021-01-31","forecast","-0.420490578171677"
"exdqlm_univar_synth","draw_049",757,"2021-02-01","forecast","-0.906807360828231"
"exdqlm_univar_synth","draw_049",757,"2021-02-02","forecast","-0.587420998964642"
"exdqlm_univar_synth","draw_049",757,"2021-02-03","forecast","-0.820571893533909"
"exdqlm_univar_synth","draw_049",757,"2021-02-04","forecast","-0.711877176323609"
"exdqlm_univar_synth","draw_049",757,"2021-02-05","forecast","-0.805031651116853"
"exdqlm_univar_synth","draw_049",757,"2021-02-06","forecast","-1.32014160326808"
"exdqlm_univar_synth","draw_049",757,"2021-02-07","forecast","-1.01014259537948"
"exdqlm_univar_synth","draw_049",757,"2021-02-08","forecast","-0.701736805666451"
"exdqlm_univar_synth","draw_049",757,"2021-02-09","forecast","-0.963030954105241"
"exdqlm_univar_synth","draw_049",757,"2021-02-10","forecast","-0.553050013278973"
"exdqlm_univar_synth","draw_049",757,"2021-02-11","forecast","-0.674319211482806"
"exdqlm_univar_synth","draw_049",757,"2021-02-12","forecast","-0.731449209161771"
"exdqlm_univar_synth","draw_049",757,"2021-02-13","forecast","-1.32440509318133"
"exdqlm_univar_synth","draw_049",757,"2021-02-14","forecast","0"
"exdqlm_univar_synth","draw_049",757,"2021-02-15","forecast","-0.630851944618425"
"exdqlm_univar_synth","draw_049",757,"2021-02-16","forecast","-0.583004259220179"
"exdqlm_univar_synth","draw_049",757,"2021-02-17","forecast","-0.874404323569173"
"exdqlm_univar_synth","draw_049",757,"2021-02-18","forecast","-0.991466040000535"
"exdqlm_univar_synth","draw_049",757,"2021-02-19","forecast","-1.05955333588368"
"exdqlm_univar_synth","draw_049",757,"2021-02-20","forecast","-1.05201295009815"
"exdqlm_univar_synth","draw_050",772,"2021-01-24","forecast","-0.742633750734557"
"exdqlm_univar_synth","draw_050",772,"2021-01-25","forecast","-0.660864162791940"
"exdqlm_univar_synth","draw_050",772,"2021-01-26","forecast","-0.994381287159204"
"exdqlm_univar_synth","draw_050",772,"2021-01-27","forecast","0.595782330524357"
"exdqlm_univar_synth","draw_050",772,"2021-01-28","forecast","0.604430012748437"
"exdqlm_univar_synth","draw_050",772,"2021-01-29","forecast","0.879930392654802"
"exdqlm_univar_synth","draw_050",772,"2021-01-30","forecast","-0.471122406725331"
"exdqlm_univar_synth","draw_050",772,"2021-01-31","forecast","-0.259825366857592"
"exdqlm_univar_synth","draw_050",772,"2021-02-01","forecast","-0.889405007089953"
"exdqlm_univar_synth","draw_050",772,"2021-02-02","forecast","-0.546201342551729"
"exdqlm_univar_synth","draw_050",772,"2021-02-03","forecast","-1.18915866297741"
"exdqlm_univar_synth","draw_050",772,"2021-02-04","forecast","-0.843648902247141"
"exdqlm_univar_synth","draw_050",772,"2021-02-05","forecast","-0.649208404030948"
"exdqlm_univar_synth","draw_050",772,"2021-02-06","forecast","-0.964480483863204"
"exdqlm_univar_synth","draw_050",772,"2021-02-07","forecast","-1.34714608525796"
"exdqlm_univar_synth","draw_050",772,"2021-02-08","forecast","-0.664264415558268"
"exdqlm_univar_synth","draw_050",772,"2021-02-09","forecast","-1.29183576065276"
"exdqlm_univar_synth","draw_050",772,"2021-02-10","forecast","-0.518167946130267"
"exdqlm_univar_synth","draw_050",772,"2021-02-11","forecast","-0.889942819682509"
"exdqlm_univar_synth","draw_050",772,"2021-02-12","forecast","-1.23244326004385"
"exdqlm_univar_synth","draw_050",772,"2021-02-13","forecast","-0.856094472951283"
"exdqlm_univar_synth","draw_050",772,"2021-02-14","forecast","-1.34899083970160"
"exdqlm_univar_synth","draw_050",772,"2021-02-15","forecast","-0.632488712223988"
"exdqlm_univar_synth","draw_050",772,"2021-02-16","forecast","-0.951321472785587"
"exdqlm_univar_synth","draw_050",772,"2021-02-17","forecast","-0.875430530316232"
"exdqlm_univar_synth","draw_050",772,"2021-02-18","forecast","-0.829162133267280"
"exdqlm_univar_synth","draw_050",772,"2021-02-19","forecast","-1.29783299108439"
"exdqlm_univar_synth","draw_050",772,"2021-02-20","forecast","-1.43972961222498"
"exdqlm_univar_synth","draw_051",788,"2021-01-24","forecast","-1.00715660958066"
"exdqlm_univar_synth","draw_051",788,"2021-01-25","forecast","-1.12054738335245"
"exdqlm_univar_synth","draw_051",788,"2021-01-26","forecast","-1.04466813121098"
"exdqlm_univar_synth","draw_051",788,"2021-01-27","forecast","0.344038661853293"
"exdqlm_univar_synth","draw_051",788,"2021-01-28","forecast","0.827322744590072"
"exdqlm_univar_synth","draw_051",788,"2021-01-29","forecast","0.528207592485057"
"exdqlm_univar_synth","draw_051",788,"2021-01-30","forecast","-0.194732745801661"
"exdqlm_univar_synth","draw_051",788,"2021-01-31","forecast","-0.349231855669698"
"exdqlm_univar_synth","draw_051",788,"2021-02-01","forecast","-0.901128475483670"
"exdqlm_univar_synth","draw_051",788,"2021-02-02","forecast","-0.940023795003844"
"exdqlm_univar_synth","draw_051",788,"2021-02-03","forecast","-0.678067182288225"
"exdqlm_univar_synth","draw_051",788,"2021-02-04","forecast","-0.916501758422905"
"exdqlm_univar_synth","draw_051",788,"2021-02-05","forecast","-0.892150317512364"
"exdqlm_univar_synth","draw_051",788,"2021-02-06","forecast","-1.15364994277612"
"exdqlm_univar_synth","draw_051",788,"2021-02-07","forecast","-0.993909053030617"
"exdqlm_univar_synth","draw_051",788,"2021-02-08","forecast","-0.677199869689748"
"exdqlm_univar_synth","draw_051",788,"2021-02-09","forecast","-0.992850311883215"
"exdqlm_univar_synth","draw_051",788,"2021-02-10","forecast","-0.561926237773040"
"exdqlm_univar_synth","draw_051",788,"2021-02-11","forecast","-0.618041678270516"
"exdqlm_univar_synth","draw_051",788,"2021-02-12","forecast","-0.724319566106195"
"exdqlm_univar_synth","draw_051",788,"2021-02-13","forecast","-1.32456239953431"
"exdqlm_univar_synth","draw_051",788,"2021-02-14","forecast","-1.07843780527306"
"exdqlm_univar_synth","draw_051",788,"2021-02-15","forecast","-1.07329917766779"
"exdqlm_univar_synth","draw_051",788,"2021-02-16","forecast","-0.583638575025076"
"exdqlm_univar_synth","draw_051",788,"2021-02-17","forecast","-0.875862735428035"
"exdqlm_univar_synth","draw_051",788,"2021-02-18","forecast","-0.967450103734584"
"exdqlm_univar_synth","draw_051",788,"2021-02-19","forecast","-1.26454284364798"
"exdqlm_univar_synth","draw_051",788,"2021-02-20","forecast","-1.10536808678921"
"exdqlm_univar_synth","draw_052",804,"2021-01-24","forecast","-0.814955743199147"
"exdqlm_univar_synth","draw_052",804,"2021-01-25","forecast","-0.921645210594936"
"exdqlm_univar_synth","draw_052",804,"2021-01-26","forecast","-0.986824532347740"
"exdqlm_univar_synth","draw_052",804,"2021-01-27","forecast","0.0596984150939920"
"exdqlm_univar_synth","draw_052",804,"2021-01-28","forecast","0.859554835418243"
"exdqlm_univar_synth","draw_052",804,"2021-01-29","forecast","0.820736669639096"
"exdqlm_univar_synth","draw_052",804,"2021-01-30","forecast","-0.662979911758693"
"exdqlm_univar_synth","draw_052",804,"2021-01-31","forecast","-0.107649510965813"
"exdqlm_univar_synth","draw_052",804,"2021-02-01","forecast","-0.753851862001122"
"exdqlm_univar_synth","draw_052",804,"2021-02-02","forecast","-0.578431721106148"
"exdqlm_univar_synth","draw_052",804,"2021-02-03","forecast","-0.582215886783219"
"exdqlm_univar_synth","draw_052",804,"2021-02-04","forecast","-0.711586511980103"
"exdqlm_univar_synth","draw_052",804,"2021-02-05","forecast","-0.928337102063990"
"exdqlm_univar_synth","draw_052",804,"2021-02-06","forecast","-1.28891503827564"
"exdqlm_univar_synth","draw_052",804,"2021-02-07","forecast","-0.992658899841275"
"exdqlm_univar_synth","draw_052",804,"2021-02-08","forecast","-0.687590431792783"
"exdqlm_univar_synth","draw_052",804,"2021-02-09","forecast","-0.992894115962570"
"exdqlm_univar_synth","draw_052",804,"2021-02-10","forecast","-0.708226713775867"
"exdqlm_univar_synth","draw_052",804,"2021-02-11","forecast","-0.723742643223896"
"exdqlm_univar_synth","draw_052",804,"2021-02-12","forecast","-1.15141516290164"
"exdqlm_univar_synth","draw_052",804,"2021-02-13","forecast","-1.21930349097256"
"exdqlm_univar_synth","draw_052",804,"2021-02-14","forecast","-1.07584694721959"
"exdqlm_univar_synth","draw_052",804,"2021-02-15","forecast","-0.666205137035143"
"exdqlm_univar_synth","draw_052",804,"2021-02-16","forecast","-1.23031895464316"
"exdqlm_univar_synth","draw_052",804,"2021-02-17","forecast","-0.875455292325984"
"exdqlm_univar_synth","draw_052",804,"2021-02-18","forecast","-1.06111723490800"
"exdqlm_univar_synth","draw_052",804,"2021-02-19","forecast","-0.893946786011280"
"exdqlm_univar_synth","draw_052",804,"2021-02-20","forecast","-0.818641776558444"
"exdqlm_univar_synth","draw_053",819,"2021-01-24","forecast","-0.711195079075710"
"exdqlm_univar_synth","draw_053",819,"2021-01-25","forecast","-0.543066051280668"
"exdqlm_univar_synth","draw_053",819,"2021-01-26","forecast","-0.859230837073514"
"exdqlm_univar_synth","draw_053",819,"2021-01-27","forecast","0.132351203409869"
"exdqlm_univar_synth","draw_053",819,"2021-01-28","forecast","0.857850931361302"
"exdqlm_univar_synth","draw_053",819,"2021-01-29","forecast","0.770049606075875"
"exdqlm_univar_synth","draw_053",819,"2021-01-30","forecast","-0.195794614187361"
"exdqlm_univar_synth","draw_053",819,"2021-01-31","forecast","-1.02560356324060"
"exdqlm_univar_synth","draw_053",819,"2021-02-01","forecast","-0.756049038005510"
"exdqlm_univar_synth","draw_053",819,"2021-02-02","forecast","-0.571238060180994"
"exdqlm_univar_synth","draw_053",819,"2021-02-03","forecast","-0.735431279654922"
"exdqlm_univar_synth","draw_053",819,"2021-02-04","forecast","-1.20771403096181"
"exdqlm_univar_synth","draw_053",819,"2021-02-05","forecast","-0.668245136021867"
"exdqlm_univar_synth","draw_053",819,"2021-02-06","forecast","-0.914281981983252"
"exdqlm_univar_synth","draw_053",819,"2021-02-07","forecast","-1.23043554111202"
"exdqlm_univar_synth","draw_053",819,"2021-02-08","forecast","-0.676786858608185"
"exdqlm_univar_synth","draw_053",819,"2021-02-09","forecast","-0.991633355978901"
"exdqlm_univar_synth","draw_053",819,"2021-02-10","forecast","0"
"exdqlm_univar_synth","draw_053",819,"2021-02-11","forecast","-0.585444661288973"
"exdqlm_univar_synth","draw_053",819,"2021-02-12","forecast","-0.723920438321401"
"exdqlm_univar_synth","draw_053",819,"2021-02-13","forecast","-0.852046985418608"
"exdqlm_univar_synth","draw_053",819,"2021-02-14","forecast","-0.791643774335180"
"exdqlm_univar_synth","draw_053",819,"2021-02-15","forecast","-0.629216007371123"
"exdqlm_univar_synth","draw_053",819,"2021-02-16","forecast","-0.581130314355677"
"exdqlm_univar_synth","draw_053",819,"2021-02-17","forecast","-0.874311022767329"
"exdqlm_univar_synth","draw_053",819,"2021-02-18","forecast","-0.825852865029979"
"exdqlm_univar_synth","draw_053",819,"2021-02-19","forecast","-0.985051241764304"
"exdqlm_univar_synth","draw_053",819,"2021-02-20","forecast","-0.783599660451098"
"exdqlm_univar_synth","draw_054",835,"2021-01-24","forecast","-0.989038336833188"
"exdqlm_univar_synth","draw_054",835,"2021-01-25","forecast","-0.598795160911712"
"exdqlm_univar_synth","draw_054",835,"2021-01-26","forecast","-0.708680219320140"
"exdqlm_univar_synth","draw_054",835,"2021-01-27","forecast","0.335624131536132"
"exdqlm_univar_synth","draw_054",835,"2021-01-28","forecast","0.142741328017071"
"exdqlm_univar_synth","draw_054",835,"2021-01-29","forecast","0.753562440324051"
"exdqlm_univar_synth","draw_054",835,"2021-01-30","forecast","-0.198543465554150"
"exdqlm_univar_synth","draw_054",835,"2021-01-31","forecast","-0.867829290293287"
"exdqlm_univar_synth","draw_054",835,"2021-02-01","forecast","-0.747130040953834"
"exdqlm_univar_synth","draw_054",835,"2021-02-02","forecast","-0.680007814950869"
"exdqlm_univar_synth","draw_054",835,"2021-02-03","forecast","-0.676888318363968"
"exdqlm_univar_synth","draw_054",835,"2021-02-04","forecast","-0.717640269179472"
"exdqlm_univar_synth","draw_054",835,"2021-02-05","forecast","-0.671736727701841"
"exdqlm_univar_synth","draw_054",835,"2021-02-06","forecast","-0.917895984303637"
"exdqlm_univar_synth","draw_054",835,"2021-02-07","forecast","-1.00846154817457"
"exdqlm_univar_synth","draw_054",835,"2021-02-08","forecast","-0.960521648617524"
"exdqlm_univar_synth","draw_054",835,"2021-02-09","forecast","-1.00168572403361"
"exdqlm_univar_synth","draw_054",835,"2021-02-10","forecast","-1.11410214863934"
"exdqlm_univar_synth","draw_054",835,"2021-02-11","forecast","-0.633621551132409"
"exdqlm_univar_synth","draw_054",835,"2021-02-12","forecast","-1.15399702089461"
"exdqlm_univar_synth","draw_054",835,"2021-02-13","forecast","-0.849713961650658"
"exdqlm_univar_synth","draw_054",835,"2021-02-14","forecast","-1.00672616590590"
"exdqlm_univar_synth","draw_054",835,"2021-02-15","forecast","-1.11259012144202"
"exdqlm_univar_synth","draw_054",835,"2021-02-16","forecast","-0.578418278717711"
"exdqlm_univar_synth","draw_054",835,"2021-02-17","forecast","-0.874566149801049"
"exdqlm_univar_synth","draw_054",835,"2021-02-18","forecast","-1.05518957698328"
"exdqlm_univar_synth","draw_054",835,"2021-02-19","forecast","-0.934575110608852"
"exdqlm_univar_synth","draw_054",835,"2021-02-20","forecast","-0.780363599818787"
"exdqlm_univar_synth","draw_055",851,"2021-01-24","forecast","-0.873426463840098"
"exdqlm_univar_synth","draw_055",851,"2021-01-25","forecast","-0.981560650950658"
"exdqlm_univar_synth","draw_055",851,"2021-01-26","forecast","-0.818620363729485"
"exdqlm_univar_synth","draw_055",851,"2021-01-27","forecast","0.493748768315251"
"exdqlm_univar_synth","draw_055",851,"2021-01-28","forecast","0.583258268150535"
"exdqlm_univar_synth","draw_055",851,"2021-01-29","forecast","0.760107880687148"
"exdqlm_univar_synth","draw_055",851,"2021-01-30","forecast","-0.498980457965591"
"exdqlm_univar_synth","draw_055",851,"2021-01-31","forecast","-0.680242853545099"
"exdqlm_univar_synth","draw_055",851,"2021-02-01","forecast","-0.928265229673732"
"exdqlm_univar_synth","draw_055",851,"2021-02-02","forecast","-0.571663271419158"
"exdqlm_univar_synth","draw_055",851,"2021-02-03","forecast","-1.06875453995742"
"exdqlm_univar_synth","draw_055",851,"2021-02-04","forecast","-0.962757740667983"
"exdqlm_univar_synth","draw_055",851,"2021-02-05","forecast","-0.558648294935492"
"exdqlm_univar_synth","draw_055",851,"2021-02-06","forecast","-1.07587816866016"
"exdqlm_univar_synth","draw_055",851,"2021-02-07","forecast","-0.994466104518701"
"exdqlm_univar_synth","draw_055",851,"2021-02-08","forecast","-0.662398414588637"
"exdqlm_univar_synth","draw_055",851,"2021-02-09","forecast","-1.10558534112011"
"exdqlm_univar_synth","draw_055",851,"2021-02-10","forecast","-1.22802109099653"
"exdqlm_univar_synth","draw_055",851,"2021-02-11","forecast","-0.584413369361889"
"exdqlm_univar_synth","draw_055",851,"2021-02-12","forecast","-0.724351157223111"
"exdqlm_univar_synth","draw_055",851,"2021-02-13","forecast","-0.839937706725944"
"exdqlm_univar_synth","draw_055",851,"2021-02-14","forecast","-0.760063040811048"
"exdqlm_univar_synth","draw_055",851,"2021-02-15","forecast","-1.06029983914699"
"exdqlm_univar_synth","draw_055",851,"2021-02-16","forecast","-0.556195014699888"
"exdqlm_univar_synth","draw_055",851,"2021-02-17","forecast","-1.23987347376023"
"exdqlm_univar_synth","draw_055",851,"2021-02-18","forecast","-1.05798291913926"
"exdqlm_univar_synth","draw_055",851,"2021-02-19","forecast","-1.27084438076540"
"exdqlm_univar_synth","draw_055",851,"2021-02-20","forecast","-0.826441415499686"
"exdqlm_univar_synth","draw_056",867,"2021-01-24","forecast","-0.568081882164326"
"exdqlm_univar_synth","draw_056",867,"2021-01-25","forecast","-1.16672484817232"
"exdqlm_univar_synth","draw_056",867,"2021-01-26","forecast","-0.636913664153209"
"exdqlm_univar_synth","draw_056",867,"2021-01-27","forecast","-0.198035997112233"
"exdqlm_univar_synth","draw_056",867,"2021-01-28","forecast","0.337547726345077"
"exdqlm_univar_synth","draw_056",867,"2021-01-29","forecast","0.940107066119037"
"exdqlm_univar_synth","draw_056",867,"2021-01-30","forecast","-0.229389313578102"
"exdqlm_univar_synth","draw_056",867,"2021-01-31","forecast","-0.391002935022088"
"exdqlm_univar_synth","draw_056",867,"2021-02-01","forecast","-0.753493713569576"
"exdqlm_univar_synth","draw_056",867,"2021-02-02","forecast","-0.726903440587941"
"exdqlm_univar_synth","draw_056",867,"2021-02-03","forecast","-1.02893711654306"
"exdqlm_univar_synth","draw_056",867,"2021-02-04","forecast","-0.717750092179508"
"exdqlm_univar_synth","draw_056",867,"2021-02-05","forecast","-0.890566050960510"
"exdqlm_univar_synth","draw_056",867,"2021-02-06","forecast","-1.28757080974139"
"exdqlm_univar_synth","draw_056",867,"2021-02-07","forecast","-0.902208081255688"
"exdqlm_univar_synth","draw_056",867,"2021-02-08","forecast","-0.597865995926287"
"exdqlm_univar_synth","draw_056",867,"2021-02-09","forecast","-0.993388142591352"
"exdqlm_univar_synth","draw_056",867,"2021-02-10","forecast","-0.651715108057943"
"exdqlm_univar_synth","draw_056",867,"2021-02-11","forecast","-0.628565940737044"
"exdqlm_univar_synth","draw_056",867,"2021-02-12","forecast","-1.21677438417585"
"exdqlm_univar_synth","draw_056",867,"2021-02-13","forecast","-1.12022034844822"
"exdqlm_univar_synth","draw_056",867,"2021-02-14","forecast","-1.03253035924813"
"exdqlm_univar_synth","draw_056",867,"2021-02-15","forecast","-0.627902432365399"
"exdqlm_univar_synth","draw_056",867,"2021-02-16","forecast","-0.578593595700133"
"exdqlm_univar_synth","draw_056",867,"2021-02-17","forecast","-0.879801159476119"
"exdqlm_univar_synth","draw_056",867,"2021-02-18","forecast","-1.02719282033061"
"exdqlm_univar_synth","draw_056",867,"2021-02-19","forecast","-1.18294246923692"
"exdqlm_univar_synth","draw_056",867,"2021-02-20","forecast","-0.819146520496759"
"exdqlm_univar_synth","draw_057",882,"2021-01-24","forecast","-0.750050970544165"
"exdqlm_univar_synth","draw_057",882,"2021-01-25","forecast","-0.704599031955464"
"exdqlm_univar_synth","draw_057",882,"2021-01-26","forecast","-1.09069115187626"
"exdqlm_univar_synth","draw_057",882,"2021-01-27","forecast","-0.159824636048578"
"exdqlm_univar_synth","draw_057",882,"2021-01-28","forecast","0.402624071041039"
"exdqlm_univar_synth","draw_057",882,"2021-01-29","forecast","0.526380380251415"
"exdqlm_univar_synth","draw_057",882,"2021-01-30","forecast","-0.198604157837123"
"exdqlm_univar_synth","draw_057",882,"2021-01-31","forecast","-0.380836051980273"
"exdqlm_univar_synth","draw_057",882,"2021-02-01","forecast","-0.768845559095361"
"exdqlm_univar_synth","draw_057",882,"2021-02-02","forecast","-0.556546859270781"
"exdqlm_univar_synth","draw_057",882,"2021-02-03","forecast","-0.837025058521698"
"exdqlm_univar_synth","draw_057",882,"2021-02-04","forecast","-0.841197174811605"
"exdqlm_univar_synth","draw_057",882,"2021-02-05","forecast","-0.657950902853866"
"exdqlm_univar_synth","draw_057",882,"2021-02-06","forecast","-1.16085587332893"
"exdqlm_univar_synth","draw_057",882,"2021-02-07","forecast","-1.19362578063662"
"exdqlm_univar_synth","draw_057",882,"2021-02-08","forecast","-0.679402409582540"
"exdqlm_univar_synth","draw_057",882,"2021-02-09","forecast","-0.990074278127473"
"exdqlm_univar_synth","draw_057",882,"2021-02-10","forecast","-0.557857978821646"
"exdqlm_univar_synth","draw_057",882,"2021-02-11","forecast","-0.973490537978020"
"exdqlm_univar_synth","draw_057",882,"2021-02-12","forecast","-1.22002168442274"
"exdqlm_univar_synth","draw_057",882,"2021-02-13","forecast","-0.814427334862658"
"exdqlm_univar_synth","draw_057",882,"2021-02-14","forecast","-0.895691824736526"
"exdqlm_univar_synth","draw_057",882,"2021-02-15","forecast","-0.689637381495284"
"exdqlm_univar_synth","draw_057",882,"2021-02-16","forecast","-0.950055832883754"
"exdqlm_univar_synth","draw_057",882,"2021-02-17","forecast","-0.874106931928811"
"exdqlm_univar_synth","draw_057",882,"2021-02-18","forecast","-0.829593411187791"
"exdqlm_univar_synth","draw_057",882,"2021-02-19","forecast","-0.996118411052076"
"exdqlm_univar_synth","draw_057",882,"2021-02-20","forecast","-1.35232187723177"
"exdqlm_univar_synth","draw_058",898,"2021-01-24","forecast","-1.10868196529474"
"exdqlm_univar_synth","draw_058",898,"2021-01-25","forecast","-0.855067241087802"
"exdqlm_univar_synth","draw_058",898,"2021-01-26","forecast","-0.681927884660985"
"exdqlm_univar_synth","draw_058",898,"2021-01-27","forecast","0.383479791481814"
"exdqlm_univar_synth","draw_058",898,"2021-01-28","forecast","0.853117039650616"
"exdqlm_univar_synth","draw_058",898,"2021-01-29","forecast","0.917042938655357"
"exdqlm_univar_synth","draw_058",898,"2021-01-30","forecast","-0.379004415657742"
"exdqlm_univar_synth","draw_058",898,"2021-01-31","forecast","-0.413246154815945"
"exdqlm_univar_synth","draw_058",898,"2021-02-01","forecast","-0.902151059149004"
"exdqlm_univar_synth","draw_058",898,"2021-02-02","forecast","-0.565372832024301"
"exdqlm_univar_synth","draw_058",898,"2021-02-03","forecast","-0.867784589655365"
"exdqlm_univar_synth","draw_058",898,"2021-02-04","forecast","-0.715741428550986"
"exdqlm_univar_synth","draw_058",898,"2021-02-05","forecast","-0.673071659765363"
"exdqlm_univar_synth","draw_058",898,"2021-02-06","forecast","-1.29472580651681"
"exdqlm_univar_synth","draw_058",898,"2021-02-07","forecast","-1.32693401299024"
"exdqlm_univar_synth","draw_058",898,"2021-02-08","forecast","-1.03770700051702"
"exdqlm_univar_synth","draw_058",898,"2021-02-09","forecast","-1.10939037236761"
"exdqlm_univar_synth","draw_058",898,"2021-02-10","forecast","-0.553773369372910"
"exdqlm_univar_synth","draw_058",898,"2021-02-11","forecast","-0.624356476398234"
"exdqlm_univar_synth","draw_058",898,"2021-02-12","forecast","-0.723120350558617"
"exdqlm_univar_synth","draw_058",898,"2021-02-13","forecast","-1.22650766852610"
"exdqlm_univar_synth","draw_058",898,"2021-02-14","forecast","-1.51034061459709"
"exdqlm_univar_synth","draw_058",898,"2021-02-15","forecast","-0.964211440061001"
"exdqlm_univar_synth","draw_058",898,"2021-02-16","forecast","-0.583238189843968"
"exdqlm_univar_synth","draw_058",898,"2021-02-17","forecast","-0.874601486789056"
"exdqlm_univar_synth","draw_058",898,"2021-02-18","forecast","-0.852962803030623"
"exdqlm_univar_synth","draw_058",898,"2021-02-19","forecast","-1.43414581412799"
"exdqlm_univar_synth","draw_058",898,"2021-02-20","forecast","-1.12590808251426"
"exdqlm_univar_synth","draw_059",914,"2021-01-24","forecast","-1.09104225155949"
"exdqlm_univar_synth","draw_059",914,"2021-01-25","forecast","-0.514203326072228"
"exdqlm_univar_synth","draw_059",914,"2021-01-26","forecast","-0.899625861502422"
"exdqlm_univar_synth","draw_059",914,"2021-01-27","forecast","0.536060902108644"
"exdqlm_univar_synth","draw_059",914,"2021-01-28","forecast","0.819036158025864"
"exdqlm_univar_synth","draw_059",914,"2021-01-29","forecast","1.19985476001889"
"exdqlm_univar_synth","draw_059",914,"2021-01-30","forecast","-0.182953328101625"
"exdqlm_univar_synth","draw_059",914,"2021-01-31","forecast","-0.836959240619243"
"exdqlm_univar_synth","draw_059",914,"2021-02-01","forecast","-0.754337367740330"
"exdqlm_univar_synth","draw_059",914,"2021-02-02","forecast","-0.554908091396668"
"exdqlm_univar_synth","draw_059",914,"2021-02-03","forecast","-0.671172015680154"
"exdqlm_univar_synth","draw_059",914,"2021-02-04","forecast","-0.713444750918777"
"exdqlm_univar_synth","draw_059",914,"2021-02-05","forecast","-0.669526921364009"
"exdqlm_univar_synth","draw_059",914,"2021-02-06","forecast","-1.09891442488751"
"exdqlm_univar_synth","draw_059",914,"2021-02-07","forecast","-0.993597038805919"
"exdqlm_univar_synth","draw_059",914,"2021-02-08","forecast","-0.763194868607441"
"exdqlm_univar_synth","draw_059",914,"2021-02-09","forecast","-0.993052286886503"
"exdqlm_univar_synth","draw_059",914,"2021-02-10","forecast","-0.548125675867500"
"exdqlm_univar_synth","draw_059",914,"2021-02-11","forecast","-0.634108412050507"
"exdqlm_univar_synth","draw_059",914,"2021-02-12","forecast","-0.740073679033649"
"exdqlm_univar_synth","draw_059",914,"2021-02-13","forecast","-0.973447882827401"
"exdqlm_univar_synth","draw_059",914,"2021-02-14","forecast","-0.671434471211900"
"exdqlm_univar_synth","draw_059",914,"2021-02-15","forecast","-1.00313921931498"
"exdqlm_univar_synth","draw_059",914,"2021-02-16","forecast","-1.09914924196569"
"exdqlm_univar_synth","draw_059",914,"2021-02-17","forecast","-1.47330776772370"
"exdqlm_univar_synth","draw_059",914,"2021-02-18","forecast","-0.827107931541959"
"exdqlm_univar_synth","draw_059",914,"2021-02-19","forecast","-0.896676032984402"
"exdqlm_univar_synth","draw_059",914,"2021-02-20","forecast","-1.30311042096676"
"exdqlm_univar_synth","draw_060",930,"2021-01-24","forecast","-0.884650417014532"
"exdqlm_univar_synth","draw_060",930,"2021-01-25","forecast","-0.603260720058857"
"exdqlm_univar_synth","draw_060",930,"2021-01-26","forecast","-1.05292962294512"
"exdqlm_univar_synth","draw_060",930,"2021-01-27","forecast","0.515422903223560"
"exdqlm_univar_synth","draw_060",930,"2021-01-28","forecast","0.567807112449010"
"exdqlm_univar_synth","draw_060",930,"2021-01-29","forecast","0.411165571654172"
"exdqlm_univar_synth","draw_060",930,"2021-01-30","forecast","-0.183691322944593"
"exdqlm_univar_synth","draw_060",930,"2021-01-31","forecast","-0.422147253360223"
"exdqlm_univar_synth","draw_060",930,"2021-02-01","forecast","-0.606945373661102"
"exdqlm_univar_synth","draw_060",930,"2021-02-02","forecast","-0.553922028190085"
"exdqlm_univar_synth","draw_060",930,"2021-02-03","forecast","-0.915899298441878"
"exdqlm_univar_synth","draw_060",930,"2021-02-04","forecast","-0.583901995241612"
"exdqlm_univar_synth","draw_060",930,"2021-02-05","forecast","-1.06806296965805"
"exdqlm_univar_synth","draw_060",930,"2021-02-06","forecast","-1.19664056967308"
"exdqlm_univar_synth","draw_060",930,"2021-02-07","forecast","-0.996191660108749"
"exdqlm_univar_synth","draw_060",930,"2021-02-08","forecast","-0.479886873811190"
"exdqlm_univar_synth","draw_060",930,"2021-02-09","forecast","-0.990089215610223"
"exdqlm_univar_synth","draw_060",930,"2021-02-10","forecast","-0.559019747586940"
"exdqlm_univar_synth","draw_060",930,"2021-02-11","forecast","-0.605958076053583"
"exdqlm_univar_synth","draw_060",930,"2021-02-12","forecast","-0.727631074480217"
"exdqlm_univar_synth","draw_060",930,"2021-02-13","forecast","-0.849650572731891"
"exdqlm_univar_synth","draw_060",930,"2021-02-14","forecast","-0.808281813836329"
"exdqlm_univar_synth","draw_060",930,"2021-02-15","forecast","-1.28101882200975"
"exdqlm_univar_synth","draw_060",930,"2021-02-16","forecast","-1.16876707145822"
"exdqlm_univar_synth","draw_060",930,"2021-02-17","forecast","-0.873798617322989"
"exdqlm_univar_synth","draw_060",930,"2021-02-18","forecast","-0.827532417840428"
"exdqlm_univar_synth","draw_060",930,"2021-02-19","forecast","-1.08279739159507"
"exdqlm_univar_synth","draw_060",930,"2021-02-20","forecast","-1.17092147253908"
"exdqlm_univar_synth","draw_061",945,"2021-01-24","forecast","-0.667652523447091"
"exdqlm_univar_synth","draw_061",945,"2021-01-25","forecast","-0.820027606589018"
"exdqlm_univar_synth","draw_061",945,"2021-01-26","forecast","-0.787563646025976"
"exdqlm_univar_synth","draw_061",945,"2021-01-27","forecast","0.661644405143253"
"exdqlm_univar_synth","draw_061",945,"2021-01-28","forecast","0.367289615246805"
"exdqlm_univar_synth","draw_061",945,"2021-01-29","forecast","0.890931290487353"
"exdqlm_univar_synth","draw_061",945,"2021-01-30","forecast","-0.194024133960989"
"exdqlm_univar_synth","draw_061",945,"2021-01-31","forecast","-0.622911336747169"
"exdqlm_univar_synth","draw_061",945,"2021-02-01","forecast","-0.880525078278535"
"exdqlm_univar_synth","draw_061",945,"2021-02-02","forecast","-0.556907784102259"
"exdqlm_univar_synth","draw_061",945,"2021-02-03","forecast","-0.687355571912450"
"exdqlm_univar_synth","draw_061",945,"2021-02-04","forecast","-0.714432930796262"
"exdqlm_univar_synth","draw_061",945,"2021-02-05","forecast","-0.663316828567639"
"exdqlm_univar_synth","draw_061",945,"2021-02-06","forecast","-0.920502801119361"
"exdqlm_univar_synth","draw_061",945,"2021-02-07","forecast","-1.17448895764591"
"exdqlm_univar_synth","draw_061",945,"2021-02-08","forecast","-0.679834819372638"
"exdqlm_univar_synth","draw_061",945,"2021-02-09","forecast","-0.986893642624017"
"exdqlm_univar_synth","draw_061",945,"2021-02-10","forecast","-1.19809232527199"
"exdqlm_univar_synth","draw_061",945,"2021-02-11","forecast","-0.632667659923017"
"exdqlm_univar_synth","draw_061",945,"2021-02-12","forecast","-1.35756819931956"
"exdqlm_univar_synth","draw_061",945,"2021-02-13","forecast","-1.15529702254402"
"exdqlm_univar_synth","draw_061",945,"2021-02-14","forecast","-0.910844929286910"
"exdqlm_univar_synth","draw_061",945,"2021-02-15","forecast","-1.07458647905647"
"exdqlm_univar_synth","draw_061",945,"2021-02-16","forecast","-0.581090031598490"
"exdqlm_univar_synth","draw_061",945,"2021-02-17","forecast","-1.38295941242898"
"exdqlm_univar_synth","draw_061",945,"2021-02-18","forecast","-1.16458811811464"
"exdqlm_univar_synth","draw_061",945,"2021-02-19","forecast","-0.893713593724371"
"exdqlm_univar_synth","draw_061",945,"2021-02-20","forecast","-1.09854751877238"
"exdqlm_univar_synth","draw_062",961,"2021-01-24","forecast","-0.931817321377631"
"exdqlm_univar_synth","draw_062",961,"2021-01-25","forecast","-0.370042017366118"
"exdqlm_univar_synth","draw_062",961,"2021-01-26","forecast","-0.676709770065775"
"exdqlm_univar_synth","draw_062",961,"2021-01-27","forecast","0.601425394131415"
"exdqlm_univar_synth","draw_062",961,"2021-01-28","forecast","0.583823174378137"
"exdqlm_univar_synth","draw_062",961,"2021-01-29","forecast","1.19293501735796"
"exdqlm_univar_synth","draw_062",961,"2021-01-30","forecast","-0.198977736184802"
"exdqlm_univar_synth","draw_062",961,"2021-01-31","forecast","-0.392668526891409"
"exdqlm_univar_synth","draw_062",961,"2021-02-01","forecast","-0.769477320553283"
"exdqlm_univar_synth","draw_062",961,"2021-02-02","forecast","-0.548129758779287"
"exdqlm_univar_synth","draw_062",961,"2021-02-03","forecast","-0.685953024046976"
"exdqlm_univar_synth","draw_062",961,"2021-02-04","forecast","-0.966641220733319"
"exdqlm_univar_synth","draw_062",961,"2021-02-05","forecast","-0.648126398174636"
"exdqlm_univar_synth","draw_062",961,"2021-02-06","forecast","-1.34603458988346"
"exdqlm_univar_synth","draw_062",961,"2021-02-07","forecast","-1.02966952813221"
"exdqlm_univar_synth","draw_062",961,"2021-02-08","forecast","-0.656932325573668"
"exdqlm_univar_synth","draw_062",961,"2021-02-09","forecast","-1.19843682139904"
"exdqlm_univar_synth","draw_062",961,"2021-02-10","forecast","-0.549119824082702"
"exdqlm_univar_synth","draw_062",961,"2021-02-11","forecast","-0.903065290323260"
"exdqlm_univar_synth","draw_062",961,"2021-02-12","forecast","-0.973823777471281"
"exdqlm_univar_synth","draw_062",961,"2021-02-13","forecast","-1.27187018799048"
"exdqlm_univar_synth","draw_062",961,"2021-02-14","forecast","-0.800986657394053"
"exdqlm_univar_synth","draw_062",961,"2021-02-15","forecast","-0.690543011611980"
"exdqlm_univar_synth","draw_062",961,"2021-02-16","forecast","-1.06016259616385"
"exdqlm_univar_synth","draw_062",961,"2021-02-17","forecast","-0.877186537290967"
"exdqlm_univar_synth","draw_062",961,"2021-02-18","forecast","-1.06654324862797"
"exdqlm_univar_synth","draw_062",961,"2021-02-19","forecast","-1.24208853737324"
"exdqlm_univar_synth","draw_062",961,"2021-02-20","forecast","-0.820534475438004"
"exdqlm_univar_synth","draw_063",977,"2021-01-24","forecast","-0.848997766813791"
"exdqlm_univar_synth","draw_063",977,"2021-01-25","forecast","-0.406650784050130"
"exdqlm_univar_synth","draw_063",977,"2021-01-26","forecast","-0.530956469541701"
"exdqlm_univar_synth","draw_063",977,"2021-01-27","forecast","0.188163949912341"
"exdqlm_univar_synth","draw_063",977,"2021-01-28","forecast","0.456748862884967"
"exdqlm_univar_synth","draw_063",977,"2021-01-29","forecast","0.894828549647401"
"exdqlm_univar_synth","draw_063",977,"2021-01-30","forecast","-0.486687235230889"
"exdqlm_univar_synth","draw_063",977,"2021-01-31","forecast","-0.398501987739424"
"exdqlm_univar_synth","draw_063",977,"2021-02-01","forecast","-0.756063756516540"
"exdqlm_univar_synth","draw_063",977,"2021-02-02","forecast","-0.894873912793034"
"exdqlm_univar_synth","draw_063",977,"2021-02-03","forecast","-0.581061727289567"
"exdqlm_univar_synth","draw_063",977,"2021-02-04","forecast","-1.28094917308552"
"exdqlm_univar_synth","draw_063",977,"2021-02-05","forecast","-0.582820535647764"
"exdqlm_univar_synth","draw_063",977,"2021-02-06","forecast","-0.914098293578380"
"exdqlm_univar_synth","draw_063",977,"2021-02-07","forecast","-1.35471844179773"
"exdqlm_univar_synth","draw_063",977,"2021-02-08","forecast","-0.655906463329191"
"exdqlm_univar_synth","draw_063",977,"2021-02-09","forecast","-1.29448185566668"
"exdqlm_univar_synth","draw_063",977,"2021-02-10","forecast","-1.17212813367427"
"exdqlm_univar_synth","draw_063",977,"2021-02-11","forecast","-0.603921842668052"
"exdqlm_univar_synth","draw_063",977,"2021-02-12","forecast","-0.840890255145251"
"exdqlm_univar_synth","draw_063",977,"2021-02-13","forecast","-0.880070217273610"
"exdqlm_univar_synth","draw_063",977,"2021-02-14","forecast","-0.673059597667536"
"exdqlm_univar_synth","draw_063",977,"2021-02-15","forecast","-0.629771481634900"
"exdqlm_univar_synth","draw_063",977,"2021-02-16","forecast","-0.581888383806634"
"exdqlm_univar_synth","draw_063",977,"2021-02-17","forecast","-0.913702341670698"
"exdqlm_univar_synth","draw_063",977,"2021-02-18","forecast","-1.20655669994161"
"exdqlm_univar_synth","draw_063",977,"2021-02-19","forecast","-0.889138838340421"
"exdqlm_univar_synth","draw_063",977,"2021-02-20","forecast","-1.13614332274105"
"exdqlm_univar_synth","draw_064",993,"2021-01-24","forecast","-0.711237781089679"
"exdqlm_univar_synth","draw_064",993,"2021-01-25","forecast","-0.847795372317443"
"exdqlm_univar_synth","draw_064",993,"2021-01-26","forecast","-0.655319301654504"
"exdqlm_univar_synth","draw_064",993,"2021-01-27","forecast","0.824841441864503"
"exdqlm_univar_synth","draw_064",993,"2021-01-28","forecast","1.01872258603701"
"exdqlm_univar_synth","draw_064",993,"2021-01-29","forecast","0.992434128920270"
"exdqlm_univar_synth","draw_064",993,"2021-01-30","forecast","-0.194708338545648"
"exdqlm_univar_synth","draw_064",993,"2021-01-31","forecast","-0.377370411662441"
"exdqlm_univar_synth","draw_064",993,"2021-02-01","forecast","-1.11312889282380"
"exdqlm_univar_synth","draw_064",993,"2021-02-02","forecast","-0.909338244696884"
"exdqlm_univar_synth","draw_064",993,"2021-02-03","forecast","-0.981152272668746"
"exdqlm_univar_synth","draw_064",993,"2021-02-04","forecast","-1.20562926795622"
"exdqlm_univar_synth","draw_064",993,"2021-02-05","forecast","-0.654760762340626"
"exdqlm_univar_synth","draw_064",993,"2021-02-06","forecast","-1.20546404750851"
"exdqlm_univar_synth","draw_064",993,"2021-02-07","forecast","-1.17371519117340"
"exdqlm_univar_synth","draw_064",993,"2021-02-08","forecast","-1.24575182132920"
"exdqlm_univar_synth","draw_064",993,"2021-02-09","forecast","-1.28889468492236"
"exdqlm_univar_synth","draw_064",993,"2021-02-10","forecast","-0.960735452658663"
"exdqlm_univar_synth","draw_064",993,"2021-02-11","forecast","-0.637127979058993"
"exdqlm_univar_synth","draw_064",993,"2021-02-12","forecast","-0.786645083048701"
"exdqlm_univar_synth","draw_064",993,"2021-02-13","forecast","-0.852799407516233"
"exdqlm_univar_synth","draw_064",993,"2021-02-14","forecast","-0.671955696559803"
"exdqlm_univar_synth","draw_064",993,"2021-02-15","forecast","-0.486682690221469"
"exdqlm_univar_synth","draw_064",993,"2021-02-16","forecast","-0.626269035048855"
"exdqlm_univar_synth","draw_064",993,"2021-02-17","forecast","-0.905691739789241"
"exdqlm_univar_synth","draw_064",993,"2021-02-18","forecast","-1.05606512072508"
"exdqlm_univar_synth","draw_064",993,"2021-02-19","forecast","-1.06274529007449"
"exdqlm_univar_synth","draw_064",993,"2021-02-20","forecast","-1.29553036000849"
"exdqlm_univar_synth","draw_065",1008,"2021-01-24","forecast","-0.782799307026602"
"exdqlm_univar_synth","draw_065",1008,"2021-01-25","forecast","-0.955577441028399"
"exdqlm_univar_synth","draw_065",1008,"2021-01-26","forecast","-0.813258334921725"
"exdqlm_univar_synth","draw_065",1008,"2021-01-27","forecast","0.0762309156952318"
"exdqlm_univar_synth","draw_065",1008,"2021-01-28","forecast","1.17848368099154"
"exdqlm_univar_synth","draw_065",1008,"2021-01-29","forecast","1.39649978055668"
"exdqlm_univar_synth","draw_065",1008,"2021-01-30","forecast","-0.712721165789073"
"exdqlm_univar_synth","draw_065",1008,"2021-01-31","forecast","-0.638919330117540"
"exdqlm_univar_synth","draw_065",1008,"2021-02-01","forecast","-0.698558987662111"
"exdqlm_univar_synth","draw_065",1008,"2021-02-02","forecast","-0.895856785339820"
"exdqlm_univar_synth","draw_065",1008,"2021-02-03","forecast","-0.918439411310398"
"exdqlm_univar_synth","draw_065",1008,"2021-02-04","forecast","-0.713390298510797"
"exdqlm_univar_synth","draw_065",1008,"2021-02-05","forecast","-1.10956020187717"
"exdqlm_univar_synth","draw_065",1008,"2021-02-06","forecast","-0.914664407300497"
"exdqlm_univar_synth","draw_065",1008,"2021-02-07","forecast","-1.25841039190877"
"exdqlm_univar_synth","draw_065",1008,"2021-02-08","forecast","-0.730215253185750"
"exdqlm_univar_synth","draw_065",1008,"2021-02-09","forecast","-1.31837297104793"
"exdqlm_univar_synth","draw_065",1008,"2021-02-10","forecast","-0.571439506009434"
"exdqlm_univar_synth","draw_065",1008,"2021-02-11","forecast","-1.16894201165428"
"exdqlm_univar_synth","draw_065",1008,"2021-02-12","forecast","-1.31279503860919"
"exdqlm_univar_synth","draw_065",1008,"2021-02-13","forecast","-0.851156831134475"
"exdqlm_univar_synth","draw_065",1008,"2021-02-14","forecast","-1.10489386805338"
"exdqlm_univar_synth","draw_065",1008,"2021-02-15","forecast","-0.552806340737472"
"exdqlm_univar_synth","draw_065",1008,"2021-02-16","forecast","-1.11812554020802"
"exdqlm_univar_synth","draw_065",1008,"2021-02-17","forecast","-0.887412861782393"
"exdqlm_univar_synth","draw_065",1008,"2021-02-18","forecast","-1.20670472090035"
"exdqlm_univar_synth","draw_065",1008,"2021-02-19","forecast","-1.14683772346764"
"exdqlm_univar_synth","draw_065",1008,"2021-02-20","forecast","-0.828287314225416"
"exdqlm_univar_synth","draw_066",1024,"2021-01-24","forecast","-0.922854557023314"
"exdqlm_univar_synth","draw_066",1024,"2021-01-25","forecast","-0.661646503819265"
"exdqlm_univar_synth","draw_066",1024,"2021-01-26","forecast","-0.563909806690201"
"exdqlm_univar_synth","draw_066",1024,"2021-01-27","forecast","-0.0457177579950412"
"exdqlm_univar_synth","draw_066",1024,"2021-01-28","forecast","0.742494119835364"
"exdqlm_univar_synth","draw_066",1024,"2021-01-29","forecast","0.128983628981488"
"exdqlm_univar_synth","draw_066",1024,"2021-01-30","forecast","-0.195004354210205"
"exdqlm_univar_synth","draw_066",1024,"2021-01-31","forecast","-0.387632203520389"
"exdqlm_univar_synth","draw_066",1024,"2021-02-01","forecast","-1.20264684447616"
"exdqlm_univar_synth","draw_066",1024,"2021-02-02","forecast","-0.866706577897395"
"exdqlm_univar_synth","draw_066",1024,"2021-02-03","forecast","-0.771941223827784"
"exdqlm_univar_synth","draw_066",1024,"2021-02-04","forecast","-1.07616387296712"
"exdqlm_univar_synth","draw_066",1024,"2021-02-05","forecast","-0.429780783073431"
"exdqlm_univar_synth","draw_066",1024,"2021-02-06","forecast","-1.29339548375457"
"exdqlm_univar_synth","draw_066",1024,"2021-02-07","forecast","-0.992886077536526"
"exdqlm_univar_synth","draw_066",1024,"2021-02-08","forecast","-0.872379979859993"
"exdqlm_univar_synth","draw_066",1024,"2021-02-09","forecast","-0.915418900492143"
"exdqlm_univar_synth","draw_066",1024,"2021-02-10","forecast","-0.557174772201606"
"exdqlm_univar_synth","draw_066",1024,"2021-02-11","forecast","-0.635503096408701"
"exdqlm_univar_synth","draw_066",1024,"2021-02-12","forecast","-0.723936640136499"
"exdqlm_univar_synth","draw_066",1024,"2021-02-13","forecast","-1.13559842017022"
"exdqlm_univar_synth","draw_066",1024,"2021-02-14","forecast","-1.22697843325324"
"exdqlm_univar_synth","draw_066",1024,"2021-02-15","forecast","-0.595956193012719"
"exdqlm_univar_synth","draw_066",1024,"2021-02-16","forecast","-0.703696379823449"
"exdqlm_univar_synth","draw_066",1024,"2021-02-17","forecast","-0.874861816627944"
"exdqlm_univar_synth","draw_066",1024,"2021-02-18","forecast","-1.37505626014266"
"exdqlm_univar_synth","draw_066",1024,"2021-02-19","forecast","-0.888493348330884"
"exdqlm_univar_synth","draw_066",1024,"2021-02-20","forecast","-1.12016131936531"
"exdqlm_univar_synth","draw_067",1040,"2021-01-24","forecast","-0.596131517655909"
"exdqlm_univar_synth","draw_067",1040,"2021-01-25","forecast","-0.914848334076799"
"exdqlm_univar_synth","draw_067",1040,"2021-01-26","forecast","-0.658088097175964"
"exdqlm_univar_synth","draw_067",1040,"2021-01-27","forecast","-0.0696049115705248"
"exdqlm_univar_synth","draw_067",1040,"2021-01-28","forecast","1.08314976964693"
"exdqlm_univar_synth","draw_067",1040,"2021-01-29","forecast","0.942323568287226"
"exdqlm_univar_synth","draw_067",1040,"2021-01-30","forecast","-0.352461675175768"
"exdqlm_univar_synth","draw_067",1040,"2021-01-31","forecast","-0.493736397110953"
"exdqlm_univar_synth","draw_067",1040,"2021-02-01","forecast","-0.753837199490231"
"exdqlm_univar_synth","draw_067",1040,"2021-02-02","forecast","-0.919463573582376"
"exdqlm_univar_synth","draw_067",1040,"2021-02-03","forecast","-0.596178616845781"
"exdqlm_univar_synth","draw_067",1040,"2021-02-04","forecast","-0.838182318753722"
"exdqlm_univar_synth","draw_067",1040,"2021-02-05","forecast","-0.767303451745742"
"exdqlm_univar_synth","draw_067",1040,"2021-02-06","forecast","-0.920503556562659"
"exdqlm_univar_synth","draw_067",1040,"2021-02-07","forecast","-1.32346654322578"
"exdqlm_univar_synth","draw_067",1040,"2021-02-08","forecast","-0.671628644099278"
"exdqlm_univar_synth","draw_067",1040,"2021-02-09","forecast","-0.989561318497533"
"exdqlm_univar_synth","draw_067",1040,"2021-02-10","forecast","-0.582126820736023"
"exdqlm_univar_synth","draw_067",1040,"2021-02-11","forecast","-1.13556659901908"
"exdqlm_univar_synth","draw_067",1040,"2021-02-12","forecast","-0.723535880483139"
"exdqlm_univar_synth","draw_067",1040,"2021-02-13","forecast","-1.22965811050004"
"exdqlm_univar_synth","draw_067",1040,"2021-02-14","forecast","-1.05976479877380"
"exdqlm_univar_synth","draw_067",1040,"2021-02-15","forecast","-1.02767316809240"
"exdqlm_univar_synth","draw_067",1040,"2021-02-16","forecast","-0.578860610993959"
"exdqlm_univar_synth","draw_067",1040,"2021-02-17","forecast","-0.874662972084525"
"exdqlm_univar_synth","draw_067",1040,"2021-02-18","forecast","-0.826652724811325"
"exdqlm_univar_synth","draw_067",1040,"2021-02-19","forecast","-0.898228606497482"
"exdqlm_univar_synth","draw_067",1040,"2021-02-20","forecast","-1.24521359501726"
"exdqlm_univar_synth","draw_068",1056,"2021-01-24","forecast","-0.742675949680196"
"exdqlm_univar_synth","draw_068",1056,"2021-01-25","forecast","-0.382042223939277"
"exdqlm_univar_synth","draw_068",1056,"2021-01-26","forecast","-0.954366490007283"
"exdqlm_univar_synth","draw_068",1056,"2021-01-27","forecast","0.361021351220928"
"exdqlm_univar_synth","draw_068",1056,"2021-01-28","forecast","0.276830858021862"
"exdqlm_univar_synth","draw_068",1056,"2021-01-29","forecast","0.869715722488839"
"exdqlm_univar_synth","draw_068",1056,"2021-01-30","forecast","-0.251408496601161"
"exdqlm_univar_synth","draw_068",1056,"2021-01-31","forecast","-0.342513196026858"
"exdqlm_univar_synth","draw_068",1056,"2021-02-01","forecast","-0.838328919130060"
"exdqlm_univar_synth","draw_068",1056,"2021-02-02","forecast","-0.883386146860509"
"exdqlm_univar_synth","draw_068",1056,"2021-02-03","forecast","-0.996977308956574"
"exdqlm_univar_synth","draw_068",1056,"2021-02-04","forecast","-0.992532892040906"
"exdqlm_univar_synth","draw_068",1056,"2021-02-05","forecast","-0.560798866952544"
"exdqlm_univar_synth","draw_068",1056,"2021-02-06","forecast","-1.14816838445504"
"exdqlm_univar_synth","draw_068",1056,"2021-02-07","forecast","-0.994740651568460"
"exdqlm_univar_synth","draw_068",1056,"2021-02-08","forecast","-0.463916184565609"
"exdqlm_univar_synth","draw_068",1056,"2021-02-09","forecast","-1.34057123344045"
"exdqlm_univar_synth","draw_068",1056,"2021-02-10","forecast","-0.554362605044285"
"exdqlm_univar_synth","draw_068",1056,"2021-02-11","forecast","-0.992861366230775"
"exdqlm_univar_synth","draw_068",1056,"2021-02-12","forecast","-0.723526302749441"
"exdqlm_univar_synth","draw_068",1056,"2021-02-13","forecast","-0.855937066028849"
"exdqlm_univar_synth","draw_068",1056,"2021-02-14","forecast","-0.675879783445933"
"exdqlm_univar_synth","draw_068",1056,"2021-02-15","forecast","-0.633013043116109"
"exdqlm_univar_synth","draw_068",1056,"2021-02-16","forecast","-0.822100707407109"
"exdqlm_univar_synth","draw_068",1056,"2021-02-17","forecast","-1.14092975555995"
"exdqlm_univar_synth","draw_068",1056,"2021-02-18","forecast","-0.827802120391415"
"exdqlm_univar_synth","draw_068",1056,"2021-02-19","forecast","-0.894458251251120"
"exdqlm_univar_synth","draw_068",1056,"2021-02-20","forecast","-0.905624007011208"
"exdqlm_univar_synth","draw_069",1071,"2021-01-24","forecast","-0.638213752004494"
"exdqlm_univar_synth","draw_069",1071,"2021-01-25","forecast","-0.796380124661510"
"exdqlm_univar_synth","draw_069",1071,"2021-01-26","forecast","-0.997534704198932"
"exdqlm_univar_synth","draw_069",1071,"2021-01-27","forecast","0.0222822549265887"
"exdqlm_univar_synth","draw_069",1071,"2021-01-28","forecast","0.612863068027697"
"exdqlm_univar_synth","draw_069",1071,"2021-01-29","forecast","0.981556728069410"
"exdqlm_univar_synth","draw_069",1071,"2021-01-30","forecast","-0.391330512024823"
"exdqlm_univar_synth","draw_069",1071,"2021-01-31","forecast","-0.590905606630205"
"exdqlm_univar_synth","draw_069",1071,"2021-02-01","forecast","-0.642485684873716"
"exdqlm_univar_synth","draw_069",1071,"2021-02-02","forecast","-0.590224722173860"
"exdqlm_univar_synth","draw_069",1071,"2021-02-03","forecast","-0.683211947586048"
"exdqlm_univar_synth","draw_069",1071,"2021-02-04","forecast","-0.714608620433404"
"exdqlm_univar_synth","draw_069",1071,"2021-02-05","forecast","-0.649345292566584"
"exdqlm_univar_synth","draw_069",1071,"2021-02-06","forecast","-0.915581282706377"
"exdqlm_univar_synth","draw_069",1071,"2021-02-07","forecast","-1.40803163463627"
"exdqlm_univar_synth","draw_069",1071,"2021-02-08","forecast","-0.678603336292821"
"exdqlm_univar_synth","draw_069",1071,"2021-02-09","forecast","-1.42381138453989"
"exdqlm_univar_synth","draw_069",1071,"2021-02-10","forecast","-0.560653671060152"
"exdqlm_univar_synth","draw_069",1071,"2021-02-11","forecast","-0.634670332845879"
"exdqlm_univar_synth","draw_069",1071,"2021-02-12","forecast","-0.726775379312039"
"exdqlm_univar_synth","draw_069",1071,"2021-02-13","forecast","-0.852317477709770"
"exdqlm_univar_synth","draw_069",1071,"2021-02-14","forecast","-0.674288734066609"
"exdqlm_univar_synth","draw_069",1071,"2021-02-15","forecast","-1.20632895094149"
"exdqlm_univar_synth","draw_069",1071,"2021-02-16","forecast","-0.546031023791060"
"exdqlm_univar_synth","draw_069",1071,"2021-02-17","forecast","-1.06874162725557"
"exdqlm_univar_synth","draw_069",1071,"2021-02-18","forecast","-0.829396590495467"
"exdqlm_univar_synth","draw_069",1071,"2021-02-19","forecast","-0.909687374485672"
"exdqlm_univar_synth","draw_069",1071,"2021-02-20","forecast","-1.39627961158982"
"exdqlm_univar_synth","draw_070",1087,"2021-01-24","forecast","-0.900823035184465"
"exdqlm_univar_synth","draw_070",1087,"2021-01-25","forecast","-0.706648051584754"
"exdqlm_univar_synth","draw_070",1087,"2021-01-26","forecast","-0.801961935533003"
"exdqlm_univar_synth","draw_070",1087,"2021-01-27","forecast","0.181445004939361"
"exdqlm_univar_synth","draw_070",1087,"2021-01-28","forecast","0.709393776518493"
"exdqlm_univar_synth","draw_070",1087,"2021-01-29","forecast","1.03580582912342"
"exdqlm_univar_synth","draw_070",1087,"2021-01-30","forecast","-0.197689361211814"
"exdqlm_univar_synth","draw_070",1087,"2021-01-31","forecast","-0.384387028313909"
"exdqlm_univar_synth","draw_070",1087,"2021-02-01","forecast","-0.964184865861373"
"exdqlm_univar_synth","draw_070",1087,"2021-02-02","forecast","-1.05541064426208"
"exdqlm_univar_synth","draw_070",1087,"2021-02-03","forecast","-0.675923299188134"
"exdqlm_univar_synth","draw_070",1087,"2021-02-04","forecast","-0.713681738132541"
"exdqlm_univar_synth","draw_070",1087,"2021-02-05","forecast","-0.618616157722112"
"exdqlm_univar_synth","draw_070",1087,"2021-02-06","forecast","-0.992844021946615"
"exdqlm_univar_synth","draw_070",1087,"2021-02-07","forecast","-1.33151848046510"
"exdqlm_univar_synth","draw_070",1087,"2021-02-08","forecast","-0.866924484822593"
"exdqlm_univar_synth","draw_070",1087,"2021-02-09","forecast","-1.00113828667644"
"exdqlm_univar_synth","draw_070",1087,"2021-02-10","forecast","0"
"exdqlm_univar_synth","draw_070",1087,"2021-02-11","forecast","-0.969437839673903"
"exdqlm_univar_synth","draw_070",1087,"2021-02-12","forecast","-1.12909171773763"
"exdqlm_univar_synth","draw_070",1087,"2021-02-13","forecast","-0.838625168715520"
"exdqlm_univar_synth","draw_070",1087,"2021-02-14","forecast","-0.548715211916690"
"exdqlm_univar_synth","draw_070",1087,"2021-02-15","forecast","-1.05775683386805"
"exdqlm_univar_synth","draw_070",1087,"2021-02-16","forecast","-0.585293998887533"
"exdqlm_univar_synth","draw_070",1087,"2021-02-17","forecast","-1.42015714732133"
"exdqlm_univar_synth","draw_070",1087,"2021-02-18","forecast","-0.805701110672400"
"exdqlm_univar_synth","draw_070",1087,"2021-02-19","forecast","-0.893150241220610"
"exdqlm_univar_synth","draw_070",1087,"2021-02-20","forecast","-1.09467573537201"
"exdqlm_univar_synth","draw_071",1103,"2021-01-24","forecast","-0.902345248019993"
"exdqlm_univar_synth","draw_071",1103,"2021-01-25","forecast","-0.773372239513316"
"exdqlm_univar_synth","draw_071",1103,"2021-01-26","forecast","-0.828628703048231"
"exdqlm_univar_synth","draw_071",1103,"2021-01-27","forecast","0.153918540642603"
"exdqlm_univar_synth","draw_071",1103,"2021-01-28","forecast","0.648102868599723"
"exdqlm_univar_synth","draw_071",1103,"2021-01-29","forecast","1.12640505722476"
"exdqlm_univar_synth","draw_071",1103,"2021-01-30","forecast","-0.197092468653300"
"exdqlm_univar_synth","draw_071",1103,"2021-01-31","forecast","-0.902992617507029"
"exdqlm_univar_synth","draw_071",1103,"2021-02-01","forecast","-0.753999194345316"
"exdqlm_univar_synth","draw_071",1103,"2021-02-02","forecast","-0.554562031618063"
"exdqlm_univar_synth","draw_071",1103,"2021-02-03","forecast","-0.791581854142467"
"exdqlm_univar_synth","draw_071",1103,"2021-02-04","forecast","-0.712740592837704"
"exdqlm_univar_synth","draw_071",1103,"2021-02-05","forecast","-0.650287166289552"
"exdqlm_univar_synth","draw_071",1103,"2021-02-06","forecast","-1.08393097603157"
"exdqlm_univar_synth","draw_071",1103,"2021-02-07","forecast","-1.20247887460488"
"exdqlm_univar_synth","draw_071",1103,"2021-02-08","forecast","-0.704376939395199"
"exdqlm_univar_synth","draw_071",1103,"2021-02-09","forecast","-1.10963577222999"
"exdqlm_univar_synth","draw_071",1103,"2021-02-10","forecast","-0.970434370416999"
"exdqlm_univar_synth","draw_071",1103,"2021-02-11","forecast","-1.03764248279324"
"exdqlm_univar_synth","draw_071",1103,"2021-02-12","forecast","-0.912980151992903"
"exdqlm_univar_synth","draw_071",1103,"2021-02-13","forecast","-0.852933617067317"
"exdqlm_univar_synth","draw_071",1103,"2021-02-14","forecast","-0.528170516881087"
"exdqlm_univar_synth","draw_071",1103,"2021-02-15","forecast","-0.626609683046845"
"exdqlm_univar_synth","draw_071",1103,"2021-02-16","forecast","-0.947828662746324"
"exdqlm_univar_synth","draw_071",1103,"2021-02-17","forecast","-0.875004434646237"
"exdqlm_univar_synth","draw_071",1103,"2021-02-18","forecast","-0.864771861894676"
"exdqlm_univar_synth","draw_071",1103,"2021-02-19","forecast","-0.910486679990062"
"exdqlm_univar_synth","draw_071",1103,"2021-02-20","forecast","-1.09475322496243"
"exdqlm_univar_synth","draw_072",1119,"2021-01-24","forecast","-0.887321470745422"
"exdqlm_univar_synth","draw_072",1119,"2021-01-25","forecast","-0.844192087502735"
"exdqlm_univar_synth","draw_072",1119,"2021-01-26","forecast","-0.921004983201073"
"exdqlm_univar_synth","draw_072",1119,"2021-01-27","forecast","0.100217175409403"
"exdqlm_univar_synth","draw_072",1119,"2021-01-28","forecast","0.859513440512719"
"exdqlm_univar_synth","draw_072",1119,"2021-01-29","forecast","0.503550670690016"
"exdqlm_univar_synth","draw_072",1119,"2021-01-30","forecast","-0.360102937175851"
"exdqlm_univar_synth","draw_072",1119,"2021-01-31","forecast","-0.396606926078260"
"exdqlm_univar_synth","draw_072",1119,"2021-02-01","forecast","-0.674464967810356"
"exdqlm_univar_synth","draw_072",1119,"2021-02-02","forecast","-0.565522662962975"
"exdqlm_univar_synth","draw_072",1119,"2021-02-03","forecast","-0.685855738096195"
"exdqlm_univar_synth","draw_072",1119,"2021-02-04","forecast","-0.712883336574402"
"exdqlm_univar_synth","draw_072",1119,"2021-02-05","forecast","-0.657758332740899"
"exdqlm_univar_synth","draw_072",1119,"2021-02-06","forecast","-0.915550318804472"
"exdqlm_univar_synth","draw_072",1119,"2021-02-07","forecast","-0.993673650709635"
"exdqlm_univar_synth","draw_072",1119,"2021-02-08","forecast","-0.949775462435985"
"exdqlm_univar_synth","draw_072",1119,"2021-02-09","forecast","-1.00233471042703"
"exdqlm_univar_synth","draw_072",1119,"2021-02-10","forecast","-1.00123284233327"
"exdqlm_univar_synth","draw_072",1119,"2021-02-11","forecast","-1.16786915882532"
"exdqlm_univar_synth","draw_072",1119,"2021-02-12","forecast","-0.810152582812085"
"exdqlm_univar_synth","draw_072",1119,"2021-02-13","forecast","-1.12185229903111"
"exdqlm_univar_synth","draw_072",1119,"2021-02-14","forecast","-0.667791267128574"
"exdqlm_univar_synth","draw_072",1119,"2021-02-15","forecast","-0.627510225104944"
"exdqlm_univar_synth","draw_072",1119,"2021-02-16","forecast","-0.675855671595452"
"exdqlm_univar_synth","draw_072",1119,"2021-02-17","forecast","-0.875007397027222"
"exdqlm_univar_synth","draw_072",1119,"2021-02-18","forecast","-0.828923493074806"
"exdqlm_univar_synth","draw_072",1119,"2021-02-19","forecast","-1.32703005035738"
"exdqlm_univar_synth","draw_072",1119,"2021-02-20","forecast","-1.16764446513999"
"exdqlm_univar_synth","draw_073",1134,"2021-01-24","forecast","-0.958423588126318"
"exdqlm_univar_synth","draw_073",1134,"2021-01-25","forecast","-0.753927827753255"
"exdqlm_univar_synth","draw_073",1134,"2021-01-26","forecast","-0.915587538034351"
"exdqlm_univar_synth","draw_073",1134,"2021-01-27","forecast","0.576148696016086"
"exdqlm_univar_synth","draw_073",1134,"2021-01-28","forecast","0.860378620472833"
"exdqlm_univar_synth","draw_073",1134,"2021-01-29","forecast","1.07677735351692"
"exdqlm_univar_synth","draw_073",1134,"2021-01-30","forecast","-0.478087064918587"
"exdqlm_univar_synth","draw_073",1134,"2021-01-31","forecast","-0.277158692795466"
"exdqlm_univar_synth","draw_073",1134,"2021-02-01","forecast","-0.931685027337643"
"exdqlm_univar_synth","draw_073",1134,"2021-02-02","forecast","-0.554178708521121"
"exdqlm_univar_synth","draw_073",1134,"2021-02-03","forecast","-0.748497146138192"
"exdqlm_univar_synth","draw_073",1134,"2021-02-04","forecast","-0.713034422461973"
"exdqlm_univar_synth","draw_073",1134,"2021-02-05","forecast","-0.654880209440471"
"exdqlm_univar_synth","draw_073",1134,"2021-02-06","forecast","-0.915193498981390"
"exdqlm_univar_synth","draw_073",1134,"2021-02-07","forecast","-1.36003392944525"
"exdqlm_univar_synth","draw_073",1134,"2021-02-08","forecast","-0.676342215842256"
"exdqlm_univar_synth","draw_073",1134,"2021-02-09","forecast","-1.00170781195364"
"exdqlm_univar_synth","draw_073",1134,"2021-02-10","forecast","-0.551265795360801"
"exdqlm_univar_synth","draw_073",1134,"2021-02-11","forecast","-0.437121192977914"
"exdqlm_univar_synth","draw_073",1134,"2021-02-12","forecast","-0.608173009463117"
"exdqlm_univar_synth","draw_073",1134,"2021-02-13","forecast","-0.853219814140055"
"exdqlm_univar_synth","draw_073",1134,"2021-02-14","forecast","-0.671686212183695"
"exdqlm_univar_synth","draw_073",1134,"2021-02-15","forecast","-0.840835178734757"
"exdqlm_univar_synth","draw_073",1134,"2021-02-16","forecast","-0.949874837771686"
"exdqlm_univar_synth","draw_073",1134,"2021-02-17","forecast","-0.922543554638472"
"exdqlm_univar_synth","draw_073",1134,"2021-02-18","forecast","-0.827731155006315"
"exdqlm_univar_synth","draw_073",1134,"2021-02-19","forecast","-0.993429955502338"
"exdqlm_univar_synth","draw_073",1134,"2021-02-20","forecast","-0.823432023025071"
"exdqlm_univar_synth","draw_074",1150,"2021-01-24","forecast","-0.753356652380371"
"exdqlm_univar_synth","draw_074",1150,"2021-01-25","forecast","-0.547113106301406"
"exdqlm_univar_synth","draw_074",1150,"2021-01-26","forecast","-0.659750677719046"
"exdqlm_univar_synth","draw_074",1150,"2021-01-27","forecast","0.849268043390579"
"exdqlm_univar_synth","draw_074",1150,"2021-01-28","forecast","0.227798230415320"
"exdqlm_univar_synth","draw_074",1150,"2021-01-29","forecast","0.456694738281234"
"exdqlm_univar_synth","draw_074",1150,"2021-01-30","forecast","-0.625322834005320"
"exdqlm_univar_synth","draw_074",1150,"2021-01-31","forecast","-0.643471357368298"
"exdqlm_univar_synth","draw_074",1150,"2021-02-01","forecast","-0.682289303782955"
"exdqlm_univar_synth","draw_074",1150,"2021-02-02","forecast","-0.660259965831748"
"exdqlm_univar_synth","draw_074",1150,"2021-02-03","forecast","-0.721777444940413"
"exdqlm_univar_synth","draw_074",1150,"2021-02-04","forecast","-0.937579570892539"
"exdqlm_univar_synth","draw_074",1150,"2021-02-05","forecast","-0.550318202058288"
"exdqlm_univar_synth","draw_074",1150,"2021-02-06","forecast","-0.920606951449220"
"exdqlm_univar_synth","draw_074",1150,"2021-02-07","forecast","-1.21327051505993"
"exdqlm_univar_synth","draw_074",1150,"2021-02-08","forecast","-0.965267126969199"
"exdqlm_univar_synth","draw_074",1150,"2021-02-09","forecast","-0.843173631674875"
"exdqlm_univar_synth","draw_074",1150,"2021-02-10","forecast","-0.623852206634946"
"exdqlm_univar_synth","draw_074",1150,"2021-02-11","forecast","-0.889039272196988"
"exdqlm_univar_synth","draw_074",1150,"2021-02-12","forecast","-0.725778278256823"
"exdqlm_univar_synth","draw_074",1150,"2021-02-13","forecast","-0.850115525879338"
"exdqlm_univar_synth","draw_074",1150,"2021-02-14","forecast","-0.956532305673813"
"exdqlm_univar_synth","draw_074",1150,"2021-02-15","forecast","-0.628442396360741"
"exdqlm_univar_synth","draw_074",1150,"2021-02-16","forecast","-0.583554469375520"
"exdqlm_univar_synth","draw_074",1150,"2021-02-17","forecast","-0.813591049640135"
"exdqlm_univar_synth","draw_074",1150,"2021-02-18","forecast","-0.681373231531015"
"exdqlm_univar_synth","draw_074",1150,"2021-02-19","forecast","-0.894266419552106"
"exdqlm_univar_synth","draw_074",1150,"2021-02-20","forecast","-0.789743848467984"
"exdqlm_univar_synth","draw_075",1166,"2021-01-24","forecast","-0.787902079098084"
"exdqlm_univar_synth","draw_075",1166,"2021-01-25","forecast","-0.571886450961246"
"exdqlm_univar_synth","draw_075",1166,"2021-01-26","forecast","-0.659407898166762"
"exdqlm_univar_synth","draw_075",1166,"2021-01-27","forecast","0.273217254445612"
"exdqlm_univar_synth","draw_075",1166,"2021-01-28","forecast","1.11645370174238"
"exdqlm_univar_synth","draw_075",1166,"2021-01-29","forecast","0.981730596719332"
"exdqlm_univar_synth","draw_075",1166,"2021-01-30","forecast","-0.609281410494530"
"exdqlm_univar_synth","draw_075",1166,"2021-01-31","forecast","-0.379438423334903"
"exdqlm_univar_synth","draw_075",1166,"2021-02-01","forecast","-0.763608132574073"
"exdqlm_univar_synth","draw_075",1166,"2021-02-02","forecast","-0.973960196158765"
"exdqlm_univar_synth","draw_075",1166,"2021-02-03","forecast","-0.684945333858917"
"exdqlm_univar_synth","draw_075",1166,"2021-02-04","forecast","-0.714752079192434"
"exdqlm_univar_synth","draw_075",1166,"2021-02-05","forecast","-1.09246276241309"
"exdqlm_univar_synth","draw_075",1166,"2021-02-06","forecast","-1.07925976803141"
"exdqlm_univar_synth","draw_075",1166,"2021-02-07","forecast","-1.28804312735375"
"exdqlm_univar_synth","draw_075",1166,"2021-02-08","forecast","-0.883979622542452"
"exdqlm_univar_synth","draw_075",1166,"2021-02-09","forecast","-0.992057301104271"
"exdqlm_univar_synth","draw_075",1166,"2021-02-10","forecast","-0.553516856272609"
"exdqlm_univar_synth","draw_075",1166,"2021-02-11","forecast","-0.633911083043785"
"exdqlm_univar_synth","draw_075",1166,"2021-02-12","forecast","-1.35857753503716"
"exdqlm_univar_synth","draw_075",1166,"2021-02-13","forecast","-1.06427130377936"
"exdqlm_univar_synth","draw_075",1166,"2021-02-14","forecast","-0.672178030581690"
"exdqlm_univar_synth","draw_075",1166,"2021-02-15","forecast","-0.796972269512842"
"exdqlm_univar_synth","draw_075",1166,"2021-02-16","forecast","-0.582592065137231"
"exdqlm_univar_synth","draw_075",1166,"2021-02-17","forecast","-1.33534143295560"
"exdqlm_univar_synth","draw_075",1166,"2021-02-18","forecast","-1.11963280368750"
"exdqlm_univar_synth","draw_075",1166,"2021-02-19","forecast","-1.17376725304087"
"exdqlm_univar_synth","draw_075",1166,"2021-02-20","forecast","-1.24458485042309"
"exdqlm_univar_synth","draw_076",1182,"2021-01-24","forecast","-0.667534299406464"
"exdqlm_univar_synth","draw_076",1182,"2021-01-25","forecast","-0.589801157927351"
"exdqlm_univar_synth","draw_076",1182,"2021-01-26","forecast","-0.651599078157539"
"exdqlm_univar_synth","draw_076",1182,"2021-01-27","forecast","0.257048200135058"
"exdqlm_univar_synth","draw_076",1182,"2021-01-28","forecast","0.605398216322611"
"exdqlm_univar_synth","draw_076",1182,"2021-01-29","forecast","0.0270322081752073"
"exdqlm_univar_synth","draw_076",1182,"2021-01-30","forecast","-0.197428793459600"
"exdqlm_univar_synth","draw_076",1182,"2021-01-31","forecast","-0.395724880758774"
"exdqlm_univar_synth","draw_076",1182,"2021-02-01","forecast","-1.06503241969523"
"exdqlm_univar_synth","draw_076",1182,"2021-02-02","forecast","-0.771011003632841"
"exdqlm_univar_synth","draw_076",1182,"2021-02-03","forecast","-0.840491874769440"
"exdqlm_univar_synth","draw_076",1182,"2021-02-04","forecast","-0.812393578510859"
"exdqlm_univar_synth","draw_076",1182,"2021-02-05","forecast","-0.788398884846701"
"exdqlm_univar_synth","draw_076",1182,"2021-02-06","forecast","-1.14045849543331"
"exdqlm_univar_synth","draw_076",1182,"2021-02-07","forecast","-1.00924171172626"
"exdqlm_univar_synth","draw_076",1182,"2021-02-08","forecast","-0.709519184244073"
"exdqlm_univar_synth","draw_076",1182,"2021-02-09","forecast","-1.25686057263285"
"exdqlm_univar_synth","draw_076",1182,"2021-02-10","forecast","-0.558931000729861"
"exdqlm_univar_synth","draw_076",1182,"2021-02-11","forecast","-0.646166019309217"
"exdqlm_univar_synth","draw_076",1182,"2021-02-12","forecast","-0.729180530322497"
"exdqlm_univar_synth","draw_076",1182,"2021-02-13","forecast","-0.856046773413217"
"exdqlm_univar_synth","draw_076",1182,"2021-02-14","forecast","-0.678248717664829"
"exdqlm_univar_synth","draw_076",1182,"2021-02-15","forecast","-1.03626469761625"
"exdqlm_univar_synth","draw_076",1182,"2021-02-16","forecast","-0.925452912359992"
"exdqlm_univar_synth","draw_076",1182,"2021-02-17","forecast","-1.11337950925293"
"exdqlm_univar_synth","draw_076",1182,"2021-02-18","forecast","-1.33119081364487"
"exdqlm_univar_synth","draw_076",1182,"2021-02-19","forecast","-1.16376228967759"
"exdqlm_univar_synth","draw_076",1182,"2021-02-20","forecast","-1.18211414235468"
"exdqlm_univar_synth","draw_077",1197,"2021-01-24","forecast","-0.873052391162847"
"exdqlm_univar_synth","draw_077",1197,"2021-01-25","forecast","-0.877757259741120"
"exdqlm_univar_synth","draw_077",1197,"2021-01-26","forecast","-0.563602755570120"
"exdqlm_univar_synth","draw_077",1197,"2021-01-27","forecast","0.722801816713386"
"exdqlm_univar_synth","draw_077",1197,"2021-01-28","forecast","0.451492602097505"
"exdqlm_univar_synth","draw_077",1197,"2021-01-29","forecast","0.980448597652011"
"exdqlm_univar_synth","draw_077",1197,"2021-01-30","forecast","-0.235915682130913"
"exdqlm_univar_synth","draw_077",1197,"2021-01-31","forecast","-0.162388032048088"
"exdqlm_univar_synth","draw_077",1197,"2021-02-01","forecast","-1.18119830411551"
"exdqlm_univar_synth","draw_077",1197,"2021-02-02","forecast","-0.807686625194968"
"exdqlm_univar_synth","draw_077",1197,"2021-02-03","forecast","-0.679579066595018"
"exdqlm_univar_synth","draw_077",1197,"2021-02-04","forecast","-0.863833202282109"
"exdqlm_univar_synth","draw_077",1197,"2021-02-05","forecast","-0.670158591433859"
"exdqlm_univar_synth","draw_077",1197,"2021-02-06","forecast","-0.996764060637350"
"exdqlm_univar_synth","draw_077",1197,"2021-02-07","forecast","-0.994535710913362"
"exdqlm_univar_synth","draw_077",1197,"2021-02-08","forecast","-0.556291909055704"
"exdqlm_univar_synth","draw_077",1197,"2021-02-09","forecast","-1.44133714732823"
"exdqlm_univar_synth","draw_077",1197,"2021-02-10","forecast","-1.20205435886714"
"exdqlm_univar_synth","draw_077",1197,"2021-02-11","forecast","-1.00699538088990"
"exdqlm_univar_synth","draw_077",1197,"2021-02-12","forecast","-1.08869166275285"
"exdqlm_univar_synth","draw_077",1197,"2021-02-13","forecast","-1.36438009240782"
"exdqlm_univar_synth","draw_077",1197,"2021-02-14","forecast","-1.09421704439857"
"exdqlm_univar_synth","draw_077",1197,"2021-02-15","forecast","-0.563631713272015"
"exdqlm_univar_synth","draw_077",1197,"2021-02-16","forecast","-0.579646477455248"
"exdqlm_univar_synth","draw_077",1197,"2021-02-17","forecast","-1.26696790051217"
"exdqlm_univar_synth","draw_077",1197,"2021-02-18","forecast","-0.828205022427913"
"exdqlm_univar_synth","draw_077",1197,"2021-02-19","forecast","-0.888810309316526"
"exdqlm_univar_synth","draw_077",1197,"2021-02-20","forecast","-1.16924917037987"
"exdqlm_univar_synth","draw_078",1213,"2021-01-24","forecast","-0.833087344842622"
"exdqlm_univar_synth","draw_078",1213,"2021-01-25","forecast","-0.629851750870247"
"exdqlm_univar_synth","draw_078",1213,"2021-01-26","forecast","-0.723483497878829"
"exdqlm_univar_synth","draw_078",1213,"2021-01-27","forecast","0.587767841485088"
"exdqlm_univar_synth","draw_078",1213,"2021-01-28","forecast","0.769843668774407"
"exdqlm_univar_synth","draw_078",1213,"2021-01-29","forecast","0.887285004175190"
"exdqlm_univar_synth","draw_078",1213,"2021-01-30","forecast","-0.193526309558005"
"exdqlm_univar_synth","draw_078",1213,"2021-01-31","forecast","-0.387586929033229"
"exdqlm_univar_synth","draw_078",1213,"2021-02-01","forecast","-0.751980034267651"
"exdqlm_univar_synth","draw_078",1213,"2021-02-02","forecast","-0.725828055726601"
"exdqlm_univar_synth","draw_078",1213,"2021-02-03","forecast","-0.675974382419905"
"exdqlm_univar_synth","draw_078",1213,"2021-02-04","forecast","-0.537387828994413"
"exdqlm_univar_synth","draw_078",1213,"2021-02-05","forecast","-0.584696125091579"
"exdqlm_univar_synth","draw_078",1213,"2021-02-06","forecast","-0.918924562756129"
"exdqlm_univar_synth","draw_078",1213,"2021-02-07","forecast","-0.995677555649331"
"exdqlm_univar_synth","draw_078",1213,"2021-02-08","forecast","-0.681724465891807"
"exdqlm_univar_synth","draw_078",1213,"2021-02-09","forecast","-0.937533711074902"
"exdqlm_univar_synth","draw_078",1213,"2021-02-10","forecast","-0.555169606887107"
"exdqlm_univar_synth","draw_078",1213,"2021-02-11","forecast","-0.970291795059001"
"exdqlm_univar_synth","draw_078",1213,"2021-02-12","forecast","-1.06957477826312"
"exdqlm_univar_synth","draw_078",1213,"2021-02-13","forecast","-1.07952128961594"
"exdqlm_univar_synth","draw_078",1213,"2021-02-14","forecast","-1.03041632249045"
"exdqlm_univar_synth","draw_078",1213,"2021-02-15","forecast","-0.673537674486977"
"exdqlm_univar_synth","draw_078",1213,"2021-02-16","forecast","-0.581434529555302"
"exdqlm_univar_synth","draw_078",1213,"2021-02-17","forecast","-0.960568341459884"
"exdqlm_univar_synth","draw_078",1213,"2021-02-18","forecast","-1.32534717484409"
"exdqlm_univar_synth","draw_078",1213,"2021-02-19","forecast","-0.888475747928938"
"exdqlm_univar_synth","draw_078",1213,"2021-02-20","forecast","-0.966550065095828"
"exdqlm_univar_synth","draw_079",1229,"2021-01-24","forecast","-0.717673486539596"
"exdqlm_univar_synth","draw_079",1229,"2021-01-25","forecast","-0.847250488132940"
"exdqlm_univar_synth","draw_079",1229,"2021-01-26","forecast","-0.633862206314347"
"exdqlm_univar_synth","draw_079",1229,"2021-01-27","forecast","0.597368850199877"
"exdqlm_univar_synth","draw_079",1229,"2021-01-28","forecast","1.08574614078531"
"exdqlm_univar_synth","draw_079",1229,"2021-01-29","forecast","0.981032804972554"
"exdqlm_univar_synth","draw_079",1229,"2021-01-30","forecast","-0.709655471366259"
"exdqlm_univar_synth","draw_079",1229,"2021-01-31","forecast","-0.500686382383734"
"exdqlm_univar_synth","draw_079",1229,"2021-02-01","forecast","-0.754465649331954"
"exdqlm_univar_synth","draw_079",1229,"2021-02-02","forecast","-0.556559627701720"
"exdqlm_univar_synth","draw_079",1229,"2021-02-03","forecast","-0.686801683281803"
"exdqlm_univar_synth","draw_079",1229,"2021-02-04","forecast","-0.713349920460006"
"exdqlm_univar_synth","draw_079",1229,"2021-02-05","forecast","-0.995962211747386"
"exdqlm_univar_synth","draw_079",1229,"2021-02-06","forecast","-1.11257521390492"
"exdqlm_univar_synth","draw_079",1229,"2021-02-07","forecast","-1.21107207909072"
"exdqlm_univar_synth","draw_079",1229,"2021-02-08","forecast","-1.10553413815853"
"exdqlm_univar_synth","draw_079",1229,"2021-02-09","forecast","-1.35301548239629"
"exdqlm_univar_synth","draw_079",1229,"2021-02-10","forecast","-0.822487571783958"
"exdqlm_univar_synth","draw_079",1229,"2021-02-11","forecast","-0.632668407929205"
"exdqlm_univar_synth","draw_079",1229,"2021-02-12","forecast","-0.725067583910211"
"exdqlm_univar_synth","draw_079",1229,"2021-02-13","forecast","-0.882936357302124"
"exdqlm_univar_synth","draw_079",1229,"2021-02-14","forecast","-0.668084724037743"
"exdqlm_univar_synth","draw_079",1229,"2021-02-15","forecast","-0.620458377840743"
"exdqlm_univar_synth","draw_079",1229,"2021-02-16","forecast","-0.581780651344461"
"exdqlm_univar_synth","draw_079",1229,"2021-02-17","forecast","-1.20195895791151"
"exdqlm_univar_synth","draw_079",1229,"2021-02-18","forecast","-1.06474813985667"
"exdqlm_univar_synth","draw_079",1229,"2021-02-19","forecast","-0.896142694664799"
"exdqlm_univar_synth","draw_079",1229,"2021-02-20","forecast","-1.00994264449301"
"exdqlm_univar_synth","draw_080",1244,"2021-01-24","forecast","-0.871638166080763"
"exdqlm_univar_synth","draw_080",1244,"2021-01-25","forecast","-0.309388576580130"
"exdqlm_univar_synth","draw_080",1244,"2021-01-26","forecast","-0.883129556776192"
"exdqlm_univar_synth","draw_080",1244,"2021-01-27","forecast","0.817589837488956"
"exdqlm_univar_synth","draw_080",1244,"2021-01-28","forecast","0.455483194807369"
"exdqlm_univar_synth","draw_080",1244,"2021-01-29","forecast","0.803230615435127"
"exdqlm_univar_synth","draw_080",1244,"2021-01-30","forecast","-0.195106477631004"
"exdqlm_univar_synth","draw_080",1244,"2021-01-31","forecast","-0.244447866957105"
"exdqlm_univar_synth","draw_080",1244,"2021-02-01","forecast","-0.754577369623556"
"exdqlm_univar_synth","draw_080",1244,"2021-02-02","forecast","-0.812667000686674"
"exdqlm_univar_synth","draw_080",1244,"2021-02-03","forecast","-0.688939541475337"
"exdqlm_univar_synth","draw_080",1244,"2021-02-04","forecast","-0.906725442782197"
"exdqlm_univar_synth","draw_080",1244,"2021-02-05","forecast","-0.448228672651486"
"exdqlm_univar_synth","draw_080",1244,"2021-02-06","forecast","-1.20132721551539"
"exdqlm_univar_synth","draw_080",1244,"2021-02-07","forecast","-0.993450490368586"
"exdqlm_univar_synth","draw_080",1244,"2021-02-08","forecast","-1.16399165738668"
"exdqlm_univar_synth","draw_080",1244,"2021-02-09","forecast","-0.988028966056130"
"exdqlm_univar_synth","draw_080",1244,"2021-02-10","forecast","-0.970307119558193"
"exdqlm_univar_synth","draw_080",1244,"2021-02-11","forecast","-0.740026557496108"
"exdqlm_univar_synth","draw_080",1244,"2021-02-12","forecast","-0.730443245164114"
"exdqlm_univar_synth","draw_080",1244,"2021-02-13","forecast","-0.951472948764241"
"exdqlm_univar_synth","draw_080",1244,"2021-02-14","forecast","-0.675169918506008"
"exdqlm_univar_synth","draw_080",1244,"2021-02-15","forecast","-0.629449205573037"
"exdqlm_univar_synth","draw_080",1244,"2021-02-16","forecast","-0.583392940059006"
"exdqlm_univar_synth","draw_080",1244,"2021-02-17","forecast","-0.966452266110014"
"exdqlm_univar_synth","draw_080",1244,"2021-02-18","forecast","-0.827347956776171"
"exdqlm_univar_synth","draw_080",1244,"2021-02-19","forecast","-0.894700781996837"
"exdqlm_univar_synth","draw_080",1244,"2021-02-20","forecast","-0.818475884678055"
"exdqlm_univar_synth","draw_081",1260,"2021-01-24","forecast","-0.946350890782041"
"exdqlm_univar_synth","draw_081",1260,"2021-01-25","forecast","-1.10007184985997"
"exdqlm_univar_synth","draw_081",1260,"2021-01-26","forecast","-0.956141732108745"
"exdqlm_univar_synth","draw_081",1260,"2021-01-27","forecast","0.223821051576382"
"exdqlm_univar_synth","draw_081",1260,"2021-01-28","forecast","0.433754281097208"
"exdqlm_univar_synth","draw_081",1260,"2021-01-29","forecast","0.989805202390964"
"exdqlm_univar_synth","draw_081",1260,"2021-01-30","forecast","-0.265803254611179"
"exdqlm_univar_synth","draw_081",1260,"2021-01-31","forecast","-0.791663967290832"
"exdqlm_univar_synth","draw_081",1260,"2021-02-01","forecast","-0.760345361728456"
"exdqlm_univar_synth","draw_081",1260,"2021-02-02","forecast","-0.594822064591869"
"exdqlm_univar_synth","draw_081",1260,"2021-02-03","forecast","-0.677155596767900"
"exdqlm_univar_synth","draw_081",1260,"2021-02-04","forecast","-0.915002356028320"
"exdqlm_univar_synth","draw_081",1260,"2021-02-05","forecast","-0.952661341406666"
"exdqlm_univar_synth","draw_081",1260,"2021-02-06","forecast","-0.919393659712866"
"exdqlm_univar_synth","draw_081",1260,"2021-02-07","forecast","-1.11502392101281"
"exdqlm_univar_synth","draw_081",1260,"2021-02-08","forecast","-0.662896813922620"
"exdqlm_univar_synth","draw_081",1260,"2021-02-09","forecast","-1.41795606328815"
"exdqlm_univar_synth","draw_081",1260,"2021-02-10","forecast","-0.831409180064587"
"exdqlm_univar_synth","draw_081",1260,"2021-02-11","forecast","-0.912632927929621"
"exdqlm_univar_synth","draw_081",1260,"2021-02-12","forecast","-0.908632580842054"
"exdqlm_univar_synth","draw_081",1260,"2021-02-13","forecast","-0.856894922301612"
"exdqlm_univar_synth","draw_081",1260,"2021-02-14","forecast","-0.257666861132137"
"exdqlm_univar_synth","draw_081",1260,"2021-02-15","forecast","-0.819630400860726"
"exdqlm_univar_synth","draw_081",1260,"2021-02-16","forecast","-0.925776481246070"
"exdqlm_univar_synth","draw_081",1260,"2021-02-17","forecast","-0.877390355833855"
"exdqlm_univar_synth","draw_081",1260,"2021-02-18","forecast","-1.46689623051036"
"exdqlm_univar_synth","draw_081",1260,"2021-02-19","forecast","-1.30484064356533"
"exdqlm_univar_synth","draw_081",1260,"2021-02-20","forecast","-0.999506372945089"
"exdqlm_univar_synth","draw_082",1276,"2021-01-24","forecast","-0.720693214414090"
"exdqlm_univar_synth","draw_082",1276,"2021-01-25","forecast","-0.950229230908908"
"exdqlm_univar_synth","draw_082",1276,"2021-01-26","forecast","-0.656543669502249"
"exdqlm_univar_synth","draw_082",1276,"2021-01-27","forecast","0.0877522259730261"
"exdqlm_univar_synth","draw_082",1276,"2021-01-28","forecast","0.180895241949420"
"exdqlm_univar_synth","draw_082",1276,"2021-01-29","forecast","0.948801795208249"
"exdqlm_univar_synth","draw_082",1276,"2021-01-30","forecast","-0.223382770005283"
"exdqlm_univar_synth","draw_082",1276,"2021-01-31","forecast","-0.470495857861494"
"exdqlm_univar_synth","draw_082",1276,"2021-02-01","forecast","-0.981938406841695"
"exdqlm_univar_synth","draw_082",1276,"2021-02-02","forecast","-0.879852818514991"
"exdqlm_univar_synth","draw_082",1276,"2021-02-03","forecast","-0.883268153837982"
"exdqlm_univar_synth","draw_082",1276,"2021-02-04","forecast","-0.995757311733523"
"exdqlm_univar_synth","draw_082",1276,"2021-02-05","forecast","-0.669591044529467"
"exdqlm_univar_synth","draw_082",1276,"2021-02-06","forecast","-1.00774502120007"
"exdqlm_univar_synth","draw_082",1276,"2021-02-07","forecast","-1.07674781089629"
"exdqlm_univar_synth","draw_082",1276,"2021-02-08","forecast","-1.03728743008744"
"exdqlm_univar_synth","draw_082",1276,"2021-02-09","forecast","-1.15128999395139"
"exdqlm_univar_synth","draw_082",1276,"2021-02-10","forecast","-0.551187366568518"
"exdqlm_univar_synth","draw_082",1276,"2021-02-11","forecast","-0.632813585032560"
"exdqlm_univar_synth","draw_082",1276,"2021-02-12","forecast","-0.727596276955845"
"exdqlm_univar_synth","draw_082",1276,"2021-02-13","forecast","-0.853602984602797"
"exdqlm_univar_synth","draw_082",1276,"2021-02-14","forecast","-0.671330890426034"
"exdqlm_univar_synth","draw_082",1276,"2021-02-15","forecast","-1.13618947360578"
"exdqlm_univar_synth","draw_082",1276,"2021-02-16","forecast","-0.581580604353658"
"exdqlm_univar_synth","draw_082",1276,"2021-02-17","forecast","-0.812403024859180"
"exdqlm_univar_synth","draw_082",1276,"2021-02-18","forecast","-1.35099683829734"
"exdqlm_univar_synth","draw_082",1276,"2021-02-19","forecast","-0.893741817067035"
"exdqlm_univar_synth","draw_082",1276,"2021-02-20","forecast","-0.826601104737344"
"exdqlm_univar_synth","draw_083",1292,"2021-01-24","forecast","-0.989385384531471"
"exdqlm_univar_synth","draw_083",1292,"2021-01-25","forecast","-0.877990994855412"
"exdqlm_univar_synth","draw_083",1292,"2021-01-26","forecast","-0.789836158225091"
"exdqlm_univar_synth","draw_083",1292,"2021-01-27","forecast","0.715726603765191"
"exdqlm_univar_synth","draw_083",1292,"2021-01-28","forecast","0.355404650292545"
"exdqlm_univar_synth","draw_083",1292,"2021-01-29","forecast","0.892862835706379"
"exdqlm_univar_synth","draw_083",1292,"2021-01-30","forecast","-0.366257919370901"
"exdqlm_univar_synth","draw_083",1292,"2021-01-31","forecast","-0.399035420114793"
"exdqlm_univar_synth","draw_083",1292,"2021-02-01","forecast","-0.686434497149055"
"exdqlm_univar_synth","draw_083",1292,"2021-02-02","forecast","-0.595388540210269"
"exdqlm_univar_synth","draw_083",1292,"2021-02-03","forecast","-0.688326611219347"
"exdqlm_univar_synth","draw_083",1292,"2021-02-04","forecast","-0.711584461655167"
"exdqlm_univar_synth","draw_083",1292,"2021-02-05","forecast","-0.716930022713490"
"exdqlm_univar_synth","draw_083",1292,"2021-02-06","forecast","-1.23060980955152"
"exdqlm_univar_synth","draw_083",1292,"2021-02-07","forecast","-1.00884088943168"
"exdqlm_univar_synth","draw_083",1292,"2021-02-08","forecast","-0.596442275126477"
"exdqlm_univar_synth","draw_083",1292,"2021-02-09","forecast","-0.992368876997949"
"exdqlm_univar_synth","draw_083",1292,"2021-02-10","forecast","-0.466841838974865"
"exdqlm_univar_synth","draw_083",1292,"2021-02-11","forecast","-0.637635550859505"
"exdqlm_univar_synth","draw_083",1292,"2021-02-12","forecast","-0.938162473270861"
"exdqlm_univar_synth","draw_083",1292,"2021-02-13","forecast","-0.856810711028406"
"exdqlm_univar_synth","draw_083",1292,"2021-02-14","forecast","-0.700108385109528"
"exdqlm_univar_synth","draw_083",1292,"2021-02-15","forecast","-1.31274253166829"
"exdqlm_univar_synth","draw_083",1292,"2021-02-16","forecast","-0.588186067202621"
"exdqlm_univar_synth","draw_083",1292,"2021-02-17","forecast","-0.879665516983087"
"exdqlm_univar_synth","draw_083",1292,"2021-02-18","forecast","-1.18931626677166"
"exdqlm_univar_synth","draw_083",1292,"2021-02-19","forecast","-0.896619354130878"
"exdqlm_univar_synth","draw_083",1292,"2021-02-20","forecast","-0.823022061507764"
"exdqlm_univar_synth","draw_084",1307,"2021-01-24","forecast","-0.521260984728585"
"exdqlm_univar_synth","draw_084",1307,"2021-01-25","forecast","-0.718252064404607"
"exdqlm_univar_synth","draw_084",1307,"2021-01-26","forecast","-0.539612281837272"
"exdqlm_univar_synth","draw_084",1307,"2021-01-27","forecast","-0.0553972319870499"
"exdqlm_univar_synth","draw_084",1307,"2021-01-28","forecast","0.858917585245060"
"exdqlm_univar_synth","draw_084",1307,"2021-01-29","forecast","0.466244685573400"
"exdqlm_univar_synth","draw_084",1307,"2021-01-30","forecast","-0.562621502131763"
"exdqlm_univar_synth","draw_084",1307,"2021-01-31","forecast","-0.280596407092282"
"exdqlm_univar_synth","draw_084",1307,"2021-02-01","forecast","-0.758588958584420"
"exdqlm_univar_synth","draw_084",1307,"2021-02-02","forecast","-1.05403065028116"
"exdqlm_univar_synth","draw_084",1307,"2021-02-03","forecast","-1.13744067613155"
"exdqlm_univar_synth","draw_084",1307,"2021-02-04","forecast","-0.713195850097795"
"exdqlm_univar_synth","draw_084",1307,"2021-02-05","forecast","-1.11344991486496"
"exdqlm_univar_synth","draw_084",1307,"2021-02-06","forecast","-0.842568427967729"
"exdqlm_univar_synth","draw_084",1307,"2021-02-07","forecast","-0.992146000563613"
"exdqlm_univar_synth","draw_084",1307,"2021-02-08","forecast","-0.536406950529231"
"exdqlm_univar_synth","draw_084",1307,"2021-02-09","forecast","-1.32824780953724"
"exdqlm_univar_synth","draw_084",1307,"2021-02-10","forecast","-0.693229285011954"
"exdqlm_univar_synth","draw_084",1307,"2021-02-11","forecast","-0.630916984765151"
"exdqlm_univar_synth","draw_084",1307,"2021-02-12","forecast","-0.726492646505594"
"exdqlm_univar_synth","draw_084",1307,"2021-02-13","forecast","-0.852550774104978"
"exdqlm_univar_synth","draw_084",1307,"2021-02-14","forecast","-0.676351282953467"
"exdqlm_univar_synth","draw_084",1307,"2021-02-15","forecast","-0.693936083106140"
"exdqlm_univar_synth","draw_084",1307,"2021-02-16","forecast","-1.04366774839968"
"exdqlm_univar_synth","draw_084",1307,"2021-02-17","forecast","-0.873868377790160"
"exdqlm_univar_synth","draw_084",1307,"2021-02-18","forecast","-1.47554809000806"
"exdqlm_univar_synth","draw_084",1307,"2021-02-19","forecast","-1.33219623187506"
"exdqlm_univar_synth","draw_084",1307,"2021-02-20","forecast","-1.17699056406314"
"exdqlm_univar_synth","draw_085",1323,"2021-01-24","forecast","-0.955977259496112"
"exdqlm_univar_synth","draw_085",1323,"2021-01-25","forecast","-0.711229010379733"
"exdqlm_univar_synth","draw_085",1323,"2021-01-26","forecast","-0.713128312338673"
"exdqlm_univar_synth","draw_085",1323,"2021-01-27","forecast","-0.103622961175001"
"exdqlm_univar_synth","draw_085",1323,"2021-01-28","forecast","0.852941205169386"
"exdqlm_univar_synth","draw_085",1323,"2021-01-29","forecast","0.981458740061085"
"exdqlm_univar_synth","draw_085",1323,"2021-01-30","forecast","-0.197388083372864"
"exdqlm_univar_synth","draw_085",1323,"2021-01-31","forecast","-0.392668910521658"
"exdqlm_univar_synth","draw_085",1323,"2021-02-01","forecast","-1.03155804619641"
"exdqlm_univar_synth","draw_085",1323,"2021-02-02","forecast","-0.550084694089292"
"exdqlm_univar_synth","draw_085",1323,"2021-02-03","forecast","-0.677593685038375"
"exdqlm_univar_synth","draw_085",1323,"2021-02-04","forecast","-0.715395218448383"
"exdqlm_univar_synth","draw_085",1323,"2021-02-05","forecast","-0.648416658741004"
"exdqlm_univar_synth","draw_085",1323,"2021-02-06","forecast","-0.913887875259350"
"exdqlm_univar_synth","draw_085",1323,"2021-02-07","forecast","-1.19206156196667"
"exdqlm_univar_synth","draw_085",1323,"2021-02-08","forecast","-1.09813972649713"
"exdqlm_univar_synth","draw_085",1323,"2021-02-09","forecast","-0.990588116897192"
"exdqlm_univar_synth","draw_085",1323,"2021-02-10","forecast","-1.41544218427680"
"exdqlm_univar_synth","draw_085",1323,"2021-02-11","forecast","-0.633045042880620"
"exdqlm_univar_synth","draw_085",1323,"2021-02-12","forecast","-0.725185853137704"
"exdqlm_univar_synth","draw_085",1323,"2021-02-13","forecast","-1.60100617728613"
"exdqlm_univar_synth","draw_085",1323,"2021-02-14","forecast","-1.07134699673195"
"exdqlm_univar_synth","draw_085",1323,"2021-02-15","forecast","-1.24662606637579"
"exdqlm_univar_synth","draw_085",1323,"2021-02-16","forecast","-1.22145003363767"
"exdqlm_univar_synth","draw_085",1323,"2021-02-17","forecast","-0.874150846057748"
"exdqlm_univar_synth","draw_085",1323,"2021-02-18","forecast","-0.823859268398845"
"exdqlm_univar_synth","draw_085",1323,"2021-02-19","forecast","-1.43373397612953"
"exdqlm_univar_synth","draw_085",1323,"2021-02-20","forecast","-0.818735999771559"
"exdqlm_univar_synth","draw_086",1339,"2021-01-24","forecast","-0.663534467474280"
"exdqlm_univar_synth","draw_086",1339,"2021-01-25","forecast","-0.806591436670975"
"exdqlm_univar_synth","draw_086",1339,"2021-01-26","forecast","-0.530231112003479"
"exdqlm_univar_synth","draw_086",1339,"2021-01-27","forecast","0.383208242562943"
"exdqlm_univar_synth","draw_086",1339,"2021-01-28","forecast","1.16466279819255"
"exdqlm_univar_synth","draw_086",1339,"2021-01-29","forecast","0.534506413750068"
"exdqlm_univar_synth","draw_086",1339,"2021-01-30","forecast","-0.165083053976131"
"exdqlm_univar_synth","draw_086",1339,"2021-01-31","forecast","-0.767022172618010"
"exdqlm_univar_synth","draw_086",1339,"2021-02-01","forecast","-1.00888798339698"
"exdqlm_univar_synth","draw_086",1339,"2021-02-02","forecast","-0.584113590163224"
"exdqlm_univar_synth","draw_086",1339,"2021-02-03","forecast","-0.986906294435652"
"exdqlm_univar_synth","draw_086",1339,"2021-02-04","forecast","-0.714684474322825"
"exdqlm_univar_synth","draw_086",1339,"2021-02-05","forecast","-0.946716788072494"
"exdqlm_univar_synth","draw_086",1339,"2021-02-06","forecast","-1.23217934143956"
"exdqlm_univar_synth","draw_086",1339,"2021-02-07","forecast","-0.990070972023196"
"exdqlm_univar_synth","draw_086",1339,"2021-02-08","forecast","-1.03074663592375"
"exdqlm_univar_synth","draw_086",1339,"2021-02-09","forecast","-1.26692084538269"
"exdqlm_univar_synth","draw_086",1339,"2021-02-10","forecast","-1.13115955853377"
"exdqlm_univar_synth","draw_086",1339,"2021-02-11","forecast","-0.631525911047548"
"exdqlm_univar_synth","draw_086",1339,"2021-02-12","forecast","-0.726288932423546"
"exdqlm_univar_synth","draw_086",1339,"2021-02-13","forecast","-1.32366676245791"
"exdqlm_univar_synth","draw_086",1339,"2021-02-14","forecast","-1.22993854269206"
"exdqlm_univar_synth","draw_086",1339,"2021-02-15","forecast","-1.23075901492687"
"exdqlm_univar_synth","draw_086",1339,"2021-02-16","forecast","-0.596364680071477"
"exdqlm_univar_synth","draw_086",1339,"2021-02-17","forecast","-1.10930773280166"
"exdqlm_univar_synth","draw_086",1339,"2021-02-18","forecast","-1.35962475120620"
"exdqlm_univar_synth","draw_086",1339,"2021-02-19","forecast","-1.26106371309335"
"exdqlm_univar_synth","draw_086",1339,"2021-02-20","forecast","-0.823902310025038"
"exdqlm_univar_synth","draw_087",1355,"2021-01-24","forecast","-1.04455141159549"
"exdqlm_univar_synth","draw_087",1355,"2021-01-25","forecast","-0.589996928458220"
"exdqlm_univar_synth","draw_087",1355,"2021-01-26","forecast","-0.766762042407184"
"exdqlm_univar_synth","draw_087",1355,"2021-01-27","forecast","-0.195714863877804"
"exdqlm_univar_synth","draw_087",1355,"2021-01-28","forecast","0.677813495525864"
"exdqlm_univar_synth","draw_087",1355,"2021-01-29","forecast","1.01083222497854"
"exdqlm_univar_synth","draw_087",1355,"2021-01-30","forecast","-0.145204329175249"
"exdqlm_univar_synth","draw_087",1355,"2021-01-31","forecast","-0.178818020650129"
"exdqlm_univar_synth","draw_087",1355,"2021-02-01","forecast","-0.665399087403943"
"exdqlm_univar_synth","draw_087",1355,"2021-02-02","forecast","-1.01802722675375"
"exdqlm_univar_synth","draw_087",1355,"2021-02-03","forecast","-0.731349614851826"
"exdqlm_univar_synth","draw_087",1355,"2021-02-04","forecast","-0.711584534498285"
"exdqlm_univar_synth","draw_087",1355,"2021-02-05","forecast","-0.731271633301022"
"exdqlm_univar_synth","draw_087",1355,"2021-02-06","forecast","-0.914577229342421"
"exdqlm_univar_synth","draw_087",1355,"2021-02-07","forecast","-1.00325256589338"
"exdqlm_univar_synth","draw_087",1355,"2021-02-08","forecast","-1.00516867950166"
"exdqlm_univar_synth","draw_087",1355,"2021-02-09","forecast","-1.14298163463763"
"exdqlm_univar_synth","draw_087",1355,"2021-02-10","forecast","-0.583127035013456"
"exdqlm_univar_synth","draw_087",1355,"2021-02-11","forecast","-0.593458236288995"
"exdqlm_univar_synth","draw_087",1355,"2021-02-12","forecast","-0.724116390272283"
"exdqlm_univar_synth","draw_087",1355,"2021-02-13","forecast","-0.848692716948577"
"exdqlm_univar_synth","draw_087",1355,"2021-02-14","forecast","-0.770947938259060"
"exdqlm_univar_synth","draw_087",1355,"2021-02-15","forecast","-0.868030553040121"
"exdqlm_univar_synth","draw_087",1355,"2021-02-16","forecast","-1.23459477972646"
"exdqlm_univar_synth","draw_087",1355,"2021-02-17","forecast","-0.874663746071983"
"exdqlm_univar_synth","draw_087",1355,"2021-02-18","forecast","-1.27801506530480"
"exdqlm_univar_synth","draw_087",1355,"2021-02-19","forecast","-0.870838454507950"
"exdqlm_univar_synth","draw_087",1355,"2021-02-20","forecast","-1.06246439081105"
"exdqlm_univar_synth","draw_088",1370,"2021-01-24","forecast","-0.896400614429870"
"exdqlm_univar_synth","draw_088",1370,"2021-01-25","forecast","-0.541598913241931"
"exdqlm_univar_synth","draw_088",1370,"2021-01-26","forecast","-0.602137667862699"
"exdqlm_univar_synth","draw_088",1370,"2021-01-27","forecast","-0.169611691131061"
"exdqlm_univar_synth","draw_088",1370,"2021-01-28","forecast","0.335827617755961"
"exdqlm_univar_synth","draw_088",1370,"2021-01-29","forecast","1.23235578563723"
"exdqlm_univar_synth","draw_088",1370,"2021-01-30","forecast","-0.193664246356930"
"exdqlm_univar_synth","draw_088",1370,"2021-01-31","forecast","-0.615862759422256"
"exdqlm_univar_synth","draw_088",1370,"2021-02-01","forecast","-0.845238979745824"
"exdqlm_univar_synth","draw_088",1370,"2021-02-02","forecast","-0.554229879131375"
"exdqlm_univar_synth","draw_088",1370,"2021-02-03","forecast","-0.713249992729021"
"exdqlm_univar_synth","draw_088",1370,"2021-02-04","forecast","-0.711756772482720"
"exdqlm_univar_synth","draw_088",1370,"2021-02-05","forecast","-0.814257847044426"
"exdqlm_univar_synth","draw_088",1370,"2021-02-06","forecast","-1.19015445568908"
"exdqlm_univar_synth","draw_088",1370,"2021-02-07","forecast","-0.993159022798514"
"exdqlm_univar_synth","draw_088",1370,"2021-02-08","forecast","-1.16425513979204"
"exdqlm_univar_synth","draw_088",1370,"2021-02-09","forecast","-0.994958010183459"
"exdqlm_univar_synth","draw_088",1370,"2021-02-10","forecast","-0.864631200088839"
"exdqlm_univar_synth","draw_088",1370,"2021-02-11","forecast","-1.10366973660131"
"exdqlm_univar_synth","draw_088",1370,"2021-02-12","forecast","-0.724294338488530"
"exdqlm_univar_synth","draw_088",1370,"2021-02-13","forecast","-0.696499583141504"
"exdqlm_univar_synth","draw_088",1370,"2021-02-14","forecast","-0.671211502233037"
"exdqlm_univar_synth","draw_088",1370,"2021-02-15","forecast","-0.630550951463475"
"exdqlm_univar_synth","draw_088",1370,"2021-02-16","forecast","-0.646970011338597"
"exdqlm_univar_synth","draw_088",1370,"2021-02-17","forecast","-1.15419422214566"
"exdqlm_univar_synth","draw_088",1370,"2021-02-18","forecast","-0.830140388618858"
"exdqlm_univar_synth","draw_088",1370,"2021-02-19","forecast","-0.892191953333442"
"exdqlm_univar_synth","draw_088",1370,"2021-02-20","forecast","-0.825245636374866"
"exdqlm_univar_synth","draw_089",1386,"2021-01-24","forecast","-0.810896313662291"
"exdqlm_univar_synth","draw_089",1386,"2021-01-25","forecast","-0.697007647114234"
"exdqlm_univar_synth","draw_089",1386,"2021-01-26","forecast","-0.677130548114922"
"exdqlm_univar_synth","draw_089",1386,"2021-01-27","forecast","0.183898535612583"
"exdqlm_univar_synth","draw_089",1386,"2021-01-28","forecast","0.418748290814459"
"exdqlm_univar_synth","draw_089",1386,"2021-01-29","forecast","0.706607487335761"
"exdqlm_univar_synth","draw_089",1386,"2021-01-30","forecast","-0.195795455716620"
"exdqlm_univar_synth","draw_089",1386,"2021-01-31","forecast","-0.710774494789554"
"exdqlm_univar_synth","draw_089",1386,"2021-02-01","forecast","-0.866157069262512"
"exdqlm_univar_synth","draw_089",1386,"2021-02-02","forecast","-0.568287890485866"
"exdqlm_univar_synth","draw_089",1386,"2021-02-03","forecast","-0.658700710381845"
"exdqlm_univar_synth","draw_089",1386,"2021-02-04","forecast","-0.714776756386200"
"exdqlm_univar_synth","draw_089",1386,"2021-02-05","forecast","-0.982461713120441"
"exdqlm_univar_synth","draw_089",1386,"2021-02-06","forecast","-0.916138673699759"
"exdqlm_univar_synth","draw_089",1386,"2021-02-07","forecast","-1.01005478604740"
"exdqlm_univar_synth","draw_089",1386,"2021-02-08","forecast","-1.03516054386041"
"exdqlm_univar_synth","draw_089",1386,"2021-02-09","forecast","-0.989448598975526"
"exdqlm_univar_synth","draw_089",1386,"2021-02-10","forecast","-0.538187577663503"
"exdqlm_univar_synth","draw_089",1386,"2021-02-11","forecast","-0.556007414668973"
"exdqlm_univar_synth","draw_089",1386,"2021-02-12","forecast","-0.735684975825652"
"exdqlm_univar_synth","draw_089",1386,"2021-02-13","forecast","-1.28524837779007"
"exdqlm_univar_synth","draw_089",1386,"2021-02-14","forecast","-0.716955634208918"
"exdqlm_univar_synth","draw_089",1386,"2021-02-15","forecast","-1.29258995301232"
"exdqlm_univar_synth","draw_089",1386,"2021-02-16","forecast","-0.578399372677348"
"exdqlm_univar_synth","draw_089",1386,"2021-02-17","forecast","-0.873729673660963"
"exdqlm_univar_synth","draw_089",1386,"2021-02-18","forecast","-0.823895006162785"
"exdqlm_univar_synth","draw_089",1386,"2021-02-19","forecast","-0.892641848639778"
"exdqlm_univar_synth","draw_089",1386,"2021-02-20","forecast","-1.17711671930831"
"exdqlm_univar_synth","draw_090",1402,"2021-01-24","forecast","-1.00092786922614"
"exdqlm_univar_synth","draw_090",1402,"2021-01-25","forecast","-0.992898722427625"
"exdqlm_univar_synth","draw_090",1402,"2021-01-26","forecast","-0.876355915752414"
"exdqlm_univar_synth","draw_090",1402,"2021-01-27","forecast","0.722888203280835"
"exdqlm_univar_synth","draw_090",1402,"2021-01-28","forecast","0.462665934637528"
"exdqlm_univar_synth","draw_090",1402,"2021-01-29","forecast","1.28540954067047"
"exdqlm_univar_synth","draw_090",1402,"2021-01-30","forecast","-0.302190340386738"
"exdqlm_univar_synth","draw_090",1402,"2021-01-31","forecast","-0.362809924139576"
"exdqlm_univar_synth","draw_090",1402,"2021-02-01","forecast","-1.08904877515861"
"exdqlm_univar_synth","draw_090",1402,"2021-02-02","forecast","-0.929180502749013"
"exdqlm_univar_synth","draw_090",1402,"2021-02-03","forecast","-0.729127782063402"
"exdqlm_univar_synth","draw_090",1402,"2021-02-04","forecast","-1.08626073772318"
"exdqlm_univar_synth","draw_090",1402,"2021-02-05","forecast","-0.658147388203814"
"exdqlm_univar_synth","draw_090",1402,"2021-02-06","forecast","-1.11732396956507"
"exdqlm_univar_synth","draw_090",1402,"2021-02-07","forecast","-0.996106365884923"
"exdqlm_univar_synth","draw_090",1402,"2021-02-08","forecast","-1.03066449458936"
"exdqlm_univar_synth","draw_090",1402,"2021-02-09","forecast","-1.42026571928835"
"exdqlm_univar_synth","draw_090",1402,"2021-02-10","forecast","-0.582210741006851"
"exdqlm_univar_synth","draw_090",1402,"2021-02-11","forecast","-0.778366331895169"
"exdqlm_univar_synth","draw_090",1402,"2021-02-12","forecast","-0.989540147604177"
"exdqlm_univar_synth","draw_090",1402,"2021-02-13","forecast","-0.852389233164718"
"exdqlm_univar_synth","draw_090",1402,"2021-02-14","forecast","-0.726554201931278"
"exdqlm_univar_synth","draw_090",1402,"2021-02-15","forecast","-0.594155400552976"
"exdqlm_univar_synth","draw_090",1402,"2021-02-16","forecast","-0.583620409354257"
"exdqlm_univar_synth","draw_090",1402,"2021-02-17","forecast","-0.878294251800574"
"exdqlm_univar_synth","draw_090",1402,"2021-02-18","forecast","-0.824472858990720"
"exdqlm_univar_synth","draw_090",1402,"2021-02-19","forecast","-1.30604105917516"
"exdqlm_univar_synth","draw_090",1402,"2021-02-20","forecast","-0.784795942382235"
"exdqlm_univar_synth","draw_091",1418,"2021-01-24","forecast","-0.744298361125380"
"exdqlm_univar_synth","draw_091",1418,"2021-01-25","forecast","-1.06014355612698"
"exdqlm_univar_synth","draw_091",1418,"2021-01-26","forecast","-0.487698180179163"
"exdqlm_univar_synth","draw_091",1418,"2021-01-27","forecast","0.0231361077766587"
"exdqlm_univar_synth","draw_091",1418,"2021-01-28","forecast","-0.0322095039760569"
"exdqlm_univar_synth","draw_091",1418,"2021-01-29","forecast","0.886240528019625"
"exdqlm_univar_synth","draw_091",1418,"2021-01-30","forecast","-0.650774608182199"
"exdqlm_univar_synth","draw_091",1418,"2021-01-31","forecast","-0.323283521970604"
"exdqlm_univar_synth","draw_091",1418,"2021-02-01","forecast","-0.770204538279124"
"exdqlm_univar_synth","draw_091",1418,"2021-02-02","forecast","-0.555575280976047"
"exdqlm_univar_synth","draw_091",1418,"2021-02-03","forecast","-1.23941776343565"
"exdqlm_univar_synth","draw_091",1418,"2021-02-04","forecast","-0.962801355947371"
"exdqlm_univar_synth","draw_091",1418,"2021-02-05","forecast","-0.940823911554106"
"exdqlm_univar_synth","draw_091",1418,"2021-02-06","forecast","-0.989684147192798"
"exdqlm_univar_synth","draw_091",1418,"2021-02-07","forecast","-1.29697493942581"
"exdqlm_univar_synth","draw_091",1418,"2021-02-08","forecast","-0.787111350891116"
"exdqlm_univar_synth","draw_091",1418,"2021-02-09","forecast","-1.00038546173874"
"exdqlm_univar_synth","draw_091",1418,"2021-02-10","forecast","-0.563356735830564"
"exdqlm_univar_synth","draw_091",1418,"2021-02-11","forecast","-1.07964964346636"
"exdqlm_univar_synth","draw_091",1418,"2021-02-12","forecast","-0.724669438642875"
"exdqlm_univar_synth","draw_091",1418,"2021-02-13","forecast","-1.21646988125670"
"exdqlm_univar_synth","draw_091",1418,"2021-02-14","forecast","-0.682664235878641"
"exdqlm_univar_synth","draw_091",1418,"2021-02-15","forecast","-0.529930097506443"
"exdqlm_univar_synth","draw_091",1418,"2021-02-16","forecast","-0.580252869170535"
"exdqlm_univar_synth","draw_091",1418,"2021-02-17","forecast","-0.874631765541319"
"exdqlm_univar_synth","draw_091",1418,"2021-02-18","forecast","-1.26846946380036"
"exdqlm_univar_synth","draw_091",1418,"2021-02-19","forecast","-0.944031782778018"
"exdqlm_univar_synth","draw_091",1418,"2021-02-20","forecast","-0.823387526736809"
"exdqlm_univar_synth","draw_092",1433,"2021-01-24","forecast","-0.680226822986104"
"exdqlm_univar_synth","draw_092",1433,"2021-01-25","forecast","-0.546968378255536"
"exdqlm_univar_synth","draw_092",1433,"2021-01-26","forecast","-1.11248105007521"
"exdqlm_univar_synth","draw_092",1433,"2021-01-27","forecast","0.178529594325381"
"exdqlm_univar_synth","draw_092",1433,"2021-01-28","forecast","0.224684457801084"
"exdqlm_univar_synth","draw_092",1433,"2021-01-29","forecast","0.981012270987475"
"exdqlm_univar_synth","draw_092",1433,"2021-01-30","forecast","-0.431502247354556"
"exdqlm_univar_synth","draw_092",1433,"2021-01-31","forecast","-0.436430172984623"
"exdqlm_univar_synth","draw_092",1433,"2021-02-01","forecast","-0.698265310780188"
"exdqlm_univar_synth","draw_092",1433,"2021-02-02","forecast","-0.593176364311495"
"exdqlm_univar_synth","draw_092",1433,"2021-02-03","forecast","-0.856903840359571"
"exdqlm_univar_synth","draw_092",1433,"2021-02-04","forecast","-0.713250733590657"
"exdqlm_univar_synth","draw_092",1433,"2021-02-05","forecast","-0.650509839341636"
"exdqlm_univar_synth","draw_092",1433,"2021-02-06","forecast","-1.11917642853621"
"exdqlm_univar_synth","draw_092",1433,"2021-02-07","forecast","-1.39334373362873"
"exdqlm_univar_synth","draw_092",1433,"2021-02-08","forecast","-0.809319426298854"
"exdqlm_univar_synth","draw_092",1433,"2021-02-09","forecast","-1.14463874253622"
"exdqlm_univar_synth","draw_092",1433,"2021-02-10","forecast","-0.549669424060047"
"exdqlm_univar_synth","draw_092",1433,"2021-02-11","forecast","-0.877509576748933"
"exdqlm_univar_synth","draw_092",1433,"2021-02-12","forecast","-0.901179461188982"
"exdqlm_univar_synth","draw_092",1433,"2021-02-13","forecast","-0.852273015292715"
"exdqlm_univar_synth","draw_092",1433,"2021-02-14","forecast","-0.917590691763914"
"exdqlm_univar_synth","draw_092",1433,"2021-02-15","forecast","-1.10092748463222"
"exdqlm_univar_synth","draw_092",1433,"2021-02-16","forecast","-1.00462624095187"
"exdqlm_univar_synth","draw_092",1433,"2021-02-17","forecast","-1.02021237920056"
"exdqlm_univar_synth","draw_092",1433,"2021-02-18","forecast","-0.823778623613090"
"exdqlm_univar_synth","draw_092",1433,"2021-02-19","forecast","-0.888393918068608"
"exdqlm_univar_synth","draw_092",1433,"2021-02-20","forecast","-0.542115011321485"
"exdqlm_univar_synth","draw_093",1449,"2021-01-24","forecast","-1.00693726752323"
"exdqlm_univar_synth","draw_093",1449,"2021-01-25","forecast","-0.681739763266288"
"exdqlm_univar_synth","draw_093",1449,"2021-01-26","forecast","-0.0545445496964496"
"exdqlm_univar_synth","draw_093",1449,"2021-01-27","forecast","0.683018103148961"
"exdqlm_univar_synth","draw_093",1449,"2021-01-28","forecast","0.956387965390857"
"exdqlm_univar_synth","draw_093",1449,"2021-01-29","forecast","1.07810549844409"
"exdqlm_univar_synth","draw_093",1449,"2021-01-30","forecast","-0.180912277479181"
"exdqlm_univar_synth","draw_093",1449,"2021-01-31","forecast","-0.948793218791869"
"exdqlm_univar_synth","draw_093",1449,"2021-02-01","forecast","-0.871370216915573"
"exdqlm_univar_synth","draw_093",1449,"2021-02-02","forecast","-0.790525905781124"
"exdqlm_univar_synth","draw_093",1449,"2021-02-03","forecast","-0.915076235795598"
"exdqlm_univar_synth","draw_093",1449,"2021-02-04","forecast","-0.713981888206754"
"exdqlm_univar_synth","draw_093",1449,"2021-02-05","forecast","-0.861034585908773"
"exdqlm_univar_synth","draw_093",1449,"2021-02-06","forecast","-1.23629120051597"
"exdqlm_univar_synth","draw_093",1449,"2021-02-07","forecast","-1.00487514649838"
"exdqlm_univar_synth","draw_093",1449,"2021-02-08","forecast","-1.16519166772671"
"exdqlm_univar_synth","draw_093",1449,"2021-02-09","forecast","-1.02765472696630"
"exdqlm_univar_synth","draw_093",1449,"2021-02-10","forecast","-0.549249896697731"
"exdqlm_univar_synth","draw_093",1449,"2021-02-11","forecast","-0.631210564050331"
"exdqlm_univar_synth","draw_093",1449,"2021-02-12","forecast","-0.812658991129347"
"exdqlm_univar_synth","draw_093",1449,"2021-02-13","forecast","-1.26938661728252"
"exdqlm_univar_synth","draw_093",1449,"2021-02-14","forecast","-0.585403879604677"
"exdqlm_univar_synth","draw_093",1449,"2021-02-15","forecast","-1.29814776076099"
"exdqlm_univar_synth","draw_093",1449,"2021-02-16","forecast","-0.581486868545707"
"exdqlm_univar_synth","draw_093",1449,"2021-02-17","forecast","-0.840285391845633"
"exdqlm_univar_synth","draw_093",1449,"2021-02-18","forecast","-0.829277315700807"
"exdqlm_univar_synth","draw_093",1449,"2021-02-19","forecast","-0.888793693058428"
"exdqlm_univar_synth","draw_093",1449,"2021-02-20","forecast","-0.826556164281646"
"exdqlm_univar_synth","draw_094",1465,"2021-01-24","forecast","-0.858523458453808"
"exdqlm_univar_synth","draw_094",1465,"2021-01-25","forecast","-0.926536607171058"
"exdqlm_univar_synth","draw_094",1465,"2021-01-26","forecast","-0.539371861130569"
"exdqlm_univar_synth","draw_094",1465,"2021-01-27","forecast","0.134654853039838"
"exdqlm_univar_synth","draw_094",1465,"2021-01-28","forecast","0.290654047969509"
"exdqlm_univar_synth","draw_094",1465,"2021-01-29","forecast","0.893361834775135"
"exdqlm_univar_synth","draw_094",1465,"2021-01-30","forecast","-0.331611484720054"
"exdqlm_univar_synth","draw_094",1465,"2021-01-31","forecast","-0.684640203997154"
"exdqlm_univar_synth","draw_094",1465,"2021-02-01","forecast","-0.673885669141331"
"exdqlm_univar_synth","draw_094",1465,"2021-02-02","forecast","-0.726135505319266"
"exdqlm_univar_synth","draw_094",1465,"2021-02-03","forecast","-0.718265873039012"
"exdqlm_univar_synth","draw_094",1465,"2021-02-04","forecast","-1.16478319858425"
"exdqlm_univar_synth","draw_094",1465,"2021-02-05","forecast","-0.648772205321275"
"exdqlm_univar_synth","draw_094",1465,"2021-02-06","forecast","-1.11924656254655"
"exdqlm_univar_synth","draw_094",1465,"2021-02-07","forecast","-1.28417279226601"
"exdqlm_univar_synth","draw_094",1465,"2021-02-08","forecast","-0.751557840465380"
"exdqlm_univar_synth","draw_094",1465,"2021-02-09","forecast","-0.990921265131070"
"exdqlm_univar_synth","draw_094",1465,"2021-02-10","forecast","-0.772401153114536"
"exdqlm_univar_synth","draw_094",1465,"2021-02-11","forecast","-0.985597292139672"
"exdqlm_univar_synth","draw_094",1465,"2021-02-12","forecast","-0.736648088772280"
"exdqlm_univar_synth","draw_094",1465,"2021-02-13","forecast","-0.898524374362377"
"exdqlm_univar_synth","draw_094",1465,"2021-02-14","forecast","-1.19917886972421"
"exdqlm_univar_synth","draw_094",1465,"2021-02-15","forecast","-1.22063709963029"
"exdqlm_univar_synth","draw_094",1465,"2021-02-16","forecast","-0.910125802737110"
"exdqlm_univar_synth","draw_094",1465,"2021-02-17","forecast","-1.35389369457235"
"exdqlm_univar_synth","draw_094",1465,"2021-02-18","forecast","-1.00604452103970"
"exdqlm_univar_synth","draw_094",1465,"2021-02-19","forecast","-0.909469480734101"
"exdqlm_univar_synth","draw_094",1465,"2021-02-20","forecast","-0.896787507103741"
"exdqlm_univar_synth","draw_095",1481,"2021-01-24","forecast","-0.737682620915439"
"exdqlm_univar_synth","draw_095",1481,"2021-01-25","forecast","-0.547567616781934"
"exdqlm_univar_synth","draw_095",1481,"2021-01-26","forecast","-1.03290813495199"
"exdqlm_univar_synth","draw_095",1481,"2021-01-27","forecast","0.818249550156897"
"exdqlm_univar_synth","draw_095",1481,"2021-01-28","forecast","1.08079003175167"
"exdqlm_univar_synth","draw_095",1481,"2021-01-29","forecast","0.979683788197678"
"exdqlm_univar_synth","draw_095",1481,"2021-01-30","forecast","-0.194366021983538"
"exdqlm_univar_synth","draw_095",1481,"2021-01-31","forecast","-0.379301618269348"
"exdqlm_univar_synth","draw_095",1481,"2021-02-01","forecast","-0.788739541742116"
"exdqlm_univar_synth","draw_095",1481,"2021-02-02","forecast","-0.563573178520288"
"exdqlm_univar_synth","draw_095",1481,"2021-02-03","forecast","-0.663051358217238"
"exdqlm_univar_synth","draw_095",1481,"2021-02-04","forecast","-0.711476562457857"
"exdqlm_univar_synth","draw_095",1481,"2021-02-05","forecast","-0.654225188789864"
"exdqlm_univar_synth","draw_095",1481,"2021-02-06","forecast","-0.913780847265518"
"exdqlm_univar_synth","draw_095",1481,"2021-02-07","forecast","-1.00418332881549"
"exdqlm_univar_synth","draw_095",1481,"2021-02-08","forecast","-1.04058366715267"
"exdqlm_univar_synth","draw_095",1481,"2021-02-09","forecast","-1.05019342972424"
"exdqlm_univar_synth","draw_095",1481,"2021-02-10","forecast","-0.556072176233135"
"exdqlm_univar_synth","draw_095",1481,"2021-02-11","forecast","-0.854024739341598"
"exdqlm_univar_synth","draw_095",1481,"2021-02-12","forecast","-0.726287897476393"
"exdqlm_univar_synth","draw_095",1481,"2021-02-13","forecast","-0.856184391228654"
"exdqlm_univar_synth","draw_095",1481,"2021-02-14","forecast","-1.17067807121472"
"exdqlm_univar_synth","draw_095",1481,"2021-02-15","forecast","-0.904507400095704"
"exdqlm_univar_synth","draw_095",1481,"2021-02-16","forecast","-0.582011779630928"
"exdqlm_univar_synth","draw_095",1481,"2021-02-17","forecast","-0.761493567563191"
"exdqlm_univar_synth","draw_095",1481,"2021-02-18","forecast","-0.822697999196546"
"exdqlm_univar_synth","draw_095",1481,"2021-02-19","forecast","-0.889229023728334"
"exdqlm_univar_synth","draw_095",1481,"2021-02-20","forecast","-1.07309358053847"
"exdqlm_univar_synth","draw_096",1496,"2021-01-24","forecast","-0.547321953597633"
"exdqlm_univar_synth","draw_096",1496,"2021-01-25","forecast","-0.627820857866083"
"exdqlm_univar_synth","draw_096",1496,"2021-01-26","forecast","-1.01201621101651"
"exdqlm_univar_synth","draw_096",1496,"2021-01-27","forecast","0.642583983586023"
"exdqlm_univar_synth","draw_096",1496,"2021-01-28","forecast","0.916461696158183"
"exdqlm_univar_synth","draw_096",1496,"2021-01-29","forecast","1.13985726734144"
"exdqlm_univar_synth","draw_096",1496,"2021-01-30","forecast","0.00529549504140280"
"exdqlm_univar_synth","draw_096",1496,"2021-01-31","forecast","-1.07383559044426"
"exdqlm_univar_synth","draw_096",1496,"2021-02-01","forecast","-0.672245266242573"
"exdqlm_univar_synth","draw_096",1496,"2021-02-02","forecast","-0.556557191237620"
"exdqlm_univar_synth","draw_096",1496,"2021-02-03","forecast","-0.991101379953601"
"exdqlm_univar_synth","draw_096",1496,"2021-02-04","forecast","-0.717837753574740"
"exdqlm_univar_synth","draw_096",1496,"2021-02-05","forecast","-0.648399805506700"
"exdqlm_univar_synth","draw_096",1496,"2021-02-06","forecast","-0.915285356648594"
"exdqlm_univar_synth","draw_096",1496,"2021-02-07","forecast","-0.994706718688977"
"exdqlm_univar_synth","draw_096",1496,"2021-02-08","forecast","-0.653503810506836"
"exdqlm_univar_synth","draw_096",1496,"2021-02-09","forecast","-0.966228141942677"
"exdqlm_univar_synth","draw_096",1496,"2021-02-10","forecast","-0.885486382301742"
"exdqlm_univar_synth","draw_096",1496,"2021-02-11","forecast","-0.489620385001746"
"exdqlm_univar_synth","draw_096",1496,"2021-02-12","forecast","-0.740092687541023"
"exdqlm_univar_synth","draw_096",1496,"2021-02-13","forecast","-0.851552578187325"
"exdqlm_univar_synth","draw_096",1496,"2021-02-14","forecast","-0.883926201680371"
"exdqlm_univar_synth","draw_096",1496,"2021-02-15","forecast","-0.629201062031870"
"exdqlm_univar_synth","draw_096",1496,"2021-02-16","forecast","-0.577180623420554"
"exdqlm_univar_synth","draw_096",1496,"2021-02-17","forecast","-1.38146839247986"
"exdqlm_univar_synth","draw_096",1496,"2021-02-18","forecast","-1.27028043573348"
"exdqlm_univar_synth","draw_096",1496,"2021-02-19","forecast","-0.894451357295284"
"exdqlm_univar_synth","draw_096",1496,"2021-02-20","forecast","-1.02108861879915"
"exdqlm_univar_synth","draw_097",1512,"2021-01-24","forecast","-0.921330704933676"
"exdqlm_univar_synth","draw_097",1512,"2021-01-25","forecast","-0.946346471344446"
"exdqlm_univar_synth","draw_097",1512,"2021-01-26","forecast","-1.02896877094045"
"exdqlm_univar_synth","draw_097",1512,"2021-01-27","forecast","0.572022794279796"
"exdqlm_univar_synth","draw_097",1512,"2021-01-28","forecast","0.610171845114749"
"exdqlm_univar_synth","draw_097",1512,"2021-01-29","forecast","1.17457932980654"
"exdqlm_univar_synth","draw_097",1512,"2021-01-30","forecast","-0.195820288460715"
"exdqlm_univar_synth","draw_097",1512,"2021-01-31","forecast","-0.387664406474847"
"exdqlm_univar_synth","draw_097",1512,"2021-02-01","forecast","-1.04881866168852"
"exdqlm_univar_synth","draw_097",1512,"2021-02-02","forecast","-0.520161044937074"
"exdqlm_univar_synth","draw_097",1512,"2021-02-03","forecast","-0.652669288306433"
"exdqlm_univar_synth","draw_097",1512,"2021-02-04","forecast","-0.848900464389769"
"exdqlm_univar_synth","draw_097",1512,"2021-02-05","forecast","-0.748286549956007"
"exdqlm_univar_synth","draw_097",1512,"2021-02-06","forecast","-0.914038860492199"
"exdqlm_univar_synth","draw_097",1512,"2021-02-07","forecast","-1.00243995529161"
"exdqlm_univar_synth","draw_097",1512,"2021-02-08","forecast","-0.899554089650733"
"exdqlm_univar_synth","draw_097",1512,"2021-02-09","forecast","-0.989782138560967"
"exdqlm_univar_synth","draw_097",1512,"2021-02-10","forecast","-0.562837999558592"
"exdqlm_univar_synth","draw_097",1512,"2021-02-11","forecast","-0.892803776307512"
"exdqlm_univar_synth","draw_097",1512,"2021-02-12","forecast","-0.723583903184058"
"exdqlm_univar_synth","draw_097",1512,"2021-02-13","forecast","-0.851416260611567"
"exdqlm_univar_synth","draw_097",1512,"2021-02-14","forecast","-0.975768415157980"
"exdqlm_univar_synth","draw_097",1512,"2021-02-15","forecast","-0.762547063130162"
"exdqlm_univar_synth","draw_097",1512,"2021-02-16","forecast","-0.582052012701106"
"exdqlm_univar_synth","draw_097",1512,"2021-02-17","forecast","-0.874107443345061"
"exdqlm_univar_synth","draw_097",1512,"2021-02-18","forecast","-0.827821355348388"
"exdqlm_univar_synth","draw_097",1512,"2021-02-19","forecast","-0.888107857908403"
"exdqlm_univar_synth","draw_097",1512,"2021-02-20","forecast","-0.823954622579338"
"exdqlm_univar_synth","draw_098",1528,"2021-01-24","forecast","-0.537794356415305"
"exdqlm_univar_synth","draw_098",1528,"2021-01-25","forecast","-0.950885011934435"
"exdqlm_univar_synth","draw_098",1528,"2021-01-26","forecast","-0.954934390609175"
"exdqlm_univar_synth","draw_098",1528,"2021-01-27","forecast","-0.0342766176359388"
"exdqlm_univar_synth","draw_098",1528,"2021-01-28","forecast","0.876749950537513"
"exdqlm_univar_synth","draw_098",1528,"2021-01-29","forecast","0.348680196636137"
"exdqlm_univar_synth","draw_098",1528,"2021-01-30","forecast","-0.196257431821599"
"exdqlm_univar_synth","draw_098",1528,"2021-01-31","forecast","-0.604392198363109"
"exdqlm_univar_synth","draw_098",1528,"2021-02-01","forecast","-1.02350804201401"
"exdqlm_univar_synth","draw_098",1528,"2021-02-02","forecast","-0.865132827482316"
"exdqlm_univar_synth","draw_098",1528,"2021-02-03","forecast","-0.689005706666870"
"exdqlm_univar_synth","draw_098",1528,"2021-02-04","forecast","-0.715034059278266"
"exdqlm_univar_synth","draw_098",1528,"2021-02-05","forecast","-0.671186381087823"
"exdqlm_univar_synth","draw_098",1528,"2021-02-06","forecast","-0.897038350973976"
"exdqlm_univar_synth","draw_098",1528,"2021-02-07","forecast","-1.09260316129495"
"exdqlm_univar_synth","draw_098",1528,"2021-02-08","forecast","-0.679993075505504"
"exdqlm_univar_synth","draw_098",1528,"2021-02-09","forecast","-0.989447318054120"
"exdqlm_univar_synth","draw_098",1528,"2021-02-10","forecast","-1.10948849178631"
"exdqlm_univar_synth","draw_098",1528,"2021-02-11","forecast","-1.12492290807374"
"exdqlm_univar_synth","draw_098",1528,"2021-02-12","forecast","-1.18030712976112"
"exdqlm_univar_synth","draw_098",1528,"2021-02-13","forecast","-1.10355490423348"
"exdqlm_univar_synth","draw_098",1528,"2021-02-14","forecast","-0.988359347878029"
"exdqlm_univar_synth","draw_098",1528,"2021-02-15","forecast","-1.18042527053122"
"exdqlm_univar_synth","draw_098",1528,"2021-02-16","forecast","-0.951250291855226"
"exdqlm_univar_synth","draw_098",1528,"2021-02-17","forecast","-1.28514081417799"
"exdqlm_univar_synth","draw_098",1528,"2021-02-18","forecast","-0.944460726457904"
"exdqlm_univar_synth","draw_098",1528,"2021-02-19","forecast","-0.932623404547127"
"exdqlm_univar_synth","draw_098",1528,"2021-02-20","forecast","-0.825954267169046"
"exdqlm_univar_synth","draw_099",1544,"2021-01-24","forecast","-0.801957384739649"
"exdqlm_univar_synth","draw_099",1544,"2021-01-25","forecast","-0.627370708939858"
"exdqlm_univar_synth","draw_099",1544,"2021-01-26","forecast","-0.946456837706102"
"exdqlm_univar_synth","draw_099",1544,"2021-01-27","forecast","0.151497649002763"
"exdqlm_univar_synth","draw_099",1544,"2021-01-28","forecast","0.451072646054081"
"exdqlm_univar_synth","draw_099",1544,"2021-01-29","forecast","1.22220322653702"
"exdqlm_univar_synth","draw_099",1544,"2021-01-30","forecast","-0.514474358238818"
"exdqlm_univar_synth","draw_099",1544,"2021-01-31","forecast","-0.945488691345777"
"exdqlm_univar_synth","draw_099",1544,"2021-02-01","forecast","-0.907127343071303"
"exdqlm_univar_synth","draw_099",1544,"2021-02-02","forecast","-0.550295818477682"
"exdqlm_univar_synth","draw_099",1544,"2021-02-03","forecast","-1.13071968420988"
"exdqlm_univar_synth","draw_099",1544,"2021-02-04","forecast","-1.20198324375240"
"exdqlm_univar_synth","draw_099",1544,"2021-02-05","forecast","-0.658019533716468"
"exdqlm_univar_synth","draw_099",1544,"2021-02-06","forecast","-0.788418484784354"
"exdqlm_univar_synth","draw_099",1544,"2021-02-07","forecast","-1.06824006458641"
"exdqlm_univar_synth","draw_099",1544,"2021-02-08","forecast","-0.677060835513462"
"exdqlm_univar_synth","draw_099",1544,"2021-02-09","forecast","-1.02186898828999"
"exdqlm_univar_synth","draw_099",1544,"2021-02-10","forecast","-0.551097441842311"
"exdqlm_univar_synth","draw_099",1544,"2021-02-11","forecast","-0.634638988397234"
"exdqlm_univar_synth","draw_099",1544,"2021-02-12","forecast","-0.982031086469748"
"exdqlm_univar_synth","draw_099",1544,"2021-02-13","forecast","-1.19647849901885"
"exdqlm_univar_synth","draw_099",1544,"2021-02-14","forecast","-1.27297933112366"
"exdqlm_univar_synth","draw_099",1544,"2021-02-15","forecast","-0.614589578541679"
"exdqlm_univar_synth","draw_099",1544,"2021-02-16","forecast","-0.916946626556549"
"exdqlm_univar_synth","draw_099",1544,"2021-02-17","forecast","-0.874801326788664"
"exdqlm_univar_synth","draw_099",1544,"2021-02-18","forecast","-0.925590677645495"
"exdqlm_univar_synth","draw_099",1544,"2021-02-19","forecast","-1.10305795058749"
"exdqlm_univar_synth","draw_099",1544,"2021-02-20","forecast","-1.21025760859168"
"exdqlm_univar_synth","draw_100",1559,"2021-01-24","forecast","-0.524878486784067"
"exdqlm_univar_synth","draw_100",1559,"2021-01-25","forecast","-0.859271910231204"
"exdqlm_univar_synth","draw_100",1559,"2021-01-26","forecast","-0.918367648323237"
"exdqlm_univar_synth","draw_100",1559,"2021-01-27","forecast","-0.187729086229604"
"exdqlm_univar_synth","draw_100",1559,"2021-01-28","forecast","0.723287178115960"
"exdqlm_univar_synth","draw_100",1559,"2021-01-29","forecast","0.955360599367965"
"exdqlm_univar_synth","draw_100",1559,"2021-01-30","forecast","-0.197661756994685"
"exdqlm_univar_synth","draw_100",1559,"2021-01-31","forecast","-0.456348884094900"
"exdqlm_univar_synth","draw_100",1559,"2021-02-01","forecast","-0.757610214012580"
"exdqlm_univar_synth","draw_100",1559,"2021-02-02","forecast","-1.09575664403571"
"exdqlm_univar_synth","draw_100",1559,"2021-02-03","forecast","-0.686642117049713"
"exdqlm_univar_synth","draw_100",1559,"2021-02-04","forecast","-0.936739508972930"
"exdqlm_univar_synth","draw_100",1559,"2021-02-05","forecast","-0.662684298403069"
"exdqlm_univar_synth","draw_100",1559,"2021-02-06","forecast","-1.29761578180594"
"exdqlm_univar_synth","draw_100",1559,"2021-02-07","forecast","-0.992344974767924"
"exdqlm_univar_synth","draw_100",1559,"2021-02-08","forecast","-0.680023777244861"
"exdqlm_univar_synth","draw_100",1559,"2021-02-09","forecast","-0.988989474053081"
"exdqlm_univar_synth","draw_100",1559,"2021-02-10","forecast","-0.568409706955147"
"exdqlm_univar_synth","draw_100",1559,"2021-02-11","forecast","-0.798560332887348"
"exdqlm_univar_synth","draw_100",1559,"2021-02-12","forecast","-0.951316464210655"
"exdqlm_univar_synth","draw_100",1559,"2021-02-13","forecast","-0.851043758561069"
"exdqlm_univar_synth","draw_100",1559,"2021-02-14","forecast","-0.968021446118603"
"exdqlm_univar_synth","draw_100",1559,"2021-02-15","forecast","-0.631779127037416"
"exdqlm_univar_synth","draw_100",1559,"2021-02-16","forecast","-0.719047567217578"
"exdqlm_univar_synth","draw_100",1559,"2021-02-17","forecast","-0.874890013333148"
"exdqlm_univar_synth","draw_100",1559,"2021-02-18","forecast","-0.826680488674568"
"exdqlm_univar_synth","draw_100",1559,"2021-02-19","forecast","-1.24878123098560"
"exdqlm_univar_synth","draw_100",1559,"2021-02-20","forecast","-0.818656486527798"
"exdqlm_univar_synth","draw_101",1575,"2021-01-24","forecast","-0.802218115539774"
"exdqlm_univar_synth","draw_101",1575,"2021-01-25","forecast","-0.956024238296704"
"exdqlm_univar_synth","draw_101",1575,"2021-01-26","forecast","-0.658476579307018"
"exdqlm_univar_synth","draw_101",1575,"2021-01-27","forecast","0.471112120631412"
"exdqlm_univar_synth","draw_101",1575,"2021-01-28","forecast","0.0334147097606039"
"exdqlm_univar_synth","draw_101",1575,"2021-01-29","forecast","0.979811250504867"
"exdqlm_univar_synth","draw_101",1575,"2021-01-30","forecast","-0.195195834626348"
"exdqlm_univar_synth","draw_101",1575,"2021-01-31","forecast","-0.233600798680987"
"exdqlm_univar_synth","draw_101",1575,"2021-02-01","forecast","-1.13292766585217"
"exdqlm_univar_synth","draw_101",1575,"2021-02-02","forecast","-0.559343547194873"
"exdqlm_univar_synth","draw_101",1575,"2021-02-03","forecast","-0.668285421250059"
"exdqlm_univar_synth","draw_101",1575,"2021-02-04","forecast","-0.715448267968807"
"exdqlm_univar_synth","draw_101",1575,"2021-02-05","forecast","-0.649250328368903"
"exdqlm_univar_synth","draw_101",1575,"2021-02-06","forecast","-0.913062629734574"
"exdqlm_univar_synth","draw_101",1575,"2021-02-07","forecast","-0.746918757307811"
"exdqlm_univar_synth","draw_101",1575,"2021-02-08","forecast","-1.02752993419700"
"exdqlm_univar_synth","draw_101",1575,"2021-02-09","forecast","-0.958340052190939"
"exdqlm_univar_synth","draw_101",1575,"2021-02-10","forecast","-0.509810316358960"
"exdqlm_univar_synth","draw_101",1575,"2021-02-11","forecast","-0.632469422453695"
"exdqlm_univar_synth","draw_101",1575,"2021-02-12","forecast","-0.724982919601578"
"exdqlm_univar_synth","draw_101",1575,"2021-02-13","forecast","-1.36675497271650"
"exdqlm_univar_synth","draw_101",1575,"2021-02-14","forecast","-0.816195502972138"
"exdqlm_univar_synth","draw_101",1575,"2021-02-15","forecast","-0.631550169190292"
"exdqlm_univar_synth","draw_101",1575,"2021-02-16","forecast","-0.758308386793798"
"exdqlm_univar_synth","draw_101",1575,"2021-02-17","forecast","-0.876500939879042"
"exdqlm_univar_synth","draw_101",1575,"2021-02-18","forecast","-0.826589511097959"
"exdqlm_univar_synth","draw_101",1575,"2021-02-19","forecast","-1.35490216292206"
"exdqlm_univar_synth","draw_101",1575,"2021-02-20","forecast","-1.15867147368877"
"exdqlm_univar_synth","draw_102",1591,"2021-01-24","forecast","-0.776070872640249"
"exdqlm_univar_synth","draw_102",1591,"2021-01-25","forecast","-0.310435571659268"
"exdqlm_univar_synth","draw_102",1591,"2021-01-26","forecast","-0.664609892599817"
"exdqlm_univar_synth","draw_102",1591,"2021-01-27","forecast","0.183554106942271"
"exdqlm_univar_synth","draw_102",1591,"2021-01-28","forecast","1.04367692299197"
"exdqlm_univar_synth","draw_102",1591,"2021-01-29","forecast","0.238515962815666"
"exdqlm_univar_synth","draw_102",1591,"2021-01-30","forecast","-0.195331369014812"
"exdqlm_univar_synth","draw_102",1591,"2021-01-31","forecast","-0.395420467277593"
"exdqlm_univar_synth","draw_102",1591,"2021-02-01","forecast","-0.854460128729370"
"exdqlm_univar_synth","draw_102",1591,"2021-02-02","forecast","-0.650358054974962"
"exdqlm_univar_synth","draw_102",1591,"2021-02-03","forecast","-1.02325651779463"
"exdqlm_univar_synth","draw_102",1591,"2021-02-04","forecast","-0.717331503113774"
"exdqlm_univar_synth","draw_102",1591,"2021-02-05","forecast","-0.964389591874207"
"exdqlm_univar_synth","draw_102",1591,"2021-02-06","forecast","-1.28058503580013"
"exdqlm_univar_synth","draw_102",1591,"2021-02-07","forecast","-1.02870275447561"
"exdqlm_univar_synth","draw_102",1591,"2021-02-08","forecast","-0.982325362228026"
"exdqlm_univar_synth","draw_102",1591,"2021-02-09","forecast","-1.33747059734610"
"exdqlm_univar_synth","draw_102",1591,"2021-02-10","forecast","-0.550971765217679"
"exdqlm_univar_synth","draw_102",1591,"2021-02-11","forecast","-1.02918156035757"
"exdqlm_univar_synth","draw_102",1591,"2021-02-12","forecast","-0.839350782831238"
"exdqlm_univar_synth","draw_102",1591,"2021-02-13","forecast","-0.855735049707601"
"exdqlm_univar_synth","draw_102",1591,"2021-02-14","forecast","-0.721052162921753"
"exdqlm_univar_synth","draw_102",1591,"2021-02-15","forecast","-0.661980988298853"
"exdqlm_univar_synth","draw_102",1591,"2021-02-16","forecast","-0.819864679590921"
"exdqlm_univar_synth","draw_102",1591,"2021-02-17","forecast","-0.874666274091869"
"exdqlm_univar_synth","draw_102",1591,"2021-02-18","forecast","-0.828486991486663"
"exdqlm_univar_synth","draw_102",1591,"2021-02-19","forecast","-1.19275920606994"
"exdqlm_univar_synth","draw_102",1591,"2021-02-20","forecast","-1.11043190099998"
"exdqlm_univar_synth","draw_103",1606,"2021-01-24","forecast","-0.712729280227492"
"exdqlm_univar_synth","draw_103",1606,"2021-01-25","forecast","-0.929382511663799"
"exdqlm_univar_synth","draw_103",1606,"2021-01-26","forecast","-1.03486994180071"
"exdqlm_univar_synth","draw_103",1606,"2021-01-27","forecast","-0.178963737893655"
"exdqlm_univar_synth","draw_103",1606,"2021-01-28","forecast","0.507144945833490"
"exdqlm_univar_synth","draw_103",1606,"2021-01-29","forecast","0.530586278916522"
"exdqlm_univar_synth","draw_103",1606,"2021-01-30","forecast","-0.831519105051445"
"exdqlm_univar_synth","draw_103",1606,"2021-01-31","forecast","-0.320692232106910"
"exdqlm_univar_synth","draw_103",1606,"2021-02-01","forecast","-0.762874645407939"
"exdqlm_univar_synth","draw_103",1606,"2021-02-02","forecast","-0.578338581656347"
"exdqlm_univar_synth","draw_103",1606,"2021-02-03","forecast","-0.688164634753840"
"exdqlm_univar_synth","draw_103",1606,"2021-02-04","forecast","-0.625899258529251"
"exdqlm_univar_synth","draw_103",1606,"2021-02-05","forecast","-0.622143664269387"
"exdqlm_univar_synth","draw_103",1606,"2021-02-06","forecast","-1.20380621622458"
"exdqlm_univar_synth","draw_103",1606,"2021-02-07","forecast","-1.04062204201222"
"exdqlm_univar_synth","draw_103",1606,"2021-02-08","forecast","-1.01812688035632"
"exdqlm_univar_synth","draw_103",1606,"2021-02-09","forecast","-1.21802599886032"
"exdqlm_univar_synth","draw_103",1606,"2021-02-10","forecast","-1.14897575862027"
"exdqlm_univar_synth","draw_103",1606,"2021-02-11","forecast","-0.632507494690220"
"exdqlm_univar_synth","draw_103",1606,"2021-02-12","forecast","-0.725366142401615"
"exdqlm_univar_synth","draw_103",1606,"2021-02-13","forecast","-0.947996773985103"
"exdqlm_univar_synth","draw_103",1606,"2021-02-14","forecast","-0.676992104864330"
"exdqlm_univar_synth","draw_103",1606,"2021-02-15","forecast","-0.776340813429094"
"exdqlm_univar_synth","draw_103",1606,"2021-02-16","forecast","-0.578045396691435"
"exdqlm_univar_synth","draw_103",1606,"2021-02-17","forecast","-1.31906072383644"
"exdqlm_univar_synth","draw_103",1606,"2021-02-18","forecast","-0.851772908042425"
"exdqlm_univar_synth","draw_103",1606,"2021-02-19","forecast","-0.916655729045648"
"exdqlm_univar_synth","draw_103",1606,"2021-02-20","forecast","-0.822632160397849"
"exdqlm_univar_synth","draw_104",1622,"2021-01-24","forecast","-0.721907605160536"
"exdqlm_univar_synth","draw_104",1622,"2021-01-25","forecast","-0.552435600279376"
"exdqlm_univar_synth","draw_104",1622,"2021-01-26","forecast","-0.960901004978054"
"exdqlm_univar_synth","draw_104",1622,"2021-01-27","forecast","0.166476739621085"
"exdqlm_univar_synth","draw_104",1622,"2021-01-28","forecast","0.138773713054869"
"exdqlm_univar_synth","draw_104",1622,"2021-01-29","forecast","0.900868003928403"
"exdqlm_univar_synth","draw_104",1622,"2021-01-30","forecast","-0.174814270434751"
"exdqlm_univar_synth","draw_104",1622,"2021-01-31","forecast","-0.395349429258350"
"exdqlm_univar_synth","draw_104",1622,"2021-02-01","forecast","-0.940919600129669"
"exdqlm_univar_synth","draw_104",1622,"2021-02-02","forecast","-0.754152581514497"
"exdqlm_univar_synth","draw_104",1622,"2021-02-03","forecast","-0.972396998175199"
"exdqlm_univar_synth","draw_104",1622,"2021-02-04","forecast","-0.716206112453555"
"exdqlm_univar_synth","draw_104",1622,"2021-02-05","forecast","-1.04092115123331"
"exdqlm_univar_synth","draw_104",1622,"2021-02-06","forecast","-1.19136039591425"
"exdqlm_univar_synth","draw_104",1622,"2021-02-07","forecast","-1.40702309548639"
"exdqlm_univar_synth","draw_104",1622,"2021-02-08","forecast","-0.793049509919616"
"exdqlm_univar_synth","draw_104",1622,"2021-02-09","forecast","-1.20486963419053"
"exdqlm_univar_synth","draw_104",1622,"2021-02-10","forecast","-0.562366691865446"
"exdqlm_univar_synth","draw_104",1622,"2021-02-11","forecast","-0.770183677469844"
"exdqlm_univar_synth","draw_104",1622,"2021-02-12","forecast","-0.998446212651513"
"exdqlm_univar_synth","draw_104",1622,"2021-02-13","forecast","-1.24449572400027"
"exdqlm_univar_synth","draw_104",1622,"2021-02-14","forecast","-0.672539959046331"
"exdqlm_univar_synth","draw_104",1622,"2021-02-15","forecast","-1.39124086596032"
"exdqlm_univar_synth","draw_104",1622,"2021-02-16","forecast","-0.583302136962992"
"exdqlm_univar_synth","draw_104",1622,"2021-02-17","forecast","-0.880178407544684"
"exdqlm_univar_synth","draw_104",1622,"2021-02-18","forecast","-0.828678365343303"
"exdqlm_univar_synth","draw_104",1622,"2021-02-19","forecast","-1.03590778227361"
"exdqlm_univar_synth","draw_104",1622,"2021-02-20","forecast","-0.827531297563085"
"exdqlm_univar_synth","draw_105",1638,"2021-01-24","forecast","-1.02955710638332"
"exdqlm_univar_synth","draw_105",1638,"2021-01-25","forecast","-0.381566286137528"
"exdqlm_univar_synth","draw_105",1638,"2021-01-26","forecast","-0.879000432244375"
"exdqlm_univar_synth","draw_105",1638,"2021-01-27","forecast","0.728390493373406"
"exdqlm_univar_synth","draw_105",1638,"2021-01-28","forecast","0.149752428818042"
"exdqlm_univar_synth","draw_105",1638,"2021-01-29","forecast","0.982260625650242"
"exdqlm_univar_synth","draw_105",1638,"2021-01-30","forecast","-0.270501515477873"
"exdqlm_univar_synth","draw_105",1638,"2021-01-31","forecast","-0.396096889452093"
"exdqlm_univar_synth","draw_105",1638,"2021-02-01","forecast","-0.927609161123344"
"exdqlm_univar_synth","draw_105",1638,"2021-02-02","forecast","-0.565584909432466"
"exdqlm_univar_synth","draw_105",1638,"2021-02-03","forecast","-0.676689168993739"
"exdqlm_univar_synth","draw_105",1638,"2021-02-04","forecast","-0.713307996099717"
"exdqlm_univar_synth","draw_105",1638,"2021-02-05","forecast","-1.06021391091706"
"exdqlm_univar_synth","draw_105",1638,"2021-02-06","forecast","-0.956168512555714"
"exdqlm_univar_synth","draw_105",1638,"2021-02-07","forecast","-1.58473135593230"
"exdqlm_univar_synth","draw_105",1638,"2021-02-08","forecast","-0.654923045692708"
"exdqlm_univar_synth","draw_105",1638,"2021-02-09","forecast","-0.991353210352503"
"exdqlm_univar_synth","draw_105",1638,"2021-02-10","forecast","-0.549150107010100"
"exdqlm_univar_synth","draw_105",1638,"2021-02-11","forecast","-0.627294829604166"
"exdqlm_univar_synth","draw_105",1638,"2021-02-12","forecast","-0.965388030181936"
"exdqlm_univar_synth","draw_105",1638,"2021-02-13","forecast","-0.851178204191966"
"exdqlm_univar_synth","draw_105",1638,"2021-02-14","forecast","-0.670260140789734"
"exdqlm_univar_synth","draw_105",1638,"2021-02-15","forecast","-0.663853665586809"
"exdqlm_univar_synth","draw_105",1638,"2021-02-16","forecast","-0.960086539677220"
"exdqlm_univar_synth","draw_105",1638,"2021-02-17","forecast","-1.22559478379194"
"exdqlm_univar_synth","draw_105",1638,"2021-02-18","forecast","-1.34779689444711"
"exdqlm_univar_synth","draw_105",1638,"2021-02-19","forecast","-1.07134193332657"
"exdqlm_univar_synth","draw_105",1638,"2021-02-20","forecast","-0.820695962730423"
"exdqlm_univar_synth","draw_106",1654,"2021-01-24","forecast","-0.779042124210943"
"exdqlm_univar_synth","draw_106",1654,"2021-01-25","forecast","-0.826152925679673"
"exdqlm_univar_synth","draw_106",1654,"2021-01-26","forecast","-0.599363847962798"
"exdqlm_univar_synth","draw_106",1654,"2021-01-27","forecast","0.821069145751760"
"exdqlm_univar_synth","draw_106",1654,"2021-01-28","forecast","0.476152159720093"
"exdqlm_univar_synth","draw_106",1654,"2021-01-29","forecast","1.06743580167318"
"exdqlm_univar_synth","draw_106",1654,"2021-01-30","forecast","-0.195199948996567"
"exdqlm_univar_synth","draw_106",1654,"2021-01-31","forecast","-0.633849224809337"
"exdqlm_univar_synth","draw_106",1654,"2021-02-01","forecast","-0.705909241850694"
"exdqlm_univar_synth","draw_106",1654,"2021-02-02","forecast","-0.669989978605649"
"exdqlm_univar_synth","draw_106",1654,"2021-02-03","forecast","-0.672482128888903"
"exdqlm_univar_synth","draw_106",1654,"2021-02-04","forecast","-0.712514320483669"
"exdqlm_univar_synth","draw_106",1654,"2021-02-05","forecast","-0.648521739782248"
"exdqlm_univar_synth","draw_106",1654,"2021-02-06","forecast","-0.920525220706156"
"exdqlm_univar_synth","draw_106",1654,"2021-02-07","forecast","-1.71678348581583"
"exdqlm_univar_synth","draw_106",1654,"2021-02-08","forecast","-0.679994201255981"
"exdqlm_univar_synth","draw_106",1654,"2021-02-09","forecast","-1.33646798767169"
"exdqlm_univar_synth","draw_106",1654,"2021-02-10","forecast","-0.639917095192132"
"exdqlm_univar_synth","draw_106",1654,"2021-02-11","forecast","-0.745224164000857"
"exdqlm_univar_synth","draw_106",1654,"2021-02-12","forecast","-0.726338034333685"
"exdqlm_univar_synth","draw_106",1654,"2021-02-13","forecast","-1.23281273530238"
"exdqlm_univar_synth","draw_106",1654,"2021-02-14","forecast","-1.04327199680878"
"exdqlm_univar_synth","draw_106",1654,"2021-02-15","forecast","-1.18624015073729"
"exdqlm_univar_synth","draw_106",1654,"2021-02-16","forecast","-0.582081597839134"
"exdqlm_univar_synth","draw_106",1654,"2021-02-17","forecast","-0.878720708871175"
"exdqlm_univar_synth","draw_106",1654,"2021-02-18","forecast","-0.866976239508886"
"exdqlm_univar_synth","draw_106",1654,"2021-02-19","forecast","-0.789868947534947"
"exdqlm_univar_synth","draw_106",1654,"2021-02-20","forecast","-1.15309252312129"
"exdqlm_univar_synth","draw_107",1669,"2021-01-24","forecast","-0.720571475470857"
"exdqlm_univar_synth","draw_107",1669,"2021-01-25","forecast","-0.555004820717077"
"exdqlm_univar_synth","draw_107",1669,"2021-01-26","forecast","-0.881396924203547"
"exdqlm_univar_synth","draw_107",1669,"2021-01-27","forecast","0.590877244775648"
"exdqlm_univar_synth","draw_107",1669,"2021-01-28","forecast","0.316696779802875"
"exdqlm_univar_synth","draw_107",1669,"2021-01-29","forecast","0.960451130058387"
"exdqlm_univar_synth","draw_107",1669,"2021-01-30","forecast","-0.193678185841770"
"exdqlm_univar_synth","draw_107",1669,"2021-01-31","forecast","-0.837226909424370"
"exdqlm_univar_synth","draw_107",1669,"2021-02-01","forecast","-0.905749885652688"
"exdqlm_univar_synth","draw_107",1669,"2021-02-02","forecast","-0.548063856891302"
"exdqlm_univar_synth","draw_107",1669,"2021-02-03","forecast","-1.29657136133650"
"exdqlm_univar_synth","draw_107",1669,"2021-02-04","forecast","-0.959063680641634"
"exdqlm_univar_synth","draw_107",1669,"2021-02-05","forecast","-0.622954942724437"
"exdqlm_univar_synth","draw_107",1669,"2021-02-06","forecast","-1.19026892826136"
"exdqlm_univar_synth","draw_107",1669,"2021-02-07","forecast","-1.12312274237767"
"exdqlm_univar_synth","draw_107",1669,"2021-02-08","forecast","-0.681549812119479"
"exdqlm_univar_synth","draw_107",1669,"2021-02-09","forecast","-1.27602803971407"
"exdqlm_univar_synth","draw_107",1669,"2021-02-10","forecast","-0.558235090206911"
"exdqlm_univar_synth","draw_107",1669,"2021-02-11","forecast","-0.632842648840173"
"exdqlm_univar_synth","draw_107",1669,"2021-02-12","forecast","-1.17148989483706"
"exdqlm_univar_synth","draw_107",1669,"2021-02-13","forecast","-0.850849806979800"
"exdqlm_univar_synth","draw_107",1669,"2021-02-14","forecast","-0.675501171152461"
"exdqlm_univar_synth","draw_107",1669,"2021-02-15","forecast","-0.628497735189977"
"exdqlm_univar_synth","draw_107",1669,"2021-02-16","forecast","-1.20645510471900"
"exdqlm_univar_synth","draw_107",1669,"2021-02-17","forecast","-0.877232964922807"
"exdqlm_univar_synth","draw_107",1669,"2021-02-18","forecast","-1.05447608822365"
"exdqlm_univar_synth","draw_107",1669,"2021-02-19","forecast","-0.892498409055659"
"exdqlm_univar_synth","draw_107",1669,"2021-02-20","forecast","-1.16873139759396"
"exdqlm_univar_synth","draw_108",1685,"2021-01-24","forecast","-0.669782852474505"
"exdqlm_univar_synth","draw_108",1685,"2021-01-25","forecast","-0.955862762298155"
"exdqlm_univar_synth","draw_108",1685,"2021-01-26","forecast","-0.658793531948414"
"exdqlm_univar_synth","draw_108",1685,"2021-01-27","forecast","0.0931270913412232"
"exdqlm_univar_synth","draw_108",1685,"2021-01-28","forecast","0.674674399481892"
"exdqlm_univar_synth","draw_108",1685,"2021-01-29","forecast","0.186677808730588"
"exdqlm_univar_synth","draw_108",1685,"2021-01-30","forecast","-0.416214533253634"
"exdqlm_univar_synth","draw_108",1685,"2021-01-31","forecast","-0.343517441251308"
"exdqlm_univar_synth","draw_108",1685,"2021-02-01","forecast","-0.982947352615674"
"exdqlm_univar_synth","draw_108",1685,"2021-02-02","forecast","-0.833095631573012"
"exdqlm_univar_synth","draw_108",1685,"2021-02-03","forecast","-0.745949858236048"
"exdqlm_univar_synth","draw_108",1685,"2021-02-04","forecast","-0.712786001740592"
"exdqlm_univar_synth","draw_108",1685,"2021-02-05","forecast","-0.536929699472541"
"exdqlm_univar_synth","draw_108",1685,"2021-02-06","forecast","-1.31879368079653"
"exdqlm_univar_synth","draw_108",1685,"2021-02-07","forecast","-1.39538193464390"
"exdqlm_univar_synth","draw_108",1685,"2021-02-08","forecast","-1.10689297692290"
"exdqlm_univar_synth","draw_108",1685,"2021-02-09","forecast","-0.988099195527837"
"exdqlm_univar_synth","draw_108",1685,"2021-02-10","forecast","-0.994602126846739"
"exdqlm_univar_synth","draw_108",1685,"2021-02-11","forecast","-1.07846547326351"
"exdqlm_univar_synth","draw_108",1685,"2021-02-12","forecast","-0.722583887752726"
"exdqlm_univar_synth","draw_108",1685,"2021-02-13","forecast","-1.45293044420319"
"exdqlm_univar_synth","draw_108",1685,"2021-02-14","forecast","-0.670784380931871"
"exdqlm_univar_synth","draw_108",1685,"2021-02-15","forecast","-0.580373296419961"
"exdqlm_univar_synth","draw_108",1685,"2021-02-16","forecast","-0.878354036702634"
"exdqlm_univar_synth","draw_108",1685,"2021-02-17","forecast","-1.33848226638218"
"exdqlm_univar_synth","draw_108",1685,"2021-02-18","forecast","-0.825070669998414"
"exdqlm_univar_synth","draw_108",1685,"2021-02-19","forecast","-0.894129245190732"
"exdqlm_univar_synth","draw_108",1685,"2021-02-20","forecast","-0.822760911642073"
"exdqlm_univar_synth","draw_109",1701,"2021-01-24","forecast","-0.963920942838920"
"exdqlm_univar_synth","draw_109",1701,"2021-01-25","forecast","-0.566769767260858"
"exdqlm_univar_synth","draw_109",1701,"2021-01-26","forecast","-0.545697735479469"
"exdqlm_univar_synth","draw_109",1701,"2021-01-27","forecast","0.541067324289504"
"exdqlm_univar_synth","draw_109",1701,"2021-01-28","forecast","0.409224386323171"
"exdqlm_univar_synth","draw_109",1701,"2021-01-29","forecast","0.838474599530790"
"exdqlm_univar_synth","draw_109",1701,"2021-01-30","forecast","-0.196498043076728"
"exdqlm_univar_synth","draw_109",1701,"2021-01-31","forecast","-0.177390739826800"
"exdqlm_univar_synth","draw_109",1701,"2021-02-01","forecast","-0.753013450902643"
"exdqlm_univar_synth","draw_109",1701,"2021-02-02","forecast","-0.506011166195892"
"exdqlm_univar_synth","draw_109",1701,"2021-02-03","forecast","-0.973876272630163"
"exdqlm_univar_synth","draw_109",1701,"2021-02-04","forecast","-1.10266645808107"
"exdqlm_univar_synth","draw_109",1701,"2021-02-05","forecast","-0.655589095167315"
"exdqlm_univar_synth","draw_109",1701,"2021-02-06","forecast","-0.914922567196711"
"exdqlm_univar_synth","draw_109",1701,"2021-02-07","forecast","-0.993432475896285"
"exdqlm_univar_synth","draw_109",1701,"2021-02-08","forecast","-0.678619160900319"
"exdqlm_univar_synth","draw_109",1701,"2021-02-09","forecast","-1.00190626052200"
"exdqlm_univar_synth","draw_109",1701,"2021-02-10","forecast","-0.648280583770920"
"exdqlm_univar_synth","draw_109",1701,"2021-02-11","forecast","-0.494693002003494"
"exdqlm_univar_synth","draw_109",1701,"2021-02-12","forecast","-1.17700329250553"
"exdqlm_univar_synth","draw_109",1701,"2021-02-13","forecast","-0.849961166275044"
"exdqlm_univar_synth","draw_109",1701,"2021-02-14","forecast","-0.677298188295107"
"exdqlm_univar_synth","draw_109",1701,"2021-02-15","forecast","-0.569469101903335"
"exdqlm_univar_synth","draw_109",1701,"2021-02-16","forecast","-1.09621399855171"
"exdqlm_univar_synth","draw_109",1701,"2021-02-17","forecast","-0.874724759445875"
"exdqlm_univar_synth","draw_109",1701,"2021-02-18","forecast","-0.827703404173202"
"exdqlm_univar_synth","draw_109",1701,"2021-02-19","forecast","-1.45027152635175"
"exdqlm_univar_synth","draw_109",1701,"2021-02-20","forecast","-1.08108848779145"
"exdqlm_univar_synth","draw_110",1717,"2021-01-24","forecast","-0.843373377969714"
"exdqlm_univar_synth","draw_110",1717,"2021-01-25","forecast","-0.378878111156585"
"exdqlm_univar_synth","draw_110",1717,"2021-01-26","forecast","-0.985153190390906"
"exdqlm_univar_synth","draw_110",1717,"2021-01-27","forecast","0.159171854368167"
"exdqlm_univar_synth","draw_110",1717,"2021-01-28","forecast","0.633689487033860"
"exdqlm_univar_synth","draw_110",1717,"2021-01-29","forecast","0.711729632515977"
"exdqlm_univar_synth","draw_110",1717,"2021-01-30","forecast","-0.190728910661060"
"exdqlm_univar_synth","draw_110",1717,"2021-01-31","forecast","-0.378516019562036"
"exdqlm_univar_synth","draw_110",1717,"2021-02-01","forecast","-0.753067067660315"
"exdqlm_univar_synth","draw_110",1717,"2021-02-02","forecast","-0.824254693430577"
"exdqlm_univar_synth","draw_110",1717,"2021-02-03","forecast","-0.690113009813851"
"exdqlm_univar_synth","draw_110",1717,"2021-02-04","forecast","-0.711137653110695"
"exdqlm_univar_synth","draw_110",1717,"2021-02-05","forecast","-0.623184310622352"
"exdqlm_univar_synth","draw_110",1717,"2021-02-06","forecast","-1.07138647595913"
"exdqlm_univar_synth","draw_110",1717,"2021-02-07","forecast","-0.993980716848676"
"exdqlm_univar_synth","draw_110",1717,"2021-02-08","forecast","-0.680897154568351"
"exdqlm_univar_synth","draw_110",1717,"2021-02-09","forecast","-0.991191525278212"
"exdqlm_univar_synth","draw_110",1717,"2021-02-10","forecast","-0.425201238842501"
"exdqlm_univar_synth","draw_110",1717,"2021-02-11","forecast","-0.614418232493081"
"exdqlm_univar_synth","draw_110",1717,"2021-02-12","forecast","-0.724678241398579"
"exdqlm_univar_synth","draw_110",1717,"2021-02-13","forecast","-0.850730068354709"
"exdqlm_univar_synth","draw_110",1717,"2021-02-14","forecast","-0.937872719475943"
"exdqlm_univar_synth","draw_110",1717,"2021-02-15","forecast","-0.329941449735821"
"exdqlm_univar_synth","draw_110",1717,"2021-02-16","forecast","-0.915843807264977"
"exdqlm_univar_synth","draw_110",1717,"2021-02-17","forecast","-0.952140620360699"
"exdqlm_univar_synth","draw_110",1717,"2021-02-18","forecast","-0.938119338471636"
"exdqlm_univar_synth","draw_110",1717,"2021-02-19","forecast","-1.14838849965403"
"exdqlm_univar_synth","draw_110",1717,"2021-02-20","forecast","-0.822218262697197"
"exdqlm_univar_synth","draw_111",1732,"2021-01-24","forecast","-0.884054363927031"
"exdqlm_univar_synth","draw_111",1732,"2021-01-25","forecast","-0.849814413157680"
"exdqlm_univar_synth","draw_111",1732,"2021-01-26","forecast","-0.681911020536386"
"exdqlm_univar_synth","draw_111",1732,"2021-01-27","forecast","0.153721245130967"
"exdqlm_univar_synth","draw_111",1732,"2021-01-28","forecast","0.852955143641630"
"exdqlm_univar_synth","draw_111",1732,"2021-01-29","forecast","0.887069373280714"
"exdqlm_univar_synth","draw_111",1732,"2021-01-30","forecast","-0.355998613465777"
"exdqlm_univar_synth","draw_111",1732,"2021-01-31","forecast","-0.395642521609418"
"exdqlm_univar_synth","draw_111",1732,"2021-02-01","forecast","-0.768927456180678"
"exdqlm_univar_synth","draw_111",1732,"2021-02-02","forecast","-0.864966106155539"
"exdqlm_univar_synth","draw_111",1732,"2021-02-03","forecast","-1.04836963130959"
"exdqlm_univar_synth","draw_111",1732,"2021-02-04","forecast","-0.713687630589135"
"exdqlm_univar_synth","draw_111",1732,"2021-02-05","forecast","-0.668248222316668"
"exdqlm_univar_synth","draw_111",1732,"2021-02-06","forecast","-1.18274965616074"
"exdqlm_univar_synth","draw_111",1732,"2021-02-07","forecast","-1.16657109637339"
"exdqlm_univar_synth","draw_111",1732,"2021-02-08","forecast","-1.11155665749890"
"exdqlm_univar_synth","draw_111",1732,"2021-02-09","forecast","-1.15468852418095"
"exdqlm_univar_synth","draw_111",1732,"2021-02-10","forecast","-1.22750865365551"
"exdqlm_univar_synth","draw_111",1732,"2021-02-11","forecast","-0.872564945188073"
"exdqlm_univar_synth","draw_111",1732,"2021-02-12","forecast","-0.654191815094451"
"exdqlm_univar_synth","draw_111",1732,"2021-02-13","forecast","-0.850854278780630"
"exdqlm_univar_synth","draw_111",1732,"2021-02-14","forecast","-0.676401544754221"
"exdqlm_univar_synth","draw_111",1732,"2021-02-15","forecast","-0.566365811003767"
"exdqlm_univar_synth","draw_111",1732,"2021-02-16","forecast","-0.633090332972941"
"exdqlm_univar_synth","draw_111",1732,"2021-02-17","forecast","-1.29240280458970"
"exdqlm_univar_synth","draw_111",1732,"2021-02-18","forecast","-1.03755882064973"
"exdqlm_univar_synth","draw_111",1732,"2021-02-19","forecast","-1.26539459823155"
"exdqlm_univar_synth","draw_111",1732,"2021-02-20","forecast","-0.825881698058001"
"exdqlm_univar_synth","draw_112",1748,"2021-01-24","forecast","-0.836573801620961"
"exdqlm_univar_synth","draw_112",1748,"2021-01-25","forecast","-0.598487427426296"
"exdqlm_univar_synth","draw_112",1748,"2021-01-26","forecast","-1.02893225934643"
"exdqlm_univar_synth","draw_112",1748,"2021-01-27","forecast","0.592315410951180"
"exdqlm_univar_synth","draw_112",1748,"2021-01-28","forecast","0.0892023709068396"
"exdqlm_univar_synth","draw_112",1748,"2021-01-29","forecast","0.980053180756418"
"exdqlm_univar_synth","draw_112",1748,"2021-01-30","forecast","-0.462419227328333"
"exdqlm_univar_synth","draw_112",1748,"2021-01-31","forecast","-0.616670633490858"
"exdqlm_univar_synth","draw_112",1748,"2021-02-01","forecast","-1.08817257982662"
"exdqlm_univar_synth","draw_112",1748,"2021-02-02","forecast","-0.833392212195320"
"exdqlm_univar_synth","draw_112",1748,"2021-02-03","forecast","-0.673570302360572"
"exdqlm_univar_synth","draw_112",1748,"2021-02-04","forecast","-1.03398785914748"
"exdqlm_univar_synth","draw_112",1748,"2021-02-05","forecast","-0.952054126563858"
"exdqlm_univar_synth","draw_112",1748,"2021-02-06","forecast","-1.02518295718914"
"exdqlm_univar_synth","draw_112",1748,"2021-02-07","forecast","-0.993151743286802"
"exdqlm_univar_synth","draw_112",1748,"2021-02-08","forecast","-0.944301910563572"
"exdqlm_univar_synth","draw_112",1748,"2021-02-09","forecast","-1.20658529316011"
"exdqlm_univar_synth","draw_112",1748,"2021-02-10","forecast","-0.557536534110325"
"exdqlm_univar_synth","draw_112",1748,"2021-02-11","forecast","-0.442874285421025"
"exdqlm_univar_synth","draw_112",1748,"2021-02-12","forecast","-0.805110435092120"
"exdqlm_univar_synth","draw_112",1748,"2021-02-13","forecast","-0.850267362882253"
"exdqlm_univar_synth","draw_112",1748,"2021-02-14","forecast","-1.07283261984566"
"exdqlm_univar_synth","draw_112",1748,"2021-02-15","forecast","-1.06630997838497"
"exdqlm_univar_synth","draw_112",1748,"2021-02-16","forecast","-0.788461046142808"
"exdqlm_univar_synth","draw_112",1748,"2021-02-17","forecast","-0.867363135939781"
"exdqlm_univar_synth","draw_112",1748,"2021-02-18","forecast","-1.28443699598231"
"exdqlm_univar_synth","draw_112",1748,"2021-02-19","forecast","-0.893000607752975"
"exdqlm_univar_synth","draw_112",1748,"2021-02-20","forecast","-1.09335167707336"
"exdqlm_univar_synth","draw_113",1764,"2021-01-24","forecast","-0.799480798737570"
"exdqlm_univar_synth","draw_113",1764,"2021-01-25","forecast","-0.430044252908211"
"exdqlm_univar_synth","draw_113",1764,"2021-01-26","forecast","-0.732215244741643"
"exdqlm_univar_synth","draw_113",1764,"2021-01-27","forecast","0.0354496324644649"
"exdqlm_univar_synth","draw_113",1764,"2021-01-28","forecast","0.728502936342073"
"exdqlm_univar_synth","draw_113",1764,"2021-01-29","forecast","1.02419498643742"
"exdqlm_univar_synth","draw_113",1764,"2021-01-30","forecast","-0.187160801042251"
"exdqlm_univar_synth","draw_113",1764,"2021-01-31","forecast","-0.376276543676087"
"exdqlm_univar_synth","draw_113",1764,"2021-02-01","forecast","-0.762744504962752"
"exdqlm_univar_synth","draw_113",1764,"2021-02-02","forecast","-0.558009757756058"
"exdqlm_univar_synth","draw_113",1764,"2021-02-03","forecast","-0.672780474717405"
"exdqlm_univar_synth","draw_113",1764,"2021-02-04","forecast","-0.711811908893997"
"exdqlm_univar_synth","draw_113",1764,"2021-02-05","forecast","-0.648855323681060"
"exdqlm_univar_synth","draw_113",1764,"2021-02-06","forecast","-1.21897101718291"
"exdqlm_univar_synth","draw_113",1764,"2021-02-07","forecast","-0.984722453435775"
"exdqlm_univar_synth","draw_113",1764,"2021-02-08","forecast","-1.14112369392274"
"exdqlm_univar_synth","draw_113",1764,"2021-02-09","forecast","-1.17134481817654"
"exdqlm_univar_synth","draw_113",1764,"2021-02-10","forecast","-1.04137206372369"
"exdqlm_univar_synth","draw_113",1764,"2021-02-11","forecast","-0.529287467616180"
"exdqlm_univar_synth","draw_113",1764,"2021-02-12","forecast","-0.722540951178738"
"exdqlm_univar_synth","draw_113",1764,"2021-02-13","forecast","-1.49654025321571"
"exdqlm_univar_synth","draw_113",1764,"2021-02-14","forecast","-1.19455440264227"
"exdqlm_univar_synth","draw_113",1764,"2021-02-15","forecast","-1.16321863047209"
"exdqlm_univar_synth","draw_113",1764,"2021-02-16","forecast","-0.578046685421906"
"exdqlm_univar_synth","draw_113",1764,"2021-02-17","forecast","-0.874856764706314"
"exdqlm_univar_synth","draw_113",1764,"2021-02-18","forecast","-1.18479844848193"
"exdqlm_univar_synth","draw_113",1764,"2021-02-19","forecast","-1.14198358176450"
"exdqlm_univar_synth","draw_113",1764,"2021-02-20","forecast","-0.824850427484500"
"exdqlm_univar_synth","draw_114",1780,"2021-01-24","forecast","-0.894412974955863"
"exdqlm_univar_synth","draw_114",1780,"2021-01-25","forecast","-0.978698995884674"
"exdqlm_univar_synth","draw_114",1780,"2021-01-26","forecast","-1.01579314953214"
"exdqlm_univar_synth","draw_114",1780,"2021-01-27","forecast","-0.219955866664443"
"exdqlm_univar_synth","draw_114",1780,"2021-01-28","forecast","0.861554783576090"
"exdqlm_univar_synth","draw_114",1780,"2021-01-29","forecast","0.177752983499297"
"exdqlm_univar_synth","draw_114",1780,"2021-01-30","forecast","-0.170364056450923"
"exdqlm_univar_synth","draw_114",1780,"2021-01-31","forecast","-0.379341532639599"
"exdqlm_univar_synth","draw_114",1780,"2021-02-01","forecast","-0.729912277343872"
"exdqlm_univar_synth","draw_114",1780,"2021-02-02","forecast","-0.552601807673584"
"exdqlm_univar_synth","draw_114",1780,"2021-02-03","forecast","-1.08434791536537"
"exdqlm_univar_synth","draw_114",1780,"2021-02-04","forecast","-0.920045604257358"
"exdqlm_univar_synth","draw_114",1780,"2021-02-05","forecast","-1.11487775077081"
"exdqlm_univar_synth","draw_114",1780,"2021-02-06","forecast","-1.41630454584740"
"exdqlm_univar_synth","draw_114",1780,"2021-02-07","forecast","-1.37096378561711"
"exdqlm_univar_synth","draw_114",1780,"2021-02-08","forecast","-0.711005805778451"
"exdqlm_univar_synth","draw_114",1780,"2021-02-09","forecast","-0.992647214854168"
"exdqlm_univar_synth","draw_114",1780,"2021-02-10","forecast","-0.832361105142564"
"exdqlm_univar_synth","draw_114",1780,"2021-02-11","forecast","-1.05614084519728"
"exdqlm_univar_synth","draw_114",1780,"2021-02-12","forecast","-0.725416760468562"
"exdqlm_univar_synth","draw_114",1780,"2021-02-13","forecast","-1.14917662157326"
"exdqlm_univar_synth","draw_114",1780,"2021-02-14","forecast","-0.989391030705715"
"exdqlm_univar_synth","draw_114",1780,"2021-02-15","forecast","-0.743807079803117"
"exdqlm_univar_synth","draw_114",1780,"2021-02-16","forecast","-0.582620129805307"
"exdqlm_univar_synth","draw_114",1780,"2021-02-17","forecast","-1.08128152369188"
"exdqlm_univar_synth","draw_114",1780,"2021-02-18","forecast","-1.13116861265554"
"exdqlm_univar_synth","draw_114",1780,"2021-02-19","forecast","-0.894693669157916"
"exdqlm_univar_synth","draw_114",1780,"2021-02-20","forecast","-0.822789777994764"
"exdqlm_univar_synth","draw_115",1795,"2021-01-24","forecast","-0.838983800913529"
"exdqlm_univar_synth","draw_115",1795,"2021-01-25","forecast","-0.647265726275791"
"exdqlm_univar_synth","draw_115",1795,"2021-01-26","forecast","-0.899760707957077"
"exdqlm_univar_synth","draw_115",1795,"2021-01-27","forecast","-0.201471256950036"
"exdqlm_univar_synth","draw_115",1795,"2021-01-28","forecast","0.982525049576560"
"exdqlm_univar_synth","draw_115",1795,"2021-01-29","forecast","0.969537042233059"
"exdqlm_univar_synth","draw_115",1795,"2021-01-30","forecast","-0.195008934782461"
"exdqlm_univar_synth","draw_115",1795,"2021-01-31","forecast","-0.158462444753371"
"exdqlm_univar_synth","draw_115",1795,"2021-02-01","forecast","-0.736416801705472"
"exdqlm_univar_synth","draw_115",1795,"2021-02-02","forecast","-1.20446588735654"
"exdqlm_univar_synth","draw_115",1795,"2021-02-03","forecast","-1.08135234351859"
"exdqlm_univar_synth","draw_115",1795,"2021-02-04","forecast","-0.714985304242981"
"exdqlm_univar_synth","draw_115",1795,"2021-02-05","forecast","-0.647171947846777"
"exdqlm_univar_synth","draw_115",1795,"2021-02-06","forecast","-1.25271235525398"
"exdqlm_univar_synth","draw_115",1795,"2021-02-07","forecast","-0.994175542577461"
"exdqlm_univar_synth","draw_115",1795,"2021-02-08","forecast","-0.611328872186152"
"exdqlm_univar_synth","draw_115",1795,"2021-02-09","forecast","-1.22879596154532"
"exdqlm_univar_synth","draw_115",1795,"2021-02-10","forecast","-0.556949418501361"
"exdqlm_univar_synth","draw_115",1795,"2021-02-11","forecast","-0.744842181432037"
"exdqlm_univar_synth","draw_115",1795,"2021-02-12","forecast","-0.738741457583233"
"exdqlm_univar_synth","draw_115",1795,"2021-02-13","forecast","-0.849454341985925"
"exdqlm_univar_synth","draw_115",1795,"2021-02-14","forecast","-0.670214885947435"
"exdqlm_univar_synth","draw_115",1795,"2021-02-15","forecast","-0.630064748105124"
"exdqlm_univar_synth","draw_115",1795,"2021-02-16","forecast","-0.645372821977926"
"exdqlm_univar_synth","draw_115",1795,"2021-02-17","forecast","-0.874174533111442"
"exdqlm_univar_synth","draw_115",1795,"2021-02-18","forecast","-1.45830569899305"
"exdqlm_univar_synth","draw_115",1795,"2021-02-19","forecast","-0.897725821361655"
"exdqlm_univar_synth","draw_115",1795,"2021-02-20","forecast","-0.826503152609567"
"exdqlm_univar_synth","draw_116",1811,"2021-01-24","forecast","-0.669761517943765"
"exdqlm_univar_synth","draw_116",1811,"2021-01-25","forecast","-0.550488139160330"
"exdqlm_univar_synth","draw_116",1811,"2021-01-26","forecast","-0.827030279010072"
"exdqlm_univar_synth","draw_116",1811,"2021-01-27","forecast","-0.0448000031054582"
"exdqlm_univar_synth","draw_116",1811,"2021-01-28","forecast","0.536307577623202"
"exdqlm_univar_synth","draw_116",1811,"2021-01-29","forecast","0.981465697260522"
"exdqlm_univar_synth","draw_116",1811,"2021-01-30","forecast","-0.194107519301180"
"exdqlm_univar_synth","draw_116",1811,"2021-01-31","forecast","-0.691445184182118"
"exdqlm_univar_synth","draw_116",1811,"2021-02-01","forecast","-0.964075195487882"
"exdqlm_univar_synth","draw_116",1811,"2021-02-02","forecast","-0.671338511572317"
"exdqlm_univar_synth","draw_116",1811,"2021-02-03","forecast","-0.686095038770167"
"exdqlm_univar_synth","draw_116",1811,"2021-02-04","forecast","-1.06265990007941"
"exdqlm_univar_synth","draw_116",1811,"2021-02-05","forecast","-0.953237461664774"
"exdqlm_univar_synth","draw_116",1811,"2021-02-06","forecast","-1.21450771832716"
"exdqlm_univar_synth","draw_116",1811,"2021-02-07","forecast","-1.20053293601989"
"exdqlm_univar_synth","draw_116",1811,"2021-02-08","forecast","-0.685630459755374"
"exdqlm_univar_synth","draw_116",1811,"2021-02-09","forecast","-0.992924730853966"
"exdqlm_univar_synth","draw_116",1811,"2021-02-10","forecast","-0.579514492029112"
"exdqlm_univar_synth","draw_116",1811,"2021-02-11","forecast","-0.636706397574096"
"exdqlm_univar_synth","draw_116",1811,"2021-02-12","forecast","-0.857356584887303"
"exdqlm_univar_synth","draw_116",1811,"2021-02-13","forecast","-0.851108588502191"
"exdqlm_univar_synth","draw_116",1811,"2021-02-14","forecast","-0.670216073672939"
"exdqlm_univar_synth","draw_116",1811,"2021-02-15","forecast","-1.37246550536961"
"exdqlm_univar_synth","draw_116",1811,"2021-02-16","forecast","-0.629240230397762"
"exdqlm_univar_synth","draw_116",1811,"2021-02-17","forecast","-1.02433050728616"
"exdqlm_univar_synth","draw_116",1811,"2021-02-18","forecast","-0.825657367438460"
"exdqlm_univar_synth","draw_116",1811,"2021-02-19","forecast","-1.27935969261596"
"exdqlm_univar_synth","draw_116",1811,"2021-02-20","forecast","-1.20948546130021"
"exdqlm_univar_synth","draw_117",1827,"2021-01-24","forecast","-0.723874517014115"
"exdqlm_univar_synth","draw_117",1827,"2021-01-25","forecast","-0.504532976524191"
"exdqlm_univar_synth","draw_117",1827,"2021-01-26","forecast","-0.759723793847210"
"exdqlm_univar_synth","draw_117",1827,"2021-01-27","forecast","-0.160204960884675"
"exdqlm_univar_synth","draw_117",1827,"2021-01-28","forecast","0.677532345658690"
"exdqlm_univar_synth","draw_117",1827,"2021-01-29","forecast","1.14778468360517"
"exdqlm_univar_synth","draw_117",1827,"2021-01-30","forecast","-0.0157969371755796"
"exdqlm_univar_synth","draw_117",1827,"2021-01-31","forecast","-0.663563909403788"
"exdqlm_univar_synth","draw_117",1827,"2021-02-01","forecast","-0.767415213241147"
"exdqlm_univar_synth","draw_117",1827,"2021-02-02","forecast","-0.552792251187974"
"exdqlm_univar_synth","draw_117",1827,"2021-02-03","forecast","-0.677542984998017"
"exdqlm_univar_synth","draw_117",1827,"2021-02-04","forecast","-0.913234308330698"
"exdqlm_univar_synth","draw_117",1827,"2021-02-05","forecast","-0.654330605199247"
"exdqlm_univar_synth","draw_117",1827,"2021-02-06","forecast","-0.920323379688067"
"exdqlm_univar_synth","draw_117",1827,"2021-02-07","forecast","-1.28739195211418"
"exdqlm_univar_synth","draw_117",1827,"2021-02-08","forecast","-0.756938893322794"
"exdqlm_univar_synth","draw_117",1827,"2021-02-09","forecast","-1.02612613292901"
"exdqlm_univar_synth","draw_117",1827,"2021-02-10","forecast","-0.874306046845497"
"exdqlm_univar_synth","draw_117",1827,"2021-02-11","forecast","-0.921059584177708"
"exdqlm_univar_synth","draw_117",1827,"2021-02-12","forecast","-0.728019688475787"
"exdqlm_univar_synth","draw_117",1827,"2021-02-13","forecast","-0.854531963382877"
"exdqlm_univar_synth","draw_117",1827,"2021-02-14","forecast","-0.672724049039152"
"exdqlm_univar_synth","draw_117",1827,"2021-02-15","forecast","-0.899773614640713"
"exdqlm_univar_synth","draw_117",1827,"2021-02-16","forecast","-0.464178675302619"
"exdqlm_univar_synth","draw_117",1827,"2021-02-17","forecast","-0.875621353529108"
"exdqlm_univar_synth","draw_117",1827,"2021-02-18","forecast","-1.20477887048036"
"exdqlm_univar_synth","draw_117",1827,"2021-02-19","forecast","-0.894492809522804"
"exdqlm_univar_synth","draw_117",1827,"2021-02-20","forecast","-0.824436118018584"
"exdqlm_univar_synth","draw_118",1843,"2021-01-24","forecast","-0.722301556139883"
"exdqlm_univar_synth","draw_118",1843,"2021-01-25","forecast","-0.383768341651260"
"exdqlm_univar_synth","draw_118",1843,"2021-01-26","forecast","-0.895434301143879"
"exdqlm_univar_synth","draw_118",1843,"2021-01-27","forecast","0.856848834666309"
"exdqlm_univar_synth","draw_118",1843,"2021-01-28","forecast","0.228112507998255"
"exdqlm_univar_synth","draw_118",1843,"2021-01-29","forecast","0.528208675806297"
"exdqlm_univar_synth","draw_118",1843,"2021-01-30","forecast","-0.195039528952630"
"exdqlm_univar_synth","draw_118",1843,"2021-01-31","forecast","-0.421317555355176"
"exdqlm_univar_synth","draw_118",1843,"2021-02-01","forecast","-0.952309601270307"
"exdqlm_univar_synth","draw_118",1843,"2021-02-02","forecast","-0.917438236730048"
"exdqlm_univar_synth","draw_118",1843,"2021-02-03","forecast","-0.679565989912070"
"exdqlm_univar_synth","draw_118",1843,"2021-02-04","forecast","-0.714837332467151"
"exdqlm_univar_synth","draw_118",1843,"2021-02-05","forecast","-0.974415757696724"
"exdqlm_univar_synth","draw_118",1843,"2021-02-06","forecast","-0.914532169980228"
"exdqlm_univar_synth","draw_118",1843,"2021-02-07","forecast","-0.995030932578904"
"exdqlm_univar_synth","draw_118",1843,"2021-02-08","forecast","-0.678411505435005"
"exdqlm_univar_synth","draw_118",1843,"2021-02-09","forecast","-1.06221452605552"
"exdqlm_univar_synth","draw_118",1843,"2021-02-10","forecast","-0.911294660485155"
"exdqlm_univar_synth","draw_118",1843,"2021-02-11","forecast","-0.632367590126416"
"exdqlm_univar_synth","draw_118",1843,"2021-02-12","forecast","-0.687560082961557"
"exdqlm_univar_synth","draw_118",1843,"2021-02-13","forecast","-1.20778704822493"
"exdqlm_univar_synth","draw_118",1843,"2021-02-14","forecast","-0.832004033265051"
"exdqlm_univar_synth","draw_118",1843,"2021-02-15","forecast","-1.39875057126695"
"exdqlm_univar_synth","draw_118",1843,"2021-02-16","forecast","-0.895313998486750"
"exdqlm_univar_synth","draw_118",1843,"2021-02-17","forecast","-1.26408473447726"
"exdqlm_univar_synth","draw_118",1843,"2021-02-18","forecast","-0.896400835878605"
"exdqlm_univar_synth","draw_118",1843,"2021-02-19","forecast","-0.893118537125517"
"exdqlm_univar_synth","draw_118",1843,"2021-02-20","forecast","-1.09880716084277"
"exdqlm_univar_synth","draw_119",1858,"2021-01-24","forecast","-0.697936782722935"
"exdqlm_univar_synth","draw_119",1858,"2021-01-25","forecast","-0.837812770155901"
"exdqlm_univar_synth","draw_119",1858,"2021-01-26","forecast","-0.734006423157558"
"exdqlm_univar_synth","draw_119",1858,"2021-01-27","forecast","0.571779336689624"
"exdqlm_univar_synth","draw_119",1858,"2021-01-28","forecast","0.681482028186813"
"exdqlm_univar_synth","draw_119",1858,"2021-01-29","forecast","0.982333175106891"
"exdqlm_univar_synth","draw_119",1858,"2021-01-30","forecast","-0.165410030136544"
"exdqlm_univar_synth","draw_119",1858,"2021-01-31","forecast","-0.451094673448641"
"exdqlm_univar_synth","draw_119",1858,"2021-02-01","forecast","-1.02479473676148"
"exdqlm_univar_synth","draw_119",1858,"2021-02-02","forecast","-0.880977682673994"
"exdqlm_univar_synth","draw_119",1858,"2021-02-03","forecast","-0.824014669399584"
"exdqlm_univar_synth","draw_119",1858,"2021-02-04","forecast","-0.781418855856962"
"exdqlm_univar_synth","draw_119",1858,"2021-02-05","forecast","-0.543722947183142"
"exdqlm_univar_synth","draw_119",1858,"2021-02-06","forecast","-0.959922427992102"
"exdqlm_univar_synth","draw_119",1858,"2021-02-07","forecast","-0.993217053164279"
"exdqlm_univar_synth","draw_119",1858,"2021-02-08","forecast","-0.635738874618022"
"exdqlm_univar_synth","draw_119",1858,"2021-02-09","forecast","-1.29453486978910"
"exdqlm_univar_synth","draw_119",1858,"2021-02-10","forecast","-0.856008487509129"
"exdqlm_univar_synth","draw_119",1858,"2021-02-11","forecast","-0.894864953166030"
"exdqlm_univar_synth","draw_119",1858,"2021-02-12","forecast","-0.694435342608932"
"exdqlm_univar_synth","draw_119",1858,"2021-02-13","forecast","-0.855939274468980"
"exdqlm_univar_synth","draw_119",1858,"2021-02-14","forecast","-0.669327720231638"
"exdqlm_univar_synth","draw_119",1858,"2021-02-15","forecast","-0.610632185497293"
"exdqlm_univar_synth","draw_119",1858,"2021-02-16","forecast","-0.582484235390623"
"exdqlm_univar_synth","draw_119",1858,"2021-02-17","forecast","-0.878339718634656"
"exdqlm_univar_synth","draw_119",1858,"2021-02-18","forecast","-0.827200856926977"
"exdqlm_univar_synth","draw_119",1858,"2021-02-19","forecast","-0.899660703763782"
"exdqlm_univar_synth","draw_119",1858,"2021-02-20","forecast","-1.22226944513996"
"exdqlm_univar_synth","draw_120",1874,"2021-01-24","forecast","-0.895865437888678"
"exdqlm_univar_synth","draw_120",1874,"2021-01-25","forecast","-0.387154865135682"
"exdqlm_univar_synth","draw_120",1874,"2021-01-26","forecast","-0.908477966311295"
"exdqlm_univar_synth","draw_120",1874,"2021-01-27","forecast","0.600592090413654"
"exdqlm_univar_synth","draw_120",1874,"2021-01-28","forecast","0.924994516536756"
"exdqlm_univar_synth","draw_120",1874,"2021-01-29","forecast","0.979668905587877"
"exdqlm_univar_synth","draw_120",1874,"2021-01-30","forecast","-0.263860881330096"
"exdqlm_univar_synth","draw_120",1874,"2021-01-31","forecast","-0.379181159288337"
"exdqlm_univar_synth","draw_120",1874,"2021-02-01","forecast","-1.07055166118720"
"exdqlm_univar_synth","draw_120",1874,"2021-02-02","forecast","-0.512893255615337"
"exdqlm_univar_synth","draw_120",1874,"2021-02-03","forecast","-0.676573378789633"
"exdqlm_univar_synth","draw_120",1874,"2021-02-04","forecast","-0.711573881470437"
"exdqlm_univar_synth","draw_120",1874,"2021-02-05","forecast","-0.654227125105096"
"exdqlm_univar_synth","draw_120",1874,"2021-02-06","forecast","-0.916549492651006"
"exdqlm_univar_synth","draw_120",1874,"2021-02-07","forecast","-1.33344438215071"
"exdqlm_univar_synth","draw_120",1874,"2021-02-08","forecast","-0.626140148930594"
"exdqlm_univar_synth","draw_120",1874,"2021-02-09","forecast","-0.988916881054043"
"exdqlm_univar_synth","draw_120",1874,"2021-02-10","forecast","-1.13910122019664"
"exdqlm_univar_synth","draw_120",1874,"2021-02-11","forecast","-1.18705982126772"
"exdqlm_univar_synth","draw_120",1874,"2021-02-12","forecast","-0.956553713852947"
"exdqlm_univar_synth","draw_120",1874,"2021-02-13","forecast","-0.853536913353538"
"exdqlm_univar_synth","draw_120",1874,"2021-02-14","forecast","-0.676354081741434"
"exdqlm_univar_synth","draw_120",1874,"2021-02-15","forecast","-0.917470788253218"
"exdqlm_univar_synth","draw_120",1874,"2021-02-16","forecast","-0.581731930013944"
"exdqlm_univar_synth","draw_120",1874,"2021-02-17","forecast","-0.875010842379821"
"exdqlm_univar_synth","draw_120",1874,"2021-02-18","forecast","-1.05513906289711"
"exdqlm_univar_synth","draw_120",1874,"2021-02-19","forecast","-1.09020135509771"
"exdqlm_univar_synth","draw_120",1874,"2021-02-20","forecast","-0.826740822974145"
"exdqlm_univar_synth","draw_121",1890,"2021-01-24","forecast","-0.987211488185608"
"exdqlm_univar_synth","draw_121",1890,"2021-01-25","forecast","-0.791508480576883"
"exdqlm_univar_synth","draw_121",1890,"2021-01-26","forecast","-0.808116571897326"
"exdqlm_univar_synth","draw_121",1890,"2021-01-27","forecast","0.432746148171879"
"exdqlm_univar_synth","draw_121",1890,"2021-01-28","forecast","0.177104021985540"
"exdqlm_univar_synth","draw_121",1890,"2021-01-29","forecast","1.17389469400569"
"exdqlm_univar_synth","draw_121",1890,"2021-01-30","forecast","-0.308630246216541"
"exdqlm_univar_synth","draw_121",1890,"2021-01-31","forecast","-0.453805102859597"
"exdqlm_univar_synth","draw_121",1890,"2021-02-01","forecast","-0.762675751661510"
"exdqlm_univar_synth","draw_121",1890,"2021-02-02","forecast","-0.555277879678408"
"exdqlm_univar_synth","draw_121",1890,"2021-02-03","forecast","-0.674569009064624"
"exdqlm_univar_synth","draw_121",1890,"2021-02-04","forecast","-0.713498781786802"
"exdqlm_univar_synth","draw_121",1890,"2021-02-05","forecast","-1.05685126485652"
"exdqlm_univar_synth","draw_121",1890,"2021-02-06","forecast","-1.15960666065392"
"exdqlm_univar_synth","draw_121",1890,"2021-02-07","forecast","-0.992725483458406"
"exdqlm_univar_synth","draw_121",1890,"2021-02-08","forecast","-0.950242502124160"
"exdqlm_univar_synth","draw_121",1890,"2021-02-09","forecast","-1.01085331226272"
"exdqlm_univar_synth","draw_121",1890,"2021-02-10","forecast","-0.911743767420008"
"exdqlm_univar_synth","draw_121",1890,"2021-02-11","forecast","-0.636147032678828"
"exdqlm_univar_synth","draw_121",1890,"2021-02-12","forecast","-0.692932446290429"
"exdqlm_univar_synth","draw_121",1890,"2021-02-13","forecast","-0.854225977744321"
"exdqlm_univar_synth","draw_121",1890,"2021-02-14","forecast","-0.644145902797016"
"exdqlm_univar_synth","draw_121",1890,"2021-02-15","forecast","-0.453072390339547"
"exdqlm_univar_synth","draw_121",1890,"2021-02-16","forecast","-0.936324477648180"
"exdqlm_univar_synth","draw_121",1890,"2021-02-17","forecast","-1.09365226887430"
"exdqlm_univar_synth","draw_121",1890,"2021-02-18","forecast","-0.699419145117226"
"exdqlm_univar_synth","draw_121",1890,"2021-02-19","forecast","-1.09746009611866"
"exdqlm_univar_synth","draw_121",1890,"2021-02-20","forecast","-0.864041459785815"
"exdqlm_univar_synth","draw_122",1906,"2021-01-24","forecast","-0.641777121335665"
"exdqlm_univar_synth","draw_122",1906,"2021-01-25","forecast","-1.00083950841187"
"exdqlm_univar_synth","draw_122",1906,"2021-01-26","forecast","-1.08822986954924"
"exdqlm_univar_synth","draw_122",1906,"2021-01-27","forecast","0.579395969991484"
"exdqlm_univar_synth","draw_122",1906,"2021-01-28","forecast","0.838532338539659"
"exdqlm_univar_synth","draw_122",1906,"2021-01-29","forecast","0.525586727374156"
"exdqlm_univar_synth","draw_122",1906,"2021-01-30","forecast","-0.193566479352996"
"exdqlm_univar_synth","draw_122",1906,"2021-01-31","forecast","-0.304704637456588"
"exdqlm_univar_synth","draw_122",1906,"2021-02-01","forecast","-0.617732035300467"
"exdqlm_univar_synth","draw_122",1906,"2021-02-02","forecast","-0.560843257873923"
"exdqlm_univar_synth","draw_122",1906,"2021-02-03","forecast","-0.939950922536678"
"exdqlm_univar_synth","draw_122",1906,"2021-02-04","forecast","-1.17958041180000"
"exdqlm_univar_synth","draw_122",1906,"2021-02-05","forecast","-0.926698218834144"
"exdqlm_univar_synth","draw_122",1906,"2021-02-06","forecast","-0.934594038728512"
"exdqlm_univar_synth","draw_122",1906,"2021-02-07","forecast","-0.993534271091934"
"exdqlm_univar_synth","draw_122",1906,"2021-02-08","forecast","-1.30876582882657"
"exdqlm_univar_synth","draw_122",1906,"2021-02-09","forecast","-0.988365498408755"
"exdqlm_univar_synth","draw_122",1906,"2021-02-10","forecast","-1.01034067791155"
"exdqlm_univar_synth","draw_122",1906,"2021-02-11","forecast","-0.909867607328095"
"exdqlm_univar_synth","draw_122",1906,"2021-02-12","forecast","-0.724546904377469"
"exdqlm_univar_synth","draw_122",1906,"2021-02-13","forecast","-0.857534481892359"
"exdqlm_univar_synth","draw_122",1906,"2021-02-14","forecast","-0.671146186042232"
"exdqlm_univar_synth","draw_122",1906,"2021-02-15","forecast","-0.782531398720636"
"exdqlm_univar_synth","draw_122",1906,"2021-02-16","forecast","-0.586460765611086"
"exdqlm_univar_synth","draw_122",1906,"2021-02-17","forecast","-1.28290036516535"
"exdqlm_univar_synth","draw_122",1906,"2021-02-18","forecast","-0.801570589049439"
"exdqlm_univar_synth","draw_122",1906,"2021-02-19","forecast","-0.895397721444848"
"exdqlm_univar_synth","draw_122",1906,"2021-02-20","forecast","-0.820532466090733"
"exdqlm_univar_synth","draw_123",1921,"2021-01-24","forecast","-0.664921994070985"
"exdqlm_univar_synth","draw_123",1921,"2021-01-25","forecast","-0.809127081233993"
"exdqlm_univar_synth","draw_123",1921,"2021-01-26","forecast","-0.874126123619482"
"exdqlm_univar_synth","draw_123",1921,"2021-01-27","forecast","0.121642456821239"
"exdqlm_univar_synth","draw_123",1921,"2021-01-28","forecast","1.06004761128879"
"exdqlm_univar_synth","draw_123",1921,"2021-01-29","forecast","0.795190763291110"
"exdqlm_univar_synth","draw_123",1921,"2021-01-30","forecast","-0.295385732636015"
"exdqlm_univar_synth","draw_123",1921,"2021-01-31","forecast","-0.343391359366499"
"exdqlm_univar_synth","draw_123",1921,"2021-02-01","forecast","-0.998234821720746"
"exdqlm_univar_synth","draw_123",1921,"2021-02-02","forecast","-0.700367217817607"
"exdqlm_univar_synth","draw_123",1921,"2021-02-03","forecast","-0.687550394644297"
"exdqlm_univar_synth","draw_123",1921,"2021-02-04","forecast","-1.00950807382465"
"exdqlm_univar_synth","draw_123",1921,"2021-02-05","forecast","-0.588308125487570"
"exdqlm_univar_synth","draw_123",1921,"2021-02-06","forecast","-0.915372143726497"
"exdqlm_univar_synth","draw_123",1921,"2021-02-07","forecast","-1.14889006518340"
"exdqlm_univar_synth","draw_123",1921,"2021-02-08","forecast","-0.713026416180229"
"exdqlm_univar_synth","draw_123",1921,"2021-02-09","forecast","-1.20410577650966"
"exdqlm_univar_synth","draw_123",1921,"2021-02-10","forecast","-0.562129108722095"
"exdqlm_univar_synth","draw_123",1921,"2021-02-11","forecast","-0.549171101323204"
"exdqlm_univar_synth","draw_123",1921,"2021-02-12","forecast","-0.760210089102141"
"exdqlm_univar_synth","draw_123",1921,"2021-02-13","forecast","-0.849279751210007"
"exdqlm_univar_synth","draw_123",1921,"2021-02-14","forecast","-0.828780330902038"
"exdqlm_univar_synth","draw_123",1921,"2021-02-15","forecast","-0.998583243589350"
"exdqlm_univar_synth","draw_123",1921,"2021-02-16","forecast","-0.607159520404135"
"exdqlm_univar_synth","draw_123",1921,"2021-02-17","forecast","-0.874540065153126"
"exdqlm_univar_synth","draw_123",1921,"2021-02-18","forecast","-0.828738653474927"
"exdqlm_univar_synth","draw_123",1921,"2021-02-19","forecast","-1.59136280341176"
"exdqlm_univar_synth","draw_123",1921,"2021-02-20","forecast","-1.11590620020186"
"exdqlm_univar_synth","draw_124",1937,"2021-01-24","forecast","-0.905858038305241"
"exdqlm_univar_synth","draw_124",1937,"2021-01-25","forecast","-0.644985422499838"
"exdqlm_univar_synth","draw_124",1937,"2021-01-26","forecast","-0.674970997433727"
"exdqlm_univar_synth","draw_124",1937,"2021-01-27","forecast","0.0444432237493407"
"exdqlm_univar_synth","draw_124",1937,"2021-01-28","forecast","1.03636099329193"
"exdqlm_univar_synth","draw_124",1937,"2021-01-29","forecast","0.981133062831401"
"exdqlm_univar_synth","draw_124",1937,"2021-01-30","forecast","-0.432522074714920"
"exdqlm_univar_synth","draw_124",1937,"2021-01-31","forecast","-0.562102741055573"
"exdqlm_univar_synth","draw_124",1937,"2021-02-01","forecast","-0.660387536494892"
"exdqlm_univar_synth","draw_124",1937,"2021-02-02","forecast","-0.493718379772574"
"exdqlm_univar_synth","draw_124",1937,"2021-02-03","forecast","-0.676619742532668"
"exdqlm_univar_synth","draw_124",1937,"2021-02-04","forecast","-0.712825503686751"
"exdqlm_univar_synth","draw_124",1937,"2021-02-05","forecast","-1.04515807596460"
"exdqlm_univar_synth","draw_124",1937,"2021-02-06","forecast","-0.897935011577886"
"exdqlm_univar_synth","draw_124",1937,"2021-02-07","forecast","-0.996001349709802"
"exdqlm_univar_synth","draw_124",1937,"2021-02-08","forecast","-0.679682360615007"
"exdqlm_univar_synth","draw_124",1937,"2021-02-09","forecast","-0.991833932695993"
"exdqlm_univar_synth","draw_124",1937,"2021-02-10","forecast","-0.846793440401347"
"exdqlm_univar_synth","draw_124",1937,"2021-02-11","forecast","-0.242541090169143"
"exdqlm_univar_synth","draw_124",1937,"2021-02-12","forecast","-1.20188720883574"
"exdqlm_univar_synth","draw_124",1937,"2021-02-13","forecast","-1.22598467831062"
"exdqlm_univar_synth","draw_124",1937,"2021-02-14","forecast","-1.29598920745329"
"exdqlm_univar_synth","draw_124",1937,"2021-02-15","forecast","-0.631911384339677"
"exdqlm_univar_synth","draw_124",1937,"2021-02-16","forecast","-0.577828240356504"
"exdqlm_univar_synth","draw_124",1937,"2021-02-17","forecast","-1.32748129887942"
"exdqlm_univar_synth","draw_124",1937,"2021-02-18","forecast","-0.877128387341834"
"exdqlm_univar_synth","draw_124",1937,"2021-02-19","forecast","-1.17325146931258"
"exdqlm_univar_synth","draw_124",1937,"2021-02-20","forecast","-1.06870640615916"
"exdqlm_univar_synth","draw_125",1953,"2021-01-24","forecast","-0.781747985729170"
"exdqlm_univar_synth","draw_125",1953,"2021-01-25","forecast","-0.460883026365484"
"exdqlm_univar_synth","draw_125",1953,"2021-01-26","forecast","-0.963850236028013"
"exdqlm_univar_synth","draw_125",1953,"2021-01-27","forecast","-0.341530384467461"
"exdqlm_univar_synth","draw_125",1953,"2021-01-28","forecast","0.850501339659982"
"exdqlm_univar_synth","draw_125",1953,"2021-01-29","forecast","0.598500835240198"
"exdqlm_univar_synth","draw_125",1953,"2021-01-30","forecast","-0.193580770788366"
"exdqlm_univar_synth","draw_125",1953,"2021-01-31","forecast","-0.450114071835307"
"exdqlm_univar_synth","draw_125",1953,"2021-02-01","forecast","-0.981712389673933"
"exdqlm_univar_synth","draw_125",1953,"2021-02-02","forecast","-0.572520584734650"
"exdqlm_univar_synth","draw_125",1953,"2021-02-03","forecast","-0.585412724751771"
"exdqlm_univar_synth","draw_125",1953,"2021-02-04","forecast","-0.978276721702547"
"exdqlm_univar_synth","draw_125",1953,"2021-02-05","forecast","-0.618901415279847"
"exdqlm_univar_synth","draw_125",1953,"2021-02-06","forecast","-0.916442616645056"
"exdqlm_univar_synth","draw_125",1953,"2021-02-07","forecast","-1.21781166502062"
"exdqlm_univar_synth","draw_125",1953,"2021-02-08","forecast","-0.811642985770612"
"exdqlm_univar_synth","draw_125",1953,"2021-02-09","forecast","-1.24418952991541"
"exdqlm_univar_synth","draw_125",1953,"2021-02-10","forecast","-0.549596350171436"
"exdqlm_univar_synth","draw_125",1953,"2021-02-11","forecast","-1.07282043079248"
"exdqlm_univar_synth","draw_125",1953,"2021-02-12","forecast","-1.43539640420252"
"exdqlm_univar_synth","draw_125",1953,"2021-02-13","forecast","-0.853784116458705"
"exdqlm_univar_synth","draw_125",1953,"2021-02-14","forecast","-0.960467565534379"
"exdqlm_univar_synth","draw_125",1953,"2021-02-15","forecast","-0.887891729047307"
"exdqlm_univar_synth","draw_125",1953,"2021-02-16","forecast","-0.729965796025715"
"exdqlm_univar_synth","draw_125",1953,"2021-02-17","forecast","-0.874907977263740"
"exdqlm_univar_synth","draw_125",1953,"2021-02-18","forecast","-0.826789568084621"
"exdqlm_univar_synth","draw_125",1953,"2021-02-19","forecast","-0.892583174096574"
"exdqlm_univar_synth","draw_125",1953,"2021-02-20","forecast","-0.822714402098409"
"exdqlm_univar_synth","draw_126",1969,"2021-01-24","forecast","-0.603138418906212"
"exdqlm_univar_synth","draw_126",1969,"2021-01-25","forecast","-0.807357344379723"
"exdqlm_univar_synth","draw_126",1969,"2021-01-26","forecast","-0.872988963109226"
"exdqlm_univar_synth","draw_126",1969,"2021-01-27","forecast","0.134028158365184"
"exdqlm_univar_synth","draw_126",1969,"2021-01-28","forecast","0.766098081445384"
"exdqlm_univar_synth","draw_126",1969,"2021-01-29","forecast","0.979243284265440"
"exdqlm_univar_synth","draw_126",1969,"2021-01-30","forecast","-0.197687704335647"
"exdqlm_univar_synth","draw_126",1969,"2021-01-31","forecast","-0.453535269308632"
"exdqlm_univar_synth","draw_126",1969,"2021-02-01","forecast","-1.04352285586434"
"exdqlm_univar_synth","draw_126",1969,"2021-02-02","forecast","-0.866676785866321"
"exdqlm_univar_synth","draw_126",1969,"2021-02-03","forecast","-1.01123508584523"
"exdqlm_univar_synth","draw_126",1969,"2021-02-04","forecast","-0.953838959644810"
"exdqlm_univar_synth","draw_126",1969,"2021-02-05","forecast","-0.887450302307018"
"exdqlm_univar_synth","draw_126",1969,"2021-02-06","forecast","-0.914707306458346"
"exdqlm_univar_synth","draw_126",1969,"2021-02-07","forecast","-1.24578233895766"
"exdqlm_univar_synth","draw_126",1969,"2021-02-08","forecast","-0.663916365418929"
"exdqlm_univar_synth","draw_126",1969,"2021-02-09","forecast","-0.998564809960286"
"exdqlm_univar_synth","draw_126",1969,"2021-02-10","forecast","-1.25825291138925"
"exdqlm_univar_synth","draw_126",1969,"2021-02-11","forecast","-0.740928698774380"
"exdqlm_univar_synth","draw_126",1969,"2021-02-12","forecast","-1.12987527802068"
"exdqlm_univar_synth","draw_126",1969,"2021-02-13","forecast","-0.848885272107403"
"exdqlm_univar_synth","draw_126",1969,"2021-02-14","forecast","-0.674366949278066"
"exdqlm_univar_synth","draw_126",1969,"2021-02-15","forecast","-0.632327336990299"
"exdqlm_univar_synth","draw_126",1969,"2021-02-16","forecast","-0.747544882741484"
"exdqlm_univar_synth","draw_126",1969,"2021-02-17","forecast","-1.10222526119056"
"exdqlm_univar_synth","draw_126",1969,"2021-02-18","forecast","-0.824258495201471"
"exdqlm_univar_synth","draw_126",1969,"2021-02-19","forecast","-0.897679252936882"
"exdqlm_univar_synth","draw_126",1969,"2021-02-20","forecast","-1.22315751005884"
"exdqlm_univar_synth","draw_127",1984,"2021-01-24","forecast","-0.665417191640490"
"exdqlm_univar_synth","draw_127",1984,"2021-01-25","forecast","-0.848139798519213"
"exdqlm_univar_synth","draw_127",1984,"2021-01-26","forecast","-0.655582332841380"
"exdqlm_univar_synth","draw_127",1984,"2021-01-27","forecast","0.435102378270888"
"exdqlm_univar_synth","draw_127",1984,"2021-01-28","forecast","1.02725067614669"
"exdqlm_univar_synth","draw_127",1984,"2021-01-29","forecast","0.766120732698833"
"exdqlm_univar_synth","draw_127",1984,"2021-01-30","forecast","-0.164167262310346"
"exdqlm_univar_synth","draw_127",1984,"2021-01-31","forecast","-0.638017249010336"
"exdqlm_univar_synth","draw_127",1984,"2021-02-01","forecast","-0.862461941893761"
"exdqlm_univar_synth","draw_127",1984,"2021-02-02","forecast","-0.880035342343222"
"exdqlm_univar_synth","draw_127",1984,"2021-02-03","forecast","-1.04870547846413"
"exdqlm_univar_synth","draw_127",1984,"2021-02-04","forecast","-1.00450103359449"
"exdqlm_univar_synth","draw_127",1984,"2021-02-05","forecast","-1.02213985310419"
"exdqlm_univar_synth","draw_127",1984,"2021-02-06","forecast","-1.16092766251415"
"exdqlm_univar_synth","draw_127",1984,"2021-02-07","forecast","-1.41109859822047"
"exdqlm_univar_synth","draw_127",1984,"2021-02-08","forecast","-0.857809006920491"
"exdqlm_univar_synth","draw_127",1984,"2021-02-09","forecast","-0.990352236455756"
"exdqlm_univar_synth","draw_127",1984,"2021-02-10","forecast","-1.20584694321590"
"exdqlm_univar_synth","draw_127",1984,"2021-02-11","forecast","-0.634414913943402"
"exdqlm_univar_synth","draw_127",1984,"2021-02-12","forecast","-0.724764399078284"
"exdqlm_univar_synth","draw_127",1984,"2021-02-13","forecast","-0.856829106070855"
"exdqlm_univar_synth","draw_127",1984,"2021-02-14","forecast","-0.671997147475142"
"exdqlm_univar_synth","draw_127",1984,"2021-02-15","forecast","-0.706500714645505"
"exdqlm_univar_synth","draw_127",1984,"2021-02-16","forecast","-0.582635767929031"
"exdqlm_univar_synth","draw_127",1984,"2021-02-17","forecast","-1.15257314010249"
"exdqlm_univar_synth","draw_127",1984,"2021-02-18","forecast","-0.761833640423693"
"exdqlm_univar_synth","draw_127",1984,"2021-02-19","forecast","-0.887650207294809"
"exdqlm_univar_synth","draw_127",1984,"2021-02-20","forecast","-0.824021795241282"
"exdqlm_univar_synth","draw_128",2000,"2021-01-24","forecast","-0.715687407669914"
"exdqlm_univar_synth","draw_128",2000,"2021-01-25","forecast","-0.520715959091451"
"exdqlm_univar_synth","draw_128",2000,"2021-01-26","forecast","-0.658302364542414"
"exdqlm_univar_synth","draw_128",2000,"2021-01-27","forecast","0.0809576330985079"
"exdqlm_univar_synth","draw_128",2000,"2021-01-28","forecast","0.144737517948464"
"exdqlm_univar_synth","draw_128",2000,"2021-01-29","forecast","0.907562397765293"
"exdqlm_univar_synth","draw_128",2000,"2021-01-30","forecast","-0.197657106406970"
"exdqlm_univar_synth","draw_128",2000,"2021-01-31","forecast","-0.810018340087588"
"exdqlm_univar_synth","draw_128",2000,"2021-02-01","forecast","-1.09970652366807"
"exdqlm_univar_synth","draw_128",2000,"2021-02-02","forecast","-0.622298513649129"
"exdqlm_univar_synth","draw_128",2000,"2021-02-03","forecast","-0.638987713348903"
"exdqlm_univar_synth","draw_128",2000,"2021-02-04","forecast","-0.987727306618732"
"exdqlm_univar_synth","draw_128",2000,"2021-02-05","forecast","-0.649416452931328"
"exdqlm_univar_synth","draw_128",2000,"2021-02-06","forecast","-0.918068880515009"
"exdqlm_univar_synth","draw_128",2000,"2021-02-07","forecast","-1.00891033246887"
"exdqlm_univar_synth","draw_128",2000,"2021-02-08","forecast","-0.919580879363020"
"exdqlm_univar_synth","draw_128",2000,"2021-02-09","forecast","-1.31595122171274"
"exdqlm_univar_synth","draw_128",2000,"2021-02-10","forecast","-0.579330113576066"
"exdqlm_univar_synth","draw_128",2000,"2021-02-11","forecast","-0.557189070705287"
"exdqlm_univar_synth","draw_128",2000,"2021-02-12","forecast","-1.20868976619793"
"exdqlm_univar_synth","draw_128",2000,"2021-02-13","forecast","-0.794584513650401"
"exdqlm_univar_synth","draw_128",2000,"2021-02-14","forecast","-0.671434963684228"
"exdqlm_univar_synth","draw_128",2000,"2021-02-15","forecast","-0.836156503943702"
"exdqlm_univar_synth","draw_128",2000,"2021-02-16","forecast","-0.577911821332810"
"exdqlm_univar_synth","draw_128",2000,"2021-02-17","forecast","-0.877336132358185"
"exdqlm_univar_synth","draw_128",2000,"2021-02-18","forecast","-0.826818687630883"
"exdqlm_univar_synth","draw_128",2000,"2021-02-19","forecast","-1.44292739752570"
"exdqlm_univar_synth","draw_128",2000,"2021-02-20","forecast","-1.00260143106719"
