"model_id","draw_id","sample_index","date","segment","value"
"exdqlm_univar_synth","draw_001",1,"2021-12-03","history","-0.353785445259910"
"exdqlm_univar_synth","draw_001",1,"2021-12-04","history","-0.662920915066062"
"exdqlm_univar_synth","draw_001",1,"2021-12-05","history","-0.472869980409003"
"exdqlm_univar_synth","draw_001",1,"2021-12-06","history","-0.801438255813166"
"exdqlm_univar_synth","draw_001",1,"2021-12-07","history","-0.686423140829659"
"exdqlm_univar_synth","draw_001",1,"2021-12-08","history","-0.699436798756423"
"exdqlm_univar_synth","draw_001",1,"2021-12-09","history","-0.646699122584198"
"exdqlm_univar_synth","draw_001",1,"2021-12-10","history","-0.479704358219438"
"exdqlm_univar_synth","draw_001",1,"2021-12-11","history","-0.735488276952977"
"exdqlm_univar_synth","draw_001",1,"2021-12-12","history","-0.697460305769249"
"exdqlm_univar_synth","draw_001",1,"2021-12-13","history","1.52934179874827"
"exdqlm_univar_synth","draw_001",1,"2021-12-14","history","1.65036467083162"
"exdqlm_univar_synth","draw_001",1,"2021-12-15","history","1.22688682581459"
"exdqlm_univar_synth","draw_001",1,"2021-12-16","history","1.28147361055934"
"exdqlm_univar_synth","draw_001",1,"2021-12-17","history","0.406419154132364"
"exdqlm_univar_synth","draw_001",1,"2021-12-18","history","0.329727216962391"
"exdqlm_univar_synth","draw_001",1,"2021-12-19","history","-0.117600153952540"
"exdqlm_univar_synth","draw_001",1,"2021-12-20","history","0.147766857808410"
"exdqlm_univar_synth","draw_001",1,"2021-12-21","history","-0.000904646433161905"
"exdqlm_univar_synth","draw_002",17,"2021-12-03","history","-0.762750815001706"
"exdqlm_univar_synth","draw_002",17,"2021-12-04","history","-0.632557661354901"
"exdqlm_univar_synth","draw_002",17,"2021-12-05","history","-0.621837891439124"
"exdqlm_univar_synth","draw_002",17,"2021-12-06","history","-0.732508055039377"
"exdqlm_univar_synth","draw_002",17,"2021-12-07","history","-0.377130820405918"
"exdqlm_univar_synth","draw_002",17,"2021-12-08","history","-0.324924184421926"
"exdqlm_univar_synth","draw_002",17,"2021-12-09","history","-0.201742180472696"
"exdqlm_univar_synth","draw_002",17,"2021-12-10","history","-0.791377042113812"
"exdqlm_univar_synth","draw_002",17,"2021-12-11","history","-0.704389953678234"
"exdqlm_univar_synth","draw_002",17,"2021-12-12","history","-0.666131793035456"
"exdqlm_univar_synth","draw_002",17,"2021-12-13","history","0.450431939952874"
"exdqlm_univar_synth","draw_002",17,"2021-12-14","history","1.08354270159051"
"exdqlm_univar_synth","draw_002",17,"2021-12-15","history","0.742251903746476"
"exdqlm_univar_synth","draw_002",17,"2021-12-16","history","0.912103237075476"
"exdqlm_univar_synth","draw_002",17,"2021-12-17","history","0.480428963645165"
"exdqlm_univar_synth","draw_002",17,"2021-12-18","history","0.111969486335602"
"exdqlm_univar_synth","draw_002",17,"2021-12-19","history","0.118425175858470"
"exdqlm_univar_synth","draw_002",17,"2021-12-20","history","-0.0285080581809507"
"exdqlm_univar_synth","draw_002",17,"2021-12-21","history","-0.0262998068389620"
"exdqlm_univar_synth","draw_003",32,"2021-12-03","history","-0.780314681772374"
"exdqlm_univar_synth","draw_003",32,"2021-12-04","history","-0.0807775424112426"
"exdqlm_univar_synth","draw_003",32,"2021-12-05","history","-0.574158322307877"
"exdqlm_univar_synth","draw_003",32,"2021-12-06","history","-0.606426040513845"
"exdqlm_univar_synth","draw_003",32,"2021-12-07","history","-0.517959256509956"
"exdqlm_univar_synth","draw_003",32,"2021-12-08","history","-0.182249088378236"
"exdqlm_univar_synth","draw_003",32,"2021-12-09","history","-0.662463587444133"
"exdqlm_univar_synth","draw_003",32,"2021-12-10","history","-0.582540533850244"
"exdqlm_univar_synth","draw_003",32,"2021-12-11","history","-0.749265047004182"
"exdqlm_univar_synth","draw_003",32,"2021-12-12","history","-0.774671725965656"
"exdqlm_univar_synth","draw_003",32,"2021-12-13","history","0.770277059968207"
"exdqlm_univar_synth","draw_003",32,"2021-12-14","history","1.88989550691802"
"exdqlm_univar_synth","draw_003",32,"2021-12-15","history","1.22637206539820"
"exdqlm_univar_synth","draw_003",32,"2021-12-16","history","1.40442688501895"
"exdqlm_univar_synth","draw_003",32,"2021-12-17","history","0.247971421539329"
"exdqlm_univar_synth","draw_003",32,"2021-12-18","history","0.406273749752550"
"exdqlm_univar_synth","draw_003",32,"2021-12-19","history","0.300932651302099"
"exdqlm_univar_synth","draw_003",32,"2021-12-20","history","0.116333262184079"
"exdqlm_univar_synth","draw_003",32,"2021-12-21","history","-0.132516881024463"
"exdqlm_univar_synth","draw_004",48,"2021-12-03","history","-0.768288780614315"
"exdqlm_univar_synth","draw_004",48,"2021-12-04","history","-0.724735055658647"
"exdqlm_univar_synth","draw_004",48,"2021-12-05","history","-0.667048003794316"
"exdqlm_univar_synth","draw_004",48,"2021-12-06","history","-0.373346438586603"
"exdqlm_univar_synth","draw_004",48,"2021-12-07","history","-0.344537368126536"
"exdqlm_univar_synth","draw_004",48,"2021-12-08","history","-0.624246265493163"
"exdqlm_univar_synth","draw_004",48,"2021-12-09","history","-0.574962698111717"
"exdqlm_univar_synth","draw_004",48,"2021-12-10","history","-0.344490606410154"
"exdqlm_univar_synth","draw_004",48,"2021-12-11","history","-0.626149205918626"
"exdqlm_univar_synth","draw_004",48,"2021-12-12","history","-0.854272513013829"
"exdqlm_univar_synth","draw_004",48,"2021-12-13","history","1.10412867713787"
"exdqlm_univar_synth","draw_004",48,"2021-12-14","history","1.88059293448930"
"exdqlm_univar_synth","draw_004",48,"2021-12-15","history","0.896532570539248"
"exdqlm_univar_synth","draw_004",48,"2021-12-16","history","1.44553983281412"
"exdqlm_univar_synth","draw_004",48,"2021-12-17","history","0.107110939638637"
"exdqlm_univar_synth","draw_004",48,"2021-12-18","history","0.443324954693113"
"exdqlm_univar_synth","draw_004",48,"2021-12-19","history","0.384645920556503"
"exdqlm_univar_synth","draw_004",48,"2021-12-20","history","0.349250292547187"
"exdqlm_univar_synth","draw_004",48,"2021-12-21","history","-0.170587899231297"
"exdqlm_univar_synth","draw_005",64,"2021-12-03","history","-0.598290488006628"
"exdqlm_univar_synth","draw_005",64,"2021-12-04","history","-0.228295515906292"
"exdqlm_univar_synth","draw_005",64,"2021-12-05","history","-0.616480088983902"
"exdqlm_univar_synth","draw_005",64,"2021-12-06","history","-0.409222823553432"
"exdqlm_univar_synth","draw_005",64,"2021-12-07","history","-0.477605334475556"
"exdqlm_univar_synth","draw_005",64,"2021-12-08","history","-0.558397654837723"
"exdqlm_univar_synth","draw_005",64,"2021-12-09","history","-0.555508051709292"
"exdqlm_univar_synth","draw_005",64,"2021-12-10","history","-0.562467927304759"
"exdqlm_univar_synth","draw_005",64,"2021-12-11","history","-0.518967673115874"
"exdqlm_univar_synth","draw_005",64,"2021-12-12","history","-0.393028065342889"
"exdqlm_univar_synth","draw_005",64,"2021-12-13","history","1.04155671964770"
"exdqlm_univar_synth","draw_005",64,"2021-12-14","history","1.56882365974076"
"exdqlm_univar_synth","draw_005",64,"2021-12-15","history","0.603428927295775"
"exdqlm_univar_synth","draw_005",64,"2021-12-16","history","1.24116758809970"
"exdqlm_univar_synth","draw_005",64,"2021-12-17","history","0.708110055757821"
"exdqlm_univar_synth","draw_005",64,"2021-12-18","history","0.0707679255603448"
"exdqlm_univar_synth","draw_005",64,"2021-12-19","history","0.0215093453198987"
"exdqlm_univar_synth","draw_005",64,"2021-12-20","history","-0.0931494433282692"
"exdqlm_univar_synth","draw_005",64,"2021-12-21","history","-0.100481052086757"
"exdqlm_univar_synth","draw_006",80,"2021-12-03","history","-0.466044950969240"
"exdqlm_univar_synth","draw_006",80,"2021-12-04","history","-0.757919608911323"
"exdqlm_univar_synth","draw_006",80,"2021-12-05","history","-0.721287696790543"
"exdqlm_univar_synth","draw_006",80,"2021-12-06","history","-0.972864956626966"
"exdqlm_univar_synth","draw_006",80,"2021-12-07","history","-0.724639840863069"
"exdqlm_univar_synth","draw_006",80,"2021-12-08","history","-0.560962628342864"
"exdqlm_univar_synth","draw_006",80,"2021-12-09","history","-0.469983896975218"
"exdqlm_univar_synth","draw_006",80,"2021-12-10","history","-0.634691900042526"
"exdqlm_univar_synth","draw_006",80,"2021-12-11","history","-0.593860370436778"
"exdqlm_univar_synth","draw_006",80,"2021-12-12","history","-0.759931175839089"
"exdqlm_univar_synth","draw_006",80,"2021-12-13","history","1.50669310957593"
"exdqlm_univar_synth","draw_006",80,"2021-12-14","history","1.77095189646411"
"exdqlm_univar_synth","draw_006",80,"2021-12-15","history","0.988443269100378"
"exdqlm_univar_synth","draw_006",80,"2021-12-16","history","1.41495863715381"
"exdqlm_univar_synth","draw_006",80,"2021-12-17","history","0.362532816342778"
"exdqlm_univar_synth","draw_006",80,"2021-12-18","history","0.288955951454569"
"exdqlm_univar_synth","draw_006",80,"2021-12-19","history","0.0842050415922604"
"exdqlm_univar_synth","draw_006",80,"2021-12-20","history","-0.000401055472096410"
"exdqlm_univar_synth","draw_006",80,"2021-12-21","history","0.0136518097623721"
"exdqlm_univar_synth","draw_007",95,"2021-12-03","history","-0.649215256476509"
"exdqlm_univar_synth","draw_007",95,"2021-12-04","history","-0.822476461793482"
"exdqlm_univar_synth","draw_007",95,"2021-12-05","history","-0.649489402951362"
"exdqlm_univar_synth","draw_007",95,"2021-12-06","history","-0.685141059402172"
"exdqlm_univar_synth","draw_007",95,"2021-12-07","history","-0.690735683007601"
"exdqlm_univar_synth","draw_007",95,"2021-12-08","history","-0.418240337834931"
"exdqlm_univar_synth","draw_007",95,"2021-12-09","history","-0.691810098264680"
"exdqlm_univar_synth","draw_007",95,"2021-12-10","history","-0.539084561795269"
"exdqlm_univar_synth","draw_007",95,"2021-12-11","history","-0.538284912689198"
"exdqlm_univar_synth","draw_007",95,"2021-12-12","history","-0.777866426846891"
"exdqlm_univar_synth","draw_007",95,"2021-12-13","history","1.10441327141527"
"exdqlm_univar_synth","draw_007",95,"2021-12-14","history","1.09446673835065"
"exdqlm_univar_synth","draw_007",95,"2021-12-15","history","0.666906083384727"
"exdqlm_univar_synth","draw_007",95,"2021-12-16","history","1.13133350103315"
"exdqlm_univar_synth","draw_007",95,"2021-12-17","history","0.693339533307153"
"exdqlm_univar_synth","draw_007",95,"2021-12-18","history","0.621745761160656"
"exdqlm_univar_synth","draw_007",95,"2021-12-19","history","0.292778888860974"
"exdqlm_univar_synth","draw_007",95,"2021-12-20","history","0.220247331767389"
"exdqlm_univar_synth","draw_007",95,"2021-12-21","history","-0.178989595015173"
"exdqlm_univar_synth","draw_008",111,"2021-12-03","history","-0.655083635963077"
"exdqlm_univar_synth","draw_008",111,"2021-12-04","history","-0.723223745485386"
"exdqlm_univar_synth","draw_008",111,"2021-12-05","history","-0.608498242263351"
"exdqlm_univar_synth","draw_008",111,"2021-12-06","history","-0.515565345224157"
"exdqlm_univar_synth","draw_008",111,"2021-12-07","history","-0.473650206089996"
"exdqlm_univar_synth","draw_008",111,"2021-12-08","history","-0.549406227898498"
"exdqlm_univar_synth","draw_008",111,"2021-12-09","history","-0.379881274307112"
"exdqlm_univar_synth","draw_008",111,"2021-12-10","history","-0.411501156113642"
"exdqlm_univar_synth","draw_008",111,"2021-12-11","history","-0.546655216679490"
"exdqlm_univar_synth","draw_008",111,"2021-12-12","history","-0.899057234408535"
"exdqlm_univar_synth","draw_008",111,"2021-12-13","history","1.35099305459169"
"exdqlm_univar_synth","draw_008",111,"2021-12-14","history","1.15758512549517"
"exdqlm_univar_synth","draw_008",111,"2021-12-15","history","1.22347744716360"
"exdqlm_univar_synth","draw_008",111,"2021-12-16","history","1.09100995155148"
"exdqlm_univar_synth","draw_008",111,"2021-12-17","history","0.614823399993657"
"exdqlm_univar_synth","draw_008",111,"2021-12-18","history","0.400579020859051"
"exdqlm_univar_synth","draw_008",111,"2021-12-19","history","-0.0341878889716172"
"exdqlm_univar_synth","draw_008",111,"2021-12-20","history","-0.147782253938687"
"exdqlm_univar_synth","draw_008",111,"2021-12-21","history","-0.0507476753755290"
"exdqlm_univar_synth","draw_009",127,"2021-12-03","history","-0.315640821110303"
"exdqlm_univar_synth","draw_009",127,"2021-12-04","history","-0.528214842019554"
"exdqlm_univar_synth","draw_009",127,"2021-12-05","history","-0.804074012155764"
"exdqlm_univar_synth","draw_009",127,"2021-12-06","history","-0.657357711501511"
"exdqlm_univar_synth","draw_009",127,"2021-12-07","history","-0.477273291524271"
"exdqlm_univar_synth","draw_009",127,"2021-12-08","history","-0.197579700423127"
"exdqlm_univar_synth","draw_009",127,"2021-12-09","history","-0.455293754940178"
"exdqlm_univar_synth","draw_009",127,"2021-12-10","history","0"
"exdqlm_univar_synth","draw_009",127,"2021-12-11","history","-0.457564505521029"
"exdqlm_univar_synth","draw_009",127,"2021-12-12","history","-0.944537384961650"
"exdqlm_univar_synth","draw_009",127,"2021-12-13","history","1.07324108294629"
"exdqlm_univar_synth","draw_009",127,"2021-12-14","history","1.44803198914844"
"exdqlm_univar_synth","draw_009",127,"2021-12-15","history","0.856550215599181"
"exdqlm_univar_synth","draw_009",127,"2021-12-16","history","0.946117526453572"
"exdqlm_univar_synth","draw_009",127,"2021-12-17","history","0.266422908916434"
"exdqlm_univar_synth","draw_009",127,"2021-12-18","history","0.402441105257752"
"exdqlm_univar_synth","draw_009",127,"2021-12-19","history","0.0259433085361016"
"exdqlm_univar_synth","draw_009",127,"2021-12-20","history","-0.0863617951096043"
"exdqlm_univar_synth","draw_009",127,"2021-12-21","history","0.129090280917497"
"exdqlm_univar_synth","draw_010",143,"2021-12-03","history","-0.548595858282371"
"exdqlm_univar_synth","draw_010",143,"2021-12-04","history","-0.727650678260351"
"exdqlm_univar_synth","draw_010",143,"2021-12-05","history","-0.576675662541357"
"exdqlm_univar_synth","draw_010",143,"2021-12-06","history","-0.693271988289861"
"exdqlm_univar_synth","draw_010",143,"2021-12-07","history","-0.470550241206542"
"exdqlm_univar_synth","draw_010",143,"2021-12-08","history","-0.0000349863306704336"
"exdqlm_univar_synth","draw_010",143,"2021-12-09","history","-0.725687194360375"
"exdqlm_univar_synth","draw_010",143,"2021-12-10","history","-0.297886227825492"
"exdqlm_univar_synth","draw_010",143,"2021-12-11","history","-0.656401297564740"
"exdqlm_univar_synth","draw_010",143,"2021-12-12","history","-0.684892469594526"
"exdqlm_univar_synth","draw_010",143,"2021-12-13","history","1.17632497979020"
"exdqlm_univar_synth","draw_010",143,"2021-12-14","history","1.39278611081452"
"exdqlm_univar_synth","draw_010",143,"2021-12-15","history","1.08779577825180"
"exdqlm_univar_synth","draw_010",143,"2021-12-16","history","0.882056480792274"
"exdqlm_univar_synth","draw_010",143,"2021-12-17","history","0.592282517866217"
"exdqlm_univar_synth","draw_010",143,"2021-12-18","history","0.187608426886359"
"exdqlm_univar_synth","draw_010",143,"2021-12-19","history","0.210376609337767"
"exdqlm_univar_synth","draw_010",143,"2021-12-20","history","0.348816457012366"
"exdqlm_univar_synth","draw_010",143,"2021-12-21","history","-0.162579816032612"
"exdqlm_univar_synth","draw_011",158,"2021-12-03","history","-0.825069953501342"
"exdqlm_univar_synth","draw_011",158,"2021-12-04","history","-0.632675773954127"
"exdqlm_univar_synth","draw_011",158,"2021-12-05","history","-0.546297803414655"
"exdqlm_univar_synth","draw_011",158,"2021-12-06","history","-0.648618660224021"
"exdqlm_univar_synth","draw_011",158,"2021-12-07","history","-0.518894957641371"
"exdqlm_univar_synth","draw_011",158,"2021-12-08","history","-0.729454346497476"
"exdqlm_univar_synth","draw_011",158,"2021-12-09","history","-0.396519596739167"
"exdqlm_univar_synth","draw_011",158,"2021-12-10","history","-0.708664100938483"
"exdqlm_univar_synth","draw_011",158,"2021-12-11","history","-0.571774117333852"
"exdqlm_univar_synth","draw_011",158,"2021-12-12","history","-0.806805216236893"
"exdqlm_univar_synth","draw_011",158,"2021-12-13","history","1.06465947358497"
"exdqlm_univar_synth","draw_011",158,"2021-12-14","history","1.44638599222503"
"exdqlm_univar_synth","draw_011",158,"2021-12-15","history","0.762959348782868"
"exdqlm_univar_synth","draw_011",158,"2021-12-16","history","1.31693952544794"
"exdqlm_univar_synth","draw_011",158,"2021-12-17","history","0.233936716836762"
"exdqlm_univar_synth","draw_011",158,"2021-12-18","history","0.701948329686493"
"exdqlm_univar_synth","draw_011",158,"2021-12-19","history","0.0671191145225712"
"exdqlm_univar_synth","draw_011",158,"2021-12-20","history","0.00271257803178754"
"exdqlm_univar_synth","draw_011",158,"2021-12-21","history","-0.131993051718250"
"exdqlm_univar_synth","draw_012",174,"2021-12-03","history","-0.301380513898979"
"exdqlm_univar_synth","draw_012",174,"2021-12-04","history","-0.629273905936153"
"exdqlm_univar_synth","draw_012",174,"2021-12-05","history","-0.711375595770145"
"exdqlm_univar_synth","draw_012",174,"2021-12-06","history","-0.532149656248827"
"exdqlm_univar_synth","draw_012",174,"2021-12-07","history","-0.737768321057089"
"exdqlm_univar_synth","draw_012",174,"2021-12-08","history","-0.418114515195274"
"exdqlm_univar_synth","draw_012",174,"2021-12-09","history","-0.326922659637096"
"exdqlm_univar_synth","draw_012",174,"2021-12-10","history","-0.420971123049863"
"exdqlm_univar_synth","draw_012",174,"2021-12-11","history","-0.350767742055008"
"exdqlm_univar_synth","draw_012",174,"2021-12-12","history","-0.757832890417467"
"exdqlm_univar_synth","draw_012",174,"2021-12-13","history","1.62767721258952"
"exdqlm_univar_synth","draw_012",174,"2021-12-14","history","2.18716199220401"
"exdqlm_univar_synth","draw_012",174,"2021-12-15","history","0.969439357263406"
"exdqlm_univar_synth","draw_012",174,"2021-12-16","history","0.727591831984088"
"exdqlm_univar_synth","draw_012",174,"2021-12-17","history","0.367904332332381"
"exdqlm_univar_synth","draw_012",174,"2021-12-18","history","0.384634810051335"
"exdqlm_univar_synth","draw_012",174,"2021-12-19","history","-0.00729768979151133"
"exdqlm_univar_synth","draw_012",174,"2021-12-20","history","-0.133803301786019"
"exdqlm_univar_synth","draw_012",174,"2021-12-21","history","-0.0826233819015547"
"exdqlm_univar_synth","draw_013",190,"2021-12-03","history","-0.317837291523309"
"exdqlm_univar_synth","draw_013",190,"2021-12-04","history","-0.784480954332255"
"exdqlm_univar_synth","draw_013",190,"2021-12-05","history","-0.709612597350156"
"exdqlm_univar_synth","draw_013",190,"2021-12-06","history","-0.517203922816929"
"exdqlm_univar_synth","draw_013",190,"2021-12-07","history","-0.126648756246412"
"exdqlm_univar_synth","draw_013",190,"2021-12-08","history","-0.453237465022132"
"exdqlm_univar_synth","draw_013",190,"2021-12-09","history","-0.664153443430168"
"exdqlm_univar_synth","draw_013",190,"2021-12-10","history","-0.458560220224291"
"exdqlm_univar_synth","draw_013",190,"2021-12-11","history","-0.825279729660557"
"exdqlm_univar_synth","draw_013",190,"2021-12-12","history","-0.836760173781406"
"exdqlm_univar_synth","draw_013",190,"2021-12-13","history","1.52802694446040"
"exdqlm_univar_synth","draw_013",190,"2021-12-14","history","1.71469442987582"
"exdqlm_univar_synth","draw_013",190,"2021-12-15","history","0.745451441067551"
"exdqlm_univar_synth","draw_013",190,"2021-12-16","history","1.34288878336608"
"exdqlm_univar_synth","draw_013",190,"2021-12-17","history","0.243697799120660"
"exdqlm_univar_synth","draw_013",190,"2021-12-18","history","0.232644414819198"
"exdqlm_univar_synth","draw_013",190,"2021-12-19","history","-0.0250258478871150"
"exdqlm_univar_synth","draw_013",190,"2021-12-20","history","-0.154685292885636"
"exdqlm_univar_synth","draw_013",190,"2021-12-21","history","-0.0722317408910237"
"exdqlm_univar_synth","draw_014",206,"2021-12-03","history","-0.504435106989204"
"exdqlm_univar_synth","draw_014",206,"2021-12-04","history","-0.227163748656158"
"exdqlm_univar_synth","draw_014",206,"2021-12-05","history","-0.582797021129362"
"exdqlm_univar_synth","draw_014",206,"2021-12-06","history","-0.539788898005193"
"exdqlm_univar_synth","draw_014",206,"2021-12-07","history","-0.429602003483221"
"exdqlm_univar_synth","draw_014",206,"2021-12-08","history","-0.121695968773091"
"exdqlm_univar_synth","draw_014",206,"2021-12-09","history","-0.410107023010175"
"exdqlm_univar_synth","draw_014",206,"2021-12-10","history","-0.622309959594637"
"exdqlm_univar_synth","draw_014",206,"2021-12-11","history","-0.686271082012574"
"exdqlm_univar_synth","draw_014",206,"2021-12-12","history","-0.582395959187845"
"exdqlm_univar_synth","draw_014",206,"2021-12-13","history","0.919259224612943"
"exdqlm_univar_synth","draw_014",206,"2021-12-14","history","1.83810336363717"
"exdqlm_univar_synth","draw_014",206,"2021-12-15","history","0.458411351248207"
"exdqlm_univar_synth","draw_014",206,"2021-12-16","history","1.35630860494765"
"exdqlm_univar_synth","draw_014",206,"2021-12-17","history","0.611482754535381"
"exdqlm_univar_synth","draw_014",206,"2021-12-18","history","0.482155007468411"
"exdqlm_univar_synth","draw_014",206,"2021-12-19","history","0.232487437163714"
"exdqlm_univar_synth","draw_014",206,"2021-12-20","history","0.267271250405063"
"exdqlm_univar_synth","draw_014",206,"2021-12-21","history","-0.0515489000829122"
"exdqlm_univar_synth","draw_015",221,"2021-12-03","history","-0.551162382527663"
"exdqlm_univar_synth","draw_015",221,"2021-12-04","history","-0.525476832846340"
"exdqlm_univar_synth","draw_015",221,"2021-12-05","history","-0.571215083377934"
"exdqlm_univar_synth","draw_015",221,"2021-12-06","history","-0.537823074174432"
"exdqlm_univar_synth","draw_015",221,"2021-12-07","history","-0.528532523287181"
"exdqlm_univar_synth","draw_015",221,"2021-12-08","history","-0.671717934157038"
"exdqlm_univar_synth","draw_015",221,"2021-12-09","history","-0.794027118500741"
"exdqlm_univar_synth","draw_015",221,"2021-12-10","history","-0.690831677036358"
"exdqlm_univar_synth","draw_015",221,"2021-12-11","history","-0.257369323654043"
"exdqlm_univar_synth","draw_015",221,"2021-12-12","history","-0.885850893472817"
"exdqlm_univar_synth","draw_015",221,"2021-12-13","history","1.35807031766341"
"exdqlm_univar_synth","draw_015",221,"2021-12-14","history","1.06071203919474"
"exdqlm_univar_synth","draw_015",221,"2021-12-15","history","1.04010245157564"
"exdqlm_univar_synth","draw_015",221,"2021-12-16","history","1.21438747548457"
"exdqlm_univar_synth","draw_015",221,"2021-12-17","history","0.705140838035699"
"exdqlm_univar_synth","draw_015",221,"2021-12-18","history","0.214251904991644"
"exdqlm_univar_synth","draw_015",221,"2021-12-19","history","-0.0870807854735798"
"exdqlm_univar_synth","draw_015",221,"2021-12-20","history","-0.0809559305295182"
"exdqlm_univar_synth","draw_015",221,"2021-12-21","history","-0.130422677188744"
"exdqlm_univar_synth","draw_016",237,"2021-12-03","history","-0.695651830310405"
"exdqlm_univar_synth","draw_016",237,"2021-12-04","history","-0.459458851029003"
"exdqlm_univar_synth","draw_016",237,"2021-12-05","history","-0.705403253264839"
"exdqlm_univar_synth","draw_016",237,"2021-12-06","history","-0.457843166791627"
"exdqlm_univar_synth","draw_016",237,"2021-12-07","history","-0.325443624079328"
"exdqlm_univar_synth","draw_016",237,"2021-12-08","history","-0.697735674006384"
"exdqlm_univar_synth","draw_016",237,"2021-12-09","history","-0.404977979234185"
"exdqlm_univar_synth","draw_016",237,"2021-12-10","history","-0.444717033222951"
"exdqlm_univar_synth","draw_016",237,"2021-12-11","history","-0.361876636936230"
"exdqlm_univar_synth","draw_016",237,"2021-12-12","history","-0.739526212051185"
"exdqlm_univar_synth","draw_016",237,"2021-12-13","history","0.949771952993781"
"exdqlm_univar_synth","draw_016",237,"2021-12-14","history","1.56200075416925"
"exdqlm_univar_synth","draw_016",237,"2021-12-15","history","1.09421441802206"
"exdqlm_univar_synth","draw_016",237,"2021-12-16","history","0.847094374847899"
"exdqlm_univar_synth","draw_016",237,"2021-12-17","history","0.729814237621723"
"exdqlm_univar_synth","draw_016",237,"2021-12-18","history","0.448316427543461"
"exdqlm_univar_synth","draw_016",237,"2021-12-19","history","0.141633127668850"
"exdqlm_univar_synth","draw_016",237,"2021-12-20","history","0.423477335074712"
"exdqlm_univar_synth","draw_016",237,"2021-12-21","history","0.234300057966292"
"exdqlm_univar_synth","draw_017",253,"2021-12-03","history","-0.594124861620029"
"exdqlm_univar_synth","draw_017",253,"2021-12-04","history","-0.342809746585725"
"exdqlm_univar_synth","draw_017",253,"2021-12-05","history","-0.836189376283227"
"exdqlm_univar_synth","draw_017",253,"2021-12-06","history","-0.575992387537273"
"exdqlm_univar_synth","draw_017",253,"2021-12-07","history","-0.772462719350138"
"exdqlm_univar_synth","draw_017",253,"2021-12-08","history","-0.684173734496827"
"exdqlm_univar_synth","draw_017",253,"2021-12-09","history","-0.257403151790814"
"exdqlm_univar_synth","draw_017",253,"2021-12-10","history","-0.632479324189151"
"exdqlm_univar_synth","draw_017",253,"2021-12-11","history","-0.801661578261178"
"exdqlm_univar_synth","draw_017",253,"2021-12-12","history","-0.704840627160891"
"exdqlm_univar_synth","draw_017",253,"2021-12-13","history","1.93650762652964"
"exdqlm_univar_synth","draw_017",253,"2021-12-14","history","1.59498770642433"
"exdqlm_univar_synth","draw_017",253,"2021-12-15","history","0.798551345413132"
"exdqlm_univar_synth","draw_017",253,"2021-12-16","history","1.55861256634439"
"exdqlm_univar_synth","draw_017",253,"2021-12-17","history","0.431754067370013"
"exdqlm_univar_synth","draw_017",253,"2021-12-18","history","0.161723135503971"
"exdqlm_univar_synth","draw_017",253,"2021-12-19","history","0.0157185984372580"
"exdqlm_univar_synth","draw_017",253,"2021-12-20","history","0.339839963843991"
"exdqlm_univar_synth","draw_017",253,"2021-12-21","history","0.166385511892946"
"exdqlm_univar_synth","draw_018",269,"2021-12-03","history","-0.357424554246739"
"exdqlm_univar_synth","draw_018",269,"2021-12-04","history","-0.441082630371815"
"exdqlm_univar_synth","draw_018",269,"2021-12-05","history","-0.500844876310254"
"exdqlm_univar_synth","draw_018",269,"2021-12-06","history","-0.551504858903790"
"exdqlm_univar_synth","draw_018",269,"2021-12-07","history","-0.326212039164362"
"exdqlm_univar_synth","draw_018",269,"2021-12-08","history","-0.490332311174423"
"exdqlm_univar_synth","draw_018",269,"2021-12-09","history","-0.762526453233779"
"exdqlm_univar_synth","draw_018",269,"2021-12-10","history","-0.638427042968803"
"exdqlm_univar_synth","draw_018",269,"2021-12-11","history","-0.815021687141438"
"exdqlm_univar_synth","draw_018",269,"2021-12-12","history","-0.780880979410959"
"exdqlm_univar_synth","draw_018",269,"2021-12-13","history","0.820895702679198"
"exdqlm_univar_synth","draw_018",269,"2021-12-14","history","1.88315549236192"
"exdqlm_univar_synth","draw_018",269,"2021-12-15","history","0.865560972780164"
"exdqlm_univar_synth","draw_018",269,"2021-12-16","history","0.950704336871664"
"exdqlm_univar_synth","draw_018",269,"2021-12-17","history","0.608903577100076"
"exdqlm_univar_synth","draw_018",269,"2021-12-18","history","0.0683165615075740"
"exdqlm_univar_synth","draw_018",269,"2021-12-19","history","0.0992077358028783"
"exdqlm_univar_synth","draw_018",269,"2021-12-20","history","0.170076751772308"
"exdqlm_univar_synth","draw_018",269,"2021-12-21","history","0.191998030972470"
"exdqlm_univar_synth","draw_019",284,"2021-12-03","history","-0.648815348759055"
"exdqlm_univar_synth","draw_019",284,"2021-12-04","history","-0.812228455053432"
"exdqlm_univar_synth","draw_019",284,"2021-12-05","history","-0.639739315294715"
"exdqlm_univar_synth","draw_019",284,"2021-12-06","history","-0.429880343702193"
"exdqlm_univar_synth","draw_019",284,"2021-12-07","history","-0.689537865620503"
"exdqlm_univar_synth","draw_019",284,"2021-12-08","history","-0.867097439884196"
"exdqlm_univar_synth","draw_019",284,"2021-12-09","history","-0.616690930008049"
"exdqlm_univar_synth","draw_019",284,"2021-12-10","history","-0.428803057388109"
"exdqlm_univar_synth","draw_019",284,"2021-12-11","history","-0.395351153946611"
"exdqlm_univar_synth","draw_019",284,"2021-12-12","history","-0.875719768388507"
"exdqlm_univar_synth","draw_019",284,"2021-12-13","history","1.82452159282137"
"exdqlm_univar_synth","draw_019",284,"2021-12-14","history","1.15928459234110"
"exdqlm_univar_synth","draw_019",284,"2021-12-15","history","1.16364682690983"
"exdqlm_univar_synth","draw_019",284,"2021-12-16","history","1.45732232991318"
"exdqlm_univar_synth","draw_019",284,"2021-12-17","history","0.238628128829890"
"exdqlm_univar_synth","draw_019",284,"2021-12-18","history","0.317379320613399"
"exdqlm_univar_synth","draw_019",284,"2021-12-19","history","0.137757889390421"
"exdqlm_univar_synth","draw_019",284,"2021-12-20","history","0.0293522408416270"
"exdqlm_univar_synth","draw_019",284,"2021-12-21","history","-0.150986920971749"
"exdqlm_univar_synth","draw_020",300,"2021-12-03","history","-0.782519876977229"
"exdqlm_univar_synth","draw_020",300,"2021-12-04","history","-0.179513796920637"
"exdqlm_univar_synth","draw_020",300,"2021-12-05","history","-0.675005157171646"
"exdqlm_univar_synth","draw_020",300,"2021-12-06","history","-0.677056340992347"
"exdqlm_univar_synth","draw_020",300,"2021-12-07","history","-0.347295799981056"
"exdqlm_univar_synth","draw_020",300,"2021-12-08","history","-0.714819985764807"
"exdqlm_univar_synth","draw_020",300,"2021-12-09","history","-0.397346312146093"
"exdqlm_univar_synth","draw_020",300,"2021-12-10","history","-0.794213325621934"
"exdqlm_univar_synth","draw_020",300,"2021-12-11","history","-0.477048305586899"
"exdqlm_univar_synth","draw_020",300,"2021-12-12","history","-0.193509664384149"
"exdqlm_univar_synth","draw_020",300,"2021-12-13","history","0.915406469047733"
"exdqlm_univar_synth","draw_020",300,"2021-12-14","history","1.69977866533985"
"exdqlm_univar_synth","draw_020",300,"2021-12-15","history","0.667477404638923"
"exdqlm_univar_synth","draw_020",300,"2021-12-16","history","1.13323522804616"
"exdqlm_univar_synth","draw_020",300,"2021-12-17","history","0.253783832121797"
"exdqlm_univar_synth","draw_020",300,"2021-12-18","history","0.103648089660587"
"exdqlm_univar_synth","draw_020",300,"2021-12-19","history","0.323542275721226"
"exdqlm_univar_synth","draw_020",300,"2021-12-20","history","-0.145483643100951"
"exdqlm_univar_synth","draw_020",300,"2021-12-21","history","0.217390712205092"
"exdqlm_univar_synth","draw_021",316,"2021-12-03","history","-0.760043772105523"
"exdqlm_univar_synth","draw_021",316,"2021-12-04","history","-0.726597530340204"
"exdqlm_univar_synth","draw_021",316,"2021-12-05","history","-0.713840762223620"
"exdqlm_univar_synth","draw_021",316,"2021-12-06","history","-0.358019023781776"
"exdqlm_univar_synth","draw_021",316,"2021-12-07","history","-0.718111021871721"
"exdqlm_univar_synth","draw_021",316,"2021-12-08","history","-0.497183652953933"
"exdqlm_univar_synth","draw_021",316,"2021-12-09","history","-0.933649810154000"
"exdqlm_univar_synth","draw_021",316,"2021-12-10","history","-0.803082851453340"
"exdqlm_univar_synth","draw_021",316,"2021-12-11","history","-0.441079003088392"
"exdqlm_univar_synth","draw_021",316,"2021-12-12","history","-0.426711042030370"
"exdqlm_univar_synth","draw_021",316,"2021-12-13","history","0.753367517682995"
"exdqlm_univar_synth","draw_021",316,"2021-12-14","history","1.24057538655764"
"exdqlm_univar_synth","draw_021",316,"2021-12-15","history","0.871900072030052"
"exdqlm_univar_synth","draw_021",316,"2021-12-16","history","0.858515195990196"
"exdqlm_univar_synth","draw_021",316,"2021-12-17","history","0.146281519463901"
"exdqlm_univar_synth","draw_021",316,"2021-12-18","history","0.127166256677073"
"exdqlm_univar_synth","draw_021",316,"2021-12-19","history","-0.0845054318155628"
"exdqlm_univar_synth","draw_021",316,"2021-12-20","history","-0.173165550819263"
"exdqlm_univar_synth","draw_021",316,"2021-12-21","history","-0.0873245344821410"
"exdqlm_univar_synth","draw_022",332,"2021-12-03","history","-0.778101053979181"
"exdqlm_univar_synth","draw_022",332,"2021-12-04","history","-0.775312804561615"
"exdqlm_univar_synth","draw_022",332,"2021-12-05","history","-0.574238125518164"
"exdqlm_univar_synth","draw_022",332,"2021-12-06","history","-0.654550747174546"
"exdqlm_univar_synth","draw_022",332,"2021-12-07","history","-0.653891611329177"
"exdqlm_univar_synth","draw_022",332,"2021-12-08","history","-0.832046193774156"
"exdqlm_univar_synth","draw_022",332,"2021-12-09","history","-0.587950716079651"
"exdqlm_univar_synth","draw_022",332,"2021-12-10","history","-0.922812431634281"
"exdqlm_univar_synth","draw_022",332,"2021-12-11","history","-0.557613107847161"
"exdqlm_univar_synth","draw_022",332,"2021-12-12","history","-0.693632641131337"
"exdqlm_univar_synth","draw_022",332,"2021-12-13","history","1.17432395360950"
"exdqlm_univar_synth","draw_022",332,"2021-12-14","history","2.02164189627335"
"exdqlm_univar_synth","draw_022",332,"2021-12-15","history","1.05144162056323"
"exdqlm_univar_synth","draw_022",332,"2021-12-16","history","1.16417033093047"
"exdqlm_univar_synth","draw_022",332,"2021-12-17","history","0.685184347558319"
"exdqlm_univar_synth","draw_022",332,"2021-12-18","history","0.0321319872472725"
"exdqlm_univar_synth","draw_022",332,"2021-12-19","history","-0.149278834546464"
"exdqlm_univar_synth","draw_022",332,"2021-12-20","history","0.00111405577999281"
"exdqlm_univar_synth","draw_022",332,"2021-12-21","history","0.0630153832357611"
"exdqlm_univar_synth","draw_023",347,"2021-12-03","history","-0.446532155074558"
"exdqlm_univar_synth","draw_023",347,"2021-12-04","history","-0.410114163631689"
"exdqlm_univar_synth","draw_023",347,"2021-12-05","history","-0.491393833153654"
"exdqlm_univar_synth","draw_023",347,"2021-12-06","history","-0.665360654886025"
"exdqlm_univar_synth","draw_023",347,"2021-12-07","history","-0.749948579619202"
"exdqlm_univar_synth","draw_023",347,"2021-12-08","history","-0.215325808037164"
"exdqlm_univar_synth","draw_023",347,"2021-12-09","history","-0.828901057735558"
"exdqlm_univar_synth","draw_023",347,"2021-12-10","history","-0.520857701989016"
"exdqlm_univar_synth","draw_023",347,"2021-12-11","history","-0.690249312512982"
"exdqlm_univar_synth","draw_023",347,"2021-12-12","history","-0.853312782016792"
"exdqlm_univar_synth","draw_023",347,"2021-12-13","history","1.26144300586181"
"exdqlm_univar_synth","draw_023",347,"2021-12-14","history","1.30289315319259"
"exdqlm_univar_synth","draw_023",347,"2021-12-15","history","1.08597461049562"
"exdqlm_univar_synth","draw_023",347,"2021-12-16","history","1.47839444844590"
"exdqlm_univar_synth","draw_023",347,"2021-12-17","history","0.546809728258298"
"exdqlm_univar_synth","draw_023",347,"2021-12-18","history","0.350537358603214"
"exdqlm_univar_synth","draw_023",347,"2021-12-19","history","0.138668887662008"
"exdqlm_univar_synth","draw_023",347,"2021-12-20","history","0.369414336338215"
"exdqlm_univar_synth","draw_023",347,"2021-12-21","history","0.0954155315792512"
"exdqlm_univar_synth","draw_024",363,"2021-12-03","history","-0.626857414673954"
"exdqlm_univar_synth","draw_024",363,"2021-12-04","history","-0.422855385370657"
"exdqlm_univar_synth","draw_024",363,"2021-12-05","history","-0.708990943101250"
"exdqlm_univar_synth","draw_024",363,"2021-12-06","history","-0.792241693079648"
"exdqlm_univar_synth","draw_024",363,"2021-12-07","history","-0.214700007407791"
"exdqlm_univar_synth","draw_024",363,"2021-12-08","history","-0.374541927637639"
"exdqlm_univar_synth","draw_024",363,"2021-12-09","history","-0.220307465624056"
"exdqlm_univar_synth","draw_024",363,"2021-12-10","history","-0.309322563152944"
"exdqlm_univar_synth","draw_024",363,"2021-12-11","history","0"
"exdqlm_univar_synth","draw_024",363,"2021-12-12","history","-0.474531717102271"
"exdqlm_univar_synth","draw_024",363,"2021-12-13","history","0.821023981738767"
"exdqlm_univar_synth","draw_024",363,"2021-12-14","history","1.29881859926817"
"exdqlm_univar_synth","draw_024",363,"2021-12-15","history","0.877763579346883"
"exdqlm_univar_synth","draw_024",363,"2021-12-16","history","1.22060022552753"
"exdqlm_univar_synth","draw_024",363,"2021-12-17","history","0.498701126475013"
"exdqlm_univar_synth","draw_024",363,"2021-12-18","history","0.520402135787973"
"exdqlm_univar_synth","draw_024",363,"2021-12-19","history","-0.0846305913732806"
"exdqlm_univar_synth","draw_024",363,"2021-12-20","history","0.283719387112814"
"exdqlm_univar_synth","draw_024",363,"2021-12-21","history","-0.0525103275785102"
"exdqlm_univar_synth","draw_025",379,"2021-12-03","history","-0.486291991721723"
"exdqlm_univar_synth","draw_025",379,"2021-12-04","history","-0.615305565095480"
"exdqlm_univar_synth","draw_025",379,"2021-12-05","history","-0.453003100453783"
"exdqlm_univar_synth","draw_025",379,"2021-12-06","history","-0.685518475123387"
"exdqlm_univar_synth","draw_025",379,"2021-12-07","history","-0.742091814025690"
"exdqlm_univar_synth","draw_025",379,"2021-12-08","history","-0.748532798144228"
"exdqlm_univar_synth","draw_025",379,"2021-12-09","history","-0.918988358433989"
"exdqlm_univar_synth","draw_025",379,"2021-12-10","history","-0.561852125434994"
"exdqlm_univar_synth","draw_025",379,"2021-12-11","history","-0.601172901727742"
"exdqlm_univar_synth","draw_025",379,"2021-12-12","history","-0.360432266119800"
"exdqlm_univar_synth","draw_025",379,"2021-12-13","history","1.87008031906858"
"exdqlm_univar_synth","draw_025",379,"2021-12-14","history","1.50743849571481"
"exdqlm_univar_synth","draw_025",379,"2021-12-15","history","0.657687642289964"
"exdqlm_univar_synth","draw_025",379,"2021-12-16","history","0.869148477177200"
"exdqlm_univar_synth","draw_025",379,"2021-12-17","history","0.178726147951013"
"exdqlm_univar_synth","draw_025",379,"2021-12-18","history","0.126166526878726"
"exdqlm_univar_synth","draw_025",379,"2021-12-19","history","-0.181758273373094"
"exdqlm_univar_synth","draw_025",379,"2021-12-20","history","0.0411899309603748"
"exdqlm_univar_synth","draw_025",379,"2021-12-21","history","-0.161082267174829"
"exdqlm_univar_synth","draw_026",395,"2021-12-03","history","-0.387151033210690"
"exdqlm_univar_synth","draw_026",395,"2021-12-04","history","-0.505114293935272"
"exdqlm_univar_synth","draw_026",395,"2021-12-05","history","-0.750755308325953"
"exdqlm_univar_synth","draw_026",395,"2021-12-06","history","-0.834184155284772"
"exdqlm_univar_synth","draw_026",395,"2021-12-07","history","-0.654011260928950"
"exdqlm_univar_synth","draw_026",395,"2021-12-08","history","-0.496627502540927"
"exdqlm_univar_synth","draw_026",395,"2021-12-09","history","-0.457580295445628"
"exdqlm_univar_synth","draw_026",395,"2021-12-10","history","-0.613869321067432"
"exdqlm_univar_synth","draw_026",395,"2021-12-11","history","-0.659269696932627"
"exdqlm_univar_synth","draw_026",395,"2021-12-12","history","-0.689959252055878"
"exdqlm_univar_synth","draw_026",395,"2021-12-13","history","0.871661693000069"
"exdqlm_univar_synth","draw_026",395,"2021-12-14","history","1.50803501890615"
"exdqlm_univar_synth","draw_026",395,"2021-12-15","history","0.917988466430187"
"exdqlm_univar_synth","draw_026",395,"2021-12-16","history","0.700912420057972"
"exdqlm_univar_synth","draw_026",395,"2021-12-17","history","0.707444263731526"
"exdqlm_univar_synth","draw_026",395,"2021-12-18","history","0.254579805937383"
"exdqlm_univar_synth","draw_026",395,"2021-12-19","history","0.0870042409441308"
"exdqlm_univar_synth","draw_026",395,"2021-12-20","history","-0.0473490651863120"
"exdqlm_univar_synth","draw_026",395,"2021-12-21","history","-0.114091721870062"
"exdqlm_univar_synth","draw_027",410,"2021-12-03","history","-0.769354571988339"
"exdqlm_univar_synth","draw_027",410,"2021-12-04","history","-0.292347228809027"
"exdqlm_univar_synth","draw_027",410,"2021-12-05","history","-0.766052455355659"
"exdqlm_univar_synth","draw_027",410,"2021-12-06","history","-0.397075052279060"
"exdqlm_univar_synth","draw_027",410,"2021-12-07","history","-0.470375516150042"
"exdqlm_univar_synth","draw_027",410,"2021-12-08","history","-0.745543742865535"
"exdqlm_univar_synth","draw_027",410,"2021-12-09","history","-0.322849493393773"
"exdqlm_univar_synth","draw_027",410,"2021-12-10","history","-0.713352865781047"
"exdqlm_univar_synth","draw_027",410,"2021-12-11","history","-0.415737026897046"
"exdqlm_univar_synth","draw_027",410,"2021-12-12","history","-0.842415644366160"
"exdqlm_univar_synth","draw_027",410,"2021-12-13","history","1.08147860877449"
"exdqlm_univar_synth","draw_027",410,"2021-12-14","history","2.07997840273757"
"exdqlm_univar_synth","draw_027",410,"2021-12-15","history","1.06139873543404"
"exdqlm_univar_synth","draw_027",410,"2021-12-16","history","1.12331068616796"
"exdqlm_univar_synth","draw_027",410,"2021-12-17","history","0.442775396620864"
"exdqlm_univar_synth","draw_027",410,"2021-12-18","history","0.128278063171599"
"exdqlm_univar_synth","draw_027",410,"2021-12-19","history","0.252405221024268"
"exdqlm_univar_synth","draw_027",410,"2021-12-20","history","0.0641733302604805"
"exdqlm_univar_synth","draw_027",410,"2021-12-21","history","-0.157940701293428"
"exdqlm_univar_synth","draw_028",426,"2021-12-03","history","-0.393645343589396"
"exdqlm_univar_synth","draw_028",426,"2021-12-04","history","-0.513793636726559"
"exdqlm_univar_synth","draw_028",426,"2021-12-05","history","-0.572178766152855"
"exdqlm_univar_synth","draw_028",426,"2021-12-06","history","-0.816609792576241"
"exdqlm_univar_synth","draw_028",426,"2021-12-07","history","-0.455168936600567"
"exdqlm_univar_synth","draw_028",426,"2021-12-08","history","-0.789386470258208"
"exdqlm_univar_synth","draw_028",426,"2021-12-09","history","-0.661465933629774"
"exdqlm_univar_synth","draw_028",426,"2021-12-10","history","-0.458257978572169"
"exdqlm_univar_synth","draw_028",426,"2021-12-11","history","-0.396531553082418"
"exdqlm_univar_synth","draw_028",426,"2021-12-12","history","-0.771061463994123"
"exdqlm_univar_synth","draw_028",426,"2021-12-13","history","1.18393845780361"
"exdqlm_univar_synth","draw_028",426,"2021-12-14","history","1.95660516672037"
"exdqlm_univar_synth","draw_028",426,"2021-12-15","history","0.808537334689156"
"exdqlm_univar_synth","draw_028",426,"2021-12-16","history","1.21012387452287"
"exdqlm_univar_synth","draw_028",426,"2021-12-17","history","0.314172772487671"
"exdqlm_univar_synth","draw_028",426,"2021-12-18","history","0.232641599267354"
"exdqlm_univar_synth","draw_028",426,"2021-12-19","history","0.167439594702121"
"exdqlm_univar_synth","draw_028",426,"2021-12-20","history","0.154590516925104"
"exdqlm_univar_synth","draw_028",426,"2021-12-21","history","0.133396944189714"
"exdqlm_univar_synth","draw_029",442,"2021-12-03","history","-0.598163238552589"
"exdqlm_univar_synth","draw_029",442,"2021-12-04","history","-0.451618709231472"
"exdqlm_univar_synth","draw_029",442,"2021-12-05","history","-0.531374630870530"
"exdqlm_univar_synth","draw_029",442,"2021-12-06","history","-0.640639658471236"
"exdqlm_univar_synth","draw_029",442,"2021-12-07","history","-0.522037368601911"
"exdqlm_univar_synth","draw_029",442,"2021-12-08","history","-0.827765359841180"
"exdqlm_univar_synth","draw_029",442,"2021-12-09","history","-0.465248362131381"
"exdqlm_univar_synth","draw_029",442,"2021-12-10","history","-0.376320166031513"
"exdqlm_univar_synth","draw_029",442,"2021-12-11","history","-0.759781130539395"
"exdqlm_univar_synth","draw_029",442,"2021-12-12","history","-0.806562361206974"
"exdqlm_univar_synth","draw_029",442,"2021-12-13","history","1.82588924627286"
"exdqlm_univar_synth","draw_029",442,"2021-12-14","history","0.925075142561527"
"exdqlm_univar_synth","draw_029",442,"2021-12-15","history","0.885277194630513"
"exdqlm_univar_synth","draw_029",442,"2021-12-16","history","0.974935778874990"
"exdqlm_univar_synth","draw_029",442,"2021-12-17","history","0.766699538423155"
"exdqlm_univar_synth","draw_029",442,"2021-12-18","history","0.141658393705960"
"exdqlm_univar_synth","draw_029",442,"2021-12-19","history","0.202887379510155"
"exdqlm_univar_synth","draw_029",442,"2021-12-20","history","0.426614722580779"
"exdqlm_univar_synth","draw_029",442,"2021-12-21","history","-0.170891598631192"
"exdqlm_univar_synth","draw_030",457,"2021-12-03","history","-0.683974699843055"
"exdqlm_univar_synth","draw_030",457,"2021-12-04","history","-0.624776446449771"
"exdqlm_univar_synth","draw_030",457,"2021-12-05","history","-0.458292706506498"
"exdqlm_univar_synth","draw_030",457,"2021-12-06","history","-0.359845951993170"
"exdqlm_univar_synth","draw_030",457,"2021-12-07","history","-0.479141108797825"
"exdqlm_univar_synth","draw_030",457,"2021-12-08","history","-0.422797494150828"
"exdqlm_univar_synth","draw_030",457,"2021-12-09","history","-0.360583921757019"
"exdqlm_univar_synth","draw_030",457,"2021-12-10","history","-0.775230974722300"
"exdqlm_univar_synth","draw_030",457,"2021-12-11","history","-0.506855695049023"
"exdqlm_univar_synth","draw_030",457,"2021-12-12","history","-0.453875289088636"
"exdqlm_univar_synth","draw_030",457,"2021-12-13","history","1.18474288820303"
"exdqlm_univar_synth","draw_030",457,"2021-12-14","history","1.56173536251645"
"exdqlm_univar_synth","draw_030",457,"2021-12-15","history","0.575771987442576"
"exdqlm_univar_synth","draw_030",457,"2021-12-16","history","1.56512873192592"
"exdqlm_univar_synth","draw_030",457,"2021-12-17","history","0.195027995165994"
"exdqlm_univar_synth","draw_030",457,"2021-12-18","history","0.117710442225677"
"exdqlm_univar_synth","draw_030",457,"2021-12-19","history","-0.0823647872566545"
"exdqlm_univar_synth","draw_030",457,"2021-12-20","history","-0.167840330979793"
"exdqlm_univar_synth","draw_030",457,"2021-12-21","history","0.0737536667250237"
"exdqlm_univar_synth","draw_031",473,"2021-12-03","history","-0.696140700872757"
"exdqlm_univar_synth","draw_031",473,"2021-12-04","history","-0.599269870792592"
"exdqlm_univar_synth","draw_031",473,"2021-12-05","history","-0.431789372706957"
"exdqlm_univar_synth","draw_031",473,"2021-12-06","history","-0.775900190289584"
"exdqlm_univar_synth","draw_031",473,"2021-12-07","history","-0.674053614948292"
"exdqlm_univar_synth","draw_031",473,"2021-12-08","history","-0.649225945795567"
"exdqlm_univar_synth","draw_031",473,"2021-12-09","history","-0.623427161956358"
"exdqlm_univar_synth","draw_031",473,"2021-12-10","history","-0.547636605067071"
"exdqlm_univar_synth","draw_031",473,"2021-12-11","history","-0.521645744145385"
"exdqlm_univar_synth","draw_031",473,"2021-12-12","history","-0.594415699230232"
"exdqlm_univar_synth","draw_031",473,"2021-12-13","history","1.62290517328107"
"exdqlm_univar_synth","draw_031",473,"2021-12-14","history","1.56568512649638"
"exdqlm_univar_synth","draw_031",473,"2021-12-15","history","0.572844572174678"
"exdqlm_univar_synth","draw_031",473,"2021-12-16","history","1.49722493524887"
"exdqlm_univar_synth","draw_031",473,"2021-12-17","history","0.469597939790007"
"exdqlm_univar_synth","draw_031",473,"2021-12-18","history","0.244025883351377"
"exdqlm_univar_synth","draw_031",473,"2021-12-19","history","0.323308012230844"
"exdqlm_univar_synth","draw_031",473,"2021-12-20","history","0.211096431864419"
"exdqlm_univar_synth","draw_031",473,"2021-12-21","history","-0.179166200314234"
"exdqlm_univar_synth","draw_032",489,"2021-12-03","history","-0.282658675705897"
"exdqlm_univar_synth","draw_032",489,"2021-12-04","history","-0.572815840424760"
"exdqlm_univar_synth","draw_032",489,"2021-12-05","history","-0.580065564950520"
"exdqlm_univar_synth","draw_032",489,"2021-12-06","history","-0.863196566634607"
"exdqlm_univar_synth","draw_032",489,"2021-12-07","history","-0.609844633947330"
"exdqlm_univar_synth","draw_032",489,"2021-12-08","history","-0.419712655907014"
"exdqlm_univar_synth","draw_032",489,"2021-12-09","history","-0.199768170079118"
"exdqlm_univar_synth","draw_032",489,"2021-12-10","history","-0.650517319814925"
"exdqlm_univar_synth","draw_032",489,"2021-12-11","history","-0.746976579232520"
"exdqlm_univar_synth","draw_032",489,"2021-12-12","history","-0.745717172375730"
"exdqlm_univar_synth","draw_032",489,"2021-12-13","history","0.846592313425926"
"exdqlm_univar_synth","draw_032",489,"2021-12-14","history","1.74955552008732"
"exdqlm_univar_synth","draw_032",489,"2021-12-15","history","0.980523625559384"
"exdqlm_univar_synth","draw_032",489,"2021-12-16","history","0.872371074797637"
"exdqlm_univar_synth","draw_032",489,"2021-12-17","history","0.381484247664002"
"exdqlm_univar_synth","draw_032",489,"2021-12-18","history","0.638609269339872"
"exdqlm_univar_synth","draw_032",489,"2021-12-19","history","-0.110499400505325"
"exdqlm_univar_synth","draw_032",489,"2021-12-20","history","0.221375822327680"
"exdqlm_univar_synth","draw_032",489,"2021-12-21","history","-0.0759203619660268"
"exdqlm_univar_synth","draw_033",505,"2021-12-03","history","-0.666294294982581"
"exdqlm_univar_synth","draw_033",505,"2021-12-04","history","-0.578348272830816"
"exdqlm_univar_synth","draw_033",505,"2021-12-05","history","-0.610278401378454"
"exdqlm_univar_synth","draw_033",505,"2021-12-06","history","-0.306810750674553"
"exdqlm_univar_synth","draw_033",505,"2021-12-07","history","-0.557578470144407"
"exdqlm_univar_synth","draw_033",505,"2021-12-08","history","-0.726791552086725"
"exdqlm_univar_synth","draw_033",505,"2021-12-09","history","-0.157906939681221"
"exdqlm_univar_synth","draw_033",505,"2021-12-10","history","-0.773270335842679"
"exdqlm_univar_synth","draw_033",505,"2021-12-11","history","-0.826003039068525"
"exdqlm_univar_synth","draw_033",505,"2021-12-12","history","-0.563515373718016"
"exdqlm_univar_synth","draw_033",505,"2021-12-13","history","1.41844164244829"
"exdqlm_univar_synth","draw_033",505,"2021-12-14","history","1.28767908297676"
"exdqlm_univar_synth","draw_033",505,"2021-12-15","history","0.759524297126120"
"exdqlm_univar_synth","draw_033",505,"2021-12-16","history","1.13528618522172"
"exdqlm_univar_synth","draw_033",505,"2021-12-17","history","0.235598297757274"
"exdqlm_univar_synth","draw_033",505,"2021-12-18","history","0.292481154000715"
"exdqlm_univar_synth","draw_033",505,"2021-12-19","history","-0.165573587043631"
"exdqlm_univar_synth","draw_033",505,"2021-12-20","history","0.254053840046220"
"exdqlm_univar_synth","draw_033",505,"2021-12-21","history","0.0528318595894847"
"exdqlm_univar_synth","draw_034",520,"2021-12-03","history","-0.339996125563575"
"exdqlm_univar_synth","draw_034",520,"2021-12-04","history","-0.638811996446390"
"exdqlm_univar_synth","draw_034",520,"2021-12-05","history","-0.583136218887449"
"exdqlm_univar_synth","draw_034",520,"2021-12-06","history","-0.539716274411389"
"exdqlm_univar_synth","draw_034",520,"2021-12-07","history","-0.769759951445516"
"exdqlm_univar_synth","draw_034",520,"2021-12-08","history","-0.442416306258982"
"exdqlm_univar_synth","draw_034",520,"2021-12-09","history","-0.349249289343758"
"exdqlm_univar_synth","draw_034",520,"2021-12-10","history","-0.662656473599401"
"exdqlm_univar_synth","draw_034",520,"2021-12-11","history","-0.354837387114437"
"exdqlm_univar_synth","draw_034",520,"2021-12-12","history","-0.742636673298705"
"exdqlm_univar_synth","draw_034",520,"2021-12-13","history","1.21252615911263"
"exdqlm_univar_synth","draw_034",520,"2021-12-14","history","1.30033238646855"
"exdqlm_univar_synth","draw_034",520,"2021-12-15","history","0.873457068969617"
"exdqlm_univar_synth","draw_034",520,"2021-12-16","history","1.03035288446345"
"exdqlm_univar_synth","draw_034",520,"2021-12-17","history","0.338471499394568"
"exdqlm_univar_synth","draw_034",520,"2021-12-18","history","0.657157695037036"
"exdqlm_univar_synth","draw_034",520,"2021-12-19","history","-0.107329909094035"
"exdqlm_univar_synth","draw_034",520,"2021-12-20","history","-0.0109221416520041"
"exdqlm_univar_synth","draw_034",520,"2021-12-21","history","0.225958773730599"
"exdqlm_univar_synth","draw_035",536,"2021-12-03","history","-0.537695900958770"
"exdqlm_univar_synth","draw_035",536,"2021-12-04","history","-0.225961421978225"
"exdqlm_univar_synth","draw_035",536,"2021-12-05","history","-0.507062116546204"
"exdqlm_univar_synth","draw_035",536,"2021-12-06","history","-0.485302029947779"
"exdqlm_univar_synth","draw_035",536,"2021-12-07","history","-0.570823195835704"
"exdqlm_univar_synth","draw_035",536,"2021-12-08","history","-0.391669388177220"
"exdqlm_univar_synth","draw_035",536,"2021-12-09","history","-0.483215940918833"
"exdqlm_univar_synth","draw_035",536,"2021-12-10","history","-0.495913851670437"
"exdqlm_univar_synth","draw_035",536,"2021-12-11","history","-0.660297701788065"
"exdqlm_univar_synth","draw_035",536,"2021-12-12","history","-0.638366119958467"
"exdqlm_univar_synth","draw_035",536,"2021-12-13","history","1.73736651405406"
"exdqlm_univar_synth","draw_035",536,"2021-12-14","history","1.46745468266871"
"exdqlm_univar_synth","draw_035",536,"2021-12-15","history","0.861978942584514"
"exdqlm_univar_synth","draw_035",536,"2021-12-16","history","0.954653366129385"
"exdqlm_univar_synth","draw_035",536,"2021-12-17","history","0.140569692676838"
"exdqlm_univar_synth","draw_035",536,"2021-12-18","history","0.0180452037540986"
"exdqlm_univar_synth","draw_035",536,"2021-12-19","history","0.0915657428462223"
"exdqlm_univar_synth","draw_035",536,"2021-12-20","history","-0.151545522677074"
"exdqlm_univar_synth","draw_035",536,"2021-12-21","history","0.0575726697721587"
"exdqlm_univar_synth","draw_036",552,"2021-12-03","history","-0.203400628461446"
"exdqlm_univar_synth","draw_036",552,"2021-12-04","history","-0.0659506649224433"
"exdqlm_univar_synth","draw_036",552,"2021-12-05","history","-0.391224270982310"
"exdqlm_univar_synth","draw_036",552,"2021-12-06","history","-0.501478505963122"
"exdqlm_univar_synth","draw_036",552,"2021-12-07","history","-0.615106903689693"
"exdqlm_univar_synth","draw_036",552,"2021-12-08","history","-0.351405083118833"
"exdqlm_univar_synth","draw_036",552,"2021-12-09","history","-0.788653638920494"
"exdqlm_univar_synth","draw_036",552,"2021-12-10","history","-0.654501052701786"
"exdqlm_univar_synth","draw_036",552,"2021-12-11","history","-0.669404613068579"
"exdqlm_univar_synth","draw_036",552,"2021-12-12","history","-0.706217288831117"
"exdqlm_univar_synth","draw_036",552,"2021-12-13","history","1.87751771319249"
"exdqlm_univar_synth","draw_036",552,"2021-12-14","history","1.31332068380737"
"exdqlm_univar_synth","draw_036",552,"2021-12-15","history","0.607639253971040"
"exdqlm_univar_synth","draw_036",552,"2021-12-16","history","1.60746385405408"
"exdqlm_univar_synth","draw_036",552,"2021-12-17","history","0.108901303087015"
"exdqlm_univar_synth","draw_036",552,"2021-12-18","history","0.389265497900505"
"exdqlm_univar_synth","draw_036",552,"2021-12-19","history","0.510549876556083"
"exdqlm_univar_synth","draw_036",552,"2021-12-20","history","0.138356970879194"
"exdqlm_univar_synth","draw_036",552,"2021-12-21","history","0.325907231853868"
"exdqlm_univar_synth","draw_037",568,"2021-12-03","history","-0.283535166435927"
"exdqlm_univar_synth","draw_037",568,"2021-12-04","history","-0.462613387548439"
"exdqlm_univar_synth","draw_037",568,"2021-12-05","history","-0.0649661704170602"
"exdqlm_univar_synth","draw_037",568,"2021-12-06","history","-0.536986930469364"
"exdqlm_univar_synth","draw_037",568,"2021-12-07","history","-0.408379637344885"
"exdqlm_univar_synth","draw_037",568,"2021-12-08","history","-0.794297042905897"
"exdqlm_univar_synth","draw_037",568,"2021-12-09","history","-0.483005733783939"
"exdqlm_univar_synth","draw_037",568,"2021-12-10","history","-0.627656609401354"
"exdqlm_univar_synth","draw_037",568,"2021-12-11","history","-0.686970387832517"
"exdqlm_univar_synth","draw_037",568,"2021-12-12","history","-0.842011497518019"
"exdqlm_univar_synth","draw_037",568,"2021-12-13","history","1.16037242786302"
"exdqlm_univar_synth","draw_037",568,"2021-12-14","history","1.69615400051729"
"exdqlm_univar_synth","draw_037",568,"2021-12-15","history","0.887538508093798"
"exdqlm_univar_synth","draw_037",568,"2021-12-16","history","1.50399954798404"
"exdqlm_univar_synth","draw_037",568,"2021-12-17","history","0.574993439407750"
"exdqlm_univar_synth","draw_037",568,"2021-12-18","history","0.401975193272522"
"exdqlm_univar_synth","draw_037",568,"2021-12-19","history","-0.0473814607740861"
"exdqlm_univar_synth","draw_037",568,"2021-12-20","history","-0.153381666187456"
"exdqlm_univar_synth","draw_037",568,"2021-12-21","history","-0.0905737150311540"
"exdqlm_univar_synth","draw_038",583,"2021-12-03","history","-0.338380256300620"
"exdqlm_univar_synth","draw_038",583,"2021-12-04","history","-0.598783119548942"
"exdqlm_univar_synth","draw_038",583,"2021-12-05","history","-0.714150071775867"
"exdqlm_univar_synth","draw_038",583,"2021-12-06","history","-0.389381766483500"
"exdqlm_univar_synth","draw_038",583,"2021-12-07","history","-0.434937557525619"
"exdqlm_univar_synth","draw_038",583,"2021-12-08","history","-0.856428632973774"
"exdqlm_univar_synth","draw_038",583,"2021-12-09","history","-1.08979157879112"
"exdqlm_univar_synth","draw_038",583,"2021-12-10","history","-0.699146083043755"
"exdqlm_univar_synth","draw_038",583,"2021-12-11","history","-0.687481110061511"
"exdqlm_univar_synth","draw_038",583,"2021-12-12","history","-0.721869852455469"
"exdqlm_univar_synth","draw_038",583,"2021-12-13","history","1.29171754022321"
"exdqlm_univar_synth","draw_038",583,"2021-12-14","history","1.39279312612716"
"exdqlm_univar_synth","draw_038",583,"2021-12-15","history","1.03912663142668"
"exdqlm_univar_synth","draw_038",583,"2021-12-16","history","1.13774962477148"
"exdqlm_univar_synth","draw_038",583,"2021-12-17","history","0.481260338165968"
"exdqlm_univar_synth","draw_038",583,"2021-12-18","history","0.505073867258435"
"exdqlm_univar_synth","draw_038",583,"2021-12-19","history","-0.380717410658254"
"exdqlm_univar_synth","draw_038",583,"2021-12-20","history","0.0317947006200562"
"exdqlm_univar_synth","draw_038",583,"2021-12-21","history","0.0647712326585203"
"exdqlm_univar_synth","draw_039",599,"2021-12-03","history","-0.408956909194819"
"exdqlm_univar_synth","draw_039",599,"2021-12-04","history","-0.498258160335941"
"exdqlm_univar_synth","draw_039",599,"2021-12-05","history","-0.584236248478181"
"exdqlm_univar_synth","draw_039",599,"2021-12-06","history","-0.614715983616407"
"exdqlm_univar_synth","draw_039",599,"2021-12-07","history","-0.384089359732849"
"exdqlm_univar_synth","draw_039",599,"2021-12-08","history","-0.318265559059883"
"exdqlm_univar_synth","draw_039",599,"2021-12-09","history","-0.587239221608528"
"exdqlm_univar_synth","draw_039",599,"2021-12-10","history","-0.601398675083174"
"exdqlm_univar_synth","draw_039",599,"2021-12-11","history","-0.776063649423157"
"exdqlm_univar_synth","draw_039",599,"2021-12-12","history","-0.857935440873684"
"exdqlm_univar_synth","draw_039",599,"2021-12-13","history","1.15935763785512"
"exdqlm_univar_synth","draw_039",599,"2021-12-14","history","1.13118799846976"
"exdqlm_univar_synth","draw_039",599,"2021-12-15","history","1.16921992501480"
"exdqlm_univar_synth","draw_039",599,"2021-12-16","history","1.07271622174145"
"exdqlm_univar_synth","draw_039",599,"2021-12-17","history","0.161729284703721"
"exdqlm_univar_synth","draw_039",599,"2021-12-18","history","0.388677900375116"
"exdqlm_univar_synth","draw_039",599,"2021-12-19","history","0.267386335765730"
"exdqlm_univar_synth","draw_039",599,"2021-12-20","history","0.138915440444950"
"exdqlm_univar_synth","draw_039",599,"2021-12-21","history","-0.128705811670187"
"exdqlm_univar_synth","draw_040",615,"2021-12-03","history","-0.377139479096534"
"exdqlm_univar_synth","draw_040",615,"2021-12-04","history","-0.476686813983751"
"exdqlm_univar_synth","draw_040",615,"2021-12-05","history","-0.735677293439262"
"exdqlm_univar_synth","draw_040",615,"2021-12-06","history","-0.467815033515336"
"exdqlm_univar_synth","draw_040",615,"2021-12-07","history","-0.366484918605186"
"exdqlm_univar_synth","draw_040",615,"2021-12-08","history","-0.602187715082374"
"exdqlm_univar_synth","draw_040",615,"2021-12-09","history","-0.645252862219428"
"exdqlm_univar_synth","draw_040",615,"2021-12-10","history","-0.702382000922072"
"exdqlm_univar_synth","draw_040",615,"2021-12-11","history","-0.470103268347121"
"exdqlm_univar_synth","draw_040",615,"2021-12-12","history","-0.524228757859129"
"exdqlm_univar_synth","draw_040",615,"2021-12-13","history","0.620178265209335"
"exdqlm_univar_synth","draw_040",615,"2021-12-14","history","1.40569631385939"
"exdqlm_univar_synth","draw_040",615,"2021-12-15","history","0.693026881992241"
"exdqlm_univar_synth","draw_040",615,"2021-12-16","history","0.847735074126324"
"exdqlm_univar_synth","draw_040",615,"2021-12-17","history","0.307082098042611"
"exdqlm_univar_synth","draw_040",615,"2021-12-18","history","0.270455980492825"
"exdqlm_univar_synth","draw_040",615,"2021-12-19","history","0.231761052884038"
"exdqlm_univar_synth","draw_040",615,"2021-12-20","history","-0.150179897524204"
"exdqlm_univar_synth","draw_040",615,"2021-12-21","history","-0.0669688550133946"
"exdqlm_univar_synth","draw_041",631,"2021-12-03","history","-0.265868590873958"
"exdqlm_univar_synth","draw_041",631,"2021-12-04","history","-0.473218625260651"
"exdqlm_univar_synth","draw_041",631,"2021-12-05","history","-0.568037262192517"
"exdqlm_univar_synth","draw_041",631,"2021-12-06","history","-0.249719370335530"
"exdqlm_univar_synth","draw_041",631,"2021-12-07","history","-0.644099238432745"
"exdqlm_univar_synth","draw_041",631,"2021-12-08","history","-0.649247219610468"
"exdqlm_univar_synth","draw_041",631,"2021-12-09","history","-0.805390820969247"
"exdqlm_univar_synth","draw_041",631,"2021-12-10","history","-0.555186822056631"
"exdqlm_univar_synth","draw_041",631,"2021-12-11","history","-0.748385755775079"
"exdqlm_univar_synth","draw_041",631,"2021-12-12","history","-0.768942164074733"
"exdqlm_univar_synth","draw_041",631,"2021-12-13","history","1.08081011067182"
"exdqlm_univar_synth","draw_041",631,"2021-12-14","history","1.11169812529648"
"exdqlm_univar_synth","draw_041",631,"2021-12-15","history","0.764635661393122"
"exdqlm_univar_synth","draw_041",631,"2021-12-16","history","1.03123186016401"
"exdqlm_univar_synth","draw_041",631,"2021-12-17","history","0.385003842608735"
"exdqlm_univar_synth","draw_041",631,"2021-12-18","history","0.471658987263841"
"exdqlm_univar_synth","draw_041",631,"2021-12-19","history","-0.137393407351346"
"exdqlm_univar_synth","draw_041",631,"2021-12-20","history","0.0731379328667069"
"exdqlm_univar_synth","draw_041",631,"2021-12-21","history","-0.0849699426158401"
"exdqlm_univar_synth","draw_042",646,"2021-12-03","history","-0.383517981781432"
"exdqlm_univar_synth","draw_042",646,"2021-12-04","history","-0.654316901425527"
"exdqlm_univar_synth","draw_042",646,"2021-12-05","history","-0.682163098136481"
"exdqlm_univar_synth","draw_042",646,"2021-12-06","history","-0.473015170480400"
"exdqlm_univar_synth","draw_042",646,"2021-12-07","history","-0.464909050870281"
"exdqlm_univar_synth","draw_042",646,"2021-12-08","history","-0.604285878386552"
"exdqlm_univar_synth","draw_042",646,"2021-12-09","history","-0.478682662113692"
"exdqlm_univar_synth","draw_042",646,"2021-12-10","history","-0.386141661281025"
"exdqlm_univar_synth","draw_042",646,"2021-12-11","history","-0.367610147826772"
"exdqlm_univar_synth","draw_042",646,"2021-12-12","history","-0.591519290237771"
"exdqlm_univar_synth","draw_042",646,"2021-12-13","history","0.929769685555003"
"exdqlm_univar_synth","draw_042",646,"2021-12-14","history","1.53358061125631"
"exdqlm_univar_synth","draw_042",646,"2021-12-15","history","0.836946023240533"
"exdqlm_univar_synth","draw_042",646,"2021-12-16","history","0.800431207634420"
"exdqlm_univar_synth","draw_042",646,"2021-12-17","history","0.729330618683069"
"exdqlm_univar_synth","draw_042",646,"2021-12-18","history","0.386553877470538"
"exdqlm_univar_synth","draw_042",646,"2021-12-19","history","0.0626094584635682"
"exdqlm_univar_synth","draw_042",646,"2021-12-20","history","-0.190730680378946"
"exdqlm_univar_synth","draw_042",646,"2021-12-21","history","-0.0905886394138456"
"exdqlm_univar_synth","draw_043",662,"2021-12-03","history","-0.781078047020474"
"exdqlm_univar_synth","draw_043",662,"2021-12-04","history","-0.328997289413548"
"exdqlm_univar_synth","draw_043",662,"2021-12-05","history","-0.737611953371450"
"exdqlm_univar_synth","draw_043",662,"2021-12-06","history","-0.594714837622367"
"exdqlm_univar_synth","draw_043",662,"2021-12-07","history","-0.471799662433691"
"exdqlm_univar_synth","draw_043",662,"2021-12-08","history","-0.429316757815416"
"exdqlm_univar_synth","draw_043",662,"2021-12-09","history","-0.439547489396891"
"exdqlm_univar_synth","draw_043",662,"2021-12-10","history","-0.733519641153012"
"exdqlm_univar_synth","draw_043",662,"2021-12-11","history","-0.630912332214976"
"exdqlm_univar_synth","draw_043",662,"2021-12-12","history","-0.680753699628637"
"exdqlm_univar_synth","draw_043",662,"2021-12-13","history","0.666384545687569"
"exdqlm_univar_synth","draw_043",662,"2021-12-14","history","1.18219077369102"
"exdqlm_univar_synth","draw_043",662,"2021-12-15","history","0.878563440624977"
"exdqlm_univar_synth","draw_043",662,"2021-12-16","history","0.880112023824451"
"exdqlm_univar_synth","draw_043",662,"2021-12-17","history","0.182724025031980"
"exdqlm_univar_synth","draw_043",662,"2021-12-18","history","0.123641627650383"
"exdqlm_univar_synth","draw_043",662,"2021-12-19","history","0.0985698879075698"
"exdqlm_univar_synth","draw_043",662,"2021-12-20","history","0.198875040305319"
"exdqlm_univar_synth","draw_043",662,"2021-12-21","history","0.289615700401143"
"exdqlm_univar_synth","draw_044",678,"2021-12-03","history","-0.762161402298340"
"exdqlm_univar_synth","draw_044",678,"2021-12-04","history","-0.730035863429479"
"exdqlm_univar_synth","draw_044",678,"2021-12-05","history","-0.403128383145288"
"exdqlm_univar_synth","draw_044",678,"2021-12-06","history","-0.368357073786668"
"exdqlm_univar_synth","draw_044",678,"2021-12-07","history","-0.492258160818821"
"exdqlm_univar_synth","draw_044",678,"2021-12-08","history","-0.298477094713616"
"exdqlm_univar_synth","draw_044",678,"2021-12-09","history","-0.832103983054509"
"exdqlm_univar_synth","draw_044",678,"2021-12-10","history","-0.533951925332738"
"exdqlm_univar_synth","draw_044",678,"2021-12-11","history","-0.764964484976664"
"exdqlm_univar_synth","draw_044",678,"2021-12-12","history","-0.775895404174587"
"exdqlm_univar_synth","draw_044",678,"2021-12-13","history","1.83836816832989"
"exdqlm_univar_synth","draw_044",678,"2021-12-14","history","1.36264558261334"
"exdqlm_univar_synth","draw_044",678,"2021-12-15","history","0.999601254593798"
"exdqlm_univar_synth","draw_044",678,"2021-12-16","history","0.926170666544969"
"exdqlm_univar_synth","draw_044",678,"2021-12-17","history","0.861118974409540"
"exdqlm_univar_synth","draw_044",678,"2021-12-18","history","0.264781554426972"
"exdqlm_univar_synth","draw_044",678,"2021-12-19","history","0.231170504687937"
"exdqlm_univar_synth","draw_044",678,"2021-12-20","history","0.210096361143001"
"exdqlm_univar_synth","draw_044",678,"2021-12-21","history","0.0709675674197742"
"exdqlm_univar_synth","draw_045",694,"2021-12-03","history","-0.497231647788282"
"exdqlm_univar_synth","draw_045",694,"2021-12-04","history","-0.525773088185894"
"exdqlm_univar_synth","draw_045",694,"2021-12-05","history","-0.710579604142100"
"exdqlm_univar_synth","draw_045",694,"2021-12-06","history","-0.439437207289300"
"exdqlm_univar_synth","draw_045",694,"2021-12-07","history","-0.608360490800044"
"exdqlm_univar_synth","draw_045",694,"2021-12-08","history","-0.718439502008735"
"exdqlm_univar_synth","draw_045",694,"2021-12-09","history","-0.691497747216972"
"exdqlm_univar_synth","draw_045",694,"2021-12-10","history","-0.773117395884503"
"exdqlm_univar_synth","draw_045",694,"2021-12-11","history","-0.559432656879604"
"exdqlm_univar_synth","draw_045",694,"2021-12-12","history","-0.372908096329275"
"exdqlm_univar_synth","draw_045",694,"2021-12-13","history","0.847333973259283"
"exdqlm_univar_synth","draw_045",694,"2021-12-14","history","1.91430017156506"
"exdqlm_univar_synth","draw_045",694,"2021-12-15","history","0.738517807633280"
"exdqlm_univar_synth","draw_045",694,"2021-12-16","history","1.29529543381459"
"exdqlm_univar_synth","draw_045",694,"2021-12-17","history","0.394162107259155"
"exdqlm_univar_synth","draw_045",694,"2021-12-18","history","0.408384431879858"
"exdqlm_univar_synth","draw_045",694,"2021-12-19","history","-0.140054173516119"
"exdqlm_univar_synth","draw_045",694,"2021-12-20","history","-0.0691175895406721"
"exdqlm_univar_synth","draw_045",694,"2021-12-21","history","0.130698971219764"
"exdqlm_univar_synth","draw_046",709,"2021-12-03","history","-0.658032321918683"
"exdqlm_univar_synth","draw_046",709,"2021-12-04","history","-0.658303532927820"
"exdqlm_univar_synth","draw_046",709,"2021-12-05","history","-0.537644585511676"
"exdqlm_univar_synth","draw_046",709,"2021-12-06","history","-0.694352498586973"
"exdqlm_univar_synth","draw_046",709,"2021-12-07","history","-0.573234260383851"
"exdqlm_univar_synth","draw_046",709,"2021-12-08","history","-0.472259633944682"
"exdqlm_univar_synth","draw_046",709,"2021-12-09","history","-0.448455018557240"
"exdqlm_univar_synth","draw_046",709,"2021-12-10","history","-0.581777681846913"
"exdqlm_univar_synth","draw_046",709,"2021-12-11","history","-0.371660239433770"
"exdqlm_univar_synth","draw_046",709,"2021-12-12","history","-0.713844364275494"
"exdqlm_univar_synth","draw_046",709,"2021-12-13","history","1.30957401124585"
"exdqlm_univar_synth","draw_046",709,"2021-12-14","history","1.73540634528582"
"exdqlm_univar_synth","draw_046",709,"2021-12-15","history","1.15976780029448"
"exdqlm_univar_synth","draw_046",709,"2021-12-16","history","1.26070876702422"
"exdqlm_univar_synth","draw_046",709,"2021-12-17","history","0.558588218555573"
"exdqlm_univar_synth","draw_046",709,"2021-12-18","history","0.117909583072773"
"exdqlm_univar_synth","draw_046",709,"2021-12-19","history","0.182302239960518"
"exdqlm_univar_synth","draw_046",709,"2021-12-20","history","0.308165408008056"
"exdqlm_univar_synth","draw_046",709,"2021-12-21","history","-0.160525696344556"
"exdqlm_univar_synth","draw_047",725,"2021-12-03","history","-0.370947870215087"
"exdqlm_univar_synth","draw_047",725,"2021-12-04","history","-0.715771155689028"
"exdqlm_univar_synth","draw_047",725,"2021-12-05","history","-0.328405706566890"
"exdqlm_univar_synth","draw_047",725,"2021-12-06","history","-0.583543734152616"
"exdqlm_univar_synth","draw_047",725,"2021-12-07","history","-0.333791684082339"
"exdqlm_univar_synth","draw_047",725,"2021-12-08","history","-0.739458446611909"
"exdqlm_univar_synth","draw_047",725,"2021-12-09","history","-0.398608691339081"
"exdqlm_univar_synth","draw_047",725,"2021-12-10","history","-0.778185511428206"
"exdqlm_univar_synth","draw_047",725,"2021-12-11","history","-0.804729573978621"
"exdqlm_univar_synth","draw_047",725,"2021-12-12","history","-0.572004235503481"
"exdqlm_univar_synth","draw_047",725,"2021-12-13","history","1.27580232548765"
"exdqlm_univar_synth","draw_047",725,"2021-12-14","history","1.41096667748980"
"exdqlm_univar_synth","draw_047",725,"2021-12-15","history","0.921765845967343"
"exdqlm_univar_synth","draw_047",725,"2021-12-16","history","1.58618293967714"
"exdqlm_univar_synth","draw_047",725,"2021-12-17","history","0.146415938132214"
"exdqlm_univar_synth","draw_047",725,"2021-12-18","history","0.413169047922258"
"exdqlm_univar_synth","draw_047",725,"2021-12-19","history","0.252493411817652"
"exdqlm_univar_synth","draw_047",725,"2021-12-20","history","-0.125641918092331"
"exdqlm_univar_synth","draw_047",725,"2021-12-21","history","-0.0185877187737668"
"exdqlm_univar_synth","draw_048",741,"2021-12-03","history","-0.733648579507507"
"exdqlm_univar_synth","draw_048",741,"2021-12-04","history","-0.318444147493358"
"exdqlm_univar_synth","draw_048",741,"2021-12-05","history","-0.838570981549568"
"exdqlm_univar_synth","draw_048",741,"2021-12-06","history","-0.928231851127369"
"exdqlm_univar_synth","draw_048",741,"2021-12-07","history","-0.696784618805953"
"exdqlm_univar_synth","draw_048",741,"2021-12-08","history","-0.340154935355462"
"exdqlm_univar_synth","draw_048",741,"2021-12-09","history","-0.580540844751971"
"exdqlm_univar_synth","draw_048",741,"2021-12-10","history","-0.263095978751958"
"exdqlm_univar_synth","draw_048",741,"2021-12-11","history","-0.886917584846311"
"exdqlm_univar_synth","draw_048",741,"2021-12-12","history","-0.734317444376482"
"exdqlm_univar_synth","draw_048",741,"2021-12-13","history","1.33014570461474"
"exdqlm_univar_synth","draw_048",741,"2021-12-14","history","1.73805401795195"
"exdqlm_univar_synth","draw_048",741,"2021-12-15","history","1.04322563062865"
"exdqlm_univar_synth","draw_048",741,"2021-12-16","history","1.35362567593143"
"exdqlm_univar_synth","draw_048",741,"2021-12-17","history","0.633896141078492"
"exdqlm_univar_synth","draw_048",741,"2021-12-18","history","0.327934023060305"
"exdqlm_univar_synth","draw_048",741,"2021-12-19","history","-0.137205389198015"
"exdqlm_univar_synth","draw_048",741,"2021-12-20","history","0.151161287346559"
"exdqlm_univar_synth","draw_048",741,"2021-12-21","history","-0.130224809465275"
"exdqlm_univar_synth","draw_049",757,"2021-12-03","history","-0.689067219362798"
"exdqlm_univar_synth","draw_049",757,"2021-12-04","history","-0.401808439301048"
"exdqlm_univar_synth","draw_049",757,"2021-12-05","history","-0.420057048916979"
"exdqlm_univar_synth","draw_049",757,"2021-12-06","history","-0.586979634511356"
"exdqlm_univar_synth","draw_049",757,"2021-12-07","history","-0.405643861874899"
"exdqlm_univar_synth","draw_049",757,"2021-12-08","history","-0.637170726105680"
"exdqlm_univar_synth","draw_049",757,"2021-12-09","history","-0.396783028537001"
"exdqlm_univar_synth","draw_049",757,"2021-12-10","history","-0.307700301454246"
"exdqlm_univar_synth","draw_049",757,"2021-12-11","history","-0.668530312756945"
"exdqlm_univar_synth","draw_049",757,"2021-12-12","history","-0.425773210245988"
"exdqlm_univar_synth","draw_049",757,"2021-12-13","history","1.42497715247896"
"exdqlm_univar_synth","draw_049",757,"2021-12-14","history","1.53697928322219"
"exdqlm_univar_synth","draw_049",757,"2021-12-15","history","0.694952425164854"
"exdqlm_univar_synth","draw_049",757,"2021-12-16","history","0.922730108236515"
"exdqlm_univar_synth","draw_049",757,"2021-12-17","history","0.197345517115762"
"exdqlm_univar_synth","draw_049",757,"2021-12-18","history","0.438505070368829"
"exdqlm_univar_synth","draw_049",757,"2021-12-19","history","-0.160498009431467"
"exdqlm_univar_synth","draw_049",757,"2021-12-20","history","0.0849026847695137"
"exdqlm_univar_synth","draw_049",757,"2021-12-21","history","-0.0518108775172524"
"exdqlm_univar_synth","draw_050",772,"2021-12-03","history","-0.732108451731994"
"exdqlm_univar_synth","draw_050",772,"2021-12-04","history","-0.819860316637705"
"exdqlm_univar_synth","draw_050",772,"2021-12-05","history","-0.520593200566546"
"exdqlm_univar_synth","draw_050",772,"2021-12-06","history","-0.729677189103103"
"exdqlm_univar_synth","draw_050",772,"2021-12-07","history","-0.540611956714431"
"exdqlm_univar_synth","draw_050",772,"2021-12-08","history","-0.479396847975117"
"exdqlm_univar_synth","draw_050",772,"2021-12-09","history","-0.640788815337639"
"exdqlm_univar_synth","draw_050",772,"2021-12-10","history","-0.894970119371503"
"exdqlm_univar_synth","draw_050",772,"2021-12-11","history","-0.799021041514494"
"exdqlm_univar_synth","draw_050",772,"2021-12-12","history","-0.701946347461632"
"exdqlm_univar_synth","draw_050",772,"2021-12-13","history","1.19218204010294"
"exdqlm_univar_synth","draw_050",772,"2021-12-14","history","1.65770183483494"
"exdqlm_univar_synth","draw_050",772,"2021-12-15","history","0.876435014418770"
"exdqlm_univar_synth","draw_050",772,"2021-12-16","history","0.997501232174204"
"exdqlm_univar_synth","draw_050",772,"2021-12-17","history","0.530004819087687"
"exdqlm_univar_synth","draw_050",772,"2021-12-18","history","0.248167167096320"
"exdqlm_univar_synth","draw_050",772,"2021-12-19","history","-0.0961456048143997"
"exdqlm_univar_synth","draw_050",772,"2021-12-20","history","-0.0708468557809659"
"exdqlm_univar_synth","draw_050",772,"2021-12-21","history","0.0838760211678350"
"exdqlm_univar_synth","draw_051",788,"2021-12-03","history","-0.465052364047240"
"exdqlm_univar_synth","draw_051",788,"2021-12-04","history","-0.553844811668042"
"exdqlm_univar_synth","draw_051",788,"2021-12-05","history","-0.745655754566070"
"exdqlm_univar_synth","draw_051",788,"2021-12-06","history","-0.561331916686377"
"exdqlm_univar_synth","draw_051",788,"2021-12-07","history","-0.667718533235990"
"exdqlm_univar_synth","draw_051",788,"2021-12-08","history","-0.623003381951985"
"exdqlm_univar_synth","draw_051",788,"2021-12-09","history","-0.356631411042581"
"exdqlm_univar_synth","draw_051",788,"2021-12-10","history","-0.778312613111344"
"exdqlm_univar_synth","draw_051",788,"2021-12-11","history","-0.666369859231869"
"exdqlm_univar_synth","draw_051",788,"2021-12-12","history","-0.570817918575425"
"exdqlm_univar_synth","draw_051",788,"2021-12-13","history","1.09212267599158"
"exdqlm_univar_synth","draw_051",788,"2021-12-14","history","1.91792086457389"
"exdqlm_univar_synth","draw_051",788,"2021-12-15","history","0.807697941382276"
"exdqlm_univar_synth","draw_051",788,"2021-12-16","history","1.30700384156520"
"exdqlm_univar_synth","draw_051",788,"2021-12-17","history","0.269188887599365"
"exdqlm_univar_synth","draw_051",788,"2021-12-18","history","0.0811179981753530"
"exdqlm_univar_synth","draw_051",788,"2021-12-19","history","-0.0625121870649778"
"exdqlm_univar_synth","draw_051",788,"2021-12-20","history","-0.0155776584263222"
"exdqlm_univar_synth","draw_051",788,"2021-12-21","history","-0.0701984178086962"
"exdqlm_univar_synth","draw_052",804,"2021-12-03","history","-0.768281022434232"
"exdqlm_univar_synth","draw_052",804,"2021-12-04","history","-0.366023876805423"
"exdqlm_univar_synth","draw_052",804,"2021-12-05","history","-0.872254303196482"
"exdqlm_univar_synth","draw_052",804,"2021-12-06","history","-0.478825204639608"
"exdqlm_univar_synth","draw_052",804,"2021-12-07","history","-0.377548397953516"
"exdqlm_univar_synth","draw_052",804,"2021-12-08","history","-0.691635620824130"
"exdqlm_univar_synth","draw_052",804,"2021-12-09","history","-0.784354697166156"
"exdqlm_univar_synth","draw_052",804,"2021-12-10","history","-0.681280636469624"
"exdqlm_univar_synth","draw_052",804,"2021-12-11","history","-0.856152628196174"
"exdqlm_univar_synth","draw_052",804,"2021-12-12","history","-0.606829815633102"
"exdqlm_univar_synth","draw_052",804,"2021-12-13","history","1.01589615666748"
"exdqlm_univar_synth","draw_052",804,"2021-12-14","history","2.12358696317385"
"exdqlm_univar_synth","draw_052",804,"2021-12-15","history","0.960453030535684"
"exdqlm_univar_synth","draw_052",804,"2021-12-16","history","1.25964756535561"
"exdqlm_univar_synth","draw_052",804,"2021-12-17","history","0.379484338386520"
"exdqlm_univar_synth","draw_052",804,"2021-12-18","history","0.713268986455396"
"exdqlm_univar_synth","draw_052",804,"2021-12-19","history","-0.0618002957369204"
"exdqlm_univar_synth","draw_052",804,"2021-12-20","history","0.368228873622172"
"exdqlm_univar_synth","draw_052",804,"2021-12-21","history","0.0671959099557494"
"exdqlm_univar_synth","draw_053",819,"2021-12-03","history","-0.436728113134138"
"exdqlm_univar_synth","draw_053",819,"2021-12-04","history","-0.621211952791905"
"exdqlm_univar_synth","draw_053",819,"2021-12-05","history","-0.708500142208904"
"exdqlm_univar_synth","draw_053",819,"2021-12-06","history","-0.819625002285842"
"exdqlm_univar_synth","draw_053",819,"2021-12-07","history","-0.431735041033127"
"exdqlm_univar_synth","draw_053",819,"2021-12-08","history","-0.885559263591094"
"exdqlm_univar_synth","draw_053",819,"2021-12-09","history","-0.434925600204957"
"exdqlm_univar_synth","draw_053",819,"2021-12-10","history","-0.626183303566575"
"exdqlm_univar_synth","draw_053",819,"2021-12-11","history","-0.598196193988009"
"exdqlm_univar_synth","draw_053",819,"2021-12-12","history","-0.772326448780393"
"exdqlm_univar_synth","draw_053",819,"2021-12-13","history","1.32299290860335"
"exdqlm_univar_synth","draw_053",819,"2021-12-14","history","1.70316836816419"
"exdqlm_univar_synth","draw_053",819,"2021-12-15","history","1.01812404284108"
"exdqlm_univar_synth","draw_053",819,"2021-12-16","history","1.38978643077431"
"exdqlm_univar_synth","draw_053",819,"2021-12-17","history","0.274902283106285"
"exdqlm_univar_synth","draw_053",819,"2021-12-18","history","0.223381442092117"
"exdqlm_univar_synth","draw_053",819,"2021-12-19","history","-0.0604936664403047"
"exdqlm_univar_synth","draw_053",819,"2021-12-20","history","-0.0831634268037103"
"exdqlm_univar_synth","draw_053",819,"2021-12-21","history","-0.143501890434412"
"exdqlm_univar_synth","draw_054",835,"2021-12-03","history","-0.342234305641684"
"exdqlm_univar_synth","draw_054",835,"2021-12-04","history","-0.367380224892929"
"exdqlm_univar_synth","draw_054",835,"2021-12-05","history","-0.375365554740654"
"exdqlm_univar_synth","draw_054",835,"2021-12-06","history","-0.872236308830463"
"exdqlm_univar_synth","draw_054",835,"2021-12-07","history","-0.203304311774744"
"exdqlm_univar_synth","draw_054",835,"2021-12-08","history","-0.213136071294124"
"exdqlm_univar_synth","draw_054",835,"2021-12-09","history","-0.177198669424801"
"exdqlm_univar_synth","draw_054",835,"2021-12-10","history","-0.781342103551665"
"exdqlm_univar_synth","draw_054",835,"2021-12-11","history","-0.372491151334232"
"exdqlm_univar_synth","draw_054",835,"2021-12-12","history","-0.831625155605321"
"exdqlm_univar_synth","draw_054",835,"2021-12-13","history","1.39977146260969"
"exdqlm_univar_synth","draw_054",835,"2021-12-14","history","1.28489155116447"
"exdqlm_univar_synth","draw_054",835,"2021-12-15","history","1.22233662258283"
"exdqlm_univar_synth","draw_054",835,"2021-12-16","history","1.00612778190352"
"exdqlm_univar_synth","draw_054",835,"2021-12-17","history","0.326094882411474"
"exdqlm_univar_synth","draw_054",835,"2021-12-18","history","0.415897339075322"
"exdqlm_univar_synth","draw_054",835,"2021-12-19","history","0.198174620478374"
"exdqlm_univar_synth","draw_054",835,"2021-12-20","history","0.0419134649723920"
"exdqlm_univar_synth","draw_054",835,"2021-12-21","history","-0.0906118067073115"
"exdqlm_univar_synth","draw_055",851,"2021-12-03","history","-0.641699930760585"
"exdqlm_univar_synth","draw_055",851,"2021-12-04","history","-0.389286875822100"
"exdqlm_univar_synth","draw_055",851,"2021-12-05","history","-0.480012692390531"
"exdqlm_univar_synth","draw_055",851,"2021-12-06","history","-0.748176517469588"
"exdqlm_univar_synth","draw_055",851,"2021-12-07","history","-0.392899839512095"
"exdqlm_univar_synth","draw_055",851,"2021-12-08","history","-0.326600456563681"
"exdqlm_univar_synth","draw_055",851,"2021-12-09","history","-0.452705081483275"
"exdqlm_univar_synth","draw_055",851,"2021-12-10","history","-0.611664980593149"
"exdqlm_univar_synth","draw_055",851,"2021-12-11","history","-0.648263604186881"
"exdqlm_univar_synth","draw_055",851,"2021-12-12","history","-0.897654460405986"
"exdqlm_univar_synth","draw_055",851,"2021-12-13","history","0.835616044899149"
"exdqlm_univar_synth","draw_055",851,"2021-12-14","history","1.62253295933961"
"exdqlm_univar_synth","draw_055",851,"2021-12-15","history","0.968942795389798"
"exdqlm_univar_synth","draw_055",851,"2021-12-16","history","0.731258277044901"
"exdqlm_univar_synth","draw_055",851,"2021-12-17","history","0.140276313221662"
"exdqlm_univar_synth","draw_055",851,"2021-12-18","history","0.122713889982545"
"exdqlm_univar_synth","draw_055",851,"2021-12-19","history","0.202546305234676"
"exdqlm_univar_synth","draw_055",851,"2021-12-20","history","-0.0650691175316276"
"exdqlm_univar_synth","draw_055",851,"2021-12-21","history","-0.168640219177917"
"exdqlm_univar_synth","draw_056",867,"2021-12-03","history","-0.802312640911561"
"exdqlm_univar_synth","draw_056",867,"2021-12-04","history","-0.716961443930218"
"exdqlm_univar_synth","draw_056",867,"2021-12-05","history","-0.794762932131511"
"exdqlm_univar_synth","draw_056",867,"2021-12-06","history","-0.482174275686245"
"exdqlm_univar_synth","draw_056",867,"2021-12-07","history","-0.346222787984878"
"exdqlm_univar_synth","draw_056",867,"2021-12-08","history","-0.661168326444279"
"exdqlm_univar_synth","draw_056",867,"2021-12-09","history","-0.735531625322181"
"exdqlm_univar_synth","draw_056",867,"2021-12-10","history","-0.643664263543625"
"exdqlm_univar_synth","draw_056",867,"2021-12-11","history","-0.680729888331875"
"exdqlm_univar_synth","draw_056",867,"2021-12-12","history","-0.428172438221869"
"exdqlm_univar_synth","draw_056",867,"2021-12-13","history","1.92837039139211"
"exdqlm_univar_synth","draw_056",867,"2021-12-14","history","1.83033906933192"
"exdqlm_univar_synth","draw_056",867,"2021-12-15","history","0.624979560888533"
"exdqlm_univar_synth","draw_056",867,"2021-12-16","history","1.43552945496463"
"exdqlm_univar_synth","draw_056",867,"2021-12-17","history","0.126919440625123"
"exdqlm_univar_synth","draw_056",867,"2021-12-18","history","0.467337588718357"
"exdqlm_univar_synth","draw_056",867,"2021-12-19","history","0.0722591200775066"
"exdqlm_univar_synth","draw_056",867,"2021-12-20","history","-0.230758968444477"
"exdqlm_univar_synth","draw_056",867,"2021-12-21","history","-0.0432764990163588"
"exdqlm_univar_synth","draw_057",882,"2021-12-03","history","-0.482760796866915"
"exdqlm_univar_synth","draw_057",882,"2021-12-04","history","-0.398033148703415"
"exdqlm_univar_synth","draw_057",882,"2021-12-05","history","-0.351647352008185"
"exdqlm_univar_synth","draw_057",882,"2021-12-06","history","-0.357618150047697"
"exdqlm_univar_synth","draw_057",882,"2021-12-07","history","-0.406596833765006"
"exdqlm_univar_synth","draw_057",882,"2021-12-08","history","-0.710479817980959"
"exdqlm_univar_synth","draw_057",882,"2021-12-09","history","-0.457659035619458"
"exdqlm_univar_synth","draw_057",882,"2021-12-10","history","-0.950370102581652"
"exdqlm_univar_synth","draw_057",882,"2021-12-11","history","-0.700215370986819"
"exdqlm_univar_synth","draw_057",882,"2021-12-12","history","-0.562767110801365"
"exdqlm_univar_synth","draw_057",882,"2021-12-13","history","1.56963638314088"
"exdqlm_univar_synth","draw_057",882,"2021-12-14","history","1.71957956303594"
"exdqlm_univar_synth","draw_057",882,"2021-12-15","history","0.912935262880065"
"exdqlm_univar_synth","draw_057",882,"2021-12-16","history","0.855104317554831"
"exdqlm_univar_synth","draw_057",882,"2021-12-17","history","0.250510647569915"
"exdqlm_univar_synth","draw_057",882,"2021-12-18","history","0.0103263805081265"
"exdqlm_univar_synth","draw_057",882,"2021-12-19","history","0.0273440104528498"
"exdqlm_univar_synth","draw_057",882,"2021-12-20","history","0.238972372771978"
"exdqlm_univar_synth","draw_057",882,"2021-12-21","history","-0.146693743165198"
"exdqlm_univar_synth","draw_058",898,"2021-12-03","history","-0.506589473930786"
"exdqlm_univar_synth","draw_058",898,"2021-12-04","history","-0.450697631428356"
"exdqlm_univar_synth","draw_058",898,"2021-12-05","history","-0.483326111653966"
"exdqlm_univar_synth","draw_058",898,"2021-12-06","history","-0.532171551463131"
"exdqlm_univar_synth","draw_058",898,"2021-12-07","history","-0.254055906557922"
"exdqlm_univar_synth","draw_058",898,"2021-12-08","history","-0.523664431192704"
"exdqlm_univar_synth","draw_058",898,"2021-12-09","history","-0.631627962718980"
"exdqlm_univar_synth","draw_058",898,"2021-12-10","history","-0.929987835899166"
"exdqlm_univar_synth","draw_058",898,"2021-12-11","history","-0.625689800074931"
"exdqlm_univar_synth","draw_058",898,"2021-12-12","history","-0.876271871045631"
"exdqlm_univar_synth","draw_058",898,"2021-12-13","history","0.833778956883571"
"exdqlm_univar_synth","draw_058",898,"2021-12-14","history","1.96229308615762"
"exdqlm_univar_synth","draw_058",898,"2021-12-15","history","0.936172112622535"
"exdqlm_univar_synth","draw_058",898,"2021-12-16","history","0.834093642136176"
"exdqlm_univar_synth","draw_058",898,"2021-12-17","history","0.267420326702662"
"exdqlm_univar_synth","draw_058",898,"2021-12-18","history","0.260576749724849"
"exdqlm_univar_synth","draw_058",898,"2021-12-19","history","-0.159669317960934"
"exdqlm_univar_synth","draw_058",898,"2021-12-20","history","-0.0207106546089698"
"exdqlm_univar_synth","draw_058",898,"2021-12-21","history","0.235570662613336"
"exdqlm_univar_synth","draw_059",914,"2021-12-03","history","-0.650742986975390"
"exdqlm_univar_synth","draw_059",914,"2021-12-04","history","-0.787987014123915"
"exdqlm_univar_synth","draw_059",914,"2021-12-05","history","-0.678160633278235"
"exdqlm_univar_synth","draw_059",914,"2021-12-06","history","-0.674470786224129"
"exdqlm_univar_synth","draw_059",914,"2021-12-07","history","-0.728309018107984"
"exdqlm_univar_synth","draw_059",914,"2021-12-08","history","-0.574553379862970"
"exdqlm_univar_synth","draw_059",914,"2021-12-09","history","-0.627926974430836"
"exdqlm_univar_synth","draw_059",914,"2021-12-10","history","-0.780918908213986"
"exdqlm_univar_synth","draw_059",914,"2021-12-11","history","-0.799051448721916"
"exdqlm_univar_synth","draw_059",914,"2021-12-12","history","-0.474165887533592"
"exdqlm_univar_synth","draw_059",914,"2021-12-13","history","1.10920441358469"
"exdqlm_univar_synth","draw_059",914,"2021-12-14","history","1.37308673959767"
"exdqlm_univar_synth","draw_059",914,"2021-12-15","history","0.900114949730214"
"exdqlm_univar_synth","draw_059",914,"2021-12-16","history","0.824221446805682"
"exdqlm_univar_synth","draw_059",914,"2021-12-17","history","0.738250822998050"
"exdqlm_univar_synth","draw_059",914,"2021-12-18","history","0.477362293250941"
"exdqlm_univar_synth","draw_059",914,"2021-12-19","history","0.0723763224450659"
"exdqlm_univar_synth","draw_059",914,"2021-12-20","history","-0.0941294653879525"
"exdqlm_univar_synth","draw_059",914,"2021-12-21","history","0.201163502985508"
"exdqlm_univar_synth","draw_060",930,"2021-12-03","history","-0.672520185758737"
"exdqlm_univar_synth","draw_060",930,"2021-12-04","history","-0.296583569713619"
"exdqlm_univar_synth","draw_060",930,"2021-12-05","history","-0.678194684731405"
"exdqlm_univar_synth","draw_060",930,"2021-12-06","history","-0.419766744021167"
"exdqlm_univar_synth","draw_060",930,"2021-12-07","history","-0.684447087799422"
"exdqlm_univar_synth","draw_060",930,"2021-12-08","history","-0.781148014546771"
"exdqlm_univar_synth","draw_060",930,"2021-12-09","history","-0.350343703607613"
"exdqlm_univar_synth","draw_060",930,"2021-12-10","history","-0.683421862516961"
"exdqlm_univar_synth","draw_060",930,"2021-12-11","history","-0.641453685191652"
"exdqlm_univar_synth","draw_060",930,"2021-12-12","history","-0.822840829385295"
"exdqlm_univar_synth","draw_060",930,"2021-12-13","history","1.37924449224724"
"exdqlm_univar_synth","draw_060",930,"2021-12-14","history","1.34539932432259"
"exdqlm_univar_synth","draw_060",930,"2021-12-15","history","1.21674009070237"
"exdqlm_univar_synth","draw_060",930,"2021-12-16","history","1.64237084113181"
"exdqlm_univar_synth","draw_060",930,"2021-12-17","history","0.414176529402007"
"exdqlm_univar_synth","draw_060",930,"2021-12-18","history","0.103442790114431"
"exdqlm_univar_synth","draw_060",930,"2021-12-19","history","0.0383701387010123"
"exdqlm_univar_synth","draw_060",930,"2021-12-20","history","0.0316422825265554"
"exdqlm_univar_synth","draw_060",930,"2021-12-21","history","0.0672845710478111"
"exdqlm_univar_synth","draw_061",945,"2021-12-03","history","-0.655567660980698"
"exdqlm_univar_synth","draw_061",945,"2021-12-04","history","-0.473908723470968"
"exdqlm_univar_synth","draw_061",945,"2021-12-05","history","-0.838299919947487"
"exdqlm_univar_synth","draw_061",945,"2021-12-06","history","-0.630174434034892"
"exdqlm_univar_synth","draw_061",945,"2021-12-07","history","-0.849347385006404"
"exdqlm_univar_synth","draw_061",945,"2021-12-08","history","-0.802604798869244"
"exdqlm_univar_synth","draw_061",945,"2021-12-09","history","-0.615059279512803"
"exdqlm_univar_synth","draw_061",945,"2021-12-10","history","-0.882693164668281"
"exdqlm_univar_synth","draw_061",945,"2021-12-11","history","-0.629097693709827"
"exdqlm_univar_synth","draw_061",945,"2021-12-12","history","-0.836004506196050"
"exdqlm_univar_synth","draw_061",945,"2021-12-13","history","1.03798875321250"
"exdqlm_univar_synth","draw_061",945,"2021-12-14","history","1.40881509955372"
"exdqlm_univar_synth","draw_061",945,"2021-12-15","history","1.21037856776757"
"exdqlm_univar_synth","draw_061",945,"2021-12-16","history","1.22491614513050"
"exdqlm_univar_synth","draw_061",945,"2021-12-17","history","0.666329874253103"
"exdqlm_univar_synth","draw_061",945,"2021-12-18","history","0.274189126373580"
"exdqlm_univar_synth","draw_061",945,"2021-12-19","history","-0.0614455331755499"
"exdqlm_univar_synth","draw_061",945,"2021-12-20","history","0.198418920089058"
"exdqlm_univar_synth","draw_061",945,"2021-12-21","history","-0.0603660337399707"
"exdqlm_univar_synth","draw_062",961,"2021-12-03","history","-0.571076607150125"
"exdqlm_univar_synth","draw_062",961,"2021-12-04","history","-0.701527949598510"
"exdqlm_univar_synth","draw_062",961,"2021-12-05","history","-1.05429397373874"
"exdqlm_univar_synth","draw_062",961,"2021-12-06","history","-0.471728541952551"
"exdqlm_univar_synth","draw_062",961,"2021-12-07","history","-0.270312620337674"
"exdqlm_univar_synth","draw_062",961,"2021-12-08","history","-0.753037813510364"
"exdqlm_univar_synth","draw_062",961,"2021-12-09","history","-0.554743220377914"
"exdqlm_univar_synth","draw_062",961,"2021-12-10","history","-0.783550956782190"
"exdqlm_univar_synth","draw_062",961,"2021-12-11","history","-0.786738451152781"
"exdqlm_univar_synth","draw_062",961,"2021-12-12","history","-0.413330726937920"
"exdqlm_univar_synth","draw_062",961,"2021-12-13","history","1.45361940606905"
"exdqlm_univar_synth","draw_062",961,"2021-12-14","history","1.10134614315370"
"exdqlm_univar_synth","draw_062",961,"2021-12-15","history","1.01086027196508"
"exdqlm_univar_synth","draw_062",961,"2021-12-16","history","1.70131973303710"
"exdqlm_univar_synth","draw_062",961,"2021-12-17","history","0.299949918754475"
"exdqlm_univar_synth","draw_062",961,"2021-12-18","history","0.390637315586030"
"exdqlm_univar_synth","draw_062",961,"2021-12-19","history","-0.0706074285013091"
"exdqlm_univar_synth","draw_062",961,"2021-12-20","history","0.307697530229462"
"exdqlm_univar_synth","draw_062",961,"2021-12-21","history","0.530894888912640"
"exdqlm_univar_synth","draw_063",977,"2021-12-03","history","-0.355332045150830"
"exdqlm_univar_synth","draw_063",977,"2021-12-04","history","-0.448989164386307"
"exdqlm_univar_synth","draw_063",977,"2021-12-05","history","-0.795708531115220"
"exdqlm_univar_synth","draw_063",977,"2021-12-06","history","-0.801207526047864"
"exdqlm_univar_synth","draw_063",977,"2021-12-07","history","-0.669884974385388"
"exdqlm_univar_synth","draw_063",977,"2021-12-08","history","-0.292509028036534"
"exdqlm_univar_synth","draw_063",977,"2021-12-09","history","-0.661714635896953"
"exdqlm_univar_synth","draw_063",977,"2021-12-10","history","-0.286428620843263"
"exdqlm_univar_synth","draw_063",977,"2021-12-11","history","-0.579477077385988"
"exdqlm_univar_synth","draw_063",977,"2021-12-12","history","-0.548300172770167"
"exdqlm_univar_synth","draw_063",977,"2021-12-13","history","0.817289946439559"
"exdqlm_univar_synth","draw_063",977,"2021-12-14","history","1.46725799880646"
"exdqlm_univar_synth","draw_063",977,"2021-12-15","history","0.603508182373127"
"exdqlm_univar_synth","draw_063",977,"2021-12-16","history","1.50439069014515"
"exdqlm_univar_synth","draw_063",977,"2021-12-17","history","0.496791616910173"
"exdqlm_univar_synth","draw_063",977,"2021-12-18","history","0.472673988416342"
"exdqlm_univar_synth","draw_063",977,"2021-12-19","history","-0.156757398140586"
"exdqlm_univar_synth","draw_063",977,"2021-12-20","history","0.293639329089708"
"exdqlm_univar_synth","draw_063",977,"2021-12-21","history","-0.146112881474375"
"exdqlm_univar_synth","draw_064",993,"2021-12-03","history","-0.598433089041007"
"exdqlm_univar_synth","draw_064",993,"2021-12-04","history","-0.738332341863002"
"exdqlm_univar_synth","draw_064",993,"2021-12-05","history","-0.714361959682724"
"exdqlm_univar_synth","draw_064",993,"2021-12-06","history","-0.296168171563750"
"exdqlm_univar_synth","draw_064",993,"2021-12-07","history","-0.573039865956025"
"exdqlm_univar_synth","draw_064",993,"2021-12-08","history","-0.315289677980462"
"exdqlm_univar_synth","draw_064",993,"2021-12-09","history","-0.367297974689769"
"exdqlm_univar_synth","draw_064",993,"2021-12-10","history","-0.550868241182542"
"exdqlm_univar_synth","draw_064",993,"2021-12-11","history","-0.520623192856004"
"exdqlm_univar_synth","draw_064",993,"2021-12-12","history","-0.589604946856113"
"exdqlm_univar_synth","draw_064",993,"2021-12-13","history","1.96875510152931"
"exdqlm_univar_synth","draw_064",993,"2021-12-14","history","1.53804818013532"
"exdqlm_univar_synth","draw_064",993,"2021-12-15","history","0.904416078730628"
"exdqlm_univar_synth","draw_064",993,"2021-12-16","history","1.52453738251057"
"exdqlm_univar_synth","draw_064",993,"2021-12-17","history","0.669529144475523"
"exdqlm_univar_synth","draw_064",993,"2021-12-18","history","0.263141709199192"
"exdqlm_univar_synth","draw_064",993,"2021-12-19","history","0.339251012267347"
"exdqlm_univar_synth","draw_064",993,"2021-12-20","history","-0.0581813076073748"
"exdqlm_univar_synth","draw_064",993,"2021-12-21","history","0.0498290798619124"
"exdqlm_univar_synth","draw_065",1008,"2021-12-03","history","-0.241066666573511"
"exdqlm_univar_synth","draw_065",1008,"2021-12-04","history","-0.369169393598932"
"exdqlm_univar_synth","draw_065",1008,"2021-12-05","history","-0.597285813885416"
"exdqlm_univar_synth","draw_065",1008,"2021-12-06","history","-0.632397638085405"
"exdqlm_univar_synth","draw_065",1008,"2021-12-07","history","-0.614406113178342"
"exdqlm_univar_synth","draw_065",1008,"2021-12-08","history","-0.779297884426830"
"exdqlm_univar_synth","draw_065",1008,"2021-12-09","history","-0.405836824080741"
"exdqlm_univar_synth","draw_065",1008,"2021-12-10","history","-0.893292286473203"
"exdqlm_univar_synth","draw_065",1008,"2021-12-11","history","-0.290396785874361"
"exdqlm_univar_synth","draw_065",1008,"2021-12-12","history","-0.606378914853799"
"exdqlm_univar_synth","draw_065",1008,"2021-12-13","history","1.26695678645553"
"exdqlm_univar_synth","draw_065",1008,"2021-12-14","history","2.20449100790463"
"exdqlm_univar_synth","draw_065",1008,"2021-12-15","history","1.10757065670923"
"exdqlm_univar_synth","draw_065",1008,"2021-12-16","history","0.792217269741208"
"exdqlm_univar_synth","draw_065",1008,"2021-12-17","history","0.280263755308156"
"exdqlm_univar_synth","draw_065",1008,"2021-12-18","history","0.134062833200376"
"exdqlm_univar_synth","draw_065",1008,"2021-12-19","history","-0.158436539159494"
"exdqlm_univar_synth","draw_065",1008,"2021-12-20","history","-0.0722768964313463"
"exdqlm_univar_synth","draw_065",1008,"2021-12-21","history","0.202197406474385"
"exdqlm_univar_synth","draw_066",1024,"2021-12-03","history","-0.276108546798509"
"exdqlm_univar_synth","draw_066",1024,"2021-12-04","history","-0.575647558702334"
"exdqlm_univar_synth","draw_066",1024,"2021-12-05","history","-0.576005300262298"
"exdqlm_univar_synth","draw_066",1024,"2021-12-06","history","-0.357799029531215"
"exdqlm_univar_synth","draw_066",1024,"2021-12-07","history","-0.346671213858249"
"exdqlm_univar_synth","draw_066",1024,"2021-12-08","history","-0.745614088207250"
"exdqlm_univar_synth","draw_066",1024,"2021-12-09","history","-0.721944969990768"
"exdqlm_univar_synth","draw_066",1024,"2021-12-10","history","-0.603071397926387"
"exdqlm_univar_synth","draw_066",1024,"2021-12-11","history","-0.482034530513276"
"exdqlm_univar_synth","draw_066",1024,"2021-12-12","history","-0.563472338378895"
"exdqlm_univar_synth","draw_066",1024,"2021-12-13","history","0.851181694341405"
"exdqlm_univar_synth","draw_066",1024,"2021-12-14","history","1.84437663279266"
"exdqlm_univar_synth","draw_066",1024,"2021-12-15","history","0.922237156602720"
"exdqlm_univar_synth","draw_066",1024,"2021-12-16","history","0.941094879251175"
"exdqlm_univar_synth","draw_066",1024,"2021-12-17","history","0.189964095551770"
"exdqlm_univar_synth","draw_066",1024,"2021-12-18","history","0.365004764990075"
"exdqlm_univar_synth","draw_066",1024,"2021-12-19","history","-0.0494598953774333"
"exdqlm_univar_synth","draw_066",1024,"2021-12-20","history","0.152853522922221"
"exdqlm_univar_synth","draw_066",1024,"2021-12-21","history","-0.112638497888822"
"exdqlm_univar_synth","draw_067",1040,"2021-12-03","history","-0.357478547137779"
"exdqlm_univar_synth","draw_067",1040,"2021-12-04","history","-0.259487647961474"
"exdqlm_univar_synth","draw_067",1040,"2021-12-05","history","-0.432644008016097"
"exdqlm_univar_synth","draw_067",1040,"2021-12-06","history","-0.434974443660960"
"exdqlm_univar_synth","draw_067",1040,"2021-12-07","history","-0.761566780295885"
"exdqlm_univar_synth","draw_067",1040,"2021-12-08","history","-0.786105070892336"
"exdqlm_univar_synth","draw_067",1040,"2021-12-09","history","-0.380074408127491"
"exdqlm_univar_synth","draw_067",1040,"2021-12-10","history","-0.643909130871504"
"exdqlm_univar_synth","draw_067",1040,"2021-12-11","history","-0.769933606033454"
"exdqlm_univar_synth","draw_067",1040,"2021-12-12","history","-0.576701179276828"
"exdqlm_univar_synth","draw_067",1040,"2021-12-13","history","0.827749356635742"
"exdqlm_univar_synth","draw_067",1040,"2021-12-14","history","1.94056053985312"
"exdqlm_univar_synth","draw_067",1040,"2021-12-15","history","1.28715025435514"
"exdqlm_univar_synth","draw_067",1040,"2021-12-16","history","1.60620372192565"
"exdqlm_univar_synth","draw_067",1040,"2021-12-17","history","0.254196958289136"
"exdqlm_univar_synth","draw_067",1040,"2021-12-18","history","0.188203680380112"
"exdqlm_univar_synth","draw_067",1040,"2021-12-19","history","0.199568250483094"
"exdqlm_univar_synth","draw_067",1040,"2021-12-20","history","0.102380748330025"
"exdqlm_univar_synth","draw_067",1040,"2021-12-21","history","0.111806278686522"
"exdqlm_univar_synth","draw_068",1056,"2021-12-03","history","-0.630346795846986"
"exdqlm_univar_synth","draw_068",1056,"2021-12-04","history","-0.672897268199624"
"exdqlm_univar_synth","draw_068",1056,"2021-12-05","history","-0.668662632684630"
"exdqlm_univar_synth","draw_068",1056,"2021-12-06","history","-0.349730838348725"
"exdqlm_univar_synth","draw_068",1056,"2021-12-07","history","-0.484304989086451"
"exdqlm_univar_synth","draw_068",1056,"2021-12-08","history","-0.458366740205697"
"exdqlm_univar_synth","draw_068",1056,"2021-12-09","history","-0.696673350047096"
"exdqlm_univar_synth","draw_068",1056,"2021-12-10","history","-0.561678358815879"
"exdqlm_univar_synth","draw_068",1056,"2021-12-11","history","-0.523526147478648"
"exdqlm_univar_synth","draw_068",1056,"2021-12-12","history","-0.293806559006457"
"exdqlm_univar_synth","draw_068",1056,"2021-12-13","history","1.48676703220309"
"exdqlm_univar_synth","draw_068",1056,"2021-12-14","history","1.29455793884309"
"exdqlm_univar_synth","draw_068",1056,"2021-12-15","history","0.917239629327028"
"exdqlm_univar_synth","draw_068",1056,"2021-12-16","history","0.880617160643155"
"exdqlm_univar_synth","draw_068",1056,"2021-12-17","history","0.611808467468899"
"exdqlm_univar_synth","draw_068",1056,"2021-12-18","history","0.346742182535280"
"exdqlm_univar_synth","draw_068",1056,"2021-12-19","history","-0.0217279726174308"
"exdqlm_univar_synth","draw_068",1056,"2021-12-20","history","-0.147964708011725"
"exdqlm_univar_synth","draw_068",1056,"2021-12-21","history","-0.0869293384292970"
"exdqlm_univar_synth","draw_069",1071,"2021-12-03","history","-0.708994702033165"
"exdqlm_univar_synth","draw_069",1071,"2021-12-04","history","-0.366976233878689"
"exdqlm_univar_synth","draw_069",1071,"2021-12-05","history","-0.453366715660113"
"exdqlm_univar_synth","draw_069",1071,"2021-12-06","history","-0.854767385316105"
"exdqlm_univar_synth","draw_069",1071,"2021-12-07","history","-0.503666356573491"
"exdqlm_univar_synth","draw_069",1071,"2021-12-08","history","-0.717540774274779"
"exdqlm_univar_synth","draw_069",1071,"2021-12-09","history","-0.800804155850714"
"exdqlm_univar_synth","draw_069",1071,"2021-12-10","history","-0.693566789679343"
"exdqlm_univar_synth","draw_069",1071,"2021-12-11","history","-0.847763683907518"
"exdqlm_univar_synth","draw_069",1071,"2021-12-12","history","-0.817182159239251"
"exdqlm_univar_synth","draw_069",1071,"2021-12-13","history","0.830981369872443"
"exdqlm_univar_synth","draw_069",1071,"2021-12-14","history","1.52449101951838"
"exdqlm_univar_synth","draw_069",1071,"2021-12-15","history","0.678535818085191"
"exdqlm_univar_synth","draw_069",1071,"2021-12-16","history","1.43426120844179"
"exdqlm_univar_synth","draw_069",1071,"2021-12-17","history","0.398885491878169"
"exdqlm_univar_synth","draw_069",1071,"2021-12-18","history","0.737115595767497"
"exdqlm_univar_synth","draw_069",1071,"2021-12-19","history","0.370973871864520"
"exdqlm_univar_synth","draw_069",1071,"2021-12-20","history","-0.0000438122417058068"
"exdqlm_univar_synth","draw_069",1071,"2021-12-21","history","0.0632019639373523"
"exdqlm_univar_synth","draw_070",1087,"2021-12-03","history","-0.610218761027542"
"exdqlm_univar_synth","draw_070",1087,"2021-12-04","history","-0.501895364744384"
"exdqlm_univar_synth","draw_070",1087,"2021-12-05","history","-0.681848876380895"
"exdqlm_univar_synth","draw_070",1087,"2021-12-06","history","-0.507277061929508"
"exdqlm_univar_synth","draw_070",1087,"2021-12-07","history","-0.762047343478545"
"exdqlm_univar_synth","draw_070",1087,"2021-12-08","history","-0.447692866322378"
"exdqlm_univar_synth","draw_070",1087,"2021-12-09","history","-0.414089760033055"
"exdqlm_univar_synth","draw_070",1087,"2021-12-10","history","-0.542518436080804"
"exdqlm_univar_synth","draw_070",1087,"2021-12-11","history","-0.832796406865298"
"exdqlm_univar_synth","draw_070",1087,"2021-12-12","history","-0.563297422482339"
"exdqlm_univar_synth","draw_070",1087,"2021-12-13","history","1.76321296393073"
"exdqlm_univar_synth","draw_070",1087,"2021-12-14","history","1.44120037283678"
"exdqlm_univar_synth","draw_070",1087,"2021-12-15","history","0.620204405772782"
"exdqlm_univar_synth","draw_070",1087,"2021-12-16","history","1.47694993416656"
"exdqlm_univar_synth","draw_070",1087,"2021-12-17","history","0.615022454406096"
"exdqlm_univar_synth","draw_070",1087,"2021-12-18","history","0.461857632403779"
"exdqlm_univar_synth","draw_070",1087,"2021-12-19","history","0.110865599166419"
"exdqlm_univar_synth","draw_070",1087,"2021-12-20","history","-0.139327946966066"
"exdqlm_univar_synth","draw_070",1087,"2021-12-21","history","-0.0803972437463779"
"exdqlm_univar_synth","draw_071",1103,"2021-12-03","history","-0.475217126746442"
"exdqlm_univar_synth","draw_071",1103,"2021-12-04","history","-0.631229043299626"
"exdqlm_univar_synth","draw_071",1103,"2021-12-05","history","-0.730419272833798"
"exdqlm_univar_synth","draw_071",1103,"2021-12-06","history","-0.678649334888175"
"exdqlm_univar_synth","draw_071",1103,"2021-12-07","history","-0.781570137471513"
"exdqlm_univar_synth","draw_071",1103,"2021-12-08","history","-0.891607917795074"
"exdqlm_univar_synth","draw_071",1103,"2021-12-09","history","-0.591367376479152"
"exdqlm_univar_synth","draw_071",1103,"2021-12-10","history","-0.744256431160213"
"exdqlm_univar_synth","draw_071",1103,"2021-12-11","history","-0.427583909183578"
"exdqlm_univar_synth","draw_071",1103,"2021-12-12","history","-0.667989809236360"
"exdqlm_univar_synth","draw_071",1103,"2021-12-13","history","1.18408747838523"
"exdqlm_univar_synth","draw_071",1103,"2021-12-14","history","1.99248600671062"
"exdqlm_univar_synth","draw_071",1103,"2021-12-15","history","0.668380936253277"
"exdqlm_univar_synth","draw_071",1103,"2021-12-16","history","1.51606666382697"
"exdqlm_univar_synth","draw_071",1103,"2021-12-17","history","0.126830641434448"
"exdqlm_univar_synth","draw_071",1103,"2021-12-18","history","0.242707573865806"
"exdqlm_univar_synth","draw_071",1103,"2021-12-19","history","0.143345271037033"
"exdqlm_univar_synth","draw_071",1103,"2021-12-20","history","0.0865179030587757"
"exdqlm_univar_synth","draw_071",1103,"2021-12-21","history","0.533746552446747"
"exdqlm_univar_synth","draw_072",1119,"2021-12-03","history","-0.365837675467771"
"exdqlm_univar_synth","draw_072",1119,"2021-12-04","history","-0.674506045772710"
"exdqlm_univar_synth","draw_072",1119,"2021-12-05","history","-0.554812079268283"
"exdqlm_univar_synth","draw_072",1119,"2021-12-06","history","-0.735530764926094"
"exdqlm_univar_synth","draw_072",1119,"2021-12-07","history","-0.659486561657158"
"exdqlm_univar_synth","draw_072",1119,"2021-12-08","history","-0.425593710453265"
"exdqlm_univar_synth","draw_072",1119,"2021-12-09","history","-0.547049697544230"
"exdqlm_univar_synth","draw_072",1119,"2021-12-10","history","-0.554811120417782"
"exdqlm_univar_synth","draw_072",1119,"2021-12-11","history","-0.562992159855007"
"exdqlm_univar_synth","draw_072",1119,"2021-12-12","history","-0.706333597579767"
"exdqlm_univar_synth","draw_072",1119,"2021-12-13","history","1.05124499561139"
"exdqlm_univar_synth","draw_072",1119,"2021-12-14","history","1.11700078068557"
"exdqlm_univar_synth","draw_072",1119,"2021-12-15","history","0.816242155447956"
"exdqlm_univar_synth","draw_072",1119,"2021-12-16","history","0.907450039027314"
"exdqlm_univar_synth","draw_072",1119,"2021-12-17","history","0.221923663024667"
"exdqlm_univar_synth","draw_072",1119,"2021-12-18","history","0.162692637859844"
"exdqlm_univar_synth","draw_072",1119,"2021-12-19","history","0.395083173962560"
"exdqlm_univar_synth","draw_072",1119,"2021-12-20","history","0.0821448379631368"
"exdqlm_univar_synth","draw_072",1119,"2021-12-21","history","-0.123885618544525"
"exdqlm_univar_synth","draw_073",1134,"2021-12-03","history","-0.690447387128687"
"exdqlm_univar_synth","draw_073",1134,"2021-12-04","history","-0.589579140713378"
"exdqlm_univar_synth","draw_073",1134,"2021-12-05","history","-0.742482424403632"
"exdqlm_univar_synth","draw_073",1134,"2021-12-06","history","-0.531056945373626"
"exdqlm_univar_synth","draw_073",1134,"2021-12-07","history","-0.521962448696997"
"exdqlm_univar_synth","draw_073",1134,"2021-12-08","history","-0.640419088825413"
"exdqlm_univar_synth","draw_073",1134,"2021-12-09","history","-0.624957906141797"
"exdqlm_univar_synth","draw_073",1134,"2021-12-10","history","-0.821854913091226"
"exdqlm_univar_synth","draw_073",1134,"2021-12-11","history","-0.848219317320672"
"exdqlm_univar_synth","draw_073",1134,"2021-12-12","history","-0.883159039167282"
"exdqlm_univar_synth","draw_073",1134,"2021-12-13","history","1.07335515602080"
"exdqlm_univar_synth","draw_073",1134,"2021-12-14","history","1.47461355520409"
"exdqlm_univar_synth","draw_073",1134,"2021-12-15","history","0.886966202697766"
"exdqlm_univar_synth","draw_073",1134,"2021-12-16","history","1.47569451781802"
"exdqlm_univar_synth","draw_073",1134,"2021-12-17","history","0.144411967949615"
"exdqlm_univar_synth","draw_073",1134,"2021-12-18","history","0.366874084356083"
"exdqlm_univar_synth","draw_073",1134,"2021-12-19","history","-0.104973262810540"
"exdqlm_univar_synth","draw_073",1134,"2021-12-20","history","0.0353318260154143"
"exdqlm_univar_synth","draw_073",1134,"2021-12-21","history","0.0697876978055640"
"exdqlm_univar_synth","draw_074",1150,"2021-12-03","history","-0.635015940366118"
"exdqlm_univar_synth","draw_074",1150,"2021-12-04","history","-0.716922377714528"
"exdqlm_univar_synth","draw_074",1150,"2021-12-05","history","-0.638202564936945"
"exdqlm_univar_synth","draw_074",1150,"2021-12-06","history","-0.779830998076054"
"exdqlm_univar_synth","draw_074",1150,"2021-12-07","history","-0.463186054622094"
"exdqlm_univar_synth","draw_074",1150,"2021-12-08","history","-0.902206190995341"
"exdqlm_univar_synth","draw_074",1150,"2021-12-09","history","-0.387259570262120"
"exdqlm_univar_synth","draw_074",1150,"2021-12-10","history","-0.750969484227801"
"exdqlm_univar_synth","draw_074",1150,"2021-12-11","history","-0.657892369970311"
"exdqlm_univar_synth","draw_074",1150,"2021-12-12","history","-0.588804686517420"
"exdqlm_univar_synth","draw_074",1150,"2021-12-13","history","2.04282532133028"
"exdqlm_univar_synth","draw_074",1150,"2021-12-14","history","1.57261304261321"
"exdqlm_univar_synth","draw_074",1150,"2021-12-15","history","0.900112466039509"
"exdqlm_univar_synth","draw_074",1150,"2021-12-16","history","1.29836510441348"
"exdqlm_univar_synth","draw_074",1150,"2021-12-17","history","0.302251994527915"
"exdqlm_univar_synth","draw_074",1150,"2021-12-18","history","0.214100000308789"
"exdqlm_univar_synth","draw_074",1150,"2021-12-19","history","0.0182770746709927"
"exdqlm_univar_synth","draw_074",1150,"2021-12-20","history","0.0362119182458682"
"exdqlm_univar_synth","draw_074",1150,"2021-12-21","history","0.253625167214173"
"exdqlm_univar_synth","draw_075",1166,"2021-12-03","history","-0.653979845663867"
"exdqlm_univar_synth","draw_075",1166,"2021-12-04","history","-0.608459781311799"
"exdqlm_univar_synth","draw_075",1166,"2021-12-05","history","-0.546621896830141"
"exdqlm_univar_synth","draw_075",1166,"2021-12-06","history","-0.734676287967152"
"exdqlm_univar_synth","draw_075",1166,"2021-12-07","history","-0.734309499418474"
"exdqlm_univar_synth","draw_075",1166,"2021-12-08","history","-0.377593047880817"
"exdqlm_univar_synth","draw_075",1166,"2021-12-09","history","-0.580361564444372"
"exdqlm_univar_synth","draw_075",1166,"2021-12-10","history","-0.858909648375469"
"exdqlm_univar_synth","draw_075",1166,"2021-12-11","history","-0.381631054320639"
"exdqlm_univar_synth","draw_075",1166,"2021-12-12","history","-0.833373908296213"
"exdqlm_univar_synth","draw_075",1166,"2021-12-13","history","1.11827903728664"
"exdqlm_univar_synth","draw_075",1166,"2021-12-14","history","1.86099421185867"
"exdqlm_univar_synth","draw_075",1166,"2021-12-15","history","1.28750637347554"
"exdqlm_univar_synth","draw_075",1166,"2021-12-16","history","1.19334631137113"
"exdqlm_univar_synth","draw_075",1166,"2021-12-17","history","0.143688692864249"
"exdqlm_univar_synth","draw_075",1166,"2021-12-18","history","0.0162212687372040"
"exdqlm_univar_synth","draw_075",1166,"2021-12-19","history","-0.0511254357051494"
"exdqlm_univar_synth","draw_075",1166,"2021-12-20","history","0.158801013170846"
"exdqlm_univar_synth","draw_075",1166,"2021-12-21","history","0.175893103170161"
"exdqlm_univar_synth","draw_076",1182,"2021-12-03","history","-0.389268735854434"
"exdqlm_univar_synth","draw_076",1182,"2021-12-04","history","-0.756403862545017"
"exdqlm_univar_synth","draw_076",1182,"2021-12-05","history","-0.605109193453553"
"exdqlm_univar_synth","draw_076",1182,"2021-12-06","history","-0.521397663310422"
"exdqlm_univar_synth","draw_076",1182,"2021-12-07","history","-0.566019528616612"
"exdqlm_univar_synth","draw_076",1182,"2021-12-08","history","-0.233550553920544"
"exdqlm_univar_synth","draw_076",1182,"2021-12-09","history","-0.657607946637127"
"exdqlm_univar_synth","draw_076",1182,"2021-12-10","history","-0.396755853436698"
"exdqlm_univar_synth","draw_076",1182,"2021-12-11","history","-0.648778678368012"
"exdqlm_univar_synth","draw_076",1182,"2021-12-12","history","-0.644854177729198"
"exdqlm_univar_synth","draw_076",1182,"2021-12-13","history","1.50162039344960"
"exdqlm_univar_synth","draw_076",1182,"2021-12-14","history","1.78226275053238"
"exdqlm_univar_synth","draw_076",1182,"2021-12-15","history","1.15863443659549"
"exdqlm_univar_synth","draw_076",1182,"2021-12-16","history","0.969148716743427"
"exdqlm_univar_synth","draw_076",1182,"2021-12-17","history","0.256303060797466"
"exdqlm_univar_synth","draw_076",1182,"2021-12-18","history","0.326313862962436"
"exdqlm_univar_synth","draw_076",1182,"2021-12-19","history","0.353188016782677"
"exdqlm_univar_synth","draw_076",1182,"2021-12-20","history","-0.0374223250211089"
"exdqlm_univar_synth","draw_076",1182,"2021-12-21","history","-0.146128633425261"
"exdqlm_univar_synth","draw_077",1197,"2021-12-03","history","-0.626419242237397"
"exdqlm_univar_synth","draw_077",1197,"2021-12-04","history","-0.686251908359399"
"exdqlm_univar_synth","draw_077",1197,"2021-12-05","history","-0.244785008654905"
"exdqlm_univar_synth","draw_077",1197,"2021-12-06","history","-0.276117009521952"
"exdqlm_univar_synth","draw_077",1197,"2021-12-07","history","-0.386143312286827"
"exdqlm_univar_synth","draw_077",1197,"2021-12-08","history","-0.781585142604279"
"exdqlm_univar_synth","draw_077",1197,"2021-12-09","history","-0.471858230951991"
"exdqlm_univar_synth","draw_077",1197,"2021-12-10","history","-0.687421581107546"
"exdqlm_univar_synth","draw_077",1197,"2021-12-11","history","-0.841669868491673"
"exdqlm_univar_synth","draw_077",1197,"2021-12-12","history","-0.436545389009666"
"exdqlm_univar_synth","draw_077",1197,"2021-12-13","history","1.13956740377801"
"exdqlm_univar_synth","draw_077",1197,"2021-12-14","history","1.87284549200671"
"exdqlm_univar_synth","draw_077",1197,"2021-12-15","history","1.12236241930829"
"exdqlm_univar_synth","draw_077",1197,"2021-12-16","history","1.55647989156149"
"exdqlm_univar_synth","draw_077",1197,"2021-12-17","history","0.247686483245933"
"exdqlm_univar_synth","draw_077",1197,"2021-12-18","history","0.351626491573312"
"exdqlm_univar_synth","draw_077",1197,"2021-12-19","history","-0.0399841294151420"
"exdqlm_univar_synth","draw_077",1197,"2021-12-20","history","0.0348679934579704"
"exdqlm_univar_synth","draw_077",1197,"2021-12-21","history","0.0261367703909997"
"exdqlm_univar_synth","draw_078",1213,"2021-12-03","history","-0.569320179467851"
"exdqlm_univar_synth","draw_078",1213,"2021-12-04","history","-0.240676139666726"
"exdqlm_univar_synth","draw_078",1213,"2021-12-05","history","-0.735457009492052"
"exdqlm_univar_synth","draw_078",1213,"2021-12-06","history","-0.267611253533247"
"exdqlm_univar_synth","draw_078",1213,"2021-12-07","history","-0.343410495484252"
"exdqlm_univar_synth","draw_078",1213,"2021-12-08","history","-0.604719870826048"
"exdqlm_univar_synth","draw_078",1213,"2021-12-09","history","-0.671987433460229"
"exdqlm_univar_synth","draw_078",1213,"2021-12-10","history","-0.697992895795348"
"exdqlm_univar_synth","draw_078",1213,"2021-12-11","history","-0.741477199458546"
"exdqlm_univar_synth","draw_078",1213,"2021-12-12","history","-0.742914854063414"
"exdqlm_univar_synth","draw_078",1213,"2021-12-13","history","1.18066639363695"
"exdqlm_univar_synth","draw_078",1213,"2021-12-14","history","1.47783767634019"
"exdqlm_univar_synth","draw_078",1213,"2021-12-15","history","0.791645267060666"
"exdqlm_univar_synth","draw_078",1213,"2021-12-16","history","0.947042809410211"
"exdqlm_univar_synth","draw_078",1213,"2021-12-17","history","0.155537777890448"
"exdqlm_univar_synth","draw_078",1213,"2021-12-18","history","0.428780897181965"
"exdqlm_univar_synth","draw_078",1213,"2021-12-19","history","0.117011447068538"
"exdqlm_univar_synth","draw_078",1213,"2021-12-20","history","-0.170629905832443"
"exdqlm_univar_synth","draw_078",1213,"2021-12-21","history","-0.0238003118679612"
"exdqlm_univar_synth","draw_079",1229,"2021-12-03","history","-0.706412267439381"
"exdqlm_univar_synth","draw_079",1229,"2021-12-04","history","-0.498975774052106"
"exdqlm_univar_synth","draw_079",1229,"2021-12-05","history","-0.579096312548891"
"exdqlm_univar_synth","draw_079",1229,"2021-12-06","history","-0.388125101510963"
"exdqlm_univar_synth","draw_079",1229,"2021-12-07","history","-0.382999412130094"
"exdqlm_univar_synth","draw_079",1229,"2021-12-08","history","-0.268640426493076"
"exdqlm_univar_synth","draw_079",1229,"2021-12-09","history","-0.564006137498371"
"exdqlm_univar_synth","draw_079",1229,"2021-12-10","history","-0.526430125916005"
"exdqlm_univar_synth","draw_079",1229,"2021-12-11","history","-0.853997071666218"
"exdqlm_univar_synth","draw_079",1229,"2021-12-12","history","-0.745053552273009"
"exdqlm_univar_synth","draw_079",1229,"2021-12-13","history","1.39689419989760"
"exdqlm_univar_synth","draw_079",1229,"2021-12-14","history","2.21919614362344"
"exdqlm_univar_synth","draw_079",1229,"2021-12-15","history","0.662173353641566"
"exdqlm_univar_synth","draw_079",1229,"2021-12-16","history","1.03083337834484"
"exdqlm_univar_synth","draw_079",1229,"2021-12-17","history","0.138972968515111"
"exdqlm_univar_synth","draw_079",1229,"2021-12-18","history","0.179674582040599"
"exdqlm_univar_synth","draw_079",1229,"2021-12-19","history","0.0203540763526334"
"exdqlm_univar_synth","draw_079",1229,"2021-12-20","history","0.282057046304243"
"exdqlm_univar_synth","draw_079",1229,"2021-12-21","history","-0.109976241436065"
"exdqlm_univar_synth","draw_080",1244,"2021-12-03","history","-0.406774977126993"
"exdqlm_univar_synth","draw_080",1244,"2021-12-04","history","-0.512959980012317"
"exdqlm_univar_synth","draw_080",1244,"2021-12-05","history","-0.536194264872331"
"exdqlm_univar_synth","draw_080",1244,"2021-12-06","history","-0.674968440849385"
"exdqlm_univar_synth","draw_080",1244,"2021-12-07","history","-0.219379615614008"
"exdqlm_univar_synth","draw_080",1244,"2021-12-08","history","-0.604508877435605"
"exdqlm_univar_synth","draw_080",1244,"2021-12-09","history","-0.527078147680118"
"exdqlm_univar_synth","draw_080",1244,"2021-12-10","history","-0.484594568665486"
"exdqlm_univar_synth","draw_080",1244,"2021-12-11","history","-0.483740086738761"
"exdqlm_univar_synth","draw_080",1244,"2021-12-12","history","-0.763746142148542"
"exdqlm_univar_synth","draw_080",1244,"2021-12-13","history","1.54727730810447"
"exdqlm_univar_synth","draw_080",1244,"2021-12-14","history","1.38873466357363"
"exdqlm_univar_synth","draw_080",1244,"2021-12-15","history","1.10758674678678"
"exdqlm_univar_synth","draw_080",1244,"2021-12-16","history","1.06279355212865"
"exdqlm_univar_synth","draw_080",1244,"2021-12-17","history","0.484402681641361"
"exdqlm_univar_synth","draw_080",1244,"2021-12-18","history","0.432489128621302"
"exdqlm_univar_synth","draw_080",1244,"2021-12-19","history","-0.157913637266624"
"exdqlm_univar_synth","draw_080",1244,"2021-12-20","history","-0.107275949349646"
"exdqlm_univar_synth","draw_080",1244,"2021-12-21","history","-0.0216327222632421"
"exdqlm_univar_synth","draw_081",1260,"2021-12-03","history","-0.577591198306433"
"exdqlm_univar_synth","draw_081",1260,"2021-12-04","history","-0.715784907905583"
"exdqlm_univar_synth","draw_081",1260,"2021-12-05","history","-0.286429972365737"
"exdqlm_univar_synth","draw_081",1260,"2021-12-06","history","-0.679328861056026"
"exdqlm_univar_synth","draw_081",1260,"2021-12-07","history","-0.305216735844930"
"exdqlm_univar_synth","draw_081",1260,"2021-12-08","history","-0.436990112737316"
"exdqlm_univar_synth","draw_081",1260,"2021-12-09","history","-0.494002960150178"
"exdqlm_univar_synth","draw_081",1260,"2021-12-10","history","-0.719243750163213"
"exdqlm_univar_synth","draw_081",1260,"2021-12-11","history","-0.540164919175153"
"exdqlm_univar_synth","draw_081",1260,"2021-12-12","history","-0.581497674704858"
"exdqlm_univar_synth","draw_081",1260,"2021-12-13","history","0.829326468064700"
"exdqlm_univar_synth","draw_081",1260,"2021-12-14","history","1.80402637436176"
"exdqlm_univar_synth","draw_081",1260,"2021-12-15","history","0.873359610667145"
"exdqlm_univar_synth","draw_081",1260,"2021-12-16","history","1.68054441774899"
"exdqlm_univar_synth","draw_081",1260,"2021-12-17","history","0.384993127872351"
"exdqlm_univar_synth","draw_081",1260,"2021-12-18","history","0.247727104769334"
"exdqlm_univar_synth","draw_081",1260,"2021-12-19","history","-0.0585460200480695"
"exdqlm_univar_synth","draw_081",1260,"2021-12-20","history","0.0712005700892153"
"exdqlm_univar_synth","draw_081",1260,"2021-12-21","history","0.238299878983236"
"exdqlm_univar_synth","draw_082",1276,"2021-12-03","history","-0.691717301679452"
"exdqlm_univar_synth","draw_082",1276,"2021-12-04","history","-0.664559670985408"
"exdqlm_univar_synth","draw_082",1276,"2021-12-05","history","-0.795706218878914"
"exdqlm_univar_synth","draw_082",1276,"2021-12-06","history","-0.401142175370395"
"exdqlm_univar_synth","draw_082",1276,"2021-12-07","history","-0.749589750392872"
"exdqlm_univar_synth","draw_082",1276,"2021-12-08","history","-0.575744580883197"
"exdqlm_univar_synth","draw_082",1276,"2021-12-09","history","-0.444604477741602"
"exdqlm_univar_synth","draw_082",1276,"2021-12-10","history","-0.801597239689061"
"exdqlm_univar_synth","draw_082",1276,"2021-12-11","history","-0.769570529296268"
"exdqlm_univar_synth","draw_082",1276,"2021-12-12","history","-0.478031126998183"
"exdqlm_univar_synth","draw_082",1276,"2021-12-13","history","0.914809910039348"
"exdqlm_univar_synth","draw_082",1276,"2021-12-14","history","1.95217760773246"
"exdqlm_univar_synth","draw_082",1276,"2021-12-15","history","1.16623065849183"
"exdqlm_univar_synth","draw_082",1276,"2021-12-16","history","1.31851015211598"
"exdqlm_univar_synth","draw_082",1276,"2021-12-17","history","0.221487138245995"
"exdqlm_univar_synth","draw_082",1276,"2021-12-18","history","0.0991895752075390"
"exdqlm_univar_synth","draw_082",1276,"2021-12-19","history","-0.125997876671940"
"exdqlm_univar_synth","draw_082",1276,"2021-12-20","history","0.348886948872572"
"exdqlm_univar_synth","draw_082",1276,"2021-12-21","history","-0.208365380118231"
"exdqlm_univar_synth","draw_083",1292,"2021-12-03","history","-0.609653039941685"
"exdqlm_univar_synth","draw_083",1292,"2021-12-04","history","-0.742962296468005"
"exdqlm_univar_synth","draw_083",1292,"2021-12-05","history","-0.594073033183628"
"exdqlm_univar_synth","draw_083",1292,"2021-12-06","history","-0.489160556173271"
"exdqlm_univar_synth","draw_083",1292,"2021-12-07","history","-0.600730111718751"
"exdqlm_univar_synth","draw_083",1292,"2021-12-08","history","-0.422963529648746"
"exdqlm_univar_synth","draw_083",1292,"2021-12-09","history","-0.710398732240783"
"exdqlm_univar_synth","draw_083",1292,"2021-12-10","history","-0.905768658120703"
"exdqlm_univar_synth","draw_083",1292,"2021-12-11","history","-0.421004682688682"
"exdqlm_univar_synth","draw_083",1292,"2021-12-12","history","-0.849575101088263"
"exdqlm_univar_synth","draw_083",1292,"2021-12-13","history","1.15644626324062"
"exdqlm_univar_synth","draw_083",1292,"2021-12-14","history","1.70784055887441"
"exdqlm_univar_synth","draw_083",1292,"2021-12-15","history","0.754798091608070"
"exdqlm_univar_synth","draw_083",1292,"2021-12-16","history","1.10448281527754"
"exdqlm_univar_synth","draw_083",1292,"2021-12-17","history","0.575731443144198"
"exdqlm_univar_synth","draw_083",1292,"2021-12-18","history","0.624385098209077"
"exdqlm_univar_synth","draw_083",1292,"2021-12-19","history","0.256621856409685"
"exdqlm_univar_synth","draw_083",1292,"2021-12-20","history","0.247766246024633"
"exdqlm_univar_synth","draw_083",1292,"2021-12-21","history","-0.0568450929722735"
"exdqlm_univar_synth","draw_084",1307,"2021-12-03","history","-0.660085111753188"
"exdqlm_univar_synth","draw_084",1307,"2021-12-04","history","-0.689424469505261"
"exdqlm_univar_synth","draw_084",1307,"2021-12-05","history","-0.358238798622466"
"exdqlm_univar_synth","draw_084",1307,"2021-12-06","history","-0.584358750509743"
"exdqlm_univar_synth","draw_084",1307,"2021-12-07","history","-0.509767163512550"
"exdqlm_univar_synth","draw_084",1307,"2021-12-08","history","-0.568844696218631"
"exdqlm_univar_synth","draw_084",1307,"2021-12-09","history","-0.667138527185027"
"exdqlm_univar_synth","draw_084",1307,"2021-12-10","history","-0.374334564289120"
"exdqlm_univar_synth","draw_084",1307,"2021-12-11","history","-0.675271818855971"
"exdqlm_univar_synth","draw_084",1307,"2021-12-12","history","-0.801337137947205"
"exdqlm_univar_synth","draw_084",1307,"2021-12-13","history","1.43025636904386"
"exdqlm_univar_synth","draw_084",1307,"2021-12-14","history","1.96670463385799"
"exdqlm_univar_synth","draw_084",1307,"2021-12-15","history","0.712741477502241"
"exdqlm_univar_synth","draw_084",1307,"2021-12-16","history","1.23334304892980"
"exdqlm_univar_synth","draw_084",1307,"2021-12-17","history","0.124165092593341"
"exdqlm_univar_synth","draw_084",1307,"2021-12-18","history","0.402987852676914"
"exdqlm_univar_synth","draw_084",1307,"2021-12-19","history","0.0823789321169105"
"exdqlm_univar_synth","draw_084",1307,"2021-12-20","history","-0.215558543425466"
"exdqlm_univar_synth","draw_084",1307,"2021-12-21","history","-0.168081853530537"
"exdqlm_univar_synth","draw_085",1323,"2021-12-03","history","-0.640143354326420"
"exdqlm_univar_synth","draw_085",1323,"2021-12-04","history","-0.360614765131492"
"exdqlm_univar_synth","draw_085",1323,"2021-12-05","history","-0.519046775101837"
"exdqlm_univar_synth","draw_085",1323,"2021-12-06","history","-0.670756881827246"
"exdqlm_univar_synth","draw_085",1323,"2021-12-07","history","-0.516054189823282"
"exdqlm_univar_synth","draw_085",1323,"2021-12-08","history","-0.641671493068477"
"exdqlm_univar_synth","draw_085",1323,"2021-12-09","history","-0.584257001524900"
"exdqlm_univar_synth","draw_085",1323,"2021-12-10","history","-0.684813860694250"
"exdqlm_univar_synth","draw_085",1323,"2021-12-11","history","-0.798060046110855"
"exdqlm_univar_synth","draw_085",1323,"2021-12-12","history","-0.540530596284668"
"exdqlm_univar_synth","draw_085",1323,"2021-12-13","history","1.00393196165956"
"exdqlm_univar_synth","draw_085",1323,"2021-12-14","history","1.51342257863768"
"exdqlm_univar_synth","draw_085",1323,"2021-12-15","history","1.29988198046731"
"exdqlm_univar_synth","draw_085",1323,"2021-12-16","history","1.21260829664453"
"exdqlm_univar_synth","draw_085",1323,"2021-12-17","history","0.260165977639786"
"exdqlm_univar_synth","draw_085",1323,"2021-12-18","history","0.399386009684961"
"exdqlm_univar_synth","draw_085",1323,"2021-12-19","history","0.321758529312730"
"exdqlm_univar_synth","draw_085",1323,"2021-12-20","history","0.225691881534431"
"exdqlm_univar_synth","draw_085",1323,"2021-12-21","history","-0.129536258716022"
"exdqlm_univar_synth","draw_086",1339,"2021-12-03","history","-0.727390854605399"
"exdqlm_univar_synth","draw_086",1339,"2021-12-04","history","-0.772542876220535"
"exdqlm_univar_synth","draw_086",1339,"2021-12-05","history","-0.679450149210091"
"exdqlm_univar_synth","draw_086",1339,"2021-12-06","history","-0.268223213808416"
"exdqlm_univar_synth","draw_086",1339,"2021-12-07","history","-0.620327921615740"
"exdqlm_univar_synth","draw_086",1339,"2021-12-08","history","-0.705987714991878"
"exdqlm_univar_synth","draw_086",1339,"2021-12-09","history","-0.508326821525106"
"exdqlm_univar_synth","draw_086",1339,"2021-12-10","history","-0.531156963399244"
"exdqlm_univar_synth","draw_086",1339,"2021-12-11","history","-0.474766493580859"
"exdqlm_univar_synth","draw_086",1339,"2021-12-12","history","-0.491913342641617"
"exdqlm_univar_synth","draw_086",1339,"2021-12-13","history","0.780187555304702"
"exdqlm_univar_synth","draw_086",1339,"2021-12-14","history","1.65880799118562"
"exdqlm_univar_synth","draw_086",1339,"2021-12-15","history","0.965606312375627"
"exdqlm_univar_synth","draw_086",1339,"2021-12-16","history","1.14867911901180"
"exdqlm_univar_synth","draw_086",1339,"2021-12-17","history","0.247716654403111"
"exdqlm_univar_synth","draw_086",1339,"2021-12-18","history","0.367622892335283"
"exdqlm_univar_synth","draw_086",1339,"2021-12-19","history","-0.111490189845369"
"exdqlm_univar_synth","draw_086",1339,"2021-12-20","history","0.297468259686052"
"exdqlm_univar_synth","draw_086",1339,"2021-12-21","history","-0.0571651342847447"
"exdqlm_univar_synth","draw_087",1355,"2021-12-03","history","-0.686125628996358"
"exdqlm_univar_synth","draw_087",1355,"2021-12-04","history","-0.693835020977254"
"exdqlm_univar_synth","draw_087",1355,"2021-12-05","history","-0.604296697526588"
"exdqlm_univar_synth","draw_087",1355,"2021-12-06","history","-0.821769380483462"
"exdqlm_univar_synth","draw_087",1355,"2021-12-07","history","-0.461128805171475"
"exdqlm_univar_synth","draw_087",1355,"2021-12-08","history","-0.616544911286219"
"exdqlm_univar_synth","draw_087",1355,"2021-12-09","history","-0.423704246722186"
"exdqlm_univar_synth","draw_087",1355,"2021-12-10","history","-0.604558381912785"
"exdqlm_univar_synth","draw_087",1355,"2021-12-11","history","-0.533450010891511"
"exdqlm_univar_synth","draw_087",1355,"2021-12-12","history","-0.711259947876839"
"exdqlm_univar_synth","draw_087",1355,"2021-12-13","history","1.54540554120868"
"exdqlm_univar_synth","draw_087",1355,"2021-12-14","history","2.00421501522502"
"exdqlm_univar_synth","draw_087",1355,"2021-12-15","history","1.10677662278943"
"exdqlm_univar_synth","draw_087",1355,"2021-12-16","history","0.683114176233039"
"exdqlm_univar_synth","draw_087",1355,"2021-12-17","history","0.477335267483562"
"exdqlm_univar_synth","draw_087",1355,"2021-12-18","history","0.607198517124785"
"exdqlm_univar_synth","draw_087",1355,"2021-12-19","history","0.0820756602194795"
"exdqlm_univar_synth","draw_087",1355,"2021-12-20","history","0.115668470906676"
"exdqlm_univar_synth","draw_087",1355,"2021-12-21","history","0.0324859045991804"
"exdqlm_univar_synth","draw_088",1370,"2021-12-03","history","-0.738552694735596"
"exdqlm_univar_synth","draw_088",1370,"2021-12-04","history","-0.514654009840896"
"exdqlm_univar_synth","draw_088",1370,"2021-12-05","history","-0.292620756107100"
"exdqlm_univar_synth","draw_088",1370,"2021-12-06","history","-0.641423119528320"
"exdqlm_univar_synth","draw_088",1370,"2021-12-07","history","-0.344770762791665"
"exdqlm_univar_synth","draw_088",1370,"2021-12-08","history","-0.509541875655934"
"exdqlm_univar_synth","draw_088",1370,"2021-12-09","history","-0.649396212113394"
"exdqlm_univar_synth","draw_088",1370,"2021-12-10","history","-0.583270201797926"
"exdqlm_univar_synth","draw_088",1370,"2021-12-11","history","-0.853818315718274"
"exdqlm_univar_synth","draw_088",1370,"2021-12-12","history","-1.03900962701939"
"exdqlm_univar_synth","draw_088",1370,"2021-12-13","history","1.95069063599463"
"exdqlm_univar_synth","draw_088",1370,"2021-12-14","history","1.11240863022539"
"exdqlm_univar_synth","draw_088",1370,"2021-12-15","history","0.808783350477881"
"exdqlm_univar_synth","draw_088",1370,"2021-12-16","history","1.13791688503678"
"exdqlm_univar_synth","draw_088",1370,"2021-12-17","history","0.379777868048676"
"exdqlm_univar_synth","draw_088",1370,"2021-12-18","history","0.542047306945259"
"exdqlm_univar_synth","draw_088",1370,"2021-12-19","history","-0.0953379743183552"
"exdqlm_univar_synth","draw_088",1370,"2021-12-20","history","-0.134343626333611"
"exdqlm_univar_synth","draw_088",1370,"2021-12-21","history","0.303554658408695"
"exdqlm_univar_synth","draw_089",1386,"2021-12-03","history","-0.730431591242241"
"exdqlm_univar_synth","draw_089",1386,"2021-12-04","history","-0.602539103772538"
"exdqlm_univar_synth","draw_089",1386,"2021-12-05","history","-0.786413893330137"
"exdqlm_univar_synth","draw_089",1386,"2021-12-06","history","-0.440553068594367"
"exdqlm_univar_synth","draw_089",1386,"2021-12-07","history","-0.438282635434276"
"exdqlm_univar_synth","draw_089",1386,"2021-12-08","history","-0.738190345882156"
"exdqlm_univar_synth","draw_089",1386,"2021-12-09","history","-0.700996088278327"
"exdqlm_univar_synth","draw_089",1386,"2021-12-10","history","-0.356498885369961"
"exdqlm_univar_synth","draw_089",1386,"2021-12-11","history","-0.721964074647140"
"exdqlm_univar_synth","draw_089",1386,"2021-12-12","history","-0.353951330562760"
"exdqlm_univar_synth","draw_089",1386,"2021-12-13","history","0.769370962132522"
"exdqlm_univar_synth","draw_089",1386,"2021-12-14","history","1.38121460243078"
"exdqlm_univar_synth","draw_089",1386,"2021-12-15","history","1.23446939703896"
"exdqlm_univar_synth","draw_089",1386,"2021-12-16","history","1.18459184931357"
"exdqlm_univar_synth","draw_089",1386,"2021-12-17","history","0.372819160007692"
"exdqlm_univar_synth","draw_089",1386,"2021-12-18","history","0.213349261313918"
"exdqlm_univar_synth","draw_089",1386,"2021-12-19","history","-0.110759058013799"
"exdqlm_univar_synth","draw_089",1386,"2021-12-20","history","0.235223432022509"
"exdqlm_univar_synth","draw_089",1386,"2021-12-21","history","-0.00175198862283314"
"exdqlm_univar_synth","draw_090",1402,"2021-12-03","history","-0.332027803979029"
"exdqlm_univar_synth","draw_090",1402,"2021-12-04","history","-0.740080832725581"
"exdqlm_univar_synth","draw_090",1402,"2021-12-05","history","-0.678598054268959"
"exdqlm_univar_synth","draw_090",1402,"2021-12-06","history","-0.662420200600826"
"exdqlm_univar_synth","draw_090",1402,"2021-12-07","history","-0.741285086737862"
"exdqlm_univar_synth","draw_090",1402,"2021-12-08","history","-0.402213223782185"
"exdqlm_univar_synth","draw_090",1402,"2021-12-09","history","-0.675104980052930"
"exdqlm_univar_synth","draw_090",1402,"2021-12-10","history","-0.628469057359844"
"exdqlm_univar_synth","draw_090",1402,"2021-12-11","history","-0.730126431784264"
"exdqlm_univar_synth","draw_090",1402,"2021-12-12","history","-0.933141997321011"
"exdqlm_univar_synth","draw_090",1402,"2021-12-13","history","1.58328105010979"
"exdqlm_univar_synth","draw_090",1402,"2021-12-14","history","2.14908744492094"
"exdqlm_univar_synth","draw_090",1402,"2021-12-15","history","0.998087710922194"
"exdqlm_univar_synth","draw_090",1402,"2021-12-16","history","1.41164304420723"
"exdqlm_univar_synth","draw_090",1402,"2021-12-17","history","0.311507828124901"
"exdqlm_univar_synth","draw_090",1402,"2021-12-18","history","0.246417797472788"
"exdqlm_univar_synth","draw_090",1402,"2021-12-19","history","0.0402267276163070"
"exdqlm_univar_synth","draw_090",1402,"2021-12-20","history","-0.125708637611998"
"exdqlm_univar_synth","draw_090",1402,"2021-12-21","history","0.262140855092535"
"exdqlm_univar_synth","draw_091",1418,"2021-12-03","history","-0.590062236425130"
"exdqlm_univar_synth","draw_091",1418,"2021-12-04","history","-0.618285039573522"
"exdqlm_univar_synth","draw_091",1418,"2021-12-05","history","-0.784130461875749"
"exdqlm_univar_synth","draw_091",1418,"2021-12-06","history","-0.658265536601888"
"exdqlm_univar_synth","draw_091",1418,"2021-12-07","history","-0.447187096743955"
"exdqlm_univar_synth","draw_091",1418,"2021-12-08","history","-0.520962106895447"
"exdqlm_univar_synth","draw_091",1418,"2021-12-09","history","-0.334186502282374"
"exdqlm_univar_synth","draw_091",1418,"2021-12-10","history","-0.685954165835881"
"exdqlm_univar_synth","draw_091",1418,"2021-12-11","history","-0.376925479931935"
"exdqlm_univar_synth","draw_091",1418,"2021-12-12","history","-0.588722751332618"
"exdqlm_univar_synth","draw_091",1418,"2021-12-13","history","0.833482181984427"
"exdqlm_univar_synth","draw_091",1418,"2021-12-14","history","1.96169568610825"
"exdqlm_univar_synth","draw_091",1418,"2021-12-15","history","0.602993340507260"
"exdqlm_univar_synth","draw_091",1418,"2021-12-16","history","1.05733006586856"
"exdqlm_univar_synth","draw_091",1418,"2021-12-17","history","0.170409638306105"
"exdqlm_univar_synth","draw_091",1418,"2021-12-18","history","0.249772600587610"
"exdqlm_univar_synth","draw_091",1418,"2021-12-19","history","-0.0928040284029855"
"exdqlm_univar_synth","draw_091",1418,"2021-12-20","history","-0.127549014388160"
"exdqlm_univar_synth","draw_091",1418,"2021-12-21","history","-0.0722083028352186"
"exdqlm_univar_synth","draw_092",1433,"2021-12-03","history","-0.558374454569045"
"exdqlm_univar_synth","draw_092",1433,"2021-12-04","history","-0.535874532831318"
"exdqlm_univar_synth","draw_092",1433,"2021-12-05","history","-0.181745287956279"
"exdqlm_univar_synth","draw_092",1433,"2021-12-06","history","-0.682793021293439"
"exdqlm_univar_synth","draw_092",1433,"2021-12-07","history","-0.497983509707245"
"exdqlm_univar_synth","draw_092",1433,"2021-12-08","history","-0.806684366446116"
"exdqlm_univar_synth","draw_092",1433,"2021-12-09","history","-0.299055305785997"
"exdqlm_univar_synth","draw_092",1433,"2021-12-10","history","-0.532624657480387"
"exdqlm_univar_synth","draw_092",1433,"2021-12-11","history","-0.478868770420362"
"exdqlm_univar_synth","draw_092",1433,"2021-12-12","history","-0.690694379572125"
"exdqlm_univar_synth","draw_092",1433,"2021-12-13","history","1.27517019816927"
"exdqlm_univar_synth","draw_092",1433,"2021-12-14","history","1.46362732614696"
"exdqlm_univar_synth","draw_092",1433,"2021-12-15","history","0.998863437808757"
"exdqlm_univar_synth","draw_092",1433,"2021-12-16","history","0.977647963622377"
"exdqlm_univar_synth","draw_092",1433,"2021-12-17","history","0.105176318151124"
"exdqlm_univar_synth","draw_092",1433,"2021-12-18","history","0.327501165403816"
"exdqlm_univar_synth","draw_092",1433,"2021-12-19","history","-0.149310222698644"
"exdqlm_univar_synth","draw_092",1433,"2021-12-20","history","-0.120168978488131"
"exdqlm_univar_synth","draw_092",1433,"2021-12-21","history","-0.102042142286234"
"exdqlm_univar_synth","draw_093",1449,"2021-12-03","history","-0.608643569398456"
"exdqlm_univar_synth","draw_093",1449,"2021-12-04","history","-0.736927671757646"
"exdqlm_univar_synth","draw_093",1449,"2021-12-05","history","-0.520182018487677"
"exdqlm_univar_synth","draw_093",1449,"2021-12-06","history","-0.688031099268814"
"exdqlm_univar_synth","draw_093",1449,"2021-12-07","history","-0.403394911698175"
"exdqlm_univar_synth","draw_093",1449,"2021-12-08","history","-0.405378493619055"
"exdqlm_univar_synth","draw_093",1449,"2021-12-09","history","-0.554574655190455"
"exdqlm_univar_synth","draw_093",1449,"2021-12-10","history","-0.316944013439590"
"exdqlm_univar_synth","draw_093",1449,"2021-12-11","history","-0.811497090868139"
"exdqlm_univar_synth","draw_093",1449,"2021-12-12","history","-0.596624362157790"
"exdqlm_univar_synth","draw_093",1449,"2021-12-13","history","1.71188203728986"
"exdqlm_univar_synth","draw_093",1449,"2021-12-14","history","2.03828677087950"
"exdqlm_univar_synth","draw_093",1449,"2021-12-15","history","0.930353815557620"
"exdqlm_univar_synth","draw_093",1449,"2021-12-16","history","1.34575724096945"
"exdqlm_univar_synth","draw_093",1449,"2021-12-17","history","0.124918371873580"
"exdqlm_univar_synth","draw_093",1449,"2021-12-18","history","0.490803883804926"
"exdqlm_univar_synth","draw_093",1449,"2021-12-19","history","-0.157565423470776"
"exdqlm_univar_synth","draw_093",1449,"2021-12-20","history","-0.0769389998681039"
"exdqlm_univar_synth","draw_093",1449,"2021-12-21","history","0.0976547113257654"
"exdqlm_univar_synth","draw_094",1465,"2021-12-03","history","-0.781874704674877"
"exdqlm_univar_synth","draw_094",1465,"2021-12-04","history","-0.743793987166113"
"exdqlm_univar_synth","draw_094",1465,"2021-12-05","history","-0.681069466993683"
"exdqlm_univar_synth","draw_094",1465,"2021-12-06","history","-0.726967338682943"
"exdqlm_univar_synth","draw_094",1465,"2021-12-07","history","-0.320259983184778"
"exdqlm_univar_synth","draw_094",1465,"2021-12-08","history","-0.764783132546423"
"exdqlm_univar_synth","draw_094",1465,"2021-12-09","history","-0.529555583494706"
"exdqlm_univar_synth","draw_094",1465,"2021-12-10","history","-0.584821828891192"
"exdqlm_univar_synth","draw_094",1465,"2021-12-11","history","-0.799353565731947"
"exdqlm_univar_synth","draw_094",1465,"2021-12-12","history","-0.454867514795881"
"exdqlm_univar_synth","draw_094",1465,"2021-12-13","history","1.71024864642043"
"exdqlm_univar_synth","draw_094",1465,"2021-12-14","history","1.50844446720876"
"exdqlm_univar_synth","draw_094",1465,"2021-12-15","history","1.20766508220589"
"exdqlm_univar_synth","draw_094",1465,"2021-12-16","history","1.47464783714499"
"exdqlm_univar_synth","draw_094",1465,"2021-12-17","history","0.493430822840076"
"exdqlm_univar_synth","draw_094",1465,"2021-12-18","history","0.0814797967221737"
"exdqlm_univar_synth","draw_094",1465,"2021-12-19","history","0.00205451053825148"
"exdqlm_univar_synth","draw_094",1465,"2021-12-20","history","0.322614859904753"
"exdqlm_univar_synth","draw_094",1465,"2021-12-21","history","-0.125070235316774"
"exdqlm_univar_synth","draw_095",1481,"2021-12-03","history","-0.549250406903892"
"exdqlm_univar_synth","draw_095",1481,"2021-12-04","history","-0.982454788274479"
"exdqlm_univar_synth","draw_095",1481,"2021-12-05","history","-0.687801715087930"
"exdqlm_univar_synth","draw_095",1481,"2021-12-06","history","-0.674587934535106"
"exdqlm_univar_synth","draw_095",1481,"2021-12-07","history","-0.398503306855274"
"exdqlm_univar_synth","draw_095",1481,"2021-12-08","history","-0.739722754927085"
"exdqlm_univar_synth","draw_095",1481,"2021-12-09","history","-0.445491050404449"
"exdqlm_univar_synth","draw_095",1481,"2021-12-10","history","-0.783125261268504"
"exdqlm_univar_synth","draw_095",1481,"2021-12-11","history","-0.492181088322464"
"exdqlm_univar_synth","draw_095",1481,"2021-12-12","history","-0.858098818574273"
"exdqlm_univar_synth","draw_095",1481,"2021-12-13","history","0.846891934437181"
"exdqlm_univar_synth","draw_095",1481,"2021-12-14","history","1.88618160825581"
"exdqlm_univar_synth","draw_095",1481,"2021-12-15","history","0.750827698155617"
"exdqlm_univar_synth","draw_095",1481,"2021-12-16","history","1.43858490393612"
"exdqlm_univar_synth","draw_095",1481,"2021-12-17","history","0.260969696941801"
"exdqlm_univar_synth","draw_095",1481,"2021-12-18","history","0.117906400562404"
"exdqlm_univar_synth","draw_095",1481,"2021-12-19","history","-0.137033296558966"
"exdqlm_univar_synth","draw_095",1481,"2021-12-20","history","0.288757872733911"
"exdqlm_univar_synth","draw_095",1481,"2021-12-21","history","0.0591771212804581"
"exdqlm_univar_synth","draw_096",1496,"2021-12-03","history","-0.604424409608100"
"exdqlm_univar_synth","draw_096",1496,"2021-12-04","history","-0.471703650779420"
"exdqlm_univar_synth","draw_096",1496,"2021-12-05","history","-0.709091351541722"
"exdqlm_univar_synth","draw_096",1496,"2021-12-06","history","-0.242858163273399"
"exdqlm_univar_synth","draw_096",1496,"2021-12-07","history","-0.337944413959554"
"exdqlm_univar_synth","draw_096",1496,"2021-12-08","history","-0.513084411517590"
"exdqlm_univar_synth","draw_096",1496,"2021-12-09","history","-0.407418786638785"
"exdqlm_univar_synth","draw_096",1496,"2021-12-10","history","-0.716139563346912"
"exdqlm_univar_synth","draw_096",1496,"2021-12-11","history","-0.853679633954550"
"exdqlm_univar_synth","draw_096",1496,"2021-12-12","history","-0.385210106609878"
"exdqlm_univar_synth","draw_096",1496,"2021-12-13","history","0.789367612203324"
"exdqlm_univar_synth","draw_096",1496,"2021-12-14","history","1.04417859800092"
"exdqlm_univar_synth","draw_096",1496,"2021-12-15","history","0.892723646357565"
"exdqlm_univar_synth","draw_096",1496,"2021-12-16","history","1.27824790700784"
"exdqlm_univar_synth","draw_096",1496,"2021-12-17","history","0.235515028105219"
"exdqlm_univar_synth","draw_096",1496,"2021-12-18","history","0.181602951477070"
"exdqlm_univar_synth","draw_096",1496,"2021-12-19","history","-0.0934139138042262"
"exdqlm_univar_synth","draw_096",1496,"2021-12-20","history","0.264589581838071"
"exdqlm_univar_synth","draw_096",1496,"2021-12-21","history","-0.189157061115237"
"exdqlm_univar_synth","draw_097",1512,"2021-12-03","history","-0.274771099073860"
"exdqlm_univar_synth","draw_097",1512,"2021-12-04","history","-0.349835082651037"
"exdqlm_univar_synth","draw_097",1512,"2021-12-05","history","-0.564228646524217"
"exdqlm_univar_synth","draw_097",1512,"2021-12-06","history","-0.875616128088935"
"exdqlm_univar_synth","draw_097",1512,"2021-12-07","history","-0.369163041819974"
"exdqlm_univar_synth","draw_097",1512,"2021-12-08","history","-0.671234309834578"
"exdqlm_univar_synth","draw_097",1512,"2021-12-09","history","-0.685282309334981"
"exdqlm_univar_synth","draw_097",1512,"2021-12-10","history","-0.620174022784467"
"exdqlm_univar_synth","draw_097",1512,"2021-12-11","history","-0.825037705284577"
"exdqlm_univar_synth","draw_097",1512,"2021-12-12","history","-0.690899834018843"
"exdqlm_univar_synth","draw_097",1512,"2021-12-13","history","1.72627825982994"
"exdqlm_univar_synth","draw_097",1512,"2021-12-14","history","1.87018969844938"
"exdqlm_univar_synth","draw_097",1512,"2021-12-15","history","1.04980228675709"
"exdqlm_univar_synth","draw_097",1512,"2021-12-16","history","1.09924072198043"
"exdqlm_univar_synth","draw_097",1512,"2021-12-17","history","0.165294409399033"
"exdqlm_univar_synth","draw_097",1512,"2021-12-18","history","0.179460998091135"
"exdqlm_univar_synth","draw_097",1512,"2021-12-19","history","-0.0515637667501755"
"exdqlm_univar_synth","draw_097",1512,"2021-12-20","history","-0.167396739575290"
"exdqlm_univar_synth","draw_097",1512,"2021-12-21","history","-0.189818720365347"
"exdqlm_univar_synth","draw_098",1528,"2021-12-03","history","-0.655564033371294"
"exdqlm_univar_synth","draw_098",1528,"2021-12-04","history","-0.698581501473750"
"exdqlm_univar_synth","draw_098",1528,"2021-12-05","history","-0.709699887812360"
"exdqlm_univar_synth","draw_098",1528,"2021-12-06","history","-0.689098192262022"
"exdqlm_univar_synth","draw_098",1528,"2021-12-07","history","-0.626335318678418"
"exdqlm_univar_synth","draw_098",1528,"2021-12-08","history","-0.659111588996637"
"exdqlm_univar_synth","draw_098",1528,"2021-12-09","history","-0.608514790050432"
"exdqlm_univar_synth","draw_098",1528,"2021-12-10","history","-0.620113710685045"
"exdqlm_univar_synth","draw_098",1528,"2021-12-11","history","-0.755722833092695"
"exdqlm_univar_synth","draw_098",1528,"2021-12-12","history","-0.469751076791882"
"exdqlm_univar_synth","draw_098",1528,"2021-12-13","history","0.943697986975398"
"exdqlm_univar_synth","draw_098",1528,"2021-12-14","history","2.07059478336369"
"exdqlm_univar_synth","draw_098",1528,"2021-12-15","history","1.25801953247067"
"exdqlm_univar_synth","draw_098",1528,"2021-12-16","history","1.55240924856486"
"exdqlm_univar_synth","draw_098",1528,"2021-12-17","history","0.102548453240449"
"exdqlm_univar_synth","draw_098",1528,"2021-12-18","history","0.192085327455547"
"exdqlm_univar_synth","draw_098",1528,"2021-12-19","history","0.0632744606846222"
"exdqlm_univar_synth","draw_098",1528,"2021-12-20","history","0.00139799564540404"
"exdqlm_univar_synth","draw_098",1528,"2021-12-21","history","-0.158508165898324"
"exdqlm_univar_synth","draw_099",1544,"2021-12-03","history","-0.511051781418910"
"exdqlm_univar_synth","draw_099",1544,"2021-12-04","history","-0.645728194101666"
"exdqlm_univar_synth","draw_099",1544,"2021-12-05","history","-0.633668524593260"
"exdqlm_univar_synth","draw_099",1544,"2021-12-06","history","-0.479506991807801"
"exdqlm_univar_synth","draw_099",1544,"2021-12-07","history","-0.669949611939634"
"exdqlm_univar_synth","draw_099",1544,"2021-12-08","history","-0.703625572195603"
"exdqlm_univar_synth","draw_099",1544,"2021-12-09","history","-0.527566057251511"
"exdqlm_univar_synth","draw_099",1544,"2021-12-10","history","-0.734247126828849"
"exdqlm_univar_synth","draw_099",1544,"2021-12-11","history","-0.347462562844681"
"exdqlm_univar_synth","draw_099",1544,"2021-12-12","history","-0.682368201676475"
"exdqlm_univar_synth","draw_099",1544,"2021-12-13","history","1.87636736562022"
"exdqlm_univar_synth","draw_099",1544,"2021-12-14","history","1.37248452881327"
"exdqlm_univar_synth","draw_099",1544,"2021-12-15","history","0.856958230300221"
"exdqlm_univar_synth","draw_099",1544,"2021-12-16","history","1.13787545938577"
"exdqlm_univar_synth","draw_099",1544,"2021-12-17","history","0.478279513027917"
"exdqlm_univar_synth","draw_099",1544,"2021-12-18","history","0.382688230606991"
"exdqlm_univar_synth","draw_099",1544,"2021-12-19","history","-0.196443444718282"
"exdqlm_univar_synth","draw_099",1544,"2021-12-20","history","-0.119889310075201"
"exdqlm_univar_synth","draw_099",1544,"2021-12-21","history","-0.208591443605513"
"exdqlm_univar_synth","draw_100",1559,"2021-12-03","history","-0.260817524840774"
"exdqlm_univar_synth","draw_100",1559,"2021-12-04","history","-0.527323908907521"
"exdqlm_univar_synth","draw_100",1559,"2021-12-05","history","-0.826806981660932"
"exdqlm_univar_synth","draw_100",1559,"2021-12-06","history","-0.499881627753783"
"exdqlm_univar_synth","draw_100",1559,"2021-12-07","history","-0.416591449118314"
"exdqlm_univar_synth","draw_100",1559,"2021-12-08","history","-0.436988322760295"
"exdqlm_univar_synth","draw_100",1559,"2021-12-09","history","-0.657511717300014"
"exdqlm_univar_synth","draw_100",1559,"2021-12-10","history","-0.569087522006683"
"exdqlm_univar_synth","draw_100",1559,"2021-12-11","history","-0.378499314979705"
"exdqlm_univar_synth","draw_100",1559,"2021-12-12","history","-0.361047120118733"
"exdqlm_univar_synth","draw_100",1559,"2021-12-13","history","1.04275073509732"
"exdqlm_univar_synth","draw_100",1559,"2021-12-14","history","1.31212590428626"
"exdqlm_univar_synth","draw_100",1559,"2021-12-15","history","1.10667256109386"
"exdqlm_univar_synth","draw_100",1559,"2021-12-16","history","1.53562426943198"
"exdqlm_univar_synth","draw_100",1559,"2021-12-17","history","0.312061552056411"
"exdqlm_univar_synth","draw_100",1559,"2021-12-18","history","0.537531407680819"
"exdqlm_univar_synth","draw_100",1559,"2021-12-19","history","0.272711462911531"
"exdqlm_univar_synth","draw_100",1559,"2021-12-20","history","0.203784899308055"
"exdqlm_univar_synth","draw_100",1559,"2021-12-21","history","-0.0338457876040097"
"exdqlm_univar_synth","draw_101",1575,"2021-12-03","history","-0.609323989224963"
"exdqlm_univar_synth","draw_101",1575,"2021-12-04","history","-0.383691686256167"
"exdqlm_univar_synth","draw_101",1575,"2021-12-05","history","-0.683232642771179"
"exdqlm_univar_synth","draw_101",1575,"2021-12-06","history","-0.624019581248935"
"exdqlm_univar_synth","draw_101",1575,"2021-12-07","history","-0.552750781778839"
"exdqlm_univar_synth","draw_101",1575,"2021-12-08","history","-0.797687678342526"
"exdqlm_univar_synth","draw_101",1575,"2021-12-09","history","-0.761914920058283"
"exdqlm_univar_synth","draw_101",1575,"2021-12-10","history","-0.718555627698156"
"exdqlm_univar_synth","draw_101",1575,"2021-12-11","history","-0.818703299793351"
"exdqlm_univar_synth","draw_101",1575,"2021-12-12","history","-0.609239994803678"
"exdqlm_univar_synth","draw_101",1575,"2021-12-13","history","1.04929632099792"
"exdqlm_univar_synth","draw_101",1575,"2021-12-14","history","1.43930978281678"
"exdqlm_univar_synth","draw_101",1575,"2021-12-15","history","1.29432352187142"
"exdqlm_univar_synth","draw_101",1575,"2021-12-16","history","1.14042158196079"
"exdqlm_univar_synth","draw_101",1575,"2021-12-17","history","0.461277151328586"
"exdqlm_univar_synth","draw_101",1575,"2021-12-18","history","0.285990121534933"
"exdqlm_univar_synth","draw_101",1575,"2021-12-19","history","-0.111882208771080"
"exdqlm_univar_synth","draw_101",1575,"2021-12-20","history","0.0768798678821657"
"exdqlm_univar_synth","draw_101",1575,"2021-12-21","history","0.416028737303850"
"exdqlm_univar_synth","draw_102",1591,"2021-12-03","history","-0.764624477193699"
"exdqlm_univar_synth","draw_102",1591,"2021-12-04","history","-0.484832215994385"
"exdqlm_univar_synth","draw_102",1591,"2021-12-05","history","-0.565580150545079"
"exdqlm_univar_synth","draw_102",1591,"2021-12-06","history","-0.724831939220522"
"exdqlm_univar_synth","draw_102",1591,"2021-12-07","history","-0.718184119995043"
"exdqlm_univar_synth","draw_102",1591,"2021-12-08","history","-0.469996834444190"
"exdqlm_univar_synth","draw_102",1591,"2021-12-09","history","-0.413112660796660"
"exdqlm_univar_synth","draw_102",1591,"2021-12-10","history","-0.377899841618220"
"exdqlm_univar_synth","draw_102",1591,"2021-12-11","history","-0.540456312652432"
"exdqlm_univar_synth","draw_102",1591,"2021-12-12","history","-0.884357307178168"
"exdqlm_univar_synth","draw_102",1591,"2021-12-13","history","0.938506672072160"
"exdqlm_univar_synth","draw_102",1591,"2021-12-14","history","1.95999683195672"
"exdqlm_univar_synth","draw_102",1591,"2021-12-15","history","0.642151488274867"
"exdqlm_univar_synth","draw_102",1591,"2021-12-16","history","1.64709850416880"
"exdqlm_univar_synth","draw_102",1591,"2021-12-17","history","0.303552670178113"
"exdqlm_univar_synth","draw_102",1591,"2021-12-18","history","0.0811172820657802"
"exdqlm_univar_synth","draw_102",1591,"2021-12-19","history","0.0402792214120107"
"exdqlm_univar_synth","draw_102",1591,"2021-12-20","history","-0.110212306569921"
"exdqlm_univar_synth","draw_102",1591,"2021-12-21","history","-0.226753402384334"
"exdqlm_univar_synth","draw_103",1606,"2021-12-03","history","-0.347428730635724"
"exdqlm_univar_synth","draw_103",1606,"2021-12-04","history","-0.470829736356501"
"exdqlm_univar_synth","draw_103",1606,"2021-12-05","history","-0.530761850144985"
"exdqlm_univar_synth","draw_103",1606,"2021-12-06","history","-0.604014992224116"
"exdqlm_univar_synth","draw_103",1606,"2021-12-07","history","-0.831877333310220"
"exdqlm_univar_synth","draw_103",1606,"2021-12-08","history","-0.397517902254310"
"exdqlm_univar_synth","draw_103",1606,"2021-12-09","history","-0.424614789475699"
"exdqlm_univar_synth","draw_103",1606,"2021-12-10","history","-0.816402253642270"
"exdqlm_univar_synth","draw_103",1606,"2021-12-11","history","-0.825238964924042"
"exdqlm_univar_synth","draw_103",1606,"2021-12-12","history","-0.882093588255263"
"exdqlm_univar_synth","draw_103",1606,"2021-12-13","history","1.42953651463226"
"exdqlm_univar_synth","draw_103",1606,"2021-12-14","history","2.07061773149129"
"exdqlm_univar_synth","draw_103",1606,"2021-12-15","history","1.11005176116183"
"exdqlm_univar_synth","draw_103",1606,"2021-12-16","history","1.00400385858349"
"exdqlm_univar_synth","draw_103",1606,"2021-12-17","history","0.103705618185656"
"exdqlm_univar_synth","draw_103",1606,"2021-12-18","history","0.376234946473846"
"exdqlm_univar_synth","draw_103",1606,"2021-12-19","history","-0.154411816030234"
"exdqlm_univar_synth","draw_103",1606,"2021-12-20","history","0.297313554116958"
"exdqlm_univar_synth","draw_103",1606,"2021-12-21","history","-0.112630917963684"
"exdqlm_univar_synth","draw_104",1622,"2021-12-03","history","-0.569353758241046"
"exdqlm_univar_synth","draw_104",1622,"2021-12-04","history","-0.718349283469581"
"exdqlm_univar_synth","draw_104",1622,"2021-12-05","history","-0.454997510655590"
"exdqlm_univar_synth","draw_104",1622,"2021-12-06","history","-0.433101133123230"
"exdqlm_univar_synth","draw_104",1622,"2021-12-07","history","-0.689292378654070"
"exdqlm_univar_synth","draw_104",1622,"2021-12-08","history","-0.575766380969127"
"exdqlm_univar_synth","draw_104",1622,"2021-12-09","history","-0.658438456336853"
"exdqlm_univar_synth","draw_104",1622,"2021-12-10","history","-0.492855945427812"
"exdqlm_univar_synth","draw_104",1622,"2021-12-11","history","-0.537614949029086"
"exdqlm_univar_synth","draw_104",1622,"2021-12-12","history","-0.588670901654390"
"exdqlm_univar_synth","draw_104",1622,"2021-12-13","history","1.32609722775342"
"exdqlm_univar_synth","draw_104",1622,"2021-12-14","history","1.39358873418921"
"exdqlm_univar_synth","draw_104",1622,"2021-12-15","history","0.898574236726326"
"exdqlm_univar_synth","draw_104",1622,"2021-12-16","history","0.868819055931671"
"exdqlm_univar_synth","draw_104",1622,"2021-12-17","history","0.230216399274806"
"exdqlm_univar_synth","draw_104",1622,"2021-12-18","history","0.434883332908497"
"exdqlm_univar_synth","draw_104",1622,"2021-12-19","history","-0.0784247089544097"
"exdqlm_univar_synth","draw_104",1622,"2021-12-20","history","0.152671790061292"
"exdqlm_univar_synth","draw_104",1622,"2021-12-21","history","0.322446036013707"
"exdqlm_univar_synth","draw_105",1638,"2021-12-03","history","-0.540297555783879"
"exdqlm_univar_synth","draw_105",1638,"2021-12-04","history","-0.502082088770687"
"exdqlm_univar_synth","draw_105",1638,"2021-12-05","history","-0.638121894927308"
"exdqlm_univar_synth","draw_105",1638,"2021-12-06","history","-0.659624861739002"
"exdqlm_univar_synth","draw_105",1638,"2021-12-07","history","-0.372245243618625"
"exdqlm_univar_synth","draw_105",1638,"2021-12-08","history","-0.342038343366540"
"exdqlm_univar_synth","draw_105",1638,"2021-12-09","history","-0.577041641277372"
"exdqlm_univar_synth","draw_105",1638,"2021-12-10","history","-0.605918464587994"
"exdqlm_univar_synth","draw_105",1638,"2021-12-11","history","-0.624660486431041"
"exdqlm_univar_synth","draw_105",1638,"2021-12-12","history","-0.335695535314972"
"exdqlm_univar_synth","draw_105",1638,"2021-12-13","history","0.962728491809452"
"exdqlm_univar_synth","draw_105",1638,"2021-12-14","history","1.62788015610076"
"exdqlm_univar_synth","draw_105",1638,"2021-12-15","history","0.682903478381598"
"exdqlm_univar_synth","draw_105",1638,"2021-12-16","history","1.44934672639233"
"exdqlm_univar_synth","draw_105",1638,"2021-12-17","history","0.703781951072254"
"exdqlm_univar_synth","draw_105",1638,"2021-12-18","history","0.322548759773221"
"exdqlm_univar_synth","draw_105",1638,"2021-12-19","history","-0.0575400743419678"
"exdqlm_univar_synth","draw_105",1638,"2021-12-20","history","-0.152886687856037"
"exdqlm_univar_synth","draw_105",1638,"2021-12-21","history","0.0606207261366353"
"exdqlm_univar_synth","draw_106",1654,"2021-12-03","history","-0.238421007879824"
"exdqlm_univar_synth","draw_106",1654,"2021-12-04","history","-0.529890923726352"
"exdqlm_univar_synth","draw_106",1654,"2021-12-05","history","-0.676210347881162"
"exdqlm_univar_synth","draw_106",1654,"2021-12-06","history","-0.417450514278942"
"exdqlm_univar_synth","draw_106",1654,"2021-12-07","history","-0.683713051178674"
"exdqlm_univar_synth","draw_106",1654,"2021-12-08","history","-0.750267390112650"
"exdqlm_univar_synth","draw_106",1654,"2021-12-09","history","-0.393893956728709"
"exdqlm_univar_synth","draw_106",1654,"2021-12-10","history","-0.715416527598607"
"exdqlm_univar_synth","draw_106",1654,"2021-12-11","history","-0.700388803325954"
"exdqlm_univar_synth","draw_106",1654,"2021-12-12","history","-0.479023303772781"
"exdqlm_univar_synth","draw_106",1654,"2021-12-13","history","1.90464783620787"
"exdqlm_univar_synth","draw_106",1654,"2021-12-14","history","1.23520388590454"
"exdqlm_univar_synth","draw_106",1654,"2021-12-15","history","0.743122227576528"
"exdqlm_univar_synth","draw_106",1654,"2021-12-16","history","0.722307704966099"
"exdqlm_univar_synth","draw_106",1654,"2021-12-17","history","0.285774436975713"
"exdqlm_univar_synth","draw_106",1654,"2021-12-18","history","0.279479820958079"
"exdqlm_univar_synth","draw_106",1654,"2021-12-19","history","-0.125697380673316"
"exdqlm_univar_synth","draw_106",1654,"2021-12-20","history","-0.129532917985258"
"exdqlm_univar_synth","draw_106",1654,"2021-12-21","history","-0.0114262689450635"
"exdqlm_univar_synth","draw_107",1669,"2021-12-03","history","-0.433970047732334"
"exdqlm_univar_synth","draw_107",1669,"2021-12-04","history","-0.343123238211162"
"exdqlm_univar_synth","draw_107",1669,"2021-12-05","history","-0.670381659242516"
"exdqlm_univar_synth","draw_107",1669,"2021-12-06","history","-0.596137739996146"
"exdqlm_univar_synth","draw_107",1669,"2021-12-07","history","-0.599908537139386"
"exdqlm_univar_synth","draw_107",1669,"2021-12-08","history","-0.408745989880881"
"exdqlm_univar_synth","draw_107",1669,"2021-12-09","history","-0.625603199639392"
"exdqlm_univar_synth","draw_107",1669,"2021-12-10","history","-0.778372801410418"
"exdqlm_univar_synth","draw_107",1669,"2021-12-11","history","-0.543587836551347"
"exdqlm_univar_synth","draw_107",1669,"2021-12-12","history","-0.581322910311356"
"exdqlm_univar_synth","draw_107",1669,"2021-12-13","history","1.62212531309877"
"exdqlm_univar_synth","draw_107",1669,"2021-12-14","history","1.48014747451503"
"exdqlm_univar_synth","draw_107",1669,"2021-12-15","history","1.04294769626740"
"exdqlm_univar_synth","draw_107",1669,"2021-12-16","history","0.745642518827298"
"exdqlm_univar_synth","draw_107",1669,"2021-12-17","history","0.0937763418214814"
"exdqlm_univar_synth","draw_107",1669,"2021-12-18","history","0.105501565863678"
"exdqlm_univar_synth","draw_107",1669,"2021-12-19","history","-0.156887593602653"
"exdqlm_univar_synth","draw_107",1669,"2021-12-20","history","-0.191110054657907"
"exdqlm_univar_synth","draw_107",1669,"2021-12-21","history","0.0286395176522278"
"exdqlm_univar_synth","draw_108",1685,"2021-12-03","history","-0.695935222309999"
"exdqlm_univar_synth","draw_108",1685,"2021-12-04","history","-0.849130674039806"
"exdqlm_univar_synth","draw_108",1685,"2021-12-05","history","-0.685436280012541"
"exdqlm_univar_synth","draw_108",1685,"2021-12-06","history","-0.806936412809466"
"exdqlm_univar_synth","draw_108",1685,"2021-12-07","history","-0.524744394107043"
"exdqlm_univar_synth","draw_108",1685,"2021-12-08","history","-0.479385607476214"
"exdqlm_univar_synth","draw_108",1685,"2021-12-09","history","-0.457838147000570"
"exdqlm_univar_synth","draw_108",1685,"2021-12-10","history","-0.699079669224374"
"exdqlm_univar_synth","draw_108",1685,"2021-12-11","history","-0.934495082911370"
"exdqlm_univar_synth","draw_108",1685,"2021-12-12","history","-0.879138100954698"
"exdqlm_univar_synth","draw_108",1685,"2021-12-13","history","1.56049673204060"
"exdqlm_univar_synth","draw_108",1685,"2021-12-14","history","1.52787832549627"
"exdqlm_univar_synth","draw_108",1685,"2021-12-15","history","0.952563921890445"
"exdqlm_univar_synth","draw_108",1685,"2021-12-16","history","1.08959341031437"
"exdqlm_univar_synth","draw_108",1685,"2021-12-17","history","0.308418152803814"
"exdqlm_univar_synth","draw_108",1685,"2021-12-18","history","0.609369468251793"
"exdqlm_univar_synth","draw_108",1685,"2021-12-19","history","0.281726278479937"
"exdqlm_univar_synth","draw_108",1685,"2021-12-20","history","0.176430468162605"
"exdqlm_univar_synth","draw_108",1685,"2021-12-21","history","0.0601211000385086"
"exdqlm_univar_synth","draw_109",1701,"2021-12-03","history","-0.797930823683695"
"exdqlm_univar_synth","draw_109",1701,"2021-12-04","history","-0.725015549504055"
"exdqlm_univar_synth","draw_109",1701,"2021-12-05","history","-0.678645963589243"
"exdqlm_univar_synth","draw_109",1701,"2021-12-06","history","-0.674634103087412"
"exdqlm_univar_synth","draw_109",1701,"2021-12-07","history","-0.604757282706470"
"exdqlm_univar_synth","draw_109",1701,"2021-12-08","history","-0.710071957909001"
"exdqlm_univar_synth","draw_109",1701,"2021-12-09","history","-0.510921021726437"
"exdqlm_univar_synth","draw_109",1701,"2021-12-10","history","-0.545025354755222"
"exdqlm_univar_synth","draw_109",1701,"2021-12-11","history","-0.743708438634194"
"exdqlm_univar_synth","draw_109",1701,"2021-12-12","history","-0.387283924323758"
"exdqlm_univar_synth","draw_109",1701,"2021-12-13","history","1.43995751887896"
"exdqlm_univar_synth","draw_109",1701,"2021-12-14","history","1.30182726778488"
"exdqlm_univar_synth","draw_109",1701,"2021-12-15","history","0.744857307037525"
"exdqlm_univar_synth","draw_109",1701,"2021-12-16","history","0.608757942532590"
"exdqlm_univar_synth","draw_109",1701,"2021-12-17","history","0.396295024583357"
"exdqlm_univar_synth","draw_109",1701,"2021-12-18","history","0.193070979813526"
"exdqlm_univar_synth","draw_109",1701,"2021-12-19","history","0.0556828687824812"
"exdqlm_univar_synth","draw_109",1701,"2021-12-20","history","0.136973930852369"
"exdqlm_univar_synth","draw_109",1701,"2021-12-21","history","-0.146774944739576"
"exdqlm_univar_synth","draw_110",1717,"2021-12-03","history","-0.482894795028777"
"exdqlm_univar_synth","draw_110",1717,"2021-12-04","history","-0.698763976767474"
"exdqlm_univar_synth","draw_110",1717,"2021-12-05","history","-0.582981242972929"
"exdqlm_univar_synth","draw_110",1717,"2021-12-06","history","-0.734562800828999"
"exdqlm_univar_synth","draw_110",1717,"2021-12-07","history","-0.433697578808396"
"exdqlm_univar_synth","draw_110",1717,"2021-12-08","history","-0.767335240187134"
"exdqlm_univar_synth","draw_110",1717,"2021-12-09","history","-0.369402931447173"
"exdqlm_univar_synth","draw_110",1717,"2021-12-10","history","-0.327754846824272"
"exdqlm_univar_synth","draw_110",1717,"2021-12-11","history","-0.744948180607212"
"exdqlm_univar_synth","draw_110",1717,"2021-12-12","history","-0.345340702420407"
"exdqlm_univar_synth","draw_110",1717,"2021-12-13","history","0.922621403621808"
"exdqlm_univar_synth","draw_110",1717,"2021-12-14","history","1.38840193791055"
"exdqlm_univar_synth","draw_110",1717,"2021-12-15","history","1.08130726811433"
"exdqlm_univar_synth","draw_110",1717,"2021-12-16","history","1.62992935224374"
"exdqlm_univar_synth","draw_110",1717,"2021-12-17","history","0.124915138088195"
"exdqlm_univar_synth","draw_110",1717,"2021-12-18","history","0.325387910909053"
"exdqlm_univar_synth","draw_110",1717,"2021-12-19","history","-0.0588409423324454"
"exdqlm_univar_synth","draw_110",1717,"2021-12-20","history","0.240841164645271"
"exdqlm_univar_synth","draw_110",1717,"2021-12-21","history","-0.0859564123240446"
"exdqlm_univar_synth","draw_111",1732,"2021-12-03","history","-0.696092085104535"
"exdqlm_univar_synth","draw_111",1732,"2021-12-04","history","-0.433863504741040"
"exdqlm_univar_synth","draw_111",1732,"2021-12-05","history","-0.755325199778090"
"exdqlm_univar_synth","draw_111",1732,"2021-12-06","history","-0.739305062482699"
"exdqlm_univar_synth","draw_111",1732,"2021-12-07","history","-0.681652248747143"
"exdqlm_univar_synth","draw_111",1732,"2021-12-08","history","-0.504552794839253"
"exdqlm_univar_synth","draw_111",1732,"2021-12-09","history","-0.579595843574703"
"exdqlm_univar_synth","draw_111",1732,"2021-12-10","history","-0.475017670058063"
"exdqlm_univar_synth","draw_111",1732,"2021-12-11","history","-0.760570525084227"
"exdqlm_univar_synth","draw_111",1732,"2021-12-12","history","-0.819784223685948"
"exdqlm_univar_synth","draw_111",1732,"2021-12-13","history","1.64163574661553"
"exdqlm_univar_synth","draw_111",1732,"2021-12-14","history","1.31861287729198"
"exdqlm_univar_synth","draw_111",1732,"2021-12-15","history","1.18316405406973"
"exdqlm_univar_synth","draw_111",1732,"2021-12-16","history","0.955402957488272"
"exdqlm_univar_synth","draw_111",1732,"2021-12-17","history","0.681425071022691"
"exdqlm_univar_synth","draw_111",1732,"2021-12-18","history","-0.0791427402437926"
"exdqlm_univar_synth","draw_111",1732,"2021-12-19","history","0.0821742990555145"
"exdqlm_univar_synth","draw_111",1732,"2021-12-20","history","0.362302302014676"
"exdqlm_univar_synth","draw_111",1732,"2021-12-21","history","0.150326839511110"
"exdqlm_univar_synth","draw_112",1748,"2021-12-03","history","-0.768185930803089"
"exdqlm_univar_synth","draw_112",1748,"2021-12-04","history","-0.356243716811234"
"exdqlm_univar_synth","draw_112",1748,"2021-12-05","history","-0.724864167179911"
"exdqlm_univar_synth","draw_112",1748,"2021-12-06","history","-0.710601931298754"
"exdqlm_univar_synth","draw_112",1748,"2021-12-07","history","-0.591903125169814"
"exdqlm_univar_synth","draw_112",1748,"2021-12-08","history","-0.727840800191537"
"exdqlm_univar_synth","draw_112",1748,"2021-12-09","history","-0.579460382800009"
"exdqlm_univar_synth","draw_112",1748,"2021-12-10","history","-0.665455795711347"
"exdqlm_univar_synth","draw_112",1748,"2021-12-11","history","-0.700567531689770"
"exdqlm_univar_synth","draw_112",1748,"2021-12-12","history","-0.528245878306924"
"exdqlm_univar_synth","draw_112",1748,"2021-12-13","history","1.11606268658103"
"exdqlm_univar_synth","draw_112",1748,"2021-12-14","history","2.07995550895973"
"exdqlm_univar_synth","draw_112",1748,"2021-12-15","history","1.27699288966475"
"exdqlm_univar_synth","draw_112",1748,"2021-12-16","history","1.23572035900787"
"exdqlm_univar_synth","draw_112",1748,"2021-12-17","history","0.610503492741359"
"exdqlm_univar_synth","draw_112",1748,"2021-12-18","history","0.358066557728423"
"exdqlm_univar_synth","draw_112",1748,"2021-12-19","history","0.310120428739137"
"exdqlm_univar_synth","draw_112",1748,"2021-12-20","history","0.335235405785335"
"exdqlm_univar_synth","draw_112",1748,"2021-12-21","history","-0.145729287745181"
"exdqlm_univar_synth","draw_113",1764,"2021-12-03","history","-0.565209479262508"
"exdqlm_univar_synth","draw_113",1764,"2021-12-04","history","-0.511861720441082"
"exdqlm_univar_synth","draw_113",1764,"2021-12-05","history","-0.760411483557756"
"exdqlm_univar_synth","draw_113",1764,"2021-12-06","history","-0.457816007967732"
"exdqlm_univar_synth","draw_113",1764,"2021-12-07","history","-0.744402274805090"
"exdqlm_univar_synth","draw_113",1764,"2021-12-08","history","-0.354977956823374"
"exdqlm_univar_synth","draw_113",1764,"2021-12-09","history","-0.768933523201673"
"exdqlm_univar_synth","draw_113",1764,"2021-12-10","history","-0.452760715533865"
"exdqlm_univar_synth","draw_113",1764,"2021-12-11","history","-0.794925350656846"
"exdqlm_univar_synth","draw_113",1764,"2021-12-12","history","-0.594570850224449"
"exdqlm_univar_synth","draw_113",1764,"2021-12-13","history","1.03821283977116"
"exdqlm_univar_synth","draw_113",1764,"2021-12-14","history","1.29888495203917"
"exdqlm_univar_synth","draw_113",1764,"2021-12-15","history","0.636975672780150"
"exdqlm_univar_synth","draw_113",1764,"2021-12-16","history","1.48901729507670"
"exdqlm_univar_synth","draw_113",1764,"2021-12-17","history","0.450915381967398"
"exdqlm_univar_synth","draw_113",1764,"2021-12-18","history","0.123024201228654"
"exdqlm_univar_synth","draw_113",1764,"2021-12-19","history","0.0566558423902139"
"exdqlm_univar_synth","draw_113",1764,"2021-12-20","history","0.0843691449226214"
"exdqlm_univar_synth","draw_113",1764,"2021-12-21","history","-0.0106422228326392"
"exdqlm_univar_synth","draw_114",1780,"2021-12-03","history","-0.818964122305657"
"exdqlm_univar_synth","draw_114",1780,"2021-12-04","history","-0.373100377457811"
"exdqlm_univar_synth","draw_114",1780,"2021-12-05","history","-0.843102931443058"
"exdqlm_univar_synth","draw_114",1780,"2021-12-06","history","-0.529283338759945"
"exdqlm_univar_synth","draw_114",1780,"2021-12-07","history","-0.446529794015614"
"exdqlm_univar_synth","draw_114",1780,"2021-12-08","history","-0.340597045509570"
"exdqlm_univar_synth","draw_114",1780,"2021-12-09","history","-0.739213721768810"
"exdqlm_univar_synth","draw_114",1780,"2021-12-10","history","-0.141033774221065"
"exdqlm_univar_synth","draw_114",1780,"2021-12-11","history","-0.400049787158907"
"exdqlm_univar_synth","draw_114",1780,"2021-12-12","history","-0.635417663749967"
"exdqlm_univar_synth","draw_114",1780,"2021-12-13","history","1.89096918933774"
"exdqlm_univar_synth","draw_114",1780,"2021-12-14","history","1.98381227723178"
"exdqlm_univar_synth","draw_114",1780,"2021-12-15","history","0.651513744234882"
"exdqlm_univar_synth","draw_114",1780,"2021-12-16","history","0.881497166702787"
"exdqlm_univar_synth","draw_114",1780,"2021-12-17","history","0.296246113441324"
"exdqlm_univar_synth","draw_114",1780,"2021-12-18","history","0.744081725025839"
"exdqlm_univar_synth","draw_114",1780,"2021-12-19","history","-0.100170498525106"
"exdqlm_univar_synth","draw_114",1780,"2021-12-20","history","0.188436847170693"
"exdqlm_univar_synth","draw_114",1780,"2021-12-21","history","-0.0728486540424590"
"exdqlm_univar_synth","draw_115",1795,"2021-12-03","history","-0.728586187312070"
"exdqlm_univar_synth","draw_115",1795,"2021-12-04","history","-0.423732500677703"
"exdqlm_univar_synth","draw_115",1795,"2021-12-05","history","-0.581164347345910"
"exdqlm_univar_synth","draw_115",1795,"2021-12-06","history","-0.362077356841236"
"exdqlm_univar_synth","draw_115",1795,"2021-12-07","history","-0.548054401336650"
"exdqlm_univar_synth","draw_115",1795,"2021-12-08","history","-0.600059389090626"
"exdqlm_univar_synth","draw_115",1795,"2021-12-09","history","-0.612810156997522"
"exdqlm_univar_synth","draw_115",1795,"2021-12-10","history","-0.538801544975797"
"exdqlm_univar_synth","draw_115",1795,"2021-12-11","history","-0.823906860055866"
"exdqlm_univar_synth","draw_115",1795,"2021-12-12","history","-0.533291555780421"
"exdqlm_univar_synth","draw_115",1795,"2021-12-13","history","1.41029533601340"
"exdqlm_univar_synth","draw_115",1795,"2021-12-14","history","1.73691672817515"
"exdqlm_univar_synth","draw_115",1795,"2021-12-15","history","0.586332907459270"
"exdqlm_univar_synth","draw_115",1795,"2021-12-16","history","1.66706819800573"
"exdqlm_univar_synth","draw_115",1795,"2021-12-17","history","0.308262764960046"
"exdqlm_univar_synth","draw_115",1795,"2021-12-18","history","0.518012896996933"
"exdqlm_univar_synth","draw_115",1795,"2021-12-19","history","-0.141115756696272"
"exdqlm_univar_synth","draw_115",1795,"2021-12-20","history","0.200505634020801"
"exdqlm_univar_synth","draw_115",1795,"2021-12-21","history","-0.168126546634932"
"exdqlm_univar_synth","draw_116",1811,"2021-12-03","history","-0.525391589163713"
"exdqlm_univar_synth","draw_116",1811,"2021-12-04","history","-0.635804165919431"
"exdqlm_univar_synth","draw_116",1811,"2021-12-05","history","-0.412416532672217"
"exdqlm_univar_synth","draw_116",1811,"2021-12-06","history","-0.745654505796353"
"exdqlm_univar_synth","draw_116",1811,"2021-12-07","history","-0.513927422993106"
"exdqlm_univar_synth","draw_116",1811,"2021-12-08","history","-0.610694723428378"
"exdqlm_univar_synth","draw_116",1811,"2021-12-09","history","-0.485445047420049"
"exdqlm_univar_synth","draw_116",1811,"2021-12-10","history","-0.738163207446436"
"exdqlm_univar_synth","draw_116",1811,"2021-12-11","history","-0.577534282845404"
"exdqlm_univar_synth","draw_116",1811,"2021-12-12","history","-0.562072429055165"
"exdqlm_univar_synth","draw_116",1811,"2021-12-13","history","1.04683533421789"
"exdqlm_univar_synth","draw_116",1811,"2021-12-14","history","1.65348951692591"
"exdqlm_univar_synth","draw_116",1811,"2021-12-15","history","0.716811667876357"
"exdqlm_univar_synth","draw_116",1811,"2021-12-16","history","0.818305871411373"
"exdqlm_univar_synth","draw_116",1811,"2021-12-17","history","0.364220145300261"
"exdqlm_univar_synth","draw_116",1811,"2021-12-18","history","0.120150518800173"
"exdqlm_univar_synth","draw_116",1811,"2021-12-19","history","-0.173569159473463"
"exdqlm_univar_synth","draw_116",1811,"2021-12-20","history","0.246728377567322"
"exdqlm_univar_synth","draw_116",1811,"2021-12-21","history","0.174145526580935"
"exdqlm_univar_synth","draw_117",1827,"2021-12-03","history","-0.340797759244719"
"exdqlm_univar_synth","draw_117",1827,"2021-12-04","history","-0.325624815557501"
"exdqlm_univar_synth","draw_117",1827,"2021-12-05","history","-0.810811595321818"
"exdqlm_univar_synth","draw_117",1827,"2021-12-06","history","-0.687685460509670"
"exdqlm_univar_synth","draw_117",1827,"2021-12-07","history","-0.527923644686418"
"exdqlm_univar_synth","draw_117",1827,"2021-12-08","history","-0.477019587142097"
"exdqlm_univar_synth","draw_117",1827,"2021-12-09","history","-0.467772575459245"
"exdqlm_univar_synth","draw_117",1827,"2021-12-10","history","-0.556587143571512"
"exdqlm_univar_synth","draw_117",1827,"2021-12-11","history","-0.524661658684718"
"exdqlm_univar_synth","draw_117",1827,"2021-12-12","history","-0.649971521908613"
"exdqlm_univar_synth","draw_117",1827,"2021-12-13","history","1.11332030157950"
"exdqlm_univar_synth","draw_117",1827,"2021-12-14","history","1.61732872159244"
"exdqlm_univar_synth","draw_117",1827,"2021-12-15","history","0.964070780968919"
"exdqlm_univar_synth","draw_117",1827,"2021-12-16","history","1.17837981042144"
"exdqlm_univar_synth","draw_117",1827,"2021-12-17","history","0.712876299152169"
"exdqlm_univar_synth","draw_117",1827,"2021-12-18","history","0.197783272409550"
"exdqlm_univar_synth","draw_117",1827,"2021-12-19","history","0.208794519686543"
"exdqlm_univar_synth","draw_117",1827,"2021-12-20","history","0.176085744812097"
"exdqlm_univar_synth","draw_117",1827,"2021-12-21","history","0.151291508385206"
"exdqlm_univar_synth","draw_118",1843,"2021-12-03","history","-0.508859016523058"
"exdqlm_univar_synth","draw_118",1843,"2021-12-04","history","-0.767126239183949"
"exdqlm_univar_synth","draw_118",1843,"2021-12-05","history","-0.745750006116949"
"exdqlm_univar_synth","draw_118",1843,"2021-12-06","history","-0.583749899805012"
"exdqlm_univar_synth","draw_118",1843,"2021-12-07","history","-0.219533829100785"
"exdqlm_univar_synth","draw_118",1843,"2021-12-08","history","-0.480764498869444"
"exdqlm_univar_synth","draw_118",1843,"2021-12-09","history","-0.596169299066278"
"exdqlm_univar_synth","draw_118",1843,"2021-12-10","history","-0.533728908033004"
"exdqlm_univar_synth","draw_118",1843,"2021-12-11","history","-0.584092412264021"
"exdqlm_univar_synth","draw_118",1843,"2021-12-12","history","-0.511564157502349"
"exdqlm_univar_synth","draw_118",1843,"2021-12-13","history","1.31333426818538"
"exdqlm_univar_synth","draw_118",1843,"2021-12-14","history","1.08937201907894"
"exdqlm_univar_synth","draw_118",1843,"2021-12-15","history","0.630657672851258"
"exdqlm_univar_synth","draw_118",1843,"2021-12-16","history","1.58978469376264"
"exdqlm_univar_synth","draw_118",1843,"2021-12-17","history","0.571545657230427"
"exdqlm_univar_synth","draw_118",1843,"2021-12-18","history","0.404380881475157"
"exdqlm_univar_synth","draw_118",1843,"2021-12-19","history","0.209797870351805"
"exdqlm_univar_synth","draw_118",1843,"2021-12-20","history","-0.0551946434406701"
"exdqlm_univar_synth","draw_118",1843,"2021-12-21","history","-0.155248139308854"
"exdqlm_univar_synth","draw_119",1858,"2021-12-03","history","-0.232613266050953"
"exdqlm_univar_synth","draw_119",1858,"2021-12-04","history","-0.506474184965908"
"exdqlm_univar_synth","draw_119",1858,"2021-12-05","history","-0.814336212545871"
"exdqlm_univar_synth","draw_119",1858,"2021-12-06","history","-0.451347083026370"
"exdqlm_univar_synth","draw_119",1858,"2021-12-07","history","-0.565696200839395"
"exdqlm_univar_synth","draw_119",1858,"2021-12-08","history","-0.334073663438729"
"exdqlm_univar_synth","draw_119",1858,"2021-12-09","history","-0.602110615069484"
"exdqlm_univar_synth","draw_119",1858,"2021-12-10","history","-0.442091720474743"
"exdqlm_univar_synth","draw_119",1858,"2021-12-11","history","-0.687458058858867"
"exdqlm_univar_synth","draw_119",1858,"2021-12-12","history","-0.513697385676389"
"exdqlm_univar_synth","draw_119",1858,"2021-12-13","history","1.31387545880788"
"exdqlm_univar_synth","draw_119",1858,"2021-12-14","history","2.07152814339791"
"exdqlm_univar_synth","draw_119",1858,"2021-12-15","history","0.852202266807267"
"exdqlm_univar_synth","draw_119",1858,"2021-12-16","history","1.25995832403003"
"exdqlm_univar_synth","draw_119",1858,"2021-12-17","history","0.463513112725978"
"exdqlm_univar_synth","draw_119",1858,"2021-12-18","history","0.0626048101850085"
"exdqlm_univar_synth","draw_119",1858,"2021-12-19","history","0.275724479751822"
"exdqlm_univar_synth","draw_119",1858,"2021-12-20","history","-0.117145937043155"
"exdqlm_univar_synth","draw_119",1858,"2021-12-21","history","0.0426641843497527"
"exdqlm_univar_synth","draw_120",1874,"2021-12-03","history","-0.430041567083159"
"exdqlm_univar_synth","draw_120",1874,"2021-12-04","history","-0.568082771872772"
"exdqlm_univar_synth","draw_120",1874,"2021-12-05","history","-0.634923585189340"
"exdqlm_univar_synth","draw_120",1874,"2021-12-06","history","-0.522360548650725"
"exdqlm_univar_synth","draw_120",1874,"2021-12-07","history","-0.382821694153173"
"exdqlm_univar_synth","draw_120",1874,"2021-12-08","history","-0.405014778031701"
"exdqlm_univar_synth","draw_120",1874,"2021-12-09","history","-0.664682834145693"
"exdqlm_univar_synth","draw_120",1874,"2021-12-10","history","-0.742680159855730"
"exdqlm_univar_synth","draw_120",1874,"2021-12-11","history","-0.403396320137667"
"exdqlm_univar_synth","draw_120",1874,"2021-12-12","history","-0.986245378205088"
"exdqlm_univar_synth","draw_120",1874,"2021-12-13","history","0.958019493497199"
"exdqlm_univar_synth","draw_120",1874,"2021-12-14","history","1.27153246837938"
"exdqlm_univar_synth","draw_120",1874,"2021-12-15","history","1.25153716881178"
"exdqlm_univar_synth","draw_120",1874,"2021-12-16","history","1.00114577667360"
"exdqlm_univar_synth","draw_120",1874,"2021-12-17","history","0.719407308534895"
"exdqlm_univar_synth","draw_120",1874,"2021-12-18","history","0.0489583625055826"
"exdqlm_univar_synth","draw_120",1874,"2021-12-19","history","-0.0628923996873841"
"exdqlm_univar_synth","draw_120",1874,"2021-12-20","history","0.144608784333492"
"exdqlm_univar_synth","draw_120",1874,"2021-12-21","history","0.0581357566251281"
"exdqlm_univar_synth","draw_121",1890,"2021-12-03","history","-0.532462129949104"
"exdqlm_univar_synth","draw_121",1890,"2021-12-04","history","-0.482367783113313"
"exdqlm_univar_synth","draw_121",1890,"2021-12-05","history","-0.781645627453869"
"exdqlm_univar_synth","draw_121",1890,"2021-12-06","history","-0.647877978441758"
"exdqlm_univar_synth","draw_121",1890,"2021-12-07","history","-0.255052830554317"
"exdqlm_univar_synth","draw_121",1890,"2021-12-08","history","-0.755566419675461"
"exdqlm_univar_synth","draw_121",1890,"2021-12-09","history","-0.638010962997312"
"exdqlm_univar_synth","draw_121",1890,"2021-12-10","history","-0.369752888506713"
"exdqlm_univar_synth","draw_121",1890,"2021-12-11","history","-0.690779163377220"
"exdqlm_univar_synth","draw_121",1890,"2021-12-12","history","-0.590471913971251"
"exdqlm_univar_synth","draw_121",1890,"2021-12-13","history","1.24857676332021"
"exdqlm_univar_synth","draw_121",1890,"2021-12-14","history","1.71215101384401"
"exdqlm_univar_synth","draw_121",1890,"2021-12-15","history","0.879575032820474"
"exdqlm_univar_synth","draw_121",1890,"2021-12-16","history","0.665586134668926"
"exdqlm_univar_synth","draw_121",1890,"2021-12-17","history","0.586837095269799"
"exdqlm_univar_synth","draw_121",1890,"2021-12-18","history","0.301471696308095"
"exdqlm_univar_synth","draw_121",1890,"2021-12-19","history","-0.0798726450333569"
"exdqlm_univar_synth","draw_121",1890,"2021-12-20","history","0.273629252741838"
"exdqlm_univar_synth","draw_121",1890,"2021-12-21","history","-0.0194546217799681"
"exdqlm_univar_synth","draw_122",1906,"2021-12-03","history","-0.580138876486221"
"exdqlm_univar_synth","draw_122",1906,"2021-12-04","history","-0.521227469867826"
"exdqlm_univar_synth","draw_122",1906,"2021-12-05","history","-0.763715168044389"
"exdqlm_univar_synth","draw_122",1906,"2021-12-06","history","-0.274820351475930"
"exdqlm_univar_synth","draw_122",1906,"2021-12-07","history","-0.270680721340626"
"exdqlm_univar_synth","draw_122",1906,"2021-12-08","history","-0.489008057797318"
"exdqlm_univar_synth","draw_122",1906,"2021-12-09","history","-0.698105549836228"
"exdqlm_univar_synth","draw_122",1906,"2021-12-10","history","-0.523810031846258"
"exdqlm_univar_synth","draw_122",1906,"2021-12-11","history","-0.374314513911505"
"exdqlm_univar_synth","draw_122",1906,"2021-12-12","history","-0.496751208313585"
"exdqlm_univar_synth","draw_122",1906,"2021-12-13","history","1.20654168308744"
"exdqlm_univar_synth","draw_122",1906,"2021-12-14","history","1.46309187455580"
"exdqlm_univar_synth","draw_122",1906,"2021-12-15","history","0.579598675983764"
"exdqlm_univar_synth","draw_122",1906,"2021-12-16","history","1.30316244937694"
"exdqlm_univar_synth","draw_122",1906,"2021-12-17","history","0.134226368791293"
"exdqlm_univar_synth","draw_122",1906,"2021-12-18","history","0.455338545379680"
"exdqlm_univar_synth","draw_122",1906,"2021-12-19","history","0.179914771925251"
"exdqlm_univar_synth","draw_122",1906,"2021-12-20","history","0.0930454424431141"
"exdqlm_univar_synth","draw_122",1906,"2021-12-21","history","0.166068081771535"
"exdqlm_univar_synth","draw_123",1921,"2021-12-03","history","-0.538034472884450"
"exdqlm_univar_synth","draw_123",1921,"2021-12-04","history","-0.405491310040698"
"exdqlm_univar_synth","draw_123",1921,"2021-12-05","history","-0.171366406900558"
"exdqlm_univar_synth","draw_123",1921,"2021-12-06","history","-0.693264248190739"
"exdqlm_univar_synth","draw_123",1921,"2021-12-07","history","-0.674618170524934"
"exdqlm_univar_synth","draw_123",1921,"2021-12-08","history","-0.703509565685844"
"exdqlm_univar_synth","draw_123",1921,"2021-12-09","history","-0.660073176078837"
"exdqlm_univar_synth","draw_123",1921,"2021-12-10","history","-0.778568912147120"
"exdqlm_univar_synth","draw_123",1921,"2021-12-11","history","-0.499095300147983"
"exdqlm_univar_synth","draw_123",1921,"2021-12-12","history","-0.324290587634735"
"exdqlm_univar_synth","draw_123",1921,"2021-12-13","history","0.707760982548425"
"exdqlm_univar_synth","draw_123",1921,"2021-12-14","history","1.08975199369634"
"exdqlm_univar_synth","draw_123",1921,"2021-12-15","history","0.752283579965160"
"exdqlm_univar_synth","draw_123",1921,"2021-12-16","history","1.41798611711979"
"exdqlm_univar_synth","draw_123",1921,"2021-12-17","history","0.688572906790902"
"exdqlm_univar_synth","draw_123",1921,"2021-12-18","history","0.156937897492596"
"exdqlm_univar_synth","draw_123",1921,"2021-12-19","history","-0.160081101658151"
"exdqlm_univar_synth","draw_123",1921,"2021-12-20","history","0.388123272688188"
"exdqlm_univar_synth","draw_123",1921,"2021-12-21","history","-0.160176336022559"
"exdqlm_univar_synth","draw_124",1937,"2021-12-03","history","-0.480862670883009"
"exdqlm_univar_synth","draw_124",1937,"2021-12-04","history","-0.618065944857599"
"exdqlm_univar_synth","draw_124",1937,"2021-12-05","history","-0.274868816810750"
"exdqlm_univar_synth","draw_124",1937,"2021-12-06","history","-0.602802655701761"
"exdqlm_univar_synth","draw_124",1937,"2021-12-07","history","-0.657228812059554"
"exdqlm_univar_synth","draw_124",1937,"2021-12-08","history","-0.859379519443026"
"exdqlm_univar_synth","draw_124",1937,"2021-12-09","history","-0.515285001622966"
"exdqlm_univar_synth","draw_124",1937,"2021-12-10","history","-0.402884162399753"
"exdqlm_univar_synth","draw_124",1937,"2021-12-11","history","-0.674757171256706"
"exdqlm_univar_synth","draw_124",1937,"2021-12-12","history","-0.342687748356920"
"exdqlm_univar_synth","draw_124",1937,"2021-12-13","history","1.21659800035014"
"exdqlm_univar_synth","draw_124",1937,"2021-12-14","history","1.49665561207890"
"exdqlm_univar_synth","draw_124",1937,"2021-12-15","history","0.942538797131336"
"exdqlm_univar_synth","draw_124",1937,"2021-12-16","history","0.824849480807311"
"exdqlm_univar_synth","draw_124",1937,"2021-12-17","history","0.107266542515724"
"exdqlm_univar_synth","draw_124",1937,"2021-12-18","history","0.675066517007129"
"exdqlm_univar_synth","draw_124",1937,"2021-12-19","history","0.309510008987648"
"exdqlm_univar_synth","draw_124",1937,"2021-12-20","history","-0.218715828992558"
"exdqlm_univar_synth","draw_124",1937,"2021-12-21","history","0.0996858764655735"
"exdqlm_univar_synth","draw_125",1953,"2021-12-03","history","-0.581822166200044"
"exdqlm_univar_synth","draw_125",1953,"2021-12-04","history","-0.780898737254691"
"exdqlm_univar_synth","draw_125",1953,"2021-12-05","history","-0.738843144718582"
"exdqlm_univar_synth","draw_125",1953,"2021-12-06","history","-0.529354549865017"
"exdqlm_univar_synth","draw_125",1953,"2021-12-07","history","-0.387274271656076"
"exdqlm_univar_synth","draw_125",1953,"2021-12-08","history","-0.635939686268104"
"exdqlm_univar_synth","draw_125",1953,"2021-12-09","history","-0.438698004815929"
"exdqlm_univar_synth","draw_125",1953,"2021-12-10","history","-0.533273841419373"
"exdqlm_univar_synth","draw_125",1953,"2021-12-11","history","-0.803506536695885"
"exdqlm_univar_synth","draw_125",1953,"2021-12-12","history","-0.666787845327942"
"exdqlm_univar_synth","draw_125",1953,"2021-12-13","history","0.881427235647075"
"exdqlm_univar_synth","draw_125",1953,"2021-12-14","history","1.91961319974460"
"exdqlm_univar_synth","draw_125",1953,"2021-12-15","history","1.08259787020196"
"exdqlm_univar_synth","draw_125",1953,"2021-12-16","history","1.28839033637541"
"exdqlm_univar_synth","draw_125",1953,"2021-12-17","history","0.404224296774079"
"exdqlm_univar_synth","draw_125",1953,"2021-12-18","history","0.643766344342157"
"exdqlm_univar_synth","draw_125",1953,"2021-12-19","history","-0.151280323407162"
"exdqlm_univar_synth","draw_125",1953,"2021-12-20","history","0.00388713963104189"
"exdqlm_univar_synth","draw_125",1953,"2021-12-21","history","-0.152592707266450"
"exdqlm_univar_synth","draw_126",1969,"2021-12-03","history","-0.534243118771845"
"exdqlm_univar_synth","draw_126",1969,"2021-12-04","history","-0.758192042723306"
"exdqlm_univar_synth","draw_126",1969,"2021-12-05","history","-0.657831655614442"
"exdqlm_univar_synth","draw_126",1969,"2021-12-06","history","-0.738790566849926"
"exdqlm_univar_synth","draw_126",1969,"2021-12-07","history","-0.358468377489847"
"exdqlm_univar_synth","draw_126",1969,"2021-12-08","history","-0.334877889948901"
"exdqlm_univar_synth","draw_126",1969,"2021-12-09","history","-0.538734329241012"
"exdqlm_univar_synth","draw_126",1969,"2021-12-10","history","-0.538880623495785"
"exdqlm_univar_synth","draw_126",1969,"2021-12-11","history","-0.605801300594818"
"exdqlm_univar_synth","draw_126",1969,"2021-12-12","history","-0.432601385661678"
"exdqlm_univar_synth","draw_126",1969,"2021-12-13","history","1.91319856396365"
"exdqlm_univar_synth","draw_126",1969,"2021-12-14","history","1.30017343346399"
"exdqlm_univar_synth","draw_126",1969,"2021-12-15","history","0.728791544014681"
"exdqlm_univar_synth","draw_126",1969,"2021-12-16","history","1.58664633841545"
"exdqlm_univar_synth","draw_126",1969,"2021-12-17","history","0.106180526314153"
"exdqlm_univar_synth","draw_126",1969,"2021-12-18","history","0.152834363811236"
"exdqlm_univar_synth","draw_126",1969,"2021-12-19","history","-0.0407771677391367"
"exdqlm_univar_synth","draw_126",1969,"2021-12-20","history","-0.0847328465318105"
"exdqlm_univar_synth","draw_126",1969,"2021-12-21","history","0.290678776412464"
"exdqlm_univar_synth","draw_127",1984,"2021-12-03","history","-0.503401145814823"
"exdqlm_univar_synth","draw_127",1984,"2021-12-04","history","-0.539547318321167"
"exdqlm_univar_synth","draw_127",1984,"2021-12-05","history","-0.465110090389378"
"exdqlm_univar_synth","draw_127",1984,"2021-12-06","history","-0.423795232459935"
"exdqlm_univar_synth","draw_127",1984,"2021-12-07","history","-0.497138691170805"
"exdqlm_univar_synth","draw_127",1984,"2021-12-08","history","-0.479117495814530"
"exdqlm_univar_synth","draw_127",1984,"2021-12-09","history","-0.451596878796596"
"exdqlm_univar_synth","draw_127",1984,"2021-12-10","history","-0.619903236771414"
"exdqlm_univar_synth","draw_127",1984,"2021-12-11","history","-0.769440923379152"
"exdqlm_univar_synth","draw_127",1984,"2021-12-12","history","-0.817309216883025"
"exdqlm_univar_synth","draw_127",1984,"2021-12-13","history","0.795106232758631"
"exdqlm_univar_synth","draw_127",1984,"2021-12-14","history","1.76658060609356"
"exdqlm_univar_synth","draw_127",1984,"2021-12-15","history","0.880573567194171"
"exdqlm_univar_synth","draw_127",1984,"2021-12-16","history","1.37673403831826"
"exdqlm_univar_synth","draw_127",1984,"2021-12-17","history","0.281268280186356"
"exdqlm_univar_synth","draw_127",1984,"2021-12-18","history","0.243195952773266"
"exdqlm_univar_synth","draw_127",1984,"2021-12-19","history","0.137508439297000"
"exdqlm_univar_synth","draw_127",1984,"2021-12-20","history","-0.0652588655867725"
"exdqlm_univar_synth","draw_127",1984,"2021-12-21","history","-0.108289537125484"
"exdqlm_univar_synth","draw_128",2000,"2021-12-03","history","-0.304258184163806"
"exdqlm_univar_synth","draw_128",2000,"2021-12-04","history","-0.510483776806199"
"exdqlm_univar_synth","draw_128",2000,"2021-12-05","history","-0.459482694899787"
"exdqlm_univar_synth","draw_128",2000,"2021-12-06","history","-0.816342813017727"
"exdqlm_univar_synth","draw_128",2000,"2021-12-07","history","-0.588532073439651"
"exdqlm_univar_synth","draw_128",2000,"2021-12-08","history","-0.733223593953772"
"exdqlm_univar_synth","draw_128",2000,"2021-12-09","history","-0.676781195291169"
"exdqlm_univar_synth","draw_128",2000,"2021-12-10","history","-0.698735652728989"
"exdqlm_univar_synth","draw_128",2000,"2021-12-11","history","-0.312921919536056"
"exdqlm_univar_synth","draw_128",2000,"2021-12-12","history","-0.782126941721769"
"exdqlm_univar_synth","draw_128",2000,"2021-12-13","history","0.755943398582276"
"exdqlm_univar_synth","draw_128",2000,"2021-12-14","history","2.07181222507514"
"exdqlm_univar_synth","draw_128",2000,"2021-12-15","history","0.973221860897716"
"exdqlm_univar_synth","draw_128",2000,"2021-12-16","history","1.02006027266708"
"exdqlm_univar_synth","draw_128",2000,"2021-12-17","history","0.594137057364264"
"exdqlm_univar_synth","draw_128",2000,"2021-12-18","history","0.342455000152186"
"exdqlm_univar_synth","draw_128",2000,"2021-12-19","history","0.244938441066600"
"exdqlm_univar_synth","draw_128",2000,"2021-12-20","history","-0.0195269273128122"
"exdqlm_univar_synth","draw_128",2000,"2021-12-21","history","0.145242136178553"
"exdqlm_univar_synth","draw_001",1,"2021-12-22","forecast","0.522147978032159"
"exdqlm_univar_synth","draw_001",1,"2021-12-23","forecast","0.947803661766069"
"exdqlm_univar_synth","draw_001",1,"2021-12-24","forecast","0.811268752329452"
"exdqlm_univar_synth","draw_001",1,"2021-12-25","forecast","0.249326453978319"
"exdqlm_univar_synth","draw_001",1,"2021-12-26","forecast","0.350965982729354"
"exdqlm_univar_synth","draw_001",1,"2021-12-27","forecast","0.00525692652579864"
"exdqlm_univar_synth","draw_001",1,"2021-12-28","forecast","-0.102687132850228"
"exdqlm_univar_synth","draw_001",1,"2021-12-29","forecast","-0.301344972358848"
"exdqlm_univar_synth","draw_001",1,"2021-12-30","forecast","-0.0855144323518256"
"exdqlm_univar_synth","draw_001",1,"2021-12-31","forecast","-0.611613983314495"
"exdqlm_univar_synth","draw_001",1,"2022-01-01","forecast","-0.835428945563900"
"exdqlm_univar_synth","draw_001",1,"2022-01-02","forecast","-0.561223917493257"
"exdqlm_univar_synth","draw_001",1,"2022-01-03","forecast","0"
"exdqlm_univar_synth","draw_001",1,"2022-01-04","forecast","-0.292682716980314"
"exdqlm_univar_synth","draw_001",1,"2022-01-05","forecast","-0.122258805055405"
"exdqlm_univar_synth","draw_001",1,"2022-01-06","forecast","-0.395972812748695"
"exdqlm_univar_synth","draw_001",1,"2022-01-07","forecast","-0.488053701719467"
"exdqlm_univar_synth","draw_001",1,"2022-01-08","forecast","-0.982753227727988"
"exdqlm_univar_synth","draw_001",1,"2022-01-09","forecast","-0.810096043461333"
"exdqlm_univar_synth","draw_001",1,"2022-01-10","forecast","-1.09800336666022"
"exdqlm_univar_synth","draw_001",1,"2022-01-11","forecast","-0.771055833278891"
"exdqlm_univar_synth","draw_001",1,"2022-01-12","forecast","-1.30760957364530"
"exdqlm_univar_synth","draw_001",1,"2022-01-13","forecast","-0.842156140254077"
"exdqlm_univar_synth","draw_001",1,"2022-01-14","forecast","-0.917048685805192"
"exdqlm_univar_synth","draw_001",1,"2022-01-15","forecast","-1.12225199515205"
"exdqlm_univar_synth","draw_001",1,"2022-01-16","forecast","-1.38736559031262"
"exdqlm_univar_synth","draw_001",1,"2022-01-17","forecast","-0.823511026115452"
"exdqlm_univar_synth","draw_001",1,"2022-01-18","forecast","-1.18663179334522"
"exdqlm_univar_synth","draw_002",17,"2021-12-22","forecast","0.00545301505292694"
"exdqlm_univar_synth","draw_002",17,"2021-12-23","forecast","1.00568667119021"
"exdqlm_univar_synth","draw_002",17,"2021-12-24","forecast","0.759468958823807"
"exdqlm_univar_synth","draw_002",17,"2021-12-25","forecast","0.621775762955072"
"exdqlm_univar_synth","draw_002",17,"2021-12-26","forecast","0.309194482679030"
"exdqlm_univar_synth","draw_002",17,"2021-12-27","forecast","0.0397791834466617"
"exdqlm_univar_synth","draw_002",17,"2021-12-28","forecast","-0.112200775816395"
"exdqlm_univar_synth","draw_002",17,"2021-12-29","forecast","0.102402085128433"
"exdqlm_univar_synth","draw_002",17,"2021-12-30","forecast","-0.0589134466551836"
"exdqlm_univar_synth","draw_002",17,"2021-12-31","forecast","-0.256391600472330"
"exdqlm_univar_synth","draw_002",17,"2022-01-01","forecast","-0.774319801421586"
"exdqlm_univar_synth","draw_002",17,"2022-01-02","forecast","-0.561544482258718"
"exdqlm_univar_synth","draw_002",17,"2022-01-03","forecast","-0.730451587470878"
"exdqlm_univar_synth","draw_002",17,"2022-01-04","forecast","-0.503880029672844"
"exdqlm_univar_synth","draw_002",17,"2022-01-05","forecast","-0.0746347178612316"
"exdqlm_univar_synth","draw_002",17,"2022-01-06","forecast","-0.406678531558662"
"exdqlm_univar_synth","draw_002",17,"2022-01-07","forecast","-0.663629050275952"
"exdqlm_univar_synth","draw_002",17,"2022-01-08","forecast","-0.697329092071518"
"exdqlm_univar_synth","draw_002",17,"2022-01-09","forecast","-1.16510089462566"
"exdqlm_univar_synth","draw_002",17,"2022-01-10","forecast","-1.06648273354888"
"exdqlm_univar_synth","draw_002",17,"2022-01-11","forecast","-0.769427444165347"
"exdqlm_univar_synth","draw_002",17,"2022-01-12","forecast","-0.985381708708873"
"exdqlm_univar_synth","draw_002",17,"2022-01-13","forecast","-1.36232133819017"
"exdqlm_univar_synth","draw_002",17,"2022-01-14","forecast","-1.15632326102626"
"exdqlm_univar_synth","draw_002",17,"2022-01-15","forecast","-0.962251640315098"
"exdqlm_univar_synth","draw_002",17,"2022-01-16","forecast","-1.22962454704648"
"exdqlm_univar_synth","draw_002",17,"2022-01-17","forecast","-0.940026605544057"
"exdqlm_univar_synth","draw_002",17,"2022-01-18","forecast","-0.893656543502797"
"exdqlm_univar_synth","draw_003",32,"2021-12-22","forecast","0.253349003686046"
"exdqlm_univar_synth","draw_003",32,"2021-12-23","forecast","1.32080441924268"
"exdqlm_univar_synth","draw_003",32,"2021-12-24","forecast","0.976269676831162"
"exdqlm_univar_synth","draw_003",32,"2021-12-25","forecast","0.0961799212775944"
"exdqlm_univar_synth","draw_003",32,"2021-12-26","forecast","0.0749188788674058"
"exdqlm_univar_synth","draw_003",32,"2021-12-27","forecast","-0.192076136708030"
"exdqlm_univar_synth","draw_003",32,"2021-12-28","forecast","-0.337850484957174"
"exdqlm_univar_synth","draw_003",32,"2021-12-29","forecast","0.0316630399874710"
"exdqlm_univar_synth","draw_003",32,"2021-12-30","forecast","0.00621374185690541"
"exdqlm_univar_synth","draw_003",32,"2021-12-31","forecast","-0.323683179030543"
"exdqlm_univar_synth","draw_003",32,"2022-01-01","forecast","-0.800006786893423"
"exdqlm_univar_synth","draw_003",32,"2022-01-02","forecast","-0.825505356517846"
"exdqlm_univar_synth","draw_003",32,"2022-01-03","forecast","-0.712136408253533"
"exdqlm_univar_synth","draw_003",32,"2022-01-04","forecast","-0.231093666153972"
"exdqlm_univar_synth","draw_003",32,"2022-01-05","forecast","-0.133987773267920"
"exdqlm_univar_synth","draw_003",32,"2022-01-06","forecast","-0.571208931797375"
"exdqlm_univar_synth","draw_003",32,"2022-01-07","forecast","-1.09032303642664"
"exdqlm_univar_synth","draw_003",32,"2022-01-08","forecast","-0.667076610569407"
"exdqlm_univar_synth","draw_003",32,"2022-01-09","forecast","-1.32254724488193"
"exdqlm_univar_synth","draw_003",32,"2022-01-10","forecast","-0.782506855525307"
"exdqlm_univar_synth","draw_003",32,"2022-01-11","forecast","-0.754084569386007"
"exdqlm_univar_synth","draw_003",32,"2022-01-12","forecast","-1.23066895036343"
"exdqlm_univar_synth","draw_003",32,"2022-01-13","forecast","-0.806860134585249"
"exdqlm_univar_synth","draw_003",32,"2022-01-14","forecast","-0.916327336977516"
"exdqlm_univar_synth","draw_003",32,"2022-01-15","forecast","-0.857146599357845"
"exdqlm_univar_synth","draw_003",32,"2022-01-16","forecast","-1.60083488414839"
"exdqlm_univar_synth","draw_003",32,"2022-01-17","forecast","-1.27653825755891"
"exdqlm_univar_synth","draw_003",32,"2022-01-18","forecast","-0.919684936146696"
"exdqlm_univar_synth","draw_004",48,"2021-12-22","forecast","0.0369991679750441"
"exdqlm_univar_synth","draw_004",48,"2021-12-23","forecast","0.500297310081161"
"exdqlm_univar_synth","draw_004",48,"2021-12-24","forecast","0.664763653379265"
"exdqlm_univar_synth","draw_004",48,"2021-12-25","forecast","0.0899562329930354"
"exdqlm_univar_synth","draw_004",48,"2021-12-26","forecast","0.162320506589713"
"exdqlm_univar_synth","draw_004",48,"2021-12-27","forecast","-0.165228879036865"
"exdqlm_univar_synth","draw_004",48,"2021-12-28","forecast","-0.175826518286097"
"exdqlm_univar_synth","draw_004",48,"2021-12-29","forecast","-0.425333030236859"
"exdqlm_univar_synth","draw_004",48,"2021-12-30","forecast","-0.397806745962493"
"exdqlm_univar_synth","draw_004",48,"2021-12-31","forecast","-0.512254158550261"
"exdqlm_univar_synth","draw_004",48,"2022-01-01","forecast","-0.852316233869138"
"exdqlm_univar_synth","draw_004",48,"2022-01-02","forecast","-0.890876936282301"
"exdqlm_univar_synth","draw_004",48,"2022-01-03","forecast","-0.721666012480798"
"exdqlm_univar_synth","draw_004",48,"2022-01-04","forecast","-0.236391904312469"
"exdqlm_univar_synth","draw_004",48,"2022-01-05","forecast","-0.809639726117800"
"exdqlm_univar_synth","draw_004",48,"2022-01-06","forecast","-0.394328736484090"
"exdqlm_univar_synth","draw_004",48,"2022-01-07","forecast","-0.621200716105079"
"exdqlm_univar_synth","draw_004",48,"2022-01-08","forecast","-0.645889141901307"
"exdqlm_univar_synth","draw_004",48,"2022-01-09","forecast","-1.11874159241713"
"exdqlm_univar_synth","draw_004",48,"2022-01-10","forecast","-1.03468348060729"
"exdqlm_univar_synth","draw_004",48,"2022-01-11","forecast","-0.799990078986504"
"exdqlm_univar_synth","draw_004",48,"2022-01-12","forecast","-0.989903837469068"
"exdqlm_univar_synth","draw_004",48,"2022-01-13","forecast","-0.809402780730619"
"exdqlm_univar_synth","draw_004",48,"2022-01-14","forecast","-0.917586909142455"
"exdqlm_univar_synth","draw_004",48,"2022-01-15","forecast","-0.832858293159373"
"exdqlm_univar_synth","draw_004",48,"2022-01-16","forecast","-0.930936032148471"
"exdqlm_univar_synth","draw_004",48,"2022-01-17","forecast","-0.938816557147504"
"exdqlm_univar_synth","draw_004",48,"2022-01-18","forecast","-0.894843679159668"
"exdqlm_univar_synth","draw_005",64,"2021-12-22","forecast","0.386277449236779"
"exdqlm_univar_synth","draw_005",64,"2021-12-23","forecast","1.34766780860335"
"exdqlm_univar_synth","draw_005",64,"2021-12-24","forecast","0.824259491647314"
"exdqlm_univar_synth","draw_005",64,"2021-12-25","forecast","0.256055722245376"
"exdqlm_univar_synth","draw_005",64,"2021-12-26","forecast","0.278064032030164"
"exdqlm_univar_synth","draw_005",64,"2021-12-27","forecast","-0.373259685319965"
"exdqlm_univar_synth","draw_005",64,"2021-12-28","forecast","-0.274338858415598"
"exdqlm_univar_synth","draw_005",64,"2021-12-29","forecast","-0.588442689495910"
"exdqlm_univar_synth","draw_005",64,"2021-12-30","forecast","-0.0856948970339807"
"exdqlm_univar_synth","draw_005",64,"2021-12-31","forecast","-0.313160416867651"
"exdqlm_univar_synth","draw_005",64,"2022-01-01","forecast","-0.508544701845284"
"exdqlm_univar_synth","draw_005",64,"2022-01-02","forecast","-0.667878467903889"
"exdqlm_univar_synth","draw_005",64,"2022-01-03","forecast","-0.716008547682487"
"exdqlm_univar_synth","draw_005",64,"2022-01-04","forecast","-0.233168504817655"
"exdqlm_univar_synth","draw_005",64,"2022-01-05","forecast","-0.0629243483448505"
"exdqlm_univar_synth","draw_005",64,"2022-01-06","forecast","-0.791848763943411"
"exdqlm_univar_synth","draw_005",64,"2022-01-07","forecast","-0.487477746163767"
"exdqlm_univar_synth","draw_005",64,"2022-01-08","forecast","-0.665118068890215"
"exdqlm_univar_synth","draw_005",64,"2022-01-09","forecast","-1.13863957926453"
"exdqlm_univar_synth","draw_005",64,"2022-01-10","forecast","-0.806091664610377"
"exdqlm_univar_synth","draw_005",64,"2022-01-11","forecast","-0.773850906565385"
"exdqlm_univar_synth","draw_005",64,"2022-01-12","forecast","-0.985413679954806"
"exdqlm_univar_synth","draw_005",64,"2022-01-13","forecast","-0.726349995774029"
"exdqlm_univar_synth","draw_005",64,"2022-01-14","forecast","-0.917273454656620"
"exdqlm_univar_synth","draw_005",64,"2022-01-15","forecast","-0.849474139569325"
"exdqlm_univar_synth","draw_005",64,"2022-01-16","forecast","-0.943713967670899"
"exdqlm_univar_synth","draw_005",64,"2022-01-17","forecast","-1.35991252119367"
"exdqlm_univar_synth","draw_005",64,"2022-01-18","forecast","-1.40038625129842"
"exdqlm_univar_synth","draw_006",80,"2021-12-22","forecast","0.165298627515290"
"exdqlm_univar_synth","draw_006",80,"2021-12-23","forecast","1.21114160016260"
"exdqlm_univar_synth","draw_006",80,"2021-12-24","forecast","0.473940494291758"
"exdqlm_univar_synth","draw_006",80,"2021-12-25","forecast","0.686226341780796"
"exdqlm_univar_synth","draw_006",80,"2021-12-26","forecast","0.362604301928158"
"exdqlm_univar_synth","draw_006",80,"2021-12-27","forecast","-0.301251323049542"
"exdqlm_univar_synth","draw_006",80,"2021-12-28","forecast","-0.169342447454882"
"exdqlm_univar_synth","draw_006",80,"2021-12-29","forecast","-0.617735651918817"
"exdqlm_univar_synth","draw_006",80,"2021-12-30","forecast","-0.669193394037175"
"exdqlm_univar_synth","draw_006",80,"2021-12-31","forecast","-0.301763638832002"
"exdqlm_univar_synth","draw_006",80,"2022-01-01","forecast","-0.590389709028411"
"exdqlm_univar_synth","draw_006",80,"2022-01-02","forecast","-0.566183329874718"
"exdqlm_univar_synth","draw_006",80,"2022-01-03","forecast","-0.860986670674537"
"exdqlm_univar_synth","draw_006",80,"2022-01-04","forecast","-0.305574428665351"
"exdqlm_univar_synth","draw_006",80,"2022-01-05","forecast","-0.721979917711564"
"exdqlm_univar_synth","draw_006",80,"2022-01-06","forecast","-0.394434328109734"
"exdqlm_univar_synth","draw_006",80,"2022-01-07","forecast","-0.481999764788243"
"exdqlm_univar_synth","draw_006",80,"2022-01-08","forecast","-0.637419783407511"
"exdqlm_univar_synth","draw_006",80,"2022-01-09","forecast","-0.891606345016980"
"exdqlm_univar_synth","draw_006",80,"2022-01-10","forecast","-1.32740377789541"
"exdqlm_univar_synth","draw_006",80,"2022-01-11","forecast","-0.763733911625590"
"exdqlm_univar_synth","draw_006",80,"2022-01-12","forecast","-1.06343102265691"
"exdqlm_univar_synth","draw_006",80,"2022-01-13","forecast","-0.830568248072237"
"exdqlm_univar_synth","draw_006",80,"2022-01-14","forecast","-0.919696497979139"
"exdqlm_univar_synth","draw_006",80,"2022-01-15","forecast","-1.34933288018557"
"exdqlm_univar_synth","draw_006",80,"2022-01-16","forecast","-1.25472813901799"
"exdqlm_univar_synth","draw_006",80,"2022-01-17","forecast","-0.938029003467143"
"exdqlm_univar_synth","draw_006",80,"2022-01-18","forecast","-1.46696011255775"
"exdqlm_univar_synth","draw_007",95,"2021-12-22","forecast","0.0745725302178859"
"exdqlm_univar_synth","draw_007",95,"2021-12-23","forecast","1.21850908537715"
"exdqlm_univar_synth","draw_007",95,"2021-12-24","forecast","0.877521755256293"
"exdqlm_univar_synth","draw_007",95,"2021-12-25","forecast","0.457170546764780"
"exdqlm_univar_synth","draw_007",95,"2021-12-26","forecast","0.701890011739678"
"exdqlm_univar_synth","draw_007",95,"2021-12-27","forecast","-0.142003510604027"
"exdqlm_univar_synth","draw_007",95,"2021-12-28","forecast","-0.0266514890998600"
"exdqlm_univar_synth","draw_007",95,"2021-12-29","forecast","-0.160198500997202"
"exdqlm_univar_synth","draw_007",95,"2021-12-30","forecast","-0.608783905717008"
"exdqlm_univar_synth","draw_007",95,"2021-12-31","forecast","-0.671191685182543"
"exdqlm_univar_synth","draw_007",95,"2022-01-01","forecast","-0.522564054488205"
"exdqlm_univar_synth","draw_007",95,"2022-01-02","forecast","-0.558550439346263"
"exdqlm_univar_synth","draw_007",95,"2022-01-03","forecast","-0.703216601142846"
"exdqlm_univar_synth","draw_007",95,"2022-01-04","forecast","-0.264223715981446"
"exdqlm_univar_synth","draw_007",95,"2022-01-05","forecast","-0.267487418980518"
"exdqlm_univar_synth","draw_007",95,"2022-01-06","forecast","-0.395743195162952"
"exdqlm_univar_synth","draw_007",95,"2022-01-07","forecast","-0.976089247640545"
"exdqlm_univar_synth","draw_007",95,"2022-01-08","forecast","-0.643482747723857"
"exdqlm_univar_synth","draw_007",95,"2022-01-09","forecast","-0.866373818278549"
"exdqlm_univar_synth","draw_007",95,"2022-01-10","forecast","-1.31363918596308"
"exdqlm_univar_synth","draw_007",95,"2022-01-11","forecast","-0.903906672301692"
"exdqlm_univar_synth","draw_007",95,"2022-01-12","forecast","-0.983327033288831"
"exdqlm_univar_synth","draw_007",95,"2022-01-13","forecast","-0.607118893842922"
"exdqlm_univar_synth","draw_007",95,"2022-01-14","forecast","-1.26793291354818"
"exdqlm_univar_synth","draw_007",95,"2022-01-15","forecast","-0.980431281416049"
"exdqlm_univar_synth","draw_007",95,"2022-01-16","forecast","-1.15381304249452"
"exdqlm_univar_synth","draw_007",95,"2022-01-17","forecast","-1.45612198484191"
"exdqlm_univar_synth","draw_007",95,"2022-01-18","forecast","-0.893363798438989"
"exdqlm_univar_synth","draw_008",111,"2021-12-22","forecast","0.419996194176919"
"exdqlm_univar_synth","draw_008",111,"2021-12-23","forecast","0.971818914203367"
"exdqlm_univar_synth","draw_008",111,"2021-12-24","forecast","0.327491818718791"
"exdqlm_univar_synth","draw_008",111,"2021-12-25","forecast","0.369014419434044"
"exdqlm_univar_synth","draw_008",111,"2021-12-26","forecast","0.500068852589298"
"exdqlm_univar_synth","draw_008",111,"2021-12-27","forecast","0.122416580911756"
"exdqlm_univar_synth","draw_008",111,"2021-12-28","forecast","-0.0730225318970260"
"exdqlm_univar_synth","draw_008",111,"2021-12-29","forecast","0.0315045802957632"
"exdqlm_univar_synth","draw_008",111,"2021-12-30","forecast","-0.0812753062558545"
"exdqlm_univar_synth","draw_008",111,"2021-12-31","forecast","-0.331170031731716"
"exdqlm_univar_synth","draw_008",111,"2022-01-01","forecast","-0.972511148981440"
"exdqlm_univar_synth","draw_008",111,"2022-01-02","forecast","-0.965683412616831"
"exdqlm_univar_synth","draw_008",111,"2022-01-03","forecast","-1.16562002187095"
"exdqlm_univar_synth","draw_008",111,"2022-01-04","forecast","-0.678370465064449"
"exdqlm_univar_synth","draw_008",111,"2022-01-05","forecast","-0.301932156570833"
"exdqlm_univar_synth","draw_008",111,"2022-01-06","forecast","-1.23763159882690"
"exdqlm_univar_synth","draw_008",111,"2022-01-07","forecast","-0.752317630220884"
"exdqlm_univar_synth","draw_008",111,"2022-01-08","forecast","-0.751345179085055"
"exdqlm_univar_synth","draw_008",111,"2022-01-09","forecast","-0.809982241010358"
"exdqlm_univar_synth","draw_008",111,"2022-01-10","forecast","-0.782783378421617"
"exdqlm_univar_synth","draw_008",111,"2022-01-11","forecast","-0.991035563366264"
"exdqlm_univar_synth","draw_008",111,"2022-01-12","forecast","-1.07064267268714"
"exdqlm_univar_synth","draw_008",111,"2022-01-13","forecast","-0.805976657084245"
"exdqlm_univar_synth","draw_008",111,"2022-01-14","forecast","-0.917453134165134"
"exdqlm_univar_synth","draw_008",111,"2022-01-15","forecast","-0.828972722261899"
"exdqlm_univar_synth","draw_008",111,"2022-01-16","forecast","-0.930979801362299"
"exdqlm_univar_synth","draw_008",111,"2022-01-17","forecast","-0.946685694514116"
"exdqlm_univar_synth","draw_008",111,"2022-01-18","forecast","-0.978604676266045"
"exdqlm_univar_synth","draw_009",127,"2021-12-22","forecast","0.368063037236693"
"exdqlm_univar_synth","draw_009",127,"2021-12-23","forecast","0.614179314404853"
"exdqlm_univar_synth","draw_009",127,"2021-12-24","forecast","0.405960140706149"
"exdqlm_univar_synth","draw_009",127,"2021-12-25","forecast","0.533690075216392"
"exdqlm_univar_synth","draw_009",127,"2021-12-26","forecast","0.379726263934020"
"exdqlm_univar_synth","draw_009",127,"2021-12-27","forecast","-0.223517885321523"
"exdqlm_univar_synth","draw_009",127,"2021-12-28","forecast","-0.551376784503550"
"exdqlm_univar_synth","draw_009",127,"2021-12-29","forecast","-0.0189308332639043"
"exdqlm_univar_synth","draw_009",127,"2021-12-30","forecast","-0.0869302851058512"
"exdqlm_univar_synth","draw_009",127,"2021-12-31","forecast","-0.434008296107882"
"exdqlm_univar_synth","draw_009",127,"2022-01-01","forecast","-0.506487590733357"
"exdqlm_univar_synth","draw_009",127,"2022-01-02","forecast","-0.572370014553411"
"exdqlm_univar_synth","draw_009",127,"2022-01-03","forecast","-1.08482692996307"
"exdqlm_univar_synth","draw_009",127,"2022-01-04","forecast","-0.600924187300154"
"exdqlm_univar_synth","draw_009",127,"2022-01-05","forecast","-0.317712800494044"
"exdqlm_univar_synth","draw_009",127,"2022-01-06","forecast","-0.799543102535499"
"exdqlm_univar_synth","draw_009",127,"2022-01-07","forecast","-0.478952471479556"
"exdqlm_univar_synth","draw_009",127,"2022-01-08","forecast","-0.645088838331204"
"exdqlm_univar_synth","draw_009",127,"2022-01-09","forecast","-0.822314736494143"
"exdqlm_univar_synth","draw_009",127,"2022-01-10","forecast","-0.797271119878422"
"exdqlm_univar_synth","draw_009",127,"2022-01-11","forecast","-1.65482953141046"
"exdqlm_univar_synth","draw_009",127,"2022-01-12","forecast","-1.23330457182881"
"exdqlm_univar_synth","draw_009",127,"2022-01-13","forecast","-1.07426402914094"
"exdqlm_univar_synth","draw_009",127,"2022-01-14","forecast","-0.917455547265409"
"exdqlm_univar_synth","draw_009",127,"2022-01-15","forecast","-0.802229939773819"
"exdqlm_univar_synth","draw_009",127,"2022-01-16","forecast","-0.933967776447971"
"exdqlm_univar_synth","draw_009",127,"2022-01-17","forecast","-0.937669256209672"
"exdqlm_univar_synth","draw_009",127,"2022-01-18","forecast","-1.02111473676459"
"exdqlm_univar_synth","draw_010",143,"2021-12-22","forecast","0.0840522000378267"
"exdqlm_univar_synth","draw_010",143,"2021-12-23","forecast","0.748645646613399"
"exdqlm_univar_synth","draw_010",143,"2021-12-24","forecast","0.549571229389194"
"exdqlm_univar_synth","draw_010",143,"2021-12-25","forecast","0.557641065253456"
"exdqlm_univar_synth","draw_010",143,"2021-12-26","forecast","0.289686596167111"
"exdqlm_univar_synth","draw_010",143,"2021-12-27","forecast","0.173791833940172"
"exdqlm_univar_synth","draw_010",143,"2021-12-28","forecast","-0.0896339733965970"
"exdqlm_univar_synth","draw_010",143,"2021-12-29","forecast","-0.556117605711722"
"exdqlm_univar_synth","draw_010",143,"2021-12-30","forecast","-0.417758342358378"
"exdqlm_univar_synth","draw_010",143,"2021-12-31","forecast","-0.200831724241639"
"exdqlm_univar_synth","draw_010",143,"2022-01-01","forecast","-0.506865041314306"
"exdqlm_univar_synth","draw_010",143,"2022-01-02","forecast","-0.947251399525693"
"exdqlm_univar_synth","draw_010",143,"2022-01-03","forecast","-0.712615498118161"
"exdqlm_univar_synth","draw_010",143,"2022-01-04","forecast","-0.351093462967779"
"exdqlm_univar_synth","draw_010",143,"2022-01-05","forecast","-0.103759218286088"
"exdqlm_univar_synth","draw_010",143,"2022-01-06","forecast","-0.396088716855553"
"exdqlm_univar_synth","draw_010",143,"2022-01-07","forecast","-1.02467911678778"
"exdqlm_univar_synth","draw_010",143,"2022-01-08","forecast","-0.913303689359135"
"exdqlm_univar_synth","draw_010",143,"2022-01-09","forecast","-1.07331071169094"
"exdqlm_univar_synth","draw_010",143,"2022-01-10","forecast","-1.29116185001888"
"exdqlm_univar_synth","draw_010",143,"2022-01-11","forecast","-0.951236795295564"
"exdqlm_univar_synth","draw_010",143,"2022-01-12","forecast","-0.996178991691522"
"exdqlm_univar_synth","draw_010",143,"2022-01-13","forecast","-0.864972334544033"
"exdqlm_univar_synth","draw_010",143,"2022-01-14","forecast","-1.05147472297236"
"exdqlm_univar_synth","draw_010",143,"2022-01-15","forecast","-0.834445507276645"
"exdqlm_univar_synth","draw_010",143,"2022-01-16","forecast","-1.33000959934244"
"exdqlm_univar_synth","draw_010",143,"2022-01-17","forecast","-1.26529300536013"
"exdqlm_univar_synth","draw_010",143,"2022-01-18","forecast","-1.10152680712543"
"exdqlm_univar_synth","draw_011",158,"2021-12-22","forecast","0.116024957932422"
"exdqlm_univar_synth","draw_011",158,"2021-12-23","forecast","0.718300101244061"
"exdqlm_univar_synth","draw_011",158,"2021-12-24","forecast","0.966767614413418"
"exdqlm_univar_synth","draw_011",158,"2021-12-25","forecast","0.310159006127302"
"exdqlm_univar_synth","draw_011",158,"2021-12-26","forecast","0.341202247446708"
"exdqlm_univar_synth","draw_011",158,"2021-12-27","forecast","0.375453020533167"
"exdqlm_univar_synth","draw_011",158,"2021-12-28","forecast","-0.0857432665058305"
"exdqlm_univar_synth","draw_011",158,"2021-12-29","forecast","-0.182759879468212"
"exdqlm_univar_synth","draw_011",158,"2021-12-30","forecast","-0.405431807950442"
"exdqlm_univar_synth","draw_011",158,"2021-12-31","forecast","-0.645390640932698"
"exdqlm_univar_synth","draw_011",158,"2022-01-01","forecast","-0.717740825850455"
"exdqlm_univar_synth","draw_011",158,"2022-01-02","forecast","-0.932311704286064"
"exdqlm_univar_synth","draw_011",158,"2022-01-03","forecast","-0.711829438317054"
"exdqlm_univar_synth","draw_011",158,"2022-01-04","forecast","-0.647454261281211"
"exdqlm_univar_synth","draw_011",158,"2022-01-05","forecast","-0.129286667002392"
"exdqlm_univar_synth","draw_011",158,"2022-01-06","forecast","-0.974939938567125"
"exdqlm_univar_synth","draw_011",158,"2022-01-07","forecast","-0.476266374685394"
"exdqlm_univar_synth","draw_011",158,"2022-01-08","forecast","-0.644726330759253"
"exdqlm_univar_synth","draw_011",158,"2022-01-09","forecast","-0.880243980065457"
"exdqlm_univar_synth","draw_011",158,"2022-01-10","forecast","-0.784433234409008"
"exdqlm_univar_synth","draw_011",158,"2022-01-11","forecast","-1.20302033029504"
"exdqlm_univar_synth","draw_011",158,"2022-01-12","forecast","-1.35368456735986"
"exdqlm_univar_synth","draw_011",158,"2022-01-13","forecast","-1.29868586673468"
"exdqlm_univar_synth","draw_011",158,"2022-01-14","forecast","-1.21331962005529"
"exdqlm_univar_synth","draw_011",158,"2022-01-15","forecast","-0.828152157800456"
"exdqlm_univar_synth","draw_011",158,"2022-01-16","forecast","-1.03614008986888"
"exdqlm_univar_synth","draw_011",158,"2022-01-17","forecast","-0.976525189318255"
"exdqlm_univar_synth","draw_011",158,"2022-01-18","forecast","-0.954103313440228"
"exdqlm_univar_synth","draw_012",174,"2021-12-22","forecast","0.0717941370572731"
"exdqlm_univar_synth","draw_012",174,"2021-12-23","forecast","1.00745838418750"
"exdqlm_univar_synth","draw_012",174,"2021-12-24","forecast","0.968795289624974"
"exdqlm_univar_synth","draw_012",174,"2021-12-25","forecast","0.588601275566004"
"exdqlm_univar_synth","draw_012",174,"2021-12-26","forecast","0.271580917041172"
"exdqlm_univar_synth","draw_012",174,"2021-12-27","forecast","-0.132699196670914"
"exdqlm_univar_synth","draw_012",174,"2021-12-28","forecast","-0.153298731890847"
"exdqlm_univar_synth","draw_012",174,"2021-12-29","forecast","-0.315105185746060"
"exdqlm_univar_synth","draw_012",174,"2021-12-30","forecast","-0.515862346141126"
"exdqlm_univar_synth","draw_012",174,"2021-12-31","forecast","-0.298154494745167"
"exdqlm_univar_synth","draw_012",174,"2022-01-01","forecast","-0.804577219471818"
"exdqlm_univar_synth","draw_012",174,"2022-01-02","forecast","-0.993627473908268"
"exdqlm_univar_synth","draw_012",174,"2022-01-03","forecast","-0.727942494053104"
"exdqlm_univar_synth","draw_012",174,"2022-01-04","forecast","-0.248217560140784"
"exdqlm_univar_synth","draw_012",174,"2022-01-05","forecast","-0.625565346013542"
"exdqlm_univar_synth","draw_012",174,"2022-01-06","forecast","-0.396753615992228"
"exdqlm_univar_synth","draw_012",174,"2022-01-07","forecast","-0.486894466415984"
"exdqlm_univar_synth","draw_012",174,"2022-01-08","forecast","-0.642282480150564"
"exdqlm_univar_synth","draw_012",174,"2022-01-09","forecast","-0.820319987351573"
"exdqlm_univar_synth","draw_012",174,"2022-01-10","forecast","-0.789392271419830"
"exdqlm_univar_synth","draw_012",174,"2022-01-11","forecast","-1.38622023956755"
"exdqlm_univar_synth","draw_012",174,"2022-01-12","forecast","-0.987088970209571"
"exdqlm_univar_synth","draw_012",174,"2022-01-13","forecast","-0.801287427999223"
"exdqlm_univar_synth","draw_012",174,"2022-01-14","forecast","-0.917985575535102"
"exdqlm_univar_synth","draw_012",174,"2022-01-15","forecast","-0.865588499591287"
"exdqlm_univar_synth","draw_012",174,"2022-01-16","forecast","-0.976625722703086"
"exdqlm_univar_synth","draw_012",174,"2022-01-17","forecast","-1.56566294200849"
"exdqlm_univar_synth","draw_012",174,"2022-01-18","forecast","-0.901237933018127"
"exdqlm_univar_synth","draw_013",190,"2021-12-22","forecast","-0.0247456044586391"
"exdqlm_univar_synth","draw_013",190,"2021-12-23","forecast","0.823790228696794"
"exdqlm_univar_synth","draw_013",190,"2021-12-24","forecast","0.470689979925048"
"exdqlm_univar_synth","draw_013",190,"2021-12-25","forecast","0.197092619414221"
"exdqlm_univar_synth","draw_013",190,"2021-12-26","forecast","0.640980754925528"
"exdqlm_univar_synth","draw_013",190,"2021-12-27","forecast","-0.0471738500354372"
"exdqlm_univar_synth","draw_013",190,"2021-12-28","forecast","-0.0935313935859518"
"exdqlm_univar_synth","draw_013",190,"2021-12-29","forecast","-0.0379207157255618"
"exdqlm_univar_synth","draw_013",190,"2021-12-30","forecast","-0.215353075189446"
"exdqlm_univar_synth","draw_013",190,"2021-12-31","forecast","-0.286536886553387"
"exdqlm_univar_synth","draw_013",190,"2022-01-01","forecast","-0.480089492236530"
"exdqlm_univar_synth","draw_013",190,"2022-01-02","forecast","-0.543649171077162"
"exdqlm_univar_synth","draw_013",190,"2022-01-03","forecast","-0.738963370306223"
"exdqlm_univar_synth","draw_013",190,"2022-01-04","forecast","-0.225965906384865"
"exdqlm_univar_synth","draw_013",190,"2022-01-05","forecast","-0.302524274210017"
"exdqlm_univar_synth","draw_013",190,"2022-01-06","forecast","-0.614326180929905"
"exdqlm_univar_synth","draw_013",190,"2022-01-07","forecast","-0.485463746155168"
"exdqlm_univar_synth","draw_013",190,"2022-01-08","forecast","-0.642155401370348"
"exdqlm_univar_synth","draw_013",190,"2022-01-09","forecast","-1.24098487762634"
"exdqlm_univar_synth","draw_013",190,"2022-01-10","forecast","-0.797464864247087"
"exdqlm_univar_synth","draw_013",190,"2022-01-11","forecast","-1.09940311472386"
"exdqlm_univar_synth","draw_013",190,"2022-01-12","forecast","-1.31228844622753"
"exdqlm_univar_synth","draw_013",190,"2022-01-13","forecast","-1.25804497155036"
"exdqlm_univar_synth","draw_013",190,"2022-01-14","forecast","-0.962107563329139"
"exdqlm_univar_synth","draw_013",190,"2022-01-15","forecast","-0.846922029867799"
"exdqlm_univar_synth","draw_013",190,"2022-01-16","forecast","-0.931569007149718"
"exdqlm_univar_synth","draw_013",190,"2022-01-17","forecast","-0.910679137085104"
"exdqlm_univar_synth","draw_013",190,"2022-01-18","forecast","-1.23893599037594"
"exdqlm_univar_synth","draw_014",206,"2021-12-22","forecast","0.144975877384207"
"exdqlm_univar_synth","draw_014",206,"2021-12-23","forecast","0.601505480292422"
"exdqlm_univar_synth","draw_014",206,"2021-12-24","forecast","0.705863016988739"
"exdqlm_univar_synth","draw_014",206,"2021-12-25","forecast","0.588763855600795"
"exdqlm_univar_synth","draw_014",206,"2021-12-26","forecast","0.230384305188267"
"exdqlm_univar_synth","draw_014",206,"2021-12-27","forecast","0.135197696731616"
"exdqlm_univar_synth","draw_014",206,"2021-12-28","forecast","-0.0749593679754745"
"exdqlm_univar_synth","draw_014",206,"2021-12-29","forecast","0.0525859293958625"
"exdqlm_univar_synth","draw_014",206,"2021-12-30","forecast","-0.163812858808553"
"exdqlm_univar_synth","draw_014",206,"2021-12-31","forecast","-0.516052263062567"
"exdqlm_univar_synth","draw_014",206,"2022-01-01","forecast","-0.507595688252588"
"exdqlm_univar_synth","draw_014",206,"2022-01-02","forecast","-0.695675464501298"
"exdqlm_univar_synth","draw_014",206,"2022-01-03","forecast","-1.05085138501224"
"exdqlm_univar_synth","draw_014",206,"2022-01-04","forecast","-0.903232022588662"
"exdqlm_univar_synth","draw_014",206,"2022-01-05","forecast","-0.521212511541059"
"exdqlm_univar_synth","draw_014",206,"2022-01-06","forecast","-0.723518731565277"
"exdqlm_univar_synth","draw_014",206,"2022-01-07","forecast","-0.483637010726480"
"exdqlm_univar_synth","draw_014",206,"2022-01-08","forecast","-0.451173323686086"
"exdqlm_univar_synth","draw_014",206,"2022-01-09","forecast","-1.34559294528035"
"exdqlm_univar_synth","draw_014",206,"2022-01-10","forecast","-1.25945073224267"
"exdqlm_univar_synth","draw_014",206,"2022-01-11","forecast","-0.763420103151093"
"exdqlm_univar_synth","draw_014",206,"2022-01-12","forecast","-0.985838090736653"
"exdqlm_univar_synth","draw_014",206,"2022-01-13","forecast","-0.837221701932667"
"exdqlm_univar_synth","draw_014",206,"2022-01-14","forecast","-0.917742784551353"
"exdqlm_univar_synth","draw_014",206,"2022-01-15","forecast","-0.860420342932726"
"exdqlm_univar_synth","draw_014",206,"2022-01-16","forecast","-1.00978665913521"
"exdqlm_univar_synth","draw_014",206,"2022-01-17","forecast","-0.944254918521199"
"exdqlm_univar_synth","draw_014",206,"2022-01-18","forecast","-1.26185229145221"
"exdqlm_univar_synth","draw_015",221,"2021-12-22","forecast","0.126418171131983"
"exdqlm_univar_synth","draw_015",221,"2021-12-23","forecast","1.21149354618790"
"exdqlm_univar_synth","draw_015",221,"2021-12-24","forecast","0.235801027625043"
"exdqlm_univar_synth","draw_015",221,"2021-12-25","forecast","0.541706965301760"
"exdqlm_univar_synth","draw_015",221,"2021-12-26","forecast","0.263228628768229"
"exdqlm_univar_synth","draw_015",221,"2021-12-27","forecast","-0.348451318281114"
"exdqlm_univar_synth","draw_015",221,"2021-12-28","forecast","-0.0759580331629766"
"exdqlm_univar_synth","draw_015",221,"2021-12-29","forecast","0.0347531575457702"
"exdqlm_univar_synth","draw_015",221,"2021-12-30","forecast","-0.158471853909236"
"exdqlm_univar_synth","draw_015",221,"2021-12-31","forecast","-0.527283437587406"
"exdqlm_univar_synth","draw_015",221,"2022-01-01","forecast","-0.676098008468744"
"exdqlm_univar_synth","draw_015",221,"2022-01-02","forecast","-0.559617776229327"
"exdqlm_univar_synth","draw_015",221,"2022-01-03","forecast","-0.721015577571994"
"exdqlm_univar_synth","draw_015",221,"2022-01-04","forecast","-0.680959469804932"
"exdqlm_univar_synth","draw_015",221,"2022-01-05","forecast","-0.0719634600955366"
"exdqlm_univar_synth","draw_015",221,"2022-01-06","forecast","-0.394656538014397"
"exdqlm_univar_synth","draw_015",221,"2022-01-07","forecast","-0.499693425769184"
"exdqlm_univar_synth","draw_015",221,"2022-01-08","forecast","-0.644583526957748"
"exdqlm_univar_synth","draw_015",221,"2022-01-09","forecast","-1.33582447437048"
"exdqlm_univar_synth","draw_015",221,"2022-01-10","forecast","-0.781597657987344"
"exdqlm_univar_synth","draw_015",221,"2022-01-11","forecast","-1.18680667978063"
"exdqlm_univar_synth","draw_015",221,"2022-01-12","forecast","-1.34110031035692"
"exdqlm_univar_synth","draw_015",221,"2022-01-13","forecast","-0.799533870807269"
"exdqlm_univar_synth","draw_015",221,"2022-01-14","forecast","-0.919235679666938"
"exdqlm_univar_synth","draw_015",221,"2022-01-15","forecast","-0.826677342585134"
"exdqlm_univar_synth","draw_015",221,"2022-01-16","forecast","-1.19728541357087"
"exdqlm_univar_synth","draw_015",221,"2022-01-17","forecast","-0.948383434908714"
"exdqlm_univar_synth","draw_015",221,"2022-01-18","forecast","-0.894198170109991"
"exdqlm_univar_synth","draw_016",237,"2021-12-22","forecast","0.0123319244045453"
"exdqlm_univar_synth","draw_016",237,"2021-12-23","forecast","0.982620632420273"
"exdqlm_univar_synth","draw_016",237,"2021-12-24","forecast","0.822609027652133"
"exdqlm_univar_synth","draw_016",237,"2021-12-25","forecast","0.313766750489936"
"exdqlm_univar_synth","draw_016",237,"2021-12-26","forecast","0.199281518767717"
"exdqlm_univar_synth","draw_016",237,"2021-12-27","forecast","0.106925364619239"
"exdqlm_univar_synth","draw_016",237,"2021-12-28","forecast","-0.0762794468255290"
"exdqlm_univar_synth","draw_016",237,"2021-12-29","forecast","-0.446684728380290"
"exdqlm_univar_synth","draw_016",237,"2021-12-30","forecast","-0.135069875032996"
"exdqlm_univar_synth","draw_016",237,"2021-12-31","forecast","-0.485239322892154"
"exdqlm_univar_synth","draw_016",237,"2022-01-01","forecast","-0.533269493626769"
"exdqlm_univar_synth","draw_016",237,"2022-01-02","forecast","-0.764376866418158"
"exdqlm_univar_synth","draw_016",237,"2022-01-03","forecast","-0.725400064998664"
"exdqlm_univar_synth","draw_016",237,"2022-01-04","forecast","-0.417705501721594"
"exdqlm_univar_synth","draw_016",237,"2022-01-05","forecast","-0.0699014392508609"
"exdqlm_univar_synth","draw_016",237,"2022-01-06","forecast","-0.401840970897134"
"exdqlm_univar_synth","draw_016",237,"2022-01-07","forecast","-0.726390010303736"
"exdqlm_univar_synth","draw_016",237,"2022-01-08","forecast","-0.636444916050674"
"exdqlm_univar_synth","draw_016",237,"2022-01-09","forecast","-1.35544722467769"
"exdqlm_univar_synth","draw_016",237,"2022-01-10","forecast","-0.546158338766374"
"exdqlm_univar_synth","draw_016",237,"2022-01-11","forecast","-0.765580011083622"
"exdqlm_univar_synth","draw_016",237,"2022-01-12","forecast","-1.23769445620185"
"exdqlm_univar_synth","draw_016",237,"2022-01-13","forecast","-0.954597997605721"
"exdqlm_univar_synth","draw_016",237,"2022-01-14","forecast","-0.917866833808982"
"exdqlm_univar_synth","draw_016",237,"2022-01-15","forecast","-0.897756957820986"
"exdqlm_univar_synth","draw_016",237,"2022-01-16","forecast","-1.21527481531817"
"exdqlm_univar_synth","draw_016",237,"2022-01-17","forecast","-1.43120139060562"
"exdqlm_univar_synth","draw_016",237,"2022-01-18","forecast","-1.15816162085228"
"exdqlm_univar_synth","draw_017",253,"2021-12-22","forecast","0.364725223973002"
"exdqlm_univar_synth","draw_017",253,"2021-12-23","forecast","0.377913393527534"
"exdqlm_univar_synth","draw_017",253,"2021-12-24","forecast","0.628851459117914"
"exdqlm_univar_synth","draw_017",253,"2021-12-25","forecast","-0.0913054918365447"
"exdqlm_univar_synth","draw_017",253,"2021-12-26","forecast","0.626800400440078"
"exdqlm_univar_synth","draw_017",253,"2021-12-27","forecast","-0.174317013373962"
"exdqlm_univar_synth","draw_017",253,"2021-12-28","forecast","-0.0847782874805110"
"exdqlm_univar_synth","draw_017",253,"2021-12-29","forecast","-0.441572878865809"
"exdqlm_univar_synth","draw_017",253,"2021-12-30","forecast","-0.493082053269490"
"exdqlm_univar_synth","draw_017",253,"2021-12-31","forecast","-0.474763536474922"
"exdqlm_univar_synth","draw_017",253,"2022-01-01","forecast","-0.884602831030545"
"exdqlm_univar_synth","draw_017",253,"2022-01-02","forecast","-0.647159281531715"
"exdqlm_univar_synth","draw_017",253,"2022-01-03","forecast","-0.755557584418586"
"exdqlm_univar_synth","draw_017",253,"2022-01-04","forecast","-0.453588105373776"
"exdqlm_univar_synth","draw_017",253,"2022-01-05","forecast","-0.0284721887468634"
"exdqlm_univar_synth","draw_017",253,"2022-01-06","forecast","-0.435525420945118"
"exdqlm_univar_synth","draw_017",253,"2022-01-07","forecast","-0.499341116218877"
"exdqlm_univar_synth","draw_017",253,"2022-01-08","forecast","-0.651877815647780"
"exdqlm_univar_synth","draw_017",253,"2022-01-09","forecast","-0.938313183805525"
"exdqlm_univar_synth","draw_017",253,"2022-01-10","forecast","-0.808395024298179"
"exdqlm_univar_synth","draw_017",253,"2022-01-11","forecast","-0.823354793279977"
"exdqlm_univar_synth","draw_017",253,"2022-01-12","forecast","-1.21386028190212"
"exdqlm_univar_synth","draw_017",253,"2022-01-13","forecast","-0.998621018955992"
"exdqlm_univar_synth","draw_017",253,"2022-01-14","forecast","-1.10878030714250"
"exdqlm_univar_synth","draw_017",253,"2022-01-15","forecast","-0.857674404810511"
"exdqlm_univar_synth","draw_017",253,"2022-01-16","forecast","-0.938941888649241"
"exdqlm_univar_synth","draw_017",253,"2022-01-17","forecast","-0.954250832766410"
"exdqlm_univar_synth","draw_017",253,"2022-01-18","forecast","-1.42626944507616"
"exdqlm_univar_synth","draw_018",269,"2021-12-22","forecast","0.244983371718806"
"exdqlm_univar_synth","draw_018",269,"2021-12-23","forecast","1.06040513196045"
"exdqlm_univar_synth","draw_018",269,"2021-12-24","forecast","0.859201144386553"
"exdqlm_univar_synth","draw_018",269,"2021-12-25","forecast","0.534518632234791"
"exdqlm_univar_synth","draw_018",269,"2021-12-26","forecast","0.649070830034244"
"exdqlm_univar_synth","draw_018",269,"2021-12-27","forecast","0.173477577101903"
"exdqlm_univar_synth","draw_018",269,"2021-12-28","forecast","-0.460599901081249"
"exdqlm_univar_synth","draw_018",269,"2021-12-29","forecast","-0.512963153438126"
"exdqlm_univar_synth","draw_018",269,"2021-12-30","forecast","-0.466198464473719"
"exdqlm_univar_synth","draw_018",269,"2021-12-31","forecast","-0.299763531512896"
"exdqlm_univar_synth","draw_018",269,"2022-01-01","forecast","-0.857149030138811"
"exdqlm_univar_synth","draw_018",269,"2022-01-02","forecast","-0.573005949349080"
"exdqlm_univar_synth","draw_018",269,"2022-01-03","forecast","-0.711261229750706"
"exdqlm_univar_synth","draw_018",269,"2022-01-04","forecast","-0.226195992878712"
"exdqlm_univar_synth","draw_018",269,"2022-01-05","forecast","-0.0577510641876341"
"exdqlm_univar_synth","draw_018",269,"2022-01-06","forecast","-0.396987679625749"
"exdqlm_univar_synth","draw_018",269,"2022-01-07","forecast","-0.668173060171703"
"exdqlm_univar_synth","draw_018",269,"2022-01-08","forecast","-0.916158683083639"
"exdqlm_univar_synth","draw_018",269,"2022-01-09","forecast","-1.04097799821730"
"exdqlm_univar_synth","draw_018",269,"2022-01-10","forecast","-1.07139511824233"
"exdqlm_univar_synth","draw_018",269,"2022-01-11","forecast","-0.947099619561377"
"exdqlm_univar_synth","draw_018",269,"2022-01-12","forecast","-0.993841818692283"
"exdqlm_univar_synth","draw_018",269,"2022-01-13","forecast","-1.28038776189654"
"exdqlm_univar_synth","draw_018",269,"2022-01-14","forecast","-0.822205117029454"
"exdqlm_univar_synth","draw_018",269,"2022-01-15","forecast","-0.861125596329557"
"exdqlm_univar_synth","draw_018",269,"2022-01-16","forecast","-1.18605601594836"
"exdqlm_univar_synth","draw_018",269,"2022-01-17","forecast","-1.36715325889520"
"exdqlm_univar_synth","draw_018",269,"2022-01-18","forecast","-1.33996093178266"
"exdqlm_univar_synth","draw_019",284,"2021-12-22","forecast","0.0921327822040648"
"exdqlm_univar_synth","draw_019",284,"2021-12-23","forecast","0.838429842294041"
"exdqlm_univar_synth","draw_019",284,"2021-12-24","forecast","0.879145624596183"
"exdqlm_univar_synth","draw_019",284,"2021-12-25","forecast","0.446328272619912"
"exdqlm_univar_synth","draw_019",284,"2021-12-26","forecast","0.232203999549687"
"exdqlm_univar_synth","draw_019",284,"2021-12-27","forecast","0.194195179197384"
"exdqlm_univar_synth","draw_019",284,"2021-12-28","forecast","-0.0549287501836525"
"exdqlm_univar_synth","draw_019",284,"2021-12-29","forecast","0.0351810764465986"
"exdqlm_univar_synth","draw_019",284,"2021-12-30","forecast","-0.460766452087202"
"exdqlm_univar_synth","draw_019",284,"2021-12-31","forecast","-0.322837897532746"
"exdqlm_univar_synth","draw_019",284,"2022-01-01","forecast","-0.522773826759334"
"exdqlm_univar_synth","draw_019",284,"2022-01-02","forecast","-0.842004065674091"
"exdqlm_univar_synth","draw_019",284,"2022-01-03","forecast","-1.03467725578560"
"exdqlm_univar_synth","draw_019",284,"2022-01-04","forecast","-0.559245958588661"
"exdqlm_univar_synth","draw_019",284,"2022-01-05","forecast","-0.0155214751225290"
"exdqlm_univar_synth","draw_019",284,"2022-01-06","forecast","-0.775996843925525"
"exdqlm_univar_synth","draw_019",284,"2022-01-07","forecast","-0.481803759116962"
"exdqlm_univar_synth","draw_019",284,"2022-01-08","forecast","-0.642695434697291"
"exdqlm_univar_synth","draw_019",284,"2022-01-09","forecast","-1.24667364306968"
"exdqlm_univar_synth","draw_019",284,"2022-01-10","forecast","-0.749963337365262"
"exdqlm_univar_synth","draw_019",284,"2022-01-11","forecast","-1.32882572399787"
"exdqlm_univar_synth","draw_019",284,"2022-01-12","forecast","-1.21029017811458"
"exdqlm_univar_synth","draw_019",284,"2022-01-13","forecast","-1.07935304364225"
"exdqlm_univar_synth","draw_019",284,"2022-01-14","forecast","-1.40377708411148"
"exdqlm_univar_synth","draw_019",284,"2022-01-15","forecast","-0.830341422809581"
"exdqlm_univar_synth","draw_019",284,"2022-01-16","forecast","-0.949551955649134"
"exdqlm_univar_synth","draw_019",284,"2022-01-17","forecast","-0.947074101597860"
"exdqlm_univar_synth","draw_019",284,"2022-01-18","forecast","-1.25367430787238"
"exdqlm_univar_synth","draw_020",300,"2021-12-22","forecast","0.0866497043223889"
"exdqlm_univar_synth","draw_020",300,"2021-12-23","forecast","1.29396088414799"
"exdqlm_univar_synth","draw_020",300,"2021-12-24","forecast","0.751093022313749"
"exdqlm_univar_synth","draw_020",300,"2021-12-25","forecast","0.681680316597824"
"exdqlm_univar_synth","draw_020",300,"2021-12-26","forecast","0.0438318145437701"
"exdqlm_univar_synth","draw_020",300,"2021-12-27","forecast","0.175235136108658"
"exdqlm_univar_synth","draw_020",300,"2021-12-28","forecast","-0.113766402692543"
"exdqlm_univar_synth","draw_020",300,"2021-12-29","forecast","0.0757902319195068"
"exdqlm_univar_synth","draw_020",300,"2021-12-30","forecast","-0.271240639304020"
"exdqlm_univar_synth","draw_020",300,"2021-12-31","forecast","-0.441299979933255"
"exdqlm_univar_synth","draw_020",300,"2022-01-01","forecast","-0.866752401321439"
"exdqlm_univar_synth","draw_020",300,"2022-01-02","forecast","-0.563848231431455"
"exdqlm_univar_synth","draw_020",300,"2022-01-03","forecast","-1.02692450454868"
"exdqlm_univar_synth","draw_020",300,"2022-01-04","forecast","-0.717385536836664"
"exdqlm_univar_synth","draw_020",300,"2022-01-05","forecast","-0.0541461775111635"
"exdqlm_univar_synth","draw_020",300,"2022-01-06","forecast","-0.945891509916693"
"exdqlm_univar_synth","draw_020",300,"2022-01-07","forecast","-0.497781428806259"
"exdqlm_univar_synth","draw_020",300,"2022-01-08","forecast","-0.891325508942599"
"exdqlm_univar_synth","draw_020",300,"2022-01-09","forecast","-0.811989841786298"
"exdqlm_univar_synth","draw_020",300,"2022-01-10","forecast","-0.942325749038660"
"exdqlm_univar_synth","draw_020",300,"2022-01-11","forecast","-1.10696697160387"
"exdqlm_univar_synth","draw_020",300,"2022-01-12","forecast","-0.991337634681658"
"exdqlm_univar_synth","draw_020",300,"2022-01-13","forecast","-1.36923617014627"
"exdqlm_univar_synth","draw_020",300,"2022-01-14","forecast","-1.11919640241287"
"exdqlm_univar_synth","draw_020",300,"2022-01-15","forecast","-1.27129718238624"
"exdqlm_univar_synth","draw_020",300,"2022-01-16","forecast","-0.931985933011531"
"exdqlm_univar_synth","draw_020",300,"2022-01-17","forecast","-1.22495093061387"
"exdqlm_univar_synth","draw_020",300,"2022-01-18","forecast","-0.906934577302177"
"exdqlm_univar_synth","draw_021",316,"2021-12-22","forecast","0.0665434806667166"
"exdqlm_univar_synth","draw_021",316,"2021-12-23","forecast","0.872229914350352"
"exdqlm_univar_synth","draw_021",316,"2021-12-24","forecast","0.808388106150062"
"exdqlm_univar_synth","draw_021",316,"2021-12-25","forecast","0.559109436591317"
"exdqlm_univar_synth","draw_021",316,"2021-12-26","forecast","0.00843306167491381"
"exdqlm_univar_synth","draw_021",316,"2021-12-27","forecast","0.0416537641493185"
"exdqlm_univar_synth","draw_021",316,"2021-12-28","forecast","-0.374963081693641"
"exdqlm_univar_synth","draw_021",316,"2021-12-29","forecast","-0.473196076053332"
"exdqlm_univar_synth","draw_021",316,"2021-12-30","forecast","-0.00977529165757511"
"exdqlm_univar_synth","draw_021",316,"2021-12-31","forecast","-0.299006812960239"
"exdqlm_univar_synth","draw_021",316,"2022-01-01","forecast","-0.809757046950091"
"exdqlm_univar_synth","draw_021",316,"2022-01-02","forecast","-0.831903219727694"
"exdqlm_univar_synth","draw_021",316,"2022-01-03","forecast","-0.711451762999839"
"exdqlm_univar_synth","draw_021",316,"2022-01-04","forecast","-0.900456828745535"
"exdqlm_univar_synth","draw_021",316,"2022-01-05","forecast","-0.0882366300512093"
"exdqlm_univar_synth","draw_021",316,"2022-01-06","forecast","-0.406102317548949"
"exdqlm_univar_synth","draw_021",316,"2022-01-07","forecast","-0.486822426067314"
"exdqlm_univar_synth","draw_021",316,"2022-01-08","forecast","-1.13488641219842"
"exdqlm_univar_synth","draw_021",316,"2022-01-09","forecast","-0.944630582908309"
"exdqlm_univar_synth","draw_021",316,"2022-01-10","forecast","-0.920428245174693"
"exdqlm_univar_synth","draw_021",316,"2022-01-11","forecast","-0.948868200012681"
"exdqlm_univar_synth","draw_021",316,"2022-01-12","forecast","-1.19813101468695"
"exdqlm_univar_synth","draw_021",316,"2022-01-13","forecast","-1.08857794085640"
"exdqlm_univar_synth","draw_021",316,"2022-01-14","forecast","-0.918991962397711"
"exdqlm_univar_synth","draw_021",316,"2022-01-15","forecast","-1.06802787569495"
"exdqlm_univar_synth","draw_021",316,"2022-01-16","forecast","-1.45469794735557"
"exdqlm_univar_synth","draw_021",316,"2022-01-17","forecast","-1.15470743735567"
"exdqlm_univar_synth","draw_021",316,"2022-01-18","forecast","-1.02565266432547"
"exdqlm_univar_synth","draw_022",332,"2021-12-22","forecast","0.0885228167879879"
"exdqlm_univar_synth","draw_022",332,"2021-12-23","forecast","0.609999517078685"
"exdqlm_univar_synth","draw_022",332,"2021-12-24","forecast","0.470038214599052"
"exdqlm_univar_synth","draw_022",332,"2021-12-25","forecast","0.658720398062743"
"exdqlm_univar_synth","draw_022",332,"2021-12-26","forecast","0.445680899279390"
"exdqlm_univar_synth","draw_022",332,"2021-12-27","forecast","0.161246937287784"
"exdqlm_univar_synth","draw_022",332,"2021-12-28","forecast","-0.164010526724970"
"exdqlm_univar_synth","draw_022",332,"2021-12-29","forecast","-0.481608652461048"
"exdqlm_univar_synth","draw_022",332,"2021-12-30","forecast","-0.156131183122520"
"exdqlm_univar_synth","draw_022",332,"2021-12-31","forecast","-0.326204915680431"
"exdqlm_univar_synth","draw_022",332,"2022-01-01","forecast","-0.944293306739696"
"exdqlm_univar_synth","draw_022",332,"2022-01-02","forecast","-0.579484258265902"
"exdqlm_univar_synth","draw_022",332,"2022-01-03","forecast","-0.722807531086749"
"exdqlm_univar_synth","draw_022",332,"2022-01-04","forecast","-0.236001711733587"
"exdqlm_univar_synth","draw_022",332,"2022-01-05","forecast","-0.464784851859705"
"exdqlm_univar_synth","draw_022",332,"2022-01-06","forecast","-0.394530814862914"
"exdqlm_univar_synth","draw_022",332,"2022-01-07","forecast","-0.853156619668910"
"exdqlm_univar_synth","draw_022",332,"2022-01-08","forecast","-1.02843688945427"
"exdqlm_univar_synth","draw_022",332,"2022-01-09","forecast","-0.593195917222530"
"exdqlm_univar_synth","draw_022",332,"2022-01-10","forecast","-1.13453006343010"
"exdqlm_univar_synth","draw_022",332,"2022-01-11","forecast","-0.763598041775533"
"exdqlm_univar_synth","draw_022",332,"2022-01-12","forecast","-1.35939733120853"
"exdqlm_univar_synth","draw_022",332,"2022-01-13","forecast","-0.693836363454657"
"exdqlm_univar_synth","draw_022",332,"2022-01-14","forecast","-0.886777445689418"
"exdqlm_univar_synth","draw_022",332,"2022-01-15","forecast","-0.828951686048304"
"exdqlm_univar_synth","draw_022",332,"2022-01-16","forecast","-1.36116732128194"
"exdqlm_univar_synth","draw_022",332,"2022-01-17","forecast","-0.935538224544237"
"exdqlm_univar_synth","draw_022",332,"2022-01-18","forecast","-1.18337905179358"
"exdqlm_univar_synth","draw_023",347,"2021-12-22","forecast","0.344394262005989"
"exdqlm_univar_synth","draw_023",347,"2021-12-23","forecast","0.804823560207695"
"exdqlm_univar_synth","draw_023",347,"2021-12-24","forecast","0.517042893258690"
"exdqlm_univar_synth","draw_023",347,"2021-12-25","forecast","0.366079787931212"
"exdqlm_univar_synth","draw_023",347,"2021-12-26","forecast","0.200761590147326"
"exdqlm_univar_synth","draw_023",347,"2021-12-27","forecast","0.177919045344020"
"exdqlm_univar_synth","draw_023",347,"2021-12-28","forecast","-0.0678197140398777"
"exdqlm_univar_synth","draw_023",347,"2021-12-29","forecast","-0.502014530914071"
"exdqlm_univar_synth","draw_023",347,"2021-12-30","forecast","-0.0421256316117808"
"exdqlm_univar_synth","draw_023",347,"2021-12-31","forecast","-0.665122615792893"
"exdqlm_univar_synth","draw_023",347,"2022-01-01","forecast","-0.908617698029803"
"exdqlm_univar_synth","draw_023",347,"2022-01-02","forecast","-0.929417420427509"
"exdqlm_univar_synth","draw_023",347,"2022-01-03","forecast","-0.720049090651767"
"exdqlm_univar_synth","draw_023",347,"2022-01-04","forecast","-0.235866806147357"
"exdqlm_univar_synth","draw_023",347,"2022-01-05","forecast","0.00585115923933344"
"exdqlm_univar_synth","draw_023",347,"2022-01-06","forecast","-0.775185504632629"
"exdqlm_univar_synth","draw_023",347,"2022-01-07","forecast","-0.925996615089103"
"exdqlm_univar_synth","draw_023",347,"2022-01-08","forecast","-0.782670913706261"
"exdqlm_univar_synth","draw_023",347,"2022-01-09","forecast","-0.820271607535137"
"exdqlm_univar_synth","draw_023",347,"2022-01-10","forecast","-1.37885791035673"
"exdqlm_univar_synth","draw_023",347,"2022-01-11","forecast","-0.763002298836605"
"exdqlm_univar_synth","draw_023",347,"2022-01-12","forecast","-1.16209576263248"
"exdqlm_univar_synth","draw_023",347,"2022-01-13","forecast","-0.839345358935656"
"exdqlm_univar_synth","draw_023",347,"2022-01-14","forecast","-0.918950256501781"
"exdqlm_univar_synth","draw_023",347,"2022-01-15","forecast","-0.886364100133947"
"exdqlm_univar_synth","draw_023",347,"2022-01-16","forecast","-0.932023573304504"
"exdqlm_univar_synth","draw_023",347,"2022-01-17","forecast","-1.12694934326474"
"exdqlm_univar_synth","draw_023",347,"2022-01-18","forecast","-0.898415665969872"
"exdqlm_univar_synth","draw_024",363,"2021-12-22","forecast","0.351224790982790"
"exdqlm_univar_synth","draw_024",363,"2021-12-23","forecast","0.600155191501106"
"exdqlm_univar_synth","draw_024",363,"2021-12-24","forecast","0.504550654386310"
"exdqlm_univar_synth","draw_024",363,"2021-12-25","forecast","0.0994964223561362"
"exdqlm_univar_synth","draw_024",363,"2021-12-26","forecast","0.580521965488111"
"exdqlm_univar_synth","draw_024",363,"2021-12-27","forecast","-0.0244679797954402"
"exdqlm_univar_synth","draw_024",363,"2021-12-28","forecast","-0.458369492102519"
"exdqlm_univar_synth","draw_024",363,"2021-12-29","forecast","0.0334012849379936"
"exdqlm_univar_synth","draw_024",363,"2021-12-30","forecast","0.0259331306850047"
"exdqlm_univar_synth","draw_024",363,"2021-12-31","forecast","-0.298507142899580"
"exdqlm_univar_synth","draw_024",363,"2022-01-01","forecast","-0.524997279437766"
"exdqlm_univar_synth","draw_024",363,"2022-01-02","forecast","-0.561235025658726"
"exdqlm_univar_synth","draw_024",363,"2022-01-03","forecast","-0.719234935906843"
"exdqlm_univar_synth","draw_024",363,"2022-01-04","forecast","-0.235965627403233"
"exdqlm_univar_synth","draw_024",363,"2022-01-05","forecast","-0.682430695070631"
"exdqlm_univar_synth","draw_024",363,"2022-01-06","forecast","-0.796060836876385"
"exdqlm_univar_synth","draw_024",363,"2022-01-07","forecast","-0.422462949737309"
"exdqlm_univar_synth","draw_024",363,"2022-01-08","forecast","-0.639109966014765"
"exdqlm_univar_synth","draw_024",363,"2022-01-09","forecast","-0.820963231921710"
"exdqlm_univar_synth","draw_024",363,"2022-01-10","forecast","-1.15838587281969"
"exdqlm_univar_synth","draw_024",363,"2022-01-11","forecast","-1.26755924283324"
"exdqlm_univar_synth","draw_024",363,"2022-01-12","forecast","-1.16369428312931"
"exdqlm_univar_synth","draw_024",363,"2022-01-13","forecast","-1.00760093688149"
"exdqlm_univar_synth","draw_024",363,"2022-01-14","forecast","-0.917163983441009"
"exdqlm_univar_synth","draw_024",363,"2022-01-15","forecast","-0.831335728997990"
"exdqlm_univar_synth","draw_024",363,"2022-01-16","forecast","-0.932837789539533"
"exdqlm_univar_synth","draw_024",363,"2022-01-17","forecast","-1.29953956598369"
"exdqlm_univar_synth","draw_024",363,"2022-01-18","forecast","-0.900718056464212"
"exdqlm_univar_synth","draw_025",379,"2021-12-22","forecast","0.204075078211032"
"exdqlm_univar_synth","draw_025",379,"2021-12-23","forecast","1.07493102355753"
"exdqlm_univar_synth","draw_025",379,"2021-12-24","forecast","0.263717477505160"
"exdqlm_univar_synth","draw_025",379,"2021-12-25","forecast","0.523533084392406"
"exdqlm_univar_synth","draw_025",379,"2021-12-26","forecast","0.134029365234119"
"exdqlm_univar_synth","draw_025",379,"2021-12-27","forecast","-0.341207299421951"
"exdqlm_univar_synth","draw_025",379,"2021-12-28","forecast","-0.746676626560859"
"exdqlm_univar_synth","draw_025",379,"2021-12-29","forecast","0.0323518812929923"
"exdqlm_univar_synth","draw_025",379,"2021-12-30","forecast","-0.305961729666234"
"exdqlm_univar_synth","draw_025",379,"2021-12-31","forecast","-0.182331474087477"
"exdqlm_univar_synth","draw_025",379,"2022-01-01","forecast","-0.433068519314277"
"exdqlm_univar_synth","draw_025",379,"2022-01-02","forecast","-0.475174061443383"
"exdqlm_univar_synth","draw_025",379,"2022-01-03","forecast","-1.05347000331842"
"exdqlm_univar_synth","draw_025",379,"2022-01-04","forecast","-0.821751365021919"
"exdqlm_univar_synth","draw_025",379,"2022-01-05","forecast","-0.591117255976385"
"exdqlm_univar_synth","draw_025",379,"2022-01-06","forecast","-0.396430972203782"
"exdqlm_univar_synth","draw_025",379,"2022-01-07","forecast","-0.478790049036374"
"exdqlm_univar_synth","draw_025",379,"2022-01-08","forecast","-0.646391557545249"
"exdqlm_univar_synth","draw_025",379,"2022-01-09","forecast","-0.810926972258486"
"exdqlm_univar_synth","draw_025",379,"2022-01-10","forecast","-1.37418539543175"
"exdqlm_univar_synth","draw_025",379,"2022-01-11","forecast","-1.22623998209645"
"exdqlm_univar_synth","draw_025",379,"2022-01-12","forecast","-1.23878783197769"
"exdqlm_univar_synth","draw_025",379,"2022-01-13","forecast","-0.803562903674010"
"exdqlm_univar_synth","draw_025",379,"2022-01-14","forecast","-0.923500472232201"
"exdqlm_univar_synth","draw_025",379,"2022-01-15","forecast","-0.845655936955929"
"exdqlm_univar_synth","draw_025",379,"2022-01-16","forecast","-0.929382652052934"
"exdqlm_univar_synth","draw_025",379,"2022-01-17","forecast","-0.951480512484903"
"exdqlm_univar_synth","draw_025",379,"2022-01-18","forecast","-0.901594653558068"
"exdqlm_univar_synth","draw_026",395,"2021-12-22","forecast","0.121535929526658"
"exdqlm_univar_synth","draw_026",395,"2021-12-23","forecast","0.527257599352208"
"exdqlm_univar_synth","draw_026",395,"2021-12-24","forecast","0.317465888039507"
"exdqlm_univar_synth","draw_026",395,"2021-12-25","forecast","0.0454321997552155"
"exdqlm_univar_synth","draw_026",395,"2021-12-26","forecast","0.722721139239189"
"exdqlm_univar_synth","draw_026",395,"2021-12-27","forecast","-0.223560062395480"
"exdqlm_univar_synth","draw_026",395,"2021-12-28","forecast","-0.157182708022758"
"exdqlm_univar_synth","draw_026",395,"2021-12-29","forecast","-0.215931474260339"
"exdqlm_univar_synth","draw_026",395,"2021-12-30","forecast","-0.519519660525803"
"exdqlm_univar_synth","draw_026",395,"2021-12-31","forecast","-0.338229618676974"
"exdqlm_univar_synth","draw_026",395,"2022-01-01","forecast","-0.695362454725676"
"exdqlm_univar_synth","draw_026",395,"2022-01-02","forecast","-0.748993899908598"
"exdqlm_univar_synth","draw_026",395,"2022-01-03","forecast","-0.711445961542851"
"exdqlm_univar_synth","draw_026",395,"2022-01-04","forecast","-0.512492207929622"
"exdqlm_univar_synth","draw_026",395,"2022-01-05","forecast","-0.198165580721582"
"exdqlm_univar_synth","draw_026",395,"2022-01-06","forecast","-0.396911849794406"
"exdqlm_univar_synth","draw_026",395,"2022-01-07","forecast","-0.474182555625059"
"exdqlm_univar_synth","draw_026",395,"2022-01-08","forecast","-0.647487406468137"
"exdqlm_univar_synth","draw_026",395,"2022-01-09","forecast","-0.811973211035488"
"exdqlm_univar_synth","draw_026",395,"2022-01-10","forecast","-0.817957998667213"
"exdqlm_univar_synth","draw_026",395,"2022-01-11","forecast","-0.767586855550054"
"exdqlm_univar_synth","draw_026",395,"2022-01-12","forecast","-0.987676860441851"
"exdqlm_univar_synth","draw_026",395,"2022-01-13","forecast","-1.16448951886095"
"exdqlm_univar_synth","draw_026",395,"2022-01-14","forecast","-0.918611263052868"
"exdqlm_univar_synth","draw_026",395,"2022-01-15","forecast","-0.860705995870807"
"exdqlm_univar_synth","draw_026",395,"2022-01-16","forecast","-1.12292579294779"
"exdqlm_univar_synth","draw_026",395,"2022-01-17","forecast","-0.824387417774165"
"exdqlm_univar_synth","draw_026",395,"2022-01-18","forecast","-0.897222312283793"
"exdqlm_univar_synth","draw_027",410,"2021-12-22","forecast","0.0481151246961987"
"exdqlm_univar_synth","draw_027",410,"2021-12-23","forecast","1.27612316195911"
"exdqlm_univar_synth","draw_027",410,"2021-12-24","forecast","0.958312213632487"
"exdqlm_univar_synth","draw_027",410,"2021-12-25","forecast","0.607847245389237"
"exdqlm_univar_synth","draw_027",410,"2021-12-26","forecast","0.278897157786261"
"exdqlm_univar_synth","draw_027",410,"2021-12-27","forecast","-0.179866520603070"
"exdqlm_univar_synth","draw_027",410,"2021-12-28","forecast","0.0262052587681119"
"exdqlm_univar_synth","draw_027",410,"2021-12-29","forecast","-0.303349519317087"
"exdqlm_univar_synth","draw_027",410,"2021-12-30","forecast","-0.142678735425224"
"exdqlm_univar_synth","draw_027",410,"2021-12-31","forecast","-0.301620195390031"
"exdqlm_univar_synth","draw_027",410,"2022-01-01","forecast","-0.506477503309120"
"exdqlm_univar_synth","draw_027",410,"2022-01-02","forecast","-0.575615711830393"
"exdqlm_univar_synth","draw_027",410,"2022-01-03","forecast","-0.730314151464721"
"exdqlm_univar_synth","draw_027",410,"2022-01-04","forecast","-0.326112348503968"
"exdqlm_univar_synth","draw_027",410,"2022-01-05","forecast","-0.594815118603940"
"exdqlm_univar_synth","draw_027",410,"2022-01-06","forecast","-0.538403776396282"
"exdqlm_univar_synth","draw_027",410,"2022-01-07","forecast","-0.784098907689451"
"exdqlm_univar_synth","draw_027",410,"2022-01-08","forecast","-0.665113391612423"
"exdqlm_univar_synth","draw_027",410,"2022-01-09","forecast","-1.23000376939797"
"exdqlm_univar_synth","draw_027",410,"2022-01-10","forecast","-1.20350862240601"
"exdqlm_univar_synth","draw_027",410,"2022-01-11","forecast","-0.774493233941046"
"exdqlm_univar_synth","draw_027",410,"2022-01-12","forecast","-0.993918203593651"
"exdqlm_univar_synth","draw_027",410,"2022-01-13","forecast","-0.832585034311376"
"exdqlm_univar_synth","draw_027",410,"2022-01-14","forecast","-0.923501914440244"
"exdqlm_univar_synth","draw_027",410,"2022-01-15","forecast","-1.07694576002444"
"exdqlm_univar_synth","draw_027",410,"2022-01-16","forecast","-1.57602389320672"
"exdqlm_univar_synth","draw_027",410,"2022-01-17","forecast","-0.951243437968871"
"exdqlm_univar_synth","draw_027",410,"2022-01-18","forecast","-0.892677652626347"
"exdqlm_univar_synth","draw_028",426,"2021-12-22","forecast","0.594146554702645"
"exdqlm_univar_synth","draw_028",426,"2021-12-23","forecast","0.989770808135124"
"exdqlm_univar_synth","draw_028",426,"2021-12-24","forecast","0.323245630637244"
"exdqlm_univar_synth","draw_028",426,"2021-12-25","forecast","0.210870347498993"
"exdqlm_univar_synth","draw_028",426,"2021-12-26","forecast","0.244786812843228"
"exdqlm_univar_synth","draw_028",426,"2021-12-27","forecast","-0.367995204368971"
"exdqlm_univar_synth","draw_028",426,"2021-12-28","forecast","-0.111225112693163"
"exdqlm_univar_synth","draw_028",426,"2021-12-29","forecast","-0.343479907414549"
"exdqlm_univar_synth","draw_028",426,"2021-12-30","forecast","-0.300615771488606"
"exdqlm_univar_synth","draw_028",426,"2021-12-31","forecast","-0.298551128491927"
"exdqlm_univar_synth","draw_028",426,"2022-01-01","forecast","-0.508550762815368"
"exdqlm_univar_synth","draw_028",426,"2022-01-02","forecast","-0.560479492636412"
"exdqlm_univar_synth","draw_028",426,"2022-01-03","forecast","-0.925335856438896"
"exdqlm_univar_synth","draw_028",426,"2022-01-04","forecast","-0.554642859913792"
"exdqlm_univar_synth","draw_028",426,"2022-01-05","forecast","-0.594165277565278"
"exdqlm_univar_synth","draw_028",426,"2022-01-06","forecast","-0.394268658264886"
"exdqlm_univar_synth","draw_028",426,"2022-01-07","forecast","-0.483167845025559"
"exdqlm_univar_synth","draw_028",426,"2022-01-08","forecast","-0.898634473486114"
"exdqlm_univar_synth","draw_028",426,"2022-01-09","forecast","-0.913511958678247"
"exdqlm_univar_synth","draw_028",426,"2022-01-10","forecast","-0.783438285788751"
"exdqlm_univar_synth","draw_028",426,"2022-01-11","forecast","-1.01671559861212"
"exdqlm_univar_synth","draw_028",426,"2022-01-12","forecast","-0.985729579397058"
"exdqlm_univar_synth","draw_028",426,"2022-01-13","forecast","-0.815413357702559"
"exdqlm_univar_synth","draw_028",426,"2022-01-14","forecast","-0.992935338936827"
"exdqlm_univar_synth","draw_028",426,"2022-01-15","forecast","-1.09164326308188"
"exdqlm_univar_synth","draw_028",426,"2022-01-16","forecast","-1.41333080961727"
"exdqlm_univar_synth","draw_028",426,"2022-01-17","forecast","-1.12854633343253"
"exdqlm_univar_synth","draw_028",426,"2022-01-18","forecast","-0.905966781253703"
"exdqlm_univar_synth","draw_029",442,"2021-12-22","forecast","-0.275957061243973"
"exdqlm_univar_synth","draw_029",442,"2021-12-23","forecast","0.928620469187368"
"exdqlm_univar_synth","draw_029",442,"2021-12-24","forecast","0.488540437897165"
"exdqlm_univar_synth","draw_029",442,"2021-12-25","forecast","0.573190081529681"
"exdqlm_univar_synth","draw_029",442,"2021-12-26","forecast","0.589103924138134"
"exdqlm_univar_synth","draw_029",442,"2021-12-27","forecast","-0.238014696668932"
"exdqlm_univar_synth","draw_029",442,"2021-12-28","forecast","-0.359366772801583"
"exdqlm_univar_synth","draw_029",442,"2021-12-29","forecast","-0.295320335576969"
"exdqlm_univar_synth","draw_029",442,"2021-12-30","forecast","-0.284865555072224"
"exdqlm_univar_synth","draw_029",442,"2021-12-31","forecast","-0.806564816085563"
"exdqlm_univar_synth","draw_029",442,"2022-01-01","forecast","-0.483402898369463"
"exdqlm_univar_synth","draw_029",442,"2022-01-02","forecast","-0.664780873604349"
"exdqlm_univar_synth","draw_029",442,"2022-01-03","forecast","-0.935266441421798"
"exdqlm_univar_synth","draw_029",442,"2022-01-04","forecast","-0.542372112884738"
"exdqlm_univar_synth","draw_029",442,"2022-01-05","forecast","-0.0628466961574366"
"exdqlm_univar_synth","draw_029",442,"2022-01-06","forecast","-0.403273505569740"
"exdqlm_univar_synth","draw_029",442,"2022-01-07","forecast","-0.739566901261351"
"exdqlm_univar_synth","draw_029",442,"2022-01-08","forecast","-0.649400327480200"
"exdqlm_univar_synth","draw_029",442,"2022-01-09","forecast","-0.855320094634497"
"exdqlm_univar_synth","draw_029",442,"2022-01-10","forecast","-0.786967008410422"
"exdqlm_univar_synth","draw_029",442,"2022-01-11","forecast","-1.23664767966092"
"exdqlm_univar_synth","draw_029",442,"2022-01-12","forecast","-1.26495981683669"
"exdqlm_univar_synth","draw_029",442,"2022-01-13","forecast","-1.26553538441211"
"exdqlm_univar_synth","draw_029",442,"2022-01-14","forecast","-0.916099502186460"
"exdqlm_univar_synth","draw_029",442,"2022-01-15","forecast","-0.860706235962345"
"exdqlm_univar_synth","draw_029",442,"2022-01-16","forecast","-1.42152414100956"
"exdqlm_univar_synth","draw_029",442,"2022-01-17","forecast","-0.946123184047136"
"exdqlm_univar_synth","draw_029",442,"2022-01-18","forecast","-1.27415719266850"
"exdqlm_univar_synth","draw_030",457,"2021-12-22","forecast","0.0476586706005369"
"exdqlm_univar_synth","draw_030",457,"2021-12-23","forecast","1.10986889950305"
"exdqlm_univar_synth","draw_030",457,"2021-12-24","forecast","0.843776935317849"
"exdqlm_univar_synth","draw_030",457,"2021-12-25","forecast","0.588401136549516"
"exdqlm_univar_synth","draw_030",457,"2021-12-26","forecast","0.468642656596922"
"exdqlm_univar_synth","draw_030",457,"2021-12-27","forecast","0.0201019304173032"
"exdqlm_univar_synth","draw_030",457,"2021-12-28","forecast","-0.455494185340848"
"exdqlm_univar_synth","draw_030",457,"2021-12-29","forecast","0.0346421003141713"
"exdqlm_univar_synth","draw_030",457,"2021-12-30","forecast","-0.325248273574211"
"exdqlm_univar_synth","draw_030",457,"2021-12-31","forecast","-0.966221184830336"
"exdqlm_univar_synth","draw_030",457,"2022-01-01","forecast","-0.508461605899535"
"exdqlm_univar_synth","draw_030",457,"2022-01-02","forecast","-0.780606249417990"
"exdqlm_univar_synth","draw_030",457,"2022-01-03","forecast","-0.731709380343434"
"exdqlm_univar_synth","draw_030",457,"2022-01-04","forecast","-0.247984942694582"
"exdqlm_univar_synth","draw_030",457,"2022-01-05","forecast","-0.0708573985364614"
"exdqlm_univar_synth","draw_030",457,"2022-01-06","forecast","-0.394731282613929"
"exdqlm_univar_synth","draw_030",457,"2022-01-07","forecast","-0.812086397340765"
"exdqlm_univar_synth","draw_030",457,"2022-01-08","forecast","-1.02781555349266"
"exdqlm_univar_synth","draw_030",457,"2022-01-09","forecast","-1.17559973003397"
"exdqlm_univar_synth","draw_030",457,"2022-01-10","forecast","-0.795428817662862"
"exdqlm_univar_synth","draw_030",457,"2022-01-11","forecast","-0.849213155782972"
"exdqlm_univar_synth","draw_030",457,"2022-01-12","forecast","-0.985429856072417"
"exdqlm_univar_synth","draw_030",457,"2022-01-13","forecast","-1.29164771008370"
"exdqlm_univar_synth","draw_030",457,"2022-01-14","forecast","-0.917109613276610"
"exdqlm_univar_synth","draw_030",457,"2022-01-15","forecast","-0.830429001985591"
"exdqlm_univar_synth","draw_030",457,"2022-01-16","forecast","-0.930285022929585"
"exdqlm_univar_synth","draw_030",457,"2022-01-17","forecast","-1.29029422990367"
"exdqlm_univar_synth","draw_030",457,"2022-01-18","forecast","-0.893306045659431"
"exdqlm_univar_synth","draw_031",473,"2021-12-22","forecast","-0.104777115686959"
"exdqlm_univar_synth","draw_031",473,"2021-12-23","forecast","1.03498103655956"
"exdqlm_univar_synth","draw_031",473,"2021-12-24","forecast","1.02939161633078"
"exdqlm_univar_synth","draw_031",473,"2021-12-25","forecast","0.684904887362660"
"exdqlm_univar_synth","draw_031",473,"2021-12-26","forecast","0.114860393343948"
"exdqlm_univar_synth","draw_031",473,"2021-12-27","forecast","0.133614917654965"
"exdqlm_univar_synth","draw_031",473,"2021-12-28","forecast","-0.112597595054425"
"exdqlm_univar_synth","draw_031",473,"2021-12-29","forecast","0.00323179179883405"
"exdqlm_univar_synth","draw_031",473,"2021-12-30","forecast","-0.596490345847868"
"exdqlm_univar_synth","draw_031",473,"2021-12-31","forecast","-0.318964376156912"
"exdqlm_univar_synth","draw_031",473,"2022-01-01","forecast","-0.721136470554365"
"exdqlm_univar_synth","draw_031",473,"2022-01-02","forecast","-0.620317567684818"
"exdqlm_univar_synth","draw_031",473,"2022-01-03","forecast","-0.727407812779000"
"exdqlm_univar_synth","draw_031",473,"2022-01-04","forecast","-0.408131949677875"
"exdqlm_univar_synth","draw_031",473,"2022-01-05","forecast","-0.0701272800453741"
"exdqlm_univar_synth","draw_031",473,"2022-01-06","forecast","-0.750429793593663"
"exdqlm_univar_synth","draw_031",473,"2022-01-07","forecast","-0.701308608453530"
"exdqlm_univar_synth","draw_031",473,"2022-01-08","forecast","-0.644203445358826"
"exdqlm_univar_synth","draw_031",473,"2022-01-09","forecast","-0.811820286199273"
"exdqlm_univar_synth","draw_031",473,"2022-01-10","forecast","-1.12223085944482"
"exdqlm_univar_synth","draw_031",473,"2022-01-11","forecast","-0.866148960254097"
"exdqlm_univar_synth","draw_031",473,"2022-01-12","forecast","-0.985420028892523"
"exdqlm_univar_synth","draw_031",473,"2022-01-13","forecast","-0.804467664832797"
"exdqlm_univar_synth","draw_031",473,"2022-01-14","forecast","-1.06858888747149"
"exdqlm_univar_synth","draw_031",473,"2022-01-15","forecast","-1.35521395085494"
"exdqlm_univar_synth","draw_031",473,"2022-01-16","forecast","-1.24434119561052"
"exdqlm_univar_synth","draw_031",473,"2022-01-17","forecast","-0.940186743089522"
"exdqlm_univar_synth","draw_031",473,"2022-01-18","forecast","-1.13305401697824"
"exdqlm_univar_synth","draw_032",489,"2021-12-22","forecast","0.207041771787574"
"exdqlm_univar_synth","draw_032",489,"2021-12-23","forecast","1.22523410432053"
"exdqlm_univar_synth","draw_032",489,"2021-12-24","forecast","0.693475631731185"
"exdqlm_univar_synth","draw_032",489,"2021-12-25","forecast","0.669868122543681"
"exdqlm_univar_synth","draw_032",489,"2021-12-26","forecast","0.386115328187538"
"exdqlm_univar_synth","draw_032",489,"2021-12-27","forecast","0.175218694364733"
"exdqlm_univar_synth","draw_032",489,"2021-12-28","forecast","-0.186006790706179"
"exdqlm_univar_synth","draw_032",489,"2021-12-29","forecast","0.0321864695321663"
"exdqlm_univar_synth","draw_032",489,"2021-12-30","forecast","-0.0851597959288398"
"exdqlm_univar_synth","draw_032",489,"2021-12-31","forecast","-0.908343985458532"
"exdqlm_univar_synth","draw_032",489,"2022-01-01","forecast","-0.507057116065659"
"exdqlm_univar_synth","draw_032",489,"2022-01-02","forecast","-0.571013551556170"
"exdqlm_univar_synth","draw_032",489,"2022-01-03","forecast","-0.805078222341070"
"exdqlm_univar_synth","draw_032",489,"2022-01-04","forecast","-0.216445441666869"
"exdqlm_univar_synth","draw_032",489,"2022-01-05","forecast","0.215798802383681"
"exdqlm_univar_synth","draw_032",489,"2022-01-06","forecast","-0.406897917141322"
"exdqlm_univar_synth","draw_032",489,"2022-01-07","forecast","-0.486477794778194"
"exdqlm_univar_synth","draw_032",489,"2022-01-08","forecast","-0.651704876076210"
"exdqlm_univar_synth","draw_032",489,"2022-01-09","forecast","-1.22879522962074"
"exdqlm_univar_synth","draw_032",489,"2022-01-10","forecast","-0.787681991220973"
"exdqlm_univar_synth","draw_032",489,"2022-01-11","forecast","-0.762279911814368"
"exdqlm_univar_synth","draw_032",489,"2022-01-12","forecast","-0.987517189538597"
"exdqlm_univar_synth","draw_032",489,"2022-01-13","forecast","-1.40669503730620"
"exdqlm_univar_synth","draw_032",489,"2022-01-14","forecast","-1.37783161535416"
"exdqlm_univar_synth","draw_032",489,"2022-01-15","forecast","-0.800300875626928"
"exdqlm_univar_synth","draw_032",489,"2022-01-16","forecast","-1.22635749809395"
"exdqlm_univar_synth","draw_032",489,"2022-01-17","forecast","-0.938164893039174"
"exdqlm_univar_synth","draw_032",489,"2022-01-18","forecast","-0.900636365953887"
"exdqlm_univar_synth","draw_033",505,"2021-12-22","forecast","0.415404631104815"
"exdqlm_univar_synth","draw_033",505,"2021-12-23","forecast","0.602000661869078"
"exdqlm_univar_synth","draw_033",505,"2021-12-24","forecast","0.669417967653604"
"exdqlm_univar_synth","draw_033",505,"2021-12-25","forecast","0.579472913236254"
"exdqlm_univar_synth","draw_033",505,"2021-12-26","forecast","0.692785101828611"
"exdqlm_univar_synth","draw_033",505,"2021-12-27","forecast","0.252131294502475"
"exdqlm_univar_synth","draw_033",505,"2021-12-28","forecast","-0.0369831442592143"
"exdqlm_univar_synth","draw_033",505,"2021-12-29","forecast","-0.335206708873974"
"exdqlm_univar_synth","draw_033",505,"2021-12-30","forecast","-0.0853726024074182"
"exdqlm_univar_synth","draw_033",505,"2021-12-31","forecast","-0.339238027548121"
"exdqlm_univar_synth","draw_033",505,"2022-01-01","forecast","-0.533709597171855"
"exdqlm_univar_synth","draw_033",505,"2022-01-02","forecast","-0.837468874003177"
"exdqlm_univar_synth","draw_033",505,"2022-01-03","forecast","-0.724633598990533"
"exdqlm_univar_synth","draw_033",505,"2022-01-04","forecast","-0.219557529363451"
"exdqlm_univar_synth","draw_033",505,"2022-01-05","forecast","-0.666588647033050"
"exdqlm_univar_synth","draw_033",505,"2022-01-06","forecast","-0.393636346697537"
"exdqlm_univar_synth","draw_033",505,"2022-01-07","forecast","-0.489778296835933"
"exdqlm_univar_synth","draw_033",505,"2022-01-08","forecast","-0.639787101262973"
"exdqlm_univar_synth","draw_033",505,"2022-01-09","forecast","-1.16418041653448"
"exdqlm_univar_synth","draw_033",505,"2022-01-10","forecast","-0.934791175987943"
"exdqlm_univar_synth","draw_033",505,"2022-01-11","forecast","-0.772596606876916"
"exdqlm_univar_synth","draw_033",505,"2022-01-12","forecast","0"
"exdqlm_univar_synth","draw_033",505,"2022-01-13","forecast","-0.799462994769051"
"exdqlm_univar_synth","draw_033",505,"2022-01-14","forecast","-1.42625692052440"
"exdqlm_univar_synth","draw_033",505,"2022-01-15","forecast","-0.890880000540327"
"exdqlm_univar_synth","draw_033",505,"2022-01-16","forecast","-1.45583198887617"
"exdqlm_univar_synth","draw_033",505,"2022-01-17","forecast","-1.39274585526506"
"exdqlm_univar_synth","draw_033",505,"2022-01-18","forecast","-0.898171888621994"
"exdqlm_univar_synth","draw_034",520,"2021-12-22","forecast","0.473614721393081"
"exdqlm_univar_synth","draw_034",520,"2021-12-23","forecast","1.20140864202213"
"exdqlm_univar_synth","draw_034",520,"2021-12-24","forecast","0.779043931631490"
"exdqlm_univar_synth","draw_034",520,"2021-12-25","forecast","0.344197073525441"
"exdqlm_univar_synth","draw_034",520,"2021-12-26","forecast","0.341245843533794"
"exdqlm_univar_synth","draw_034",520,"2021-12-27","forecast","0.258734837202084"
"exdqlm_univar_synth","draw_034",520,"2021-12-28","forecast","-0.0754749745214556"
"exdqlm_univar_synth","draw_034",520,"2021-12-29","forecast","0.0435880432849324"
"exdqlm_univar_synth","draw_034",520,"2021-12-30","forecast","-0.108355400843629"
"exdqlm_univar_synth","draw_034",520,"2021-12-31","forecast","-0.646688383857876"
"exdqlm_univar_synth","draw_034",520,"2022-01-01","forecast","-0.727152120754630"
"exdqlm_univar_synth","draw_034",520,"2022-01-02","forecast","-0.530068105703933"
"exdqlm_univar_synth","draw_034",520,"2022-01-03","forecast","-0.712811708107099"
"exdqlm_univar_synth","draw_034",520,"2022-01-04","forecast","-0.168545069640102"
"exdqlm_univar_synth","draw_034",520,"2022-01-05","forecast","-0.0703430357137600"
"exdqlm_univar_synth","draw_034",520,"2022-01-06","forecast","-0.767545969407297"
"exdqlm_univar_synth","draw_034",520,"2022-01-07","forecast","-0.557579516263676"
"exdqlm_univar_synth","draw_034",520,"2022-01-08","forecast","-0.669912691016659"
"exdqlm_univar_synth","draw_034",520,"2022-01-09","forecast","-0.988919917508244"
"exdqlm_univar_synth","draw_034",520,"2022-01-10","forecast","-1.05135517744845"
"exdqlm_univar_synth","draw_034",520,"2022-01-11","forecast","-1.13073040423495"
"exdqlm_univar_synth","draw_034",520,"2022-01-12","forecast","-0.994988469882314"
"exdqlm_univar_synth","draw_034",520,"2022-01-13","forecast","-1.10473798584280"
"exdqlm_univar_synth","draw_034",520,"2022-01-14","forecast","-0.917190523433664"
"exdqlm_univar_synth","draw_034",520,"2022-01-15","forecast","-0.889734643608786"
"exdqlm_univar_synth","draw_034",520,"2022-01-16","forecast","-0.943702371636832"
"exdqlm_univar_synth","draw_034",520,"2022-01-17","forecast","-1.37453767477852"
"exdqlm_univar_synth","draw_034",520,"2022-01-18","forecast","-0.900520354249738"
"exdqlm_univar_synth","draw_035",536,"2021-12-22","forecast","0.421155920453280"
"exdqlm_univar_synth","draw_035",536,"2021-12-23","forecast","0.982716700515562"
"exdqlm_univar_synth","draw_035",536,"2021-12-24","forecast","0.833147684839705"
"exdqlm_univar_synth","draw_035",536,"2021-12-25","forecast","0.406492043758463"
"exdqlm_univar_synth","draw_035",536,"2021-12-26","forecast","0.216031199697672"
"exdqlm_univar_synth","draw_035",536,"2021-12-27","forecast","0.239771605767804"
"exdqlm_univar_synth","draw_035",536,"2021-12-28","forecast","-0.503141751350716"
"exdqlm_univar_synth","draw_035",536,"2021-12-29","forecast","0.109072755645437"
"exdqlm_univar_synth","draw_035",536,"2021-12-30","forecast","-0.0797040377863651"
"exdqlm_univar_synth","draw_035",536,"2021-12-31","forecast","-0.545341952951471"
"exdqlm_univar_synth","draw_035",536,"2022-01-01","forecast","-0.683161659744458"
"exdqlm_univar_synth","draw_035",536,"2022-01-02","forecast","-0.977526786672784"
"exdqlm_univar_synth","draw_035",536,"2022-01-03","forecast","-0.710603916192543"
"exdqlm_univar_synth","draw_035",536,"2022-01-04","forecast","-0.595653592532979"
"exdqlm_univar_synth","draw_035",536,"2022-01-05","forecast","-0.127692479302427"
"exdqlm_univar_synth","draw_035",536,"2022-01-06","forecast","-0.387036304882066"
"exdqlm_univar_synth","draw_035",536,"2022-01-07","forecast","-0.477565819422518"
"exdqlm_univar_synth","draw_035",536,"2022-01-08","forecast","-0.653259323583263"
"exdqlm_univar_synth","draw_035",536,"2022-01-09","forecast","-0.809578115974280"
"exdqlm_univar_synth","draw_035",536,"2022-01-10","forecast","-1.22081948050638"
"exdqlm_univar_synth","draw_035",536,"2022-01-11","forecast","-0.763866011397607"
"exdqlm_univar_synth","draw_035",536,"2022-01-12","forecast","-1.49879104048901"
"exdqlm_univar_synth","draw_035",536,"2022-01-13","forecast","-1.19839641133484"
"exdqlm_univar_synth","draw_035",536,"2022-01-14","forecast","-0.918510991916457"
"exdqlm_univar_synth","draw_035",536,"2022-01-15","forecast","-0.948323745685115"
"exdqlm_univar_synth","draw_035",536,"2022-01-16","forecast","-1.15134209688086"
"exdqlm_univar_synth","draw_035",536,"2022-01-17","forecast","-0.937243875896064"
"exdqlm_univar_synth","draw_035",536,"2022-01-18","forecast","-1.32539291998315"
"exdqlm_univar_synth","draw_036",552,"2021-12-22","forecast","0.387481366691743"
"exdqlm_univar_synth","draw_036",552,"2021-12-23","forecast","0.474906639631814"
"exdqlm_univar_synth","draw_036",552,"2021-12-24","forecast","0.431898266201730"
"exdqlm_univar_synth","draw_036",552,"2021-12-25","forecast","0.589022550300709"
"exdqlm_univar_synth","draw_036",552,"2021-12-26","forecast","0.590652360979608"
"exdqlm_univar_synth","draw_036",552,"2021-12-27","forecast","-0.183809232449635"
"exdqlm_univar_synth","draw_036",552,"2021-12-28","forecast","-0.311076284352644"
"exdqlm_univar_synth","draw_036",552,"2021-12-29","forecast","0.0344131364124686"
"exdqlm_univar_synth","draw_036",552,"2021-12-30","forecast","-0.0964346245562907"
"exdqlm_univar_synth","draw_036",552,"2021-12-31","forecast","-0.653999780438417"
"exdqlm_univar_synth","draw_036",552,"2022-01-01","forecast","-0.607374947576674"
"exdqlm_univar_synth","draw_036",552,"2022-01-02","forecast","-0.561416664667818"
"exdqlm_univar_synth","draw_036",552,"2022-01-03","forecast","-0.754285772404171"
"exdqlm_univar_synth","draw_036",552,"2022-01-04","forecast","-0.235240622320394"
"exdqlm_univar_synth","draw_036",552,"2022-01-05","forecast","0.120330805259407"
"exdqlm_univar_synth","draw_036",552,"2022-01-06","forecast","-0.392578750764725"
"exdqlm_univar_synth","draw_036",552,"2022-01-07","forecast","-0.477562538402839"
"exdqlm_univar_synth","draw_036",552,"2022-01-08","forecast","-0.887421148080445"
"exdqlm_univar_synth","draw_036",552,"2022-01-09","forecast","-0.809737375693545"
"exdqlm_univar_synth","draw_036",552,"2022-01-10","forecast","-0.694990199832245"
"exdqlm_univar_synth","draw_036",552,"2022-01-11","forecast","-0.603765135188791"
"exdqlm_univar_synth","draw_036",552,"2022-01-12","forecast","-1.26231911096015"
"exdqlm_univar_synth","draw_036",552,"2022-01-13","forecast","-0.811321645993643"
"exdqlm_univar_synth","draw_036",552,"2022-01-14","forecast","-1.26383449681234"
"exdqlm_univar_synth","draw_036",552,"2022-01-15","forecast","-0.934783580408103"
"exdqlm_univar_synth","draw_036",552,"2022-01-16","forecast","-0.929847534716385"
"exdqlm_univar_synth","draw_036",552,"2022-01-17","forecast","-1.40545035058205"
"exdqlm_univar_synth","draw_036",552,"2022-01-18","forecast","-0.901499240214417"
"exdqlm_univar_synth","draw_037",568,"2021-12-22","forecast","0.123166355265572"
"exdqlm_univar_synth","draw_037",568,"2021-12-23","forecast","0.642045418543217"
"exdqlm_univar_synth","draw_037",568,"2021-12-24","forecast","0.294924682749158"
"exdqlm_univar_synth","draw_037",568,"2021-12-25","forecast","-0.117523972090896"
"exdqlm_univar_synth","draw_037",568,"2021-12-26","forecast","0.0662735827115405"
"exdqlm_univar_synth","draw_037",568,"2021-12-27","forecast","-0.387893392275574"
"exdqlm_univar_synth","draw_037",568,"2021-12-28","forecast","-0.0893575888511951"
"exdqlm_univar_synth","draw_037",568,"2021-12-29","forecast","0.0345193887936574"
"exdqlm_univar_synth","draw_037",568,"2021-12-30","forecast","0.0132736027953224"
"exdqlm_univar_synth","draw_037",568,"2021-12-31","forecast","-0.286325449272246"
"exdqlm_univar_synth","draw_037",568,"2022-01-01","forecast","-0.506939520059292"
"exdqlm_univar_synth","draw_037",568,"2022-01-02","forecast","-0.775375536249349"
"exdqlm_univar_synth","draw_037",568,"2022-01-03","forecast","-0.720221208102838"
"exdqlm_univar_synth","draw_037",568,"2022-01-04","forecast","-0.858115517784660"
"exdqlm_univar_synth","draw_037",568,"2022-01-05","forecast","-0.0742952695993335"
"exdqlm_univar_synth","draw_037",568,"2022-01-06","forecast","-0.672403558331786"
"exdqlm_univar_synth","draw_037",568,"2022-01-07","forecast","-0.483290575922031"
"exdqlm_univar_synth","draw_037",568,"2022-01-08","forecast","-0.919995876558703"
"exdqlm_univar_synth","draw_037",568,"2022-01-09","forecast","-1.17038186730152"
"exdqlm_univar_synth","draw_037",568,"2022-01-10","forecast","-0.781779487807725"
"exdqlm_univar_synth","draw_037",568,"2022-01-11","forecast","-0.832717687798584"
"exdqlm_univar_synth","draw_037",568,"2022-01-12","forecast","-1.10000479580686"
"exdqlm_univar_synth","draw_037",568,"2022-01-13","forecast","-1.19617807891087"
"exdqlm_univar_synth","draw_037",568,"2022-01-14","forecast","-1.47175700926738"
"exdqlm_univar_synth","draw_037",568,"2022-01-15","forecast","-0.849612309793214"
"exdqlm_univar_synth","draw_037",568,"2022-01-16","forecast","-0.931974881697571"
"exdqlm_univar_synth","draw_037",568,"2022-01-17","forecast","-1.13001407790377"
"exdqlm_univar_synth","draw_037",568,"2022-01-18","forecast","-1.19511305523762"
"exdqlm_univar_synth","draw_038",583,"2021-12-22","forecast","0.00650565226702450"
"exdqlm_univar_synth","draw_038",583,"2021-12-23","forecast","1.05170455044342"
"exdqlm_univar_synth","draw_038",583,"2021-12-24","forecast","0.755929529232628"
"exdqlm_univar_synth","draw_038",583,"2021-12-25","forecast","0.250431908014189"
"exdqlm_univar_synth","draw_038",583,"2021-12-26","forecast","0.377961298691451"
"exdqlm_univar_synth","draw_038",583,"2021-12-27","forecast","-0.256871262481871"
"exdqlm_univar_synth","draw_038",583,"2021-12-28","forecast","-0.0706375100039352"
"exdqlm_univar_synth","draw_038",583,"2021-12-29","forecast","0.0362041028486926"
"exdqlm_univar_synth","draw_038",583,"2021-12-30","forecast","-0.0851490592189482"
"exdqlm_univar_synth","draw_038",583,"2021-12-31","forecast","-0.671285841037987"
"exdqlm_univar_synth","draw_038",583,"2022-01-01","forecast","-1.01992238316720"
"exdqlm_univar_synth","draw_038",583,"2022-01-02","forecast","-0.919514124260525"
"exdqlm_univar_synth","draw_038",583,"2022-01-03","forecast","-0.726497518625513"
"exdqlm_univar_synth","draw_038",583,"2022-01-04","forecast","-0.812930409981661"
"exdqlm_univar_synth","draw_038",583,"2022-01-05","forecast","-0.0716486479327503"
"exdqlm_univar_synth","draw_038",583,"2022-01-06","forecast","-0.842081279341918"
"exdqlm_univar_synth","draw_038",583,"2022-01-07","forecast","-0.483806347247243"
"exdqlm_univar_synth","draw_038",583,"2022-01-08","forecast","-0.779025660745190"
"exdqlm_univar_synth","draw_038",583,"2022-01-09","forecast","-0.809325293042604"
"exdqlm_univar_synth","draw_038",583,"2022-01-10","forecast","-1.24478201659994"
"exdqlm_univar_synth","draw_038",583,"2022-01-11","forecast","-1.03595260813946"
"exdqlm_univar_synth","draw_038",583,"2022-01-12","forecast","-1.10501366147148"
"exdqlm_univar_synth","draw_038",583,"2022-01-13","forecast","-0.804365371593148"
"exdqlm_univar_synth","draw_038",583,"2022-01-14","forecast","-0.917202679217819"
"exdqlm_univar_synth","draw_038",583,"2022-01-15","forecast","-0.831183565356496"
"exdqlm_univar_synth","draw_038",583,"2022-01-16","forecast","-0.933919859533881"
"exdqlm_univar_synth","draw_038",583,"2022-01-17","forecast","-1.46672882349781"
"exdqlm_univar_synth","draw_038",583,"2022-01-18","forecast","-0.895900370193113"
"exdqlm_univar_synth","draw_039",599,"2021-12-22","forecast","0.500790641175969"
"exdqlm_univar_synth","draw_039",599,"2021-12-23","forecast","1.07987707168949"
"exdqlm_univar_synth","draw_039",599,"2021-12-24","forecast","0.707903127817068"
"exdqlm_univar_synth","draw_039",599,"2021-12-25","forecast","0.295589919504818"
"exdqlm_univar_synth","draw_039",599,"2021-12-26","forecast","0.400119337889048"
"exdqlm_univar_synth","draw_039",599,"2021-12-27","forecast","0.172395504510664"
"exdqlm_univar_synth","draw_039",599,"2021-12-28","forecast","0.0815054426654655"
"exdqlm_univar_synth","draw_039",599,"2021-12-29","forecast","0.0328363653405081"
"exdqlm_univar_synth","draw_039",599,"2021-12-30","forecast","-0.0865932007790612"
"exdqlm_univar_synth","draw_039",599,"2021-12-31","forecast","-0.741678091986863"
"exdqlm_univar_synth","draw_039",599,"2022-01-01","forecast","-0.505431023364251"
"exdqlm_univar_synth","draw_039",599,"2022-01-02","forecast","-0.955306656386308"
"exdqlm_univar_synth","draw_039",599,"2022-01-03","forecast","-1.13082724713064"
"exdqlm_univar_synth","draw_039",599,"2022-01-04","forecast","-0.634940380588601"
"exdqlm_univar_synth","draw_039",599,"2022-01-05","forecast","-0.0520283635997165"
"exdqlm_univar_synth","draw_039",599,"2022-01-06","forecast","-0.392850812859044"
"exdqlm_univar_synth","draw_039",599,"2022-01-07","forecast","-0.660082682559984"
"exdqlm_univar_synth","draw_039",599,"2022-01-08","forecast","-0.668570958117046"
"exdqlm_univar_synth","draw_039",599,"2022-01-09","forecast","-0.809023475202731"
"exdqlm_univar_synth","draw_039",599,"2022-01-10","forecast","-1.27295118640348"
"exdqlm_univar_synth","draw_039",599,"2022-01-11","forecast","-0.934521484134809"
"exdqlm_univar_synth","draw_039",599,"2022-01-12","forecast","-1.11960104306041"
"exdqlm_univar_synth","draw_039",599,"2022-01-13","forecast","-0.807191157753503"
"exdqlm_univar_synth","draw_039",599,"2022-01-14","forecast","-0.917242180064173"
"exdqlm_univar_synth","draw_039",599,"2022-01-15","forecast","-1.21670842092950"
"exdqlm_univar_synth","draw_039",599,"2022-01-16","forecast","-0.950650124380477"
"exdqlm_univar_synth","draw_039",599,"2022-01-17","forecast","-0.937583470209543"
"exdqlm_univar_synth","draw_039",599,"2022-01-18","forecast","-0.907516948372444"
"exdqlm_univar_synth","draw_040",615,"2021-12-22","forecast","0.300718077699258"
"exdqlm_univar_synth","draw_040",615,"2021-12-23","forecast","1.14733890128503"
"exdqlm_univar_synth","draw_040",615,"2021-12-24","forecast","0.526090595211169"
"exdqlm_univar_synth","draw_040",615,"2021-12-25","forecast","0.599519590781573"
"exdqlm_univar_synth","draw_040",615,"2021-12-26","forecast","0.590599000650528"
"exdqlm_univar_synth","draw_040",615,"2021-12-27","forecast","-0.0722011003888147"
"exdqlm_univar_synth","draw_040",615,"2021-12-28","forecast","0.00482504448983122"
"exdqlm_univar_synth","draw_040",615,"2021-12-29","forecast","-0.613818150931655"
"exdqlm_univar_synth","draw_040",615,"2021-12-30","forecast","-0.181484291480630"
"exdqlm_univar_synth","draw_040",615,"2021-12-31","forecast","-0.298030279663430"
"exdqlm_univar_synth","draw_040",615,"2022-01-01","forecast","-0.533817808897647"
"exdqlm_univar_synth","draw_040",615,"2022-01-02","forecast","-0.0830095424045089"
"exdqlm_univar_synth","draw_040",615,"2022-01-03","forecast","-0.714105877599774"
"exdqlm_univar_synth","draw_040",615,"2022-01-04","forecast","-0.201326644222813"
"exdqlm_univar_synth","draw_040",615,"2022-01-05","forecast","-0.0548131927109362"
"exdqlm_univar_synth","draw_040",615,"2022-01-06","forecast","-0.391465223273238"
"exdqlm_univar_synth","draw_040",615,"2022-01-07","forecast","-0.477431127450352"
"exdqlm_univar_synth","draw_040",615,"2022-01-08","forecast","-0.645300530802901"
"exdqlm_univar_synth","draw_040",615,"2022-01-09","forecast","-0.808846097718326"
"exdqlm_univar_synth","draw_040",615,"2022-01-10","forecast","-1.30064671189578"
"exdqlm_univar_synth","draw_040",615,"2022-01-11","forecast","-0.764343766912063"
"exdqlm_univar_synth","draw_040",615,"2022-01-12","forecast","-1.06153529008854"
"exdqlm_univar_synth","draw_040",615,"2022-01-13","forecast","-0.872890390384392"
"exdqlm_univar_synth","draw_040",615,"2022-01-14","forecast","-0.986829348786404"
"exdqlm_univar_synth","draw_040",615,"2022-01-15","forecast","-0.831774945353408"
"exdqlm_univar_synth","draw_040",615,"2022-01-16","forecast","-0.944254110960255"
"exdqlm_univar_synth","draw_040",615,"2022-01-17","forecast","-1.28655849488684"
"exdqlm_univar_synth","draw_040",615,"2022-01-18","forecast","-1.29080239139505"
"exdqlm_univar_synth","draw_041",631,"2021-12-22","forecast","-0.119614560490930"
"exdqlm_univar_synth","draw_041",631,"2021-12-23","forecast","0.902689709004661"
"exdqlm_univar_synth","draw_041",631,"2021-12-24","forecast","0.456719352407246"
"exdqlm_univar_synth","draw_041",631,"2021-12-25","forecast","0.358627610099124"
"exdqlm_univar_synth","draw_041",631,"2021-12-26","forecast","0.598033858994808"
"exdqlm_univar_synth","draw_041",631,"2021-12-27","forecast","-0.287908566935782"
"exdqlm_univar_synth","draw_041",631,"2021-12-28","forecast","-0.0592748122636193"
"exdqlm_univar_synth","draw_041",631,"2021-12-29","forecast","-0.0353785172510651"
"exdqlm_univar_synth","draw_041",631,"2021-12-30","forecast","-0.0863506913068872"
"exdqlm_univar_synth","draw_041",631,"2021-12-31","forecast","-0.456900662178988"
"exdqlm_univar_synth","draw_041",631,"2022-01-01","forecast","-0.810575181811818"
"exdqlm_univar_synth","draw_041",631,"2022-01-02","forecast","-0.557259085213908"
"exdqlm_univar_synth","draw_041",631,"2022-01-03","forecast","-0.803005538559760"
"exdqlm_univar_synth","draw_041",631,"2022-01-04","forecast","-0.715225602391606"
"exdqlm_univar_synth","draw_041",631,"2022-01-05","forecast","-0.752885735948656"
"exdqlm_univar_synth","draw_041",631,"2022-01-06","forecast","-0.781702379209482"
"exdqlm_univar_synth","draw_041",631,"2022-01-07","forecast","-0.442060626045457"
"exdqlm_univar_synth","draw_041",631,"2022-01-08","forecast","-0.739712822267172"
"exdqlm_univar_synth","draw_041",631,"2022-01-09","forecast","-0.810196153798780"
"exdqlm_univar_synth","draw_041",631,"2022-01-10","forecast","-0.782378644759706"
"exdqlm_univar_synth","draw_041",631,"2022-01-11","forecast","-0.781147876734610"
"exdqlm_univar_synth","draw_041",631,"2022-01-12","forecast","-1.54125337983967"
"exdqlm_univar_synth","draw_041",631,"2022-01-13","forecast","-0.803989580201139"
"exdqlm_univar_synth","draw_041",631,"2022-01-14","forecast","-1.31394949355057"
"exdqlm_univar_synth","draw_041",631,"2022-01-15","forecast","-1.35924944437564"
"exdqlm_univar_synth","draw_041",631,"2022-01-16","forecast","-1.06632719417994"
"exdqlm_univar_synth","draw_041",631,"2022-01-17","forecast","-1.35349802699710"
"exdqlm_univar_synth","draw_041",631,"2022-01-18","forecast","-1.17927404492175"
"exdqlm_univar_synth","draw_042",646,"2021-12-22","forecast","0.349444539033701"
"exdqlm_univar_synth","draw_042",646,"2021-12-23","forecast","0.577700560160868"
"exdqlm_univar_synth","draw_042",646,"2021-12-24","forecast","0.300370845272140"
"exdqlm_univar_synth","draw_042",646,"2021-12-25","forecast","0.233038205663553"
"exdqlm_univar_synth","draw_042",646,"2021-12-26","forecast","0.669770231664449"
"exdqlm_univar_synth","draw_042",646,"2021-12-27","forecast","-0.0758595136404927"
"exdqlm_univar_synth","draw_042",646,"2021-12-28","forecast","-0.288314650946623"
"exdqlm_univar_synth","draw_042",646,"2021-12-29","forecast","-0.252130319294482"
"exdqlm_univar_synth","draw_042",646,"2021-12-30","forecast","-0.325377599816439"
"exdqlm_univar_synth","draw_042",646,"2021-12-31","forecast","-0.299004067146417"
"exdqlm_univar_synth","draw_042",646,"2022-01-01","forecast","-0.509548125526917"
"exdqlm_univar_synth","draw_042",646,"2022-01-02","forecast","-0.394493367988171"
"exdqlm_univar_synth","draw_042",646,"2022-01-03","forecast","-0.721585451046957"
"exdqlm_univar_synth","draw_042",646,"2022-01-04","forecast","-0.788617494013333"
"exdqlm_univar_synth","draw_042",646,"2022-01-05","forecast","-0.394034958699562"
"exdqlm_univar_synth","draw_042",646,"2022-01-06","forecast","-0.395351648164677"
"exdqlm_univar_synth","draw_042",646,"2022-01-07","forecast","-1.18901438004027"
"exdqlm_univar_synth","draw_042",646,"2022-01-08","forecast","-1.26344738413727"
"exdqlm_univar_synth","draw_042",646,"2022-01-09","forecast","-1.21329664275923"
"exdqlm_univar_synth","draw_042",646,"2022-01-10","forecast","-0.781436071044175"
"exdqlm_univar_synth","draw_042",646,"2022-01-11","forecast","-1.02124937717667"
"exdqlm_univar_synth","draw_042",646,"2022-01-12","forecast","-1.08243383531765"
"exdqlm_univar_synth","draw_042",646,"2022-01-13","forecast","-0.859811300965054"
"exdqlm_univar_synth","draw_042",646,"2022-01-14","forecast","-1.37079946750379"
"exdqlm_univar_synth","draw_042",646,"2022-01-15","forecast","-0.828867009213757"
"exdqlm_univar_synth","draw_042",646,"2022-01-16","forecast","-1.19264336150690"
"exdqlm_univar_synth","draw_042",646,"2022-01-17","forecast","-1.29969858719574"
"exdqlm_univar_synth","draw_042",646,"2022-01-18","forecast","-0.893229837255572"
"exdqlm_univar_synth","draw_043",662,"2021-12-22","forecast","0.546073129920591"
"exdqlm_univar_synth","draw_043",662,"2021-12-23","forecast","0.635452165761085"
"exdqlm_univar_synth","draw_043",662,"2021-12-24","forecast","0.852091494832938"
"exdqlm_univar_synth","draw_043",662,"2021-12-25","forecast","0.666031373511429"
"exdqlm_univar_synth","draw_043",662,"2021-12-26","forecast","0.217247056710312"
"exdqlm_univar_synth","draw_043",662,"2021-12-27","forecast","0.0903933200132477"
"exdqlm_univar_synth","draw_043",662,"2021-12-28","forecast","-0.301534415285094"
"exdqlm_univar_synth","draw_043",662,"2021-12-29","forecast","-0.278233160395309"
"exdqlm_univar_synth","draw_043",662,"2021-12-30","forecast","-0.0363340476147821"
"exdqlm_univar_synth","draw_043",662,"2021-12-31","forecast","-0.542075470309426"
"exdqlm_univar_synth","draw_043",662,"2022-01-01","forecast","-0.507019476169907"
"exdqlm_univar_synth","draw_043",662,"2022-01-02","forecast","-0.954533047053308"
"exdqlm_univar_synth","draw_043",662,"2022-01-03","forecast","-0.708628609289813"
"exdqlm_univar_synth","draw_043",662,"2022-01-04","forecast","-0.957363275230114"
"exdqlm_univar_synth","draw_043",662,"2022-01-05","forecast","-0.747900267104946"
"exdqlm_univar_synth","draw_043",662,"2022-01-06","forecast","-0.319474056736700"
"exdqlm_univar_synth","draw_043",662,"2022-01-07","forecast","-0.590339875619602"
"exdqlm_univar_synth","draw_043",662,"2022-01-08","forecast","-1.01414578635435"
"exdqlm_univar_synth","draw_043",662,"2022-01-09","forecast","-1.18448631358458"
"exdqlm_univar_synth","draw_043",662,"2022-01-10","forecast","-0.928348205828888"
"exdqlm_univar_synth","draw_043",662,"2022-01-11","forecast","-0.764549285187736"
"exdqlm_univar_synth","draw_043",662,"2022-01-12","forecast","-1.34070150077119"
"exdqlm_univar_synth","draw_043",662,"2022-01-13","forecast","-1.34387115197146"
"exdqlm_univar_synth","draw_043",662,"2022-01-14","forecast","-1.24812384295949"
"exdqlm_univar_synth","draw_043",662,"2022-01-15","forecast","-0.993714763948456"
"exdqlm_univar_synth","draw_043",662,"2022-01-16","forecast","-0.259591472778248"
"exdqlm_univar_synth","draw_043",662,"2022-01-17","forecast","-0.935309667608371"
"exdqlm_univar_synth","draw_043",662,"2022-01-18","forecast","-1.13982052266224"
"exdqlm_univar_synth","draw_044",678,"2021-12-22","forecast","0.0354577498909332"
"exdqlm_univar_synth","draw_044",678,"2021-12-23","forecast","0.621335523087335"
"exdqlm_univar_synth","draw_044",678,"2021-12-24","forecast","0.523985445459828"
"exdqlm_univar_synth","draw_044",678,"2021-12-25","forecast","0.569793085014481"
"exdqlm_univar_synth","draw_044",678,"2021-12-26","forecast","0.228851698762712"
"exdqlm_univar_synth","draw_044",678,"2021-12-27","forecast","0.192859851542000"
"exdqlm_univar_synth","draw_044",678,"2021-12-28","forecast","-0.453995340696161"
"exdqlm_univar_synth","draw_044",678,"2021-12-29","forecast","0.0323886204867790"
"exdqlm_univar_synth","draw_044",678,"2021-12-30","forecast","-0.360041239777964"
"exdqlm_univar_synth","draw_044",678,"2021-12-31","forecast","-0.312488647560384"
"exdqlm_univar_synth","draw_044",678,"2022-01-01","forecast","-0.972792392312284"
"exdqlm_univar_synth","draw_044",678,"2022-01-02","forecast","-0.722821192264356"
"exdqlm_univar_synth","draw_044",678,"2022-01-03","forecast","-0.723194274225858"
"exdqlm_univar_synth","draw_044",678,"2022-01-04","forecast","-0.889400466488424"
"exdqlm_univar_synth","draw_044",678,"2022-01-05","forecast","-0.0998538725224394"
"exdqlm_univar_synth","draw_044",678,"2022-01-06","forecast","-0.788434348198474"
"exdqlm_univar_synth","draw_044",678,"2022-01-07","forecast","-0.633487845732505"
"exdqlm_univar_synth","draw_044",678,"2022-01-08","forecast","-0.653236899100549"
"exdqlm_univar_synth","draw_044",678,"2022-01-09","forecast","-0.810859244035167"
"exdqlm_univar_synth","draw_044",678,"2022-01-10","forecast","-0.883737393162883"
"exdqlm_univar_synth","draw_044",678,"2022-01-11","forecast","-0.760997467749516"
"exdqlm_univar_synth","draw_044",678,"2022-01-12","forecast","-1.21407400411585"
"exdqlm_univar_synth","draw_044",678,"2022-01-13","forecast","-1.21032138075658"
"exdqlm_univar_synth","draw_044",678,"2022-01-14","forecast","-1.08615189195846"
"exdqlm_univar_synth","draw_044",678,"2022-01-15","forecast","-1.24303430030104"
"exdqlm_univar_synth","draw_044",678,"2022-01-16","forecast","-1.17556108680853"
"exdqlm_univar_synth","draw_044",678,"2022-01-17","forecast","-0.938235157163096"
"exdqlm_univar_synth","draw_044",678,"2022-01-18","forecast","-0.925159849499217"
"exdqlm_univar_synth","draw_045",694,"2021-12-22","forecast","-0.0169453055222874"
"exdqlm_univar_synth","draw_045",694,"2021-12-23","forecast","0.627506335300309"
"exdqlm_univar_synth","draw_045",694,"2021-12-24","forecast","0.288469101698479"
"exdqlm_univar_synth","draw_045",694,"2021-12-25","forecast","0.640229225968002"
"exdqlm_univar_synth","draw_045",694,"2021-12-26","forecast","0.649315720237101"
"exdqlm_univar_synth","draw_045",694,"2021-12-27","forecast","0.172793515566758"
"exdqlm_univar_synth","draw_045",694,"2021-12-28","forecast","-0.631433247022694"
"exdqlm_univar_synth","draw_045",694,"2021-12-29","forecast","-0.499327352440031"
"exdqlm_univar_synth","draw_045",694,"2021-12-30","forecast","-0.0860519975444229"
"exdqlm_univar_synth","draw_045",694,"2021-12-31","forecast","-0.298055129520380"
"exdqlm_univar_synth","draw_045",694,"2022-01-01","forecast","-0.832915459485418"
"exdqlm_univar_synth","draw_045",694,"2022-01-02","forecast","-0.562999644394407"
"exdqlm_univar_synth","draw_045",694,"2022-01-03","forecast","-0.709684765953421"
"exdqlm_univar_synth","draw_045",694,"2022-01-04","forecast","-0.822636349609761"
"exdqlm_univar_synth","draw_045",694,"2022-01-05","forecast","-0.0733015502769772"
"exdqlm_univar_synth","draw_045",694,"2022-01-06","forecast","-0.864412308332558"
"exdqlm_univar_synth","draw_045",694,"2022-01-07","forecast","-0.947181104768823"
"exdqlm_univar_synth","draw_045",694,"2022-01-08","forecast","-1.13987659795233"
"exdqlm_univar_synth","draw_045",694,"2022-01-09","forecast","-0.811344993537847"
"exdqlm_univar_synth","draw_045",694,"2022-01-10","forecast","-0.781360914444652"
"exdqlm_univar_synth","draw_045",694,"2022-01-11","forecast","-1.05692390959812"
"exdqlm_univar_synth","draw_045",694,"2022-01-12","forecast","-0.986247991081949"
"exdqlm_univar_synth","draw_045",694,"2022-01-13","forecast","-0.812170956090435"
"exdqlm_univar_synth","draw_045",694,"2022-01-14","forecast","-0.918530488626672"
"exdqlm_univar_synth","draw_045",694,"2022-01-15","forecast","-1.02190037788950"
"exdqlm_univar_synth","draw_045",694,"2022-01-16","forecast","-0.932625024724012"
"exdqlm_univar_synth","draw_045",694,"2022-01-17","forecast","-0.858163131335951"
"exdqlm_univar_synth","draw_045",694,"2022-01-18","forecast","-1.16348509693304"
"exdqlm_univar_synth","draw_046",709,"2021-12-22","forecast","0.327143481625516"
"exdqlm_univar_synth","draw_046",709,"2021-12-23","forecast","0.549069881802271"
"exdqlm_univar_synth","draw_046",709,"2021-12-24","forecast","0.739720082783092"
"exdqlm_univar_synth","draw_046",709,"2021-12-25","forecast","0.0511502511465451"
"exdqlm_univar_synth","draw_046",709,"2021-12-26","forecast","0.593943910329655"
"exdqlm_univar_synth","draw_046",709,"2021-12-27","forecast","0.179967263058051"
"exdqlm_univar_synth","draw_046",709,"2021-12-28","forecast","-0.0613502774769917"
"exdqlm_univar_synth","draw_046",709,"2021-12-29","forecast","-0.511600880242793"
"exdqlm_univar_synth","draw_046",709,"2021-12-30","forecast","-0.374003202798343"
"exdqlm_univar_synth","draw_046",709,"2021-12-31","forecast","-0.298666999375108"
"exdqlm_univar_synth","draw_046",709,"2022-01-01","forecast","-0.508693129800465"
"exdqlm_univar_synth","draw_046",709,"2022-01-02","forecast","-1.07586486041653"
"exdqlm_univar_synth","draw_046",709,"2022-01-03","forecast","-0.709523930204478"
"exdqlm_univar_synth","draw_046",709,"2022-01-04","forecast","-0.231536925332199"
"exdqlm_univar_synth","draw_046",709,"2022-01-05","forecast","-0.0622813565070820"
"exdqlm_univar_synth","draw_046",709,"2022-01-06","forecast","-0.402208587961558"
"exdqlm_univar_synth","draw_046",709,"2022-01-07","forecast","-0.785180208367754"
"exdqlm_univar_synth","draw_046",709,"2022-01-08","forecast","-0.853286350235481"
"exdqlm_univar_synth","draw_046",709,"2022-01-09","forecast","-0.811952345524380"
"exdqlm_univar_synth","draw_046",709,"2022-01-10","forecast","-0.739340863735697"
"exdqlm_univar_synth","draw_046",709,"2022-01-11","forecast","-1.17495185716556"
"exdqlm_univar_synth","draw_046",709,"2022-01-12","forecast","-1.19606768862209"
"exdqlm_univar_synth","draw_046",709,"2022-01-13","forecast","-1.04437942203382"
"exdqlm_univar_synth","draw_046",709,"2022-01-14","forecast","-0.908310419888230"
"exdqlm_univar_synth","draw_046",709,"2022-01-15","forecast","-1.36627836538974"
"exdqlm_univar_synth","draw_046",709,"2022-01-16","forecast","-1.21704983726617"
"exdqlm_univar_synth","draw_046",709,"2022-01-17","forecast","-0.938246433397678"
"exdqlm_univar_synth","draw_046",709,"2022-01-18","forecast","-0.892684236791352"
"exdqlm_univar_synth","draw_047",725,"2021-12-22","forecast","-0.0268898456668026"
"exdqlm_univar_synth","draw_047",725,"2021-12-23","forecast","0.737818991553753"
"exdqlm_univar_synth","draw_047",725,"2021-12-24","forecast","0.691163077235140"
"exdqlm_univar_synth","draw_047",725,"2021-12-25","forecast","0.533485894295010"
"exdqlm_univar_synth","draw_047",725,"2021-12-26","forecast","0.204595150475142"
"exdqlm_univar_synth","draw_047",725,"2021-12-27","forecast","0.130351679348524"
"exdqlm_univar_synth","draw_047",725,"2021-12-28","forecast","-0.0248701899747638"
"exdqlm_univar_synth","draw_047",725,"2021-12-29","forecast","0.0679006304647532"
"exdqlm_univar_synth","draw_047",725,"2021-12-30","forecast","-0.303201147014184"
"exdqlm_univar_synth","draw_047",725,"2021-12-31","forecast","-0.580106197185435"
"exdqlm_univar_synth","draw_047",725,"2022-01-01","forecast","-1.04222912159653"
"exdqlm_univar_synth","draw_047",725,"2022-01-02","forecast","-0.793060038950866"
"exdqlm_univar_synth","draw_047",725,"2022-01-03","forecast","-0.720957601508666"
"exdqlm_univar_synth","draw_047",725,"2022-01-04","forecast","-0.269092117878853"
"exdqlm_univar_synth","draw_047",725,"2022-01-05","forecast","-0.405050033343780"
"exdqlm_univar_synth","draw_047",725,"2022-01-06","forecast","-0.858167647450638"
"exdqlm_univar_synth","draw_047",725,"2022-01-07","forecast","-0.501387371336495"
"exdqlm_univar_synth","draw_047",725,"2022-01-08","forecast","-0.664642138694742"
"exdqlm_univar_synth","draw_047",725,"2022-01-09","forecast","-0.818561629727789"
"exdqlm_univar_synth","draw_047",725,"2022-01-10","forecast","-1.12795176345706"
"exdqlm_univar_synth","draw_047",725,"2022-01-11","forecast","-0.971279298176043"
"exdqlm_univar_synth","draw_047",725,"2022-01-12","forecast","-0.988897568387108"
"exdqlm_univar_synth","draw_047",725,"2022-01-13","forecast","-1.35758894115832"
"exdqlm_univar_synth","draw_047",725,"2022-01-14","forecast","-0.959684191863824"
"exdqlm_univar_synth","draw_047",725,"2022-01-15","forecast","-0.830216707800128"
"exdqlm_univar_synth","draw_047",725,"2022-01-16","forecast","-0.932528445135004"
"exdqlm_univar_synth","draw_047",725,"2022-01-17","forecast","-0.941275589226541"
"exdqlm_univar_synth","draw_047",725,"2022-01-18","forecast","-0.892113817140855"
"exdqlm_univar_synth","draw_048",741,"2021-12-22","forecast","0.125577154963893"
"exdqlm_univar_synth","draw_048",741,"2021-12-23","forecast","0.611023318286797"
"exdqlm_univar_synth","draw_048",741,"2021-12-24","forecast","0.821223599806423"
"exdqlm_univar_synth","draw_048",741,"2021-12-25","forecast","0.191181936246321"
"exdqlm_univar_synth","draw_048",741,"2021-12-26","forecast","0.682331473987742"
"exdqlm_univar_synth","draw_048",741,"2021-12-27","forecast","0.238611428729937"
"exdqlm_univar_synth","draw_048",741,"2021-12-28","forecast","-0.622330662249013"
"exdqlm_univar_synth","draw_048",741,"2021-12-29","forecast","-0.444272304922671"
"exdqlm_univar_synth","draw_048",741,"2021-12-30","forecast","-0.276514468390513"
"exdqlm_univar_synth","draw_048",741,"2021-12-31","forecast","-0.385736202501901"
"exdqlm_univar_synth","draw_048",741,"2022-01-01","forecast","-0.504217543524186"
"exdqlm_univar_synth","draw_048",741,"2022-01-02","forecast","-0.999821374291156"
"exdqlm_univar_synth","draw_048",741,"2022-01-03","forecast","-1.03075960448443"
"exdqlm_univar_synth","draw_048",741,"2022-01-04","forecast","-0.232910292357483"
"exdqlm_univar_synth","draw_048",741,"2022-01-05","forecast","-0.0468592914532487"
"exdqlm_univar_synth","draw_048",741,"2022-01-06","forecast","-0.370090664226748"
"exdqlm_univar_synth","draw_048",741,"2022-01-07","forecast","-0.477097526322080"
"exdqlm_univar_synth","draw_048",741,"2022-01-08","forecast","-0.560647012237624"
"exdqlm_univar_synth","draw_048",741,"2022-01-09","forecast","-1.21739053769978"
"exdqlm_univar_synth","draw_048",741,"2022-01-10","forecast","-1.04873839966631"
"exdqlm_univar_synth","draw_048",741,"2022-01-11","forecast","-1.02647066090663"
"exdqlm_univar_synth","draw_048",741,"2022-01-12","forecast","-1.55593015249817"
"exdqlm_univar_synth","draw_048",741,"2022-01-13","forecast","-0.801260846621772"
"exdqlm_univar_synth","draw_048",741,"2022-01-14","forecast","-0.916782087665538"
"exdqlm_univar_synth","draw_048",741,"2022-01-15","forecast","-0.863463871486158"
"exdqlm_univar_synth","draw_048",741,"2022-01-16","forecast","-1.18507809621589"
"exdqlm_univar_synth","draw_048",741,"2022-01-17","forecast","-1.30530058031503"
"exdqlm_univar_synth","draw_048",741,"2022-01-18","forecast","-0.972562458659593"
"exdqlm_univar_synth","draw_049",757,"2021-12-22","forecast","0.185141614196618"
"exdqlm_univar_synth","draw_049",757,"2021-12-23","forecast","1.03151359731526"
"exdqlm_univar_synth","draw_049",757,"2021-12-24","forecast","0.643475813807466"
"exdqlm_univar_synth","draw_049",757,"2021-12-25","forecast","0.560863370945215"
"exdqlm_univar_synth","draw_049",757,"2021-12-26","forecast","0.739738944185520"
"exdqlm_univar_synth","draw_049",757,"2021-12-27","forecast","0.175503991442441"
"exdqlm_univar_synth","draw_049",757,"2021-12-28","forecast","-0.0742022582629366"
"exdqlm_univar_synth","draw_049",757,"2021-12-29","forecast","0.00415479015919478"
"exdqlm_univar_synth","draw_049",757,"2021-12-30","forecast","-0.0771686476177839"
"exdqlm_univar_synth","draw_049",757,"2021-12-31","forecast","-0.553073866766114"
"exdqlm_univar_synth","draw_049",757,"2022-01-01","forecast","-0.487293831640041"
"exdqlm_univar_synth","draw_049",757,"2022-01-02","forecast","-0.743096251687450"
"exdqlm_univar_synth","draw_049",757,"2022-01-03","forecast","-0.878671338027535"
"exdqlm_univar_synth","draw_049",757,"2022-01-04","forecast","-0.260439811148832"
"exdqlm_univar_synth","draw_049",757,"2022-01-05","forecast","-0.521543898645953"
"exdqlm_univar_synth","draw_049",757,"2022-01-06","forecast","-1.08085213423282"
"exdqlm_univar_synth","draw_049",757,"2022-01-07","forecast","-1.10450688295208"
"exdqlm_univar_synth","draw_049",757,"2022-01-08","forecast","-0.870492711436577"
"exdqlm_univar_synth","draw_049",757,"2022-01-09","forecast","-0.811501692514857"
"exdqlm_univar_synth","draw_049",757,"2022-01-10","forecast","-1.52871798508627"
"exdqlm_univar_synth","draw_049",757,"2022-01-11","forecast","-0.762927962782504"
"exdqlm_univar_synth","draw_049",757,"2022-01-12","forecast","-0.983062741782066"
"exdqlm_univar_synth","draw_049",757,"2022-01-13","forecast","-0.770646677078975"
"exdqlm_univar_synth","draw_049",757,"2022-01-14","forecast","-1.41134365783418"
"exdqlm_univar_synth","draw_049",757,"2022-01-15","forecast","-0.827910914668214"
"exdqlm_univar_synth","draw_049",757,"2022-01-16","forecast","-0.943768306765448"
"exdqlm_univar_synth","draw_049",757,"2022-01-17","forecast","-1.27534628893501"
"exdqlm_univar_synth","draw_049",757,"2022-01-18","forecast","-1.41933421880615"
"exdqlm_univar_synth","draw_050",772,"2021-12-22","forecast","0.0164143163333094"
"exdqlm_univar_synth","draw_050",772,"2021-12-23","forecast","1.17787049651093"
"exdqlm_univar_synth","draw_050",772,"2021-12-24","forecast","0.666739605788300"
"exdqlm_univar_synth","draw_050",772,"2021-12-25","forecast","0.604186909937682"
"exdqlm_univar_synth","draw_050",772,"2021-12-26","forecast","0.000165457996611755"
"exdqlm_univar_synth","draw_050",772,"2021-12-27","forecast","-0.305560610730552"
"exdqlm_univar_synth","draw_050",772,"2021-12-28","forecast","-0.421409340417637"
"exdqlm_univar_synth","draw_050",772,"2021-12-29","forecast","-0.322981548000059"
"exdqlm_univar_synth","draw_050",772,"2021-12-30","forecast","-0.112492774222877"
"exdqlm_univar_synth","draw_050",772,"2021-12-31","forecast","-0.285694039148141"
"exdqlm_univar_synth","draw_050",772,"2022-01-01","forecast","-0.948451885214242"
"exdqlm_univar_synth","draw_050",772,"2022-01-02","forecast","-0.861732985335107"
"exdqlm_univar_synth","draw_050",772,"2022-01-03","forecast","-0.712216919006861"
"exdqlm_univar_synth","draw_050",772,"2022-01-04","forecast","-0.269649130676463"
"exdqlm_univar_synth","draw_050",772,"2022-01-05","forecast","-0.0475126991874515"
"exdqlm_univar_synth","draw_050",772,"2022-01-06","forecast","-0.394826789594855"
"exdqlm_univar_synth","draw_050",772,"2022-01-07","forecast","-1.05302956249615"
"exdqlm_univar_synth","draw_050",772,"2022-01-08","forecast","-0.948822076490414"
"exdqlm_univar_synth","draw_050",772,"2022-01-09","forecast","-1.35650235017618"
"exdqlm_univar_synth","draw_050",772,"2022-01-10","forecast","-0.784608372386142"
"exdqlm_univar_synth","draw_050",772,"2022-01-11","forecast","-1.15040227380352"
"exdqlm_univar_synth","draw_050",772,"2022-01-12","forecast","-0.989677569809428"
"exdqlm_univar_synth","draw_050",772,"2022-01-13","forecast","-1.01044188978494"
"exdqlm_univar_synth","draw_050",772,"2022-01-14","forecast","-1.27080339417025"
"exdqlm_univar_synth","draw_050",772,"2022-01-15","forecast","-0.827363034432086"
"exdqlm_univar_synth","draw_050",772,"2022-01-16","forecast","-1.32358209427504"
"exdqlm_univar_synth","draw_050",772,"2022-01-17","forecast","-0.937469359620112"
"exdqlm_univar_synth","draw_050",772,"2022-01-18","forecast","-1.03101227079790"
"exdqlm_univar_synth","draw_051",788,"2021-12-22","forecast","0.0744597624868456"
"exdqlm_univar_synth","draw_051",788,"2021-12-23","forecast","0.630943612762438"
"exdqlm_univar_synth","draw_051",788,"2021-12-24","forecast","0.675796543808953"
"exdqlm_univar_synth","draw_051",788,"2021-12-25","forecast","0.374827474742673"
"exdqlm_univar_synth","draw_051",788,"2021-12-26","forecast","-0.131748862986430"
"exdqlm_univar_synth","draw_051",788,"2021-12-27","forecast","0.172693359065574"
"exdqlm_univar_synth","draw_051",788,"2021-12-28","forecast","-0.343428708039250"
"exdqlm_univar_synth","draw_051",788,"2021-12-29","forecast","-0.0451653230506515"
"exdqlm_univar_synth","draw_051",788,"2021-12-30","forecast","-0.423809553503651"
"exdqlm_univar_synth","draw_051",788,"2021-12-31","forecast","-0.826255238189083"
"exdqlm_univar_synth","draw_051",788,"2022-01-01","forecast","-0.459419409969003"
"exdqlm_univar_synth","draw_051",788,"2022-01-02","forecast","-0.553397922186667"
"exdqlm_univar_synth","draw_051",788,"2022-01-03","forecast","-0.710558912919820"
"exdqlm_univar_synth","draw_051",788,"2022-01-04","forecast","-0.685728424271748"
"exdqlm_univar_synth","draw_051",788,"2022-01-05","forecast","-0.0729175860817546"
"exdqlm_univar_synth","draw_051",788,"2022-01-06","forecast","-0.285083184248216"
"exdqlm_univar_synth","draw_051",788,"2022-01-07","forecast","-0.476140227905858"
"exdqlm_univar_synth","draw_051",788,"2022-01-08","forecast","-0.824393085142232"
"exdqlm_univar_synth","draw_051",788,"2022-01-09","forecast","-0.815938984766142"
"exdqlm_univar_synth","draw_051",788,"2022-01-10","forecast","-1.36278598569936"
"exdqlm_univar_synth","draw_051",788,"2022-01-11","forecast","-1.07490888093396"
"exdqlm_univar_synth","draw_051",788,"2022-01-12","forecast","-0.983906822965347"
"exdqlm_univar_synth","draw_051",788,"2022-01-13","forecast","-0.920465154306849"
"exdqlm_univar_synth","draw_051",788,"2022-01-14","forecast","-0.917137222916291"
"exdqlm_univar_synth","draw_051",788,"2022-01-15","forecast","-0.890526132698014"
"exdqlm_univar_synth","draw_051",788,"2022-01-16","forecast","-1.21953237131189"
"exdqlm_univar_synth","draw_051",788,"2022-01-17","forecast","-1.22306648376584"
"exdqlm_univar_synth","draw_051",788,"2022-01-18","forecast","-0.977462096975176"
"exdqlm_univar_synth","draw_052",804,"2021-12-22","forecast","0.302932295915115"
"exdqlm_univar_synth","draw_052",804,"2021-12-23","forecast","0.701901717747734"
"exdqlm_univar_synth","draw_052",804,"2021-12-24","forecast","0.549289894414817"
"exdqlm_univar_synth","draw_052",804,"2021-12-25","forecast","0.813785471346808"
"exdqlm_univar_synth","draw_052",804,"2021-12-26","forecast","0.546179542377586"
"exdqlm_univar_synth","draw_052",804,"2021-12-27","forecast","0.155450325146121"
"exdqlm_univar_synth","draw_052",804,"2021-12-28","forecast","-0.560057376827179"
"exdqlm_univar_synth","draw_052",804,"2021-12-29","forecast","-0.0292102694151523"
"exdqlm_univar_synth","draw_052",804,"2021-12-30","forecast","-0.0392151504760371"
"exdqlm_univar_synth","draw_052",804,"2021-12-31","forecast","-0.293502366602224"
"exdqlm_univar_synth","draw_052",804,"2022-01-01","forecast","-0.549969841434564"
"exdqlm_univar_synth","draw_052",804,"2022-01-02","forecast","-0.727158590959623"
"exdqlm_univar_synth","draw_052",804,"2022-01-03","forecast","-0.725717588939122"
"exdqlm_univar_synth","draw_052",804,"2022-01-04","forecast","-0.168607075850213"
"exdqlm_univar_synth","draw_052",804,"2022-01-05","forecast","-0.509845112563215"
"exdqlm_univar_synth","draw_052",804,"2022-01-06","forecast","-0.528711921714944"
"exdqlm_univar_synth","draw_052",804,"2022-01-07","forecast","-0.488116644784661"
"exdqlm_univar_synth","draw_052",804,"2022-01-08","forecast","-0.643431282485878"
"exdqlm_univar_synth","draw_052",804,"2022-01-09","forecast","-0.810057219339659"
"exdqlm_univar_synth","draw_052",804,"2022-01-10","forecast","-1.05722414251069"
"exdqlm_univar_synth","draw_052",804,"2022-01-11","forecast","-0.943716528399415"
"exdqlm_univar_synth","draw_052",804,"2022-01-12","forecast","-0.987959964077960"
"exdqlm_univar_synth","draw_052",804,"2022-01-13","forecast","-1.02076617480170"
"exdqlm_univar_synth","draw_052",804,"2022-01-14","forecast","-1.13472331921705"
"exdqlm_univar_synth","draw_052",804,"2022-01-15","forecast","-0.803800409730606"
"exdqlm_univar_synth","draw_052",804,"2022-01-16","forecast","-1.26784012764252"
"exdqlm_univar_synth","draw_052",804,"2022-01-17","forecast","-1.15246156657874"
"exdqlm_univar_synth","draw_052",804,"2022-01-18","forecast","-0.895388123570144"
"exdqlm_univar_synth","draw_053",819,"2021-12-22","forecast","0.384216461287269"
"exdqlm_univar_synth","draw_053",819,"2021-12-23","forecast","1.08801177087300"
"exdqlm_univar_synth","draw_053",819,"2021-12-24","forecast","0.855178065310484"
"exdqlm_univar_synth","draw_053",819,"2021-12-25","forecast","0.691050003618940"
"exdqlm_univar_synth","draw_053",819,"2021-12-26","forecast","0.159624964444552"
"exdqlm_univar_synth","draw_053",819,"2021-12-27","forecast","0.00903031230044564"
"exdqlm_univar_synth","draw_053",819,"2021-12-28","forecast","-0.109348874847021"
"exdqlm_univar_synth","draw_053",819,"2021-12-29","forecast","0.0412051155422475"
"exdqlm_univar_synth","draw_053",819,"2021-12-30","forecast","-0.0328379710953359"
"exdqlm_univar_synth","draw_053",819,"2021-12-31","forecast","-0.734195406551000"
"exdqlm_univar_synth","draw_053",819,"2022-01-01","forecast","-0.511333401122093"
"exdqlm_univar_synth","draw_053",819,"2022-01-02","forecast","-0.883991128160380"
"exdqlm_univar_synth","draw_053",819,"2022-01-03","forecast","-0.856387670348405"
"exdqlm_univar_synth","draw_053",819,"2022-01-04","forecast","-0.136790250825996"
"exdqlm_univar_synth","draw_053",819,"2022-01-05","forecast","-0.162561195063271"
"exdqlm_univar_synth","draw_053",819,"2022-01-06","forecast","-1.14899681833354"
"exdqlm_univar_synth","draw_053",819,"2022-01-07","forecast","-0.494444318791320"
"exdqlm_univar_synth","draw_053",819,"2022-01-08","forecast","-0.674938316465653"
"exdqlm_univar_synth","draw_053",819,"2022-01-09","forecast","-1.26518429978076"
"exdqlm_univar_synth","draw_053",819,"2022-01-10","forecast","-1.30819125779487"
"exdqlm_univar_synth","draw_053",819,"2022-01-11","forecast","-1.02127434928484"
"exdqlm_univar_synth","draw_053",819,"2022-01-12","forecast","-1.09469975053497"
"exdqlm_univar_synth","draw_053",819,"2022-01-13","forecast","-1.28791453831110"
"exdqlm_univar_synth","draw_053",819,"2022-01-14","forecast","-0.923647344191344"
"exdqlm_univar_synth","draw_053",819,"2022-01-15","forecast","-1.32607481931932"
"exdqlm_univar_synth","draw_053",819,"2022-01-16","forecast","-0.930620206285482"
"exdqlm_univar_synth","draw_053",819,"2022-01-17","forecast","-1.21021811956268"
"exdqlm_univar_synth","draw_053",819,"2022-01-18","forecast","-1.01784448890069"
"exdqlm_univar_synth","draw_054",835,"2021-12-22","forecast","0.0301792903595679"
"exdqlm_univar_synth","draw_054",835,"2021-12-23","forecast","1.08943683947386"
"exdqlm_univar_synth","draw_054",835,"2021-12-24","forecast","0.533357937595196"
"exdqlm_univar_synth","draw_054",835,"2021-12-25","forecast","0.266515839659498"
"exdqlm_univar_synth","draw_054",835,"2021-12-26","forecast","0.596094839588274"
"exdqlm_univar_synth","draw_054",835,"2021-12-27","forecast","-0.148214227708959"
"exdqlm_univar_synth","draw_054",835,"2021-12-28","forecast","-0.351022508697227"
"exdqlm_univar_synth","draw_054",835,"2021-12-29","forecast","-0.543040858834442"
"exdqlm_univar_synth","draw_054",835,"2021-12-30","forecast","-0.0859876684025159"
"exdqlm_univar_synth","draw_054",835,"2021-12-31","forecast","-0.534518993739358"
"exdqlm_univar_synth","draw_054",835,"2022-01-01","forecast","-0.507780234648756"
"exdqlm_univar_synth","draw_054",835,"2022-01-02","forecast","-1.05149866447695"
"exdqlm_univar_synth","draw_054",835,"2022-01-03","forecast","-0.504662245260890"
"exdqlm_univar_synth","draw_054",835,"2022-01-04","forecast","-0.548620536934496"
"exdqlm_univar_synth","draw_054",835,"2022-01-05","forecast","-0.116384450160911"
"exdqlm_univar_synth","draw_054",835,"2022-01-06","forecast","-0.969220768900139"
"exdqlm_univar_synth","draw_054",835,"2022-01-07","forecast","-1.01279561564059"
"exdqlm_univar_synth","draw_054",835,"2022-01-08","forecast","-1.23559173204915"
"exdqlm_univar_synth","draw_054",835,"2022-01-09","forecast","-0.810743693750192"
"exdqlm_univar_synth","draw_054",835,"2022-01-10","forecast","-1.11677302646000"
"exdqlm_univar_synth","draw_054",835,"2022-01-11","forecast","-0.770967581995253"
"exdqlm_univar_synth","draw_054",835,"2022-01-12","forecast","-0.991003979283974"
"exdqlm_univar_synth","draw_054",835,"2022-01-13","forecast","-1.18880769581825"
"exdqlm_univar_synth","draw_054",835,"2022-01-14","forecast","-0.917574205332547"
"exdqlm_univar_synth","draw_054",835,"2022-01-15","forecast","-0.864851536375383"
"exdqlm_univar_synth","draw_054",835,"2022-01-16","forecast","-1.50283139718813"
"exdqlm_univar_synth","draw_054",835,"2022-01-17","forecast","-1.07789670637779"
"exdqlm_univar_synth","draw_054",835,"2022-01-18","forecast","-0.853039861699901"
"exdqlm_univar_synth","draw_055",851,"2021-12-22","forecast","0.742195308947154"
"exdqlm_univar_synth","draw_055",851,"2021-12-23","forecast","0.400314861946472"
"exdqlm_univar_synth","draw_055",851,"2021-12-24","forecast","0.502731603895400"
"exdqlm_univar_synth","draw_055",851,"2021-12-25","forecast","0.616193968766288"
"exdqlm_univar_synth","draw_055",851,"2021-12-26","forecast","0.539634036295157"
"exdqlm_univar_synth","draw_055",851,"2021-12-27","forecast","-0.171239440527176"
"exdqlm_univar_synth","draw_055",851,"2021-12-28","forecast","-0.0163257204266883"
"exdqlm_univar_synth","draw_055",851,"2021-12-29","forecast","-0.465606601107000"
"exdqlm_univar_synth","draw_055",851,"2021-12-30","forecast","-0.312599818462320"
"exdqlm_univar_synth","draw_055",851,"2021-12-31","forecast","-0.298676285606810"
"exdqlm_univar_synth","draw_055",851,"2022-01-01","forecast","-0.504973868547642"
"exdqlm_univar_synth","draw_055",851,"2022-01-02","forecast","-0.556367707961542"
"exdqlm_univar_synth","draw_055",851,"2022-01-03","forecast","-1.00591191484928"
"exdqlm_univar_synth","draw_055",851,"2022-01-04","forecast","-0.772303172545268"
"exdqlm_univar_synth","draw_055",851,"2022-01-05","forecast","-0.552344482084620"
"exdqlm_univar_synth","draw_055",851,"2022-01-06","forecast","-0.394903714643423"
"exdqlm_univar_synth","draw_055",851,"2022-01-07","forecast","-0.494405133588502"
"exdqlm_univar_synth","draw_055",851,"2022-01-08","forecast","-0.989205646808185"
"exdqlm_univar_synth","draw_055",851,"2022-01-09","forecast","-1.03656999107471"
"exdqlm_univar_synth","draw_055",851,"2022-01-10","forecast","-1.31431538225361"
"exdqlm_univar_synth","draw_055",851,"2022-01-11","forecast","-0.904966105615164"
"exdqlm_univar_synth","draw_055",851,"2022-01-12","forecast","-1.36415318252918"
"exdqlm_univar_synth","draw_055",851,"2022-01-13","forecast","-1.31226706261939"
"exdqlm_univar_synth","draw_055",851,"2022-01-14","forecast","-1.31770966969729"
"exdqlm_univar_synth","draw_055",851,"2022-01-15","forecast","-0.830571830105212"
"exdqlm_univar_synth","draw_055",851,"2022-01-16","forecast","-0.945471479681127"
"exdqlm_univar_synth","draw_055",851,"2022-01-17","forecast","-0.947067027559109"
"exdqlm_univar_synth","draw_055",851,"2022-01-18","forecast","-0.892576427912515"
"exdqlm_univar_synth","draw_056",867,"2021-12-22","forecast","0.318770499976323"
"exdqlm_univar_synth","draw_056",867,"2021-12-23","forecast","0.735880339481055"
"exdqlm_univar_synth","draw_056",867,"2021-12-24","forecast","0.360499945420486"
"exdqlm_univar_synth","draw_056",867,"2021-12-25","forecast","0.649787917583356"
"exdqlm_univar_synth","draw_056",867,"2021-12-26","forecast","0.592552631932218"
"exdqlm_univar_synth","draw_056",867,"2021-12-27","forecast","-0.0307619009383838"
"exdqlm_univar_synth","draw_056",867,"2021-12-28","forecast","-0.0740968986177880"
"exdqlm_univar_synth","draw_056",867,"2021-12-29","forecast","-0.452595903928771"
"exdqlm_univar_synth","draw_056",867,"2021-12-30","forecast","-0.0871077494832162"
"exdqlm_univar_synth","draw_056",867,"2021-12-31","forecast","-0.307571979575409"
"exdqlm_univar_synth","draw_056",867,"2022-01-01","forecast","-0.836405522199771"
"exdqlm_univar_synth","draw_056",867,"2022-01-02","forecast","-0.576970075107855"
"exdqlm_univar_synth","draw_056",867,"2022-01-03","forecast","-0.710451657323791"
"exdqlm_univar_synth","draw_056",867,"2022-01-04","forecast","-0.463950258658482"
"exdqlm_univar_synth","draw_056",867,"2022-01-05","forecast","-0.0830652856475126"
"exdqlm_univar_synth","draw_056",867,"2022-01-06","forecast","-0.392621960823560"
"exdqlm_univar_synth","draw_056",867,"2022-01-07","forecast","-1.18886442633079"
"exdqlm_univar_synth","draw_056",867,"2022-01-08","forecast","-1.04909098016437"
"exdqlm_univar_synth","draw_056",867,"2022-01-09","forecast","-0.971793662144522"
"exdqlm_univar_synth","draw_056",867,"2022-01-10","forecast","-0.782566780180367"
"exdqlm_univar_synth","draw_056",867,"2022-01-11","forecast","-1.23479089646306"
"exdqlm_univar_synth","draw_056",867,"2022-01-12","forecast","-1.39010874479755"
"exdqlm_univar_synth","draw_056",867,"2022-01-13","forecast","-1.24427271339092"
"exdqlm_univar_synth","draw_056",867,"2022-01-14","forecast","-0.918231331720168"
"exdqlm_univar_synth","draw_056",867,"2022-01-15","forecast","-0.828387123907355"
"exdqlm_univar_synth","draw_056",867,"2022-01-16","forecast","-1.44459194906465"
"exdqlm_univar_synth","draw_056",867,"2022-01-17","forecast","-1.39606054511371"
"exdqlm_univar_synth","draw_056",867,"2022-01-18","forecast","-1.03447846144808"
"exdqlm_univar_synth","draw_057",882,"2021-12-22","forecast","-0.0217988616024210"
"exdqlm_univar_synth","draw_057",882,"2021-12-23","forecast","1.00518493902573"
"exdqlm_univar_synth","draw_057",882,"2021-12-24","forecast","0.828392184100287"
"exdqlm_univar_synth","draw_057",882,"2021-12-25","forecast","0.140235344079060"
"exdqlm_univar_synth","draw_057",882,"2021-12-26","forecast","0.596491078356179"
"exdqlm_univar_synth","draw_057",882,"2021-12-27","forecast","-0.132764943411477"
"exdqlm_univar_synth","draw_057",882,"2021-12-28","forecast","-0.0758596920679047"
"exdqlm_univar_synth","draw_057",882,"2021-12-29","forecast","0.0319349289453372"
"exdqlm_univar_synth","draw_057",882,"2021-12-30","forecast","-0.0855570379760845"
"exdqlm_univar_synth","draw_057",882,"2021-12-31","forecast","-0.639527844789789"
"exdqlm_univar_synth","draw_057",882,"2022-01-01","forecast","-0.683067026067121"
"exdqlm_univar_synth","draw_057",882,"2022-01-02","forecast","-0.570010089084015"
"exdqlm_univar_synth","draw_057",882,"2022-01-03","forecast","-1.02584377690877"
"exdqlm_univar_synth","draw_057",882,"2022-01-04","forecast","-0.659254754404917"
"exdqlm_univar_synth","draw_057",882,"2022-01-05","forecast","-0.0721899652999742"
"exdqlm_univar_synth","draw_057",882,"2022-01-06","forecast","-0.395220142014102"
"exdqlm_univar_synth","draw_057",882,"2022-01-07","forecast","-0.802849842016536"
"exdqlm_univar_synth","draw_057",882,"2022-01-08","forecast","-0.648914977642966"
"exdqlm_univar_synth","draw_057",882,"2022-01-09","forecast","-0.895873794989186"
"exdqlm_univar_synth","draw_057",882,"2022-01-10","forecast","-1.10536062508370"
"exdqlm_univar_synth","draw_057",882,"2022-01-11","forecast","-1.02329239952746"
"exdqlm_univar_synth","draw_057",882,"2022-01-12","forecast","-1.39222847890258"
"exdqlm_univar_synth","draw_057",882,"2022-01-13","forecast","-0.799415172215687"
"exdqlm_univar_synth","draw_057",882,"2022-01-14","forecast","-1.26134016127591"
"exdqlm_univar_synth","draw_057",882,"2022-01-15","forecast","-0.831468983888155"
"exdqlm_univar_synth","draw_057",882,"2022-01-16","forecast","-1.09138632870091"
"exdqlm_univar_synth","draw_057",882,"2022-01-17","forecast","-0.903321855351692"
"exdqlm_univar_synth","draw_057",882,"2022-01-18","forecast","-1.03254175085316"
"exdqlm_univar_synth","draw_058",898,"2021-12-22","forecast","0.389116414147162"
"exdqlm_univar_synth","draw_058",898,"2021-12-23","forecast","0.557772446511812"
"exdqlm_univar_synth","draw_058",898,"2021-12-24","forecast","0.523879078312307"
"exdqlm_univar_synth","draw_058",898,"2021-12-25","forecast","0.535969442859940"
"exdqlm_univar_synth","draw_058",898,"2021-12-26","forecast","0.724014134804035"
"exdqlm_univar_synth","draw_058",898,"2021-12-27","forecast","-0.00436473219795283"
"exdqlm_univar_synth","draw_058",898,"2021-12-28","forecast","-0.260247857343986"
"exdqlm_univar_synth","draw_058",898,"2021-12-29","forecast","0.0545840375153264"
"exdqlm_univar_synth","draw_058",898,"2021-12-30","forecast","-0.0876023731235475"
"exdqlm_univar_synth","draw_058",898,"2021-12-31","forecast","-0.805272657877418"
"exdqlm_univar_synth","draw_058",898,"2022-01-01","forecast","-0.503262160163138"
"exdqlm_univar_synth","draw_058",898,"2022-01-02","forecast","-0.855193650892423"
"exdqlm_univar_synth","draw_058",898,"2022-01-03","forecast","-1.03995953225489"
"exdqlm_univar_synth","draw_058",898,"2022-01-04","forecast","-0.232223874482633"
"exdqlm_univar_synth","draw_058",898,"2022-01-05","forecast","-0.0723044197199874"
"exdqlm_univar_synth","draw_058",898,"2022-01-06","forecast","-0.488594119198572"
"exdqlm_univar_synth","draw_058",898,"2022-01-07","forecast","-0.487755149441355"
"exdqlm_univar_synth","draw_058",898,"2022-01-08","forecast","-0.604310668503381"
"exdqlm_univar_synth","draw_058",898,"2022-01-09","forecast","-1.23074420910652"
"exdqlm_univar_synth","draw_058",898,"2022-01-10","forecast","-1.39963854599203"
"exdqlm_univar_synth","draw_058",898,"2022-01-11","forecast","-0.770079634890481"
"exdqlm_univar_synth","draw_058",898,"2022-01-12","forecast","-0.983931595975302"
"exdqlm_univar_synth","draw_058",898,"2022-01-13","forecast","-0.890843208024599"
"exdqlm_univar_synth","draw_058",898,"2022-01-14","forecast","-1.16914410998354"
"exdqlm_univar_synth","draw_058",898,"2022-01-15","forecast","-0.830698414525059"
"exdqlm_univar_synth","draw_058",898,"2022-01-16","forecast","-1.47760617984750"
"exdqlm_univar_synth","draw_058",898,"2022-01-17","forecast","-0.949645070867931"
"exdqlm_univar_synth","draw_058",898,"2022-01-18","forecast","-0.899311010945843"
"exdqlm_univar_synth","draw_059",914,"2021-12-22","forecast","0.530071953493591"
"exdqlm_univar_synth","draw_059",914,"2021-12-23","forecast","0.804755870379714"
"exdqlm_univar_synth","draw_059",914,"2021-12-24","forecast","0.840879262240296"
"exdqlm_univar_synth","draw_059",914,"2021-12-25","forecast","0.0286778969906709"
"exdqlm_univar_synth","draw_059",914,"2021-12-26","forecast","0.459976595215809"
"exdqlm_univar_synth","draw_059",914,"2021-12-27","forecast","0.0176879359082785"
"exdqlm_univar_synth","draw_059",914,"2021-12-28","forecast","-0.431668255087267"
"exdqlm_univar_synth","draw_059",914,"2021-12-29","forecast","-0.434542334917887"
"exdqlm_univar_synth","draw_059",914,"2021-12-30","forecast","-0.157289353354456"
"exdqlm_univar_synth","draw_059",914,"2021-12-31","forecast","-0.780467526035275"
"exdqlm_univar_synth","draw_059",914,"2022-01-01","forecast","-0.550536087876177"
"exdqlm_univar_synth","draw_059",914,"2022-01-02","forecast","-0.888626366317353"
"exdqlm_univar_synth","draw_059",914,"2022-01-03","forecast","-1.10261497311196"
"exdqlm_univar_synth","draw_059",914,"2022-01-04","forecast","-0.126564118863838"
"exdqlm_univar_synth","draw_059",914,"2022-01-05","forecast","-0.0696388013369361"
"exdqlm_univar_synth","draw_059",914,"2022-01-06","forecast","-0.406569913519736"
"exdqlm_univar_synth","draw_059",914,"2022-01-07","forecast","-0.763028503295877"
"exdqlm_univar_synth","draw_059",914,"2022-01-08","forecast","-0.871008026118850"
"exdqlm_univar_synth","draw_059",914,"2022-01-09","forecast","-0.820663188960981"
"exdqlm_univar_synth","draw_059",914,"2022-01-10","forecast","-0.824281969174851"
"exdqlm_univar_synth","draw_059",914,"2022-01-11","forecast","-0.765613929428670"
"exdqlm_univar_synth","draw_059",914,"2022-01-12","forecast","-0.987502595704737"
"exdqlm_univar_synth","draw_059",914,"2022-01-13","forecast","-1.03668938298881"
"exdqlm_univar_synth","draw_059",914,"2022-01-14","forecast","-0.917166905092333"
"exdqlm_univar_synth","draw_059",914,"2022-01-15","forecast","-0.827944928601232"
"exdqlm_univar_synth","draw_059",914,"2022-01-16","forecast","-1.31203740103168"
"exdqlm_univar_synth","draw_059",914,"2022-01-17","forecast","-1.36233456144401"
"exdqlm_univar_synth","draw_059",914,"2022-01-18","forecast","-0.901857815758841"
"exdqlm_univar_synth","draw_060",930,"2021-12-22","forecast","-0.0310406784129139"
"exdqlm_univar_synth","draw_060",930,"2021-12-23","forecast","1.19264424009460"
"exdqlm_univar_synth","draw_060",930,"2021-12-24","forecast","0.346301198574775"
"exdqlm_univar_synth","draw_060",930,"2021-12-25","forecast","0.241296427771054"
"exdqlm_univar_synth","draw_060",930,"2021-12-26","forecast","0.177919487499904"
"exdqlm_univar_synth","draw_060",930,"2021-12-27","forecast","0.132399299059784"
"exdqlm_univar_synth","draw_060",930,"2021-12-28","forecast","-0.269144612303042"
"exdqlm_univar_synth","draw_060",930,"2021-12-29","forecast","0.0324914765531312"
"exdqlm_univar_synth","draw_060",930,"2021-12-30","forecast","-0.445149105551942"
"exdqlm_univar_synth","draw_060",930,"2021-12-31","forecast","-0.536279948455604"
"exdqlm_univar_synth","draw_060",930,"2022-01-01","forecast","-0.749849468320714"
"exdqlm_univar_synth","draw_060",930,"2022-01-02","forecast","-0.801205288703615"
"exdqlm_univar_synth","draw_060",930,"2022-01-03","forecast","-1.27098375998615"
"exdqlm_univar_synth","draw_060",930,"2022-01-04","forecast","-0.543481412196611"
"exdqlm_univar_synth","draw_060",930,"2022-01-05","forecast","-0.511298180178126"
"exdqlm_univar_synth","draw_060",930,"2022-01-06","forecast","-0.407319172690937"
"exdqlm_univar_synth","draw_060",930,"2022-01-07","forecast","-0.883243073808038"
"exdqlm_univar_synth","draw_060",930,"2022-01-08","forecast","-0.949124199021970"
"exdqlm_univar_synth","draw_060",930,"2022-01-09","forecast","-0.931789904813870"
"exdqlm_univar_synth","draw_060",930,"2022-01-10","forecast","-1.04715065133314"
"exdqlm_univar_synth","draw_060",930,"2022-01-11","forecast","-1.27476406253482"
"exdqlm_univar_synth","draw_060",930,"2022-01-12","forecast","-1.43408262069056"
"exdqlm_univar_synth","draw_060",930,"2022-01-13","forecast","-0.801657165373036"
"exdqlm_univar_synth","draw_060",930,"2022-01-14","forecast","-0.919290803543266"
"exdqlm_univar_synth","draw_060",930,"2022-01-15","forecast","-1.25488111633275"
"exdqlm_univar_synth","draw_060",930,"2022-01-16","forecast","-0.931040633513046"
"exdqlm_univar_synth","draw_060",930,"2022-01-17","forecast","-1.02384773673426"
"exdqlm_univar_synth","draw_060",930,"2022-01-18","forecast","-1.14066181692817"
"exdqlm_univar_synth","draw_061",945,"2021-12-22","forecast","-0.0183704598440144"
"exdqlm_univar_synth","draw_061",945,"2021-12-23","forecast","0.750783611132513"
"exdqlm_univar_synth","draw_061",945,"2021-12-24","forecast","0.378376909682007"
"exdqlm_univar_synth","draw_061",945,"2021-12-25","forecast","0.196549635095117"
"exdqlm_univar_synth","draw_061",945,"2021-12-26","forecast","0.482170099922278"
"exdqlm_univar_synth","draw_061",945,"2021-12-27","forecast","0.0666825674726258"
"exdqlm_univar_synth","draw_061",945,"2021-12-28","forecast","-0.310171951025441"
"exdqlm_univar_synth","draw_061",945,"2021-12-29","forecast","-0.386216921852238"
"exdqlm_univar_synth","draw_061",945,"2021-12-30","forecast","-0.597063848232116"
"exdqlm_univar_synth","draw_061",945,"2021-12-31","forecast","-0.368958431654949"
"exdqlm_univar_synth","draw_061",945,"2022-01-01","forecast","-0.508927290809948"
"exdqlm_univar_synth","draw_061",945,"2022-01-02","forecast","-0.692467411963092"
"exdqlm_univar_synth","draw_061",945,"2022-01-03","forecast","-0.711490475986529"
"exdqlm_univar_synth","draw_061",945,"2022-01-04","forecast","-0.343410018633921"
"exdqlm_univar_synth","draw_061",945,"2022-01-05","forecast","-0.0750173390022321"
"exdqlm_univar_synth","draw_061",945,"2022-01-06","forecast","-0.394651482446999"
"exdqlm_univar_synth","draw_061",945,"2022-01-07","forecast","-0.924757282901715"
"exdqlm_univar_synth","draw_061",945,"2022-01-08","forecast","-0.923833860320981"
"exdqlm_univar_synth","draw_061",945,"2022-01-09","forecast","-0.809204473788494"
"exdqlm_univar_synth","draw_061",945,"2022-01-10","forecast","-0.799198272391194"
"exdqlm_univar_synth","draw_061",945,"2022-01-11","forecast","-0.762906974738917"
"exdqlm_univar_synth","draw_061",945,"2022-01-12","forecast","-0.983936302359507"
"exdqlm_univar_synth","draw_061",945,"2022-01-13","forecast","-0.815505783403849"
"exdqlm_univar_synth","draw_061",945,"2022-01-14","forecast","-1.49442036412557"
"exdqlm_univar_synth","draw_061",945,"2022-01-15","forecast","-0.915705370979576"
"exdqlm_univar_synth","draw_061",945,"2022-01-16","forecast","-1.26405934885600"
"exdqlm_univar_synth","draw_061",945,"2022-01-17","forecast","-0.936130792823550"
"exdqlm_univar_synth","draw_061",945,"2022-01-18","forecast","-1.14473780031853"
"exdqlm_univar_synth","draw_062",961,"2021-12-22","forecast","0.393099997295772"
"exdqlm_univar_synth","draw_062",961,"2021-12-23","forecast","0.993107940868049"
"exdqlm_univar_synth","draw_062",961,"2021-12-24","forecast","0.554422173171443"
"exdqlm_univar_synth","draw_062",961,"2021-12-25","forecast","0.306217992022530"
"exdqlm_univar_synth","draw_062",961,"2021-12-26","forecast","0.0321492762539501"
"exdqlm_univar_synth","draw_062",961,"2021-12-27","forecast","-0.423162603370474"
"exdqlm_univar_synth","draw_062",961,"2021-12-28","forecast","-0.423285486400950"
"exdqlm_univar_synth","draw_062",961,"2021-12-29","forecast","-0.0204401290921144"
"exdqlm_univar_synth","draw_062",961,"2021-12-30","forecast","-0.526665245797656"
"exdqlm_univar_synth","draw_062",961,"2021-12-31","forecast","-0.565565608530885"
"exdqlm_univar_synth","draw_062",961,"2022-01-01","forecast","-0.509977675899079"
"exdqlm_univar_synth","draw_062",961,"2022-01-02","forecast","-0.916443235582300"
"exdqlm_univar_synth","draw_062",961,"2022-01-03","forecast","-0.711848987240141"
"exdqlm_univar_synth","draw_062",961,"2022-01-04","forecast","-0.616310019607199"
"exdqlm_univar_synth","draw_062",961,"2022-01-05","forecast","-0.0719896775729963"
"exdqlm_univar_synth","draw_062",961,"2022-01-06","forecast","-0.945368480285529"
"exdqlm_univar_synth","draw_062",961,"2022-01-07","forecast","-0.980963633775143"
"exdqlm_univar_synth","draw_062",961,"2022-01-08","forecast","-0.667268851877774"
"exdqlm_univar_synth","draw_062",961,"2022-01-09","forecast","-0.838818629381194"
"exdqlm_univar_synth","draw_062",961,"2022-01-10","forecast","-0.942293092300651"
"exdqlm_univar_synth","draw_062",961,"2022-01-11","forecast","-0.764347610396813"
"exdqlm_univar_synth","draw_062",961,"2022-01-12","forecast","-0.984914668506312"
"exdqlm_univar_synth","draw_062",961,"2022-01-13","forecast","-1.37834266429388"
"exdqlm_univar_synth","draw_062",961,"2022-01-14","forecast","-1.20313459696275"
"exdqlm_univar_synth","draw_062",961,"2022-01-15","forecast","-1.06203322034624"
"exdqlm_univar_synth","draw_062",961,"2022-01-16","forecast","-0.978592557570603"
"exdqlm_univar_synth","draw_062",961,"2022-01-17","forecast","-1.08494279628299"
"exdqlm_univar_synth","draw_062",961,"2022-01-18","forecast","-0.894523296224854"
"exdqlm_univar_synth","draw_063",977,"2021-12-22","forecast","0.228650059006151"
"exdqlm_univar_synth","draw_063",977,"2021-12-23","forecast","0.688046707753029"
"exdqlm_univar_synth","draw_063",977,"2021-12-24","forecast","0.842002565626642"
"exdqlm_univar_synth","draw_063",977,"2021-12-25","forecast","0.371981746358149"
"exdqlm_univar_synth","draw_063",977,"2021-12-26","forecast","-0.0341393686851652"
"exdqlm_univar_synth","draw_063",977,"2021-12-27","forecast","-0.0306302516898341"
"exdqlm_univar_synth","draw_063",977,"2021-12-28","forecast","-0.426402798865083"
"exdqlm_univar_synth","draw_063",977,"2021-12-29","forecast","-0.367828358357316"
"exdqlm_univar_synth","draw_063",977,"2021-12-30","forecast","-0.440079530704821"
"exdqlm_univar_synth","draw_063",977,"2021-12-31","forecast","-0.307603741790252"
"exdqlm_univar_synth","draw_063",977,"2022-01-01","forecast","-0.504690534411832"
"exdqlm_univar_synth","draw_063",977,"2022-01-02","forecast","-0.779806742288432"
"exdqlm_univar_synth","draw_063",977,"2022-01-03","forecast","-0.721804891121358"
"exdqlm_univar_synth","draw_063",977,"2022-01-04","forecast","-0.395069522017026"
"exdqlm_univar_synth","draw_063",977,"2022-01-05","forecast","-0.253361714488260"
"exdqlm_univar_synth","draw_063",977,"2022-01-06","forecast","-0.393274304517323"
"exdqlm_univar_synth","draw_063",977,"2022-01-07","forecast","-0.598264072324284"
"exdqlm_univar_synth","draw_063",977,"2022-01-08","forecast","-0.663773507144665"
"exdqlm_univar_synth","draw_063",977,"2022-01-09","forecast","-1.13619646285575"
"exdqlm_univar_synth","draw_063",977,"2022-01-10","forecast","-0.804580202078638"
"exdqlm_univar_synth","draw_063",977,"2022-01-11","forecast","-1.04253459325920"
"exdqlm_univar_synth","draw_063",977,"2022-01-12","forecast","-0.986872693009235"
"exdqlm_univar_synth","draw_063",977,"2022-01-13","forecast","-1.27986258409125"
"exdqlm_univar_synth","draw_063",977,"2022-01-14","forecast","-0.917983014442189"
"exdqlm_univar_synth","draw_063",977,"2022-01-15","forecast","-0.862298511014740"
"exdqlm_univar_synth","draw_063",977,"2022-01-16","forecast","-1.10991682469238"
"exdqlm_univar_synth","draw_063",977,"2022-01-17","forecast","-0.950704681518767"
"exdqlm_univar_synth","draw_063",977,"2022-01-18","forecast","-1.19131210262749"
"exdqlm_univar_synth","draw_064",993,"2021-12-22","forecast","0.0348507952858918"
"exdqlm_univar_synth","draw_064",993,"2021-12-23","forecast","0.478451613759084"
"exdqlm_univar_synth","draw_064",993,"2021-12-24","forecast","0.119296836594145"
"exdqlm_univar_synth","draw_064",993,"2021-12-25","forecast","0.325105700643765"
"exdqlm_univar_synth","draw_064",993,"2021-12-26","forecast","0.573852264112790"
"exdqlm_univar_synth","draw_064",993,"2021-12-27","forecast","0.173694200682854"
"exdqlm_univar_synth","draw_064",993,"2021-12-28","forecast","-0.314736033111095"
"exdqlm_univar_synth","draw_064",993,"2021-12-29","forecast","-0.176678067933726"
"exdqlm_univar_synth","draw_064",993,"2021-12-30","forecast","-0.545796263497406"
"exdqlm_univar_synth","draw_064",993,"2021-12-31","forecast","0"
"exdqlm_univar_synth","draw_064",993,"2022-01-01","forecast","-0.523686598339366"
"exdqlm_univar_synth","draw_064",993,"2022-01-02","forecast","-1.09969066936356"
"exdqlm_univar_synth","draw_064",993,"2022-01-03","forecast","-0.641026508031904"
"exdqlm_univar_synth","draw_064",993,"2022-01-04","forecast","-0.235768857784489"
"exdqlm_univar_synth","draw_064",993,"2022-01-05","forecast","-0.279821756760086"
"exdqlm_univar_synth","draw_064",993,"2022-01-06","forecast","-0.395509581380000"
"exdqlm_univar_synth","draw_064",993,"2022-01-07","forecast","-0.835719268278209"
"exdqlm_univar_synth","draw_064",993,"2022-01-08","forecast","-0.655631485070138"
"exdqlm_univar_synth","draw_064",993,"2022-01-09","forecast","-0.809877656510959"
"exdqlm_univar_synth","draw_064",993,"2022-01-10","forecast","-0.786667582197540"
"exdqlm_univar_synth","draw_064",993,"2022-01-11","forecast","-1.11362624030271"
"exdqlm_univar_synth","draw_064",993,"2022-01-12","forecast","-1.28848870814937"
"exdqlm_univar_synth","draw_064",993,"2022-01-13","forecast","-0.804011734858494"
"exdqlm_univar_synth","draw_064",993,"2022-01-14","forecast","-1.08121731990536"
"exdqlm_univar_synth","draw_064",993,"2022-01-15","forecast","-0.830325183655244"
"exdqlm_univar_synth","draw_064",993,"2022-01-16","forecast","-0.945161689181312"
"exdqlm_univar_synth","draw_064",993,"2022-01-17","forecast","-1.06999880323449"
"exdqlm_univar_synth","draw_064",993,"2022-01-18","forecast","-1.09423566314459"
"exdqlm_univar_synth","draw_065",1008,"2021-12-22","forecast","-0.0268183314551557"
"exdqlm_univar_synth","draw_065",1008,"2021-12-23","forecast","0.870261391598456"
"exdqlm_univar_synth","draw_065",1008,"2021-12-24","forecast","0.261507205387984"
"exdqlm_univar_synth","draw_065",1008,"2021-12-25","forecast","0.577659822280968"
"exdqlm_univar_synth","draw_065",1008,"2021-12-26","forecast","0.203977291600023"
"exdqlm_univar_synth","draw_065",1008,"2021-12-27","forecast","0.171062857864931"
"exdqlm_univar_synth","draw_065",1008,"2021-12-28","forecast","-0.0796734181380633"
"exdqlm_univar_synth","draw_065",1008,"2021-12-29","forecast","-0.397108872373095"
"exdqlm_univar_synth","draw_065",1008,"2021-12-30","forecast","-0.0856405413996198"
"exdqlm_univar_synth","draw_065",1008,"2021-12-31","forecast","-0.314276702448673"
"exdqlm_univar_synth","draw_065",1008,"2022-01-01","forecast","-0.747211813780199"
"exdqlm_univar_synth","draw_065",1008,"2022-01-02","forecast","-0.740476950505229"
"exdqlm_univar_synth","draw_065",1008,"2022-01-03","forecast","-0.713576131501513"
"exdqlm_univar_synth","draw_065",1008,"2022-01-04","forecast","-0.234915008997974"
"exdqlm_univar_synth","draw_065",1008,"2022-01-05","forecast","-0.456530956581069"
"exdqlm_univar_synth","draw_065",1008,"2022-01-06","forecast","-0.397716790610561"
"exdqlm_univar_synth","draw_065",1008,"2022-01-07","forecast","-0.489813687962460"
"exdqlm_univar_synth","draw_065",1008,"2022-01-08","forecast","-1.01479570955421"
"exdqlm_univar_synth","draw_065",1008,"2022-01-09","forecast","-0.810692872263229"
"exdqlm_univar_synth","draw_065",1008,"2022-01-10","forecast","-0.793228500727834"
"exdqlm_univar_synth","draw_065",1008,"2022-01-11","forecast","-1.20949171300067"
"exdqlm_univar_synth","draw_065",1008,"2022-01-12","forecast","-0.985999683916990"
"exdqlm_univar_synth","draw_065",1008,"2022-01-13","forecast","-0.804410557847261"
"exdqlm_univar_synth","draw_065",1008,"2022-01-14","forecast","-1.40557197430032"
"exdqlm_univar_synth","draw_065",1008,"2022-01-15","forecast","-1.15437218161534"
"exdqlm_univar_synth","draw_065",1008,"2022-01-16","forecast","-0.941734882033061"
"exdqlm_univar_synth","draw_065",1008,"2022-01-17","forecast","-0.975022248708032"
"exdqlm_univar_synth","draw_065",1008,"2022-01-18","forecast","-1.09926597940794"
"exdqlm_univar_synth","draw_066",1024,"2021-12-22","forecast","0.594997179573715"
"exdqlm_univar_synth","draw_066",1024,"2021-12-23","forecast","1.14356437023505"
"exdqlm_univar_synth","draw_066",1024,"2021-12-24","forecast","0.285935055985674"
"exdqlm_univar_synth","draw_066",1024,"2021-12-25","forecast","0.341744680441710"
"exdqlm_univar_synth","draw_066",1024,"2021-12-26","forecast","0.324129320927683"
"exdqlm_univar_synth","draw_066",1024,"2021-12-27","forecast","0.176434858378498"
"exdqlm_univar_synth","draw_066",1024,"2021-12-28","forecast","-0.564992527493326"
"exdqlm_univar_synth","draw_066",1024,"2021-12-29","forecast","-0.0385764298518619"
"exdqlm_univar_synth","draw_066",1024,"2021-12-30","forecast","-0.557133976075798"
"exdqlm_univar_synth","draw_066",1024,"2021-12-31","forecast","-1.07676636413772"
"exdqlm_univar_synth","draw_066",1024,"2022-01-01","forecast","-0.771879166912158"
"exdqlm_univar_synth","draw_066",1024,"2022-01-02","forecast","-0.745615763663176"
"exdqlm_univar_synth","draw_066",1024,"2022-01-03","forecast","-0.713774609784181"
"exdqlm_univar_synth","draw_066",1024,"2022-01-04","forecast","-0.227723383627444"
"exdqlm_univar_synth","draw_066",1024,"2022-01-05","forecast","-0.0740685134736770"
"exdqlm_univar_synth","draw_066",1024,"2022-01-06","forecast","-0.395651242250294"
"exdqlm_univar_synth","draw_066",1024,"2022-01-07","forecast","-0.478579663262033"
"exdqlm_univar_synth","draw_066",1024,"2022-01-08","forecast","-0.928732362738808"
"exdqlm_univar_synth","draw_066",1024,"2022-01-09","forecast","-1.22758848507990"
"exdqlm_univar_synth","draw_066",1024,"2022-01-10","forecast","-1.37795575697016"
"exdqlm_univar_synth","draw_066",1024,"2022-01-11","forecast","-0.762335292207589"
"exdqlm_univar_synth","draw_066",1024,"2022-01-12","forecast","-1.25597092298614"
"exdqlm_univar_synth","draw_066",1024,"2022-01-13","forecast","-0.799114059002003"
"exdqlm_univar_synth","draw_066",1024,"2022-01-14","forecast","-1.34813683543647"
"exdqlm_univar_synth","draw_066",1024,"2022-01-15","forecast","-1.15021699135108"
"exdqlm_univar_synth","draw_066",1024,"2022-01-16","forecast","-1.23940407897095"
"exdqlm_univar_synth","draw_066",1024,"2022-01-17","forecast","-0.959605527248027"
"exdqlm_univar_synth","draw_066",1024,"2022-01-18","forecast","-0.900827815127648"
"exdqlm_univar_synth","draw_067",1040,"2021-12-22","forecast","0.256697630926260"
"exdqlm_univar_synth","draw_067",1040,"2021-12-23","forecast","0.971750689580379"
"exdqlm_univar_synth","draw_067",1040,"2021-12-24","forecast","0.820390518106029"
"exdqlm_univar_synth","draw_067",1040,"2021-12-25","forecast","0.300843630897591"
"exdqlm_univar_synth","draw_067",1040,"2021-12-26","forecast","-0.245829035399211"
"exdqlm_univar_synth","draw_067",1040,"2021-12-27","forecast","-0.317177833321185"
"exdqlm_univar_synth","draw_067",1040,"2021-12-28","forecast","-0.175345262326098"
"exdqlm_univar_synth","draw_067",1040,"2021-12-29","forecast","0.0354737734029125"
"exdqlm_univar_synth","draw_067",1040,"2021-12-30","forecast","-0.370189933180798"
"exdqlm_univar_synth","draw_067",1040,"2021-12-31","forecast","-0.298624344668527"
"exdqlm_univar_synth","draw_067",1040,"2022-01-01","forecast","-0.806885733029845"
"exdqlm_univar_synth","draw_067",1040,"2022-01-02","forecast","-0.908583529538986"
"exdqlm_univar_synth","draw_067",1040,"2022-01-03","forecast","-0.728621996551098"
"exdqlm_univar_synth","draw_067",1040,"2022-01-04","forecast","-0.165654670130949"
"exdqlm_univar_synth","draw_067",1040,"2022-01-05","forecast","-0.763392379149279"
"exdqlm_univar_synth","draw_067",1040,"2022-01-06","forecast","-0.395158733970226"
"exdqlm_univar_synth","draw_067",1040,"2022-01-07","forecast","-0.731440655706339"
"exdqlm_univar_synth","draw_067",1040,"2022-01-08","forecast","-0.665171561039013"
"exdqlm_univar_synth","draw_067",1040,"2022-01-09","forecast","-1.03611245665269"
"exdqlm_univar_synth","draw_067",1040,"2022-01-10","forecast","-1.34574946288546"
"exdqlm_univar_synth","draw_067",1040,"2022-01-11","forecast","-1.05499797260781"
"exdqlm_univar_synth","draw_067",1040,"2022-01-12","forecast","-1.09321777778912"
"exdqlm_univar_synth","draw_067",1040,"2022-01-13","forecast","-0.752645658584324"
"exdqlm_univar_synth","draw_067",1040,"2022-01-14","forecast","-0.971424712586472"
"exdqlm_univar_synth","draw_067",1040,"2022-01-15","forecast","-0.830781125206942"
"exdqlm_univar_synth","draw_067",1040,"2022-01-16","forecast","-1.32354529920825"
"exdqlm_univar_synth","draw_067",1040,"2022-01-17","forecast","-0.944165009219756"
"exdqlm_univar_synth","draw_067",1040,"2022-01-18","forecast","-0.892891178894090"
"exdqlm_univar_synth","draw_068",1056,"2021-12-22","forecast","0.00669856485279355"
"exdqlm_univar_synth","draw_068",1056,"2021-12-23","forecast","0.475164021277579"
"exdqlm_univar_synth","draw_068",1056,"2021-12-24","forecast","0.847107153291207"
"exdqlm_univar_synth","draw_068",1056,"2021-12-25","forecast","0.367285832750221"
"exdqlm_univar_synth","draw_068",1056,"2021-12-26","forecast","0.0551376946690552"
"exdqlm_univar_synth","draw_068",1056,"2021-12-27","forecast","-0.0463111312552814"
"exdqlm_univar_synth","draw_068",1056,"2021-12-28","forecast","-0.644974313741528"
"exdqlm_univar_synth","draw_068",1056,"2021-12-29","forecast","-0.0260308357603671"
"exdqlm_univar_synth","draw_068",1056,"2021-12-30","forecast","-0.391695208339799"
"exdqlm_univar_synth","draw_068",1056,"2021-12-31","forecast","-0.183002715184618"
"exdqlm_univar_synth","draw_068",1056,"2022-01-01","forecast","-0.507834550863496"
"exdqlm_univar_synth","draw_068",1056,"2022-01-02","forecast","-0.570016991068809"
"exdqlm_univar_synth","draw_068",1056,"2022-01-03","forecast","-0.716250147804839"
"exdqlm_univar_synth","draw_068",1056,"2022-01-04","forecast","-0.205345153236849"
"exdqlm_univar_synth","draw_068",1056,"2022-01-05","forecast","-0.0693129666367930"
"exdqlm_univar_synth","draw_068",1056,"2022-01-06","forecast","-0.287810424265036"
"exdqlm_univar_synth","draw_068",1056,"2022-01-07","forecast","-0.820595868925778"
"exdqlm_univar_synth","draw_068",1056,"2022-01-08","forecast","-0.645402674210971"
"exdqlm_univar_synth","draw_068",1056,"2022-01-09","forecast","-0.820471452191319"
"exdqlm_univar_synth","draw_068",1056,"2022-01-10","forecast","-1.03736372910733"
"exdqlm_univar_synth","draw_068",1056,"2022-01-11","forecast","-1.21430224918858"
"exdqlm_univar_synth","draw_068",1056,"2022-01-12","forecast","-0.985912931714619"
"exdqlm_univar_synth","draw_068",1056,"2022-01-13","forecast","-1.41907451326604"
"exdqlm_univar_synth","draw_068",1056,"2022-01-14","forecast","-1.32096037260869"
"exdqlm_univar_synth","draw_068",1056,"2022-01-15","forecast","-0.829230259534556"
"exdqlm_univar_synth","draw_068",1056,"2022-01-16","forecast","-0.943430671135845"
"exdqlm_univar_synth","draw_068",1056,"2022-01-17","forecast","-1.24901524353218"
"exdqlm_univar_synth","draw_068",1056,"2022-01-18","forecast","-0.895675935780462"
"exdqlm_univar_synth","draw_069",1071,"2021-12-22","forecast","0.160671144458404"
"exdqlm_univar_synth","draw_069",1071,"2021-12-23","forecast","0.878493829044625"
"exdqlm_univar_synth","draw_069",1071,"2021-12-24","forecast","0.788234098628120"
"exdqlm_univar_synth","draw_069",1071,"2021-12-25","forecast","0.547596260955217"
"exdqlm_univar_synth","draw_069",1071,"2021-12-26","forecast","0.592255869443812"
"exdqlm_univar_synth","draw_069",1071,"2021-12-27","forecast","-0.0876041558207114"
"exdqlm_univar_synth","draw_069",1071,"2021-12-28","forecast","-0.0303595844518346"
"exdqlm_univar_synth","draw_069",1071,"2021-12-29","forecast","0.152584952013425"
"exdqlm_univar_synth","draw_069",1071,"2021-12-30","forecast","-0.601023309135246"
"exdqlm_univar_synth","draw_069",1071,"2021-12-31","forecast","-0.525815741272904"
"exdqlm_univar_synth","draw_069",1071,"2022-01-01","forecast","-0.543009672266358"
"exdqlm_univar_synth","draw_069",1071,"2022-01-02","forecast","-0.599706666351227"
"exdqlm_univar_synth","draw_069",1071,"2022-01-03","forecast","-0.715518228680606"
"exdqlm_univar_synth","draw_069",1071,"2022-01-04","forecast","-0.887875153713261"
"exdqlm_univar_synth","draw_069",1071,"2022-01-05","forecast","-0.0730558679093424"
"exdqlm_univar_synth","draw_069",1071,"2022-01-06","forecast","-0.518067866444434"
"exdqlm_univar_synth","draw_069",1071,"2022-01-07","forecast","-0.894225217136597"
"exdqlm_univar_synth","draw_069",1071,"2022-01-08","forecast","-0.647586536075567"
"exdqlm_univar_synth","draw_069",1071,"2022-01-09","forecast","-1.20999056326080"
"exdqlm_univar_synth","draw_069",1071,"2022-01-10","forecast","-0.792988210631335"
"exdqlm_univar_synth","draw_069",1071,"2022-01-11","forecast","-1.05888411409002"
"exdqlm_univar_synth","draw_069",1071,"2022-01-12","forecast","-0.785209351449104"
"exdqlm_univar_synth","draw_069",1071,"2022-01-13","forecast","-0.802865207256127"
"exdqlm_univar_synth","draw_069",1071,"2022-01-14","forecast","-1.17404729941644"
"exdqlm_univar_synth","draw_069",1071,"2022-01-15","forecast","-0.827789554340054"
"exdqlm_univar_synth","draw_069",1071,"2022-01-16","forecast","-0.722803016830311"
"exdqlm_univar_synth","draw_069",1071,"2022-01-17","forecast","-0.924281598973584"
"exdqlm_univar_synth","draw_069",1071,"2022-01-18","forecast","-0.899668303007514"
"exdqlm_univar_synth","draw_070",1087,"2021-12-22","forecast","0.0107553564195893"
"exdqlm_univar_synth","draw_070",1087,"2021-12-23","forecast","0.603962145323503"
"exdqlm_univar_synth","draw_070",1087,"2021-12-24","forecast","0.807720994014845"
"exdqlm_univar_synth","draw_070",1087,"2021-12-25","forecast","0.754689683295911"
"exdqlm_univar_synth","draw_070",1087,"2021-12-26","forecast","0.627950215093881"
"exdqlm_univar_synth","draw_070",1087,"2021-12-27","forecast","0.261633595969216"
"exdqlm_univar_synth","draw_070",1087,"2021-12-28","forecast","-0.0764228139858813"
"exdqlm_univar_synth","draw_070",1087,"2021-12-29","forecast","-0.401876446252886"
"exdqlm_univar_synth","draw_070",1087,"2021-12-30","forecast","-0.449434461272288"
"exdqlm_univar_synth","draw_070",1087,"2021-12-31","forecast","-0.541802097733289"
"exdqlm_univar_synth","draw_070",1087,"2022-01-01","forecast","-1.05021379140355"
"exdqlm_univar_synth","draw_070",1087,"2022-01-02","forecast","-0.559055638131339"
"exdqlm_univar_synth","draw_070",1087,"2022-01-03","forecast","-0.873949041023404"
"exdqlm_univar_synth","draw_070",1087,"2022-01-04","forecast","-0.234610763424890"
"exdqlm_univar_synth","draw_070",1087,"2022-01-05","forecast","-0.471244792425052"
"exdqlm_univar_synth","draw_070",1087,"2022-01-06","forecast","-0.394550367521637"
"exdqlm_univar_synth","draw_070",1087,"2022-01-07","forecast","-1.18686913487193"
"exdqlm_univar_synth","draw_070",1087,"2022-01-08","forecast","-0.648384190079133"
"exdqlm_univar_synth","draw_070",1087,"2022-01-09","forecast","-0.808841348959997"
"exdqlm_univar_synth","draw_070",1087,"2022-01-10","forecast","-0.798092040945651"
"exdqlm_univar_synth","draw_070",1087,"2022-01-11","forecast","-1.00688192217375"
"exdqlm_univar_synth","draw_070",1087,"2022-01-12","forecast","-1.45617541141611"
"exdqlm_univar_synth","draw_070",1087,"2022-01-13","forecast","-0.970511526400134"
"exdqlm_univar_synth","draw_070",1087,"2022-01-14","forecast","-0.916960592639728"
"exdqlm_univar_synth","draw_070",1087,"2022-01-15","forecast","-1.20141849999370"
"exdqlm_univar_synth","draw_070",1087,"2022-01-16","forecast","-0.931677287846746"
"exdqlm_univar_synth","draw_070",1087,"2022-01-17","forecast","-0.937307958861676"
"exdqlm_univar_synth","draw_070",1087,"2022-01-18","forecast","-0.894000207218886"
"exdqlm_univar_synth","draw_071",1103,"2021-12-22","forecast","0.173940392870114"
"exdqlm_univar_synth","draw_071",1103,"2021-12-23","forecast","0.708425742762746"
"exdqlm_univar_synth","draw_071",1103,"2021-12-24","forecast","0.645603499582670"
"exdqlm_univar_synth","draw_071",1103,"2021-12-25","forecast","0.333851940850919"
"exdqlm_univar_synth","draw_071",1103,"2021-12-26","forecast","0.473399041968300"
"exdqlm_univar_synth","draw_071",1103,"2021-12-27","forecast","0.488321453098476"
"exdqlm_univar_synth","draw_071",1103,"2021-12-28","forecast","-0.0715413305003819"
"exdqlm_univar_synth","draw_071",1103,"2021-12-29","forecast","-0.430418799717907"
"exdqlm_univar_synth","draw_071",1103,"2021-12-30","forecast","-0.0872991345959225"
"exdqlm_univar_synth","draw_071",1103,"2021-12-31","forecast","-0.494342508177628"
"exdqlm_univar_synth","draw_071",1103,"2022-01-01","forecast","-0.579609079830709"
"exdqlm_univar_synth","draw_071",1103,"2022-01-02","forecast","-0.858062284916332"
"exdqlm_univar_synth","draw_071",1103,"2022-01-03","forecast","-0.708468083133378"
"exdqlm_univar_synth","draw_071",1103,"2022-01-04","forecast","-0.467676860774035"
"exdqlm_univar_synth","draw_071",1103,"2022-01-05","forecast","-0.675370933512074"
"exdqlm_univar_synth","draw_071",1103,"2022-01-06","forecast","-0.433084912810174"
"exdqlm_univar_synth","draw_071",1103,"2022-01-07","forecast","-0.487860360877142"
"exdqlm_univar_synth","draw_071",1103,"2022-01-08","forecast","-0.645212367193183"
"exdqlm_univar_synth","draw_071",1103,"2022-01-09","forecast","-0.809570035213226"
"exdqlm_univar_synth","draw_071",1103,"2022-01-10","forecast","-0.966879660944209"
"exdqlm_univar_synth","draw_071",1103,"2022-01-11","forecast","-0.765771644087049"
"exdqlm_univar_synth","draw_071",1103,"2022-01-12","forecast","-0.987795497738895"
"exdqlm_univar_synth","draw_071",1103,"2022-01-13","forecast","-1.02226501728795"
"exdqlm_univar_synth","draw_071",1103,"2022-01-14","forecast","-0.922664439025300"
"exdqlm_univar_synth","draw_071",1103,"2022-01-15","forecast","-1.21635988367186"
"exdqlm_univar_synth","draw_071",1103,"2022-01-16","forecast","-1.23818271295748"
"exdqlm_univar_synth","draw_071",1103,"2022-01-17","forecast","-0.964451916060331"
"exdqlm_univar_synth","draw_071",1103,"2022-01-18","forecast","-0.905299364464652"
"exdqlm_univar_synth","draw_072",1119,"2021-12-22","forecast","0.339844137227228"
"exdqlm_univar_synth","draw_072",1119,"2021-12-23","forecast","0.793434484264828"
"exdqlm_univar_synth","draw_072",1119,"2021-12-24","forecast","0.320710053032164"
"exdqlm_univar_synth","draw_072",1119,"2021-12-25","forecast","0.287556889314704"
"exdqlm_univar_synth","draw_072",1119,"2021-12-26","forecast","0.148396221438814"
"exdqlm_univar_synth","draw_072",1119,"2021-12-27","forecast","-0.0982284940381358"
"exdqlm_univar_synth","draw_072",1119,"2021-12-28","forecast","-0.0764748163977657"
"exdqlm_univar_synth","draw_072",1119,"2021-12-29","forecast","-0.208215312128563"
"exdqlm_univar_synth","draw_072",1119,"2021-12-30","forecast","-0.114205426632484"
"exdqlm_univar_synth","draw_072",1119,"2021-12-31","forecast","-0.342110028726611"
"exdqlm_univar_synth","draw_072",1119,"2022-01-01","forecast","-0.751999154043961"
"exdqlm_univar_synth","draw_072",1119,"2022-01-02","forecast","-0.841666348824407"
"exdqlm_univar_synth","draw_072",1119,"2022-01-03","forecast","-0.708259684450579"
"exdqlm_univar_synth","draw_072",1119,"2022-01-04","forecast","-1.25080620044382"
"exdqlm_univar_synth","draw_072",1119,"2022-01-05","forecast","-0.285035297799473"
"exdqlm_univar_synth","draw_072",1119,"2022-01-06","forecast","-0.395031647247751"
"exdqlm_univar_synth","draw_072",1119,"2022-01-07","forecast","-0.699590847976084"
"exdqlm_univar_synth","draw_072",1119,"2022-01-08","forecast","-0.833124380953452"
"exdqlm_univar_synth","draw_072",1119,"2022-01-09","forecast","-1.07782211362669"
"exdqlm_univar_synth","draw_072",1119,"2022-01-10","forecast","-1.24920645481130"
"exdqlm_univar_synth","draw_072",1119,"2022-01-11","forecast","-0.821655343550188"
"exdqlm_univar_synth","draw_072",1119,"2022-01-12","forecast","-1.55751730002804"
"exdqlm_univar_synth","draw_072",1119,"2022-01-13","forecast","-0.879975992363660"
"exdqlm_univar_synth","draw_072",1119,"2022-01-14","forecast","-1.20917023194520"
"exdqlm_univar_synth","draw_072",1119,"2022-01-15","forecast","-0.828781385322026"
"exdqlm_univar_synth","draw_072",1119,"2022-01-16","forecast","-1.45890032312793"
"exdqlm_univar_synth","draw_072",1119,"2022-01-17","forecast","-0.938728235779983"
"exdqlm_univar_synth","draw_072",1119,"2022-01-18","forecast","-0.895999859194959"
"exdqlm_univar_synth","draw_073",1134,"2021-12-22","forecast","0.000215514466139670"
"exdqlm_univar_synth","draw_073",1134,"2021-12-23","forecast","0.807268126208375"
"exdqlm_univar_synth","draw_073",1134,"2021-12-24","forecast","0.528260943462937"
"exdqlm_univar_synth","draw_073",1134,"2021-12-25","forecast","0.608275787492526"
"exdqlm_univar_synth","draw_073",1134,"2021-12-26","forecast","0.663467735131534"
"exdqlm_univar_synth","draw_073",1134,"2021-12-27","forecast","-0.271135691990764"
"exdqlm_univar_synth","draw_073",1134,"2021-12-28","forecast","-0.177748655711994"
"exdqlm_univar_synth","draw_073",1134,"2021-12-29","forecast","-0.478299993215804"
"exdqlm_univar_synth","draw_073",1134,"2021-12-30","forecast","-0.0850034322555485"
"exdqlm_univar_synth","draw_073",1134,"2021-12-31","forecast","-0.287904319508040"
"exdqlm_univar_synth","draw_073",1134,"2022-01-01","forecast","-0.687734080184266"
"exdqlm_univar_synth","draw_073",1134,"2022-01-02","forecast","-0.886074250514437"
"exdqlm_univar_synth","draw_073",1134,"2022-01-03","forecast","-0.718196925051951"
"exdqlm_univar_synth","draw_073",1134,"2022-01-04","forecast","-0.538934570301773"
"exdqlm_univar_synth","draw_073",1134,"2022-01-05","forecast","-0.570392923119887"
"exdqlm_univar_synth","draw_073",1134,"2022-01-06","forecast","-0.551767592823047"
"exdqlm_univar_synth","draw_073",1134,"2022-01-07","forecast","-0.816159430470040"
"exdqlm_univar_synth","draw_073",1134,"2022-01-08","forecast","-0.919816857824812"
"exdqlm_univar_synth","draw_073",1134,"2022-01-09","forecast","-1.07178805722355"
"exdqlm_univar_synth","draw_073",1134,"2022-01-10","forecast","-0.795051931687149"
"exdqlm_univar_synth","draw_073",1134,"2022-01-11","forecast","-1.37117439829591"
"exdqlm_univar_synth","draw_073",1134,"2022-01-12","forecast","-0.988467353883064"
"exdqlm_univar_synth","draw_073",1134,"2022-01-13","forecast","-0.804443747233222"
"exdqlm_univar_synth","draw_073",1134,"2022-01-14","forecast","-0.917253806542007"
"exdqlm_univar_synth","draw_073",1134,"2022-01-15","forecast","-1.30158963873778"
"exdqlm_univar_synth","draw_073",1134,"2022-01-16","forecast","-0.950168216806790"
"exdqlm_univar_synth","draw_073",1134,"2022-01-17","forecast","-1.26098344243007"
"exdqlm_univar_synth","draw_073",1134,"2022-01-18","forecast","-0.948721959343475"
"exdqlm_univar_synth","draw_074",1150,"2021-12-22","forecast","0.200002507508008"
"exdqlm_univar_synth","draw_074",1150,"2021-12-23","forecast","0.452275625719691"
"exdqlm_univar_synth","draw_074",1150,"2021-12-24","forecast","0.834289696947993"
"exdqlm_univar_synth","draw_074",1150,"2021-12-25","forecast","-0.00146816304677760"
"exdqlm_univar_synth","draw_074",1150,"2021-12-26","forecast","0.388211293026816"
"exdqlm_univar_synth","draw_074",1150,"2021-12-27","forecast","-0.0224391866908191"
"exdqlm_univar_synth","draw_074",1150,"2021-12-28","forecast","-0.0593038903415742"
"exdqlm_univar_synth","draw_074",1150,"2021-12-29","forecast","-0.143825557412672"
"exdqlm_univar_synth","draw_074",1150,"2021-12-30","forecast","-0.426361015965412"
"exdqlm_univar_synth","draw_074",1150,"2021-12-31","forecast","-0.513267069565798"
"exdqlm_univar_synth","draw_074",1150,"2022-01-01","forecast","-0.506052686411733"
"exdqlm_univar_synth","draw_074",1150,"2022-01-02","forecast","-1.03521709560926"
"exdqlm_univar_synth","draw_074",1150,"2022-01-03","forecast","-1.04191725586189"
"exdqlm_univar_synth","draw_074",1150,"2022-01-04","forecast","-0.785058369801234"
"exdqlm_univar_synth","draw_074",1150,"2022-01-05","forecast","-0.0730013883033993"
"exdqlm_univar_synth","draw_074",1150,"2022-01-06","forecast","-0.409505020921356"
"exdqlm_univar_synth","draw_074",1150,"2022-01-07","forecast","-1.04403740592216"
"exdqlm_univar_synth","draw_074",1150,"2022-01-08","forecast","-0.627799441049090"
"exdqlm_univar_synth","draw_074",1150,"2022-01-09","forecast","-1.01246152696198"
"exdqlm_univar_synth","draw_074",1150,"2022-01-10","forecast","-1.23104167062147"
"exdqlm_univar_synth","draw_074",1150,"2022-01-11","forecast","-0.763170701263663"
"exdqlm_univar_synth","draw_074",1150,"2022-01-12","forecast","-1.27981465908874"
"exdqlm_univar_synth","draw_074",1150,"2022-01-13","forecast","-1.16655553610257"
"exdqlm_univar_synth","draw_074",1150,"2022-01-14","forecast","-0.917025181138967"
"exdqlm_univar_synth","draw_074",1150,"2022-01-15","forecast","-1.16034291495041"
"exdqlm_univar_synth","draw_074",1150,"2022-01-16","forecast","-0.930691800410738"
"exdqlm_univar_synth","draw_074",1150,"2022-01-17","forecast","-1.00125820393148"
"exdqlm_univar_synth","draw_074",1150,"2022-01-18","forecast","-1.31760415532786"
"exdqlm_univar_synth","draw_075",1166,"2021-12-22","forecast","0.359474992171438"
"exdqlm_univar_synth","draw_075",1166,"2021-12-23","forecast","1.09761910573717"
"exdqlm_univar_synth","draw_075",1166,"2021-12-24","forecast","0.731460476403957"
"exdqlm_univar_synth","draw_075",1166,"2021-12-25","forecast","0.285394504073354"
"exdqlm_univar_synth","draw_075",1166,"2021-12-26","forecast","0.595563569493259"
"exdqlm_univar_synth","draw_075",1166,"2021-12-27","forecast","0.215121527122960"
"exdqlm_univar_synth","draw_075",1166,"2021-12-28","forecast","-0.496866935594699"
"exdqlm_univar_synth","draw_075",1166,"2021-12-29","forecast","0.0839149375177535"
"exdqlm_univar_synth","draw_075",1166,"2021-12-30","forecast","-0.0860667897472844"
"exdqlm_univar_synth","draw_075",1166,"2021-12-31","forecast","-0.305937800906927"
"exdqlm_univar_synth","draw_075",1166,"2022-01-01","forecast","-0.884497529303976"
"exdqlm_univar_synth","draw_075",1166,"2022-01-02","forecast","-1.08071295212678"
"exdqlm_univar_synth","draw_075",1166,"2022-01-03","forecast","-0.602186497119172"
"exdqlm_univar_synth","draw_075",1166,"2022-01-04","forecast","-0.233284620617534"
"exdqlm_univar_synth","draw_075",1166,"2022-01-05","forecast","-0.675516620593320"
"exdqlm_univar_synth","draw_075",1166,"2022-01-06","forecast","-0.394492698597706"
"exdqlm_univar_synth","draw_075",1166,"2022-01-07","forecast","-0.888531136978507"
"exdqlm_univar_synth","draw_075",1166,"2022-01-08","forecast","-0.643464513731499"
"exdqlm_univar_synth","draw_075",1166,"2022-01-09","forecast","-1.29350376715141"
"exdqlm_univar_synth","draw_075",1166,"2022-01-10","forecast","-1.24851666451139"
"exdqlm_univar_synth","draw_075",1166,"2022-01-11","forecast","-0.938287539787952"
"exdqlm_univar_synth","draw_075",1166,"2022-01-12","forecast","-0.987408594228207"
"exdqlm_univar_synth","draw_075",1166,"2022-01-13","forecast","-0.804855662989178"
"exdqlm_univar_synth","draw_075",1166,"2022-01-14","forecast","-1.03774907546199"
"exdqlm_univar_synth","draw_075",1166,"2022-01-15","forecast","-1.24548170550562"
"exdqlm_univar_synth","draw_075",1166,"2022-01-16","forecast","-1.17141918986276"
"exdqlm_univar_synth","draw_075",1166,"2022-01-17","forecast","-0.944135846841168"
"exdqlm_univar_synth","draw_075",1166,"2022-01-18","forecast","-0.893343305469294"
"exdqlm_univar_synth","draw_076",1182,"2021-12-22","forecast","0.190281841713851"
"exdqlm_univar_synth","draw_076",1182,"2021-12-23","forecast","0.901571625900829"
"exdqlm_univar_synth","draw_076",1182,"2021-12-24","forecast","0.546334324185587"
"exdqlm_univar_synth","draw_076",1182,"2021-12-25","forecast","0.0600745882039270"
"exdqlm_univar_synth","draw_076",1182,"2021-12-26","forecast","0.621882737736502"
"exdqlm_univar_synth","draw_076",1182,"2021-12-27","forecast","0.488456943349617"
"exdqlm_univar_synth","draw_076",1182,"2021-12-28","forecast","-0.352563756710984"
"exdqlm_univar_synth","draw_076",1182,"2021-12-29","forecast","-0.142341676299107"
"exdqlm_univar_synth","draw_076",1182,"2021-12-30","forecast","-0.614907792456133"
"exdqlm_univar_synth","draw_076",1182,"2021-12-31","forecast","-0.621592577339579"
"exdqlm_univar_synth","draw_076",1182,"2022-01-01","forecast","-0.512081011626490"
"exdqlm_univar_synth","draw_076",1182,"2022-01-02","forecast","-0.558808657601097"
"exdqlm_univar_synth","draw_076",1182,"2022-01-03","forecast","-0.712967951419169"
"exdqlm_univar_synth","draw_076",1182,"2022-01-04","forecast","-0.235095655985176"
"exdqlm_univar_synth","draw_076",1182,"2022-01-05","forecast","-0.130723641040511"
"exdqlm_univar_synth","draw_076",1182,"2022-01-06","forecast","-0.396140515337107"
"exdqlm_univar_synth","draw_076",1182,"2022-01-07","forecast","-0.477029088246274"
"exdqlm_univar_synth","draw_076",1182,"2022-01-08","forecast","-0.646926328351944"
"exdqlm_univar_synth","draw_076",1182,"2022-01-09","forecast","-0.759757806116624"
"exdqlm_univar_synth","draw_076",1182,"2022-01-10","forecast","-0.798292645093351"
"exdqlm_univar_synth","draw_076",1182,"2022-01-11","forecast","-0.768278417385311"
"exdqlm_univar_synth","draw_076",1182,"2022-01-12","forecast","-0.988546642836039"
"exdqlm_univar_synth","draw_076",1182,"2022-01-13","forecast","-1.32099773326927"
"exdqlm_univar_synth","draw_076",1182,"2022-01-14","forecast","-1.46980358451857"
"exdqlm_univar_synth","draw_076",1182,"2022-01-15","forecast","-1.13383855936362"
"exdqlm_univar_synth","draw_076",1182,"2022-01-16","forecast","-1.40841664869849"
"exdqlm_univar_synth","draw_076",1182,"2022-01-17","forecast","-1.25728303759977"
"exdqlm_univar_synth","draw_076",1182,"2022-01-18","forecast","-0.998551424364159"
"exdqlm_univar_synth","draw_077",1197,"2021-12-22","forecast","0.00121885922436774"
"exdqlm_univar_synth","draw_077",1197,"2021-12-23","forecast","0.616240183876983"
"exdqlm_univar_synth","draw_077",1197,"2021-12-24","forecast","0.841230316914725"
"exdqlm_univar_synth","draw_077",1197,"2021-12-25","forecast","0.612049659423093"
"exdqlm_univar_synth","draw_077",1197,"2021-12-26","forecast","-0.0581096713444325"
"exdqlm_univar_synth","draw_077",1197,"2021-12-27","forecast","0.0196518085344288"
"exdqlm_univar_synth","draw_077",1197,"2021-12-28","forecast","-0.0715632917435417"
"exdqlm_univar_synth","draw_077",1197,"2021-12-29","forecast","0.0312096463309802"
"exdqlm_univar_synth","draw_077",1197,"2021-12-30","forecast","-0.297998751870348"
"exdqlm_univar_synth","draw_077",1197,"2021-12-31","forecast","-0.351300143075380"
"exdqlm_univar_synth","draw_077",1197,"2022-01-01","forecast","-0.832590843363123"
"exdqlm_univar_synth","draw_077",1197,"2022-01-02","forecast","-0.561036740607770"
"exdqlm_univar_synth","draw_077",1197,"2022-01-03","forecast","-0.712522415567158"
"exdqlm_univar_synth","draw_077",1197,"2022-01-04","forecast","-0.272853777957687"
"exdqlm_univar_synth","draw_077",1197,"2022-01-05","forecast","-0.0390966665124898"
"exdqlm_univar_synth","draw_077",1197,"2022-01-06","forecast","-0.307418743113002"
"exdqlm_univar_synth","draw_077",1197,"2022-01-07","forecast","-0.656024540302437"
"exdqlm_univar_synth","draw_077",1197,"2022-01-08","forecast","-0.644340207419286"
"exdqlm_univar_synth","draw_077",1197,"2022-01-09","forecast","-0.821773058274904"
"exdqlm_univar_synth","draw_077",1197,"2022-01-10","forecast","-0.794156214461088"
"exdqlm_univar_synth","draw_077",1197,"2022-01-11","forecast","-1.08468408421337"
"exdqlm_univar_synth","draw_077",1197,"2022-01-12","forecast","-1.20574041587821"
"exdqlm_univar_synth","draw_077",1197,"2022-01-13","forecast","-0.821292395019164"
"exdqlm_univar_synth","draw_077",1197,"2022-01-14","forecast","-1.01603925144582"
"exdqlm_univar_synth","draw_077",1197,"2022-01-15","forecast","-0.831645309279842"
"exdqlm_univar_synth","draw_077",1197,"2022-01-16","forecast","-1.08793953342140"
"exdqlm_univar_synth","draw_077",1197,"2022-01-17","forecast","-0.944702610956891"
"exdqlm_univar_synth","draw_077",1197,"2022-01-18","forecast","-0.923647396484615"
"exdqlm_univar_synth","draw_078",1213,"2021-12-22","forecast","0.341394317341902"
"exdqlm_univar_synth","draw_078",1213,"2021-12-23","forecast","1.17094294727504"
"exdqlm_univar_synth","draw_078",1213,"2021-12-24","forecast","0.926981283722883"
"exdqlm_univar_synth","draw_078",1213,"2021-12-25","forecast","0.210606446428519"
"exdqlm_univar_synth","draw_078",1213,"2021-12-26","forecast","0.810167480041448"
"exdqlm_univar_synth","draw_078",1213,"2021-12-27","forecast","0.111402375093559"
"exdqlm_univar_synth","draw_078",1213,"2021-12-28","forecast","-0.478420087607039"
"exdqlm_univar_synth","draw_078",1213,"2021-12-29","forecast","0.0610563206971012"
"exdqlm_univar_synth","draw_078",1213,"2021-12-30","forecast","-0.458377977367543"
"exdqlm_univar_synth","draw_078",1213,"2021-12-31","forecast","-0.313261745027559"
"exdqlm_univar_synth","draw_078",1213,"2022-01-01","forecast","-0.520593897634160"
"exdqlm_univar_synth","draw_078",1213,"2022-01-02","forecast","-0.558596240242078"
"exdqlm_univar_synth","draw_078",1213,"2022-01-03","forecast","-0.802307548897149"
"exdqlm_univar_synth","draw_078",1213,"2022-01-04","forecast","-0.234997158405319"
"exdqlm_univar_synth","draw_078",1213,"2022-01-05","forecast","-0.256139148978701"
"exdqlm_univar_synth","draw_078",1213,"2022-01-06","forecast","-0.517716403682843"
"exdqlm_univar_synth","draw_078",1213,"2022-01-07","forecast","-0.476544967041953"
"exdqlm_univar_synth","draw_078",1213,"2022-01-08","forecast","-0.879649511172050"
"exdqlm_univar_synth","draw_078",1213,"2022-01-09","forecast","-0.810801742088726"
"exdqlm_univar_synth","draw_078",1213,"2022-01-10","forecast","-1.07266464378786"
"exdqlm_univar_synth","draw_078",1213,"2022-01-11","forecast","-1.26337836632158"
"exdqlm_univar_synth","draw_078",1213,"2022-01-12","forecast","-0.994045067360774"
"exdqlm_univar_synth","draw_078",1213,"2022-01-13","forecast","-0.530848623391238"
"exdqlm_univar_synth","draw_078",1213,"2022-01-14","forecast","-0.917400330849803"
"exdqlm_univar_synth","draw_078",1213,"2022-01-15","forecast","-0.794066106060755"
"exdqlm_univar_synth","draw_078",1213,"2022-01-16","forecast","-0.936274710400173"
"exdqlm_univar_synth","draw_078",1213,"2022-01-17","forecast","-1.27798915826071"
"exdqlm_univar_synth","draw_078",1213,"2022-01-18","forecast","-0.893624502959775"
"exdqlm_univar_synth","draw_079",1229,"2021-12-22","forecast","0.325566269710372"
"exdqlm_univar_synth","draw_079",1229,"2021-12-23","forecast","0.689045466454480"
"exdqlm_univar_synth","draw_079",1229,"2021-12-24","forecast","0.899530140318631"
"exdqlm_univar_synth","draw_079",1229,"2021-12-25","forecast","0.287259230297376"
"exdqlm_univar_synth","draw_079",1229,"2021-12-26","forecast","0.697635619748441"
"exdqlm_univar_synth","draw_079",1229,"2021-12-27","forecast","0.174291004629854"
"exdqlm_univar_synth","draw_079",1229,"2021-12-28","forecast","-0.487008746267303"
"exdqlm_univar_synth","draw_079",1229,"2021-12-29","forecast","-0.0577948372260810"
"exdqlm_univar_synth","draw_079",1229,"2021-12-30","forecast","-0.272490878861763"
"exdqlm_univar_synth","draw_079",1229,"2021-12-31","forecast","-0.300090127267996"
"exdqlm_univar_synth","draw_079",1229,"2022-01-01","forecast","-0.857037593992060"
"exdqlm_univar_synth","draw_079",1229,"2022-01-02","forecast","-0.734705876960340"
"exdqlm_univar_synth","draw_079",1229,"2022-01-03","forecast","-0.710827450868519"
"exdqlm_univar_synth","draw_079",1229,"2022-01-04","forecast","-0.545636805173072"
"exdqlm_univar_synth","draw_079",1229,"2022-01-05","forecast","-0.545105853420486"
"exdqlm_univar_synth","draw_079",1229,"2022-01-06","forecast","-0.344896520941510"
"exdqlm_univar_synth","draw_079",1229,"2022-01-07","forecast","-0.486476922739782"
"exdqlm_univar_synth","draw_079",1229,"2022-01-08","forecast","-0.929643799415132"
"exdqlm_univar_synth","draw_079",1229,"2022-01-09","forecast","-0.815124656706902"
"exdqlm_univar_synth","draw_079",1229,"2022-01-10","forecast","-0.609066322257448"
"exdqlm_univar_synth","draw_079",1229,"2022-01-11","forecast","-0.765039995629686"
"exdqlm_univar_synth","draw_079",1229,"2022-01-12","forecast","-1.26703156430765"
"exdqlm_univar_synth","draw_079",1229,"2022-01-13","forecast","-1.23893673320668"
"exdqlm_univar_synth","draw_079",1229,"2022-01-14","forecast","-1.25203230202048"
"exdqlm_univar_synth","draw_079",1229,"2022-01-15","forecast","-0.859118640829645"
"exdqlm_univar_synth","draw_079",1229,"2022-01-16","forecast","-0.945778376309446"
"exdqlm_univar_synth","draw_079",1229,"2022-01-17","forecast","-1.22332854905633"
"exdqlm_univar_synth","draw_079",1229,"2022-01-18","forecast","-1.13028447167980"
"exdqlm_univar_synth","draw_080",1244,"2021-12-22","forecast","0.280986095806980"
"exdqlm_univar_synth","draw_080",1244,"2021-12-23","forecast","0.878071799465272"
"exdqlm_univar_synth","draw_080",1244,"2021-12-24","forecast","0.543051926279109"
"exdqlm_univar_synth","draw_080",1244,"2021-12-25","forecast","0.588077522219519"
"exdqlm_univar_synth","draw_080",1244,"2021-12-26","forecast","0.592552941520119"
"exdqlm_univar_synth","draw_080",1244,"2021-12-27","forecast","-0.162033123949342"
"exdqlm_univar_synth","draw_080",1244,"2021-12-28","forecast","-0.0934179727237900"
"exdqlm_univar_synth","draw_080",1244,"2021-12-29","forecast","-0.0347963190665617"
"exdqlm_univar_synth","draw_080",1244,"2021-12-30","forecast","-0.0283010780938617"
"exdqlm_univar_synth","draw_080",1244,"2021-12-31","forecast","-0.298567225131352"
"exdqlm_univar_synth","draw_080",1244,"2022-01-01","forecast","-0.513481079800385"
"exdqlm_univar_synth","draw_080",1244,"2022-01-02","forecast","-0.558299052424312"
"exdqlm_univar_synth","draw_080",1244,"2022-01-03","forecast","-0.898578993398166"
"exdqlm_univar_synth","draw_080",1244,"2022-01-04","forecast","-0.454699416169184"
"exdqlm_univar_synth","draw_080",1244,"2022-01-05","forecast","-0.0188329475323534"
"exdqlm_univar_synth","draw_080",1244,"2022-01-06","forecast","-0.644440678117211"
"exdqlm_univar_synth","draw_080",1244,"2022-01-07","forecast","-1.17879968329506"
"exdqlm_univar_synth","draw_080",1244,"2022-01-08","forecast","-0.777465995779486"
"exdqlm_univar_synth","draw_080",1244,"2022-01-09","forecast","-0.614661207144636"
"exdqlm_univar_synth","draw_080",1244,"2022-01-10","forecast","-1.08663037312935"
"exdqlm_univar_synth","draw_080",1244,"2022-01-11","forecast","-0.767691127916988"
"exdqlm_univar_synth","draw_080",1244,"2022-01-12","forecast","-0.986354725193311"
"exdqlm_univar_synth","draw_080",1244,"2022-01-13","forecast","-0.800069928488288"
"exdqlm_univar_synth","draw_080",1244,"2022-01-14","forecast","-0.921903638585831"
"exdqlm_univar_synth","draw_080",1244,"2022-01-15","forecast","-0.831635713764667"
"exdqlm_univar_synth","draw_080",1244,"2022-01-16","forecast","-1.22023329941389"
"exdqlm_univar_synth","draw_080",1244,"2022-01-17","forecast","-1.37595579378806"
"exdqlm_univar_synth","draw_080",1244,"2022-01-18","forecast","-0.899092646135088"
"exdqlm_univar_synth","draw_081",1260,"2021-12-22","forecast","0.200010671171839"
"exdqlm_univar_synth","draw_081",1260,"2021-12-23","forecast","1.00789138277150"
"exdqlm_univar_synth","draw_081",1260,"2021-12-24","forecast","0.676256332467489"
"exdqlm_univar_synth","draw_081",1260,"2021-12-25","forecast","0.572458968842976"
"exdqlm_univar_synth","draw_081",1260,"2021-12-26","forecast","0.658247460476379"
"exdqlm_univar_synth","draw_081",1260,"2021-12-27","forecast","-0.278032415958085"
"exdqlm_univar_synth","draw_081",1260,"2021-12-28","forecast","-0.513732088480300"
"exdqlm_univar_synth","draw_081",1260,"2021-12-29","forecast","-0.575272316169115"
"exdqlm_univar_synth","draw_081",1260,"2021-12-30","forecast","-0.340976611123745"
"exdqlm_univar_synth","draw_081",1260,"2021-12-31","forecast","-0.296799406105757"
"exdqlm_univar_synth","draw_081",1260,"2022-01-01","forecast","-0.515334086020082"
"exdqlm_univar_synth","draw_081",1260,"2022-01-02","forecast","-0.561486259826743"
"exdqlm_univar_synth","draw_081",1260,"2022-01-03","forecast","-0.959146219784276"
"exdqlm_univar_synth","draw_081",1260,"2022-01-04","forecast","-0.531174840237707"
"exdqlm_univar_synth","draw_081",1260,"2022-01-05","forecast","-0.0188464428926030"
"exdqlm_univar_synth","draw_081",1260,"2022-01-06","forecast","-0.654513019874016"
"exdqlm_univar_synth","draw_081",1260,"2022-01-07","forecast","-0.475392627072832"
"exdqlm_univar_synth","draw_081",1260,"2022-01-08","forecast","-0.971116522889355"
"exdqlm_univar_synth","draw_081",1260,"2022-01-09","forecast","-0.809487519471008"
"exdqlm_univar_synth","draw_081",1260,"2022-01-10","forecast","-0.804791296794149"
"exdqlm_univar_synth","draw_081",1260,"2022-01-11","forecast","-0.776522491655673"
"exdqlm_univar_synth","draw_081",1260,"2022-01-12","forecast","-1.05323628261212"
"exdqlm_univar_synth","draw_081",1260,"2022-01-13","forecast","-0.840887178489646"
"exdqlm_univar_synth","draw_081",1260,"2022-01-14","forecast","-1.17172376183824"
"exdqlm_univar_synth","draw_081",1260,"2022-01-15","forecast","-0.830203502242926"
"exdqlm_univar_synth","draw_081",1260,"2022-01-16","forecast","-0.936270986627707"
"exdqlm_univar_synth","draw_081",1260,"2022-01-17","forecast","-1.30264171574526"
"exdqlm_univar_synth","draw_081",1260,"2022-01-18","forecast","-1.18654978081842"
"exdqlm_univar_synth","draw_082",1276,"2021-12-22","forecast","0.00300689300958899"
"exdqlm_univar_synth","draw_082",1276,"2021-12-23","forecast","1.05307968709872"
"exdqlm_univar_synth","draw_082",1276,"2021-12-24","forecast","0.278716064839210"
"exdqlm_univar_synth","draw_082",1276,"2021-12-25","forecast","0.605303885120404"
"exdqlm_univar_synth","draw_082",1276,"2021-12-26","forecast","0.377204160127078"
"exdqlm_univar_synth","draw_082",1276,"2021-12-27","forecast","0.0410275687344911"
"exdqlm_univar_synth","draw_082",1276,"2021-12-28","forecast","-0.391623419884663"
"exdqlm_univar_synth","draw_082",1276,"2021-12-29","forecast","0.0398435162966469"
"exdqlm_univar_synth","draw_082",1276,"2021-12-30","forecast","-0.0347670541142142"
"exdqlm_univar_synth","draw_082",1276,"2021-12-31","forecast","-0.321072480897893"
"exdqlm_univar_synth","draw_082",1276,"2022-01-01","forecast","-0.642626470830991"
"exdqlm_univar_synth","draw_082",1276,"2022-01-02","forecast","-0.559949573930203"
"exdqlm_univar_synth","draw_082",1276,"2022-01-03","forecast","-0.712436304130000"
"exdqlm_univar_synth","draw_082",1276,"2022-01-04","forecast","-0.257573578624034"
"exdqlm_univar_synth","draw_082",1276,"2022-01-05","forecast","-0.354708001570802"
"exdqlm_univar_synth","draw_082",1276,"2022-01-06","forecast","-0.493529565256207"
"exdqlm_univar_synth","draw_082",1276,"2022-01-07","forecast","-0.490102836908456"
"exdqlm_univar_synth","draw_082",1276,"2022-01-08","forecast","-0.853960355415942"
"exdqlm_univar_synth","draw_082",1276,"2022-01-09","forecast","-1.35579917376890"
"exdqlm_univar_synth","draw_082",1276,"2022-01-10","forecast","-0.784068970376836"
"exdqlm_univar_synth","draw_082",1276,"2022-01-11","forecast","-0.968884561722351"
"exdqlm_univar_synth","draw_082",1276,"2022-01-12","forecast","-0.987279254571067"
"exdqlm_univar_synth","draw_082",1276,"2022-01-13","forecast","-0.905503623623908"
"exdqlm_univar_synth","draw_082",1276,"2022-01-14","forecast","-1.37027789368706"
"exdqlm_univar_synth","draw_082",1276,"2022-01-15","forecast","-1.36692332092125"
"exdqlm_univar_synth","draw_082",1276,"2022-01-16","forecast","-0.930264713063734"
"exdqlm_univar_synth","draw_082",1276,"2022-01-17","forecast","-1.06611772231590"
"exdqlm_univar_synth","draw_082",1276,"2022-01-18","forecast","-0.896850369495332"
"exdqlm_univar_synth","draw_083",1292,"2021-12-22","forecast","0.162476400446718"
"exdqlm_univar_synth","draw_083",1292,"2021-12-23","forecast","0.746424109207504"
"exdqlm_univar_synth","draw_083",1292,"2021-12-24","forecast","0.671897180401152"
"exdqlm_univar_synth","draw_083",1292,"2021-12-25","forecast","0.687743769204962"
"exdqlm_univar_synth","draw_083",1292,"2021-12-26","forecast","-0.00139490174717662"
"exdqlm_univar_synth","draw_083",1292,"2021-12-27","forecast","-0.273518008175108"
"exdqlm_univar_synth","draw_083",1292,"2021-12-28","forecast","-0.204329333536241"
"exdqlm_univar_synth","draw_083",1292,"2021-12-29","forecast","-0.0801595741004927"
"exdqlm_univar_synth","draw_083",1292,"2021-12-30","forecast","-0.568901674139770"
"exdqlm_univar_synth","draw_083",1292,"2021-12-31","forecast","-0.798922304660853"
"exdqlm_univar_synth","draw_083",1292,"2022-01-01","forecast","-0.707532565748522"
"exdqlm_univar_synth","draw_083",1292,"2022-01-02","forecast","-0.675741061498310"
"exdqlm_univar_synth","draw_083",1292,"2022-01-03","forecast","-1.13869263722444"
"exdqlm_univar_synth","draw_083",1292,"2022-01-04","forecast","-0.200460991251176"
"exdqlm_univar_synth","draw_083",1292,"2022-01-05","forecast","-0.647261095635438"
"exdqlm_univar_synth","draw_083",1292,"2022-01-06","forecast","-0.402320019431805"
"exdqlm_univar_synth","draw_083",1292,"2022-01-07","forecast","-0.815168368923458"
"exdqlm_univar_synth","draw_083",1292,"2022-01-08","forecast","-0.667289707742948"
"exdqlm_univar_synth","draw_083",1292,"2022-01-09","forecast","-0.820087701948849"
"exdqlm_univar_synth","draw_083",1292,"2022-01-10","forecast","-0.827058109399187"
"exdqlm_univar_synth","draw_083",1292,"2022-01-11","forecast","-0.992145071015361"
"exdqlm_univar_synth","draw_083",1292,"2022-01-12","forecast","-0.993308807364075"
"exdqlm_univar_synth","draw_083",1292,"2022-01-13","forecast","-0.799113330259680"
"exdqlm_univar_synth","draw_083",1292,"2022-01-14","forecast","-1.34071828026728"
"exdqlm_univar_synth","draw_083",1292,"2022-01-15","forecast","-0.830371673135255"
"exdqlm_univar_synth","draw_083",1292,"2022-01-16","forecast","-0.938877788645299"
"exdqlm_univar_synth","draw_083",1292,"2022-01-17","forecast","-0.940308958251840"
"exdqlm_univar_synth","draw_083",1292,"2022-01-18","forecast","-1.15661720413597"
"exdqlm_univar_synth","draw_084",1307,"2021-12-22","forecast","0.358416493377709"
"exdqlm_univar_synth","draw_084",1307,"2021-12-23","forecast","0.613000743125747"
"exdqlm_univar_synth","draw_084",1307,"2021-12-24","forecast","0.983004848186907"
"exdqlm_univar_synth","draw_084",1307,"2021-12-25","forecast","0.557247170423689"
"exdqlm_univar_synth","draw_084",1307,"2021-12-26","forecast","0.337617856945718"
"exdqlm_univar_synth","draw_084",1307,"2021-12-27","forecast","-0.225455178143820"
"exdqlm_univar_synth","draw_084",1307,"2021-12-28","forecast","-0.100418290327604"
"exdqlm_univar_synth","draw_084",1307,"2021-12-29","forecast","-0.0984426310774882"
"exdqlm_univar_synth","draw_084",1307,"2021-12-30","forecast","-0.162179049572945"
"exdqlm_univar_synth","draw_084",1307,"2021-12-31","forecast","-0.286540416673885"
"exdqlm_univar_synth","draw_084",1307,"2022-01-01","forecast","-0.913233090802763"
"exdqlm_univar_synth","draw_084",1307,"2022-01-02","forecast","-0.920103692943984"
"exdqlm_univar_synth","draw_084",1307,"2022-01-03","forecast","-1.00096118788775"
"exdqlm_univar_synth","draw_084",1307,"2022-01-04","forecast","-0.815077252671316"
"exdqlm_univar_synth","draw_084",1307,"2022-01-05","forecast","-0.0879973072228325"
"exdqlm_univar_synth","draw_084",1307,"2022-01-06","forecast","-0.393798047690749"
"exdqlm_univar_synth","draw_084",1307,"2022-01-07","forecast","-0.900279718914882"
"exdqlm_univar_synth","draw_084",1307,"2022-01-08","forecast","-0.758773646600528"
"exdqlm_univar_synth","draw_084",1307,"2022-01-09","forecast","-0.809056411330261"
"exdqlm_univar_synth","draw_084",1307,"2022-01-10","forecast","-0.894822375738273"
"exdqlm_univar_synth","draw_084",1307,"2022-01-11","forecast","-0.905008666522095"
"exdqlm_univar_synth","draw_084",1307,"2022-01-12","forecast","-1.30661159345505"
"exdqlm_univar_synth","draw_084",1307,"2022-01-13","forecast","-0.490493753124108"
"exdqlm_univar_synth","draw_084",1307,"2022-01-14","forecast","-0.916151990686237"
"exdqlm_univar_synth","draw_084",1307,"2022-01-15","forecast","-0.859927994696406"
"exdqlm_univar_synth","draw_084",1307,"2022-01-16","forecast","-1.15860071794001"
"exdqlm_univar_synth","draw_084",1307,"2022-01-17","forecast","-1.24739312020282"
"exdqlm_univar_synth","draw_084",1307,"2022-01-18","forecast","-0.907349558604768"
"exdqlm_univar_synth","draw_085",1323,"2021-12-22","forecast","0.0949917117605752"
"exdqlm_univar_synth","draw_085",1323,"2021-12-23","forecast","0.402819353799873"
"exdqlm_univar_synth","draw_085",1323,"2021-12-24","forecast","0.725927302685938"
"exdqlm_univar_synth","draw_085",1323,"2021-12-25","forecast","0.599250425114678"
"exdqlm_univar_synth","draw_085",1323,"2021-12-26","forecast","0.654058204241686"
"exdqlm_univar_synth","draw_085",1323,"2021-12-27","forecast","0.322003980710234"
"exdqlm_univar_synth","draw_085",1323,"2021-12-28","forecast","-0.0728864874783361"
"exdqlm_univar_synth","draw_085",1323,"2021-12-29","forecast","-0.579134413994598"
"exdqlm_univar_synth","draw_085",1323,"2021-12-30","forecast","-0.115243569459592"
"exdqlm_univar_synth","draw_085",1323,"2021-12-31","forecast","-0.643072529383624"
"exdqlm_univar_synth","draw_085",1323,"2022-01-01","forecast","-0.511672586442375"
"exdqlm_univar_synth","draw_085",1323,"2022-01-02","forecast","-0.898618815781606"
"exdqlm_univar_synth","draw_085",1323,"2022-01-03","forecast","-0.740970630512294"
"exdqlm_univar_synth","draw_085",1323,"2022-01-04","forecast","-0.234278405559862"
"exdqlm_univar_synth","draw_085",1323,"2022-01-05","forecast","-0.704693241600655"
"exdqlm_univar_synth","draw_085",1323,"2022-01-06","forecast","-0.401745804488312"
"exdqlm_univar_synth","draw_085",1323,"2022-01-07","forecast","-0.499765254184498"
"exdqlm_univar_synth","draw_085",1323,"2022-01-08","forecast","-1.08049480035568"
"exdqlm_univar_synth","draw_085",1323,"2022-01-09","forecast","-0.809015958980094"
"exdqlm_univar_synth","draw_085",1323,"2022-01-10","forecast","-0.793460675727949"
"exdqlm_univar_synth","draw_085",1323,"2022-01-11","forecast","-0.761659217675101"
"exdqlm_univar_synth","draw_085",1323,"2022-01-12","forecast","-1.20423359407593"
"exdqlm_univar_synth","draw_085",1323,"2022-01-13","forecast","-0.802753219454124"
"exdqlm_univar_synth","draw_085",1323,"2022-01-14","forecast","-1.17965345412704"
"exdqlm_univar_synth","draw_085",1323,"2022-01-15","forecast","-0.833521059135102"
"exdqlm_univar_synth","draw_085",1323,"2022-01-16","forecast","-0.897306634432719"
"exdqlm_univar_synth","draw_085",1323,"2022-01-17","forecast","-1.42236006957369"
"exdqlm_univar_synth","draw_085",1323,"2022-01-18","forecast","-0.896526673366694"
"exdqlm_univar_synth","draw_086",1339,"2021-12-22","forecast","0.422894672061188"
"exdqlm_univar_synth","draw_086",1339,"2021-12-23","forecast","0.957442377891135"
"exdqlm_univar_synth","draw_086",1339,"2021-12-24","forecast","0.776777135036144"
"exdqlm_univar_synth","draw_086",1339,"2021-12-25","forecast","0.530722128238724"
"exdqlm_univar_synth","draw_086",1339,"2021-12-26","forecast","0.208584925270479"
"exdqlm_univar_synth","draw_086",1339,"2021-12-27","forecast","-0.148378589210422"
"exdqlm_univar_synth","draw_086",1339,"2021-12-28","forecast","-0.463440333171468"
"exdqlm_univar_synth","draw_086",1339,"2021-12-29","forecast","-0.533197999835691"
"exdqlm_univar_synth","draw_086",1339,"2021-12-30","forecast","-0.435292689420578"
"exdqlm_univar_synth","draw_086",1339,"2021-12-31","forecast","-0.559616362719508"
"exdqlm_univar_synth","draw_086",1339,"2022-01-01","forecast","-0.563355030422569"
"exdqlm_univar_synth","draw_086",1339,"2022-01-02","forecast","-0.720960152833504"
"exdqlm_univar_synth","draw_086",1339,"2022-01-03","forecast","-1.07522667512494"
"exdqlm_univar_synth","draw_086",1339,"2022-01-04","forecast","-0.217369664220449"
"exdqlm_univar_synth","draw_086",1339,"2022-01-05","forecast","-0.0611814344485149"
"exdqlm_univar_synth","draw_086",1339,"2022-01-06","forecast","-0.395400703763692"
"exdqlm_univar_synth","draw_086",1339,"2022-01-07","forecast","-0.483192055370693"
"exdqlm_univar_synth","draw_086",1339,"2022-01-08","forecast","-1.14276295378307"
"exdqlm_univar_synth","draw_086",1339,"2022-01-09","forecast","-1.10875790793009"
"exdqlm_univar_synth","draw_086",1339,"2022-01-10","forecast","-0.780896650940244"
"exdqlm_univar_synth","draw_086",1339,"2022-01-11","forecast","-0.826778332100728"
"exdqlm_univar_synth","draw_086",1339,"2022-01-12","forecast","-0.983016531911350"
"exdqlm_univar_synth","draw_086",1339,"2022-01-13","forecast","-1.14409069881716"
"exdqlm_univar_synth","draw_086",1339,"2022-01-14","forecast","-0.917541750038433"
"exdqlm_univar_synth","draw_086",1339,"2022-01-15","forecast","-0.917851777807440"
"exdqlm_univar_synth","draw_086",1339,"2022-01-16","forecast","-1.14883791890670"
"exdqlm_univar_synth","draw_086",1339,"2022-01-17","forecast","-0.938435444170356"
"exdqlm_univar_synth","draw_086",1339,"2022-01-18","forecast","-0.899004910844353"
"exdqlm_univar_synth","draw_087",1355,"2021-12-22","forecast","0.539604557090968"
"exdqlm_univar_synth","draw_087",1355,"2021-12-23","forecast","0.670907565492835"
"exdqlm_univar_synth","draw_087",1355,"2021-12-24","forecast","0.932433396054632"
"exdqlm_univar_synth","draw_087",1355,"2021-12-25","forecast","0.588616971451842"
"exdqlm_univar_synth","draw_087",1355,"2021-12-26","forecast","0.512344594529554"
"exdqlm_univar_synth","draw_087",1355,"2021-12-27","forecast","-0.305316553005534"
"exdqlm_univar_synth","draw_087",1355,"2021-12-28","forecast","-0.0590898493196164"
"exdqlm_univar_synth","draw_087",1355,"2021-12-29","forecast","-0.323102250071324"
"exdqlm_univar_synth","draw_087",1355,"2021-12-30","forecast","-0.0877075068082980"
"exdqlm_univar_synth","draw_087",1355,"2021-12-31","forecast","-0.298315966472880"
"exdqlm_univar_synth","draw_087",1355,"2022-01-01","forecast","-0.508995681503377"
"exdqlm_univar_synth","draw_087",1355,"2022-01-02","forecast","-1.02123048133384"
"exdqlm_univar_synth","draw_087",1355,"2022-01-03","forecast","-0.720475969273467"
"exdqlm_univar_synth","draw_087",1355,"2022-01-04","forecast","-0.233730992677966"
"exdqlm_univar_synth","draw_087",1355,"2022-01-05","forecast","-0.0479455698484447"
"exdqlm_univar_synth","draw_087",1355,"2022-01-06","forecast","-0.758736176002081"
"exdqlm_univar_synth","draw_087",1355,"2022-01-07","forecast","-0.481587154264515"
"exdqlm_univar_synth","draw_087",1355,"2022-01-08","forecast","-1.03383065668072"
"exdqlm_univar_synth","draw_087",1355,"2022-01-09","forecast","-0.815531888244761"
"exdqlm_univar_synth","draw_087",1355,"2022-01-10","forecast","-1.14110504484907"
"exdqlm_univar_synth","draw_087",1355,"2022-01-11","forecast","-1.07607260047058"
"exdqlm_univar_synth","draw_087",1355,"2022-01-12","forecast","-1.37394797367749"
"exdqlm_univar_synth","draw_087",1355,"2022-01-13","forecast","-0.818917894466030"
"exdqlm_univar_synth","draw_087",1355,"2022-01-14","forecast","-0.924856270695956"
"exdqlm_univar_synth","draw_087",1355,"2022-01-15","forecast","-0.830144337584524"
"exdqlm_univar_synth","draw_087",1355,"2022-01-16","forecast","-0.948115779286740"
"exdqlm_univar_synth","draw_087",1355,"2022-01-17","forecast","-0.938139170571501"
"exdqlm_univar_synth","draw_087",1355,"2022-01-18","forecast","-1.46607493225998"
"exdqlm_univar_synth","draw_088",1370,"2021-12-22","forecast","0.160810415038526"
"exdqlm_univar_synth","draw_088",1370,"2021-12-23","forecast","1.10506752204864"
"exdqlm_univar_synth","draw_088",1370,"2021-12-24","forecast","0.768990515102982"
"exdqlm_univar_synth","draw_088",1370,"2021-12-25","forecast","0.507738893039210"
"exdqlm_univar_synth","draw_088",1370,"2021-12-26","forecast","0.619302811888124"
"exdqlm_univar_synth","draw_088",1370,"2021-12-27","forecast","0.177902040898508"
"exdqlm_univar_synth","draw_088",1370,"2021-12-28","forecast","-0.142147602470727"
"exdqlm_univar_synth","draw_088",1370,"2021-12-29","forecast","-0.0137612749552236"
"exdqlm_univar_synth","draw_088",1370,"2021-12-30","forecast","-0.632974407842499"
"exdqlm_univar_synth","draw_088",1370,"2021-12-31","forecast","-0.759482386511539"
"exdqlm_univar_synth","draw_088",1370,"2022-01-01","forecast","-0.873730162762061"
"exdqlm_univar_synth","draw_088",1370,"2022-01-02","forecast","-0.986293835001584"
"exdqlm_univar_synth","draw_088",1370,"2022-01-03","forecast","-0.964530044485114"
"exdqlm_univar_synth","draw_088",1370,"2022-01-04","forecast","-0.916634412818685"
"exdqlm_univar_synth","draw_088",1370,"2022-01-05","forecast","-0.341447167590621"
"exdqlm_univar_synth","draw_088",1370,"2022-01-06","forecast","-0.406436785335656"
"exdqlm_univar_synth","draw_088",1370,"2022-01-07","forecast","-0.489529126790569"
"exdqlm_univar_synth","draw_088",1370,"2022-01-08","forecast","-0.664663648814266"
"exdqlm_univar_synth","draw_088",1370,"2022-01-09","forecast","-0.666901200737908"
"exdqlm_univar_synth","draw_088",1370,"2022-01-10","forecast","-0.793273543006401"
"exdqlm_univar_synth","draw_088",1370,"2022-01-11","forecast","-1.42471440097179"
"exdqlm_univar_synth","draw_088",1370,"2022-01-12","forecast","-0.984953612810274"
"exdqlm_univar_synth","draw_088",1370,"2022-01-13","forecast","-0.801426237155638"
"exdqlm_univar_synth","draw_088",1370,"2022-01-14","forecast","-0.915502499977387"
"exdqlm_univar_synth","draw_088",1370,"2022-01-15","forecast","-1.07366017512585"
"exdqlm_univar_synth","draw_088",1370,"2022-01-16","forecast","-0.937072261386420"
"exdqlm_univar_synth","draw_088",1370,"2022-01-17","forecast","-1.03890900894595"
"exdqlm_univar_synth","draw_088",1370,"2022-01-18","forecast","-1.00368392818897"
"exdqlm_univar_synth","draw_089",1386,"2021-12-22","forecast","0.0265579536236767"
"exdqlm_univar_synth","draw_089",1386,"2021-12-23","forecast","1.17203487965387"
"exdqlm_univar_synth","draw_089",1386,"2021-12-24","forecast","0.276999144338078"
"exdqlm_univar_synth","draw_089",1386,"2021-12-25","forecast","0.333846963829100"
"exdqlm_univar_synth","draw_089",1386,"2021-12-26","forecast","-0.0959639530064811"
"exdqlm_univar_synth","draw_089",1386,"2021-12-27","forecast","0.288752121371918"
"exdqlm_univar_synth","draw_089",1386,"2021-12-28","forecast","-0.428174095968905"
"exdqlm_univar_synth","draw_089",1386,"2021-12-29","forecast","0.0319027927868554"
"exdqlm_univar_synth","draw_089",1386,"2021-12-30","forecast","-0.294506747246275"
"exdqlm_univar_synth","draw_089",1386,"2021-12-31","forecast","-0.296837754797110"
"exdqlm_univar_synth","draw_089",1386,"2022-01-01","forecast","-0.559163618652307"
"exdqlm_univar_synth","draw_089",1386,"2022-01-02","forecast","-1.01244460110182"
"exdqlm_univar_synth","draw_089",1386,"2022-01-03","forecast","-0.730597394607069"
"exdqlm_univar_synth","draw_089",1386,"2022-01-04","forecast","-0.237769304692531"
"exdqlm_univar_synth","draw_089",1386,"2022-01-05","forecast","-0.0632599510273902"
"exdqlm_univar_synth","draw_089",1386,"2022-01-06","forecast","-0.401534031239479"
"exdqlm_univar_synth","draw_089",1386,"2022-01-07","forecast","-0.483804175055804"
"exdqlm_univar_synth","draw_089",1386,"2022-01-08","forecast","-0.644438954618514"
"exdqlm_univar_synth","draw_089",1386,"2022-01-09","forecast","-0.916247275217371"
"exdqlm_univar_synth","draw_089",1386,"2022-01-10","forecast","-1.27354345546362"
"exdqlm_univar_synth","draw_089",1386,"2022-01-11","forecast","-1.10892324245027"
"exdqlm_univar_synth","draw_089",1386,"2022-01-12","forecast","-1.09436520342508"
"exdqlm_univar_synth","draw_089",1386,"2022-01-13","forecast","-1.23035268172292"
"exdqlm_univar_synth","draw_089",1386,"2022-01-14","forecast","-0.917165054500153"
"exdqlm_univar_synth","draw_089",1386,"2022-01-15","forecast","-1.38681720416735"
"exdqlm_univar_synth","draw_089",1386,"2022-01-16","forecast","-0.930541255231322"
"exdqlm_univar_synth","draw_089",1386,"2022-01-17","forecast","-1.24451219217064"
"exdqlm_univar_synth","draw_089",1386,"2022-01-18","forecast","-0.893919454056549"
"exdqlm_univar_synth","draw_090",1402,"2021-12-22","forecast","0.331855277981097"
"exdqlm_univar_synth","draw_090",1402,"2021-12-23","forecast","0.673637728722066"
"exdqlm_univar_synth","draw_090",1402,"2021-12-24","forecast","0.240740141257659"
"exdqlm_univar_synth","draw_090",1402,"2021-12-25","forecast","0.633214538907338"
"exdqlm_univar_synth","draw_090",1402,"2021-12-26","forecast","0.318875717697211"
"exdqlm_univar_synth","draw_090",1402,"2021-12-27","forecast","-0.0743870119319549"
"exdqlm_univar_synth","draw_090",1402,"2021-12-28","forecast","-0.150635422841005"
"exdqlm_univar_synth","draw_090",1402,"2021-12-29","forecast","0.171804705415620"
"exdqlm_univar_synth","draw_090",1402,"2021-12-30","forecast","0.00648113273502502"
"exdqlm_univar_synth","draw_090",1402,"2021-12-31","forecast","-0.298496179517603"
"exdqlm_univar_synth","draw_090",1402,"2022-01-01","forecast","-0.706561095473981"
"exdqlm_univar_synth","draw_090",1402,"2022-01-02","forecast","-0.559352005001024"
"exdqlm_univar_synth","draw_090",1402,"2022-01-03","forecast","-0.722660541920726"
"exdqlm_univar_synth","draw_090",1402,"2022-01-04","forecast","-0.624614654489518"
"exdqlm_univar_synth","draw_090",1402,"2022-01-05","forecast","-0.155127794490106"
"exdqlm_univar_synth","draw_090",1402,"2022-01-06","forecast","-0.573665086272775"
"exdqlm_univar_synth","draw_090",1402,"2022-01-07","forecast","-0.486751005542547"
"exdqlm_univar_synth","draw_090",1402,"2022-01-08","forecast","-0.837104210311995"
"exdqlm_univar_synth","draw_090",1402,"2022-01-09","forecast","-0.733527538539958"
"exdqlm_univar_synth","draw_090",1402,"2022-01-10","forecast","-1.13856536497521"
"exdqlm_univar_synth","draw_090",1402,"2022-01-11","forecast","-1.45872375207671"
"exdqlm_univar_synth","draw_090",1402,"2022-01-12","forecast","-1.14437114195381"
"exdqlm_univar_synth","draw_090",1402,"2022-01-13","forecast","-1.44573248988684"
"exdqlm_univar_synth","draw_090",1402,"2022-01-14","forecast","-1.16111027062814"
"exdqlm_univar_synth","draw_090",1402,"2022-01-15","forecast","-0.925762364207258"
"exdqlm_univar_synth","draw_090",1402,"2022-01-16","forecast","-1.37113339028979"
"exdqlm_univar_synth","draw_090",1402,"2022-01-17","forecast","-0.939090644431393"
"exdqlm_univar_synth","draw_090",1402,"2022-01-18","forecast","-1.16461283387433"
"exdqlm_univar_synth","draw_091",1418,"2021-12-22","forecast","0.312188257351579"
"exdqlm_univar_synth","draw_091",1418,"2021-12-23","forecast","0.895672199027103"
"exdqlm_univar_synth","draw_091",1418,"2021-12-24","forecast","0.845774741343616"
"exdqlm_univar_synth","draw_091",1418,"2021-12-25","forecast","0.397652980351370"
"exdqlm_univar_synth","draw_091",1418,"2021-12-26","forecast","0.544665968590614"
"exdqlm_univar_synth","draw_091",1418,"2021-12-27","forecast","0.172755363093783"
"exdqlm_univar_synth","draw_091",1418,"2021-12-28","forecast","-0.405686939792403"
"exdqlm_univar_synth","draw_091",1418,"2021-12-29","forecast","0.0323813962302331"
"exdqlm_univar_synth","draw_091",1418,"2021-12-30","forecast","-0.680603727466933"
"exdqlm_univar_synth","draw_091",1418,"2021-12-31","forecast","-0.291756757368678"
"exdqlm_univar_synth","draw_091",1418,"2022-01-01","forecast","-0.890316171870908"
"exdqlm_univar_synth","draw_091",1418,"2022-01-02","forecast","-0.957197302167089"
"exdqlm_univar_synth","draw_091",1418,"2022-01-03","forecast","-0.749711312416068"
"exdqlm_univar_synth","draw_091",1418,"2022-01-04","forecast","-0.235878476805641"
"exdqlm_univar_synth","draw_091",1418,"2022-01-05","forecast","-0.508282462536336"
"exdqlm_univar_synth","draw_091",1418,"2022-01-06","forecast","-0.395220160282898"
"exdqlm_univar_synth","draw_091",1418,"2022-01-07","forecast","-0.486991161156029"
"exdqlm_univar_synth","draw_091",1418,"2022-01-08","forecast","-0.643431331857947"
"exdqlm_univar_synth","draw_091",1418,"2022-01-09","forecast","-0.811073106793792"
"exdqlm_univar_synth","draw_091",1418,"2022-01-10","forecast","-1.01834985925511"
"exdqlm_univar_synth","draw_091",1418,"2022-01-11","forecast","-0.764737375658556"
"exdqlm_univar_synth","draw_091",1418,"2022-01-12","forecast","-0.986761303129606"
"exdqlm_univar_synth","draw_091",1418,"2022-01-13","forecast","-0.816662682482999"
"exdqlm_univar_synth","draw_091",1418,"2022-01-14","forecast","-0.918962676012136"
"exdqlm_univar_synth","draw_091",1418,"2022-01-15","forecast","-1.13510978354577"
"exdqlm_univar_synth","draw_091",1418,"2022-01-16","forecast","-0.936632744731396"
"exdqlm_univar_synth","draw_091",1418,"2022-01-17","forecast","-0.936677659088264"
"exdqlm_univar_synth","draw_091",1418,"2022-01-18","forecast","-0.911676100835020"
"exdqlm_univar_synth","draw_092",1433,"2021-12-22","forecast","0.304121080008267"
"exdqlm_univar_synth","draw_092",1433,"2021-12-23","forecast","1.10714570472354"
"exdqlm_univar_synth","draw_092",1433,"2021-12-24","forecast","0.709381362598265"
"exdqlm_univar_synth","draw_092",1433,"2021-12-25","forecast","0.521083905227527"
"exdqlm_univar_synth","draw_092",1433,"2021-12-26","forecast","-0.0425748825764048"
"exdqlm_univar_synth","draw_092",1433,"2021-12-27","forecast","0.316823345247333"
"exdqlm_univar_synth","draw_092",1433,"2021-12-28","forecast","-0.334912628248611"
"exdqlm_univar_synth","draw_092",1433,"2021-12-29","forecast","-0.0613448585550443"
"exdqlm_univar_synth","draw_092",1433,"2021-12-30","forecast","-0.0853928612384509"
"exdqlm_univar_synth","draw_092",1433,"2021-12-31","forecast","-0.296840444658540"
"exdqlm_univar_synth","draw_092",1433,"2022-01-01","forecast","-0.872768250695911"
"exdqlm_univar_synth","draw_092",1433,"2022-01-02","forecast","-0.553777155790815"
"exdqlm_univar_synth","draw_092",1433,"2022-01-03","forecast","-0.851099095045896"
"exdqlm_univar_synth","draw_092",1433,"2022-01-04","forecast","-0.293230118599503"
"exdqlm_univar_synth","draw_092",1433,"2022-01-05","forecast","-0.142148177740574"
"exdqlm_univar_synth","draw_092",1433,"2022-01-06","forecast","-0.780091931730334"
"exdqlm_univar_synth","draw_092",1433,"2022-01-07","forecast","-0.493185783414689"
"exdqlm_univar_synth","draw_092",1433,"2022-01-08","forecast","-0.888107884024289"
"exdqlm_univar_synth","draw_092",1433,"2022-01-09","forecast","-1.17055697781167"
"exdqlm_univar_synth","draw_092",1433,"2022-01-10","forecast","-0.755383303177157"
"exdqlm_univar_synth","draw_092",1433,"2022-01-11","forecast","-1.05651345587615"
"exdqlm_univar_synth","draw_092",1433,"2022-01-12","forecast","-0.988563428907955"
"exdqlm_univar_synth","draw_092",1433,"2022-01-13","forecast","-0.801916984747290"
"exdqlm_univar_synth","draw_092",1433,"2022-01-14","forecast","-0.917812642301906"
"exdqlm_univar_synth","draw_092",1433,"2022-01-15","forecast","-0.845648571802365"
"exdqlm_univar_synth","draw_092",1433,"2022-01-16","forecast","-0.930606437409162"
"exdqlm_univar_synth","draw_092",1433,"2022-01-17","forecast","-0.937924087933756"
"exdqlm_univar_synth","draw_092",1433,"2022-01-18","forecast","-0.898832322052598"
"exdqlm_univar_synth","draw_093",1449,"2021-12-22","forecast","0.0392572854165986"
"exdqlm_univar_synth","draw_093",1449,"2021-12-23","forecast","0.926048995884110"
"exdqlm_univar_synth","draw_093",1449,"2021-12-24","forecast","0.643606423589555"
"exdqlm_univar_synth","draw_093",1449,"2021-12-25","forecast","0.574248244943608"
"exdqlm_univar_synth","draw_093",1449,"2021-12-26","forecast","0.837148693177076"
"exdqlm_univar_synth","draw_093",1449,"2021-12-27","forecast","-0.0414434706819154"
"exdqlm_univar_synth","draw_093",1449,"2021-12-28","forecast","-0.519969132381613"
"exdqlm_univar_synth","draw_093",1449,"2021-12-29","forecast","-0.0164649405605694"
"exdqlm_univar_synth","draw_093",1449,"2021-12-30","forecast","-0.531062443713076"
"exdqlm_univar_synth","draw_093",1449,"2021-12-31","forecast","-0.274118117953871"
"exdqlm_univar_synth","draw_093",1449,"2022-01-01","forecast","-0.603153005226336"
"exdqlm_univar_synth","draw_093",1449,"2022-01-02","forecast","-0.558969857174086"
"exdqlm_univar_synth","draw_093",1449,"2022-01-03","forecast","-0.902844452179246"
"exdqlm_univar_synth","draw_093",1449,"2022-01-04","forecast","-0.235700229076145"
"exdqlm_univar_synth","draw_093",1449,"2022-01-05","forecast","-0.221762679831355"
"exdqlm_univar_synth","draw_093",1449,"2022-01-06","forecast","-0.407846478133073"
"exdqlm_univar_synth","draw_093",1449,"2022-01-07","forecast","-0.517973739538817"
"exdqlm_univar_synth","draw_093",1449,"2022-01-08","forecast","-0.977953851795679"
"exdqlm_univar_synth","draw_093",1449,"2022-01-09","forecast","-1.02906985621628"
"exdqlm_univar_synth","draw_093",1449,"2022-01-10","forecast","-1.12908243665709"
"exdqlm_univar_synth","draw_093",1449,"2022-01-11","forecast","-1.43147699707525"
"exdqlm_univar_synth","draw_093",1449,"2022-01-12","forecast","-1.11261858908551"
"exdqlm_univar_synth","draw_093",1449,"2022-01-13","forecast","-1.37713127173056"
"exdqlm_univar_synth","draw_093",1449,"2022-01-14","forecast","-0.918343884780331"
"exdqlm_univar_synth","draw_093",1449,"2022-01-15","forecast","-0.831627760749166"
"exdqlm_univar_synth","draw_093",1449,"2022-01-16","forecast","-0.933623164054428"
"exdqlm_univar_synth","draw_093",1449,"2022-01-17","forecast","-0.954220265112922"
"exdqlm_univar_synth","draw_093",1449,"2022-01-18","forecast","-0.892892712180606"
"exdqlm_univar_synth","draw_094",1465,"2021-12-22","forecast","0.321609931621843"
"exdqlm_univar_synth","draw_094",1465,"2021-12-23","forecast","0.913238103774435"
"exdqlm_univar_synth","draw_094",1465,"2021-12-24","forecast","0.834782101773576"
"exdqlm_univar_synth","draw_094",1465,"2021-12-25","forecast","0.580040950652245"
"exdqlm_univar_synth","draw_094",1465,"2021-12-26","forecast","0.438891358052649"
"exdqlm_univar_synth","draw_094",1465,"2021-12-27","forecast","0.175027089639111"
"exdqlm_univar_synth","draw_094",1465,"2021-12-28","forecast","-0.104621874552876"
"exdqlm_univar_synth","draw_094",1465,"2021-12-29","forecast","-0.198930662818478"
"exdqlm_univar_synth","draw_094",1465,"2021-12-30","forecast","-0.171655065903184"
"exdqlm_univar_synth","draw_094",1465,"2021-12-31","forecast","-0.615069764080809"
"exdqlm_univar_synth","draw_094",1465,"2022-01-01","forecast","-0.601591200996123"
"exdqlm_univar_synth","draw_094",1465,"2022-01-02","forecast","-0.953057261129125"
"exdqlm_univar_synth","draw_094",1465,"2022-01-03","forecast","-0.725555313531115"
"exdqlm_univar_synth","draw_094",1465,"2022-01-04","forecast","-0.230960814223127"
"exdqlm_univar_synth","draw_094",1465,"2022-01-05","forecast","-0.0719610092427248"
"exdqlm_univar_synth","draw_094",1465,"2022-01-06","forecast","-0.659869217257196"
"exdqlm_univar_synth","draw_094",1465,"2022-01-07","forecast","-0.849640694418934"
"exdqlm_univar_synth","draw_094",1465,"2022-01-08","forecast","-1.01237039817321"
"exdqlm_univar_synth","draw_094",1465,"2022-01-09","forecast","-1.41330141134971"
"exdqlm_univar_synth","draw_094",1465,"2022-01-10","forecast","-1.22000548520400"
"exdqlm_univar_synth","draw_094",1465,"2022-01-11","forecast","-0.772041008607679"
"exdqlm_univar_synth","draw_094",1465,"2022-01-12","forecast","-1.39728361438281"
"exdqlm_univar_synth","draw_094",1465,"2022-01-13","forecast","-0.802241408769232"
"exdqlm_univar_synth","draw_094",1465,"2022-01-14","forecast","-1.10861938350768"
"exdqlm_univar_synth","draw_094",1465,"2022-01-15","forecast","-0.830560117709272"
"exdqlm_univar_synth","draw_094",1465,"2022-01-16","forecast","-0.931044876572406"
"exdqlm_univar_synth","draw_094",1465,"2022-01-17","forecast","-1.18804485409040"
"exdqlm_univar_synth","draw_094",1465,"2022-01-18","forecast","-0.905594088749135"
"exdqlm_univar_synth","draw_095",1481,"2021-12-22","forecast","-0.117854776544433"
"exdqlm_univar_synth","draw_095",1481,"2021-12-23","forecast","0.929727857702269"
"exdqlm_univar_synth","draw_095",1481,"2021-12-24","forecast","0.303210645216537"
"exdqlm_univar_synth","draw_095",1481,"2021-12-25","forecast","0.643351845487920"
"exdqlm_univar_synth","draw_095",1481,"2021-12-26","forecast","0.457875011904746"
"exdqlm_univar_synth","draw_095",1481,"2021-12-27","forecast","0.289233678219092"
"exdqlm_univar_synth","draw_095",1481,"2021-12-28","forecast","-0.0782997585072593"
"exdqlm_univar_synth","draw_095",1481,"2021-12-29","forecast","-0.546527462638536"
"exdqlm_univar_synth","draw_095",1481,"2021-12-30","forecast","-0.589801617118558"
"exdqlm_univar_synth","draw_095",1481,"2021-12-31","forecast","-0.317844145679397"
"exdqlm_univar_synth","draw_095",1481,"2022-01-01","forecast","-0.921036833703888"
"exdqlm_univar_synth","draw_095",1481,"2022-01-02","forecast","-1.33408409372497"
"exdqlm_univar_synth","draw_095",1481,"2022-01-03","forecast","-1.05959487418310"
"exdqlm_univar_synth","draw_095",1481,"2022-01-04","forecast","-0.349657358636940"
"exdqlm_univar_synth","draw_095",1481,"2022-01-05","forecast","-0.742711116825653"
"exdqlm_univar_synth","draw_095",1481,"2022-01-06","forecast","-0.852226378453198"
"exdqlm_univar_synth","draw_095",1481,"2022-01-07","forecast","-0.481680580713676"
"exdqlm_univar_synth","draw_095",1481,"2022-01-08","forecast","-0.637608127996959"
"exdqlm_univar_synth","draw_095",1481,"2022-01-09","forecast","-0.821610760971214"
"exdqlm_univar_synth","draw_095",1481,"2022-01-10","forecast","-0.987539738768425"
"exdqlm_univar_synth","draw_095",1481,"2022-01-11","forecast","-0.768660299680024"
"exdqlm_univar_synth","draw_095",1481,"2022-01-12","forecast","-0.985184648433835"
"exdqlm_univar_synth","draw_095",1481,"2022-01-13","forecast","-0.800930337032532"
"exdqlm_univar_synth","draw_095",1481,"2022-01-14","forecast","-0.923093009053988"
"exdqlm_univar_synth","draw_095",1481,"2022-01-15","forecast","-1.15253043534743"
"exdqlm_univar_synth","draw_095",1481,"2022-01-16","forecast","-1.46348831346330"
"exdqlm_univar_synth","draw_095",1481,"2022-01-17","forecast","-0.947745375885248"
"exdqlm_univar_synth","draw_095",1481,"2022-01-18","forecast","-0.893643316440770"
"exdqlm_univar_synth","draw_096",1496,"2021-12-22","forecast","0.430780775862524"
"exdqlm_univar_synth","draw_096",1496,"2021-12-23","forecast","1.05774488993485"
"exdqlm_univar_synth","draw_096",1496,"2021-12-24","forecast","0.748196188697704"
"exdqlm_univar_synth","draw_096",1496,"2021-12-25","forecast","0.0528799317001378"
"exdqlm_univar_synth","draw_096",1496,"2021-12-26","forecast","0.391941658266010"
"exdqlm_univar_synth","draw_096",1496,"2021-12-27","forecast","0.242983207878626"
"exdqlm_univar_synth","draw_096",1496,"2021-12-28","forecast","-0.0562459525875138"
"exdqlm_univar_synth","draw_096",1496,"2021-12-29","forecast","-0.407640947070790"
"exdqlm_univar_synth","draw_096",1496,"2021-12-30","forecast","-0.545410141687764"
"exdqlm_univar_synth","draw_096",1496,"2021-12-31","forecast","-0.298136713327804"
"exdqlm_univar_synth","draw_096",1496,"2022-01-01","forecast","-0.729013938883601"
"exdqlm_univar_synth","draw_096",1496,"2022-01-02","forecast","-0.995769644477808"
"exdqlm_univar_synth","draw_096",1496,"2022-01-03","forecast","-0.739254071511701"
"exdqlm_univar_synth","draw_096",1496,"2022-01-04","forecast","-0.519350755857269"
"exdqlm_univar_synth","draw_096",1496,"2022-01-05","forecast","-0.513588404079603"
"exdqlm_univar_synth","draw_096",1496,"2022-01-06","forecast","-0.395934155758378"
"exdqlm_univar_synth","draw_096",1496,"2022-01-07","forecast","-1.00811809846792"
"exdqlm_univar_synth","draw_096",1496,"2022-01-08","forecast","-0.979734079928151"
"exdqlm_univar_synth","draw_096",1496,"2022-01-09","forecast","-0.816338125459447"
"exdqlm_univar_synth","draw_096",1496,"2022-01-10","forecast","-0.808284009431781"
"exdqlm_univar_synth","draw_096",1496,"2022-01-11","forecast","-0.739430009476965"
"exdqlm_univar_synth","draw_096",1496,"2022-01-12","forecast","-1.30877431822504"
"exdqlm_univar_synth","draw_096",1496,"2022-01-13","forecast","-0.804655760137147"
"exdqlm_univar_synth","draw_096",1496,"2022-01-14","forecast","-1.18361324210059"
"exdqlm_univar_synth","draw_096",1496,"2022-01-15","forecast","-0.800757701248701"
"exdqlm_univar_synth","draw_096",1496,"2022-01-16","forecast","-0.946491384153957"
"exdqlm_univar_synth","draw_096",1496,"2022-01-17","forecast","-1.12544864134271"
"exdqlm_univar_synth","draw_096",1496,"2022-01-18","forecast","-0.866716353042119"
"exdqlm_univar_synth","draw_097",1512,"2021-12-22","forecast","0.100052355492441"
"exdqlm_univar_synth","draw_097",1512,"2021-12-23","forecast","0.641317281255384"
"exdqlm_univar_synth","draw_097",1512,"2021-12-24","forecast","0.644004240758753"
"exdqlm_univar_synth","draw_097",1512,"2021-12-25","forecast","0.498207121114284"
"exdqlm_univar_synth","draw_097",1512,"2021-12-26","forecast","0.212146893893528"
"exdqlm_univar_synth","draw_097",1512,"2021-12-27","forecast","-0.0533605280768218"
"exdqlm_univar_synth","draw_097",1512,"2021-12-28","forecast","-0.00305689541542140"
"exdqlm_univar_synth","draw_097",1512,"2021-12-29","forecast","-0.345994324854325"
"exdqlm_univar_synth","draw_097",1512,"2021-12-30","forecast","-0.106550454356539"
"exdqlm_univar_synth","draw_097",1512,"2021-12-31","forecast","-0.388145970864392"
"exdqlm_univar_synth","draw_097",1512,"2022-01-01","forecast","-0.504548310532334"
"exdqlm_univar_synth","draw_097",1512,"2022-01-02","forecast","-0.984111187096114"
"exdqlm_univar_synth","draw_097",1512,"2022-01-03","forecast","-1.14978875603535"
"exdqlm_univar_synth","draw_097",1512,"2022-01-04","forecast","-0.225142335594940"
"exdqlm_univar_synth","draw_097",1512,"2022-01-05","forecast","-0.192632008801641"
"exdqlm_univar_synth","draw_097",1512,"2022-01-06","forecast","-0.396468028182447"
"exdqlm_univar_synth","draw_097",1512,"2022-01-07","forecast","-1.05726823922033"
"exdqlm_univar_synth","draw_097",1512,"2022-01-08","forecast","-0.693019029251318"
"exdqlm_univar_synth","draw_097",1512,"2022-01-09","forecast","-0.809867146868787"
"exdqlm_univar_synth","draw_097",1512,"2022-01-10","forecast","-1.03643005948418"
"exdqlm_univar_synth","draw_097",1512,"2022-01-11","forecast","-0.916569180568579"
"exdqlm_univar_synth","draw_097",1512,"2022-01-12","forecast","-0.985065408572435"
"exdqlm_univar_synth","draw_097",1512,"2022-01-13","forecast","-1.40389796921522"
"exdqlm_univar_synth","draw_097",1512,"2022-01-14","forecast","-0.921883802405588"
"exdqlm_univar_synth","draw_097",1512,"2022-01-15","forecast","-1.23595217642793"
"exdqlm_univar_synth","draw_097",1512,"2022-01-16","forecast","-0.949551620560230"
"exdqlm_univar_synth","draw_097",1512,"2022-01-17","forecast","-1.29380900913483"
"exdqlm_univar_synth","draw_097",1512,"2022-01-18","forecast","-1.33461570153910"
"exdqlm_univar_synth","draw_098",1528,"2021-12-22","forecast","0.105825897867378"
"exdqlm_univar_synth","draw_098",1528,"2021-12-23","forecast","0.946899522119275"
"exdqlm_univar_synth","draw_098",1528,"2021-12-24","forecast","0.815373946641740"
"exdqlm_univar_synth","draw_098",1528,"2021-12-25","forecast","0.212691776473073"
"exdqlm_univar_synth","draw_098",1528,"2021-12-26","forecast","0.640753394855395"
"exdqlm_univar_synth","draw_098",1528,"2021-12-27","forecast","-0.315862241867080"
"exdqlm_univar_synth","draw_098",1528,"2021-12-28","forecast","-0.159832973845553"
"exdqlm_univar_synth","draw_098",1528,"2021-12-29","forecast","0.0341368489424785"
"exdqlm_univar_synth","draw_098",1528,"2021-12-30","forecast","-0.364603459135656"
"exdqlm_univar_synth","draw_098",1528,"2021-12-31","forecast","-0.856519806344391"
"exdqlm_univar_synth","draw_098",1528,"2022-01-01","forecast","-0.509597519341854"
"exdqlm_univar_synth","draw_098",1528,"2022-01-02","forecast","-0.558011361533164"
"exdqlm_univar_synth","draw_098",1528,"2022-01-03","forecast","-1.04330979691225"
"exdqlm_univar_synth","draw_098",1528,"2022-01-04","forecast","-0.235223399639313"
"exdqlm_univar_synth","draw_098",1528,"2022-01-05","forecast","-0.0719427876950342"
"exdqlm_univar_synth","draw_098",1528,"2022-01-06","forecast","-0.767572300815011"
"exdqlm_univar_synth","draw_098",1528,"2022-01-07","forecast","-0.485005220331724"
"exdqlm_univar_synth","draw_098",1528,"2022-01-08","forecast","-1.04549053199313"
"exdqlm_univar_synth","draw_098",1528,"2022-01-09","forecast","-0.765492528384615"
"exdqlm_univar_synth","draw_098",1528,"2022-01-10","forecast","-0.782885796238674"
"exdqlm_univar_synth","draw_098",1528,"2022-01-11","forecast","-0.781807344076947"
"exdqlm_univar_synth","draw_098",1528,"2022-01-12","forecast","-1.50229581341622"
"exdqlm_univar_synth","draw_098",1528,"2022-01-13","forecast","-0.804268937220503"
"exdqlm_univar_synth","draw_098",1528,"2022-01-14","forecast","-0.920338269793549"
"exdqlm_univar_synth","draw_098",1528,"2022-01-15","forecast","-0.828760297881887"
"exdqlm_univar_synth","draw_098",1528,"2022-01-16","forecast","-1.09336727848906"
"exdqlm_univar_synth","draw_098",1528,"2022-01-17","forecast","-0.948120557372941"
"exdqlm_univar_synth","draw_098",1528,"2022-01-18","forecast","-0.897516104926105"
"exdqlm_univar_synth","draw_099",1544,"2021-12-22","forecast","0.119384446952384"
"exdqlm_univar_synth","draw_099",1544,"2021-12-23","forecast","1.01821614824660"
"exdqlm_univar_synth","draw_099",1544,"2021-12-24","forecast","0.330524785545219"
"exdqlm_univar_synth","draw_099",1544,"2021-12-25","forecast","0.302272474446916"
"exdqlm_univar_synth","draw_099",1544,"2021-12-26","forecast","0.938064183383706"
"exdqlm_univar_synth","draw_099",1544,"2021-12-27","forecast","0.0942118555992528"
"exdqlm_univar_synth","draw_099",1544,"2021-12-28","forecast","-0.0623637931540996"
"exdqlm_univar_synth","draw_099",1544,"2021-12-29","forecast","-0.0784524448273835"
"exdqlm_univar_synth","draw_099",1544,"2021-12-30","forecast","-0.192518113754067"
"exdqlm_univar_synth","draw_099",1544,"2021-12-31","forecast","-0.574407383801247"
"exdqlm_univar_synth","draw_099",1544,"2022-01-01","forecast","-0.509977776304199"
"exdqlm_univar_synth","draw_099",1544,"2022-01-02","forecast","-0.596497536643627"
"exdqlm_univar_synth","draw_099",1544,"2022-01-03","forecast","-0.712257505411195"
"exdqlm_univar_synth","draw_099",1544,"2022-01-04","forecast","-0.321955950660012"
"exdqlm_univar_synth","draw_099",1544,"2022-01-05","forecast","-0.537475527624237"
"exdqlm_univar_synth","draw_099",1544,"2022-01-06","forecast","-0.299512991913820"
"exdqlm_univar_synth","draw_099",1544,"2022-01-07","forecast","-0.393334355431853"
"exdqlm_univar_synth","draw_099",1544,"2022-01-08","forecast","-1.10719483087616"
"exdqlm_univar_synth","draw_099",1544,"2022-01-09","forecast","-0.810549671491518"
"exdqlm_univar_synth","draw_099",1544,"2022-01-10","forecast","-0.856429337374176"
"exdqlm_univar_synth","draw_099",1544,"2022-01-11","forecast","-1.33274054318737"
"exdqlm_univar_synth","draw_099",1544,"2022-01-12","forecast","-0.984833593333788"
"exdqlm_univar_synth","draw_099",1544,"2022-01-13","forecast","-1.01677519893336"
"exdqlm_univar_synth","draw_099",1544,"2022-01-14","forecast","-0.918499121312522"
"exdqlm_univar_synth","draw_099",1544,"2022-01-15","forecast","-1.19300623357301"
"exdqlm_univar_synth","draw_099",1544,"2022-01-16","forecast","-1.36668769164387"
"exdqlm_univar_synth","draw_099",1544,"2022-01-17","forecast","-0.948030413758341"
"exdqlm_univar_synth","draw_099",1544,"2022-01-18","forecast","-0.894078358855456"
"exdqlm_univar_synth","draw_100",1559,"2021-12-22","forecast","-0.0857764177656004"
"exdqlm_univar_synth","draw_100",1559,"2021-12-23","forecast","0.852820528127118"
"exdqlm_univar_synth","draw_100",1559,"2021-12-24","forecast","0.669954738641800"
"exdqlm_univar_synth","draw_100",1559,"2021-12-25","forecast","0.319446687844998"
"exdqlm_univar_synth","draw_100",1559,"2021-12-26","forecast","0.659173337523806"
"exdqlm_univar_synth","draw_100",1559,"2021-12-27","forecast","-0.0638332322562294"
"exdqlm_univar_synth","draw_100",1559,"2021-12-28","forecast","-0.111199862449077"
"exdqlm_univar_synth","draw_100",1559,"2021-12-29","forecast","0.00974907146214049"
"exdqlm_univar_synth","draw_100",1559,"2021-12-30","forecast","-0.0635742091523756"
"exdqlm_univar_synth","draw_100",1559,"2021-12-31","forecast","-0.593781888585756"
"exdqlm_univar_synth","draw_100",1559,"2022-01-01","forecast","-0.935973103539095"
"exdqlm_univar_synth","draw_100",1559,"2022-01-02","forecast","-0.561752093835698"
"exdqlm_univar_synth","draw_100",1559,"2022-01-03","forecast","-0.728982275724054"
"exdqlm_univar_synth","draw_100",1559,"2022-01-04","forecast","-0.663172811147397"
"exdqlm_univar_synth","draw_100",1559,"2022-01-05","forecast","-0.0689439803707282"
"exdqlm_univar_synth","draw_100",1559,"2022-01-06","forecast","-0.393725492291122"
"exdqlm_univar_synth","draw_100",1559,"2022-01-07","forecast","-0.478910949070974"
"exdqlm_univar_synth","draw_100",1559,"2022-01-08","forecast","-0.955544732307163"
"exdqlm_univar_synth","draw_100",1559,"2022-01-09","forecast","-0.809852551135032"
"exdqlm_univar_synth","draw_100",1559,"2022-01-10","forecast","-1.13235476815308"
"exdqlm_univar_synth","draw_100",1559,"2022-01-11","forecast","-0.940532757607531"
"exdqlm_univar_synth","draw_100",1559,"2022-01-12","forecast","-0.986895390357862"
"exdqlm_univar_synth","draw_100",1559,"2022-01-13","forecast","-0.703071682664122"
"exdqlm_univar_synth","draw_100",1559,"2022-01-14","forecast","-1.31714403943049"
"exdqlm_univar_synth","draw_100",1559,"2022-01-15","forecast","-0.924437217447407"
"exdqlm_univar_synth","draw_100",1559,"2022-01-16","forecast","-1.22388285388560"
"exdqlm_univar_synth","draw_100",1559,"2022-01-17","forecast","-1.02052421235700"
"exdqlm_univar_synth","draw_100",1559,"2022-01-18","forecast","-1.35099225066329"
"exdqlm_univar_synth","draw_101",1575,"2021-12-22","forecast","0.135142228159716"
"exdqlm_univar_synth","draw_101",1575,"2021-12-23","forecast","1.01017233851504"
"exdqlm_univar_synth","draw_101",1575,"2021-12-24","forecast","0.646696104059581"
"exdqlm_univar_synth","draw_101",1575,"2021-12-25","forecast","0.432191964827006"
"exdqlm_univar_synth","draw_101",1575,"2021-12-26","forecast","-0.0826675344094819"
"exdqlm_univar_synth","draw_101",1575,"2021-12-27","forecast","0.399095559512636"
"exdqlm_univar_synth","draw_101",1575,"2021-12-28","forecast","-0.0744388387920988"
"exdqlm_univar_synth","draw_101",1575,"2021-12-29","forecast","-0.0335037835622959"
"exdqlm_univar_synth","draw_101",1575,"2021-12-30","forecast","-0.269240720453415"
"exdqlm_univar_synth","draw_101",1575,"2021-12-31","forecast","-0.629729894113967"
"exdqlm_univar_synth","draw_101",1575,"2022-01-01","forecast","-0.520662705120290"
"exdqlm_univar_synth","draw_101",1575,"2022-01-02","forecast","-0.578054616244666"
"exdqlm_univar_synth","draw_101",1575,"2022-01-03","forecast","-0.712940225842385"
"exdqlm_univar_synth","draw_101",1575,"2022-01-04","forecast","-0.441268507542487"
"exdqlm_univar_synth","draw_101",1575,"2022-01-05","forecast","-0.0777984900994944"
"exdqlm_univar_synth","draw_101",1575,"2022-01-06","forecast","-0.598133975377004"
"exdqlm_univar_synth","draw_101",1575,"2022-01-07","forecast","-0.480657393363594"
"exdqlm_univar_synth","draw_101",1575,"2022-01-08","forecast","-0.781647610603637"
"exdqlm_univar_synth","draw_101",1575,"2022-01-09","forecast","-1.26039061153237"
"exdqlm_univar_synth","draw_101",1575,"2022-01-10","forecast","-1.03262110703412"
"exdqlm_univar_synth","draw_101",1575,"2022-01-11","forecast","-0.762991671168676"
"exdqlm_univar_synth","draw_101",1575,"2022-01-12","forecast","-0.985037749307785"
"exdqlm_univar_synth","draw_101",1575,"2022-01-13","forecast","-0.798763219113582"
"exdqlm_univar_synth","draw_101",1575,"2022-01-14","forecast","-0.916761371466397"
"exdqlm_univar_synth","draw_101",1575,"2022-01-15","forecast","-0.830265555276096"
"exdqlm_univar_synth","draw_101",1575,"2022-01-16","forecast","-0.931098830945624"
"exdqlm_univar_synth","draw_101",1575,"2022-01-17","forecast","-0.960532004105428"
"exdqlm_univar_synth","draw_101",1575,"2022-01-18","forecast","-0.912502829779986"
"exdqlm_univar_synth","draw_102",1591,"2021-12-22","forecast","0.424994282657896"
"exdqlm_univar_synth","draw_102",1591,"2021-12-23","forecast","0.976082168903555"
"exdqlm_univar_synth","draw_102",1591,"2021-12-24","forecast","0.611171335882621"
"exdqlm_univar_synth","draw_102",1591,"2021-12-25","forecast","0.424963326481146"
"exdqlm_univar_synth","draw_102",1591,"2021-12-26","forecast","0.478795335772280"
"exdqlm_univar_synth","draw_102",1591,"2021-12-27","forecast","0.173847732040711"
"exdqlm_univar_synth","draw_102",1591,"2021-12-28","forecast","-0.0866813547298500"
"exdqlm_univar_synth","draw_102",1591,"2021-12-29","forecast","-0.123008486157001"
"exdqlm_univar_synth","draw_102",1591,"2021-12-30","forecast","-0.0589202896498228"
"exdqlm_univar_synth","draw_102",1591,"2021-12-31","forecast","-0.803812406607599"
"exdqlm_univar_synth","draw_102",1591,"2022-01-01","forecast","-0.505485814293082"
"exdqlm_univar_synth","draw_102",1591,"2022-01-02","forecast","-0.904063466407078"
"exdqlm_univar_synth","draw_102",1591,"2022-01-03","forecast","-1.07002838001768"
"exdqlm_univar_synth","draw_102",1591,"2022-01-04","forecast","-0.550609761412145"
"exdqlm_univar_synth","draw_102",1591,"2022-01-05","forecast","-0.0709062827583547"
"exdqlm_univar_synth","draw_102",1591,"2022-01-06","forecast","-0.733925378152756"
"exdqlm_univar_synth","draw_102",1591,"2022-01-07","forecast","-0.488525559670950"
"exdqlm_univar_synth","draw_102",1591,"2022-01-08","forecast","-0.919649196135522"
"exdqlm_univar_synth","draw_102",1591,"2022-01-09","forecast","-0.927525835605884"
"exdqlm_univar_synth","draw_102",1591,"2022-01-10","forecast","-0.788972390213462"
"exdqlm_univar_synth","draw_102",1591,"2022-01-11","forecast","-0.774603551036858"
"exdqlm_univar_synth","draw_102",1591,"2022-01-12","forecast","-0.986709720908079"
"exdqlm_univar_synth","draw_102",1591,"2022-01-13","forecast","-1.05677040899454"
"exdqlm_univar_synth","draw_102",1591,"2022-01-14","forecast","-1.15119364991679"
"exdqlm_univar_synth","draw_102",1591,"2022-01-15","forecast","-1.16548058206741"
"exdqlm_univar_synth","draw_102",1591,"2022-01-16","forecast","-0.931273391453554"
"exdqlm_univar_synth","draw_102",1591,"2022-01-17","forecast","-0.952756576789415"
"exdqlm_univar_synth","draw_102",1591,"2022-01-18","forecast","-0.894652909443673"
"exdqlm_univar_synth","draw_103",1606,"2021-12-22","forecast","0.0983922232521612"
"exdqlm_univar_synth","draw_103",1606,"2021-12-23","forecast","0.600612606279694"
"exdqlm_univar_synth","draw_103",1606,"2021-12-24","forecast","0.493538039261884"
"exdqlm_univar_synth","draw_103",1606,"2021-12-25","forecast","0.380247679098322"
"exdqlm_univar_synth","draw_103",1606,"2021-12-26","forecast","0.360465765694186"
"exdqlm_univar_synth","draw_103",1606,"2021-12-27","forecast","0.173178599075817"
"exdqlm_univar_synth","draw_103",1606,"2021-12-28","forecast","-0.237130594972333"
"exdqlm_univar_synth","draw_103",1606,"2021-12-29","forecast","-0.0233166691422679"
"exdqlm_univar_synth","draw_103",1606,"2021-12-30","forecast","-0.159272105006775"
"exdqlm_univar_synth","draw_103",1606,"2021-12-31","forecast","-0.748469477373630"
"exdqlm_univar_synth","draw_103",1606,"2022-01-01","forecast","-0.506826794916898"
"exdqlm_univar_synth","draw_103",1606,"2022-01-02","forecast","-0.932843863349202"
"exdqlm_univar_synth","draw_103",1606,"2022-01-03","forecast","-1.07115636985059"
"exdqlm_univar_synth","draw_103",1606,"2022-01-04","forecast","-0.878251825221922"
"exdqlm_univar_synth","draw_103",1606,"2022-01-05","forecast","0.0930906871072716"
"exdqlm_univar_synth","draw_103",1606,"2022-01-06","forecast","-0.870671875499471"
"exdqlm_univar_synth","draw_103",1606,"2022-01-07","forecast","-0.966064172061582"
"exdqlm_univar_synth","draw_103",1606,"2022-01-08","forecast","-0.967344962289186"
"exdqlm_univar_synth","draw_103",1606,"2022-01-09","forecast","-1.25765893413280"
"exdqlm_univar_synth","draw_103",1606,"2022-01-10","forecast","-0.782911931968087"
"exdqlm_univar_synth","draw_103",1606,"2022-01-11","forecast","-0.763496446373318"
"exdqlm_univar_synth","draw_103",1606,"2022-01-12","forecast","-1.14751124869880"
"exdqlm_univar_synth","draw_103",1606,"2022-01-13","forecast","-0.806213468927015"
"exdqlm_univar_synth","draw_103",1606,"2022-01-14","forecast","-0.924463987715973"
"exdqlm_univar_synth","draw_103",1606,"2022-01-15","forecast","-1.13214221521481"
"exdqlm_univar_synth","draw_103",1606,"2022-01-16","forecast","-1.08877815354453"
"exdqlm_univar_synth","draw_103",1606,"2022-01-17","forecast","-0.949084922438606"
"exdqlm_univar_synth","draw_103",1606,"2022-01-18","forecast","-0.891231095612870"
"exdqlm_univar_synth","draw_104",1622,"2021-12-22","forecast","0.0456582832337804"
"exdqlm_univar_synth","draw_104",1622,"2021-12-23","forecast","0.643737076198861"
"exdqlm_univar_synth","draw_104",1622,"2021-12-24","forecast","0.844804287785348"
"exdqlm_univar_synth","draw_104",1622,"2021-12-25","forecast","0.331577377585022"
"exdqlm_univar_synth","draw_104",1622,"2021-12-26","forecast","0.109998487599547"
"exdqlm_univar_synth","draw_104",1622,"2021-12-27","forecast","0.148506726337594"
"exdqlm_univar_synth","draw_104",1622,"2021-12-28","forecast","0.0644159258415012"
"exdqlm_univar_synth","draw_104",1622,"2021-12-29","forecast","0.137349354575997"
"exdqlm_univar_synth","draw_104",1622,"2021-12-30","forecast","-0.225128272352034"
"exdqlm_univar_synth","draw_104",1622,"2021-12-31","forecast","-0.395617416676205"
"exdqlm_univar_synth","draw_104",1622,"2022-01-01","forecast","-0.582651489479095"
"exdqlm_univar_synth","draw_104",1622,"2022-01-02","forecast","-0.742195741733747"
"exdqlm_univar_synth","draw_104",1622,"2022-01-03","forecast","-0.727184186046309"
"exdqlm_univar_synth","draw_104",1622,"2022-01-04","forecast","-0.235102741389706"
"exdqlm_univar_synth","draw_104",1622,"2022-01-05","forecast","-0.0731837426343601"
"exdqlm_univar_synth","draw_104",1622,"2022-01-06","forecast","-0.861038000485040"
"exdqlm_univar_synth","draw_104",1622,"2022-01-07","forecast","-0.482108962474707"
"exdqlm_univar_synth","draw_104",1622,"2022-01-08","forecast","-0.742109629462586"
"exdqlm_univar_synth","draw_104",1622,"2022-01-09","forecast","-0.968116312668283"
"exdqlm_univar_synth","draw_104",1622,"2022-01-10","forecast","-1.02933412642620"
"exdqlm_univar_synth","draw_104",1622,"2022-01-11","forecast","-0.762564928838966"
"exdqlm_univar_synth","draw_104",1622,"2022-01-12","forecast","-0.988599597724037"
"exdqlm_univar_synth","draw_104",1622,"2022-01-13","forecast","-1.29300551084218"
"exdqlm_univar_synth","draw_104",1622,"2022-01-14","forecast","-0.917900816400159"
"exdqlm_univar_synth","draw_104",1622,"2022-01-15","forecast","-0.830653702053009"
"exdqlm_univar_synth","draw_104",1622,"2022-01-16","forecast","-1.22646968033854"
"exdqlm_univar_synth","draw_104",1622,"2022-01-17","forecast","-1.29165567906507"
"exdqlm_univar_synth","draw_104",1622,"2022-01-18","forecast","-1.09383809125873"
"exdqlm_univar_synth","draw_105",1638,"2021-12-22","forecast","0.230015301003954"
"exdqlm_univar_synth","draw_105",1638,"2021-12-23","forecast","0.828458124174879"
"exdqlm_univar_synth","draw_105",1638,"2021-12-24","forecast","0.809585982565244"
"exdqlm_univar_synth","draw_105",1638,"2021-12-25","forecast","0.636446261086084"
"exdqlm_univar_synth","draw_105",1638,"2021-12-26","forecast","0.0115514444198581"
"exdqlm_univar_synth","draw_105",1638,"2021-12-27","forecast","0.177394941535684"
"exdqlm_univar_synth","draw_105",1638,"2021-12-28","forecast","-0.252157979729875"
"exdqlm_univar_synth","draw_105",1638,"2021-12-29","forecast","0.0272368421719412"
"exdqlm_univar_synth","draw_105",1638,"2021-12-30","forecast","-0.194314294423318"
"exdqlm_univar_synth","draw_105",1638,"2021-12-31","forecast","-0.250081764483640"
"exdqlm_univar_synth","draw_105",1638,"2022-01-01","forecast","-0.976665516241256"
"exdqlm_univar_synth","draw_105",1638,"2022-01-02","forecast","-0.561293257150824"
"exdqlm_univar_synth","draw_105",1638,"2022-01-03","forecast","-0.811916195413019"
"exdqlm_univar_synth","draw_105",1638,"2022-01-04","forecast","-0.608000491481058"
"exdqlm_univar_synth","draw_105",1638,"2022-01-05","forecast","-0.0701665167508941"
"exdqlm_univar_synth","draw_105",1638,"2022-01-06","forecast","-1.01685078381579"
"exdqlm_univar_synth","draw_105",1638,"2022-01-07","forecast","-1.03155769023305"
"exdqlm_univar_synth","draw_105",1638,"2022-01-08","forecast","-0.665276153843548"
"exdqlm_univar_synth","draw_105",1638,"2022-01-09","forecast","-0.810154562139013"
"exdqlm_univar_synth","draw_105",1638,"2022-01-10","forecast","-0.941530797642376"
"exdqlm_univar_synth","draw_105",1638,"2022-01-11","forecast","-0.735380030210378"
"exdqlm_univar_synth","draw_105",1638,"2022-01-12","forecast","-1.51005881030776"
"exdqlm_univar_synth","draw_105",1638,"2022-01-13","forecast","-0.800269768953177"
"exdqlm_univar_synth","draw_105",1638,"2022-01-14","forecast","-0.923936395418235"
"exdqlm_univar_synth","draw_105",1638,"2022-01-15","forecast","-1.22853012128323"
"exdqlm_univar_synth","draw_105",1638,"2022-01-16","forecast","-0.945303699376062"
"exdqlm_univar_synth","draw_105",1638,"2022-01-17","forecast","-1.13837177984354"
"exdqlm_univar_synth","draw_105",1638,"2022-01-18","forecast","-0.896957422943443"
"exdqlm_univar_synth","draw_106",1654,"2021-12-22","forecast","0.224733573378160"
"exdqlm_univar_synth","draw_106",1654,"2021-12-23","forecast","0.546438556098352"
"exdqlm_univar_synth","draw_106",1654,"2021-12-24","forecast","0.593448454092370"
"exdqlm_univar_synth","draw_106",1654,"2021-12-25","forecast","0.607236772937498"
"exdqlm_univar_synth","draw_106",1654,"2021-12-26","forecast","0.0883640362477213"
"exdqlm_univar_synth","draw_106",1654,"2021-12-27","forecast","0.110536691223037"
"exdqlm_univar_synth","draw_106",1654,"2021-12-28","forecast","-0.416842739230327"
"exdqlm_univar_synth","draw_106",1654,"2021-12-29","forecast","0.0323769234412469"
"exdqlm_univar_synth","draw_106",1654,"2021-12-30","forecast","-0.0967909737194703"
"exdqlm_univar_synth","draw_106",1654,"2021-12-31","forecast","-0.819039014116448"
"exdqlm_univar_synth","draw_106",1654,"2022-01-01","forecast","-0.806855127739094"
"exdqlm_univar_synth","draw_106",1654,"2022-01-02","forecast","-0.812815521931312"
"exdqlm_univar_synth","draw_106",1654,"2022-01-03","forecast","-0.714850554456808"
"exdqlm_univar_synth","draw_106",1654,"2022-01-04","forecast","-0.235102862569581"
"exdqlm_univar_synth","draw_106",1654,"2022-01-05","forecast","-0.477091049782838"
"exdqlm_univar_synth","draw_106",1654,"2022-01-06","forecast","-0.468975053323126"
"exdqlm_univar_synth","draw_106",1654,"2022-01-07","forecast","-0.496483876521356"
"exdqlm_univar_synth","draw_106",1654,"2022-01-08","forecast","-0.644553010108645"
"exdqlm_univar_synth","draw_106",1654,"2022-01-09","forecast","-0.977774314643676"
"exdqlm_univar_synth","draw_106",1654,"2022-01-10","forecast","-0.637287169558858"
"exdqlm_univar_synth","draw_106",1654,"2022-01-11","forecast","-1.18181901506901"
"exdqlm_univar_synth","draw_106",1654,"2022-01-12","forecast","-1.47417727201421"
"exdqlm_univar_synth","draw_106",1654,"2022-01-13","forecast","-1.15699499540745"
"exdqlm_univar_synth","draw_106",1654,"2022-01-14","forecast","-1.17481283872731"
"exdqlm_univar_synth","draw_106",1654,"2022-01-15","forecast","-1.20235552624198"
"exdqlm_univar_synth","draw_106",1654,"2022-01-16","forecast","-0.932716027991586"
"exdqlm_univar_synth","draw_106",1654,"2022-01-17","forecast","-0.938592764052299"
"exdqlm_univar_synth","draw_106",1654,"2022-01-18","forecast","-0.892113782310625"
"exdqlm_univar_synth","draw_107",1669,"2021-12-22","forecast","0.285515363772633"
"exdqlm_univar_synth","draw_107",1669,"2021-12-23","forecast","0.809708547929725"
"exdqlm_univar_synth","draw_107",1669,"2021-12-24","forecast","0.504985328658924"
"exdqlm_univar_synth","draw_107",1669,"2021-12-25","forecast","0.460379955369151"
"exdqlm_univar_synth","draw_107",1669,"2021-12-26","forecast","0.656125480830709"
"exdqlm_univar_synth","draw_107",1669,"2021-12-27","forecast","-0.0978800156022254"
"exdqlm_univar_synth","draw_107",1669,"2021-12-28","forecast","-0.0768493501185845"
"exdqlm_univar_synth","draw_107",1669,"2021-12-29","forecast","0.166955409919987"
"exdqlm_univar_synth","draw_107",1669,"2021-12-30","forecast","-0.322024481107446"
"exdqlm_univar_synth","draw_107",1669,"2021-12-31","forecast","-0.297871338859777"
"exdqlm_univar_synth","draw_107",1669,"2022-01-01","forecast","-0.522827278045308"
"exdqlm_univar_synth","draw_107",1669,"2022-01-02","forecast","-0.812922515923829"
"exdqlm_univar_synth","draw_107",1669,"2022-01-03","forecast","-1.19906364271209"
"exdqlm_univar_synth","draw_107",1669,"2022-01-04","forecast","-0.464197662701343"
"exdqlm_univar_synth","draw_107",1669,"2022-01-05","forecast","-0.422384256042816"
"exdqlm_univar_synth","draw_107",1669,"2022-01-06","forecast","-0.402348066081571"
"exdqlm_univar_synth","draw_107",1669,"2022-01-07","forecast","-0.560754917568314"
"exdqlm_univar_synth","draw_107",1669,"2022-01-08","forecast","-0.646567463606136"
"exdqlm_univar_synth","draw_107",1669,"2022-01-09","forecast","-1.17457099359031"
"exdqlm_univar_synth","draw_107",1669,"2022-01-10","forecast","-0.786962270806456"
"exdqlm_univar_synth","draw_107",1669,"2022-01-11","forecast","-0.784804292012948"
"exdqlm_univar_synth","draw_107",1669,"2022-01-12","forecast","-0.986095373031766"
"exdqlm_univar_synth","draw_107",1669,"2022-01-13","forecast","-0.802397160721141"
"exdqlm_univar_synth","draw_107",1669,"2022-01-14","forecast","-0.915974612126876"
"exdqlm_univar_synth","draw_107",1669,"2022-01-15","forecast","-1.22496309214873"
"exdqlm_univar_synth","draw_107",1669,"2022-01-16","forecast","-1.39200183443080"
"exdqlm_univar_synth","draw_107",1669,"2022-01-17","forecast","-1.24191374444809"
"exdqlm_univar_synth","draw_107",1669,"2022-01-18","forecast","-0.913777564543465"
"exdqlm_univar_synth","draw_108",1685,"2021-12-22","forecast","-0.0739446203247375"
"exdqlm_univar_synth","draw_108",1685,"2021-12-23","forecast","1.19145317890661"
"exdqlm_univar_synth","draw_108",1685,"2021-12-24","forecast","0.899465946034785"
"exdqlm_univar_synth","draw_108",1685,"2021-12-25","forecast","0.680980325134611"
"exdqlm_univar_synth","draw_108",1685,"2021-12-26","forecast","-0.113272980419352"
"exdqlm_univar_synth","draw_108",1685,"2021-12-27","forecast","0.0458238174622418"
"exdqlm_univar_synth","draw_108",1685,"2021-12-28","forecast","-0.0628124093487108"
"exdqlm_univar_synth","draw_108",1685,"2021-12-29","forecast","-0.0431782883223872"
"exdqlm_univar_synth","draw_108",1685,"2021-12-30","forecast","-0.0661325934024966"
"exdqlm_univar_synth","draw_108",1685,"2021-12-31","forecast","-0.303865595473802"
"exdqlm_univar_synth","draw_108",1685,"2022-01-01","forecast","-0.506253908683095"
"exdqlm_univar_synth","draw_108",1685,"2022-01-02","forecast","-0.558783317338585"
"exdqlm_univar_synth","draw_108",1685,"2022-01-03","forecast","-0.921854032345277"
"exdqlm_univar_synth","draw_108",1685,"2022-01-04","forecast","-0.514463618325189"
"exdqlm_univar_synth","draw_108",1685,"2022-01-05","forecast","-0.203921388440539"
"exdqlm_univar_synth","draw_108",1685,"2022-01-06","forecast","-0.467850970021212"
"exdqlm_univar_synth","draw_108",1685,"2022-01-07","forecast","-0.705693034869886"
"exdqlm_univar_synth","draw_108",1685,"2022-01-08","forecast","-0.645812914613648"
"exdqlm_univar_synth","draw_108",1685,"2022-01-09","forecast","-1.24132433691190"
"exdqlm_univar_synth","draw_108",1685,"2022-01-10","forecast","-0.911866517952111"
"exdqlm_univar_synth","draw_108",1685,"2022-01-11","forecast","-1.25400913302996"
"exdqlm_univar_synth","draw_108",1685,"2022-01-12","forecast","-0.987607722496678"
"exdqlm_univar_synth","draw_108",1685,"2022-01-13","forecast","-0.798849304741619"
"exdqlm_univar_synth","draw_108",1685,"2022-01-14","forecast","-0.918470111260866"
"exdqlm_univar_synth","draw_108",1685,"2022-01-15","forecast","-0.833143911866906"
"exdqlm_univar_synth","draw_108",1685,"2022-01-16","forecast","-1.09706333916330"
"exdqlm_univar_synth","draw_108",1685,"2022-01-17","forecast","-1.29054718342200"
"exdqlm_univar_synth","draw_108",1685,"2022-01-18","forecast","-0.895081932790141"
"exdqlm_univar_synth","draw_109",1701,"2021-12-22","forecast","0.215535125039064"
"exdqlm_univar_synth","draw_109",1701,"2021-12-23","forecast","1.13968682078482"
"exdqlm_univar_synth","draw_109",1701,"2021-12-24","forecast","0.737051930761759"
"exdqlm_univar_synth","draw_109",1701,"2021-12-25","forecast","0.346802676958885"
"exdqlm_univar_synth","draw_109",1701,"2021-12-26","forecast","0.0876360950249964"
"exdqlm_univar_synth","draw_109",1701,"2021-12-27","forecast","0.208552609786668"
"exdqlm_univar_synth","draw_109",1701,"2021-12-28","forecast","-0.506340538834305"
"exdqlm_univar_synth","draw_109",1701,"2021-12-29","forecast","-0.342658191228786"
"exdqlm_univar_synth","draw_109",1701,"2021-12-30","forecast","-0.0870317431055981"
"exdqlm_univar_synth","draw_109",1701,"2021-12-31","forecast","-0.298675654740353"
"exdqlm_univar_synth","draw_109",1701,"2022-01-01","forecast","-0.852595186683723"
"exdqlm_univar_synth","draw_109",1701,"2022-01-02","forecast","-0.770645106963580"
"exdqlm_univar_synth","draw_109",1701,"2022-01-03","forecast","-0.764951355310045"
"exdqlm_univar_synth","draw_109",1701,"2022-01-04","forecast","-0.235096647046054"
"exdqlm_univar_synth","draw_109",1701,"2022-01-05","forecast","-0.0541182255044919"
"exdqlm_univar_synth","draw_109",1701,"2022-01-06","forecast","-0.352581846949236"
"exdqlm_univar_synth","draw_109",1701,"2022-01-07","forecast","-0.488554013697547"
"exdqlm_univar_synth","draw_109",1701,"2022-01-08","forecast","-0.642296782722817"
"exdqlm_univar_synth","draw_109",1701,"2022-01-09","forecast","-0.811272828395745"
"exdqlm_univar_synth","draw_109",1701,"2022-01-10","forecast","-1.20717063599443"
"exdqlm_univar_synth","draw_109",1701,"2022-01-11","forecast","-0.763228303346729"
"exdqlm_univar_synth","draw_109",1701,"2022-01-12","forecast","-0.983066806163600"
"exdqlm_univar_synth","draw_109",1701,"2022-01-13","forecast","-1.14913937363458"
"exdqlm_univar_synth","draw_109",1701,"2022-01-14","forecast","-0.916299504827791"
"exdqlm_univar_synth","draw_109",1701,"2022-01-15","forecast","-0.828448038711284"
"exdqlm_univar_synth","draw_109",1701,"2022-01-16","forecast","-0.946602024518920"
"exdqlm_univar_synth","draw_109",1701,"2022-01-17","forecast","-0.768794281031753"
"exdqlm_univar_synth","draw_109",1701,"2022-01-18","forecast","-1.33615542180355"
"exdqlm_univar_synth","draw_110",1717,"2021-12-22","forecast","0.311911836883617"
"exdqlm_univar_synth","draw_110",1717,"2021-12-23","forecast","0.821095404392712"
"exdqlm_univar_synth","draw_110",1717,"2021-12-24","forecast","0.238168049590212"
"exdqlm_univar_synth","draw_110",1717,"2021-12-25","forecast","0.565142379080551"
"exdqlm_univar_synth","draw_110",1717,"2021-12-26","forecast","0.641191727062249"
"exdqlm_univar_synth","draw_110",1717,"2021-12-27","forecast","0.224335578328074"
"exdqlm_univar_synth","draw_110",1717,"2021-12-28","forecast","-0.644951910465028"
"exdqlm_univar_synth","draw_110",1717,"2021-12-29","forecast","0.245056749916620"
"exdqlm_univar_synth","draw_110",1717,"2021-12-30","forecast","-0.0316192410167310"
"exdqlm_univar_synth","draw_110",1717,"2021-12-31","forecast","-0.457701981104230"
"exdqlm_univar_synth","draw_110",1717,"2022-01-01","forecast","-0.509007833126160"
"exdqlm_univar_synth","draw_110",1717,"2022-01-02","forecast","-0.552950649942533"
"exdqlm_univar_synth","draw_110",1717,"2022-01-03","forecast","-0.723545327074722"
"exdqlm_univar_synth","draw_110",1717,"2022-01-04","forecast","-0.642917163839838"
"exdqlm_univar_synth","draw_110",1717,"2022-01-05","forecast","0.129247772810966"
"exdqlm_univar_synth","draw_110",1717,"2022-01-06","forecast","-0.517178868552238"
"exdqlm_univar_synth","draw_110",1717,"2022-01-07","forecast","-0.618993272184034"
"exdqlm_univar_synth","draw_110",1717,"2022-01-08","forecast","-0.645107475994405"
"exdqlm_univar_synth","draw_110",1717,"2022-01-09","forecast","-0.717421838831869"
"exdqlm_univar_synth","draw_110",1717,"2022-01-10","forecast","-0.806741095684148"
"exdqlm_univar_synth","draw_110",1717,"2022-01-11","forecast","-0.785209732660994"
"exdqlm_univar_synth","draw_110",1717,"2022-01-12","forecast","-1.23873312677649"
"exdqlm_univar_synth","draw_110",1717,"2022-01-13","forecast","-0.801527637552468"
"exdqlm_univar_synth","draw_110",1717,"2022-01-14","forecast","-0.915667577937957"
"exdqlm_univar_synth","draw_110",1717,"2022-01-15","forecast","-0.830519998585525"
"exdqlm_univar_synth","draw_110",1717,"2022-01-16","forecast","-0.943462167347483"
"exdqlm_univar_synth","draw_110",1717,"2022-01-17","forecast","-0.936590011183634"
"exdqlm_univar_synth","draw_110",1717,"2022-01-18","forecast","-1.18437272767437"
"exdqlm_univar_synth","draw_111",1732,"2021-12-22","forecast","0.0196028391372428"
"exdqlm_univar_synth","draw_111",1732,"2021-12-23","forecast","1.21748155626578"
"exdqlm_univar_synth","draw_111",1732,"2021-12-24","forecast","0.575595785898594"
"exdqlm_univar_synth","draw_111",1732,"2021-12-25","forecast","0.649428897891445"
"exdqlm_univar_synth","draw_111",1732,"2021-12-26","forecast","0.514304286515854"
"exdqlm_univar_synth","draw_111",1732,"2021-12-27","forecast","0.177680123440133"
"exdqlm_univar_synth","draw_111",1732,"2021-12-28","forecast","-0.0711830332668311"
"exdqlm_univar_synth","draw_111",1732,"2021-12-29","forecast","-0.310614536989288"
"exdqlm_univar_synth","draw_111",1732,"2021-12-30","forecast","-0.144616664580967"
"exdqlm_univar_synth","draw_111",1732,"2021-12-31","forecast","-0.822269749242354"
"exdqlm_univar_synth","draw_111",1732,"2022-01-01","forecast","-0.971774361097952"
"exdqlm_univar_synth","draw_111",1732,"2022-01-02","forecast","-0.598873981695218"
"exdqlm_univar_synth","draw_111",1732,"2022-01-03","forecast","-0.690389952806688"
"exdqlm_univar_synth","draw_111",1732,"2022-01-04","forecast","-0.706002675959788"
"exdqlm_univar_synth","draw_111",1732,"2022-01-05","forecast","-0.382266406438642"
"exdqlm_univar_synth","draw_111",1732,"2022-01-06","forecast","-0.716317378322174"
"exdqlm_univar_synth","draw_111",1732,"2022-01-07","forecast","-0.477428449021931"
"exdqlm_univar_synth","draw_111",1732,"2022-01-08","forecast","-1.05216939022820"
"exdqlm_univar_synth","draw_111",1732,"2022-01-09","forecast","-0.847128715825309"
"exdqlm_univar_synth","draw_111",1732,"2022-01-10","forecast","-1.02448164636320"
"exdqlm_univar_synth","draw_111",1732,"2022-01-11","forecast","-0.768201235213990"
"exdqlm_univar_synth","draw_111",1732,"2022-01-12","forecast","-0.985167581496806"
"exdqlm_univar_synth","draw_111",1732,"2022-01-13","forecast","-0.802454216715042"
"exdqlm_univar_synth","draw_111",1732,"2022-01-14","forecast","-0.917839610824386"
"exdqlm_univar_synth","draw_111",1732,"2022-01-15","forecast","-0.974591971518781"
"exdqlm_univar_synth","draw_111",1732,"2022-01-16","forecast","-1.59135491335218"
"exdqlm_univar_synth","draw_111",1732,"2022-01-17","forecast","-1.38644789710484"
"exdqlm_univar_synth","draw_111",1732,"2022-01-18","forecast","-0.897420205930582"
"exdqlm_univar_synth","draw_112",1748,"2021-12-22","forecast","-0.0204066980293904"
"exdqlm_univar_synth","draw_112",1748,"2021-12-23","forecast","1.21505301207189"
"exdqlm_univar_synth","draw_112",1748,"2021-12-24","forecast","0.0955216619921586"
"exdqlm_univar_synth","draw_112",1748,"2021-12-25","forecast","0.597239442495064"
"exdqlm_univar_synth","draw_112",1748,"2021-12-26","forecast","0.592631035514548"
"exdqlm_univar_synth","draw_112",1748,"2021-12-27","forecast","0.174631671988121"
"exdqlm_univar_synth","draw_112",1748,"2021-12-28","forecast","-0.0762206213499017"
"exdqlm_univar_synth","draw_112",1748,"2021-12-29","forecast","0.0468626321703994"
"exdqlm_univar_synth","draw_112",1748,"2021-12-30","forecast","-0.0852957284020215"
"exdqlm_univar_synth","draw_112",1748,"2021-12-31","forecast","-0.286532561403888"
"exdqlm_univar_synth","draw_112",1748,"2022-01-01","forecast","-0.830211275636082"
"exdqlm_univar_synth","draw_112",1748,"2022-01-02","forecast","-0.888732857799277"
"exdqlm_univar_synth","draw_112",1748,"2022-01-03","forecast","-0.729060241766950"
"exdqlm_univar_synth","draw_112",1748,"2022-01-04","forecast","-0.746813882447910"
"exdqlm_univar_synth","draw_112",1748,"2022-01-05","forecast","-0.393990254151710"
"exdqlm_univar_synth","draw_112",1748,"2022-01-06","forecast","-0.407346880502527"
"exdqlm_univar_synth","draw_112",1748,"2022-01-07","forecast","-0.480312794744388"
"exdqlm_univar_synth","draw_112",1748,"2022-01-08","forecast","-0.644618074979022"
"exdqlm_univar_synth","draw_112",1748,"2022-01-09","forecast","-1.01678965126115"
"exdqlm_univar_synth","draw_112",1748,"2022-01-10","forecast","-0.784664133174351"
"exdqlm_univar_synth","draw_112",1748,"2022-01-11","forecast","-1.09947763837410"
"exdqlm_univar_synth","draw_112",1748,"2022-01-12","forecast","-1.38946360685259"
"exdqlm_univar_synth","draw_112",1748,"2022-01-13","forecast","-1.21212126716594"
"exdqlm_univar_synth","draw_112",1748,"2022-01-14","forecast","-1.04620916152134"
"exdqlm_univar_synth","draw_112",1748,"2022-01-15","forecast","-1.17115193530730"
"exdqlm_univar_synth","draw_112",1748,"2022-01-16","forecast","-1.12623397055584"
"exdqlm_univar_synth","draw_112",1748,"2022-01-17","forecast","-0.938492310203617"
"exdqlm_univar_synth","draw_112",1748,"2022-01-18","forecast","-0.895632080494853"
"exdqlm_univar_synth","draw_113",1764,"2021-12-22","forecast","0.380376784199907"
"exdqlm_univar_synth","draw_113",1764,"2021-12-23","forecast","0.920126793167663"
"exdqlm_univar_synth","draw_113",1764,"2021-12-24","forecast","0.725870853632075"
"exdqlm_univar_synth","draw_113",1764,"2021-12-25","forecast","0.458721929374759"
"exdqlm_univar_synth","draw_113",1764,"2021-12-26","forecast","0.389934305552428"
"exdqlm_univar_synth","draw_113",1764,"2021-12-27","forecast","0.275593533279868"
"exdqlm_univar_synth","draw_113",1764,"2021-12-28","forecast","-0.478749413844009"
"exdqlm_univar_synth","draw_113",1764,"2021-12-29","forecast","-0.0511756308459627"
"exdqlm_univar_synth","draw_113",1764,"2021-12-30","forecast","-0.0863017187457443"
"exdqlm_univar_synth","draw_113",1764,"2021-12-31","forecast","-0.571768213987787"
"exdqlm_univar_synth","draw_113",1764,"2022-01-01","forecast","-0.516687521474973"
"exdqlm_univar_synth","draw_113",1764,"2022-01-02","forecast","-0.558004735721852"
"exdqlm_univar_synth","draw_113",1764,"2022-01-03","forecast","-0.872046582380598"
"exdqlm_univar_synth","draw_113",1764,"2022-01-04","forecast","-0.634941846413451"
"exdqlm_univar_synth","draw_113",1764,"2022-01-05","forecast","-0.356127078237150"
"exdqlm_univar_synth","draw_113",1764,"2022-01-06","forecast","-0.394659353544209"
"exdqlm_univar_synth","draw_113",1764,"2022-01-07","forecast","-0.481662990591095"
"exdqlm_univar_synth","draw_113",1764,"2022-01-08","forecast","-1.39070088803119"
"exdqlm_univar_synth","draw_113",1764,"2022-01-09","forecast","-0.819199598679829"
"exdqlm_univar_synth","draw_113",1764,"2022-01-10","forecast","-0.781758285556224"
"exdqlm_univar_synth","draw_113",1764,"2022-01-11","forecast","-0.761755413196957"
"exdqlm_univar_synth","draw_113",1764,"2022-01-12","forecast","-1.44462373661490"
"exdqlm_univar_synth","draw_113",1764,"2022-01-13","forecast","-0.818762326070831"
"exdqlm_univar_synth","draw_113",1764,"2022-01-14","forecast","-1.13972762532829"
"exdqlm_univar_synth","draw_113",1764,"2022-01-15","forecast","-1.20695981941192"
"exdqlm_univar_synth","draw_113",1764,"2022-01-16","forecast","-0.931245330461032"
"exdqlm_univar_synth","draw_113",1764,"2022-01-17","forecast","-1.31353102650233"
"exdqlm_univar_synth","draw_113",1764,"2022-01-18","forecast","-1.18128498466345"
"exdqlm_univar_synth","draw_114",1780,"2021-12-22","forecast","0.437192636917783"
"exdqlm_univar_synth","draw_114",1780,"2021-12-23","forecast","1.33714386076096"
"exdqlm_univar_synth","draw_114",1780,"2021-12-24","forecast","0.978796864953181"
"exdqlm_univar_synth","draw_114",1780,"2021-12-25","forecast","0.606288970301847"
"exdqlm_univar_synth","draw_114",1780,"2021-12-26","forecast","0.0965272059336911"
"exdqlm_univar_synth","draw_114",1780,"2021-12-27","forecast","0.0673508052955295"
"exdqlm_univar_synth","draw_114",1780,"2021-12-28","forecast","-0.542873615609439"
"exdqlm_univar_synth","draw_114",1780,"2021-12-29","forecast","-0.143621791072584"
"exdqlm_univar_synth","draw_114",1780,"2021-12-30","forecast","-0.0108110802911223"
"exdqlm_univar_synth","draw_114",1780,"2021-12-31","forecast","-0.298621585831097"
"exdqlm_univar_synth","draw_114",1780,"2022-01-01","forecast","-0.509739864692222"
"exdqlm_univar_synth","draw_114",1780,"2022-01-02","forecast","-1.06391933426426"
"exdqlm_univar_synth","draw_114",1780,"2022-01-03","forecast","-1.17032910619264"
"exdqlm_univar_synth","draw_114",1780,"2022-01-04","forecast","-0.231174703150561"
"exdqlm_univar_synth","draw_114",1780,"2022-01-05","forecast","-0.134129111681256"
"exdqlm_univar_synth","draw_114",1780,"2022-01-06","forecast","-0.395738518509950"
"exdqlm_univar_synth","draw_114",1780,"2022-01-07","forecast","-0.769153923837417"
"exdqlm_univar_synth","draw_114",1780,"2022-01-08","forecast","-0.643663790553826"
"exdqlm_univar_synth","draw_114",1780,"2022-01-09","forecast","-1.09606384086715"
"exdqlm_univar_synth","draw_114",1780,"2022-01-10","forecast","-1.10379846086468"
"exdqlm_univar_synth","draw_114",1780,"2022-01-11","forecast","-0.770556407014174"
"exdqlm_univar_synth","draw_114",1780,"2022-01-12","forecast","-1.02057299785927"
"exdqlm_univar_synth","draw_114",1780,"2022-01-13","forecast","-0.817086816027845"
"exdqlm_univar_synth","draw_114",1780,"2022-01-14","forecast","-0.916218247464479"
"exdqlm_univar_synth","draw_114",1780,"2022-01-15","forecast","-1.16627759381135"
"exdqlm_univar_synth","draw_114",1780,"2022-01-16","forecast","-1.25923432982741"
"exdqlm_univar_synth","draw_114",1780,"2022-01-17","forecast","-1.03525900839274"
"exdqlm_univar_synth","draw_114",1780,"2022-01-18","forecast","-1.02398771228676"
"exdqlm_univar_synth","draw_115",1795,"2021-12-22","forecast","0.0571850152112038"
"exdqlm_univar_synth","draw_115",1795,"2021-12-23","forecast","0.701238999357007"
"exdqlm_univar_synth","draw_115",1795,"2021-12-24","forecast","0.407886998051939"
"exdqlm_univar_synth","draw_115",1795,"2021-12-25","forecast","-0.0497558544218716"
"exdqlm_univar_synth","draw_115",1795,"2021-12-26","forecast","0.590652006923099"
"exdqlm_univar_synth","draw_115",1795,"2021-12-27","forecast","-0.155832245629601"
"exdqlm_univar_synth","draw_115",1795,"2021-12-28","forecast","-0.0982098132383620"
"exdqlm_univar_synth","draw_115",1795,"2021-12-29","forecast","-0.643007721476554"
"exdqlm_univar_synth","draw_115",1795,"2021-12-30","forecast","-0.122923123102523"
"exdqlm_univar_synth","draw_115",1795,"2021-12-31","forecast","-0.299986334514242"
"exdqlm_univar_synth","draw_115",1795,"2022-01-01","forecast","-0.579610594098115"
"exdqlm_univar_synth","draw_115",1795,"2022-01-02","forecast","-0.558847804793519"
"exdqlm_univar_synth","draw_115",1795,"2022-01-03","forecast","-0.710344211815774"
"exdqlm_univar_synth","draw_115",1795,"2022-01-04","forecast","-0.230116141585277"
"exdqlm_univar_synth","draw_115",1795,"2022-01-05","forecast","-0.357595358652530"
"exdqlm_univar_synth","draw_115",1795,"2022-01-06","forecast","-0.836704734786425"
"exdqlm_univar_synth","draw_115",1795,"2022-01-07","forecast","-0.476514862124523"
"exdqlm_univar_synth","draw_115",1795,"2022-01-08","forecast","-0.942047712075996"
"exdqlm_univar_synth","draw_115",1795,"2022-01-09","forecast","-0.809792331713454"
"exdqlm_univar_synth","draw_115",1795,"2022-01-10","forecast","-0.788288874633030"
"exdqlm_univar_synth","draw_115",1795,"2022-01-11","forecast","-0.766666157236209"
"exdqlm_univar_synth","draw_115",1795,"2022-01-12","forecast","-0.987715068197269"
"exdqlm_univar_synth","draw_115",1795,"2022-01-13","forecast","-1.05490011891436"
"exdqlm_univar_synth","draw_115",1795,"2022-01-14","forecast","-0.916980347934461"
"exdqlm_univar_synth","draw_115",1795,"2022-01-15","forecast","-0.947260349421963"
"exdqlm_univar_synth","draw_115",1795,"2022-01-16","forecast","-1.06595758379249"
"exdqlm_univar_synth","draw_115",1795,"2022-01-17","forecast","-0.938060172417482"
"exdqlm_univar_synth","draw_115",1795,"2022-01-18","forecast","-1.31590189221418"
"exdqlm_univar_synth","draw_116",1811,"2021-12-22","forecast","0.0807080962583530"
"exdqlm_univar_synth","draw_116",1811,"2021-12-23","forecast","0.817036311277958"
"exdqlm_univar_synth","draw_116",1811,"2021-12-24","forecast","0.564194625790739"
"exdqlm_univar_synth","draw_116",1811,"2021-12-25","forecast","0.452805416882576"
"exdqlm_univar_synth","draw_116",1811,"2021-12-26","forecast","0.593996856433408"
"exdqlm_univar_synth","draw_116",1811,"2021-12-27","forecast","0.287364217503086"
"exdqlm_univar_synth","draw_116",1811,"2021-12-28","forecast","-0.106977010333666"
"exdqlm_univar_synth","draw_116",1811,"2021-12-29","forecast","0.0345885264960499"
"exdqlm_univar_synth","draw_116",1811,"2021-12-30","forecast","-0.0859844397780850"
"exdqlm_univar_synth","draw_116",1811,"2021-12-31","forecast","-0.303825818862042"
"exdqlm_univar_synth","draw_116",1811,"2022-01-01","forecast","-0.520419840867558"
"exdqlm_univar_synth","draw_116",1811,"2022-01-02","forecast","-0.832577516728896"
"exdqlm_univar_synth","draw_116",1811,"2022-01-03","forecast","-0.727948024014487"
"exdqlm_univar_synth","draw_116",1811,"2022-01-04","forecast","-0.534901251309110"
"exdqlm_univar_synth","draw_116",1811,"2022-01-05","forecast","-0.295531881799330"
"exdqlm_univar_synth","draw_116",1811,"2022-01-06","forecast","-0.356824288547694"
"exdqlm_univar_synth","draw_116",1811,"2022-01-07","forecast","-0.482259412320610"
"exdqlm_univar_synth","draw_116",1811,"2022-01-08","forecast","-0.584404039945543"
"exdqlm_univar_synth","draw_116",1811,"2022-01-09","forecast","-1.31010890992563"
"exdqlm_univar_synth","draw_116",1811,"2022-01-10","forecast","-0.792734348039250"
"exdqlm_univar_synth","draw_116",1811,"2022-01-11","forecast","-0.764541454905549"
"exdqlm_univar_synth","draw_116",1811,"2022-01-12","forecast","-1.40710786601928"
"exdqlm_univar_synth","draw_116",1811,"2022-01-13","forecast","-0.799702231126109"
"exdqlm_univar_synth","draw_116",1811,"2022-01-14","forecast","-0.843472453112190"
"exdqlm_univar_synth","draw_116",1811,"2022-01-15","forecast","-1.37422259744432"
"exdqlm_univar_synth","draw_116",1811,"2022-01-16","forecast","-0.931180305670800"
"exdqlm_univar_synth","draw_116",1811,"2022-01-17","forecast","-0.937962288910258"
"exdqlm_univar_synth","draw_116",1811,"2022-01-18","forecast","-0.931963470661850"
"exdqlm_univar_synth","draw_117",1827,"2021-12-22","forecast","0.261340661442048"
"exdqlm_univar_synth","draw_117",1827,"2021-12-23","forecast","0.579388155764745"
"exdqlm_univar_synth","draw_117",1827,"2021-12-24","forecast","0.528688449482487"
"exdqlm_univar_synth","draw_117",1827,"2021-12-25","forecast","0.167743705538290"
"exdqlm_univar_synth","draw_117",1827,"2021-12-26","forecast","0.422226000704742"
"exdqlm_univar_synth","draw_117",1827,"2021-12-27","forecast","0.211444666562870"
"exdqlm_univar_synth","draw_117",1827,"2021-12-28","forecast","-0.0303128098233575"
"exdqlm_univar_synth","draw_117",1827,"2021-12-29","forecast","0.191894042765630"
"exdqlm_univar_synth","draw_117",1827,"2021-12-30","forecast","-0.370762805522300"
"exdqlm_univar_synth","draw_117",1827,"2021-12-31","forecast","-0.291789315315916"
"exdqlm_univar_synth","draw_117",1827,"2022-01-01","forecast","-1.01691055431395"
"exdqlm_univar_synth","draw_117",1827,"2022-01-02","forecast","-0.753893095559316"
"exdqlm_univar_synth","draw_117",1827,"2022-01-03","forecast","-1.15135650910268"
"exdqlm_univar_synth","draw_117",1827,"2022-01-04","forecast","-0.236646967497547"
"exdqlm_univar_synth","draw_117",1827,"2022-01-05","forecast","-0.111234272137684"
"exdqlm_univar_synth","draw_117",1827,"2022-01-06","forecast","-0.695423809594961"
"exdqlm_univar_synth","draw_117",1827,"2022-01-07","forecast","-0.516883669883306"
"exdqlm_univar_synth","draw_117",1827,"2022-01-08","forecast","-0.648367592239880"
"exdqlm_univar_synth","draw_117",1827,"2022-01-09","forecast","-0.850600356928649"
"exdqlm_univar_synth","draw_117",1827,"2022-01-10","forecast","-1.25921375313342"
"exdqlm_univar_synth","draw_117",1827,"2022-01-11","forecast","-0.767406117246738"
"exdqlm_univar_synth","draw_117",1827,"2022-01-12","forecast","-1.28301345300167"
"exdqlm_univar_synth","draw_117",1827,"2022-01-13","forecast","-0.821148522569139"
"exdqlm_univar_synth","draw_117",1827,"2022-01-14","forecast","-0.925187762264823"
"exdqlm_univar_synth","draw_117",1827,"2022-01-15","forecast","-0.854005604326015"
"exdqlm_univar_synth","draw_117",1827,"2022-01-16","forecast","-0.944042902347323"
"exdqlm_univar_synth","draw_117",1827,"2022-01-17","forecast","-1.22414101070328"
"exdqlm_univar_synth","draw_117",1827,"2022-01-18","forecast","-0.894600379667305"
"exdqlm_univar_synth","draw_118",1843,"2021-12-22","forecast","0.0667413124267382"
"exdqlm_univar_synth","draw_118",1843,"2021-12-23","forecast","0.474507757544158"
"exdqlm_univar_synth","draw_118",1843,"2021-12-24","forecast","0.290366645324546"
"exdqlm_univar_synth","draw_118",1843,"2021-12-25","forecast","0.264654155903110"
"exdqlm_univar_synth","draw_118",1843,"2021-12-26","forecast","0.596589993890126"
"exdqlm_univar_synth","draw_118",1843,"2021-12-27","forecast","0.307613550638475"
"exdqlm_univar_synth","draw_118",1843,"2021-12-28","forecast","-0.0760136954479288"
"exdqlm_univar_synth","draw_118",1843,"2021-12-29","forecast","-0.309661325578457"
"exdqlm_univar_synth","draw_118",1843,"2021-12-30","forecast","-0.114064007510857"
"exdqlm_univar_synth","draw_118",1843,"2021-12-31","forecast","-0.283402822257444"
"exdqlm_univar_synth","draw_118",1843,"2022-01-01","forecast","-0.965981529492698"
"exdqlm_univar_synth","draw_118",1843,"2022-01-02","forecast","-0.552791799158926"
"exdqlm_univar_synth","draw_118",1843,"2022-01-03","forecast","-0.712505334030131"
"exdqlm_univar_synth","draw_118",1843,"2022-01-04","forecast","-0.616864538903265"
"exdqlm_univar_synth","draw_118",1843,"2022-01-05","forecast","-0.0352992043472586"
"exdqlm_univar_synth","draw_118",1843,"2022-01-06","forecast","-0.944152930691662"
"exdqlm_univar_synth","draw_118",1843,"2022-01-07","forecast","-0.847736861285471"
"exdqlm_univar_synth","draw_118",1843,"2022-01-08","forecast","-0.892530394034352"
"exdqlm_univar_synth","draw_118",1843,"2022-01-09","forecast","-0.822005503649726"
"exdqlm_univar_synth","draw_118",1843,"2022-01-10","forecast","-1.16111437505704"
"exdqlm_univar_synth","draw_118",1843,"2022-01-11","forecast","-0.761876371127421"
"exdqlm_univar_synth","draw_118",1843,"2022-01-12","forecast","-1.38088581801569"
"exdqlm_univar_synth","draw_118",1843,"2022-01-13","forecast","-0.849732202059374"
"exdqlm_univar_synth","draw_118",1843,"2022-01-14","forecast","-1.41074903166688"
"exdqlm_univar_synth","draw_118",1843,"2022-01-15","forecast","-0.828643767178575"
"exdqlm_univar_synth","draw_118",1843,"2022-01-16","forecast","-0.928558851642020"
"exdqlm_univar_synth","draw_118",1843,"2022-01-17","forecast","-1.00322564062151"
"exdqlm_univar_synth","draw_118",1843,"2022-01-18","forecast","-1.22099160616679"
"exdqlm_univar_synth","draw_119",1858,"2021-12-22","forecast","0.359896987367058"
"exdqlm_univar_synth","draw_119",1858,"2021-12-23","forecast","0.525185913443434"
"exdqlm_univar_synth","draw_119",1858,"2021-12-24","forecast","0.729070458461376"
"exdqlm_univar_synth","draw_119",1858,"2021-12-25","forecast","0.346975028574924"
"exdqlm_univar_synth","draw_119",1858,"2021-12-26","forecast","0.303412211018124"
"exdqlm_univar_synth","draw_119",1858,"2021-12-27","forecast","-0.223486467685655"
"exdqlm_univar_synth","draw_119",1858,"2021-12-28","forecast","-0.292785789097527"
"exdqlm_univar_synth","draw_119",1858,"2021-12-29","forecast","-0.496140488370444"
"exdqlm_univar_synth","draw_119",1858,"2021-12-30","forecast","-0.649135974088157"
"exdqlm_univar_synth","draw_119",1858,"2021-12-31","forecast","-0.677444594513565"
"exdqlm_univar_synth","draw_119",1858,"2022-01-01","forecast","-0.428312838031835"
"exdqlm_univar_synth","draw_119",1858,"2022-01-02","forecast","-0.559513162148630"
"exdqlm_univar_synth","draw_119",1858,"2022-01-03","forecast","-1.02411801381225"
"exdqlm_univar_synth","draw_119",1858,"2022-01-04","forecast","-0.177707458827651"
"exdqlm_univar_synth","draw_119",1858,"2022-01-05","forecast","-0.656476280795490"
"exdqlm_univar_synth","draw_119",1858,"2022-01-06","forecast","-0.395837011240197"
"exdqlm_univar_synth","draw_119",1858,"2022-01-07","forecast","-1.07368144611147"
"exdqlm_univar_synth","draw_119",1858,"2022-01-08","forecast","-0.644268053174066"
"exdqlm_univar_synth","draw_119",1858,"2022-01-09","forecast","-0.917561187443737"
"exdqlm_univar_synth","draw_119",1858,"2022-01-10","forecast","-1.42500476098812"
"exdqlm_univar_synth","draw_119",1858,"2022-01-11","forecast","-0.764400279081281"
"exdqlm_univar_synth","draw_119",1858,"2022-01-12","forecast","-0.994721652230160"
"exdqlm_univar_synth","draw_119",1858,"2022-01-13","forecast","-0.801777176061041"
"exdqlm_univar_synth","draw_119",1858,"2022-01-14","forecast","-0.879151332085325"
"exdqlm_univar_synth","draw_119",1858,"2022-01-15","forecast","-1.33290509060079"
"exdqlm_univar_synth","draw_119",1858,"2022-01-16","forecast","-0.993538278449350"
"exdqlm_univar_synth","draw_119",1858,"2022-01-17","forecast","-1.21709960015981"
"exdqlm_univar_synth","draw_119",1858,"2022-01-18","forecast","-0.893763071864194"
"exdqlm_univar_synth","draw_120",1874,"2021-12-22","forecast","0.207054663568253"
"exdqlm_univar_synth","draw_120",1874,"2021-12-23","forecast","0.526106238868397"
"exdqlm_univar_synth","draw_120",1874,"2021-12-24","forecast","0.880925401130962"
"exdqlm_univar_synth","draw_120",1874,"2021-12-25","forecast","0.0516055314572132"
"exdqlm_univar_synth","draw_120",1874,"2021-12-26","forecast","0.0391284684963082"
"exdqlm_univar_synth","draw_120",1874,"2021-12-27","forecast","0.156457106464113"
"exdqlm_univar_synth","draw_120",1874,"2021-12-28","forecast","-0.0754905263777974"
"exdqlm_univar_synth","draw_120",1874,"2021-12-29","forecast","0.0263329550187971"
"exdqlm_univar_synth","draw_120",1874,"2021-12-30","forecast","-0.0277371085032380"
"exdqlm_univar_synth","draw_120",1874,"2021-12-31","forecast","-0.645466162388386"
"exdqlm_univar_synth","draw_120",1874,"2022-01-01","forecast","-0.512099696995485"
"exdqlm_univar_synth","draw_120",1874,"2022-01-02","forecast","-1.05005998176528"
"exdqlm_univar_synth","draw_120",1874,"2022-01-03","forecast","-0.746594843993416"
"exdqlm_univar_synth","draw_120",1874,"2022-01-04","forecast","-0.218219423465007"
"exdqlm_univar_synth","draw_120",1874,"2022-01-05","forecast","-0.0702472461508658"
"exdqlm_univar_synth","draw_120",1874,"2022-01-06","forecast","-0.393809984322210"
"exdqlm_univar_synth","draw_120",1874,"2022-01-07","forecast","-0.835940134099885"
"exdqlm_univar_synth","draw_120",1874,"2022-01-08","forecast","-0.756991486260240"
"exdqlm_univar_synth","draw_120",1874,"2022-01-09","forecast","-1.40078013474242"
"exdqlm_univar_synth","draw_120",1874,"2022-01-10","forecast","-1.02301559554825"
"exdqlm_univar_synth","draw_120",1874,"2022-01-11","forecast","-0.763804882607855"
"exdqlm_univar_synth","draw_120",1874,"2022-01-12","forecast","-1.38458518511092"
"exdqlm_univar_synth","draw_120",1874,"2022-01-13","forecast","-0.802622703577590"
"exdqlm_univar_synth","draw_120",1874,"2022-01-14","forecast","-1.30184865004045"
"exdqlm_univar_synth","draw_120",1874,"2022-01-15","forecast","-0.828694536855752"
"exdqlm_univar_synth","draw_120",1874,"2022-01-16","forecast","-1.00494033328915"
"exdqlm_univar_synth","draw_120",1874,"2022-01-17","forecast","-1.29121624543017"
"exdqlm_univar_synth","draw_120",1874,"2022-01-18","forecast","-1.42997874662648"
"exdqlm_univar_synth","draw_121",1890,"2021-12-22","forecast","0.0675406901000301"
"exdqlm_univar_synth","draw_121",1890,"2021-12-23","forecast","1.08833572168119"
"exdqlm_univar_synth","draw_121",1890,"2021-12-24","forecast","0.815704654817886"
"exdqlm_univar_synth","draw_121",1890,"2021-12-25","forecast","0.599408375717296"
"exdqlm_univar_synth","draw_121",1890,"2021-12-26","forecast","0.665457192834348"
"exdqlm_univar_synth","draw_121",1890,"2021-12-27","forecast","0.139187079397674"
"exdqlm_univar_synth","draw_121",1890,"2021-12-28","forecast","-0.320990864365073"
"exdqlm_univar_synth","draw_121",1890,"2021-12-29","forecast","-0.525952180984930"
"exdqlm_univar_synth","draw_121",1890,"2021-12-30","forecast","-0.431514809442352"
"exdqlm_univar_synth","draw_121",1890,"2021-12-31","forecast","-0.297714823332292"
"exdqlm_univar_synth","draw_121",1890,"2022-01-01","forecast","-0.506869236744561"
"exdqlm_univar_synth","draw_121",1890,"2022-01-02","forecast","-0.720234183224056"
"exdqlm_univar_synth","draw_121",1890,"2022-01-03","forecast","-0.850390041336310"
"exdqlm_univar_synth","draw_121",1890,"2022-01-04","forecast","-0.644673333176710"
"exdqlm_univar_synth","draw_121",1890,"2022-01-05","forecast","-0.423503310056266"
"exdqlm_univar_synth","draw_121",1890,"2022-01-06","forecast","-0.285617414252064"
"exdqlm_univar_synth","draw_121",1890,"2022-01-07","forecast","-0.378739890958469"
"exdqlm_univar_synth","draw_121",1890,"2022-01-08","forecast","-0.890418241621789"
"exdqlm_univar_synth","draw_121",1890,"2022-01-09","forecast","-1.17469051651123"
"exdqlm_univar_synth","draw_121",1890,"2022-01-10","forecast","-1.01693018325736"
"exdqlm_univar_synth","draw_121",1890,"2022-01-11","forecast","-0.770299269490294"
"exdqlm_univar_synth","draw_121",1890,"2022-01-12","forecast","-0.983785171308638"
"exdqlm_univar_synth","draw_121",1890,"2022-01-13","forecast","-0.804584964610256"
"exdqlm_univar_synth","draw_121",1890,"2022-01-14","forecast","-1.14148157133211"
"exdqlm_univar_synth","draw_121",1890,"2022-01-15","forecast","-0.979465102963053"
"exdqlm_univar_synth","draw_121",1890,"2022-01-16","forecast","-0.930816026314912"
"exdqlm_univar_synth","draw_121",1890,"2022-01-17","forecast","-1.39254836867247"
"exdqlm_univar_synth","draw_121",1890,"2022-01-18","forecast","-0.893866590965245"
"exdqlm_univar_synth","draw_122",1906,"2021-12-22","forecast","0.0507771657747769"
"exdqlm_univar_synth","draw_122",1906,"2021-12-23","forecast","0.601800864682009"
"exdqlm_univar_synth","draw_122",1906,"2021-12-24","forecast","0.512947264845786"
"exdqlm_univar_synth","draw_122",1906,"2021-12-25","forecast","0.361732179836614"
"exdqlm_univar_synth","draw_122",1906,"2021-12-26","forecast","0.594391487601754"
"exdqlm_univar_synth","draw_122",1906,"2021-12-27","forecast","-0.230885795855614"
"exdqlm_univar_synth","draw_122",1906,"2021-12-28","forecast","-0.494223934152981"
"exdqlm_univar_synth","draw_122",1906,"2021-12-29","forecast","0.0998043908675997"
"exdqlm_univar_synth","draw_122",1906,"2021-12-30","forecast","-0.114213016149145"
"exdqlm_univar_synth","draw_122",1906,"2021-12-31","forecast","-0.297236278767141"
"exdqlm_univar_synth","draw_122",1906,"2022-01-01","forecast","-0.508473501410932"
"exdqlm_univar_synth","draw_122",1906,"2022-01-02","forecast","-0.554098245954942"
"exdqlm_univar_synth","draw_122",1906,"2022-01-03","forecast","-0.720844157463830"
"exdqlm_univar_synth","draw_122",1906,"2022-01-04","forecast","-0.217736615576692"
"exdqlm_univar_synth","draw_122",1906,"2022-01-05","forecast","-0.375879571324905"
"exdqlm_univar_synth","draw_122",1906,"2022-01-06","forecast","-0.776355435084606"
"exdqlm_univar_synth","draw_122",1906,"2022-01-07","forecast","-0.478433686707620"
"exdqlm_univar_synth","draw_122",1906,"2022-01-08","forecast","-0.786852227966944"
"exdqlm_univar_synth","draw_122",1906,"2022-01-09","forecast","-0.808954551271293"
"exdqlm_univar_synth","draw_122",1906,"2022-01-10","forecast","-1.28258626801441"
"exdqlm_univar_synth","draw_122",1906,"2022-01-11","forecast","-0.775064235932781"
"exdqlm_univar_synth","draw_122",1906,"2022-01-12","forecast","-0.993758520641150"
"exdqlm_univar_synth","draw_122",1906,"2022-01-13","forecast","-0.960126769993937"
"exdqlm_univar_synth","draw_122",1906,"2022-01-14","forecast","-0.924769671334872"
"exdqlm_univar_synth","draw_122",1906,"2022-01-15","forecast","-1.08135913676134"
"exdqlm_univar_synth","draw_122",1906,"2022-01-16","forecast","-1.33875707981586"
"exdqlm_univar_synth","draw_122",1906,"2022-01-17","forecast","-0.937782655880112"
"exdqlm_univar_synth","draw_122",1906,"2022-01-18","forecast","-0.898257235216795"
"exdqlm_univar_synth","draw_123",1921,"2021-12-22","forecast","0.395378533631137"
"exdqlm_univar_synth","draw_123",1921,"2021-12-23","forecast","0.988354138039215"
"exdqlm_univar_synth","draw_123",1921,"2021-12-24","forecast","0.531189833991639"
"exdqlm_univar_synth","draw_123",1921,"2021-12-25","forecast","0.0755534974972529"
"exdqlm_univar_synth","draw_123",1921,"2021-12-26","forecast","-0.0137380357286677"
"exdqlm_univar_synth","draw_123",1921,"2021-12-27","forecast","0.0978664635956155"
"exdqlm_univar_synth","draw_123",1921,"2021-12-28","forecast","0.0848080939114668"
"exdqlm_univar_synth","draw_123",1921,"2021-12-29","forecast","-0.542332193704959"
"exdqlm_univar_synth","draw_123",1921,"2021-12-30","forecast","-0.307228727913921"
"exdqlm_univar_synth","draw_123",1921,"2021-12-31","forecast","-0.337418615252205"
"exdqlm_univar_synth","draw_123",1921,"2022-01-01","forecast","-0.772228214220304"
"exdqlm_univar_synth","draw_123",1921,"2022-01-02","forecast","-0.662349321357913"
"exdqlm_univar_synth","draw_123",1921,"2022-01-03","forecast","-1.13879051273748"
"exdqlm_univar_synth","draw_123",1921,"2022-01-04","forecast","-0.563807393756084"
"exdqlm_univar_synth","draw_123",1921,"2022-01-05","forecast","-0.0725590366803467"
"exdqlm_univar_synth","draw_123",1921,"2022-01-06","forecast","-0.394076784647557"
"exdqlm_univar_synth","draw_123",1921,"2022-01-07","forecast","-0.537140894138468"
"exdqlm_univar_synth","draw_123",1921,"2022-01-08","forecast","-0.646783667697747"
"exdqlm_univar_synth","draw_123",1921,"2022-01-09","forecast","-0.928759305142341"
"exdqlm_univar_synth","draw_123",1921,"2022-01-10","forecast","-0.783556288994775"
"exdqlm_univar_synth","draw_123",1921,"2022-01-11","forecast","-1.03602626738763"
"exdqlm_univar_synth","draw_123",1921,"2022-01-12","forecast","-0.986989307645401"
"exdqlm_univar_synth","draw_123",1921,"2022-01-13","forecast","-0.800105221462588"
"exdqlm_univar_synth","draw_123",1921,"2022-01-14","forecast","-0.917938206929146"
"exdqlm_univar_synth","draw_123",1921,"2022-01-15","forecast","-1.44420583528031"
"exdqlm_univar_synth","draw_123",1921,"2022-01-16","forecast","-1.23753080776951"
"exdqlm_univar_synth","draw_123",1921,"2022-01-17","forecast","-0.937671968186538"
"exdqlm_univar_synth","draw_123",1921,"2022-01-18","forecast","-0.905434364557162"
"exdqlm_univar_synth","draw_124",1937,"2021-12-22","forecast","0.329662081779787"
"exdqlm_univar_synth","draw_124",1937,"2021-12-23","forecast","1.19977291292082"
"exdqlm_univar_synth","draw_124",1937,"2021-12-24","forecast","0.754304952553899"
"exdqlm_univar_synth","draw_124",1937,"2021-12-25","forecast","0.857487218377203"
"exdqlm_univar_synth","draw_124",1937,"2021-12-26","forecast","0.678524082878411"
"exdqlm_univar_synth","draw_124",1937,"2021-12-27","forecast","0.119434588638687"
"exdqlm_univar_synth","draw_124",1937,"2021-12-28","forecast","-0.476655535250993"
"exdqlm_univar_synth","draw_124",1937,"2021-12-29","forecast","0.0906850548644443"
"exdqlm_univar_synth","draw_124",1937,"2021-12-30","forecast","-0.380195627273408"
"exdqlm_univar_synth","draw_124",1937,"2021-12-31","forecast","-0.334963906791221"
"exdqlm_univar_synth","draw_124",1937,"2022-01-01","forecast","-0.598642694536329"
"exdqlm_univar_synth","draw_124",1937,"2022-01-02","forecast","-0.543032779774170"
"exdqlm_univar_synth","draw_124",1937,"2022-01-03","forecast","-0.722430412398740"
"exdqlm_univar_synth","draw_124",1937,"2022-01-04","forecast","-0.0969933880901746"
"exdqlm_univar_synth","draw_124",1937,"2022-01-05","forecast","-0.405006072340200"
"exdqlm_univar_synth","draw_124",1937,"2022-01-06","forecast","-0.931192916946118"
"exdqlm_univar_synth","draw_124",1937,"2022-01-07","forecast","-0.479351290069293"
"exdqlm_univar_synth","draw_124",1937,"2022-01-08","forecast","-1.10372165644767"
"exdqlm_univar_synth","draw_124",1937,"2022-01-09","forecast","-0.820289496625485"
"exdqlm_univar_synth","draw_124",1937,"2022-01-10","forecast","-1.08715884836261"
"exdqlm_univar_synth","draw_124",1937,"2022-01-11","forecast","-1.24320764679104"
"exdqlm_univar_synth","draw_124",1937,"2022-01-12","forecast","-1.43736899769283"
"exdqlm_univar_synth","draw_124",1937,"2022-01-13","forecast","-1.02531245608777"
"exdqlm_univar_synth","draw_124",1937,"2022-01-14","forecast","-0.927209333104994"
"exdqlm_univar_synth","draw_124",1937,"2022-01-15","forecast","-0.830231111580019"
"exdqlm_univar_synth","draw_124",1937,"2022-01-16","forecast","-1.30227626083953"
"exdqlm_univar_synth","draw_124",1937,"2022-01-17","forecast","-1.24784272833869"
"exdqlm_univar_synth","draw_124",1937,"2022-01-18","forecast","-1.04893196007236"
"exdqlm_univar_synth","draw_125",1953,"2021-12-22","forecast","0.216466543105651"
"exdqlm_univar_synth","draw_125",1953,"2021-12-23","forecast","1.17310379431083"
"exdqlm_univar_synth","draw_125",1953,"2021-12-24","forecast","0.523759924988019"
"exdqlm_univar_synth","draw_125",1953,"2021-12-25","forecast","0.338679474762660"
"exdqlm_univar_synth","draw_125",1953,"2021-12-26","forecast","0.501384768305046"
"exdqlm_univar_synth","draw_125",1953,"2021-12-27","forecast","0.0450132116265121"
"exdqlm_univar_synth","draw_125",1953,"2021-12-28","forecast","-0.472459201562155"
"exdqlm_univar_synth","draw_125",1953,"2021-12-29","forecast","-0.252236797951570"
"exdqlm_univar_synth","draw_125",1953,"2021-12-30","forecast","-0.769078587479896"
"exdqlm_univar_synth","draw_125",1953,"2021-12-31","forecast","-0.516255073020152"
"exdqlm_univar_synth","draw_125",1953,"2022-01-01","forecast","-0.623145248427331"
"exdqlm_univar_synth","draw_125",1953,"2022-01-02","forecast","-0.558477177866862"
"exdqlm_univar_synth","draw_125",1953,"2022-01-03","forecast","-0.971051631524682"
"exdqlm_univar_synth","draw_125",1953,"2022-01-04","forecast","-0.454167604099838"
"exdqlm_univar_synth","draw_125",1953,"2022-01-05","forecast","-0.615262469711071"
"exdqlm_univar_synth","draw_125",1953,"2022-01-06","forecast","-0.659056364237083"
"exdqlm_univar_synth","draw_125",1953,"2022-01-07","forecast","-0.499661597432208"
"exdqlm_univar_synth","draw_125",1953,"2022-01-08","forecast","-0.645838330919014"
"exdqlm_univar_synth","draw_125",1953,"2022-01-09","forecast","-0.820299783987131"
"exdqlm_univar_synth","draw_125",1953,"2022-01-10","forecast","-0.801871389582359"
"exdqlm_univar_synth","draw_125",1953,"2022-01-11","forecast","-0.780648380078868"
"exdqlm_univar_synth","draw_125",1953,"2022-01-12","forecast","-0.984757411588728"
"exdqlm_univar_synth","draw_125",1953,"2022-01-13","forecast","-0.801290833961929"
"exdqlm_univar_synth","draw_125",1953,"2022-01-14","forecast","-0.923272416176433"
"exdqlm_univar_synth","draw_125",1953,"2022-01-15","forecast","-0.831549034297720"
"exdqlm_univar_synth","draw_125",1953,"2022-01-16","forecast","-1.42912003555568"
"exdqlm_univar_synth","draw_125",1953,"2022-01-17","forecast","-1.42743344294785"
"exdqlm_univar_synth","draw_125",1953,"2022-01-18","forecast","-0.894605307901818"
"exdqlm_univar_synth","draw_126",1969,"2021-12-22","forecast","0.0108856665938472"
"exdqlm_univar_synth","draw_126",1969,"2021-12-23","forecast","0.724637152832260"
"exdqlm_univar_synth","draw_126",1969,"2021-12-24","forecast","0.388110240630253"
"exdqlm_univar_synth","draw_126",1969,"2021-12-25","forecast","-0.0346294694256189"
"exdqlm_univar_synth","draw_126",1969,"2021-12-26","forecast","-0.126184822039078"
"exdqlm_univar_synth","draw_126",1969,"2021-12-27","forecast","0.175357770873131"
"exdqlm_univar_synth","draw_126",1969,"2021-12-28","forecast","-0.00535087315316550"
"exdqlm_univar_synth","draw_126",1969,"2021-12-29","forecast","0.0334465018301019"
"exdqlm_univar_synth","draw_126",1969,"2021-12-30","forecast","-0.0858218742108794"
"exdqlm_univar_synth","draw_126",1969,"2021-12-31","forecast","-0.298018939417274"
"exdqlm_univar_synth","draw_126",1969,"2022-01-01","forecast","-0.809300398795190"
"exdqlm_univar_synth","draw_126",1969,"2022-01-02","forecast","-0.603845164462241"
"exdqlm_univar_synth","draw_126",1969,"2022-01-03","forecast","-0.723941013027568"
"exdqlm_univar_synth","draw_126",1969,"2022-01-04","forecast","-0.722749249718459"
"exdqlm_univar_synth","draw_126",1969,"2022-01-05","forecast","-0.0689912445240393"
"exdqlm_univar_synth","draw_126",1969,"2022-01-06","forecast","-0.398961535897271"
"exdqlm_univar_synth","draw_126",1969,"2022-01-07","forecast","-0.847360583724649"
"exdqlm_univar_synth","draw_126",1969,"2022-01-08","forecast","-0.619647791449797"
"exdqlm_univar_synth","draw_126",1969,"2022-01-09","forecast","-1.09283096668556"
"exdqlm_univar_synth","draw_126",1969,"2022-01-10","forecast","-0.782636908432374"
"exdqlm_univar_synth","draw_126",1969,"2022-01-11","forecast","-0.883971293442010"
"exdqlm_univar_synth","draw_126",1969,"2022-01-12","forecast","-1.00120753689412"
"exdqlm_univar_synth","draw_126",1969,"2022-01-13","forecast","-0.832515641934994"
"exdqlm_univar_synth","draw_126",1969,"2022-01-14","forecast","-1.58765668626863"
"exdqlm_univar_synth","draw_126",1969,"2022-01-15","forecast","-1.37095039976656"
"exdqlm_univar_synth","draw_126",1969,"2022-01-16","forecast","-0.934074464693050"
"exdqlm_univar_synth","draw_126",1969,"2022-01-17","forecast","-0.943809418024133"
"exdqlm_univar_synth","draw_126",1969,"2022-01-18","forecast","-0.898843037410264"
"exdqlm_univar_synth","draw_127",1984,"2021-12-22","forecast","0.135339635168520"
"exdqlm_univar_synth","draw_127",1984,"2021-12-23","forecast","1.25575692753154"
"exdqlm_univar_synth","draw_127",1984,"2021-12-24","forecast","0.476069364554769"
"exdqlm_univar_synth","draw_127",1984,"2021-12-25","forecast","0.724268813426944"
"exdqlm_univar_synth","draw_127",1984,"2021-12-26","forecast","0.875841834704507"
"exdqlm_univar_synth","draw_127",1984,"2021-12-27","forecast","-0.398244260305053"
"exdqlm_univar_synth","draw_127",1984,"2021-12-28","forecast","-0.0717786256663105"
"exdqlm_univar_synth","draw_127",1984,"2021-12-29","forecast","-0.0938529372796273"
"exdqlm_univar_synth","draw_127",1984,"2021-12-30","forecast","-0.387832889715628"
"exdqlm_univar_synth","draw_127",1984,"2021-12-31","forecast","-0.311443304356048"
"exdqlm_univar_synth","draw_127",1984,"2022-01-01","forecast","-0.566286901575968"
"exdqlm_univar_synth","draw_127",1984,"2022-01-02","forecast","-0.610174613340717"
"exdqlm_univar_synth","draw_127",1984,"2022-01-03","forecast","-1.05044398334834"
"exdqlm_univar_synth","draw_127",1984,"2022-01-04","forecast","-0.503821786439789"
"exdqlm_univar_synth","draw_127",1984,"2022-01-05","forecast","-0.108626627566316"
"exdqlm_univar_synth","draw_127",1984,"2022-01-06","forecast","-0.698591862371053"
"exdqlm_univar_synth","draw_127",1984,"2022-01-07","forecast","-0.923903653633008"
"exdqlm_univar_synth","draw_127",1984,"2022-01-08","forecast","-0.655555737758967"
"exdqlm_univar_synth","draw_127",1984,"2022-01-09","forecast","-1.25088260429118"
"exdqlm_univar_synth","draw_127",1984,"2022-01-10","forecast","-1.07885714678445"
"exdqlm_univar_synth","draw_127",1984,"2022-01-11","forecast","-0.762601522826635"
"exdqlm_univar_synth","draw_127",1984,"2022-01-12","forecast","-0.983339000119067"
"exdqlm_univar_synth","draw_127",1984,"2022-01-13","forecast","-1.05192175340972"
"exdqlm_univar_synth","draw_127",1984,"2022-01-14","forecast","-1.30425580743306"
"exdqlm_univar_synth","draw_127",1984,"2022-01-15","forecast","-0.831472642764962"
"exdqlm_univar_synth","draw_127",1984,"2022-01-16","forecast","-1.15602236097156"
"exdqlm_univar_synth","draw_127",1984,"2022-01-17","forecast","-0.938792474525418"
"exdqlm_univar_synth","draw_127",1984,"2022-01-18","forecast","-0.997250029698873"
"exdqlm_univar_synth","draw_128",2000,"2021-12-22","forecast","0.0388722577486219"
"exdqlm_univar_synth","draw_128",2000,"2021-12-23","forecast","0.710634164714091"
"exdqlm_univar_synth","draw_128",2000,"2021-12-24","forecast","1.05145485535552"
"exdqlm_univar_synth","draw_128",2000,"2021-12-25","forecast","0.607727631922596"
"exdqlm_univar_synth","draw_128",2000,"2021-12-26","forecast","0.631239300945950"
"exdqlm_univar_synth","draw_128",2000,"2021-12-27","forecast","0.224021024600232"
"exdqlm_univar_synth","draw_128",2000,"2021-12-28","forecast","-0.593391603767275"
"exdqlm_univar_synth","draw_128",2000,"2021-12-29","forecast","-0.255793166665409"
"exdqlm_univar_synth","draw_128",2000,"2021-12-30","forecast","-0.0916039890297745"
"exdqlm_univar_synth","draw_128",2000,"2021-12-31","forecast","-0.451694299996003"
"exdqlm_univar_synth","draw_128",2000,"2022-01-01","forecast","-0.506055820623339"
"exdqlm_univar_synth","draw_128",2000,"2022-01-02","forecast","-0.629442242576202"
"exdqlm_univar_synth","draw_128",2000,"2022-01-03","forecast","-0.711438241830602"
"exdqlm_univar_synth","draw_128",2000,"2022-01-04","forecast","-0.275875625665853"
"exdqlm_univar_synth","draw_128",2000,"2022-01-05","forecast","-0.0885575615786158"
"exdqlm_univar_synth","draw_128",2000,"2022-01-06","forecast","-0.462266601390986"
"exdqlm_univar_synth","draw_128",2000,"2022-01-07","forecast","-0.905398062616584"
"exdqlm_univar_synth","draw_128",2000,"2022-01-08","forecast","-1.14683849950351"
"exdqlm_univar_synth","draw_128",2000,"2022-01-09","forecast","-1.06230934345815"
"exdqlm_univar_synth","draw_128",2000,"2022-01-10","forecast","-0.782357026022980"
"exdqlm_univar_synth","draw_128",2000,"2022-01-11","forecast","-1.18438371047016"
"exdqlm_univar_synth","draw_128",2000,"2022-01-12","forecast","-1.54448694908947"
"exdqlm_univar_synth","draw_128",2000,"2022-01-13","forecast","-1.11206039145398"
"exdqlm_univar_synth","draw_128",2000,"2022-01-14","forecast","-1.20198147238180"
"exdqlm_univar_synth","draw_128",2000,"2022-01-15","forecast","-0.721148782622702"
"exdqlm_univar_synth","draw_128",2000,"2022-01-16","forecast","-0.957013772577537"
"exdqlm_univar_synth","draw_128",2000,"2022-01-17","forecast","-0.943820706515600"
"exdqlm_univar_synth","draw_128",2000,"2022-01-18","forecast","-0.832865676052880"
